"Age","Education_Years","Department","Tenure_Years","Years_Current_Role","Base_Salary_Lakh","Annual_Bonus_Lakh","Job_Satisfaction","Manager_Support","Workload_Index","Work_Life_Balance","Training_Hours","Promotion_Last_3Y","Projects_Completed","Absenteeism_Days","Overtime_Hours","Remote_Work_Days","Engagement_Score","Attrition"
26,14,"Technology",2.4,2.2,7.06,1.34,2.2,2.9,82.8,1,21.9,0,6,6,16.3,2,2.27,"Yes"
31,15,"Technology",5.5,6.8,10.14,0.96,3.6,3.3,45.5,5,24.4,1,7,3,22.4,0,1.77,"No"
32,13,"Marketing",6.5,4.9,8.64,1.43,3.5,3.4,90.6,3.1,33.4,0,8,2,12.8,5,1.69,"No"
28,17,"Sales",3.1,1.9,9.67,1.29,3.5,3.3,77.8,3.9,74,0,11,6,21.5,5,3.94,"Yes"
34,18,"Finance",3.9,5.2,14.04,1.29,4.1,3.4,40.8,3,41.2,1,8,3,48.4,2,3.48,"No"
24,17,"Sales",18.2,4.8,24.18,3.05,4.4,2.8,59.9,2.6,16.8,1,8,2,61.1,1,4.78,"No"
29,15,"Finance",1,7,11,2.06,4.5,3.7,57.7,3.7,32.2,0,9,3,32.6,5,4.2,"No"
21,17,"Sales",6.8,4.4,7.87,0.6,3.2,3.8,62.2,1.4,29.9,0,9,6,23.9,4,3.39,"Yes"
38,18,"Operations",4.7,5,9.23,0.69,4.5,5,75.2,1.3,51.8,1,9,6,31.8,4,2.93,"No"
39,17,"Technology",0.3,1,6.63,1.23,3.1,3.3,19.3,4.1,42.7,0,9,4,31.9,2,2.32,"No"
34,18,"Finance",7.4,4.2,12.94,2.06,4.2,3.9,58.7,2.6,31.7,0,9,6,41,4,2.5,"No"
44,16,"HR",0.3,5.2,6.7,0.69,3.8,4.4,57.1,3,11.3,0,4,3,16.5,3,3.74,"No"
29,14,"Finance",25,9,36.22,6.86,3.7,3.2,64.3,2.2,42.1,1,14,2,21.3,3,3.91,"No"
34,17,"Operations",0.3,1.4,8.32,0.71,2.9,4.2,40.1,1.7,54,0,11,10,14.5,4,3.09,"No"
48,14,"Technology",9.3,5.5,13.89,2.59,3,1,53,1.1,21.7,1,6,3,46.4,1,3.91,"Yes"
33,13,"Technology",7.8,1,11.33,1.94,2.8,4.2,38,4.1,47.7,0,10,4,40.2,2,1,"No"
51,17,"Operations",0.9,2.2,7.54,0.94,3.1,3.6,71.8,3.6,11.9,1,7,4,44.4,0,2.21,"No"
31,17,"Operations",3.3,5.6,10.61,0.91,4,3.6,67.1,3.9,24.8,1,6,6,7.9,5,3.59,"No"
43,17,"Operations",0.3,3.6,7.46,1.28,3,3.9,64.1,1.5,36.6,0,5,4,31.4,2,3.43,"Yes"
47,16,"Operations",8.8,6.5,14.23,2.3,3.6,3.5,52.8,3.4,61.5,1,11,5,21,4,2.77,"No"
38,15,"Finance",6.6,6.4,10.43,1.55,4.7,4.7,66.4,5,37.8,0,8,3,64.1,5,3.54,"No"
42,17,"Operations",0.3,4,6.46,0.5,2.9,2.8,56.3,2.6,29,1,6,2,27.5,5,2.84,"No"
42,19,"Technology",0.9,7,14.45,0.88,3.6,2.1,53.6,4.2,26.6,1,5,5,11.9,2,3.34,"No"
41,17,"Finance",9.9,5.9,11.24,1,3.3,3.7,54.8,3,35.4,1,10,10,16.6,0,2.93,"No"
38,15,"Finance",2.8,3.6,7.19,0.39,4,3.9,68.6,4.2,61.3,0,10,7,49.7,4,4.19,"No"
37,16,"Sales",3,7.2,9.36,0.65,3.8,3,70.7,3,40.4,0,8,3,12.7,5,2.22,"No"
40,14,"Technology",13.3,7.8,12.61,1.23,2.4,1.7,50,3.5,41.7,0,9,7,38,1,3.03,"No"
38,17,"Operations",2.1,4,8.67,1.16,3.6,4,51,2.3,26.6,0,5,6,30.2,5,3.07,"No"
30,20,"Operations",12.3,5.6,14.24,0.79,1.7,3,74.1,4.1,27.8,1,8,5,37.6,4,4.22,"No"
57,17,"Marketing",11.6,7.7,13.8,1.18,3.3,4.1,36,4.1,22.8,0,10,5,18.7,4,2.28,"No"
49,16,"Marketing",2.8,4.1,6.6,0.64,3.5,3.4,52.4,3.5,24.1,0,5,8,15.8,1,2.31,"No"
43,17,"Operations",4.4,5.1,12.16,1.15,2.5,2.4,23.2,3.3,34.6,0,8,5,21.8,0,3.87,"No"
29,16,"Finance",11.2,4.9,15.74,2.59,4,2.8,58.4,1.8,20.3,1,9,2,54.5,3,2.71,"No"
24,14,"Sales",5.6,2.7,15.85,0.88,3.2,4.8,55,4.9,45.8,1,11,9,10.4,4,4.45,"No"
32,15,"Sales",9,3.8,14.15,1.74,1,3.4,66.8,2.5,37.6,0,9,1,23.1,0,3.01,"Yes"
39,12,"Technology",4.6,3.3,12.17,1.36,2.8,3.8,87.5,2.9,41.2,0,8,6,29.3,0,4.43,"Yes"
28,18,"Technology",9.7,7.4,13.51,1.27,3.7,3.6,69.3,3.1,52.5,1,12,3,2.2,2,3.1,"No"
39,19,"Operations",2.4,4.3,7.18,1.1,3,1.7,62.9,3.1,24.8,0,6,7,23.5,4,4.24,"Yes"
21,17,"Operations",9.6,5.8,10.02,0.84,4.2,3.5,80.3,3.2,59.4,1,11,3,8.6,2,1.38,"No"
29,15,"Sales",1.7,1.9,5.36,0.64,3.1,2.7,43.6,2.5,20.3,0,5,1,18,2,4.07,"No"
50,16,"HR",6.7,3.5,8.55,0.67,2.5,1.9,36,2.5,39.3,0,8,3,15.1,3,2.39,"No"
40,15,"Technology",6.1,7,10.93,2.12,4.6,3.6,73,4.6,33.7,0,8,1,15.2,0,3.18,"No"
34,16,"Finance",25,8.2,18,1.4,3,3.5,59.9,3.5,14.7,0,8,6,19.7,4,3.77,"No"
39,14,"Finance",1.5,4.6,17.02,1.04,1.5,3.2,78.4,3.2,31.9,0,8,3,19.9,5,3.3,"Yes"
44,14,"Sales",3.9,1.1,8.6,1.02,3.6,4.1,59.3,2.9,28.2,0,7,5,15.8,2,3.59,"No"
38,14,"Finance",17.9,3.9,29.94,4.32,3.3,2.8,65.3,2.1,30.1,1,8,3,16.1,4,2.24,"No"
50,20,"Technology",3.5,2.5,9.27,1.54,3.1,3,36.3,3.1,45.6,0,11,0,16.2,0,3.17,"No"
26,17,"Operations",0.9,4.6,8.6,1.68,3.3,2.7,44.4,2.8,19.2,1,8,4,8.4,5,3.38,"No"
37,12,"Technology",1,0.5,8.92,1.08,2.6,2.6,49.1,3.2,12.4,0,4,3,11.5,2,2.05,"No"
30,13,"Finance",4.4,3,11.78,1.9,3.7,3.6,43.6,2.7,27.5,1,7,2,22.2,3,3.47,"No"
28,17,"Operations",1.5,1.6,7.72,0.6,3.7,4,80.3,2.4,59.2,0,11,2,23.8,2,1.96,"No"
45,13,"Operations",3.1,3.3,6.62,1.28,4.3,3.1,47,3.4,65.1,0,11,5,12.4,1,4.53,"No"
35,12,"Operations",4.3,1.7,8.62,1.68,4.6,4.4,54,1.8,23.1,0,9,7,13.3,4,3.33,"No"
53,16,"HR",5.3,3.9,8.92,1.41,3.2,4,86.4,2.4,45.5,1,8,5,18.2,4,4.44,"No"
39,15,"Marketing",5.3,9.1,17.21,1.34,2.8,1.8,55.4,3.4,24.8,0,6,2,34.5,0,3.01,"No"
41,17,"Finance",0.3,4.1,8.85,1.08,3,2.6,43.6,3.6,25.8,0,7,7,31.6,5,3.92,"No"
36,16,"Technology",0.3,1.9,6.4,0.42,3.8,5,83.9,5,38.5,0,9,2,22.8,1,2.56,"No"
36,18,"Technology",12.3,8.8,14.44,2.25,5,3.1,73.3,3.2,13.8,1,8,4,16.1,5,2.37,"No"
39,16,"Operations",6,5.8,12.86,0.85,3.6,4.8,52.5,1.9,20.1,1,9,3,31.8,3,2.98,"No"
34,12,"Technology",1.6,6.4,11.28,1.29,1.5,3.2,47.2,3.4,16.7,1,7,4,29,1,4.39,"No"
43,19,"Sales",1.9,4.1,11,0.7,4.7,4.6,53.9,4.1,37.5,0,6,8,80,4,2.82,"No"
42,16,"Technology",6.9,5.7,8.51,0.45,4.2,2.6,100,3.6,27.1,0,7,2,35.3,5,4,"Yes"
36,14,"Operations",9.8,2.5,12.7,1.33,1.7,3.8,63.7,1.4,15.1,0,5,2,3.4,5,3.26,"Yes"
21,13,"Operations",2,4.5,12.18,1.38,4.9,3.1,41,3,42.8,0,9,4,24.5,4,2.62,"No"
36,16,"HR",9.4,3.9,9.31,1.11,3.6,3.3,44.2,4.2,18.2,0,8,4,21.5,0,4.02,"No"
33,15,"Marketing",0.3,1.1,7.72,0.72,3,2.7,96.7,2.8,50.7,0,9,7,29.5,1,2.65,"Yes"
37,15,"Sales",0.3,0.3,10.04,1.81,2.9,2.3,68.7,4.4,16.9,0,4,3,20.7,3,2.47,"Yes"
27,19,"HR",2,0.3,12.18,1.69,4.4,4.2,62.3,3.6,29.1,1,5,3,26.7,3,2.72,"No"
32,16,"Operations",3.9,4.7,8.29,0.51,4.1,3.3,27.4,3,27.8,1,5,5,30.5,0,5,"No"
42,18,"Marketing",1.1,2.4,6.95,0.47,2.7,3.4,85.2,3.2,21.5,1,7,4,29.4,2,3.82,"Yes"
37,15,"HR",6.1,3.2,9.4,1.55,1.3,5,71.2,2.4,35.7,0,8,1,21.1,4,2.34,"No"
30,17,"Finance",10.9,5.6,16.95,1.63,3.7,2.9,65.7,2.9,20.8,0,6,4,32.3,4,4.52,"No"
35,17,"Technology",9.1,5.5,10.74,1.05,3,4.4,43.7,3.7,27.1,0,8,3,41.7,5,4.44,"No"
34,18,"Technology",1.9,4.8,8.68,1.36,5,3.6,85.6,4.1,41.4,1,9,4,31.9,3,3.68,"No"
34,16,"Operations",2.3,3.7,10.29,1.22,4.4,4.9,78.3,2,12.9,0,3,2,36.6,4,4.15,"No"
30,16,"Sales",14.1,7.8,19.28,2.05,4.9,3.9,46.5,3.9,34.5,0,9,5,7.2,5,3.67,"No"
26,15,"HR",5.5,4.2,9.77,1.91,4.2,2.1,65,4.7,37.9,0,8,7,36.2,3,3.81,"No"
21,17,"Sales",8.8,4.4,8.54,0.66,2,4.4,88.2,4.5,48.4,0,8,4,44,3,3.09,"Yes"
21,12,"Finance",3.1,0.3,12.17,1.03,3.7,4.3,47.5,3.6,34.8,0,8,4,16.9,3,2.94,"No"
34,14,"Technology",3.2,1.8,12.52,1.63,4.7,4.7,42.1,3.7,37.8,0,10,6,14.7,2,2.75,"No"
34,16,"Operations",8.6,4.4,10.27,0.77,4.3,4.2,44.5,3.8,30.5,0,9,5,25.8,0,3.87,"No"
43,16,"Sales",11.5,5.6,19.36,2.73,2.9,2.7,95.1,4.8,40.1,1,8,3,52.9,3,2.39,"Yes"
33,16,"Technology",4.1,3.3,9.61,1.89,4.9,2.8,45.9,3.6,41.3,1,11,2,5.9,3,3.98,"No"
34,19,"Finance",3.9,3.6,7.13,0.39,3.4,3.8,72.7,2.8,28.3,1,8,4,13.4,4,2.4,"No"
21,20,"Technology",1.1,6.5,7.4,0.4,3.4,3.9,92,3.3,26.3,0,7,7,19.6,5,3.67,"Yes"
44,18,"Sales",3.9,3.7,9.37,1.2,3.3,3.8,72.2,3.6,52.5,1,11,5,18.7,0,3.6,"No"
46,16,"Finance",3.8,4.6,11.83,1.9,2.3,3.2,41.2,3.1,38.5,1,9,5,15.5,3,3.54,"No"
36,16,"Marketing",6.7,0.6,13.64,2.56,3.7,4.2,39.6,3.6,11.9,0,8,4,18.1,2,3.51,"No"
40,18,"Operations",4.3,3.2,8.66,0.75,3.5,3.6,65.4,3.7,47.1,0,11,5,54.5,2,3.17,"No"
31,16,"Marketing",8.2,6.4,9.99,0.74,3.7,3.8,52.8,3.7,35.5,1,11,8,19.5,1,4.64,"No"
27,13,"Marketing",9.9,5.6,16.53,2.61,1.7,2.7,85.9,2.2,35.1,0,10,3,23.5,1,2.62,"Yes"
40,17,"Technology",1.4,0.9,8.27,0.92,3.2,2.4,42.9,4.5,46.3,0,9,6,34.8,2,3.88,"No"
48,14,"Marketing",4.6,3.1,12.79,0.95,2.9,2.7,65.6,3.5,37,0,8,5,31.2,4,3.42,"No"
27,14,"Marketing",0.7,5.6,3.58,0.35,3.8,3.7,77.9,3.4,40.3,0,7,11,65.9,3,4.8,"Yes"
37,20,"Operations",2.5,0.3,8.28,0.88,3.3,2.9,68.3,2,56.4,0,12,3,21.9,0,4.07,"No"
31,20,"Finance",18,7.9,22.59,2.22,2.2,2.7,40.9,3.8,43.7,0,13,6,28.9,1,2.98,"No"
43,18,"Marketing",4.3,4.3,10.97,0.72,4.1,2.4,78,4.4,29.6,0,5,7,49.7,1,4.02,"Yes"
39,16,"HR",1.4,0.9,7.63,1.41,3.3,3.4,77.7,3.5,23.3,0,8,5,22,0,3.39,"No"
33,18,"Technology",4.8,3.6,18.97,1.6,3.1,5,89.4,2.7,25.7,0,5,2,16.1,3,3.32,"Yes"
45,12,"Operations",3.4,0.3,10.08,0.54,3.1,4.3,49.9,2.5,72.6,0,12,5,21.1,4,3.29,"No"
27,19,"Operations",6.5,0.3,7.06,1.07,1.7,3.3,56.7,3.9,26.7,1,8,4,20.9,5,3.67,"No"
35,12,"Finance",25,8.9,37,2.88,4.1,2.4,75.1,1.6,33,1,12,4,10.6,2,5,"No"
28,17,"Marketing",9.2,4.7,13.66,2.28,5,3.1,25.4,3,15.4,1,4,5,14,4,3.43,"No"
35,15,"Operations",0.8,0.3,8.49,1.69,4.7,5,64,3.7,45.7,0,8,3,15.7,3,2.52,"No"
32,19,"Operations",2.5,6.1,10.27,1.51,3.5,3.4,69,1.1,17.5,0,6,3,34,0,3.77,"Yes"
25,18,"Operations",10.6,5.5,17.48,1.69,2.1,4.1,42.9,4,11.5,1,6,0,70.1,3,4.27,"No"
55,13,"Finance",2.3,0.3,20.05,2.78,3.4,2.8,45.5,2.1,50.4,1,12,4,29.2,3,4.26,"No"
34,15,"Technology",14,7.9,14.68,1.95,3.7,2.7,74.4,3.4,20.5,0,9,6,57.2,1,2.63,"No"
41,18,"Finance",2.4,3.8,8.16,0.93,2.6,3.4,48.2,4,14.8,0,7,6,25.5,0,2.53,"No"
31,13,"Marketing",5.7,3.9,8.64,0.59,3.4,5,71.3,2.3,26.5,0,7,6,12.2,0,2.7,"No"
28,14,"Marketing",0.7,4.2,8.97,1.18,2.8,3.7,40.1,2.8,12.8,1,4,5,37.9,1,4.3,"No"
21,18,"Marketing",1,6.8,7.16,0.68,1.6,2.9,60.8,3.4,11,0,6,2,4.7,4,2.76,"Yes"
31,17,"Technology",2.7,5.6,11.04,1.54,3.2,2.3,76.6,2.5,29.2,1,9,7,26.5,3,2.68,"No"
45,17,"Technology",19.6,9.8,28.77,3.45,1.8,3.8,57.3,4.3,34.3,1,11,7,45.2,0,3.53,"No"
47,16,"Sales",5.7,4.5,8.84,1.08,4,3.7,54.5,3.6,18.9,0,5,3,17.1,2,4.12,"No"
33,16,"Marketing",0.9,2.2,7.3,0.73,4.4,4.4,63.4,4.4,29.8,0,7,1,40.5,2,4.15,"No"
31,17,"HR",15.5,6.5,17.24,1.48,3.3,3.1,40.8,2.3,57.6,0,15,5,14.4,2,4.32,"No"
42,17,"Technology",15.6,8,21.85,2.45,2.7,3.1,50.1,2.8,13,1,6,6,29.9,4,1.83,"No"
24,12,"Sales",4.3,9.8,7.54,0.75,4,2.3,67.9,4.7,26,0,6,4,13,4,3.92,"No"
22,13,"Technology",1.2,2.7,11.19,1.27,3.4,3.4,26.4,3.1,6.5,0,3,3,11.9,2,3.62,"No"
37,17,"Operations",2.6,6.9,7.21,1.22,2.2,4.2,50.4,2.4,21.1,0,7,8,29.3,5,2.91,"No"
41,19,"HR",1.9,1.8,8.33,0.9,3,3,83.8,2,49.4,0,9,4,27.3,2,3.22,"Yes"
28,15,"Marketing",1.4,3.6,8.56,1.5,3.3,3.7,48.7,3.7,29.1,1,7,2,31.7,5,3.5,"No"
24,19,"Operations",0.3,2.7,10.01,1.22,3.7,4.3,51,3.5,72,1,8,3,63,1,5,"No"
31,17,"Sales",6,4.7,9.71,1.32,3.3,3.3,71.5,4.1,35.3,0,7,6,25,5,1.57,"No"
42,15,"Technology",7.4,3.9,15.81,2.11,2.8,5,67.7,1.9,26.2,0,8,2,61.9,2,1.96,"Yes"
34,20,"Finance",2.2,0.3,7.35,1.32,3.5,3.6,43.7,3.7,92.8,0,14,6,26.6,2,3.78,"No"
40,17,"Operations",4.3,5.2,6.14,0.31,3.7,3.7,33.5,4.2,41.2,0,9,6,55.4,0,3.91,"No"
45,12,"Operations",6.9,2.5,11.64,0.63,2.2,2.3,53,2.5,45.6,0,11,7,20.5,4,3.84,"No"
42,14,"Marketing",1,3.5,11.72,1.56,3.9,4.6,44.3,2.7,14.3,0,5,2,37.1,4,3.9,"No"
25,14,"Technology",1.2,5.4,6.22,0.81,3.3,3.3,69.6,1.9,33,0,8,4,30.7,4,5,"Yes"
31,14,"Finance",6.4,6.4,9.98,1.75,4.1,2.5,81.1,3.6,8.9,0,5,4,21.1,3,4.28,"No"
30,18,"Sales",3.7,7,10.66,1.34,3.5,3,60,3,26.4,0,4,11,27.1,5,3.14,"No"
33,19,"Marketing",11.2,7,21.61,1.68,4.3,3.8,71,3.5,45.7,0,10,1,13.9,3,2.49,"No"
38,17,"Sales",3.1,3,9.93,0.57,3.5,2.3,51.2,3.1,47.3,0,9,2,33,4,2.41,"No"
44,13,"Technology",9.3,5,11.58,1.87,4,3.8,83.3,4,7.1,0,6,3,24.6,3,3.72,"No"
37,16,"HR",14.8,6.3,17.39,1.53,3.4,2.7,60.8,3.2,10,1,6,2,14.8,5,3.72,"No"
34,17,"Marketing",3.7,4.1,17.34,2.67,2.8,2.9,60,4.2,24.7,1,8,3,70.1,1,3.82,"No"
34,14,"Technology",4.2,3.8,12.51,0.73,3.8,3,88.6,4.2,14.9,0,5,5,39.9,4,3.53,"Yes"
46,14,"Finance",1.6,0.3,11.74,2.28,5,2.6,53.7,4.5,22.4,1,6,4,30.7,3,2.35,"No"
45,18,"Technology",1.3,0.3,12.75,0.99,2.6,4,64.1,3.7,47.1,0,8,1,15.1,4,2.38,"No"
25,15,"HR",7.8,6.9,18.79,3.04,5,3.2,46.7,3,69.4,1,10,4,30.6,3,3.29,"No"
43,18,"Marketing",2.2,4.6,12.55,1.62,3.4,5,57.7,3.7,16.4,1,8,6,9.6,5,3.63,"No"
34,16,"Finance",0.8,0.3,7.75,1.2,3,3.2,51.8,3.2,84.4,1,12,3,57.8,3,2.2,"No"
47,16,"Sales",18.7,9.6,28.43,4.68,2.4,3.3,60,3.3,50.7,1,12,2,38,0,3.05,"No"
42,19,"Operations",3.9,6.5,7.21,0.53,3,3.4,56.4,3.2,17.2,0,7,3,34,3,2.9,"No"
33,16,"Marketing",12.5,6.8,24.08,4,3.5,3.7,88.1,3.4,28.5,0,9,5,36.5,2,3.06,"No"
35,15,"Technology",9.5,3.4,17.02,1.45,4.6,3.6,47.7,1.7,50.7,0,12,5,24.3,5,4.2,"No"
34,18,"Operations",12.9,4.3,20.12,2.19,3,3.6,62.4,2.5,33.5,0,7,6,29.6,2,4.5,"No"
39,18,"Sales",1,4.2,11.83,0.63,3.3,3,63.9,2.7,36,1,7,7,37.4,4,2.46,"Yes"
30,15,"Finance",0.8,1.6,8.76,1.56,2.9,4.7,43.4,3.6,19.7,1,4,5,3.9,3,4.76,"No"
42,19,"Sales",3.5,2.3,8.12,0.74,2.8,3.4,82,3,20.9,0,5,7,11.2,2,3.84,"Yes"
41,13,"Sales",4.3,1.9,6.21,0.37,2.8,3.6,46.4,4.3,31.7,0,8,3,35.7,3,3.82,"No"
51,17,"Sales",1.6,0.3,6.65,0.69,4,2.6,25.6,2.7,21.8,1,8,5,44.2,1,1.49,"No"
35,15,"HR",0.5,4,12.16,0.94,3.5,4.8,53.2,3.7,47.9,0,9,6,31.7,3,2.66,"No"
45,17,"HR",1.2,3.9,12.44,1.4,4.4,2.7,77.1,3.7,36.3,1,6,6,34,5,4.42,"No"
32,16,"Operations",2.1,1.7,10.9,1.35,3.5,2.8,81.4,2.4,22.3,1,7,4,24.4,4,4.14,"Yes"
47,16,"Technology",7.3,5.6,15.98,1.95,2.3,4.1,69,3.5,11.7,0,6,10,39.5,5,3.05,"Yes"
43,16,"Technology",7.5,0.3,10.56,1.93,3,4.1,75.6,3.4,52.6,1,11,5,14.5,1,2.36,"No"
21,18,"Operations",11.9,1.1,24.07,4.8,5,2.9,53.2,3.2,27.4,0,7,3,67.6,3,3.56,"No"
45,17,"Sales",5.6,2.1,8.52,0.66,2.3,2.6,36.1,3.3,30.5,1,8,5,11,1,3.33,"No"
37,17,"Sales",1.6,5.4,6.43,0.74,3.8,3.3,60,2.8,27.4,0,7,6,46.4,4,1.88,"Yes"
40,17,"Finance",5.4,6,13.93,1.18,4.5,3.5,42.8,3.3,37.9,0,8,6,25.6,1,2.28,"No"
49,18,"Technology",8,6.6,13.84,1.27,1.3,3.7,19.9,2.1,47.1,1,11,7,51.5,2,3.98,"No"
38,19,"Sales",14.1,6.9,9.76,0.81,3.9,2.7,19.2,3.9,28.9,1,6,6,32.1,5,4.27,"No"
41,16,"Sales",8.7,3.8,9.29,0.62,4.5,3.3,38.4,1.6,43.6,1,11,8,43.2,2,3.87,"No"
21,19,"Sales",2.9,4.5,14.31,2.06,2.9,4.2,78.1,4,36.9,1,6,1,22.7,4,3.56,"No"
37,19,"Finance",2.9,2.6,9.54,1.2,2.7,2,69.5,2.1,15.2,0,3,6,19,1,3.22,"Yes"
30,15,"HR",3.7,9.6,10.56,0.77,3.3,2.3,71.4,3.8,46.3,0,7,3,24.5,3,4.44,"No"
30,19,"Finance",5.7,2.3,12.19,1.13,1.7,2.9,68.4,3.3,21.3,0,8,5,31.1,1,3.31,"Yes"
32,14,"Operations",0.7,1.5,6.59,0.43,4.4,3.4,60.8,3.4,70.2,0,12,8,8.1,1,1.78,"No"
39,15,"Operations",3.6,1.2,15.23,3.02,4,3.1,41.7,3,38,1,7,10,22,1,3.51,"No"
24,19,"Sales",0.8,0.3,11.62,1.46,4.7,4.1,79.1,3.7,14.8,0,4,6,18.8,3,3.62,"No"
28,19,"Technology",1.5,0.3,9.32,1.06,5,3.6,56.9,3.1,25.9,0,7,6,54.1,1,3.47,"No"
45,19,"Sales",24.8,6.2,31.03,4.18,2.3,3.3,63.8,3.3,38.8,0,12,3,34.7,0,2.1,"No"
33,15,"Operations",0.4,2.2,7.15,0.81,3.6,4.9,63.1,2.2,17.1,0,5,4,43.4,4,1,"No"
34,19,"Finance",7.2,1.4,9.31,0.93,4.3,4.7,41.9,2.9,33,0,10,5,67.2,5,1.78,"No"
24,16,"Finance",1.6,1,12.81,2.03,3.4,3,52.6,2.8,60.7,0,9,6,35.5,2,3.21,"No"
53,18,"Technology",18.3,10.4,16.83,2.74,3.9,3.8,87.4,3,27.4,1,10,4,26,3,5,"No"
32,16,"Sales",3.8,4.1,9.89,1.31,3.1,4.7,63.2,4.7,15.5,0,5,2,14,4,3.05,"No"
41,16,"Operations",6.2,1.9,10.71,0.59,2.7,4.3,57.7,3.7,37.2,1,10,2,42.9,3,2.31,"No"
26,19,"Technology",1.6,2.9,12.17,1.11,4.5,3.2,62,3.7,40.3,0,9,7,33.6,0,2.22,"No"
38,15,"Sales",1.3,1.7,10.68,1.3,3.4,3.1,77.5,3.2,16.4,0,4,5,32.7,1,1.41,"No"
43,12,"Sales",1.6,1.6,8.56,1.35,3.4,4.4,86.6,1.3,47.3,0,9,6,15.3,1,3.5,"Yes"
33,12,"Marketing",1.8,4,10.97,1.12,3.6,2.1,68.4,3.1,45.3,0,9,2,6.5,5,5,"No"
21,13,"Operations",1,0.3,10.05,1.65,3.8,4.2,67.9,3.3,85.6,1,12,2,19.8,5,3,"No"
41,14,"Finance",10.2,3.5,14.81,2.63,3,3.5,59.5,3.7,17.1,1,7,4,14.2,0,3.87,"No"
30,19,"Sales",3.3,1.9,8.91,1.18,4.4,3.7,48.6,2.4,26.3,1,9,10,7.8,2,2.79,"No"
40,16,"Sales",3.9,6.4,14.53,1.56,4.4,3,60.6,2.2,30.6,0,9,3,14.1,4,2.33,"No"
32,17,"Sales",12.3,3.3,23.02,2.28,4.1,2.9,50.6,3.8,36.4,0,11,1,12.4,5,2.86,"No"
39,18,"Operations",3.8,6.2,14.35,2.07,4.2,3.5,63.4,3.9,45.4,0,8,1,23.9,2,4.77,"No"
48,17,"Technology",6.3,2.2,10.22,1.95,2.7,3.3,57.7,4,9,0,4,6,26.9,1,3.95,"No"
30,18,"Technology",8.9,0.3,8.95,1.43,4.4,3.6,68.6,1.8,22.8,0,7,6,30.8,2,3.42,"No"
32,17,"Sales",2.2,1.2,11.1,0.64,3.6,2,51.7,2.9,68.7,0,14,2,34,5,3.02,"No"
39,18,"Technology",3.9,1.4,8.17,1.5,3.4,3.2,63.2,2.8,22.2,0,4,5,23.5,4,3.52,"Yes"
42,15,"Finance",0.4,2.5,7.53,1.22,2.9,2.6,43.8,1.9,37.5,0,6,4,19.3,5,3.51,"No"
36,16,"Technology",1.2,0.3,6.16,0.74,4,4,38.1,4.4,40.2,0,6,5,18.8,3,4.47,"No"
43,18,"Finance",0.8,2.7,9.12,0.48,3.9,3.8,60,2.9,16.1,1,8,7,58,4,4.77,"No"
38,15,"Finance",12.4,0.3,23.72,4.59,2.3,4.4,67.1,2,24.5,0,9,3,38.7,3,3.76,"Yes"
21,13,"HR",9.8,2.8,17.04,2.82,3.1,3,63.5,4.7,5,0,6,3,29,3,3.05,"No"
39,16,"Marketing",4.3,0.3,7.07,1.16,4.3,4.1,66,3.9,33.8,0,9,6,70.5,4,3.19,"No"
37,19,"Sales",2.6,3.6,6.93,0.47,3.2,2.8,48.3,3.6,20.1,0,2,3,40,5,2.12,"No"
45,17,"HR",1,4,7.8,0.81,2.8,3.7,42.9,2.2,41.4,0,7,2,11.2,3,2.72,"No"
46,14,"Marketing",2.6,1.3,12.32,1.87,3,3.9,57.3,3.1,18.1,0,8,4,18.1,4,4.16,"No"
52,15,"Marketing",7.7,3.6,14.52,2.65,5,2.1,48.5,2.2,52.8,0,11,2,8,3,2.85,"No"
44,17,"Technology",3,1.6,11.5,1.71,4,3.8,86.4,4.2,10.7,0,4,4,47,1,1.84,"Yes"
32,18,"Finance",1.5,2.5,10.4,1.87,4.4,4.1,80.7,3.3,17.2,0,5,2,13,4,3.33,"No"
32,17,"Operations",3.1,2,8.39,0.71,3.4,2.6,65.8,3.6,59.7,1,12,2,74,0,4.01,"No"
24,13,"Technology",9.3,4.5,12.84,2.11,1.8,4.2,72.1,3.7,29.6,0,11,5,37.5,2,3.79,"Yes"
48,18,"Marketing",1,1.4,8,0.47,2.8,2.1,46.9,4,51.1,0,9,3,24.3,4,2.95,"No"
36,18,"Technology",1,6.8,10.44,0.94,3.2,4.6,88.7,4,44.5,0,6,2,37,4,3.71,"Yes"
37,18,"Finance",1.8,3.9,12.67,0.68,2.6,3.8,45.3,3.7,35.5,1,8,5,13.2,5,3.8,"No"
42,17,"Finance",0.7,2.8,8.42,0.79,3.6,3.3,42.4,2,49,0,8,7,49,0,2.31,"No"
28,19,"Finance",4.7,6.9,12.13,0.95,3.2,2.6,58.2,3.7,40.4,0,9,3,60.3,4,3.32,"No"
40,16,"Technology",16.2,7.4,19.48,3.39,3.8,3.5,64.8,2.7,34.5,1,11,6,27.5,5,4.61,"No"
47,18,"Sales",4.6,4.6,12.38,2.19,2.9,5,45.7,2,20.2,0,6,1,24.7,2,3.66,"No"
34,19,"Sales",18.9,11.1,19.13,3.44,3.6,3.2,53.5,2.6,41,0,14,7,27.6,4,3.03,"No"
33,15,"Sales",9,2.4,15.38,2.38,2.2,4.1,62.9,3,28.6,0,7,5,80,2,2.37,"Yes"
37,18,"Finance",4.8,2.7,12.31,2.4,3.8,5,78.4,3,42.1,0,6,7,24.3,3,2.92,"No"
48,13,"Sales",0.3,4.6,7.94,0.92,3.6,2.6,43.1,4,35.5,1,10,9,32.3,5,2.99,"No"
31,18,"Operations",1.2,1.7,8.47,0.76,3.7,2.8,40.8,2.7,22.8,0,5,5,22.2,1,3.98,"No"
21,20,"Operations",3.1,8.7,6.23,0.54,4.5,3.2,56.5,3.7,66.8,1,11,4,57.3,5,4.22,"No"
26,17,"Marketing",4.9,1.7,9.77,0.92,1.9,3.4,55.5,4.1,46.3,1,9,5,40.8,1,3.27,"No"
36,19,"Operations",10.2,6.7,12.3,1.48,3.7,3.9,43.5,4.7,18.1,1,10,6,13,5,4.47,"No"
36,16,"Operations",13.3,3.7,14.97,1.73,2.9,3.2,84.7,2.7,17.6,0,7,6,62.5,3,1.65,"Yes"
25,14,"HR",3.2,7.3,9.1,1.45,2.1,3.8,84.7,3.6,20.6,0,7,6,37.9,2,3.66,"Yes"
28,19,"Finance",0.3,6.9,7.69,1.07,3.2,1.8,58.5,2.8,11.2,0,6,7,38,5,5,"Yes"
37,14,"Technology",4.8,5,8.01,1.28,2.8,4,63.6,3.7,32.3,0,7,5,29.9,3,3.56,"No"
33,20,"Technology",1.2,3.1,6.27,0.62,3,3.6,61.5,3.1,31.9,1,6,10,66.8,3,3.55,"No"
21,13,"Sales",0.3,1.1,4.46,0.59,4.1,2.4,56.8,1.6,19.8,0,9,6,69.9,4,3.45,"Yes"
32,15,"Finance",13.6,6.6,8.81,1.71,2.7,4,57.3,3.1,14.7,1,8,2,12.4,5,4.65,"No"
26,19,"Technology",1.6,1.7,7.75,1.01,3.3,4.2,73,4,35.3,1,8,6,51.2,5,3.69,"No"
39,15,"HR",1.1,5.3,7.84,0.5,4.3,2.8,47.6,3.3,26.9,1,8,2,47.9,5,3.11,"No"
37,17,"Technology",12.4,8.4,20.19,3.37,3.5,2.3,71.1,2.1,82.7,0,15,3,33.4,4,2.79,"No"
46,16,"Sales",4.9,6.3,13.4,2.44,2.1,1.9,59.6,3,19.6,0,5,3,56,4,2.92,"Yes"
38,16,"HR",1.5,3.5,8.09,0.44,4.1,5,76.1,3.7,49.1,0,10,3,10.7,5,3.37,"No"
47,14,"Finance",0.6,4.7,7.89,0.8,3.3,4.2,35,2.3,44.5,0,6,4,23.4,3,3.07,"No"
26,14,"Marketing",8,4.8,12.73,2.49,4.8,4.6,60,2.5,40.2,0,7,11,35,4,2.37,"No"
33,16,"Sales",4.1,5.8,8.17,1.6,5,4.1,51.8,2.7,36.6,1,5,3,66.4,4,3.08,"No"
21,20,"Marketing",9.8,3.5,11.19,1.9,2.5,3,45,4.1,31.9,1,10,4,24.1,5,2.71,"No"
24,18,"Sales",16,9.7,24.53,3.43,2.6,2.5,70.8,1.2,26.9,1,8,2,12.1,3,3.98,"No"
27,14,"Finance",0.4,1.1,6.86,0.95,2.1,3.6,42,5,18.2,0,7,2,19.2,2,2.61,"No"
42,16,"Technology",0.8,2.4,11.92,1.48,3.2,5,70.4,4.9,50,0,7,4,39.4,0,3.12,"No"
36,20,"Technology",1.9,7,7,0.6,3,2.9,90.9,2,28.3,0,9,3,21.7,3,3.93,"Yes"
47,12,"Technology",5.8,4.4,11.92,1.02,2.2,2.9,85.1,2.1,24.6,0,9,1,51.5,4,3.11,"Yes"
40,19,"Marketing",1.1,2.7,8.88,1.03,4.3,3.6,80.6,1.8,18.3,0,6,2,72.1,4,4,"Yes"
32,19,"Finance",1.7,4.8,10.38,1.24,3,2.8,57.8,2.7,22.3,0,7,4,30.3,4,2.77,"Yes"
21,17,"Finance",6.9,4.3,10.03,1.78,3.2,2.7,28.4,2.9,23.1,0,5,4,22.5,4,3.17,"No"
35,20,"HR",9.5,3.7,11.85,1.3,3.2,3,49.6,1.5,68.6,1,15,5,12.7,0,1.8,"No"
28,16,"Technology",0.5,0.3,5.48,0.47,4.2,3.3,65,2.5,20.6,0,8,4,19.1,1,3.89,"No"
27,18,"Marketing",9.5,8.8,17.62,2.64,3.1,3.5,73,2.5,28.1,0,9,7,56,3,3.71,"Yes"
46,17,"Operations",3.2,4.3,8.78,1.54,3,1.7,59.7,2.9,13.9,0,5,6,57,3,4.61,"Yes"
42,17,"Sales",9.1,4.9,20.28,3.33,4.7,3.2,65.8,3.1,41.8,0,9,7,25.5,2,3.02,"No"
42,17,"Finance",1.7,2.9,10.33,0.52,2.2,3.3,96.8,2.7,30.3,0,7,0,6.8,1,2.16,"Yes"
43,15,"Sales",3.4,2.3,6.64,1.26,2.3,3.1,64.7,4.4,51.9,0,8,4,56.6,5,3.2,"Yes"
51,20,"Operations",0.4,1.1,11.47,1.83,3.7,3.7,55.8,4.2,41.3,0,11,5,60.3,3,3.03,"No"
44,16,"HR",3,3.2,8.32,1.53,4.6,3.7,37,2.2,82.4,0,12,4,57.3,3,3.42,"No"
40,14,"Finance",1.7,0.3,7.16,0.82,2.7,3.8,35.6,4.3,22.7,0,7,6,19.9,2,2.02,"No"
34,14,"Sales",0.6,5.1,8.09,1.62,2.1,3.2,43.1,3.9,46.4,1,7,5,29.3,4,3.36,"No"
39,14,"Operations",5.9,3,10.19,1.22,4.9,3.8,31.2,3.3,20.5,1,8,3,27.4,3,3.01,"No"
36,17,"Sales",1,0.8,6.35,0.45,4.8,2.6,78.6,2.2,31.8,0,11,6,45.4,3,3.64,"Yes"
28,18,"Operations",4,0.3,9.82,0.68,3.2,2.9,74.8,3.1,35.2,1,6,5,3.9,5,2.09,"No"
28,15,"Marketing",6.5,6.7,10.95,0.66,3.5,4.7,52.5,2.8,49.7,0,10,3,42.8,3,3.73,"No"
22,18,"HR",14.5,2.2,18.18,2.75,3.9,2.9,85.6,3.5,23.4,1,10,5,9.7,5,2.03,"No"
31,17,"Sales",0.3,0.5,8.53,0.92,2.4,3.2,42.7,3.7,30.5,0,8,2,16.7,5,2.35,"No"
25,15,"Operations",15.8,7.9,24.57,1.82,3.3,4.2,81.7,2.4,20.9,0,7,2,36.9,5,3.45,"No"
41,15,"Technology",9.3,4.3,10.07,1.41,4.4,4.1,100,2.7,36.4,1,11,9,10.5,1,2.27,"No"
42,19,"Technology",2.6,2.4,5.26,0.87,2.3,2.9,83.7,4.2,28.3,0,6,7,34.9,2,3.3,"Yes"
29,15,"Operations",3.7,0.3,9.78,0.54,1.6,5,22.2,2.8,48.1,0,12,5,45.4,1,3.42,"No"
43,19,"Sales",21.2,8.4,27.38,3.23,3.8,4,48.4,3.3,38,0,11,3,19.5,3,2.14,"No"
32,17,"Technology",1,3.4,14.33,2.33,3.5,3.5,31.1,3.2,27.9,1,5,2,15.8,1,2.27,"No"
23,16,"Marketing",4,0.3,8.6,1.53,4.1,4.3,49.7,2.8,43,1,9,1,18.8,2,4.44,"No"
36,15,"Technology",15.5,6.4,17.11,3.35,3.9,3.1,76.2,3.1,39.4,0,12,7,58,3,3.49,"No"
21,20,"Technology",2.3,1.2,9.67,1.76,4.2,2.5,44.6,4.1,7.7,1,2,11,26.1,3,3.94,"No"
56,16,"Technology",4.6,3.2,11.02,1.42,1.9,3,56,2.7,27.8,0,9,6,67.4,5,3.59,"Yes"
44,19,"Sales",10.8,5.7,8.41,1.01,4,2.7,71.7,3.1,10.1,0,5,1,53,0,4.6,"No"
27,18,"Operations",3,0.8,12.09,0.68,2.9,3.3,33.7,3.9,22.4,0,8,4,7,5,3.37,"No"
36,16,"Sales",21,10,27.21,1.95,4,4.6,100,3.9,40.3,0,11,4,9.5,1,3.93,"No"
36,18,"Marketing",6.7,7.2,10.43,0.71,3.8,3.4,55.8,3.4,47.9,0,7,5,35.8,3,3.76,"No"
37,15,"Technology",2.7,7,6.63,0.8,3.6,2.9,74.9,2.3,44,0,7,6,39.6,1,3.89,"Yes"
34,18,"Technology",22.4,9.9,27.1,3.48,4.6,1.2,57,3,49.3,0,11,2,18.5,1,3.46,"No"
34,16,"Technology",5.5,0.3,10.96,0.78,4,3.6,37.9,4.9,21.3,1,8,6,20.8,1,2.76,"No"
29,19,"Operations",9.6,6.8,15.64,1.62,4,3.7,61.3,2.7,57.6,0,15,3,28.9,3,3.35,"No"
21,12,"Sales",7.4,5,8.64,1.68,4.9,3.4,39.2,4.9,49,1,11,2,26,5,3.72,"No"
32,15,"Sales",2.8,0.3,9,1.45,2.5,3.9,43.2,2.2,8.1,0,5,6,45,2,2.17,"No"
36,18,"Sales",1,0.3,8.92,0.48,4.2,3.7,50.3,2.5,50.6,0,12,5,13.9,0,3.53,"No"
21,15,"Finance",1,3.4,6.38,0.88,2.3,3.7,40.7,3.6,22.7,0,7,2,25,3,4.22,"No"
56,17,"Technology",12.7,5.1,14.58,1.66,1.3,5,34.4,4.7,14.1,1,7,3,21.2,0,5,"No"
35,17,"HR",13.2,8.1,12.36,2.28,4.3,4.6,53.8,4.6,26,1,7,6,34.4,1,3.06,"No"
34,18,"Sales",8.1,1.1,15.04,1.31,3.2,3.7,64.5,4.3,35.8,0,10,4,38.1,2,3.54,"No"
21,15,"Finance",1.2,0.4,5.92,1.09,2.8,2.6,61.6,4.8,35.8,1,7,3,31.1,0,3.68,"No"
37,12,"Finance",2.8,6,8.52,1.58,2.2,3.8,34.7,3,19.3,1,7,1,15.5,3,4.39,"No"
43,12,"Sales",18.9,3.5,29.94,2.25,4,2.8,59.9,5,25.1,1,8,6,13.3,2,4.02,"No"
30,20,"Operations",2,0.3,6.26,0.73,3.7,1.5,64.8,2.8,48.3,1,11,3,20.4,3,3.76,"No"
35,16,"Sales",0.3,0.3,8.2,1.2,4.2,2.2,75.4,4.8,15.2,0,6,7,37.7,5,3.73,"Yes"
32,16,"Technology",1.7,2.5,6.43,0.84,3.8,4.2,47.8,5,66.4,0,11,5,32.2,2,3.71,"No"
42,17,"Marketing",3.8,1.6,11.83,0.98,3.3,4.7,72,3.6,11.6,1,6,7,11.1,2,1.6,"No"
40,18,"Marketing",0.5,4.2,9.49,0.83,1.6,3.4,57,2.6,52.7,0,9,5,54.7,4,3.77,"Yes"
32,16,"Technology",3.8,5.6,10.72,1.89,3.8,2.9,34.4,2.7,8.5,1,5,5,36.1,2,2.49,"No"
43,19,"Technology",1.6,5,7.07,1.25,4,3.9,92.2,3.4,21.5,0,4,4,31.4,4,4.7,"No"
23,14,"Technology",6.6,6.2,13.09,2.61,3,2.6,57.7,3.6,52.3,1,9,5,7.5,2,4.09,"No"
53,16,"Operations",9.8,3,12.31,1.75,3.4,4.7,64.2,4.1,34.4,0,8,3,33,0,3.38,"No"
29,13,"Sales",6.4,3.1,14.23,0.93,3.3,3.5,76.2,2.6,13.1,0,6,3,21.9,1,3.02,"No"
33,16,"Finance",0.7,3.2,8.07,0.42,3.7,3.6,77.4,1.8,43.8,0,8,5,48.7,4,3.54,"Yes"
48,18,"Operations",1.5,0.3,8.01,0.69,4.6,2.9,65.4,3.4,24.1,0,9,8,27.5,4,5,"No"
33,18,"Operations",0.6,3.8,11.34,1.27,4.4,3.6,53.3,3.9,17.1,0,4,3,18.3,3,3.34,"No"
25,17,"Sales",5.1,0.3,10.04,1.98,3.1,3.8,76.7,2.3,51.7,0,11,3,20.2,3,3.45,"No"
27,15,"Marketing",1.1,4.3,6.73,0.77,4.7,3.8,68.4,3.8,24.2,0,6,7,14.7,5,2.93,"No"
34,16,"Sales",9.6,8.2,10.63,1.41,2.3,2.4,78.8,1.9,13.3,1,5,3,10.9,3,2.71,"Yes"
39,16,"Operations",15.4,4.8,15.48,1.67,4.3,2.2,39.4,3,28.1,0,8,9,23.5,5,2.79,"No"
35,16,"Sales",0.3,4.1,6.25,0.8,1.9,3.5,49.4,1.3,8.9,0,6,6,20.1,5,3.87,"Yes"
52,17,"Finance",3.6,4.7,9.43,1.79,2.7,3.9,61.9,2.8,21.8,0,4,4,47.7,0,4.41,"Yes"
28,16,"Operations",2.8,2.3,7.38,0.81,3.9,3.6,72.3,3.5,38.2,0,9,7,22.7,1,2.58,"No"
41,16,"Technology",16.1,9,18.69,3.56,3.4,4,76.7,4.5,8.9,1,6,8,11.8,3,3.96,"No"
43,16,"Sales",1.6,4.1,7.19,1.02,3.5,2.8,23.3,3.7,36.9,0,7,2,29.1,4,3.14,"No"
43,19,"Marketing",1.5,4.8,9.67,1.77,2.9,2.5,48.6,2.9,14.3,0,6,7,20,1,3.13,"Yes"
26,14,"Finance",1.8,4,8.32,1.04,3.1,3.5,46.5,2.8,10.5,0,4,5,37.7,3,3.04,"No"
30,16,"Technology",13.1,7.5,20.62,1.53,2.9,2.8,46.3,3.5,55.3,0,12,4,47.4,1,3.14,"No"
22,19,"Technology",2,0.3,8.09,1.21,3.4,4.4,59.5,3.1,23.3,1,7,7,28.6,2,4.32,"No"
28,18,"Operations",4.9,3.8,11.22,0.59,3.7,3.9,62.4,1.8,11,0,5,1,23.1,5,3.78,"No"
25,18,"Sales",4.5,4.5,12.35,1.38,3.2,3.5,69.4,3.4,18,1,8,5,61.1,3,3.6,"Yes"
24,14,"Technology",1.3,6.4,11.39,1.97,3.5,4.4,58.3,2.4,48.5,0,12,3,22.2,3,3.25,"No"
24,14,"HR",4.5,2,10.44,1.94,2.5,3.2,53.3,3.5,40.9,0,7,3,49.9,2,5,"No"
34,17,"Technology",3.1,6.4,11.77,1,3.9,3,43.2,3.6,24.4,1,8,7,20,0,1.59,"No"
35,12,"Operations",1.6,2.7,6.38,1.01,2.5,3.7,74.3,4.2,40.9,1,8,6,17.1,0,3.36,"No"
27,20,"Marketing",12.1,8.8,16.23,2.23,4,4,67,2.8,20.3,1,6,3,10.7,3,3.36,"No"
26,17,"HR",4.5,3.5,14.93,1.33,3.1,3.5,76.7,3.9,55.8,1,9,6,17.5,0,2.82,"No"
21,17,"Marketing",1.8,4.7,7.77,1.44,3.6,3,65,3.6,34.6,0,6,6,41,5,4.32,"Yes"
27,16,"Technology",11.5,2.1,20.45,4.07,3,3.4,84.5,3.1,28.6,0,8,5,34.5,2,3.99,"No"
31,15,"Finance",4,4.3,8.51,0.95,3.7,3.7,67.3,2.7,19,1,5,3,45,3,2.46,"No"
33,16,"Technology",25,8.8,30.27,4.62,4,3.1,42.5,4.7,35.2,0,9,5,42.6,4,2.76,"No"
43,20,"Technology",2.4,1.9,10.35,1.68,3.4,5,27.4,3.9,28.3,0,4,4,24.6,2,3.3,"No"
38,13,"Sales",2,4.7,14.15,1.93,3,4.2,33.4,4.7,13.8,1,8,3,46.6,1,3.97,"No"
38,17,"Technology",0.3,0.7,9.8,1.38,1.9,3.2,76.8,3,20.4,0,5,6,29.8,3,4.98,"Yes"
34,17,"Marketing",13.4,6.8,14.37,2.39,3.5,3.5,44.1,2.7,56.5,1,11,3,11.3,4,1.85,"No"
21,16,"Operations",0.3,0.3,10.53,1.26,3.4,2.5,65,1,69.1,0,12,10,34.6,3,3.42,"Yes"
35,16,"Operations",4.5,5.4,9.58,1.11,1.8,3.2,60.1,3.3,49.6,0,10,3,38.5,1,3.1,"No"
25,15,"Operations",4.6,1.9,9.94,0.72,2.9,3.6,54.1,3.4,83,1,14,1,63,5,2.44,"No"
40,18,"Marketing",7.1,2.2,14.74,1.09,2.8,2.3,65.5,4.2,53.1,1,11,6,47.6,3,3.42,"No"
31,17,"Marketing",25,9.7,24.1,2.36,3.7,2.6,62.8,1.7,15,0,9,9,10.8,5,2.64,"No"
33,16,"Technology",3.4,2.3,8.74,1.19,3.5,3.1,75.5,2.4,18.1,1,9,3,16.6,4,3.65,"No"
47,15,"Sales",3.3,5,11.33,1.47,3.6,2.8,65.7,2.5,28.8,1,6,5,55.2,5,3.36,"Yes"
31,15,"HR",4.3,2.8,16.59,1.08,2.7,4,68.7,3.4,22.5,1,8,7,32.9,4,2.8,"No"
30,17,"Operations",4,6,8.21,0.7,2.9,3.6,54.6,2.6,33.4,1,9,4,67.7,2,3.31,"Yes"
44,14,"Technology",3.3,3.2,10.45,1.01,5,3.8,66.1,3.4,12.1,1,6,1,19.9,5,3.97,"No"
30,17,"HR",5.3,8.1,14.33,1.05,4.1,3.5,31.2,3.1,17.2,1,7,3,16.1,0,2.4,"No"
38,16,"Sales",4.3,4.7,10.14,1.06,2.7,3.3,43.8,4,32.9,1,7,6,26.5,5,2.69,"No"
38,18,"Sales",5.3,4.2,20.54,2.72,2.9,3.3,66.9,3.6,24.4,1,6,4,19,5,4.56,"Yes"
40,12,"Operations",4.8,6.8,13.71,1.56,4.1,3.5,74.8,3.2,8.3,0,6,3,41.7,5,3.87,"No"
38,19,"Technology",3.8,4.4,7.25,1.26,3.2,3.7,97.9,2.9,18.3,0,9,3,6.5,5,4.09,"Yes"
29,18,"Sales",5.4,6.5,8.51,1.24,5,3.3,45.6,3.8,40.5,1,9,3,9,4,3.35,"No"
31,20,"Technology",4.7,2.9,12.39,2.25,3.2,3.5,78.2,3,45.8,0,10,6,40.9,2,2.99,"Yes"
37,19,"Operations",7.6,2.5,10.33,0.67,3.6,2.5,62.1,3.7,32.1,0,8,4,25.5,2,3.93,"No"
40,17,"Finance",5.9,6.3,10.75,0.91,5,2.1,46.2,4.2,31.1,0,7,4,46.3,5,3.05,"No"
33,16,"Marketing",3.4,2.5,12.89,0.69,3.8,3.2,46.3,4.5,59.3,0,9,6,23.9,4,2.89,"No"
32,12,"HR",0.9,2,9.14,0.46,2.2,2.7,73.3,1.8,53.2,0,9,4,56.5,5,2.91,"Yes"
35,14,"HR",0.3,7.1,14.17,1.6,2.8,3.6,76.8,3.6,38.5,1,6,1,33.5,1,5,"No"
37,16,"Operations",0.4,0.6,5.29,0.47,4.3,3.9,71.4,4.2,32.3,0,7,4,30.9,5,3.21,"No"
39,12,"Sales",1.6,5.6,14.04,2.74,4.1,3.2,74.3,3.1,41.7,0,10,5,26.5,3,3.2,"Yes"
29,15,"Technology",4.3,4.7,9.99,0.68,2.6,2,66.8,3.1,26.5,1,6,6,21.1,1,3.26,"Yes"
39,13,"Sales",1,2.9,7.27,0.99,4.4,3.5,68.4,2.2,22.6,0,6,3,30.4,2,3.71,"Yes"
28,18,"Operations",7.9,6.8,13.97,1.06,3.1,3.6,43.9,3.5,17,1,4,4,14.5,2,3.11,"No"
40,12,"Marketing",0.3,0.8,9.27,1.76,3.7,3.8,64.2,2.7,68.3,0,11,5,35.6,2,3.01,"No"
28,18,"Sales",7.7,3.5,11.62,2.05,2.8,2.5,64,1.7,16.3,1,7,6,31.9,2,5,"Yes"
35,13,"Technology",0.7,5.1,11.98,1.21,1.7,3.2,92.8,1.4,5.5,0,4,1,52.6,1,3.43,"Yes"
46,20,"Sales",0.4,0.3,7.34,0.75,3.4,4.3,80.7,4.5,62.1,0,10,2,27.2,5,3.64,"No"
53,19,"Sales",2,4,7.9,0.6,2.5,3.4,39.1,4.2,8.8,0,4,8,17.8,2,2.75,"No"
42,19,"Finance",5,3.5,12.61,1.65,3,2.7,81.9,3.2,8.4,0,6,4,22,5,1.24,"Yes"
22,19,"HR",5.8,3.7,9.17,1.66,2.6,3.5,64.3,3,43.9,0,9,6,25.6,5,3.21,"No"
40,18,"Marketing",0.3,3.8,12.71,1.78,3.5,3.1,58.1,2.6,18.1,0,4,5,62.7,2,3.53,"Yes"
38,18,"HR",1.2,1.2,8.18,1.22,4.1,4.3,73.4,3,26.8,0,7,2,36.5,3,3.63,"No"
49,17,"Sales",2.9,7.2,13.68,1.84,3.2,3.8,59.3,3.1,28.7,1,6,3,40.2,2,3.29,"No"
30,13,"HR",17.5,6.5,37.74,6.67,2.7,3.8,66.4,2.1,44.7,0,9,4,62.4,4,1.91,"No"
46,18,"Marketing",0.8,3.2,8.32,1.46,3.1,5,93.9,2.7,37.5,0,12,4,21,2,3.5,"No"
35,15,"Sales",4.7,6,8.58,1.49,2.5,2.9,69.2,3,26.7,0,10,3,30.7,0,3,"Yes"
41,17,"Operations",1.3,0.5,15.49,2.67,3.5,4.3,69.4,1.4,30,0,9,9,34.1,3,3.11,"Yes"
39,17,"Technology",0.9,4.1,11.58,1.2,3,3.7,45.1,1.5,22.1,0,7,3,14.8,2,3.13,"No"
48,16,"Technology",0.8,0.3,6.67,0.66,3.4,3.7,79.4,3.8,17.1,0,7,4,8.2,4,1.86,"No"
21,17,"Marketing",4.8,6.1,11.22,1.85,2.6,4.4,54,4.3,14.9,0,6,6,19.4,4,3.73,"No"
40,18,"HR",7.9,4.8,14.65,1.09,4.6,4.1,65.3,4.2,45.1,0,10,5,29.4,0,4.91,"No"
33,17,"Operations",18.9,3.6,22.84,3.61,3.6,3.5,70.1,2.9,9.2,0,7,6,28.6,5,3.95,"No"
47,18,"HR",11.7,2.9,17.91,1.88,4.9,2.8,48,3.2,26.6,0,11,6,16.6,1,2.9,"No"
33,19,"Sales",0.8,6.3,6.54,1.2,4.3,3.4,68.9,3.8,71.5,0,10,8,55.4,5,3.7,"Yes"
46,15,"Marketing",9.1,1.5,20.49,2.84,3.5,3.9,75.4,2.2,35.5,1,8,2,12.2,2,2.7,"No"
35,20,"Technology",5.5,2.8,10.18,0.86,1.4,1.7,49.2,3.5,34.4,0,10,3,16.1,2,4.82,"No"
24,13,"Sales",2.6,1.3,10.7,1.77,1.9,4.1,49,1.6,12.9,0,5,7,33.6,0,3.29,"Yes"
36,17,"Operations",0.9,2.9,7.49,0.82,3.9,2.8,54.4,3.7,52.9,1,7,5,9.4,2,2.38,"No"
22,13,"Sales",8.4,2.4,14.99,1.41,4.7,3.4,53.8,4.5,29.6,0,9,3,27.2,1,4.19,"No"
28,15,"Sales",4.7,4.9,16.53,0.97,3.2,5,73.2,3.9,14,1,7,6,30.4,3,4.2,"No"
30,16,"Finance",0.8,5.5,6.74,0.42,4,4.2,90.7,2.8,36.5,0,8,3,7,1,1.99,"No"
34,15,"HR",9.4,3,12.62,2.47,3.4,2.7,85,2.2,35.8,0,12,1,80,3,2.15,"Yes"
28,13,"Technology",17.4,6.6,39.57,3.54,3.8,3.2,75,4.5,17.6,1,9,3,48.4,5,3.8,"No"
28,18,"Sales",14.2,2.2,11.28,1.85,2.8,3,62.2,2.3,62.8,0,14,5,32.6,5,4.32,"No"
31,15,"Technology",2.9,2.8,11,2.12,4.6,2.7,69.7,3.1,12.7,0,5,6,26.3,4,3.52,"No"
48,13,"Finance",1.9,3.4,10.91,0.95,4.3,3.9,81.9,3.4,18.1,0,5,6,71.2,2,3.62,"Yes"
30,16,"Technology",3.8,0.7,8.61,1.4,2.4,1.7,69.9,2.4,17.6,1,7,5,22.6,2,4.04,"Yes"
34,16,"Marketing",13,5.6,15.5,0.79,2.5,2.6,89.6,3.7,47,1,11,6,28.1,5,3.6,"No"
25,16,"Technology",0.9,3.3,15.77,1.9,3.5,4.4,77.7,2.9,13.8,0,3,4,14.8,3,2.45,"Yes"
33,13,"Marketing",3.5,0.3,13.25,1.68,3.8,4.1,45.6,4.1,31.8,0,7,1,29.5,0,2.81,"No"
34,13,"Operations",1.2,4.6,4.73,0.43,3.4,3.4,97.9,3.5,33.1,1,5,3,10.2,3,4.05,"Yes"
28,19,"Operations",4.7,4,10.06,0.64,3.8,3.7,24.1,4.7,72.3,0,9,5,16.8,5,2.73,"No"
24,17,"Operations",5.4,8.3,9.31,1.66,2.5,2.8,48.7,3.8,22.2,0,8,2,37.3,4,1.94,"No"
36,15,"Technology",6.5,3.5,16.41,0.96,3.4,3.4,39.4,1.4,30.5,1,8,8,17.9,4,3.19,"No"
44,19,"Operations",3.6,8,7.85,1.11,1.5,4.3,71.2,3.9,39.2,0,7,3,61.9,5,3.71,"No"
51,15,"Marketing",2,0.3,10.26,1.89,2.7,3.9,24.9,2.9,14,1,7,3,14.9,0,2.54,"No"
33,15,"Marketing",1.2,3.7,9.91,0.64,3.6,2.8,56.1,3.6,17.1,1,4,4,37.1,4,3.48,"No"
23,14,"Operations",25,7.7,18.01,1.93,3.1,3.1,33.5,1.7,29.1,0,9,3,26.6,3,3.75,"No"
28,16,"Operations",7.4,8.3,14.41,2.23,4.6,3.7,70.6,5,79.2,1,11,2,50.8,5,3.91,"No"
30,15,"Marketing",24.5,12.1,41.19,2.93,2.5,4.1,52.6,2.6,52.2,1,14,3,45.4,0,3.28,"No"
39,14,"HR",6.3,4.8,9.81,0.88,5,3.5,59.3,2.9,29.7,1,8,3,58.2,4,4.35,"No"
24,16,"Marketing",7,2.9,18.09,3.56,2.2,1.9,72.3,1.9,36.6,0,10,5,34.3,5,2.75,"Yes"
48,18,"Technology",2.4,3.3,10.07,1.28,4,5,79.5,3.5,27.2,0,4,4,30.5,0,3.97,"No"
30,15,"Finance",5.4,3,13.33,1.77,4.1,4.4,58.6,4.6,38,0,9,2,37.9,4,3.87,"No"
38,18,"Technology",0.3,5.1,12.14,0.62,4.3,3.8,85.3,3.3,14.1,0,7,1,43.7,3,3.57,"Yes"
37,16,"Operations",6.3,4.9,8.57,1.65,3.3,3.7,62.4,3.1,42.4,0,12,1,48.2,0,2.73,"No"
37,16,"HR",17.6,5.9,27.43,2.69,3.5,3.8,58.8,3.2,18.5,1,10,1,11.5,4,4.7,"No"
21,12,"Sales",8.8,5.2,14.18,2.08,3.3,3.9,65.2,2.1,23.3,1,7,8,41.6,3,2.68,"No"
36,14,"Finance",9.7,2.8,14.47,0.97,3.8,2.4,54.3,2.8,14.7,0,6,5,14.6,5,2.18,"No"
32,16,"Operations",10.2,6.3,21.64,2.6,4.8,3.6,51,4,33.4,1,8,10,14.6,2,4.22,"No"
49,17,"Sales",13.4,5.5,21,2.22,3,3.3,77.2,2.4,45.2,0,9,3,62.4,4,2.67,"Yes"
48,13,"Finance",3.1,4.2,15.31,1.69,2.8,5,40.6,2.9,31.8,1,7,5,25.5,5,4.99,"No"
30,20,"Technology",0.5,4.3,7.62,0.97,3.7,3,75.8,2.8,27.7,0,6,1,23.6,0,1.31,"No"
26,17,"Sales",7.2,4,11.52,1.11,3.2,4.9,86.7,3.7,49.7,0,9,5,43.3,3,2.87,"Yes"
46,14,"Operations",3.4,1.7,8.78,0.84,4.2,4,73.5,2.7,13.7,1,4,4,28.9,4,3.98,"Yes"
44,16,"HR",4.6,1.2,7.59,0.83,3.6,3.9,48.4,2.2,52.3,0,9,5,35.1,2,3.31,"No"
28,17,"Technology",6.2,2.7,10.15,0.6,2.6,3.6,45,2.2,27.3,0,9,5,6.3,3,3.64,"No"
39,19,"Operations",1.4,3.4,9.62,0.97,3.3,4,67.8,1.4,34.7,0,7,4,36.3,5,4.44,"Yes"
43,19,"Finance",12.8,3.3,24.23,3.77,2.2,2,53.5,2.5,61.5,0,14,4,29.9,2,3.54,"No"
47,15,"Sales",2.6,2.5,7.52,0.87,2.8,2.5,54.2,4.3,27.9,0,5,4,55.7,4,3.51,"No"
27,17,"Technology",3.6,4.9,9.03,1.57,2.3,3.2,65.4,2.8,22.7,1,9,7,21.6,1,3.55,"Yes"
36,19,"Technology",7.1,4.8,11.66,1.32,3.6,4.2,72.2,3.9,43.3,1,11,2,29.9,4,4.16,"No"
31,12,"Sales",3.3,2.6,6.48,0.48,3.8,3.3,73.4,2.9,13.5,0,6,5,12.9,3,4.5,"No"
41,17,"Sales",8.6,8.1,15.85,2.7,2.7,2.6,54.1,2.9,53.2,1,12,4,14.5,5,2.39,"No"
40,12,"Operations",15,6.3,23.41,2.77,1.7,3.1,54.1,3.4,40.3,0,11,8,6.4,3,3.8,"No"
43,17,"Operations",2,4.4,7.6,1.39,2.7,3.4,84.8,3,46.2,1,7,6,24.5,2,2.62,"No"
31,15,"Operations",0.5,0.3,6.4,0.47,2.4,2.9,75.9,1.9,73.7,1,11,5,17,2,2.09,"No"
25,14,"Finance",1.1,3.8,15.37,1.14,2,5,90.9,3.9,29.1,0,7,6,11.1,1,4.33,"No"
32,17,"HR",7.7,5.3,14.23,2.13,3.6,3.6,68.6,3.4,45.7,1,9,2,55.5,5,3.11,"No"
36,16,"Technology",2.5,2.3,11.77,1.49,4.9,3.7,40.4,2.4,50.1,0,8,4,20.3,4,3.17,"No"
39,18,"Finance",5.6,2.1,11.89,1.3,2.9,3,58.1,2.1,24.6,0,9,7,19.7,5,3.4,"No"
30,15,"Finance",21.4,9.4,22.53,1.58,3.9,3.6,23.9,2.6,16.1,0,8,3,42.8,0,4.39,"No"
36,14,"Operations",15.4,10.3,17.04,2.94,4.9,1.6,63.9,3.7,7.1,0,6,4,9.5,3,5,"No"
31,18,"Marketing",0.4,3.5,6.67,0.34,3.4,3.4,58.5,3.4,31.9,1,7,5,27.7,4,3.61,"No"
40,15,"Finance",7.4,2.8,6.51,0.59,2.8,3.1,49.4,3.4,23.6,1,7,4,47.9,3,3.89,"No"
37,16,"Finance",1.4,0.4,6.71,0.39,3,4.5,52.1,1.9,71.7,0,11,7,23,5,2.94,"No"
36,15,"Finance",10.7,4.2,17.86,1.65,2.3,3,81.3,3,30.7,0,7,5,35.6,0,3.64,"Yes"
43,18,"Finance",0.6,3.9,13.84,0.79,1.8,4,57.4,3.8,36.1,0,9,6,30.9,3,2.95,"No"
21,19,"Operations",2.6,1.5,9.97,1.64,4.1,2.7,50,3.1,41.1,1,10,3,12.1,2,3.37,"No"
32,12,"Marketing",6,4.5,12.02,1.18,4,4.3,39.8,3.8,13.3,0,6,5,39.9,5,4.79,"No"
34,12,"Operations",6.1,8.7,10.54,0.94,4.9,2.9,48.8,2.7,28.2,0,7,3,23.3,3,3.01,"No"
26,16,"Sales",0.3,0.3,6.39,0.87,4.6,3.8,72,3.7,53.7,0,8,3,15.7,3,3.39,"No"
46,17,"Sales",2.6,4.7,11.75,2.23,3.1,2.5,66,1.7,36.7,0,5,1,36.1,1,3.67,"Yes"
38,16,"Operations",6.4,2.7,8.01,1.3,3.6,3.7,44.5,3,19.7,0,5,7,27.3,4,2.59,"No"
43,18,"Technology",1.3,2.2,5.38,0.48,4.1,4.4,60.9,2.8,27,0,7,9,25,5,4.04,"Yes"
30,16,"HR",0.9,0.3,6.98,0.65,2.7,4.7,54.3,2.9,25.6,1,6,4,49.5,2,3.45,"No"
24,20,"Sales",5.8,1.7,12.58,1.73,3.1,4.3,88.5,2.6,11.3,1,7,4,69.1,4,3.55,"Yes"
52,16,"Technology",3.5,5.9,11.75,2.19,1.7,3.5,54.5,3.3,60.6,1,8,7,15.7,4,2.12,"No"
31,17,"Sales",6.2,4.8,13.56,1.92,4.2,2.6,15,2.2,34.8,0,6,5,45.7,1,4.95,"No"
36,14,"HR",9.1,6.8,14.86,1.21,3.8,4.1,26.3,3.5,10.5,0,7,5,14.2,3,2.31,"No"
33,15,"Sales",2.9,3.2,11.59,1.42,3.4,4.2,47.7,3.3,32.5,1,9,7,21.9,2,3.87,"No"
25,20,"Finance",1.3,4.8,10.6,1.58,3.5,3.7,53.6,3.3,42.3,0,4,6,34.3,2,1.19,"No"
30,18,"Sales",1.2,1.6,12.27,1.77,3.8,4.3,63.9,2.7,28,0,6,2,37,2,2.82,"Yes"
33,19,"Operations",3.2,4,14.54,2.4,5,4.1,64.5,3.6,16.3,1,5,4,76.7,1,2.63,"No"
39,17,"Technology",1.2,2.8,8.88,1.68,2.5,4.2,45.2,3.6,14,0,3,2,15.7,3,2.7,"No"
34,15,"Finance",5.4,1.6,9.06,1.41,3.5,3.7,71.5,1.7,24.8,1,9,4,26,3,3.93,"No"
55,16,"Operations",0.5,7.5,10.45,1.72,4,4.3,96.4,4,12.7,0,7,3,52.3,1,3.43,"Yes"
21,14,"Technology",0.8,0.3,6.51,1.23,3.9,3,35.2,2.2,35.3,0,7,3,58,0,3.7,"Yes"
37,17,"Marketing",0.3,0.3,5.14,0.82,3.8,3,71.4,2.2,14.4,1,7,3,15.8,2,4.45,"No"
26,15,"Operations",8.4,3.9,11.77,0.75,4.1,4.1,55.2,4,69.8,0,13,0,30.2,4,4.91,"No"
36,12,"Technology",0.3,6.8,5.84,0.68,4.5,3.7,57.4,3.4,38.7,0,10,8,45.5,3,2.62,"No"
29,16,"Operations",3.1,3,6.53,0.51,3.6,2.6,63.8,2.6,24.2,0,8,3,4.4,0,1.81,"No"
42,19,"Sales",11.9,5.5,20.43,1.52,2.6,5,54.8,4,51.7,0,13,6,50.8,5,4.67,"No"
31,14,"Operations",2.3,3.5,12.21,1.69,4.1,2.1,83.3,2.9,26.6,1,8,3,18,5,2.67,"Yes"
36,17,"Sales",1.7,3.3,15.13,1.51,3.4,3.5,42,2.8,14.7,0,7,7,50.5,5,3.53,"No"
21,14,"Operations",2.8,4.7,10.38,1.38,4,5,40.8,3.5,57.8,0,11,1,52.9,3,4.55,"No"
34,18,"Operations",1.8,6.1,9.98,1.55,2.1,3.5,57.2,3.2,12,0,6,5,25.1,4,2.66,"Yes"
32,15,"Sales",11.6,3.1,15.24,2.92,4.4,4,38.9,2.6,19.9,0,7,3,19,4,2.1,"No"
28,16,"Technology",3,4.9,9.98,0.68,3.5,2.6,60.8,1.3,34.1,0,6,6,28.4,2,2.78,"Yes"
25,14,"Operations",2,0.3,10.34,0.86,2.8,3.6,40.5,4.6,13.7,1,5,5,28.7,5,4.05,"No"
40,14,"HR",5.9,6.6,13.87,1.71,3.4,4.3,36.9,4.9,34.1,1,10,3,16.1,2,4.37,"No"
47,14,"Technology",1.1,4.3,9.84,1.88,2.9,2.5,71.3,3.3,15.8,0,6,8,30.5,2,2.73,"Yes"
30,17,"Technology",4.8,1.1,11.99,1.99,3.2,2.8,65.4,2.3,50.4,1,8,2,22.8,2,4.79,"No"
38,14,"Sales",11.5,7.8,18.29,3.31,2.7,3.5,48,5,26.8,0,7,3,27.3,4,2.96,"No"
43,17,"Technology",5.8,7.5,12.82,2.08,3.9,2.2,57.7,3.1,40.8,1,11,1,30.1,2,3.67,"No"
30,16,"Marketing",1.9,5.8,6.7,0.54,3.3,3.8,58.4,3.2,18.3,0,5,3,28.1,4,4.72,"Yes"
46,19,"Sales",18.9,10.3,19.41,1.57,4,4.3,46.5,3.1,35.7,0,11,5,28.2,5,3.12,"No"
32,16,"HR",1.9,4.9,12.21,1.85,4.4,2.4,68.1,3.3,29.6,0,6,8,24.3,3,3.66,"Yes"
32,17,"Sales",0.3,3,5.58,0.39,2.6,3.4,27.7,4.3,22.1,0,5,4,18.8,2,3.32,"No"
28,15,"Technology",1.3,2.5,8.03,1.46,4,4,100,5,64.3,0,11,5,24.4,5,4.15,"No"
35,14,"HR",8.9,9.7,11.16,1,3.1,3.1,43.8,2.4,7.8,0,8,6,23.2,3,4.91,"No"
27,17,"Technology",8.7,7,17.15,3.05,4.3,3.3,53.5,2.4,49.5,1,10,5,37.6,3,3.09,"No"
32,13,"Technology",3.3,4.7,12.43,2.27,2.5,4.7,35.3,3,39.9,1,8,3,10.9,3,4.4,"No"
36,19,"Technology",9.4,6.9,16.1,2.86,4.1,2,47.8,4,15.5,0,10,4,17.8,5,3.26,"No"
39,12,"Sales",11.7,0.5,19.75,1.63,3.6,3.4,44.3,3.7,66.6,0,12,3,24.2,5,1.99,"No"
27,17,"Operations",11.4,6,19.16,1.09,3.9,3.3,60.9,2.4,49.4,0,12,6,19.5,4,3.4,"No"
32,17,"Operations",7.7,6.4,9.54,1.19,4.2,2.7,40.5,3.1,31.7,1,7,3,40.6,3,3.88,"No"
41,17,"Finance",1.9,0.3,8.03,0.87,2.6,3.3,64.7,3.5,19.5,0,8,7,20.2,4,3.58,"No"
31,15,"Operations",0.6,1.3,4.77,0.28,2.6,3.9,47.5,3.5,18.2,1,6,4,42.7,3,3.32,"No"
48,19,"Sales",6.3,7.3,10.09,1.52,2.5,3.8,65.9,4.1,28.8,1,7,7,57.8,0,2.29,"No"
21,13,"Technology",3.6,4.6,12.02,0.78,3.1,2.8,55.2,3.3,38.8,0,7,2,23.7,3,4.5,"Yes"
30,15,"Finance",15.4,8.9,24.76,3.52,2.3,3.1,48.4,2.5,19.8,1,10,6,30.8,5,4.19,"No"
31,16,"Operations",1.2,4.1,7.17,0.77,2.4,4.8,50.3,2,17.3,0,5,2,67.1,4,3.55,"No"
21,18,"Sales",15.8,3.8,27.23,3.57,4.4,4.9,62.8,4.1,42,1,12,5,30.6,0,3.77,"No"
32,17,"Finance",5.6,5.6,12.42,2.07,2.5,2.5,71.1,2.4,28.5,1,7,7,3.3,5,3.2,"No"
32,18,"HR",3.3,3.2,11.33,0.7,4,3.1,42.1,4.1,41.2,1,9,4,4.6,3,3.25,"No"
41,15,"Finance",13.1,5.5,14.47,1.21,2.8,4.3,52.1,3.2,44.8,0,10,2,12.4,4,4.45,"No"
44,19,"Sales",4.5,5.6,10.97,1.05,2.1,4.3,65.1,3.5,17.5,0,6,4,61.3,4,3.96,"Yes"
35,17,"Technology",0.8,4,8.12,1.44,4.4,3.5,88,3.7,17.8,0,5,9,67.6,0,4.88,"Yes"
26,14,"Sales",0.9,5.9,7.57,0.75,3.2,2.8,65.6,3.3,60.4,0,10,3,52.3,5,1.66,"No"
28,17,"HR",6.6,6,11.63,1.48,3.7,4.9,51.5,3.8,38.5,0,7,3,17.6,4,3.76,"No"
29,14,"Finance",2.5,4.8,8.23,0.73,4.9,4.5,55,2.8,35.8,1,7,5,23.2,5,3.7,"No"
24,18,"Operations",8.7,2.8,10.92,1.59,3.1,2.7,61.3,3.6,38.2,0,11,7,46.8,4,2.04,"Yes"
48,17,"Technology",2.9,1.2,7.49,0.82,4,3.3,41.6,2.9,22.7,1,5,8,10.4,2,5,"No"
31,15,"Technology",1.5,2.1,8.98,0.8,4.2,4.2,86.4,2.3,61.2,0,12,5,34.7,2,3.06,"No"
27,15,"Marketing",4.2,4.6,7.46,1.36,3.8,3.9,75.1,4.3,15.2,1,6,4,40.5,0,4.31,"No"
38,17,"Operations",0.3,4.7,10.53,1.81,2.6,3.9,50.8,2.8,29.7,0,8,4,39.1,3,4.02,"No"
23,16,"Sales",2.4,5.8,10.02,1.98,2.1,3.2,82.6,4,18.2,1,8,4,25.9,2,1.67,"Yes"
43,12,"Operations",11.6,4.4,14.01,1.48,3.6,3.6,85.4,1.8,57.2,0,10,7,18.1,5,4.88,"No"
36,18,"Finance",2.1,6.2,7.01,1.1,3.7,3.4,65.1,3.9,19.8,0,6,5,39.8,1,3.42,"No"
30,17,"Marketing",4.6,2.3,12.18,0.95,3.1,4.5,65.1,2.7,16.6,1,7,4,35.6,2,3.55,"No"
30,17,"Technology",2.9,3.6,12.63,2.16,2.6,2.9,52.3,2,33,0,5,5,33.8,0,3.74,"No"
56,16,"Operations",1.2,6.5,8.34,0.63,3.8,2.3,52.6,4.4,9,0,4,5,44.6,4,2.49,"No"
36,12,"Technology",10.9,7.2,10.37,1.18,3.9,3.1,65.8,3.4,13.1,0,7,6,3.1,5,3.03,"No"
34,18,"Finance",0.9,2.5,11.17,1.49,2.4,3.7,56.9,3.2,61,0,9,1,22.5,3,2.54,"No"
32,17,"Sales",1.9,2,10.41,1.59,4.9,1.8,82.1,4.1,11,0,4,1,17.6,4,2.03,"Yes"
32,12,"Operations",7.6,5.3,14.22,2.74,4,3.8,75.7,2.8,59.6,0,10,8,72.8,2,3.23,"No"
39,18,"Operations",7.4,6.5,13.89,2.69,3.1,4.2,52.7,4.6,19.6,1,6,2,20.8,2,2.73,"No"
31,16,"Operations",5.8,6.1,12.76,1.32,3.8,2.8,49.6,4.3,43.2,0,8,9,13.7,3,2.57,"No"
41,15,"Technology",2.3,5,10.27,0.99,2.7,3.8,52.5,2.5,17.8,0,6,5,13.5,1,4.13,"No"
21,15,"Technology",1.7,0.6,12.37,1.63,3.5,2.8,79.2,2.3,35.9,0,9,4,23.3,1,4.17,"Yes"
37,18,"Technology",2.1,1.4,8.89,1.1,4.8,3,87.1,2.1,56.8,0,11,4,42.6,4,2.07,"Yes"
38,15,"Finance",3,5.4,11.74,0.92,3.6,1.9,56.5,2.5,5,1,5,2,16.8,0,4.2,"No"
31,16,"Marketing",3,1.5,12.8,2.37,3,2.3,82.5,1.2,12.7,0,7,6,10.2,0,4.36,"Yes"
30,16,"Operations",8,5.7,10.67,0.99,3.3,4.2,51.4,3.1,21.8,0,2,4,22.8,2,4.19,"No"
39,13,"Technology",11.7,4.4,22.83,1.2,2.9,5,47,3.2,27.1,0,8,10,36.1,1,3.98,"No"
25,13,"Technology",2.4,0.3,10.26,0.78,3.5,1.5,52.1,1.9,29.6,0,5,4,12.2,4,2.56,"Yes"
38,15,"Finance",3,0.5,15.76,2.66,2.7,3.9,54,2.7,28.2,0,7,8,13.2,5,3.65,"No"
44,15,"Marketing",9,7.6,13.36,1.13,2.4,3.3,56.5,3.5,84.1,0,15,4,56.8,1,4.05,"No"
26,14,"Sales",14.8,6.7,19.41,1.62,3.5,2.6,57.4,2.5,31.8,0,10,5,34.3,3,4.53,"No"
42,18,"Finance",3,4.6,11.11,1.92,3.7,2.7,63.4,2.4,45.8,1,9,5,64.8,2,3.75,"No"
48,14,"Technology",4,4.1,12.13,0.84,4.3,2.1,68.1,3.5,19,1,8,8,68.8,5,2.79,"Yes"
42,16,"Technology",0.4,4.6,9.41,0.89,4.3,3.5,58.4,2.5,36.4,0,10,8,23.9,2,3.43,"No"
42,18,"Operations",1.5,4.1,9.44,1.2,4.4,3.7,79.2,3.6,39.1,0,7,3,19.8,3,2.76,"No"
30,14,"Operations",5.8,2.7,10.08,0.6,2.8,3,53.3,2.1,22.2,0,7,4,80,3,3.21,"Yes"
38,16,"Technology",20.6,8.8,22.46,2.16,3.7,4,40.3,3,16.7,0,11,4,67.5,2,3.07,"No"
28,15,"Finance",5.9,2,10.74,1.39,3.6,3.4,75.9,2.5,34.4,0,8,8,38.9,2,3.55,"No"
27,12,"Technology",10.1,6.2,12.66,1.57,2.5,3.2,75.5,2.5,50.1,0,5,3,24.3,2,3.93,"No"
33,18,"Operations",2.6,1.4,14.31,2.17,3.1,2.9,36.8,3.2,32.3,1,7,4,49.4,1,2.68,"No"
43,15,"Technology",0.9,0.3,10.19,0.69,4.3,3.2,37.5,2.8,40.6,1,6,3,40.6,0,3.5,"No"
37,19,"Operations",1.3,5.7,10.47,0.68,3.9,5,78.1,3.6,45.7,0,9,4,25,1,4.41,"No"
31,13,"Operations",2.2,3,7.47,1.22,3.4,3.8,52.9,2.3,46.8,0,10,3,22.7,5,4.66,"No"
37,18,"Marketing",11.9,2.6,18.28,2.9,4.5,2.5,54.6,3.3,57.6,0,13,7,23.9,2,4.13,"No"
33,16,"Technology",1.9,2.8,11.17,1.92,2.1,3,49.5,2.8,20.7,0,7,3,37.6,4,4.25,"Yes"
26,14,"Marketing",0.3,3.7,18.3,3.23,4.6,4.3,71.7,2.5,51.3,0,10,7,29.7,2,3.43,"No"
34,18,"Finance",12.4,6.1,20.36,2.43,3.1,3.7,57,2.9,20.5,0,8,5,7.4,2,3.46,"No"
36,17,"Marketing",2.6,6.1,15.56,1.29,3.3,4.4,45.2,3.6,61.7,0,13,5,7.6,3,4,"No"
31,16,"Marketing",2,1.5,9.93,0.71,3.9,3.9,84.1,3.4,7.5,0,5,3,41.5,5,2,"No"
25,18,"Marketing",4.4,5,8.4,1.1,1.9,3.1,61.8,3.3,58.8,1,12,3,13.7,3,3.24,"No"
23,19,"Technology",7.7,2,8.43,0.55,4.3,3.1,53.6,2.6,49,1,8,2,35.2,4,3.98,"No"
37,16,"HR",7.9,5.1,12.42,0.92,4.6,4.3,38.3,3,27.5,0,8,2,23.1,2,4.2,"No"
30,19,"Operations",7.6,2.8,12.83,1.66,3.1,4.3,48.4,4.2,29.6,0,8,4,11.1,3,4.01,"No"
43,17,"Technology",8.2,3.7,18.81,3.74,3.6,2.8,83.3,3,16.2,0,6,4,23,0,4.18,"No"
29,17,"Marketing",0.4,3.9,8.38,1.25,2.1,3.1,67,4.6,15.6,1,7,1,29.3,1,2.79,"No"
32,17,"HR",9.3,3,13.29,1.25,5,3.8,67.4,2.9,32.5,0,6,5,49.1,3,2.36,"No"
23,17,"Finance",9.9,4.9,14.84,0.87,2.6,4,61.6,5,32.7,1,11,4,60.4,4,4.59,"No"
25,16,"Finance",2.1,4.7,8.89,0.69,3.9,3.9,77.2,2.5,33.6,1,7,9,20.1,2,2.65,"No"
21,15,"Technology",2.3,3.3,11.49,1.56,3.5,4.2,65.7,3.5,42.4,1,9,3,61.8,1,3.32,"No"
44,17,"Technology",8.7,2.6,15.71,0.98,4,4.7,65.1,4.7,21.7,1,7,5,31.1,4,3.16,"No"
43,12,"Sales",3.8,6.4,14.78,1.28,3.1,2.9,55.2,3.5,50.8,0,11,7,33,3,2.49,"No"
25,16,"Operations",0.3,3.4,12.49,1.62,2.9,3.2,66,3.1,29,0,7,3,26.6,2,3.84,"No"
26,19,"Marketing",12.3,8.2,14.18,2.56,4.2,2.7,75.1,2.9,50.1,1,9,4,17.2,2,2.9,"No"
23,18,"Operations",3.9,4.9,13.04,1.14,3.1,3.4,69.1,1.7,20.6,0,5,1,23.7,3,3.14,"Yes"
28,17,"Sales",1.7,2.5,9.86,1.72,3.5,2.3,73,2.8,99.9,0,14,5,36.6,0,3.79,"No"
34,13,"HR",2,0.5,11.74,0.89,3.2,3.7,65.6,3.8,81.3,0,11,6,49.3,3,4.18,"No"
41,16,"Marketing",0.9,3.2,8.87,1.63,2.9,4.4,41.4,4.1,35.1,0,9,4,26.6,4,4.5,"No"
33,16,"Operations",3.9,2.9,9.53,0.51,3.1,4.1,65.4,2.9,20.6,1,8,7,52.8,1,3.05,"No"
28,17,"HR",0.6,3.8,7.13,0.7,4.1,3.2,45.1,1,38.3,0,8,2,29.2,5,5,"No"
41,18,"HR",11.2,3.9,12.09,1.64,3.5,3.4,51.1,3.3,33.6,0,10,5,45.8,4,2.17,"No"
42,18,"Technology",0.5,0.3,7.45,1.23,3.6,3.5,45.7,3,55.8,0,7,5,33.3,1,4.19,"No"
21,16,"Sales",3.5,5.8,10.56,1.75,3.3,3.1,91.4,3.9,40.5,1,6,5,59.2,1,4.55,"Yes"
40,16,"Technology",2.2,3.1,8.01,1.11,4.4,5,29.2,2.9,9.6,0,4,2,44.8,2,2.97,"No"
39,16,"Finance",23,7.1,19.65,2.5,4.6,2.6,39,3.9,24.1,0,11,3,42.9,2,1.48,"No"
42,12,"Sales",1,1.2,8.7,0.88,4.5,3.9,62.7,2.8,35.7,1,5,2,35.7,0,3.34,"No"
46,16,"Sales",0.3,1.8,8.97,0.91,3.7,2.4,66.7,3,47.6,1,9,4,1.6,3,3.36,"No"
36,15,"Operations",2.9,0.3,5.51,1.04,3.7,2.4,69,5,37.3,0,8,7,43.6,4,2.7,"No"
40,12,"Sales",4.8,4.5,14.75,1.52,1.8,4.1,57.3,5,44.6,0,10,3,15.4,0,3.64,"No"
47,15,"Technology",0.3,4.2,5.37,0.73,3,5,58.8,2.8,32.6,0,6,2,34,4,1,"No"
29,17,"Technology",5.5,1.1,11.08,0.58,3.9,3.5,78.9,4.5,16.7,0,5,2,24.3,3,3.23,"No"
27,16,"Finance",3.8,1.1,13.75,2.36,5,4.2,41.9,3.6,25.1,0,7,8,17.8,0,4.33,"No"
42,14,"Marketing",8.3,5.6,14.07,2.29,4.3,3,61.9,3.6,20.4,0,7,6,33.9,2,4.07,"No"
27,15,"Operations",1.9,2.6,8.11,0.47,4.2,3.7,59.5,2.5,26.4,1,6,1,25.3,5,4.73,"No"
48,16,"Sales",7,3.5,21.7,1.84,2.8,4.5,57.5,2.8,43.4,1,13,5,78.7,2,4.49,"No"
30,15,"Sales",1.1,2.6,7.11,0.67,3.7,3.1,55.3,3.6,31.1,0,9,6,26.6,1,5,"No"
21,13,"Technology",1,2.4,6.91,0.64,4.1,3.5,52.1,3.2,20.6,0,5,1,17.4,3,2.25,"No"
37,19,"Operations",0.8,5.8,6.45,0.67,3.7,4.7,46.3,2.9,9.3,1,7,4,15.7,2,3.63,"No"
38,13,"Marketing",13.1,6.4,18.28,2.06,3.6,3.8,69.1,2.9,25.9,0,10,3,32.4,2,2.7,"No"
47,15,"Operations",1.1,1.9,9.81,1.22,3.4,2.6,74.2,3.2,30.8,0,9,7,17.4,3,4.78,"No"
36,16,"Technology",6.2,0.9,9.77,1.67,3.4,3.5,73.5,2.9,42.2,0,9,6,8.4,0,3.87,"No"
37,16,"Technology",1.7,3.3,10.89,0.57,3.9,3.4,37.2,4.3,32,1,7,1,8.8,3,3.54,"No"
22,17,"Sales",19.1,4.2,21.96,3.17,3.6,3.7,71.2,2.3,29.8,0,9,3,11.6,4,3.81,"No"
28,14,"Sales",1.1,3.5,10.7,0.84,3.5,3.1,26.4,2,30.5,0,7,7,30.3,0,3.09,"No"
41,17,"Marketing",4.4,2.9,8.9,1.55,4,3.3,62.8,3.1,24.2,0,6,5,36.3,3,2.13,"Yes"
21,17,"Technology",5.3,5.2,13.53,1.45,3.7,3,69.2,3.1,38,1,9,5,9.1,3,3.92,"No"
28,15,"Operations",20.1,7.4,29.63,4.73,2.6,2.5,80.6,2.9,34.6,1,10,1,12.4,2,3.83,"No"
37,18,"Finance",1.7,6.5,9.1,0.81,2.1,4.1,60.3,2.8,56.8,0,10,6,48,4,4.35,"No"
35,17,"Technology",4.7,0.3,9.02,1.6,3.2,2,90.7,3.3,18.5,0,7,4,23.5,1,4.65,"Yes"
29,18,"Operations",6.4,2.6,12.79,1.04,2.6,5,47.8,3.7,24.6,1,8,3,36.3,4,4.05,"No"
42,15,"Operations",21.1,11.7,20.31,3.56,2.6,3.3,78.6,2,32.1,0,10,2,10.4,1,2.07,"No"
25,16,"Marketing",0.8,0.8,11.01,1.72,3.2,3.6,59.6,2.9,18.4,0,4,4,51.5,2,4.67,"Yes"
32,19,"Technology",2.6,1.4,6.77,0.51,3.4,3.7,64.7,3.7,34.1,0,10,2,29.6,0,3.13,"No"
21,14,"Marketing",3.7,4.7,5.94,0.88,4,2.5,52.5,3.2,42.1,1,9,3,42,1,4.42,"No"
33,18,"Finance",1.2,5.7,5.56,0.66,1.9,3.1,56.1,3,24.4,0,6,3,19.5,5,4.27,"Yes"
48,14,"Sales",1,0.3,8.35,1.25,3.9,2.5,57.7,2.7,26.6,0,8,1,16.7,5,2.46,"No"
48,17,"Operations",10.4,2.8,11.64,1.58,3.4,3.9,66.5,3.3,24.4,0,7,1,12.8,5,3.57,"No"
38,18,"Marketing",5.5,1.7,11.38,1.01,1.7,4.4,67.4,3,92,0,15,4,29.6,1,2.83,"No"
31,18,"Operations",2.7,1.5,11.15,1.78,4,3.5,31.4,2.7,20.2,0,4,5,29.9,3,3.11,"No"
27,16,"Finance",0.8,4.5,6.24,0.49,3.5,4.4,71.4,3.1,25.4,0,9,3,15,3,3.94,"No"
40,16,"Marketing",6.5,5.8,7.98,0.85,3.9,3.6,88.6,3.5,53.2,0,10,2,18.1,3,5,"No"
27,15,"Sales",1.4,0.7,6.06,0.94,3.4,2.5,73,2.3,13.7,0,3,4,60.1,5,2.91,"Yes"
26,12,"Technology",2.9,3.9,9.56,0.9,3.6,2.3,68,2.3,44.1,1,9,2,51.1,5,4.17,"No"
35,17,"Operations",7.9,5.6,16.17,3.12,5,5,51.6,4.7,33.7,0,9,5,20.5,2,3.44,"No"
40,17,"Technology",8.5,2.9,14.9,2.32,4.6,2.4,72.6,2.8,21.5,1,7,5,29.1,4,4.13,"No"
42,19,"Marketing",8,4.6,17.63,1.24,2.9,4.1,49.3,2.1,14.5,0,7,8,13.7,4,2.55,"No"
47,15,"Sales",0.7,7.1,7.76,1.46,3.6,3.4,40.7,4.3,35.6,1,5,3,43.7,0,2.81,"No"
31,17,"HR",5.8,1.4,10.24,0.89,2.5,4,83.1,2.7,28.8,1,6,6,22.5,1,4.37,"No"
34,16,"Sales",6.1,3.3,14.14,1.39,1.5,3.3,52.9,3.2,29.8,0,8,9,15,5,4.23,"No"
31,17,"Sales",12.6,3.4,13.24,1.67,3.8,3.9,49.5,3.5,23.7,1,8,5,10.1,0,3.91,"No"
37,16,"Marketing",1.1,1,8.34,0.44,3.2,4.3,56.6,3,36.5,0,9,7,20.6,3,3.76,"No"
51,14,"Sales",5.3,2.6,10.34,1.07,4.6,3.6,82.7,5,32.4,0,6,8,28.1,1,3.14,"No"
44,19,"HR",0.4,2,6.11,0.95,3.9,3.6,70.4,4.8,22.1,0,8,4,71.9,2,4.06,"No"
36,13,"Technology",9.7,1.8,18.46,1.79,3.7,4.1,50.1,2.4,49.5,0,8,3,11.8,1,3.33,"No"
37,17,"Sales",1.6,0.9,9.75,1.64,1.4,3.1,95.3,2.3,24.2,1,7,1,35.8,4,4.21,"Yes"
37,16,"HR",0.6,3.4,9.72,1.37,3.3,3.2,55.9,3,28.3,0,5,6,20.6,2,3.85,"No"
36,15,"Sales",5.7,5.8,9.68,0.8,2.9,3.8,52.9,4.5,61.4,1,12,7,29.2,2,4.68,"No"
29,18,"Marketing",3.8,3.2,8.57,1.06,3.5,5,55.9,2.6,29.8,1,9,7,9.9,2,2.08,"No"
38,12,"Sales",0.3,4.7,9.05,1.73,3.9,4.8,63.3,2.7,17.5,0,5,5,52.5,1,2.36,"No"
42,19,"Operations",1.3,2.5,16.1,1.99,2.8,3.3,57.1,3.6,13,1,3,4,65.1,4,4.11,"Yes"
47,12,"Operations",3.8,4.8,11.79,0.95,3.6,3.7,75.2,3.6,41.6,0,8,3,36.7,0,4.59,"No"
49,14,"Technology",10.6,4.8,12.52,1.58,3.8,3.2,56.1,3.6,77.6,1,14,5,7.6,3,4.41,"No"
35,14,"Marketing",0.3,1.2,10.92,1.85,1.8,3.7,62.3,3.5,18.6,0,4,6,32.1,1,4.22,"Yes"
31,16,"Finance",0.6,1.8,8.48,0.47,5,3.4,72.5,3.6,21,0,7,2,35.9,4,4.59,"No"
44,19,"Finance",8.4,3.7,10.69,1.74,3.2,3.5,58.3,4.5,35.3,0,8,3,19.6,3,3.54,"No"
40,16,"Finance",1.6,0.8,9.72,0.87,4.3,2.6,53,4.3,32,0,9,9,47.3,3,3.97,"No"
42,16,"Technology",8.6,8.2,11.57,0.82,3.2,2.9,49.9,3.9,40.3,0,9,5,38.6,3,3.14,"No"
26,19,"Finance",4,7.9,10.54,0.66,4.1,3.1,41.4,2.9,21.5,1,7,6,70.7,2,3.97,"No"
37,13,"Sales",4,0.8,7.7,1.12,3,2.7,50.2,3.2,17.8,1,6,4,80,5,3.55,"Yes"
49,17,"Technology",8.4,4.3,16.8,3.07,3.5,3.4,56.2,1.9,23.2,0,6,4,23,3,3.11,"No"
33,12,"Finance",1.2,0.7,12.19,1.23,3.3,4.8,70.6,5,25.6,0,7,5,22.8,3,2.57,"No"
35,15,"Operations",21.3,10,22.5,3.82,4.6,3.5,50,4.4,54.2,0,14,7,31.9,2,3.77,"No"
43,17,"Sales",2,6.5,11.88,0.89,4.4,4.6,49.6,2.5,10.1,0,4,3,14.3,0,2.68,"No"
35,15,"Technology",3.1,0.5,8.65,1.62,3,2.9,79.1,3.1,38.1,0,7,4,28.3,4,2.77,"Yes"
21,17,"HR",3,2.7,16.85,2.93,4,3.7,49.2,2.1,23.7,0,6,5,28.8,5,2.16,"No"
24,17,"Technology",1.6,2.4,9.19,0.74,4.2,2.9,69.8,2.7,22.3,0,9,8,21.8,4,3.75,"Yes"
37,13,"Finance",5.9,3.6,11.85,0.82,2,2.1,59.5,2.8,23.7,1,7,3,12.8,3,3.15,"No"
27,17,"HR",3.9,1.7,10.66,2.05,1.7,3,44.6,4.2,8.7,0,5,7,18.8,5,3.56,"No"
30,20,"HR",13.3,8,18.86,3.06,2.9,4,70.7,2.9,44.8,1,11,4,23.7,1,4.94,"No"
42,20,"Marketing",0.5,6.2,6.48,0.92,3.6,3.2,65.2,2.5,19.1,0,4,3,46.5,4,4.27,"No"
28,18,"Sales",0.3,1.9,6.77,0.42,2.3,2.9,46.6,1,19.7,0,6,4,16.3,2,2.6,"Yes"
27,18,"Sales",6.3,2.3,11.16,1.49,2.4,2.5,47.3,3.1,40.7,0,6,1,19.7,0,2.19,"No"
26,18,"Finance",10.6,4.2,11.5,1.98,4.1,4.4,58.1,3.1,30.7,1,8,4,25.3,5,1.69,"No"
40,17,"Sales",2,3.4,7.45,0.83,4.6,3.5,72.1,4.2,42.2,1,9,5,19.2,0,2.36,"No"
29,18,"Sales",11.7,7,13.56,1.43,3.8,3.6,49.6,3.6,21.8,1,9,6,18.6,3,2.84,"No"
44,16,"Technology",1.7,2.3,12.66,2.2,2.5,3.2,43.9,3.7,34.5,1,5,4,20,4,2.95,"No"
36,15,"Operations",2.4,3.5,9.53,1.86,2.5,3.4,52.4,5,19.1,1,7,3,16.3,5,3.38,"No"
39,18,"Sales",8.1,0.3,15.96,1.07,2.7,3.5,58.8,2.2,18.7,0,9,3,46.3,4,3.21,"Yes"
27,17,"Marketing",0.4,1.5,6.48,0.33,3.7,2.7,48.8,1.4,34.1,1,6,5,19.7,1,2.99,"No"
29,19,"Operations",10.3,7,11.49,1.22,2.7,2,46.1,4.1,37.9,1,8,4,76.7,3,3.45,"No"
36,12,"Operations",0.5,0.3,7.42,1.21,3.5,3.8,82.7,2.6,13.1,0,4,4,4.4,4,4,"No"
54,12,"Sales",0.8,3.4,9.97,1.22,4.5,3.5,48.9,2,13,0,3,3,9.6,0,3.89,"No"
41,17,"Operations",1.4,2.4,12.23,2.18,3.3,3.7,36.9,3.3,20.7,1,7,6,19.2,5,2.6,"No"
36,18,"Operations",4,2.6,13.5,1.46,3.7,3.2,40.6,3.4,13.3,0,4,4,66.8,1,4.1,"No"
40,17,"Marketing",7.3,5,11.39,2.12,2.7,3,100,4,26.4,0,8,1,11.4,3,2.24,"No"
28,17,"Operations",10.8,6.2,10.65,1.93,2.2,2.9,64,3.4,33.6,0,10,6,38.1,3,4.09,"No"
34,20,"Sales",11.1,7.8,15.89,1.38,4.2,5,81.7,3.4,29.8,0,10,4,52.7,1,3.76,"No"
49,19,"Marketing",0.8,5,6.5,0.53,4.7,4.9,54.4,2.7,19.8,0,8,7,47.5,1,3.19,"No"
47,12,"Marketing",2.6,4.7,12.68,0.66,3.5,4.4,55,3.3,29.9,0,8,2,14.1,5,3.53,"No"
41,14,"Marketing",2.9,5.5,7.85,1.41,5,3.4,62.8,2.3,10.2,1,7,5,32.6,4,2.77,"No"
22,16,"Finance",4.1,4.8,7.77,0.45,3.6,3.3,69.6,4,34.1,0,8,4,15.8,0,3.85,"No"
23,18,"Sales",0.3,2.9,10.48,1.5,2.6,2.2,56.5,3.9,57.7,1,9,4,44.7,2,3.41,"No"
42,16,"Technology",6.9,4.4,12.74,0.88,1,4.1,42.6,2.6,16.8,0,4,4,25,2,2.62,"Yes"
21,13,"Finance",4.3,3,14.78,2.43,4.5,4.1,28.4,1.7,36.9,0,7,8,25.9,4,3.52,"No"
24,19,"Operations",3.1,3.8,11.75,1.65,4,3.2,40.4,1.3,47.5,0,10,3,38.7,1,3.27,"No"
33,16,"Finance",3.6,2.7,6.37,0.46,3.4,2.4,37,1.9,35.4,1,10,6,28.2,3,3.25,"No"
26,13,"Finance",2.1,6.2,11.36,0.79,2.5,3.1,62.4,3.7,21.1,0,7,4,17.6,1,3.54,"No"
26,14,"HR",3.9,4.2,10.8,1.41,3.1,3.9,62.1,4.1,20.7,0,3,1,34.4,4,5,"No"
51,14,"Finance",5.5,0.3,11.97,0.94,2.5,2.8,44.9,2.1,28.1,0,8,2,23.6,3,3.75,"No"
37,17,"Sales",8.4,6,14.25,2.75,2.6,3.1,65,2.1,19.7,1,6,4,22,3,4.88,"No"
37,16,"Technology",21.8,7,26.15,4.46,2.4,3,78.8,1.3,20.1,0,11,4,44.8,3,3.64,"Yes"
21,15,"Sales",3.3,5,9.39,1.69,2.1,3.9,90,4.3,29,1,9,10,34.4,5,3.73,"Yes"
28,18,"Operations",3.2,3.6,7.91,1.21,4.1,3.2,77.7,2.5,24,0,7,4,13.5,0,2.18,"No"
33,17,"Operations",0.5,2.5,11.52,1.37,3.9,4.6,34.2,2.8,20.4,0,7,2,30.2,4,4.19,"No"
26,16,"Operations",1.7,2.3,8.1,0.61,2.8,2.2,66.5,4.1,5,0,5,5,33.6,1,3.36,"Yes"
31,16,"HR",0.7,0.3,7.6,0.45,2.8,1.9,82.6,3.4,14.5,0,4,2,8.3,0,3.59,"No"
31,19,"Technology",6.3,3.1,8.46,1.69,2.8,3.8,79.8,2.5,58.1,0,11,4,14.9,4,4.02,"No"
31,20,"Operations",0.7,2.9,9.05,0.68,3.6,1.7,52.2,3.1,17.9,0,9,0,64.7,1,3.98,"Yes"
44,15,"Sales",0.4,0.3,11.1,2.18,4.1,3.5,57.5,3.2,23.3,0,7,7,17.4,3,4.28,"No"
33,20,"Technology",0.3,0.3,6.84,1.3,2.4,2.9,57.5,2.9,23.3,0,6,7,40.6,4,3.61,"Yes"
51,17,"Sales",0.3,0.3,10.47,1.63,3.5,4.1,73.8,2,29.8,0,7,6,78.1,0,2.42,"Yes"
40,14,"Technology",2.4,8,12.91,0.65,2.9,4.1,34.9,1.8,25.6,0,5,6,38.9,3,1,"No"
34,20,"Finance",0.3,3.9,6.63,0.74,4.4,2.5,58.3,3.6,35.6,0,8,3,14.4,0,1.94,"No"
40,15,"Technology",5.8,4.9,17.13,1.94,3.2,5,53.4,3.7,32.2,0,8,9,23,4,4.28,"No"
29,18,"Marketing",5.1,2,11.13,0.73,3.3,3.3,77.4,2.6,17.9,0,7,7,21.1,4,3.63,"Yes"
43,13,"Finance",3,0.8,13.26,1.71,2.4,3.9,69,2.3,23.9,0,9,4,33.7,4,3.5,"Yes"
44,17,"Operations",1.9,4,10.55,1.36,4.1,3.1,41.3,1.3,49.6,0,10,2,24.4,3,2.56,"No"
36,17,"Marketing",17.3,7,16.35,2.68,3.7,4.3,85.7,3.9,8.6,1,10,4,24.9,5,2.43,"No"
24,16,"Marketing",14.7,4,15.67,2.14,4,3.6,57.4,3.9,16.6,0,9,6,11.5,1,1.74,"No"
38,20,"Technology",2.1,3.2,9.07,1.09,5,3.4,72.2,2.3,29.6,0,9,4,30.9,3,4.5,"No"
21,17,"Technology",12.1,4.3,19.38,3.69,1.7,3.6,64.3,2.6,56,1,11,3,2.7,5,3.92,"No"
51,17,"Sales",2.7,1.2,6.14,0.8,4.4,3.4,48.8,4.2,10.8,0,7,4,32.8,4,2.89,"No"
24,17,"Operations",1.2,1.9,9,1.67,4.3,2.7,51.3,3.7,25.8,0,11,4,14.5,1,3.78,"No"
40,12,"Finance",0.3,5,6.26,1.12,3.3,4,60.1,1.9,51.3,0,9,4,21.1,5,2.42,"No"
36,15,"Technology",5.4,9.7,11.1,2.22,3.2,4.1,60.8,2.8,12,0,6,3,38,5,3.11,"Yes"
34,18,"Sales",1.8,3.1,5.65,1.07,2.5,3.3,47.1,2.8,40.5,0,9,7,55.7,4,3.06,"Yes"
32,16,"Technology",3.9,2.3,14.02,0.77,3.3,3.1,56.7,4.2,81.4,0,12,1,55.8,4,5,"No"
40,16,"Technology",3.4,5.1,7.57,1.36,3.9,2.8,62.8,4.1,28.5,0,7,4,26,4,3.07,"No"
38,16,"Finance",1.4,6.4,9.29,1.58,2.2,3.1,57.9,3.3,36.7,0,9,5,8.3,4,4.3,"No"
44,15,"Sales",10.4,3.5,17.49,3.3,3,2,66.2,3.6,27.6,0,7,4,16.3,0,4.09,"Yes"
36,14,"Operations",4.4,2.2,10.91,2.12,3.2,3.9,68.6,3,17.7,0,8,2,31.1,4,3.55,"No"
32,13,"Finance",0.8,4,6.53,0.99,2.5,2.9,37.7,3.8,19.6,1,8,3,12.8,5,1.35,"No"
21,15,"Operations",0.5,0.8,9.09,0.51,3.6,4.5,52.2,2.5,40.5,0,8,6,20.7,4,4.19,"No"
31,18,"Technology",0.3,0.3,8.28,1.62,4.5,4.3,73.9,3.1,36.9,0,8,5,38.4,0,2.88,"Yes"
49,14,"Marketing",1.1,0.3,8.4,1.19,3.6,2.5,62.3,3,20.3,1,4,8,57.5,5,3.18,"Yes"
32,15,"Technology",8.5,4.3,8.98,0.7,4.6,2.2,54.4,2.5,53.1,0,10,3,32.4,2,4.02,"No"
31,15,"Technology",3.6,3.1,9.2,1.47,3.7,3,64.6,5,42.7,1,7,2,23.3,2,3.52,"No"
37,19,"Technology",4,5.9,9.56,1.43,3.4,3.4,85.4,2.4,25.1,1,7,5,28.4,1,3.26,"Yes"
24,16,"Sales",4,1.4,9.86,0.94,3.3,4,44.4,3.2,19.5,0,8,4,30,4,3.38,"No"
28,17,"Operations",0.3,4.7,7.02,1.38,3.4,3.6,34,2.9,18.3,1,6,4,63.2,4,2.9,"No"
25,18,"Sales",0.3,5,9.83,1.41,3.8,3.7,39.7,2.4,25.2,0,6,4,8.4,2,3.48,"No"
44,14,"Technology",5.5,6.4,12.02,1.12,3.3,5,74.1,3.1,46.2,0,11,4,34.9,3,2.71,"No"
26,14,"Operations",11.9,9.5,15.38,2.37,3.1,2.8,72.2,3.7,44.2,0,8,6,32.1,3,3.2,"No"
28,18,"Sales",2.1,1.9,8.22,1.36,3.6,4.4,75.1,3.4,23.1,0,8,4,13.6,4,4.04,"No"
39,13,"Technology",23.4,10.9,24.32,2.02,5,3.7,73.8,3.9,35.7,0,10,4,2.7,2,2.59,"No"
37,17,"Sales",0.3,1.4,8.75,1.3,2.5,5,66.3,3.6,33.5,1,4,4,58.3,0,3.98,"No"
47,16,"Technology",7.7,9,15.66,2.82,4.4,3.3,40.2,3.2,43.5,0,7,6,27.1,4,3.38,"No"
31,17,"Sales",1.4,5.6,7.75,1.33,5,1.9,31,4.3,37.7,1,10,10,16.2,2,5,"No"
26,20,"HR",2.9,2.7,11.14,2.01,3.9,2.8,66.1,2.2,36.9,0,9,4,14.7,3,4.53,"No"
34,16,"Technology",4.9,2.8,9.8,1.89,3.5,2.6,52,2,18.4,0,7,5,39.9,4,3.91,"Yes"
37,13,"HR",2.4,5,6.96,0.63,4.8,3.2,55.9,3.5,52.7,1,10,2,10.4,2,2.75,"No"
27,17,"Marketing",0.7,2.3,6.16,0.48,2.6,4,75.3,2.8,51.5,0,7,5,61,0,3,"Yes"
39,16,"Finance",2.4,5.2,9.43,1.75,3.3,3.1,53.1,2.8,28,0,7,5,31.9,3,3.64,"No"
42,16,"Technology",11.1,7.1,18.19,1.12,2.4,2.6,29.7,3.5,43.9,0,8,1,21,3,3.99,"No"
35,19,"Sales",0.5,1.1,10.95,2.16,5,3.9,69,3.8,51.5,0,10,2,17.9,2,4.02,"No"
22,19,"Technology",0.4,4.4,7.58,1.32,5,3.9,91,4.6,31.5,0,6,6,28.7,3,3.17,"No"
39,19,"Technology",0.3,4,8.75,0.69,2.9,3.8,52.4,2.9,23.6,0,7,5,7.9,0,3.68,"No"
32,17,"Operations",7.2,7.1,14.15,1.19,3.5,4.6,43.4,3.1,10.2,0,8,6,49.6,4,4.38,"No"
34,16,"HR",0.3,1.1,7.97,1.39,4.2,3.1,69.2,4.4,44.7,0,7,2,20.6,1,2.62,"No"
24,17,"Technology",5,2.9,9.22,0.75,3.4,3.2,36.7,2.4,16.9,0,8,5,47.4,3,1.95,"No"
34,12,"Technology",4.9,2.9,8.9,1.09,2.2,2.9,43.1,3.8,34.1,1,7,5,16.2,1,3.5,"No"
32,15,"Operations",1.6,4,9.21,1.78,3.4,5,81.4,4.4,21.9,0,5,3,29.3,1,4.13,"No"
21,20,"Operations",4,5.6,11.8,0.61,4.5,4,31.6,3,16.5,0,5,8,14.8,2,1.57,"No"
48,14,"Sales",16.8,4.7,28.85,3.95,2.9,4.2,58.8,1,37.6,0,11,4,23,2,3.28,"No"
42,19,"Finance",3,1.4,13,2.58,2.8,3.6,47.5,4.2,36.1,0,8,8,80,2,4.8,"No"
44,19,"Technology",5.7,2.1,12.28,2.36,3.5,3.5,53.5,3.5,19.8,1,8,5,23,0,3.99,"No"
44,19,"Operations",11.2,3.2,16.76,2.72,2.7,2.6,75.9,4.8,8.1,0,10,3,54.6,5,3.15,"No"
34,16,"Operations",0.9,3.6,6.64,1.12,5,3.9,47.9,1.8,21.8,0,4,4,32.8,3,2.65,"No"
48,15,"Technology",16.2,7.6,24.62,4.58,4.3,2.7,67.1,1.9,36,1,10,1,39.3,3,3.06,"No"
28,14,"Sales",3.1,5.4,12.92,0.89,4.3,3.5,82.2,3.6,17.9,1,9,10,6.6,5,3.83,"No"
31,16,"Sales",0.8,0.6,10.41,1.47,3.3,3.8,53.7,2.5,19.6,0,8,1,80,4,3.3,"Yes"
27,19,"Technology",0.7,1.7,11.61,1.32,3,3,82.7,2.5,52.3,0,12,2,28.5,5,2.99,"Yes"
32,17,"Finance",8.4,3.6,9.98,0.73,4.2,3.6,37.6,1.7,36.3,0,8,12,45.6,4,3.3,"No"
40,15,"Technology",3.5,6.7,7.55,0.96,3.2,2.5,48.4,2.8,51.6,1,12,5,24.3,5,2.92,"No"
29,16,"Technology",1.6,4.7,6.83,1.03,2.5,5,64.2,1.3,34,1,6,7,16.7,4,2.64,"No"
45,13,"HR",3,5.4,10.81,0.93,3.7,2.6,64.1,3.5,52.2,0,8,5,39,4,3.26,"No"
36,16,"Sales",0.3,5.7,8.05,1.16,4.3,4.2,54.3,2.8,37,0,5,5,28,5,4.08,"No"
43,16,"Marketing",0.5,2.6,9.23,0.69,4,4.2,35.9,3,20.9,0,4,4,25.2,4,2.54,"No"
34,17,"Operations",0.5,3.3,9.91,1.92,3.1,3.3,80.5,3.2,50.7,0,10,0,5.8,4,2.15,"No"
38,15,"Sales",4.4,4.9,12.66,2.46,4.4,3.1,60.2,1.7,69.7,0,9,4,6.4,3,2.44,"No"
46,16,"HR",11.9,3.2,7.47,1.03,3.2,3.2,82.2,3.5,7,0,6,5,25.8,0,3.68,"No"
21,13,"Operations",0.3,1.9,9.9,1.18,4.6,4.2,100,1.7,39.4,1,7,5,22.6,1,3.2,"Yes"
45,16,"Finance",4.9,7.6,10.81,1.28,4.8,4.5,74.1,4.3,37.1,0,8,2,19.4,2,3.39,"No"
27,18,"Operations",6.6,4.6,10.42,0.62,3.5,4.6,54.1,2.8,60.8,0,10,4,43.4,1,3.44,"No"
41,18,"Technology",5.6,1.1,9.74,0.83,3.8,3.9,75.1,1.6,54.6,0,9,4,34.1,1,3.37,"No"
31,18,"Technology",14.8,5.4,19.86,3.55,3.2,3.6,58.2,3.7,46.2,0,11,4,11.6,5,4.15,"No"
21,19,"Technology",5.3,0.3,6.65,1,5,3.5,49.4,2.1,78,0,12,3,22.9,2,3.56,"No"
35,16,"Operations",0.3,2,13.37,0.9,3.3,3.5,71.5,2.3,43.8,1,5,4,12.6,2,2.62,"No"
42,14,"Finance",4.7,2.4,11.71,2.21,4.8,4,53.3,3.3,52.6,1,10,2,50.6,5,3.5,"No"
38,16,"Technology",0.3,4.5,6.15,0.31,4.4,4.8,52.6,3.1,15.5,0,7,4,39.9,4,3.88,"No"
28,15,"Finance",3.4,2,10.94,1.59,2,4.5,75.3,2.3,11.5,0,5,4,20.1,0,2.89,"No"
29,16,"Sales",3.5,2.3,9.34,1.79,2.7,3.8,59.6,2.7,15.5,0,3,5,17.4,5,2.68,"Yes"
24,15,"Technology",6.8,1.8,11.16,2.18,3.7,3.2,84,3.6,21.2,0,6,4,53.5,3,3.92,"Yes"
42,16,"Technology",2.7,3.5,10.06,0.58,2.6,4.4,80.2,2.3,38.2,1,8,6,20.6,0,3.14,"No"
26,17,"Technology",7.8,7.3,13.25,1.32,4.2,2.4,68,4.2,24.9,0,9,8,41.8,2,3.93,"No"
34,15,"Sales",7.5,2.2,13.81,0.79,3.1,3.6,45.8,3.9,33.4,1,8,4,41.4,3,3.78,"No"
41,13,"Finance",4.6,5.5,8.77,1.24,3,1.7,67.4,3.4,23.9,1,7,4,24.8,4,2.31,"No"
35,16,"Finance",4.3,3.4,12.19,1.21,4.1,3.5,52.3,2.4,7.7,1,3,1,46.2,4,2.62,"No"
50,18,"Operations",23.7,7.8,44.64,3.81,2.9,1.8,34.3,1.8,19.3,0,8,4,2.7,3,2.46,"No"
29,19,"Finance",1.4,2.9,12.51,1.29,4.1,3.6,54.7,2.7,36.3,0,9,3,48.4,1,4.71,"No"
32,18,"Technology",12.4,4.4,16.8,2.66,1.2,3,89.2,4.1,18.4,1,8,6,28,4,3.39,"Yes"
30,15,"Sales",3.5,2.8,10.96,1.76,2.8,3.3,34.7,5,22,0,8,2,4.5,3,3.86,"No"
50,15,"Technology",1.1,4.2,12.21,1.54,4.7,2.5,49.7,2.4,15.3,1,6,2,23.4,4,3.47,"No"
25,18,"Operations",25,9,25.27,2.57,3.8,4.7,46.8,3.3,47.1,0,15,7,29.5,4,2.94,"No"
41,16,"Marketing",0.6,0.8,9.4,1.16,3.9,4.3,67.2,3.8,10.4,1,6,5,19.4,4,3.44,"No"
36,15,"Finance",5.3,2.9,12.18,1.13,3.2,3.8,73.1,4.3,47.8,0,11,7,28.8,4,3.16,"No"
46,13,"Technology",2.5,7.6,8.39,0.74,3.4,3.1,66.5,2.8,24.7,1,7,5,17.3,5,2.42,"No"
29,16,"Sales",7.5,4.6,9.43,0.47,4,3.3,50.9,3.4,68.9,0,11,5,48.1,5,3.94,"No"
43,16,"Technology",5.6,1.7,7.68,1.34,4.4,3.1,15,2.6,10.6,0,6,4,57.4,1,3.03,"No"
32,15,"Operations",7.2,4.8,12.2,1.2,3.8,3.7,40,2.2,24.5,0,8,4,31.9,5,3.23,"No"
43,13,"Operations",0.3,3,7.12,0.79,3.9,2.3,69.7,1.9,51.8,0,11,8,64.2,5,4.02,"Yes"
23,14,"Finance",2.7,3.2,13.99,0.73,2.8,3.7,65.8,3.4,12.9,0,8,5,31.3,3,3.78,"No"
42,17,"HR",0.4,1.9,4.98,0.95,2.7,2.1,79.9,3.5,56.4,1,10,5,39.5,1,4.9,"Yes"
45,17,"Technology",1.2,1.6,10.01,1.75,3,2.9,49.8,1.4,14.9,0,7,5,8.9,2,1.47,"No"
33,14,"Sales",1.1,6.7,5.64,0.58,4.4,3.5,79.2,2.5,25.3,0,7,5,44.3,4,2.78,"Yes"
40,20,"Sales",5.8,5,15.36,1.14,3.4,1.8,70.6,2.1,27.6,0,7,3,30,4,3.02,"Yes"
37,18,"Finance",0.3,5.6,9.17,1.53,5,4,61.1,1.7,22.3,0,5,4,20.4,3,3.06,"No"
45,18,"Finance",3.2,1.2,13.85,2.57,3.2,4.3,48.3,2.7,74.5,0,13,3,29.7,0,3.04,"No"
46,14,"Operations",12.8,4.9,17.89,1.34,3.6,4.7,48,3.4,10.9,1,8,6,32,3,3.19,"No"
38,20,"Marketing",5.7,5.1,16.18,0.93,3.1,3.7,67,3.2,32.1,1,6,8,31.8,1,4.06,"No"
39,14,"Sales",1.8,1.7,6.98,0.61,4.1,3.6,65.1,2.3,34.2,0,7,6,14.6,4,3.85,"No"
22,17,"Technology",4.5,1.5,11.95,1.65,3.8,3.4,75.3,3.8,42,0,7,4,24.7,1,3.26,"No"
37,17,"Sales",13.5,7.5,18.51,0.94,3.4,4.1,64.2,2,20.3,0,11,4,60.2,3,4.54,"No"
41,18,"Operations",1.6,4.2,8.14,1.43,2.7,3.5,68.6,2.9,32.3,0,7,6,57.5,4,2.08,"Yes"
41,20,"Sales",0.9,0.9,8.42,1.34,3.9,3.8,15,3.8,26.2,1,7,4,27.5,3,4.66,"No"
27,17,"Operations",8.8,6.9,9.61,0.94,2.9,4.5,58.9,3.2,12.8,0,6,4,53.1,2,1.65,"No"
34,17,"HR",8.1,5.6,21.61,1.22,3.7,2.8,60.5,4.8,15.7,0,8,6,13.9,3,3.71,"No"
33,18,"Marketing",5.9,6.3,12.97,1.69,2.9,2.4,73.9,3.3,25.9,0,8,2,40.7,5,2.84,"Yes"
45,16,"Technology",19.5,8.8,25.25,2.09,3.6,2.4,57.7,2.2,27.1,0,10,3,27.6,0,4.44,"No"
35,12,"Sales",0.3,0.6,8.77,0.46,2.7,3.7,70,3.4,26.1,0,8,4,23.1,3,3.93,"Yes"
38,18,"Finance",3.2,5.2,12.93,2.08,3.6,3.3,38.6,3.7,44.3,1,11,9,16.1,5,3.62,"No"
35,13,"HR",1,2.8,8.29,0.91,3.2,3.4,77.9,3.2,39,0,7,3,38.8,4,1.92,"Yes"
50,16,"Technology",1.9,4.3,10.09,1.64,3.5,2.3,48.7,3.2,43,1,9,4,22.5,1,4.77,"No"
42,15,"Sales",7.3,3.9,13.63,0.71,3,3,74.4,3.8,41,0,8,8,38.6,5,4.42,"Yes"
50,16,"Technology",0.6,1.9,10.82,1.47,1.8,2.5,59.6,3.1,47,0,6,4,18,5,3.76,"No"
47,17,"Technology",9.3,3.4,12.65,2.18,3.8,2.8,31.7,4.3,5,0,7,1,25.2,3,3.26,"No"
40,12,"Finance",1.5,5.8,10.35,1.93,3.7,4.4,52.6,3.8,37.4,0,7,7,31.9,3,4.32,"No"
43,18,"Sales",0.9,0.9,6.94,1.34,2.7,3,48.2,5,8.4,1,6,6,43.1,5,2.36,"No"
44,16,"Technology",1.6,3.2,12.33,1.24,2.8,4.1,53.7,4.2,65.5,0,12,7,11.8,4,4.53,"No"
23,15,"Operations",2.9,2.2,8.49,1.31,3.9,5,53.8,2.9,19.9,0,6,0,54.8,1,4.41,"No"
29,16,"Finance",2.5,0.4,12.21,1.61,3.2,4.4,63.6,3.3,62,0,10,3,26.1,0,4.03,"No"
23,16,"Technology",10.8,8,15.79,1.61,3.5,4.5,78.1,4.2,21.6,1,6,5,14.4,3,2.73,"No"
38,19,"Technology",2.1,5.2,10.54,0.53,4.2,3.9,60.4,2.3,15,0,7,3,20.6,4,4.18,"No"
43,13,"Sales",4.1,6.7,9.33,0.64,4.3,3.3,83.4,2.7,41.2,0,8,9,80,3,3.01,"Yes"
35,19,"Finance",10.8,5.5,15.22,1.86,2.8,3.4,56.5,4.2,40.8,0,10,4,41.3,3,2.9,"No"
32,17,"Sales",3.2,3.1,11.75,1.79,4.1,3.6,66,2.7,55.3,1,10,1,13.6,3,2.79,"No"
37,15,"Sales",11.7,1,15.55,2.93,3.1,4.1,49.8,3.6,22.8,0,6,3,50.9,2,4.62,"No"
45,13,"Technology",1.5,3.4,6.88,1.26,2.9,2.9,91.8,3.2,30.3,0,7,1,28.4,2,2.08,"Yes"
31,17,"Sales",4.1,7.2,13.14,2.32,3.5,3.8,38.7,2.3,14.8,0,5,3,80,1,2.81,"Yes"
31,16,"Sales",2.8,4.1,8.87,1.5,3.9,5,34.5,4,30,0,9,2,57.7,3,2.03,"No"
49,15,"Marketing",5.8,3.9,13.83,1.68,2.8,3.5,49.6,3.1,42.6,1,10,4,49.4,5,3.18,"No"
35,14,"Operations",6.1,1.9,11.25,2.17,2.2,1.8,79.7,3.1,71.6,0,14,9,18.5,1,3.45,"Yes"
31,15,"Operations",24.5,5.9,39.58,3.29,2.9,3.8,43.5,3.7,17.1,0,9,4,18.5,1,4,"No"
39,14,"HR",2,3.8,13.32,2.33,3.6,4,64.7,2.6,19.2,0,4,5,29.3,2,4.07,"Yes"
32,13,"Finance",10.9,6.8,8.05,0.91,3.5,2.5,66.9,4.5,33.2,0,11,8,15.9,1,3.58,"No"
30,15,"Technology",2.1,2.5,9.72,1.23,3,3.2,58.2,2.8,17.7,1,8,2,59.6,5,4.4,"Yes"
29,15,"HR",0.5,6.2,7.98,0.56,3.3,2.7,55.3,3.8,51.2,0,8,7,67.4,3,4.19,"No"
32,16,"Operations",5.6,7.1,10.32,1.54,4.8,4.2,79.9,3.8,51.1,1,10,7,15.7,0,3.43,"No"
26,14,"Operations",2.4,2.3,11.87,1.61,3.7,3.9,64,3.8,43,1,9,2,29.8,2,3.5,"No"
33,16,"Sales",0.5,2,7.15,0.53,1.9,2.7,43.1,3,52.4,0,9,7,14.2,3,3.76,"No"
31,13,"Sales",4.1,3.9,9.6,1.54,3.7,3.3,58.1,3,10.1,1,3,3,32,2,4.07,"No"
30,19,"Finance",1.6,4.7,8.56,1.4,3.4,2.8,48,2.8,22.1,0,4,4,19.7,1,2.28,"No"
43,14,"Technology",3.9,4.1,14.23,2.78,3.6,3.6,87.6,3.3,51.8,0,10,5,29.2,5,2.82,"Yes"
37,16,"Operations",0.9,0.3,7.2,0.77,2.4,2.6,51.9,2.8,46.7,1,6,4,40.6,5,2.35,"Yes"
38,16,"HR",15.3,4,25.09,1.73,2.8,3.3,56.1,4.5,13.1,0,7,7,14.6,4,3.84,"No"
47,12,"Marketing",1.2,1.2,10.5,1.95,4.4,3.4,51.8,4,36.2,0,5,5,50.6,2,3.95,"No"
30,17,"Finance",4.2,3.1,11.16,1.44,5,3.3,52.6,1.6,9.9,0,6,9,57.2,1,2.75,"Yes"
28,17,"Sales",2,6.4,12.26,1.32,3.9,3.2,49.3,2.4,12.5,1,7,5,11.9,2,4.1,"No"
43,12,"Finance",3.5,6.3,9.09,1.18,2.8,3.6,50.6,1.7,42,1,10,4,7.2,3,2.25,"No"
31,17,"Technology",2.9,2.9,11.35,1.45,3.4,3.3,47.8,1,20.2,0,4,3,20.1,4,4.46,"Yes"
28,17,"Finance",4.8,3.3,11.12,0.78,3.4,2.8,31.1,2.7,18.5,1,8,2,37.1,0,4.08,"No"
29,20,"Finance",7.6,5.1,10.86,0.69,4.1,2.8,73.2,4.4,39.4,0,8,5,12.4,3,2.96,"No"
38,17,"Operations",3.3,3.7,14.09,2.61,4,3.9,28.7,2.4,19.1,0,6,5,32,3,2.58,"No"
47,19,"Technology",3.7,1,11.33,2.23,4.3,4.4,74.6,2.9,26.3,0,6,6,52.3,3,2.52,"No"
28,15,"Marketing",7.4,4.1,12.13,1.26,4.6,4.2,65.5,2.8,27.7,0,9,4,24.6,3,3.15,"No"
26,15,"Technology",11.3,3.9,11.46,1.97,2.3,3.2,37.1,2.6,22.2,0,9,4,13.7,1,4.35,"No"
37,20,"HR",0.4,5.9,7.31,0.6,3.3,2.7,67.1,3.7,44.4,0,11,1,13.2,2,3.11,"No"
38,14,"Finance",3.2,2.7,6.75,1.29,1.7,2.7,60.2,3.5,52.1,0,11,6,14.3,3,3.32,"No"
21,15,"Marketing",4.6,3.6,14.73,2.93,4,4.8,56.2,3.1,65.1,0,10,5,29.5,4,4.31,"No"
31,17,"Operations",6.8,5.9,12.69,2,4.6,2.5,81.1,4.2,29.6,0,12,4,32.7,0,2.98,"No"
29,14,"Finance",8,2.1,12.52,1.63,4.5,3.3,48.5,2.1,17.5,0,6,3,80,5,2.54,"No"
31,16,"HR",14.2,4,15.06,2.43,1.8,3,65.2,3.4,46.1,1,7,6,16.9,1,2.93,"No"
35,18,"Technology",2.7,1.9,9.18,1.56,3.5,2.1,39.6,2,8.5,0,5,1,21,0,2.11,"No"
28,17,"Operations",1.1,1.4,9.88,0.98,2.8,3.7,58.8,4.5,61.5,0,11,6,62.5,3,3.35,"No"
31,16,"Technology",3.3,0.3,11.77,2.26,4.9,3.4,54.4,3.8,28.1,1,9,4,40.2,0,3,"No"
35,16,"HR",3.6,1.7,12.91,1.15,3.1,4.4,70.1,3.1,17.8,1,6,1,22.2,1,5,"No"
49,13,"Operations",5.2,2.4,11.29,1.6,3.7,3.5,36.3,2.7,17,0,5,4,25.9,4,2.84,"No"
34,17,"Marketing",6.9,2.9,8.75,1.16,2.7,3.1,55,4.6,40.1,0,6,5,22.9,2,2.37,"No"
21,14,"Technology",4.2,2.2,14.72,2.14,3.3,4,47.8,3.1,38.7,0,6,7,34.2,1,2.55,"No"
43,15,"Technology",17.7,5.9,25.27,4.06,2.9,3.2,43.7,2,5.7,0,9,3,19.1,4,3.98,"No"
25,14,"Finance",1.9,3.5,5.04,0.48,2.6,4.6,63,1.6,31.6,1,8,2,32.6,2,4.12,"No"
24,12,"Operations",7,7,17.67,1.92,3.1,1.6,64.5,3.6,18.3,1,5,4,34.5,3,3.97,"No"
46,15,"Finance",0.4,2.1,6.12,1.06,2.8,2.6,83.4,3.2,30.4,0,5,5,25.6,5,3.35,"Yes"
41,17,"Operations",1,5.3,9.08,0.9,3.2,3.7,51.4,3.2,24.7,0,5,3,3.3,3,3.66,"No"
33,12,"Sales",3.7,4.8,7.18,1.3,3.4,4.5,55.2,4.3,47.8,1,8,2,13.1,3,2.13,"No"
44,17,"Marketing",1.9,0.7,6.94,0.62,3.7,3.3,51.6,2.5,46.8,0,10,6,19.6,3,3.04,"No"
43,13,"Marketing",4.2,3.1,11.42,1.62,5,2.6,39.5,3.3,41.2,0,11,2,35.7,5,3.38,"No"
47,17,"Technology",11.5,7.6,9.94,1.62,3.9,2.7,55.7,3.1,37.4,0,9,8,11.8,2,4.01,"No"
31,16,"Technology",5.9,0.9,17.51,1.77,4.2,2.2,49.4,2.1,26.1,0,8,6,30.4,2,3.82,"No"
32,19,"HR",3.4,4.1,8.38,1.55,4.3,3.9,62.8,2.2,32.8,0,4,2,43.3,0,2.47,"No"
31,12,"Operations",5.9,4.3,17.22,1.48,3.4,5,36.7,2.4,25.6,1,6,3,50.4,2,1.96,"No"
37,14,"Finance",5.8,3.1,15.62,1.81,2.6,2.8,57.7,2.9,21.1,0,6,5,27.3,2,4,"No"
39,16,"Technology",11.6,5.7,17,0.87,4.3,3.9,55.1,4.1,20.7,0,11,3,17.2,3,4.75,"No"
35,16,"Marketing",5.1,1.2,7.07,0.64,2.5,3.7,50.2,3.4,23.8,1,8,3,24.5,0,4.15,"No"
33,18,"Technology",0.3,0.3,9.87,1.19,3.9,3.6,47.9,2.7,61.7,1,8,3,19.3,3,2.29,"No"
35,18,"Marketing",2.5,2.9,8.98,1.73,4.8,3,76.7,4.5,12.4,0,6,6,64,5,3.26,"Yes"
38,15,"Technology",11.7,7.8,14.28,2.1,3.3,3.5,89.7,4.2,20.2,1,7,2,32.9,1,3.66,"No"
31,13,"Finance",0.3,2.1,7.24,0.92,2.7,3.4,40.8,3.1,10.1,1,6,2,46.5,0,5,"No"
39,15,"Sales",8.4,3.2,10.69,2.06,4.7,2.8,85.6,3.7,30.4,0,11,6,12,1,2.82,"No"
40,14,"HR",12.6,5.8,19.42,1.59,3.4,3.5,46.1,3.3,20,0,8,4,27.9,2,3.57,"No"
50,17,"Operations",2.4,2.2,8.93,1.7,2.5,4.6,80.6,4,25.3,0,6,3,66.5,0,3.67,"No"
43,15,"Technology",9.7,8.6,12.87,1.27,2.3,4.1,85.8,3.6,15.5,0,6,3,34,5,4.45,"Yes"
29,20,"Finance",15.9,5.9,22.96,3.87,2.1,5,67,3,27.9,0,11,1,80,3,4.58,"Yes"
44,16,"Technology",3.1,0.3,13.05,0.99,4.4,4.7,53.3,2.3,10.5,0,6,5,13.5,2,3.44,"No"
39,16,"HR",6.2,2,14.23,1.09,2.9,4,61.7,2,40.1,0,11,4,21.6,3,3.53,"No"
31,16,"Finance",5,1,7.43,0.99,3.8,1.9,31.7,3.4,37.7,0,8,2,49,2,3.03,"No"
46,15,"HR",1.1,2.1,9.68,1.3,4.3,3.7,83.6,3.4,43.8,1,10,6,35.1,0,3.87,"No"
27,18,"Marketing",9.1,3.6,12.59,2.14,2.8,3.6,59.9,3.3,19.2,1,9,7,19,3,4.07,"No"
21,19,"Operations",1.5,2,8.64,1.21,2.7,2.1,76.3,3.2,43.8,0,7,6,52.8,5,2.76,"Yes"
36,16,"Technology",0.7,2.4,8.16,0.81,4.1,5,46.6,3.6,54.9,0,9,4,11.9,0,2.45,"No"
60,17,"Sales",1.6,0.8,8.37,0.94,3.6,4.7,70.4,2.8,27,1,8,2,54.9,0,3.97,"No"
41,16,"Marketing",0.3,1.3,8.88,0.69,3.3,3.2,86.3,4,30.4,1,8,5,36.8,2,5,"No"
34,14,"Marketing",10,4.1,18.58,1.12,2.7,1.9,54.2,4.3,42.5,1,9,5,13.2,5,3.47,"No"
40,16,"Finance",2.5,3.3,7.41,0.68,3.7,4.3,63.6,2.7,34.9,1,8,10,16.8,2,3.77,"No"
26,18,"Operations",16.9,8.8,16.65,1.05,4.5,2.4,62.5,2,33.7,0,11,3,36.9,3,4.31,"No"
28,14,"Sales",5.2,4.4,12.71,1.88,3.7,3.4,42.2,3.4,72.9,0,15,5,10,3,3.54,"No"
21,17,"Finance",5.1,5,8.88,0.96,3.4,4.3,57.2,2.2,43.3,0,10,3,50.8,5,2.58,"No"
42,16,"Marketing",5.9,4.5,10.4,1.97,2.6,5,51.8,3.4,58.8,1,11,4,34.3,3,3.43,"No"
29,15,"Finance",3,4.4,9.61,0.5,4.2,4.9,41.2,3.9,38,0,10,4,34.5,4,2.85,"No"
33,19,"Operations",12.1,7.8,14.47,1.36,4.5,4.7,57.5,2.1,54.7,0,10,5,42.9,4,4.21,"No"
47,14,"Finance",1.2,7.4,9.4,0.9,3.5,3.8,23.7,4.5,37.5,0,6,10,28.7,1,2.87,"No"
42,17,"Sales",5.5,4.6,9.5,0.79,1,4.4,48.9,3.2,27.2,0,9,5,25.2,0,3.64,"No"
37,16,"Operations",1,3.3,6.96,0.66,3.2,3.7,82.3,2.2,25.4,0,4,6,34.5,2,3.72,"Yes"
35,15,"Operations",1.2,5.6,11.82,1.75,1.7,2.1,66.9,4.3,49.6,0,6,8,23.3,1,4.01,"Yes"
37,14,"HR",1.5,0.3,7.93,1.22,2.5,3.1,62.2,3.8,40.4,0,6,1,32.5,3,1.49,"Yes"
50,14,"Technology",2.7,5.1,8.22,0.62,4.8,3.5,45.6,4.3,38.8,0,10,7,28.8,3,2.42,"No"
41,17,"Marketing",0.3,4,6.98,0.64,2.9,2.9,64.9,3.5,27.9,1,9,3,50.6,3,3,"No"
41,16,"Technology",10.5,2.5,15.05,0.77,2.7,5,46.4,2.3,36.9,0,9,2,12,1,1.56,"No"
28,15,"Marketing",13.9,10.1,18.6,3.46,5,2.3,33.7,4,35.3,0,8,4,36.7,0,3.66,"No"
35,17,"Operations",19.1,11.7,28.14,4.51,3,3.4,62.3,4.3,18.3,1,7,2,24.7,4,3.54,"No"
53,16,"Technology",3.5,2.2,10.39,0.65,2.8,3.6,63.6,2.2,41.9,0,9,3,42.8,3,3.64,"No"
40,16,"Technology",11.6,8,21.61,1.37,5,3.6,38.1,2.5,41.9,0,7,3,21.7,2,2.14,"No"
31,15,"Technology",7.6,0.3,13.93,1.71,4.2,3.5,54.5,4.9,41.4,0,9,3,30,2,2.88,"No"
32,15,"Marketing",7.4,4.2,19.49,2.53,5,3.9,69.3,1.9,25.4,1,9,7,27.2,4,3.37,"No"
33,16,"Marketing",3.6,3.7,10.49,0.68,4.7,4.9,70.9,2.9,46,0,10,4,40.6,0,2.41,"No"
33,15,"Marketing",1,1.8,9.74,0.51,4.4,3,71.5,3.4,32.9,0,8,4,18,0,3.81,"No"
45,15,"Marketing",1.7,0.3,7.3,0.72,3.1,2.8,61.4,4.2,56.1,1,13,9,38.5,1,3.55,"No"
37,14,"Marketing",1.8,5.5,6.74,1.09,3.4,4.4,68.5,2.2,30.8,0,5,5,41.8,0,3,"Yes"
45,15,"Operations",2.2,2,8.2,0.44,3.4,3.4,59.1,3.6,21.7,1,5,8,46.4,1,2.74,"No"
42,15,"Technology",8.3,3.8,11.34,1.46,3.5,4.1,46.3,3.4,20.4,0,7,5,31.7,1,3.22,"No"
33,13,"Marketing",0.6,2.7,9.52,1.41,3.7,2.9,70.5,2.8,19.6,0,8,6,45.6,1,2.92,"Yes"
42,17,"HR",13.2,8.3,13.62,1.23,3.7,3.9,48.3,3.3,36.4,0,8,0,43.8,5,4.72,"No"
29,16,"Sales",2.9,4.5,11.8,2.13,4.1,4.6,71.5,3.8,40.8,1,9,4,17.8,5,4.69,"No"
33,13,"Marketing",0.4,3,9.5,0.91,3.8,4.1,51.5,3.2,48.1,0,10,4,43.3,4,5,"No"
39,18,"Operations",2.3,3.7,9.66,1.41,3.8,2.3,56.4,3.3,24.5,0,5,3,37.1,3,3.4,"No"
48,19,"Operations",11.3,4.1,16.32,1.51,2.7,2.9,86.3,3.8,28.1,1,9,5,9.7,0,3.95,"No"
30,16,"Operations",7.2,5.6,14.37,1.41,5,4.8,51,2.6,48.9,1,11,3,75.5,2,2.33,"No"
42,16,"Sales",9.7,7,14.66,1.16,2.8,4,48.9,4.7,38.9,0,10,5,43.1,5,4.62,"No"
50,16,"Marketing",0.6,0.3,11.36,1.06,3.5,4.8,47,2.5,53.1,0,12,4,13.9,1,3.59,"No"
36,20,"Sales",1.4,4.4,8.23,1.49,2.6,3,63.4,3.7,23.1,1,8,2,16.3,5,3.9,"No"
33,16,"Sales",3.5,7.5,12.07,0.86,3.4,3.6,24.5,3.9,27.5,1,11,5,23.1,5,3.92,"No"
35,12,"Technology",4.7,4.4,8.78,1.33,2.9,2.7,45,2.8,21.3,0,7,2,14.2,3,2.71,"No"
32,18,"Operations",12.5,2.4,23.29,1.38,3.4,3.6,46,2.7,51.6,0,9,2,26.8,3,2.56,"No"
35,13,"Finance",17.1,7,22.26,4.15,2.5,4,59.4,2.3,16,1,9,4,55.7,4,3.94,"No"
28,16,"Marketing",1.5,1.6,6.99,1.09,3.2,3.7,88.3,2.5,24.9,1,7,5,27.5,3,2.04,"Yes"
24,20,"HR",1.7,0.9,10.24,0.55,3,3.1,65.7,2.5,58.7,0,9,4,18.8,2,2.55,"No"
37,17,"Technology",11.2,8.6,8.09,0.85,4.3,3.7,54.1,3.5,40.8,0,10,6,16.4,5,3.57,"No"
34,16,"HR",8.7,3.2,12.55,2.38,3,3.1,68.9,2.6,29.3,1,8,4,21.7,2,2.83,"No"
35,16,"HR",6.9,5.1,15.54,0.93,3.3,3.8,62.7,2.1,32.1,0,12,5,40.7,4,2.32,"No"
38,15,"HR",4.1,4.7,7.61,1.14,3.5,3.4,84.7,3.9,22.8,0,7,3,72.5,4,3.04,"Yes"
38,15,"Marketing",4.9,3.3,11.33,1.49,2.7,3,38.6,3.1,24.9,0,7,1,20.9,0,3.32,"No"
35,17,"Sales",8,6.2,11.63,1.91,3.5,3.4,29.6,3.6,13.2,1,7,7,23.4,5,3.33,"No"
31,14,"Operations",7.7,6.5,10.51,1.79,4.6,3.1,43.7,2.6,12.7,0,8,5,50.1,4,1.59,"No"
37,16,"Operations",6.9,3.2,14.44,1.91,4,3.2,82.4,4,20.7,1,7,3,39,4,1.72,"Yes"
43,16,"Sales",12.2,10.3,17.69,1.51,2.9,2.5,41.6,3.7,45.2,1,9,7,15.9,4,1,"No"
23,17,"Technology",1.7,2.3,10.71,1,2.9,3.4,33.8,3.8,18.6,0,6,3,15.2,2,3.34,"No"
26,18,"Marketing",5.5,2.3,17.17,3.17,3.8,4.1,70.5,3.5,21.8,1,6,5,21.1,2,3.99,"No"
34,17,"Sales",7,2.6,16.23,2.83,3.8,3,70.9,2.9,11.3,0,7,2,23,0,4.08,"No"
38,13,"Technology",0.3,6.7,10.45,1.16,3.5,3.6,78.7,1.9,28,1,5,4,31.6,2,3.91,"Yes"
43,18,"Marketing",4.7,5.5,7.42,0.97,4,2.9,58.9,3.7,43.9,0,9,5,7.8,5,3.49,"No"
49,17,"Technology",2.9,2,12.71,2.2,3,4.2,63.6,1,18,0,8,5,29.3,5,3.65,"No"
42,20,"Finance",0.6,7,9.35,0.63,2.6,3.8,42.2,3.1,49.9,1,10,2,49.9,4,3.86,"No"
36,15,"HR",5.9,5.8,7.92,1.45,2.5,3.8,64.9,2.1,45,0,10,5,34.7,2,2.27,"No"
38,14,"Marketing",8.2,6.4,14.96,2.56,3.3,2.6,28.4,3.3,19.5,0,7,2,25.7,4,1.89,"No"
36,15,"Sales",4.1,4.8,10.59,1.92,3.2,3.9,58.8,3.7,69.3,0,11,3,37.9,3,4.15,"No"
34,16,"Sales",1.1,1,14.45,2.72,3,1.8,47.9,4.2,32.3,1,7,3,34.6,4,4.15,"No"
49,14,"Technology",7.8,0.4,19.2,1.03,1.3,4.6,61.4,3.4,13.5,0,5,4,7.4,2,2.51,"No"
37,18,"Finance",1.1,1,8.39,0.7,2.7,3.5,49.1,3.3,16.3,1,7,2,18.6,4,2.73,"No"
24,16,"Finance",14.5,7,30.24,5.58,4.7,3.1,44.5,4,28.9,0,9,7,27.7,4,2.4,"No"
27,16,"HR",0.3,5.5,8.09,1.6,3.3,3.8,66.2,3.1,35.6,0,6,3,17.3,4,4.81,"No"
37,17,"Marketing",19.9,8.3,19.77,3.06,3.6,4.8,60.1,3.7,57.8,0,15,6,25,3,5,"No"
32,16,"Sales",0.9,3.3,7.88,0.8,4.1,3.8,44.9,2.3,28.4,0,9,3,26.3,5,2.16,"No"
41,14,"Operations",3.5,1.9,11.64,0.8,4.5,3.7,59.3,1.7,19.2,0,6,2,36,3,4.42,"No"
47,16,"Sales",10.6,4.5,16.09,3.09,3.2,3.1,98.8,4.2,23.8,0,8,5,48.6,5,2.53,"Yes"
55,16,"Technology",24.3,5.1,30.43,2.8,2.7,4,74.3,2.3,43.7,0,12,5,39.8,4,3.35,"No"
28,16,"Sales",2.7,2.7,11.07,1.5,2.9,2.3,41.2,3.6,53.1,0,10,8,53.5,5,1.31,"No"
31,17,"Finance",8.1,4.5,11.54,0.6,2.8,4.7,57.5,3.5,34.6,0,6,6,63.8,5,2.89,"No"
34,14,"Operations",1.2,4.1,4.6,0.61,3.7,2.3,72.5,4.2,33.4,1,10,4,21.5,2,3.82,"No"
29,16,"Sales",4.2,1.1,10.75,0.65,3.5,4.2,50.4,2,29.3,1,10,8,16.3,3,3.48,"No"
43,18,"Marketing",3.6,2.8,13.73,1.8,2.6,4.2,54.1,2.9,20.9,0,8,7,41.1,2,3.06,"No"
23,15,"Technology",0.8,1.7,10.12,1.43,2.2,2.9,56,3.6,52.6,1,9,2,23.7,2,2.64,"No"
28,20,"Sales",1.1,4,7.35,0.69,4.5,4.4,73.3,3.7,40.8,0,8,13,30.8,3,4.6,"No"
40,16,"Finance",7,2.4,10.93,0.98,2.7,3.1,46,3.8,43.2,0,9,4,9.9,4,4.27,"No"
42,19,"Finance",0.5,2.5,10.82,1.35,3.7,4.1,58.9,4.6,15.6,0,5,2,29.9,3,4.17,"No"
32,15,"Sales",9.5,7,10.31,1.1,3.2,4.8,52.9,3.4,46.4,0,7,7,14.7,2,2.92,"No"
39,17,"Marketing",7.1,8.6,16.23,2.04,2.7,3.4,84,4,25.4,0,5,2,13,3,4.25,"Yes"
41,17,"Finance",5.1,5.8,9.8,0.52,3.4,2.7,66.9,4.1,29,0,9,1,62.2,4,3.67,"No"
41,15,"Sales",1.3,4.1,7.54,1.21,3.2,3.4,35.4,3,28.6,0,6,4,44.9,3,4.4,"No"
40,16,"Finance",2.8,6.1,9.89,0.79,3.7,3.8,55.9,1,46.4,0,8,4,22.6,3,2.03,"Yes"
33,18,"Sales",5.3,0.7,9.31,1.08,2.9,4.5,62.2,2.2,68.2,1,10,12,1.8,2,1.42,"No"
31,14,"Finance",9.7,5.6,12.85,2.17,3.1,5,74.5,1.7,32.5,0,9,5,11.4,4,3.24,"No"
32,17,"Finance",2.8,4.3,7.21,0.62,2.7,3.1,56.7,4,37.6,1,9,3,39.3,3,2.65,"No"
27,17,"Operations",3.1,4.9,14.66,1.8,3.5,4.9,53.5,2.4,7.1,0,5,1,24.8,1,4.41,"No"
36,15,"Operations",12,6.2,15.33,0.99,4,2.8,69.7,3.1,41.8,0,11,3,23,4,3.26,"No"
27,16,"Technology",1.2,3.3,7.88,1.19,2.9,3.4,71.9,4.7,37.5,0,7,7,38.1,3,3.44,"Yes"
45,16,"Operations",3,2.2,15.66,1.67,3.1,2.8,54.5,3.8,45.3,0,10,5,27.6,4,4.43,"No"
36,15,"Operations",0.6,0.3,6.97,1.1,5,3.1,65,3.6,26.3,1,6,6,21.7,3,2.39,"No"
45,15,"Marketing",4.9,2,12.31,2.1,3.7,3.4,58.8,3.5,41.9,0,8,5,16.1,4,2.01,"No"
28,17,"Technology",1.2,3,15.34,3.03,3.6,4,77.8,4.1,55.2,0,8,4,37.9,1,5,"No"
41,17,"Finance",7.1,8.4,16.65,2.42,4.1,4,78.6,2.6,61.1,0,9,3,43.4,2,3.53,"No"
39,15,"Operations",9.8,3.2,11.87,1.04,3.9,5,34.4,3.6,54.4,0,9,6,15.1,1,4.72,"No"
37,16,"Marketing",17.5,10.6,27.8,3.85,3.1,3.6,36.9,2.8,22.7,0,9,3,19.6,3,3.11,"No"
36,19,"Technology",9.3,6.3,13.4,2.63,3.5,2.4,38.8,3.2,13.5,1,7,2,51.6,4,2.12,"No"
28,15,"Sales",5.3,1.4,9.95,1.9,2.9,3.5,45.2,3.2,22.3,0,6,3,52.6,4,3.22,"No"
31,16,"Sales",17.1,5,14.4,2.17,3.9,3.9,52.9,3.7,8.8,0,8,5,32.4,3,4.38,"No"
29,13,"HR",1.1,2.2,7.45,0.62,4.6,3.8,66.6,3.1,28.8,0,8,3,15.9,1,2.37,"No"
39,19,"HR",2.2,4.4,8.79,0.49,2.2,3.5,81.3,3.2,83.3,0,13,3,24,4,2.35,"No"
45,16,"Sales",6.8,4.7,9.79,1.06,4.6,3.7,51.3,1.6,10.8,1,6,9,6.9,0,3.95,"No"
44,15,"Finance",9.1,6.9,13.24,1.87,5,4.3,54,3.1,27.1,0,7,7,17.6,1,2.75,"No"
32,16,"Technology",1.5,4.1,10.51,1.47,2.9,4.6,47,4.3,17.5,1,6,6,9.2,3,2.74,"No"
30,12,"Finance",3.3,1.8,17.34,1.69,1.3,3.1,43.8,3.6,28.9,0,7,0,9.8,5,3.79,"No"
27,18,"Technology",2.6,3.9,7.88,1,3.3,2.3,70.8,2.1,27.6,0,7,3,37.1,1,3.84,"Yes"
38,16,"Finance",1.4,3.9,6.66,0.85,3,2.9,80.7,3.9,9.9,0,6,8,35.2,3,4.23,"Yes"
33,19,"Sales",11.6,4.4,22.04,2.98,3.7,3.6,50.1,3.9,11.4,1,6,3,16.6,4,2.38,"No"
28,16,"Finance",1.8,4,13.23,2.01,3.9,4.2,15,3,31.3,1,7,6,10.9,2,1.8,"No"
48,14,"Marketing",0.8,1.3,6.82,0.79,2.9,2.1,44.9,1.9,11.7,1,8,5,80,5,4.52,"Yes"
32,13,"Technology",3.9,5,11.09,1.67,3.1,3.2,76.2,3,12.9,1,6,2,44,5,4.24,"Yes"
50,16,"Finance",14.5,7.3,30.99,2.55,3.8,3.2,33,2.7,20.8,1,8,6,9.5,3,2.85,"No"
37,18,"Technology",5.9,6.4,17.65,1.31,3.1,1.7,96.3,3.2,50.6,0,9,4,24.2,3,3.86,"Yes"
34,20,"Operations",12.3,3.9,13.51,1.84,3.3,3.6,59.5,3.2,30.7,0,9,4,15.1,5,4.12,"No"
42,15,"Operations",0.3,0.3,11.32,1.89,1.9,4.9,79.9,2.1,18.2,0,7,4,30.8,0,3.41,"Yes"
23,18,"Finance",0.8,0.3,7.01,0.96,2.1,3.5,75.3,3.1,27.3,1,5,7,77.4,3,3.97,"Yes"
21,15,"Finance",0.7,4.4,9.38,0.73,3,4.9,61.2,3.5,52.4,0,9,5,13.1,3,3.84,"No"
36,20,"Finance",0.4,5.6,9.28,1.8,3.5,4.2,53.1,2.6,38.2,0,7,6,52.3,4,3.99,"No"
40,19,"Sales",5.4,2.7,9.78,1.62,3.2,3,57.1,3.4,33.3,1,11,4,16.9,2,4.51,"No"
31,18,"Finance",3.1,6.1,9.62,1.66,3.1,3,59.9,3.9,41.8,0,8,3,23.3,2,1.8,"No"
39,12,"Technology",7.6,3.7,10.49,0.96,2.5,3.5,51.8,2.6,41.6,1,9,7,7.6,1,2.49,"No"
30,13,"Sales",7.3,2.6,18.66,1.2,3.6,3.9,57.9,4,29.1,0,5,3,18,5,3.77,"No"
31,15,"Marketing",5.1,4.6,14.41,1.81,1,4.3,45.1,4.7,42.5,1,8,5,13.8,1,4.36,"No"
37,17,"Technology",7.5,4.8,10.94,1.02,3.5,5,31.2,2.7,11.9,0,10,9,22.1,4,3.17,"No"
24,17,"Operations",5.3,3.8,6.84,0.81,3.2,3.1,69,3.3,35.1,0,8,3,10.5,3,2.99,"No"
32,17,"Operations",0.3,4.6,8.09,1.34,3.1,5,57.7,1.7,20.7,0,8,5,67.3,1,1.4,"No"
32,15,"Technology",6.6,6.4,20.18,1.41,2.7,4.2,63,3.6,9.9,0,9,5,74.1,0,4.46,"Yes"
26,19,"Sales",19.7,6.5,21.67,2.04,3.3,3.3,85.2,3.3,18.3,0,9,4,49.8,4,4.68,"Yes"
40,12,"Finance",15.1,3.4,27.13,3.62,3.6,4.2,58,2.7,44.5,0,11,2,16.2,3,4.24,"No"
37,12,"Operations",3.9,3.9,10.05,0.92,4.3,2.9,58.3,3.9,22.9,0,6,3,19.7,4,4.93,"No"
33,15,"Technology",4,2.8,7.01,1.25,2,4,45.8,3.6,27.6,0,9,5,12,5,3.54,"No"
33,17,"Operations",5.5,2.7,11.39,0.93,2.3,3.5,87.9,2.9,54.7,0,10,5,34.3,5,3.9,"Yes"
44,12,"Finance",1.9,2,6.01,0.65,3,1.9,54.4,3.2,20.3,0,6,5,30.7,1,3.49,"No"
43,15,"Sales",3.8,0.4,12.05,1.61,3.7,4.1,45.6,3.3,40.2,0,9,3,19,2,3.26,"No"
33,15,"Technology",9.8,3.5,15.22,1.73,3.1,4.1,61.6,4,73,0,11,5,25.4,4,5,"No"
41,17,"Marketing",5.3,0.6,8.6,0.52,2.6,3.6,79.7,1.9,15.1,0,5,5,11.7,4,4.29,"Yes"
43,13,"Marketing",2.6,1.8,8.2,0.5,3.6,2.8,72.3,2.8,50.5,1,8,3,31.8,1,1.77,"No"
29,12,"Operations",1.6,3.1,10.28,1.61,3,1.8,49.6,3.4,25,1,9,8,33.6,0,1.64,"No"
34,16,"HR",19.9,11.6,33.85,5.44,1.5,4,74.2,4.2,54.7,0,13,7,4.6,4,3.58,"No"
28,15,"Sales",5.5,4.7,10.83,1.62,2.5,3.1,59.1,3.4,24.8,0,6,7,10.5,0,2.28,"No"
33,17,"Marketing",8.2,3.2,8.51,1.63,3.3,3.4,72.7,2.9,26.9,0,7,5,21.3,3,3.69,"No"
32,16,"HR",8.4,0.3,20.34,2.07,2,5,68.5,3.7,20.1,0,8,4,39.9,5,4.55,"No"
21,14,"Sales",1.2,4.4,8.02,1.38,4.3,2.9,76.8,3.5,41.4,1,8,1,29.3,5,2.84,"Yes"
44,19,"HR",4.3,4.5,10.05,0.67,3.6,2,46.6,3.5,18.2,0,6,3,29.8,2,2.82,"No"
32,16,"Sales",14.1,5.8,12.72,2.25,2.8,3.7,48.7,4.1,37.1,0,11,6,13,5,4.21,"No"
32,18,"Sales",2.1,1.5,13.52,0.82,3.6,3.5,50.4,3.8,26.8,1,6,5,6.2,5,4.07,"No"
44,14,"Sales",3.1,5.1,15.35,2.97,5,2.8,68.5,1.3,57.5,0,8,3,5.5,4,3.62,"No"
40,18,"Technology",0.4,0.3,9.3,0.62,3.9,3.6,35.8,3.5,6.4,0,7,7,8.3,4,1.5,"No"
30,18,"Technology",6.1,7.7,14.22,0.89,4.2,3.5,54.2,1.8,54.9,0,11,2,25.1,2,3.3,"No"
33,17,"HR",0.4,6.8,10.62,1.07,2.4,4.7,38.3,3.4,42,0,6,2,19.3,5,3.06,"No"
36,16,"Sales",0.3,0.3,14.2,1.39,3.5,4.3,47.4,2.6,50,0,10,5,76.1,3,4.27,"No"
28,12,"Sales",8,3.7,17.03,3.05,4.5,3.7,65.1,4.8,11.1,0,5,0,12,4,2.71,"No"
32,13,"Marketing",0.3,3.7,12.09,1.67,4.5,5,63.3,3.9,19.6,0,7,5,32.8,4,3.44,"No"
27,14,"Operations",5.4,4.5,9.21,0.89,3.1,3.8,55.5,2.3,24.2,0,9,4,17.7,2,2.25,"No"
40,14,"Finance",4.8,3.6,12.92,1.39,4,3.1,39.5,2.4,43.5,0,7,1,52.3,1,3.77,"No"
33,20,"Technology",1,0.3,8.59,0.7,3.3,3.3,50.9,3.2,31.4,0,8,5,28.2,4,2.71,"No"
36,16,"Finance",1.3,4,12.18,0.74,4.5,3.9,76.2,1.6,19.5,0,7,6,24.6,3,3.51,"No"
43,17,"Finance",0.9,0.8,7.61,1.3,3.4,3.7,59.2,2.9,29.5,0,7,4,13.7,3,3.8,"No"
26,18,"Sales",4,4.1,7.54,0.67,3,3.5,66.4,4.8,31.7,0,7,7,51.2,1,5,"Yes"
37,16,"Marketing",3.2,2.9,12.92,1.45,3.7,4.3,73,2.2,26.7,0,6,0,29.6,2,2.67,"Yes"
52,15,"Finance",2.8,3,10.26,1.27,3.4,2.6,58.8,3,14.8,0,1,4,16.9,4,5,"No"
39,14,"Operations",16,4.9,25.31,3.07,3.6,2.6,56.5,3.5,10.2,0,8,4,17,2,2.39,"No"
35,15,"Finance",0.3,2,8.55,0.62,3.7,3.4,55.8,1.3,48.3,0,8,4,9.6,5,4.48,"No"
38,15,"HR",3.4,5.6,8.23,1.35,3,3.7,50.3,3.3,21.8,1,7,4,10.5,4,3.22,"No"
44,16,"Operations",0.3,2.7,8.05,1.31,4.6,4.1,35.4,2.6,35.3,0,7,3,20.1,4,2.54,"No"
41,16,"Technology",0.5,1.2,7.76,0.76,2.6,4.1,74.2,3.6,34.1,0,5,5,68.8,4,3.94,"Yes"
57,16,"Operations",5,6.6,8.79,1.33,4.9,3.7,63.6,3.5,31.2,1,8,4,40.1,4,2.48,"No"
45,14,"Technology",4.1,3.4,14.41,1.45,4.5,2.6,44.8,3.5,20.3,0,5,6,18.2,0,3.47,"No"
26,15,"Operations",0.6,2.3,11.44,2.04,2.5,3,40.8,2.8,26.9,0,7,5,30.8,3,1.29,"No"
22,16,"Operations",1.7,5.6,9.93,1.11,2.4,4.4,85.7,3.9,75.6,1,12,3,26.2,3,2.53,"No"
39,16,"Technology",3.3,6.3,11.43,1.4,4.4,2.3,45.3,3.7,26.6,0,9,1,11.4,1,3.69,"No"
29,17,"Technology",3,0.3,6.81,0.6,3.3,3.5,52.1,4,25.6,0,11,7,19.4,2,4.15,"No"
21,13,"Finance",1.3,5.4,11.93,0.63,3.6,3.4,67.9,3.3,36.3,1,9,4,36.5,3,3.76,"No"
30,20,"Finance",5.1,2.2,17.06,3.13,3.3,4.7,60.1,2.3,30.3,0,7,5,28.3,5,3.66,"No"
36,16,"Technology",24.2,10.8,26.56,2.8,3.6,3.5,66.1,2.7,14.3,1,6,4,9.6,2,4.37,"No"
49,18,"Marketing",3,3.8,6.08,1.08,4.1,3.3,49.9,3.9,19.4,0,10,4,41.5,5,2.72,"No"
37,16,"Operations",11.5,8.2,21.16,1.64,3.5,2.7,83.7,2.9,17.5,1,8,2,22.3,4,2.4,"No"
37,17,"Sales",2.5,0.3,11.83,1.4,4.6,4.4,75.1,2.7,56.8,0,10,3,27.2,0,5,"No"
35,14,"Technology",8,7.3,15.51,2.38,2.4,3.1,68.9,4.2,46.7,0,10,7,17.7,0,3.68,"No"
42,18,"Operations",4.3,5,11.03,1.92,5,3,66.2,3.2,21.3,0,6,1,33.7,5,2.76,"No"
36,17,"Operations",13.6,8.1,14.72,2.9,3.4,4.1,52.1,3.8,56,1,11,3,29,1,2.25,"No"
42,16,"Finance",0.4,0.5,7.3,0.64,2.6,2.6,69.5,2.6,19,1,5,4,25.9,5,4.5,"Yes"
32,14,"Operations",2.5,2.6,9.15,1.61,3.2,3.4,83.1,3.7,32.2,0,5,3,66.4,3,3.62,"Yes"
38,16,"Technology",2.6,6.6,8.56,1.28,2.9,3.6,74.3,3.1,45.5,0,11,6,16.2,2,2.97,"No"
35,15,"Technology",8.4,5.7,15.49,1,2.2,4.8,100,4.7,42.6,0,9,7,32.9,4,2.85,"Yes"
27,19,"Marketing",10.1,3.7,18.46,2.42,3.5,2.8,59.5,2.3,11.4,1,5,4,8.8,3,3.43,"No"
22,19,"Marketing",6.5,5.2,13.2,1.56,2.8,1.8,75.1,3,76.7,0,11,2,2.7,3,3.37,"No"
32,17,"Operations",2.6,1.3,9.84,0.66,4.9,3.5,16.4,4.4,13.3,0,6,7,18.5,5,3.14,"No"
34,20,"Operations",3.4,0.3,9.14,1.58,2.3,2.9,22.4,2.3,32.2,0,6,4,44.7,3,3.37,"No"
36,17,"Finance",4,5.6,10.11,0.8,3.3,3.1,63.2,3.4,36.5,0,8,8,13.9,4,1.91,"No"
28,13,"Sales",2.5,5.9,9.04,0.48,3.5,2.5,44.1,3.2,10.6,1,6,5,13.7,1,3.64,"No"
35,16,"Technology",4.7,3,10.75,0.7,2.5,3.3,32.7,3.9,26,1,6,4,15.3,3,2.48,"No"
32,16,"HR",0.7,1.9,9.75,1.35,3.4,3,56.2,3.6,29.9,0,4,6,27.2,0,3.6,"No"
31,18,"Sales",8.1,5.2,15.34,0.8,3.5,4.1,65.5,3.7,11.5,0,9,3,41,2,3.67,"No"
35,15,"Marketing",1,7.6,10.46,0.58,2.3,2.8,65.1,2.9,15,0,4,5,19.9,3,3.12,"Yes"
36,16,"Finance",1.4,5.8,8.51,1.67,2.7,3.7,53.8,4.1,11.6,0,7,7,45.1,2,4.8,"No"
21,12,"Sales",5.1,2.2,12.38,1.57,4.7,3.6,83,3.5,36,0,9,3,15.3,3,3.6,"No"
32,20,"Finance",4.6,1.9,16.89,1.27,3.7,3.1,45.1,2.9,19.6,0,8,5,10.2,3,3.73,"No"
35,17,"Marketing",0.6,0.3,9.41,1.07,4.7,3.7,61.5,4.2,40.8,0,10,6,21.7,0,3.66,"No"
36,13,"Marketing",11.2,8.2,17.09,1.51,3.7,2.6,52.1,2.8,81,1,12,3,20.7,4,2.95,"No"
30,16,"Marketing",9.1,8.9,16,1.27,4.4,4.3,81.5,3.6,39.7,1,11,2,15.2,5,2.41,"No"
36,16,"Technology",14.4,6.3,21.57,3.53,2.7,2.9,33,2.7,8.2,1,7,3,29,3,2.94,"No"
39,15,"Operations",0.3,4.1,12.18,0.89,3.4,3.3,61.2,3.1,41.2,0,8,8,24.3,5,2.73,"No"
21,17,"Technology",9,3.8,10.56,0.66,3.3,2.7,15,1.1,25.7,0,10,9,44.3,4,2.82,"No"
36,14,"Operations",1.4,0.3,8.02,0.83,2.1,2.9,77.5,3.6,46.1,1,6,4,17.6,1,2.51,"No"
34,19,"Operations",5.3,5.1,10.15,1.73,2.8,4.8,71,3.7,17.7,0,6,4,80,1,3.29,"No"
28,19,"Operations",7.1,3.4,11.56,0.78,3.6,2.8,56.9,3.3,14.7,0,5,1,22.4,1,2.97,"No"
24,18,"Technology",8.3,2.8,10.69,0.82,3.8,4.4,50.8,4.5,73.9,1,11,2,61.5,2,3.66,"No"
32,15,"HR",6.6,3.1,10.99,2.09,3.2,2.5,69.4,4.3,40.1,1,9,4,13.7,4,4.38,"No"
33,18,"Technology",3.3,1.3,6.4,0.42,4.2,2.4,43.7,5,10.4,1,6,4,23,3,4.56,"No"
27,15,"Marketing",2.1,2.4,6.78,1.11,2.7,3.2,72,3.4,27.6,0,9,4,69.8,1,2.33,"Yes"
41,17,"Finance",1.1,2.1,9.83,1.45,3.2,4.2,84.2,1.7,24.8,0,5,4,20.7,5,4.02,"Yes"
36,15,"Operations",4.3,5.8,8.36,1.54,4.4,3.8,62.9,2.9,14.6,1,7,5,11.3,2,5,"No"
32,13,"HR",3,3.6,14.6,1.49,2.5,3.2,78.4,2.3,35.2,1,6,8,43.9,5,3.02,"Yes"
36,15,"Marketing",4.1,10.7,7.56,0.49,4.1,3.6,44.4,4.2,26.9,0,7,4,34.3,3,3.45,"No"
33,12,"Finance",16.9,7,15.52,3,3.3,5,60.5,5,41.9,0,12,3,16.6,2,3.26,"No"
46,16,"Sales",4.2,2.2,8.38,1.47,3,3.6,51.7,4.3,52.3,0,10,4,31.4,4,1.73,"No"
33,16,"Technology",3.8,4.1,11.24,1.81,3.2,3.7,87.4,3.2,29.4,0,9,3,13.3,0,2.94,"No"
39,16,"Technology",0.3,6.5,9.48,1.29,4.4,2.5,70.6,4.3,35.5,0,7,2,24.2,2,4.57,"No"
24,18,"Marketing",14.1,7.7,15.74,1.89,4,1.9,60.4,2.4,24.1,0,6,3,57.5,3,3.44,"No"
21,19,"Finance",7.5,6.8,14.62,2.14,3,3.1,63,2.6,26.7,0,6,5,30.1,0,3.84,"No"
35,17,"Marketing",1,4.5,7.75,1.33,3,1.3,83.4,2.5,15,1,5,1,16.7,5,4.66,"Yes"
43,17,"Sales",6,2.8,5.23,0.55,1.4,3.4,45.2,3.1,45.4,0,9,4,13.6,5,4.22,"No"
39,15,"Technology",10.3,6.7,18.17,1.51,3.1,4.2,68.8,3,19.7,1,8,2,48.6,5,2.7,"Yes"
36,13,"Finance",4.2,4,9.89,1.45,3.6,2.7,66.5,4.2,24.7,0,5,3,18.6,3,3.82,"No"
32,18,"Operations",10.8,5.7,11.09,1.96,3.4,4.6,70,1,21.4,1,8,4,17.7,3,4.64,"No"
33,16,"Finance",25,10.3,49.81,8.96,4.3,3.2,41.4,5,26.3,1,12,4,27.6,3,4.6,"No"
21,16,"HR",4.4,2.1,9.01,1.64,4.6,3.1,80.2,3.8,15.3,1,5,3,25.1,3,4.76,"No"
33,15,"Technology",2.5,2.5,7.67,1.21,3.7,3.7,62.9,3.6,29.7,0,5,5,20,5,2.72,"No"
36,14,"Technology",10.5,2.6,15.92,2.25,3.4,1.1,29.7,3.8,65.5,0,11,7,31.8,4,4,"No"
41,20,"Technology",3.1,6.5,9.27,0.54,1.8,2.7,40.1,1.4,43.5,0,9,3,66.6,5,3.91,"Yes"
41,13,"Sales",1.7,2.4,5.85,0.84,3.3,3.5,73.9,4.9,26.2,0,8,5,28.5,2,2.38,"Yes"
22,12,"HR",0.5,0.3,8.83,1.3,3.6,2.9,69,3.7,33.9,1,6,5,27.6,2,3.81,"No"
33,12,"Marketing",1.6,1.4,9.85,1.46,2.6,2,88.6,3.4,60.1,0,13,3,53,3,3.41,"Yes"
38,18,"Operations",4.5,1.8,9.18,0.59,4.6,2.9,92.6,2.7,32,0,8,8,52.2,5,1.75,"Yes"
44,15,"Technology",2.4,5.4,5.37,0.59,2.1,3.4,58.1,2.2,33.2,0,7,5,15.9,4,2.67,"Yes"
31,16,"Finance",10.2,6.8,13.86,2.08,2.7,4.9,43.5,3.9,33,0,9,5,32,2,4.13,"No"
44,16,"Operations",6.1,1.3,10.3,1.83,3,4.7,77.1,2.2,17.1,1,9,4,5.3,4,3.9,"No"
30,13,"Marketing",1.2,3.6,6.7,0.9,3.3,3.3,75.8,2.3,17.1,0,5,3,29.8,0,3.27,"Yes"
32,15,"Technology",2.5,0.7,8.06,0.67,4.1,3.8,81.1,3.1,43.5,0,7,2,42.6,5,4.26,"No"
53,12,"Operations",0.9,3.6,5.66,0.8,4.2,4,73.7,2.9,44.2,0,9,4,20,3,4.39,"No"
21,17,"Finance",0.5,1.9,7.95,0.5,3,3.6,60.3,2.5,27.3,0,5,3,8.1,4,3.29,"No"
39,12,"Operations",1.5,2,7.34,1.2,3.8,3.3,68.2,4.2,27.1,0,9,6,22.2,3,3.91,"No"
52,17,"Sales",5.8,4.2,14.25,1.48,3.2,4.7,80.3,2.9,51.7,1,10,6,67.1,0,3.37,"Yes"
44,15,"Sales",0.6,0.3,10.33,1.96,3.4,4.9,42.4,4.3,40.5,1,8,4,54.1,3,3.35,"No"
23,16,"Operations",7.9,6.1,10.84,2.16,3.4,2.7,55.8,4.4,60,0,13,6,24.1,4,3.9,"No"
34,16,"HR",6.2,4.9,15.71,2.13,4.4,3.4,64.1,3.4,33.6,0,7,5,25.4,5,2.98,"No"
30,15,"Operations",12.3,3.9,15.66,1.82,2.9,3.3,73.9,3.3,20.8,0,7,6,29.9,4,3.12,"No"
34,13,"Operations",16.4,8.6,24.52,3.75,3.8,3.7,74.3,2.7,33.2,1,10,7,32.9,4,3.6,"No"
30,16,"Sales",8.5,4.1,15.53,1.31,3.2,3.4,36.9,3.2,33.6,1,9,1,28.2,1,2.74,"No"
39,15,"Marketing",3.6,3.6,8.17,1.42,4.1,4.7,45.7,4.7,34.4,0,9,7,25.2,4,4.51,"No"
32,19,"HR",2,3.4,6.86,0.38,3.9,3.6,78,2.6,37.9,0,9,6,15.4,0,3.77,"Yes"
29,19,"Operations",6.1,5.7,12.9,1.22,2.4,3.9,57.8,4.7,31.4,0,10,8,58.5,3,4.3,"No"
27,16,"Marketing",2.1,5.4,8.81,1.42,4,4.6,62.5,2.6,63.2,0,11,4,8.4,3,2.06,"No"
38,17,"Sales",0.7,3.8,10.1,0.9,1.3,3.5,70.8,3.1,18.3,1,5,1,24,3,2.17,"Yes"
27,15,"Operations",1.7,3.7,7.53,1.3,4.4,3.2,68.1,2.5,46.5,0,9,1,11.3,1,2.88,"No"
34,20,"Marketing",5.5,0.3,13.24,2.6,2.7,2.7,80.4,2.1,25.5,0,8,2,21.8,5,3.23,"Yes"
21,12,"Sales",4.6,5.9,10.27,0.7,2.5,3.5,68.3,3.8,23.1,1,7,6,45.7,1,4.86,"No"
23,15,"Operations",17.4,7.2,26.17,5.23,3.7,4,69.7,4.4,40.9,0,9,6,22.9,3,2.89,"No"
30,16,"Operations",4.6,8.6,11.61,1.07,4.1,2.4,63,2.8,34.8,0,6,4,40.8,5,5,"No"
37,17,"HR",4.6,3.4,13.24,0.81,4.6,4.4,85.8,3.1,61.5,0,11,0,20.8,3,4.02,"No"
27,14,"Technology",5.5,3,12.11,1.19,4,2.9,89.7,2.8,20.3,0,7,7,37.8,2,4.16,"Yes"
40,18,"Sales",3.2,2.2,14.83,2.76,4.4,1.5,56.9,3.8,22.4,0,8,3,29.9,3,3.17,"No"
30,15,"Operations",13.5,5.7,19.27,1.91,4.5,3.2,30.9,2.8,12.4,0,6,3,36.4,3,3.59,"No"
34,16,"Finance",3.5,4.6,8.88,1.64,3.1,2.6,35,3.4,24.3,0,7,1,10.4,2,4.69,"No"
32,17,"Marketing",13,4.9,23,1.69,3.2,2.5,60.9,2.1,45,1,11,3,33.6,3,4.01,"No"
35,14,"Marketing",0.3,1.7,6.74,0.73,3.1,3.1,40.6,3.2,15.9,0,8,3,56.1,0,2.64,"No"
45,18,"Operations",10.9,7.8,18.79,2.65,4.6,2.6,52.9,4.1,27.4,0,7,4,12.6,4,2.43,"No"
42,17,"Technology",3.2,3.2,8.99,1.13,4,5,46.2,3.3,55.5,1,11,5,10.8,4,4.09,"No"
21,12,"Sales",1.6,3.5,6.72,0.78,1.8,2.6,72,2.2,35.7,0,9,5,21.8,0,2.6,"Yes"
27,15,"Sales",1.5,1.7,11.73,0.62,2.4,2.5,65.4,3.5,48,1,9,6,10.8,1,4.06,"No"
32,13,"Marketing",8.9,4.2,12.46,1.5,2.9,4.9,71.7,3.8,28.8,0,9,3,40.9,1,1.51,"No"
35,12,"Sales",9.5,5.5,22.9,3.7,4.5,3.4,66.2,3.7,41.1,1,10,2,23.5,2,3.52,"No"
41,17,"Marketing",0.7,2.9,7.91,1.46,5,4.1,73.5,2.8,23.1,0,4,3,43,4,2.56,"No"
31,15,"Sales",9.1,8.3,14.56,2.23,3.6,4.2,62.3,2.2,63.4,1,12,2,15.1,5,1.26,"No"
35,15,"Operations",7.1,3.8,6.48,0.71,1,3.3,74,2.9,35.3,0,10,5,48.4,3,3.85,"Yes"
30,15,"Finance",1.6,3.3,16.69,2.89,3.5,3.1,53.4,2.8,26,1,7,8,15.8,4,3.46,"No"
38,17,"Sales",3.3,5.4,12.8,1.48,4.2,2.6,83.4,1.4,42.9,0,7,6,42.5,5,3.8,"Yes"
22,12,"Technology",4.2,4.9,10.52,1.78,3.5,3.1,63.5,2.5,72.6,1,12,3,44.6,4,4.08,"No"
35,16,"Marketing",1,3.6,7.5,1.39,2.4,4.4,35,3.4,31,1,8,5,76.7,3,2.59,"No"
21,19,"Operations",12.3,3.9,14.78,1.2,1.7,3.6,78.9,3.9,50.3,0,11,5,16.4,2,4.39,"No"
28,15,"Technology",8.1,1,14.84,1.01,3.7,4,89.1,2.4,32.8,0,9,6,33.3,3,3.14,"No"
35,14,"Finance",1.6,1.1,6.79,1.23,5,2.6,46.9,3.2,17.6,1,8,7,8.5,4,4.32,"No"
38,13,"Sales",0.9,2.6,9.55,1.44,4.1,4.4,47,2.9,38,0,8,4,9.9,4,3.23,"No"
43,15,"Sales",9.1,4,14.28,1.05,1.9,4,77.3,2.9,14,0,6,3,31.7,2,3.76,"Yes"
28,14,"Sales",5.5,6.1,12.19,0.73,2.7,4.4,62.8,3,26.7,0,9,7,24.2,4,2.35,"No"
49,16,"Technology",2.5,3.8,13.82,1.11,2.5,4.2,36.7,3.3,34.9,1,8,4,36,5,1.7,"No"
30,12,"Technology",25,9.1,49.36,7.35,2,1.9,26.8,3.3,9.8,0,7,2,29.4,3,4.07,"No"
30,14,"Sales",7.4,1.3,9.33,0.6,2.5,2.6,63.3,2.9,60.4,1,12,4,26.1,4,3.53,"No"
27,19,"Marketing",5.3,5.9,11.53,2.02,3.6,2.9,40.8,3.1,30.7,0,8,3,16.3,4,3.75,"No"
23,17,"Marketing",15.1,7.3,21.81,1.68,3.5,1.9,53.6,3.8,37.6,0,8,6,41.9,0,2.64,"No"
46,18,"Technology",6.6,3,8.21,0.91,2,2.7,54.3,3.5,45,0,12,4,12.1,1,2.57,"No"
21,15,"Sales",3.1,3.3,6.45,0.53,3.2,3.9,70.5,2.2,44.4,1,8,7,38.7,3,2.26,"No"
45,18,"Technology",4.9,5.7,9.18,0.59,2.7,4.2,73.9,2,28.8,0,7,5,24.9,4,4.6,"Yes"
50,15,"Technology",5.7,0.4,9.09,1.73,2.7,3.4,54,3.9,28.2,0,7,4,55,3,4.24,"No"
41,20,"Operations",14.7,6.3,19.15,2.97,4.7,2.8,80.8,1.8,9.8,0,9,4,24.6,3,2.19,"No"
37,18,"Technology",2.9,0.3,9.53,1.3,3.6,2.4,69.9,1.6,37.6,0,7,4,22,1,2.62,"No"
38,18,"Operations",2.2,3.9,11.42,1.38,3.7,2.9,71.9,1,33.7,0,9,6,7.5,3,2.79,"No"
36,17,"Marketing",0.4,2.1,8.19,0.74,5,3.6,65.6,3.2,38.4,1,9,5,22,4,2.1,"No"
38,14,"Technology",1.6,3.9,8.59,1.49,3.7,2,84.5,4,31,0,7,6,32.9,4,3.26,"Yes"
42,16,"Technology",0.8,2.1,10.47,0.99,4.3,4.1,76.4,2,40.1,0,9,6,21,0,4.26,"No"
33,14,"Sales",17.3,4.7,15.62,0.82,3.6,4.4,76.3,2.9,30.9,1,12,2,29.6,5,3.1,"No"
39,18,"Technology",2.3,3.4,9.69,1.05,4.1,3.1,60.3,2.8,29.5,1,6,2,20.7,0,1,"No"
24,18,"Sales",9.4,6.4,14.11,2.14,4.6,4.9,32,3.7,5.9,0,6,6,5.6,2,4.49,"No"
40,12,"Operations",6.1,2,10.16,0.54,3.8,4.7,84.2,3.8,34.5,1,9,6,32.4,4,3.29,"No"
35,18,"Technology",1.2,1.3,8.02,1.19,2.8,4.4,58.6,2.5,69.9,1,12,2,15.4,5,4.05,"No"
39,19,"Technology",0.7,3.2,10.75,1.34,3.7,2.6,42.5,4.1,44.1,0,8,8,51.6,5,3.38,"No"
41,17,"Technology",0.3,1.7,7.89,1.27,2.1,5,95.2,2.3,30.3,0,8,4,10.3,1,2.49,"Yes"
34,14,"Technology",1.5,4.5,9.18,1.73,3.2,3.2,59.3,3.7,15.6,1,7,6,19.6,2,5,"No"
33,14,"Sales",7.8,1.6,10.82,0.82,2.8,3,51.6,2.3,29.9,0,8,5,12.9,4,2.74,"No"
36,15,"Technology",8.6,4.9,8.99,1.56,4.3,3.8,47.6,1.6,18.5,1,6,7,24.9,5,3.72,"No"
30,19,"Sales",0.3,3.2,8.84,1.66,3.5,3.8,65.4,3.2,22.7,0,6,2,30.2,1,5,"No"
36,12,"Sales",1.5,2.3,5.25,0.53,4.6,3.9,71.9,3.4,61.7,0,12,5,30,3,3.11,"No"
27,16,"Technology",6.8,0.3,18.39,2.34,3.2,3,44.2,4.3,30.5,0,9,3,30.7,1,2.74,"No"
46,16,"HR",0.3,3.1,6.95,0.79,4.3,3.8,66.9,1.8,32.7,0,7,5,15.9,4,3.08,"No"
31,13,"HR",1,1.2,6.91,0.5,2.3,3.2,72.7,5,38.9,1,6,5,12.9,3,2.37,"No"
34,18,"Marketing",18.7,6.6,18.54,3.36,4.1,2.6,47.2,3.8,51.6,0,11,2,7.3,0,4.43,"No"
33,17,"Finance",1.2,2.7,9.99,1.06,3.6,4.5,22.7,2.9,31.1,1,7,8,12.7,2,4.24,"No"
42,14,"Finance",0.3,5.3,12.11,2.33,2.7,1.8,60.2,2.8,39.3,0,7,3,22.3,5,4.21,"No"
39,19,"Operations",0.3,6,9.33,1.38,3.1,3.7,70.7,2.9,20.3,0,5,3,18.4,2,2.77,"No"
34,15,"Technology",9.5,6.1,14.55,2.4,2.2,2.7,60.1,4.2,28.8,0,10,5,35.4,0,3.03,"Yes"
36,16,"HR",1,2.4,14.91,1.66,4.8,4.2,44.5,4.1,13.4,0,4,2,23.7,1,4.09,"No"
42,14,"HR",2.7,3.8,6.63,0.65,3.2,3.7,54.6,3.7,15,0,4,3,20.1,0,3.49,"No"
44,14,"Finance",10.3,4.8,14.02,2.22,4.6,3.5,69.1,4.8,34.8,0,6,5,16.6,3,3.42,"No"
37,15,"Sales",1.9,3.9,8.06,1.09,3.6,3.2,35,3.1,17,0,8,4,80,3,3.96,"No"
35,14,"Technology",3.1,0.3,7.46,0.96,4,3,60.9,1,19.2,0,7,6,19.3,3,4.82,"Yes"
33,14,"Sales",8.4,2,10.18,1.99,3.6,3.8,56.3,3.3,37.6,1,7,6,26.7,5,3.16,"No"
30,16,"Operations",24.1,7.4,32.15,3.05,3.5,2.5,44,2.3,35.7,0,10,8,9.9,4,2.78,"No"
38,14,"Sales",25,7.8,31.21,4.13,2.3,2.4,47.1,3.2,55,1,11,3,63.7,2,2.97,"No"
36,16,"HR",1.9,2.4,8.42,0.68,3.2,4.6,27.4,3.7,38,0,10,7,44.5,4,3.46,"No"
28,16,"Technology",5.7,6.2,12.28,0.81,4.4,3.1,51.7,2.4,15.3,0,6,2,72.1,3,3.47,"No"
49,18,"Finance",11.4,3,11.84,2.31,3.6,2.7,60.9,2.9,47.2,0,9,8,35.8,5,3.95,"No"
32,20,"Operations",0.8,3.4,7.22,0.76,2.1,3.4,18.3,2.7,34.9,1,8,3,30.3,2,2.51,"No"
32,17,"Technology",1.8,0.3,8.25,0.51,3.2,3.1,64.2,3.5,10.5,1,6,4,39.5,0,1.09,"No"
34,16,"Finance",4,3.8,10.5,1.89,2.6,2.6,50.4,2.5,26.9,0,4,3,61.1,4,1.38,"Yes"
34,17,"Technology",7.2,2.5,11.24,1.63,3.4,2.9,60.6,2.2,44.1,0,10,8,24,0,1.87,"No"
36,13,"Sales",8.8,5.4,11.73,1.49,2.8,3.3,66.7,3.3,19.5,0,9,4,16.5,5,3.59,"Yes"
23,16,"Sales",4.4,3,11.93,2.15,2.9,2.3,82.2,3,11.9,0,6,4,36,2,4.14,"Yes"
31,15,"Sales",10.6,1.2,13.76,2.43,1.7,4.1,51.1,3.6,35.6,0,8,6,38.1,0,3.5,"No"
38,16,"HR",4.2,7.3,9.31,0.65,4.2,3.1,70.5,3.5,42.4,0,10,2,25.9,0,4.56,"No"
29,17,"Technology",1.1,3.2,12.29,0.72,2.9,4.1,67.8,3,10.7,1,6,7,31.9,1,3.8,"No"
38,14,"Technology",1.4,4.4,7.88,0.64,2.4,2.5,88.2,3.1,41.1,1,9,6,77.4,0,3.58,"Yes"
31,16,"Sales",10.5,6.8,11.45,0.79,2.6,3.5,42.4,3.3,75.9,0,14,3,15.6,4,3.79,"No"
36,14,"Sales",0.3,1.3,8.82,1.25,3.1,2.5,61.7,2.9,7.4,0,5,5,16.2,1,1.78,"Yes"
40,14,"Sales",5.7,4.5,10.9,1.78,3,2.4,40.8,2.9,26.4,1,8,3,32,0,3.37,"No"
30,17,"Technology",2.5,0.6,8.59,1.17,3.4,3.1,34.1,3.1,15.8,0,8,5,37.6,5,4.05,"Yes"
36,17,"Finance",1.1,3.6,8.33,0.86,2.5,3.2,88,3.9,28.1,1,8,6,18.6,4,4.1,"No"
21,20,"Technology",3,5.1,11.25,1.33,4.5,4.4,54,3.2,35.5,0,7,7,27.9,4,3.25,"No"
43,15,"Marketing",1.8,3.1,7.61,1,2.4,3.9,49.1,1.7,13.2,0,6,2,33,2,4.28,"Yes"
21,15,"Technology",2.4,0.8,8.91,0.92,4.6,3.4,37.9,2.6,25.3,0,4,4,26.3,4,3.51,"No"
47,19,"Marketing",3.3,4.8,12.25,0.92,3.6,2,62.5,2.8,38.1,0,11,3,12.1,0,4.97,"No"
26,17,"Operations",1.3,0.3,6.9,0.86,2.7,4.2,46.1,2.4,48.8,1,8,0,30,0,2.99,"No"
32,15,"Sales",4,0.3,10.61,1.09,2.5,2.7,45.8,3.6,33,0,6,3,28.4,4,2.26,"No"
34,17,"HR",0.5,3.7,10.37,1.55,3.2,2.9,48.2,2.6,21.2,0,11,7,16.5,5,3.28,"No"
41,15,"Sales",1.3,4.7,8.6,0.98,4.4,3.7,59.3,4.8,6,0,4,5,24.5,3,4.1,"No"
28,15,"HR",11.7,8.1,15.22,2.21,4.2,2.5,61.8,2.5,8.2,0,9,6,24.1,2,4.64,"No"
21,19,"Marketing",12.9,8,25.22,3.92,3.6,4.1,56.8,3.4,94.3,0,17,4,21.3,2,2.63,"No"
39,16,"Sales",3.4,3.9,13.26,1,2.2,4,17.8,2.7,53.3,1,8,2,12.2,3,4.55,"No"
32,15,"Finance",0.4,4.5,10.76,0.67,4.1,3,67.4,2.8,23.8,0,7,3,32.9,4,3.51,"No"
37,17,"Operations",2,5.5,7.44,0.68,3.7,4,72.3,4,37.5,1,8,5,11.7,0,2.2,"No"
30,16,"Operations",1.8,2.4,5.35,0.38,3.4,3.2,55.8,3.1,24.9,0,7,5,18.6,2,3.57,"No"
36,18,"Marketing",1.2,1.5,10.69,0.88,3.7,4.9,54,4.7,41.1,0,8,4,30.8,3,3.07,"No"
33,15,"Finance",14.1,6.3,26.36,3.89,4.4,2.9,49.9,3,21.4,0,10,6,41.9,1,2.74,"No"
41,16,"Technology",8.6,3.4,17.92,2.19,3.1,3.2,38.8,3.1,26.3,1,7,8,32.5,1,3.46,"No"
32,16,"Marketing",3.1,5.6,9.63,0.51,4.2,3.6,59.6,2.7,30.7,0,9,6,23.5,5,1.63,"No"
40,12,"Marketing",0.3,2.7,9.79,0.65,4.1,3.9,35.8,4.1,41.5,0,9,3,30.1,1,3.55,"No"
36,13,"Technology",0.5,2.1,13.45,2.03,4.3,2.7,20.4,2.8,81.1,0,11,8,20.7,1,1.6,"No"
22,19,"Marketing",3.4,6,7.11,0.7,4.1,2.6,48.4,2.4,39.6,0,8,7,46.8,3,3.11,"No"
35,18,"Technology",5.7,6.2,11.21,1.19,1.9,4.2,74.5,4.5,7,1,6,5,14.5,1,4.72,"No"
39,18,"Technology",5.8,7,12.83,1.42,4.2,3.8,57.4,3,43.2,0,8,8,42.2,2,5,"No"
22,15,"Operations",4.5,5.3,10.95,1.14,3.8,3.6,78.7,3.1,38.2,1,8,2,34.8,1,3.16,"No"
55,16,"Operations",3.6,2.5,10.69,0.86,3.2,4.8,48.3,3.9,22.9,0,7,1,27.9,0,3.28,"No"
49,18,"Operations",12.6,3.4,13.99,2.49,2.5,2.4,59.4,3.5,19.9,0,7,3,32.8,1,1.36,"No"
26,20,"Sales",1.8,5.5,8.36,0.83,2.6,3.1,49.3,3.2,47.7,0,8,6,52.6,5,2.67,"No"
49,18,"Finance",0.7,0.3,7.15,0.68,4,2.7,42.6,2.8,21.5,1,7,3,10.8,4,2.32,"No"
21,17,"Technology",5.2,3.1,14.14,1.8,2.7,4.3,84.5,3.1,19.1,1,9,1,5.1,2,2.2,"No"
30,20,"Sales",0.3,5.5,8.03,1.3,3.3,3.6,50.6,2.8,9.6,1,3,6,31.3,2,2.95,"No"
27,18,"Technology",3.5,3.2,12.03,1.47,2.3,5,48.7,3.2,38.5,0,10,6,72.9,1,3.27,"No"
30,18,"Marketing",7.3,3.7,21.1,1.61,4.2,2.7,44.7,4.1,34.2,0,9,2,48.6,0,3.56,"No"
45,16,"Operations",4.1,1.8,9.7,0.55,1.8,4.3,61.8,2.5,23.3,0,7,3,46.6,1,3.51,"Yes"
45,19,"Sales",0.7,4,5.56,0.38,3.7,3.5,99.1,3.2,38.1,1,8,3,14.2,2,4.05,"No"
30,15,"Operations",3.1,1.2,8.97,0.95,3.6,3.4,38.4,2.2,40,0,11,6,26.6,1,3.31,"No"
44,15,"Sales",9.8,5,18.45,0.95,4.7,3.4,55.6,4.3,41.4,0,8,3,49.1,3,3.15,"No"
29,19,"HR",2,3.6,14.38,2.4,1.8,3.6,67.2,1,27.8,0,5,4,16.9,2,3.52,"Yes"
40,14,"Finance",10.8,6.1,22.74,2,3.6,3.8,38.2,4.9,11.9,1,6,2,10.7,2,3.71,"No"
45,18,"Technology",21.6,10.7,21.51,3.49,2.6,3,39.3,4.2,20.7,0,8,10,27.4,4,2.48,"No"
37,15,"HR",3.1,1.3,13.72,1.49,3.7,2.7,58.1,2.1,43.7,1,7,2,14.3,1,3.93,"No"
25,14,"Sales",8.7,3.5,13.96,1.15,2.1,4.6,76.3,3.4,35.8,0,9,6,52.2,4,1.29,"No"
43,14,"Marketing",15.4,5.2,17.31,3.25,1.6,4.5,62.3,2.6,9.8,1,8,9,41.8,2,2.57,"No"
32,17,"Finance",0.3,5.7,7.03,0.86,4.8,3.8,46,4.2,10.9,0,6,4,54.2,5,3.1,"No"
47,15,"Technology",5.4,8.3,14.24,2.23,3.1,2.7,60.6,4.4,36.9,0,10,2,25.2,2,2.33,"No"
28,17,"Sales",3,2.2,9.04,1.67,4,3.6,87.6,3.6,31.7,1,8,6,34.6,5,2.64,"No"
38,16,"Technology",2.1,2.4,9.06,0.96,1.3,1.7,74.9,3.3,75.9,1,14,4,6.9,0,3.98,"Yes"
41,16,"Marketing",3.2,3.4,6.78,0.88,3.8,3,69.8,5,14.5,0,4,3,38.8,3,5,"No"
21,12,"Finance",0.8,1.2,11.04,1.91,4.1,2.7,61.4,1.5,24.8,1,8,2,37.3,0,3.98,"No"
38,20,"Sales",1.5,3.9,5.7,0.76,3.7,3.2,60.4,3.9,27,0,8,2,13.8,4,2.58,"No"
40,17,"Finance",2.2,1.5,12.7,0.97,3.6,4.7,98.4,3.4,31.4,1,5,5,22.8,3,2.62,"Yes"
32,18,"Operations",0.3,2.7,9.39,1.14,2.7,3.5,81.7,3.2,44.8,0,8,4,32.4,0,4.86,"Yes"
47,14,"Finance",11.2,2.5,19.31,3.8,3.8,3.2,48.4,3.3,36,0,10,6,23.2,5,2.12,"No"
37,17,"Operations",4.2,2.8,9.76,0.52,2,3.7,63.8,3.5,48.3,0,8,2,47.4,3,3.68,"Yes"
29,20,"Technology",2.6,3.1,10.7,1.08,3.1,3.6,92.7,3.2,51.8,0,8,3,40.6,3,2.84,"Yes"
38,16,"Finance",2.6,3,10.84,1.15,3,3.8,46.9,4.8,35.1,1,9,6,25.9,4,3.55,"No"
41,16,"Sales",2,7.1,12.91,2.4,4,2.3,70.7,2.7,13,0,5,6,26.8,3,2.6,"Yes"
32,15,"Sales",9.9,10.5,14.84,1.74,3.4,1.4,49.9,2.4,6.8,0,10,3,45.8,3,3.56,"Yes"
31,12,"Technology",5.6,5.3,13.28,2.58,2.4,2.9,69.2,2.8,40.3,1,7,6,63.4,1,3.03,"No"
34,17,"Technology",0.9,5.8,8.86,1.29,3.6,2.9,65.7,2.6,14,0,5,1,13.1,2,2.1,"No"
29,17,"Marketing",0.9,2.8,8.34,1.44,2.9,4.1,63.5,2.5,28.9,0,8,6,13.9,2,3.58,"No"
43,16,"Sales",1.3,6.2,12.27,2.35,4.1,2.6,47.9,3.8,27.8,0,10,5,31.7,1,4.13,"No"
42,15,"Finance",4,5.7,11.8,1.34,3.8,3.7,40.2,4.1,24.8,0,6,3,26.6,3,3.83,"No"
43,17,"Technology",9.3,7.1,10.97,2.18,3.2,4.2,70.8,2.8,31.9,0,11,7,31.6,3,3.53,"No"
32,13,"Sales",6,2.9,10.79,1.27,2.7,4.8,65.9,4.6,28.9,0,8,4,37.7,5,2.98,"No"
33,18,"Operations",1.1,0.4,10.69,1.04,3.4,3.3,71.1,4.2,18.2,1,7,4,32.8,0,2.68,"No"
24,16,"Finance",1.3,0.3,8.02,0.86,3,3.2,64.5,2.6,20.7,0,7,4,40.5,2,5,"Yes"
33,15,"Finance",5.4,4.5,14.66,0.85,3.3,3.2,93.9,1.3,19.7,0,4,2,42.6,2,3.09,"Yes"
38,15,"Operations",12.4,2,13.78,1.63,3.4,3.9,87.9,2.7,62,0,11,7,25.3,3,2.95,"No"
34,15,"Operations",12.7,4.3,27.52,5.2,3.4,4.2,52.1,4,33.8,0,10,5,7.7,5,5,"No"
22,16,"Finance",1.2,5.4,9.75,1.46,3.9,2.3,66.3,1.9,35.9,0,8,7,17.1,5,3.19,"No"
40,19,"Sales",10.6,1.9,16.9,3.35,3.1,2.7,58.2,4.1,44.1,0,11,2,43.6,3,2.65,"No"
29,17,"Finance",2.1,5,10.08,1.89,3,3,47.7,3.2,16.8,1,7,5,35.2,5,2.34,"No"
31,13,"Finance",4.5,6.2,15.09,2.68,2.2,4.8,59.2,4.1,26.6,0,7,4,75,0,5,"Yes"
44,16,"Technology",1.9,0.3,12.09,1.53,3.4,3.6,84.3,3.8,28.9,1,8,6,31.2,2,3.46,"Yes"
33,14,"Finance",5.9,2.3,12,1.9,3.8,2.2,58.3,4,26.7,0,7,1,13.9,2,4.08,"No"
31,17,"Technology",2.8,3.5,6.61,1.2,3.4,4.1,62.2,2.9,11.1,0,5,4,34.1,3,5,"Yes"
32,16,"HR",3.1,3,9.29,1.79,3.6,3.2,65.3,2.5,15.3,0,7,5,26,5,2.53,"No"
30,16,"Marketing",5.7,3.7,19.64,2.83,3.9,4.8,77.6,5,26.6,0,8,4,29.6,3,3.53,"No"
43,16,"Operations",0.5,1.8,8.77,0.96,4.5,4.5,77.2,2.3,21.4,0,6,3,24.6,1,4.56,"No"
41,15,"Finance",3.5,6,7.37,1.42,2.9,3.4,53.3,2.7,48.9,0,11,0,22,0,3.32,"No"
28,12,"Operations",11.7,4.7,17.54,2.07,2.8,4.1,78.6,3.5,32.3,1,9,6,34,1,4.6,"No"
21,17,"Technology",2.5,0.3,8.82,0.82,2.6,3.5,67.6,3.5,15.6,1,6,6,64.7,4,4.38,"Yes"
28,18,"HR",5.1,3.8,13.47,1.16,2.4,3.4,68.8,2,39.4,0,7,10,38.4,1,3.16,"Yes"
36,12,"Sales",0.3,4.4,8.04,0.92,3.6,3.7,63.6,3.6,22.8,1,7,4,10.2,4,3.12,"No"
42,18,"Finance",8,3.6,15.78,1.08,4,1.5,48.2,4.6,19.3,1,9,5,74.2,1,2.39,"No"
31,18,"Finance",1,4.2,11.39,0.95,4,1.6,42,2.5,26,0,7,6,65.9,5,4.27,"Yes"
44,20,"Technology",3.7,1.8,10.24,1.31,3.6,4.5,59.1,1.9,22.9,1,6,3,14.8,3,3.77,"No"
51,20,"Finance",16,4.4,23,4.47,2.7,3.3,36.2,2.8,13.9,0,6,3,62.5,4,4.44,"No"
39,16,"Sales",0.6,3.4,6.66,1.26,4.1,3.6,61.3,2.7,32.1,0,8,3,7.9,3,5,"No"
33,16,"Marketing",0.3,1,10.23,1.38,3.9,3.8,55.9,4,88.5,0,13,7,13.2,4,3.62,"No"
21,17,"Operations",5.7,0.6,15.45,1.55,2.7,4,64.1,3.4,33.8,1,9,10,54.9,0,1.67,"No"
37,13,"Sales",8.3,6.2,17.79,2.71,2.9,4,72.1,3.5,18.1,0,6,3,26.3,1,4.31,"No"
45,18,"Sales",3.9,2.2,9.18,0.91,4.5,3.7,40.3,3.5,38.4,0,9,4,37.8,2,4.73,"No"
24,20,"Operations",0.9,5.8,8.9,0.49,2.7,2.9,78.6,3.8,16.4,0,7,5,38.4,5,4.91,"Yes"
22,19,"Technology",4.4,4.3,13.91,2,2.4,3,79.6,2.3,32.2,1,7,9,25.4,0,3.13,"No"
38,19,"Technology",8.6,6.4,10.54,1.15,5,4,15.8,2.7,29.8,0,8,5,27.4,5,3.94,"No"
29,12,"HR",1.9,0.5,7.25,0.64,2.5,3.5,68,2.3,21.7,0,9,7,17.5,2,3.79,"No"
39,19,"Sales",11.8,4.8,15.66,1.6,3.9,1.9,59.6,2,46.8,1,12,3,5.6,0,3.27,"No"
30,14,"Operations",2.3,0.7,11.03,0.82,2.4,2.8,43,1.7,18.8,0,7,8,44.2,1,3.73,"No"
22,19,"Technology",12.2,4.6,22.86,1.25,4.7,2.3,47.6,3.6,57.2,0,11,1,26.3,2,2.89,"No"
37,14,"Finance",4.1,3.5,9.84,1.08,3.4,3.7,55.9,2.7,36.9,0,8,3,21.7,1,2.59,"No"
46,15,"Sales",0.5,1.4,9.62,1.1,3.9,3.3,56.4,3.5,45.7,1,10,2,27.3,0,2.85,"No"
42,15,"Marketing",19.5,2,22.8,4.06,3.6,3.9,53.9,3.4,18.9,0,9,3,12.9,3,2.93,"No"
33,19,"HR",0.5,1.8,7.98,0.65,3.2,2.4,58.6,3.4,33,0,8,6,51.8,3,3.96,"Yes"
29,15,"Operations",2.6,8.7,9.02,1.27,2.1,4.7,75.7,3.6,15.2,1,4,7,8.7,4,3.51,"Yes"
28,17,"HR",0.3,0.6,7.15,0.84,2.1,2.9,30.9,2.8,30.9,0,8,3,16.8,3,2.36,"No"
43,19,"Technology",1,0.3,9.69,0.61,2.4,2.4,56.9,3.9,29.4,0,7,4,21.6,4,2.27,"Yes"
35,16,"Finance",2.4,1.5,10.51,0.62,3.8,3.6,69.5,3.5,40.3,0,9,3,80,3,3.76,"No"
37,14,"Technology",3.2,4.6,12.88,1.03,2.9,2.3,60.4,2.6,11.2,0,6,4,39.4,1,3.14,"Yes"
30,16,"Marketing",2.7,2.3,8.97,1.4,2.4,4.6,72.8,3.1,51.3,1,15,6,47.2,5,3.47,"No"
37,15,"Technology",2.2,0.3,11.18,1.51,1.6,2.6,51.5,3,26.3,1,7,4,49.7,3,4.25,"Yes"
22,13,"Finance",16.5,12.5,23.54,3.71,3.1,4.3,67.2,3.6,50.2,0,13,2,10.1,3,3.35,"No"
40,16,"Finance",0.6,0.3,10.43,1.7,4.7,3.1,34.6,3.2,13.3,0,6,6,11.4,4,3.8,"No"
55,18,"Sales",0.7,3.6,7.93,1.25,4.5,3.2,58.5,4.6,27,0,7,3,39.3,3,1.32,"No"
29,13,"Marketing",3.9,3.5,9.16,1.79,3.9,4.5,75.6,2.7,38,0,11,5,21.4,4,2.43,"No"
30,14,"Marketing",0.3,3.8,7.3,0.93,3.4,3.4,69.4,3.4,56.3,0,11,3,17.7,1,3.43,"No"
33,15,"HR",2.3,2.1,7.84,0.57,4,2.9,22.8,3.2,12.9,0,7,8,54.4,0,3.31,"No"
40,12,"Technology",5.5,0.3,12.8,1.91,2.5,2.6,48.6,3.6,7.1,1,5,4,15.2,1,4.14,"No"
36,17,"Marketing",16,6.9,24.29,2.48,3,4.2,80.9,3.2,27.9,0,12,5,16.2,1,3.62,"No"
40,16,"Sales",6,4.4,9.28,0.62,4.5,2.6,54.5,4.2,80.6,0,11,4,16.1,3,3.81,"No"
39,16,"Technology",10.4,4.9,11.93,1.25,4.2,3.4,49.3,1.6,49,0,12,2,13.1,4,3.97,"No"
39,16,"Technology",5,4.8,9.09,0.69,2.1,3.1,79.5,4.1,15.9,0,7,6,44.5,3,3.08,"Yes"
31,18,"Marketing",0.3,4,9.93,1.68,2.7,5,52.3,3.5,83.9,0,15,4,23.5,3,3.53,"No"
29,18,"Sales",0.4,0.3,9.02,1.77,4.7,3.6,64.8,3.3,10.6,1,7,5,12.1,2,3.95,"No"
43,19,"Finance",3.7,2.8,11.7,1.88,2.6,2.5,46.4,2.9,30.1,0,9,6,7.5,5,2.72,"No"
21,15,"Sales",2.1,1.7,10.03,0.65,4.4,3.2,84.9,3,33.8,0,6,10,14.7,1,3.2,"No"
29,16,"Operations",2.8,4.6,13.85,2.03,5,3.8,67.3,2.4,36.4,0,10,5,11.1,4,3.14,"No"
37,14,"Marketing",5.5,3.6,9.41,1.09,2.5,3,72.9,3.4,49.7,0,10,5,14.8,3,5,"No"
38,16,"Technology",1,4,8.83,0.53,2.4,4.5,69.2,2.9,41.4,0,7,4,59.9,1,4.17,"Yes"
28,13,"Finance",1,6.8,6.88,1.28,2.4,2.7,40.1,3.1,40.7,1,9,5,54.9,3,4.58,"No"
44,15,"Technology",2.6,4,14.78,2.86,4.1,2.2,49,3.8,29.2,1,7,6,23.9,3,1.56,"No"
40,17,"HR",0.3,1,9.56,1.69,3.1,2.8,78.8,4.7,8.6,0,5,2,31.5,0,1.9,"Yes"
27,19,"Operations",6,4.2,9.56,0.54,3.9,2.8,71.8,3.4,41.5,0,7,5,25.2,3,2.28,"No"
31,19,"Sales",12.4,2.9,13.82,1.11,3.5,4.5,41.9,2.9,21.9,1,7,2,28,2,3.7,"No"
28,13,"Technology",10,5.2,16.35,2.08,3.6,2.5,47.5,3,47.9,1,7,5,27.4,4,4.22,"No"
34,15,"Technology",3.9,4.1,12.36,1.57,3.4,4.2,64.1,2.5,30.2,1,10,6,43.4,5,2.56,"No"
26,16,"Sales",1.8,0.8,7.65,1.1,3.6,2.6,50.6,2,21.1,0,10,5,13.8,5,3.4,"Yes"
40,16,"Marketing",2.4,2.6,8.48,1.05,3.6,3.8,93.8,3,32.5,0,6,4,14,5,4.04,"Yes"
23,16,"Finance",6.1,3.7,10.85,1.21,3.7,2.9,56,2.9,12.3,1,6,1,10.8,4,3.45,"No"
35,17,"Operations",2.4,5,10.74,2.08,4.2,4.5,50.5,3.1,24.8,0,6,3,30.5,5,3.87,"No"
36,17,"HR",0.3,5,10.28,1.33,3,2.7,52.5,2.9,37.7,0,7,3,9.8,5,4.08,"No"
29,15,"Marketing",3.6,7.2,10.54,0.6,3.8,1.4,25.3,3.7,45.2,0,9,8,11.4,0,3.47,"No"
33,18,"Operations",0.8,4.1,8.61,1.67,3.5,3.7,46,1.1,60.3,1,11,6,37.8,0,5,"No"
32,18,"Sales",2.3,7,14.43,2.37,3.3,4.6,87.9,3.3,28.3,1,9,4,24.6,4,3.6,"No"
31,15,"HR",1.7,2,8.66,1.05,3.2,3.8,53.2,3.9,35.5,0,8,5,21.2,4,4.35,"No"
41,16,"HR",16.6,7.6,21.03,3.97,2.9,3.8,57.9,2.3,37,0,11,6,44.1,4,2.79,"No"
47,16,"Operations",14,7.1,18.62,1.75,3.5,2.4,54.8,2.7,67.5,0,12,3,36.7,2,4.04,"No"
28,16,"Operations",0.5,0.6,7.31,1.2,4,3,67.5,4.1,40.5,1,8,3,42.4,2,3.51,"No"
35,17,"HR",5.8,7.7,14.87,1.4,2.5,3.5,63.4,3.3,22.5,0,6,6,35.1,4,3.36,"No"
29,15,"Sales",5,3.8,15.32,1.67,3.6,3.5,75.9,4.1,46.3,1,9,6,53.4,2,2.79,"Yes"
43,17,"Marketing",8.1,3.7,10.82,1.97,4.5,4.2,46.7,2.1,74.6,0,14,5,17.5,4,1.71,"No"
23,18,"Technology",1.8,4.3,11.75,1.11,3.6,4.1,45.8,2.8,30.8,0,8,6,20.2,4,4.78,"No"
28,12,"Operations",4.1,4.6,9.68,1,5,3.2,49.9,2.3,75.1,0,9,7,39.2,3,1.87,"No"
23,17,"Marketing",4.8,3.6,14.24,1.37,2.5,3.5,54.7,3.3,44.6,1,9,5,20.4,3,2.31,"No"
45,20,"Marketing",4.4,6.3,9.72,1.57,2.8,3.6,38.7,2.9,39.2,1,9,6,34.4,5,4.08,"No"
40,20,"Sales",6.8,6.4,7.78,0.98,3.4,2.4,69.3,3.5,11.6,0,7,6,19.8,2,3.26,"Yes"
34,17,"Sales",2.3,6.3,7.81,0.7,3.7,3.4,58.8,3.5,21.9,0,7,3,51.2,4,4.32,"No"
21,16,"Technology",5.6,6.1,13.07,1.66,3,3.2,70.7,1.4,28.1,1,7,8,31.4,3,3.76,"Yes"
39,14,"Operations",7.6,5.2,8.67,0.62,2.7,3.8,23.1,3.3,16,0,5,4,22.6,4,3.68,"No"
33,15,"HR",4.9,6,15.92,2.27,1.9,5,55.4,2.7,12.2,0,9,4,12.4,5,3.73,"No"
29,18,"Sales",11,7.6,22.15,1.87,3.2,3.8,39.6,2,29.4,0,11,3,3.5,2,4.16,"No"
51,18,"Sales",9.6,0.8,14.42,1.87,5,3.6,53.3,2.8,25.9,0,7,4,11.9,3,2.64,"No"
31,18,"Marketing",6.3,5.1,15.56,1.21,3.1,4.7,62,1.9,44.1,0,9,0,36.4,3,4.22,"No"
25,16,"Technology",1.1,6.3,6.9,0.63,1.9,3.9,44.4,3.8,13.5,0,6,4,49.4,2,4.91,"No"
32,15,"Sales",5.9,0.9,14.19,2.44,3.2,4.1,59.4,2.9,30.3,1,7,2,20.3,2,2.91,"No"
35,13,"Technology",7.6,5.1,12.09,1.53,3.5,4.9,74,2.8,81.5,1,12,5,15.6,5,2.95,"No"
33,17,"Technology",7.8,4,8.86,1.43,4,2.4,28.4,2.3,71.4,0,16,3,22,0,2.15,"No"
32,19,"Technology",13.6,5.9,15.1,1.15,3.2,3.9,61.3,4,18.6,0,9,9,27.5,4,4.05,"No"
32,19,"Sales",7.2,5.6,16.19,2.98,1.3,3.7,63.9,3.7,17.9,1,8,6,33.9,3,2.56,"Yes"
26,17,"Sales",7,3.4,10.89,0.66,3.4,2.7,44.6,3.3,24.5,0,8,6,14.1,4,4,"No"
40,15,"Technology",13.7,5,20.06,3.82,3.4,3.2,57.6,3.1,33.8,0,13,5,12.3,5,1.3,"No"
21,16,"Finance",3.4,4.8,11.43,0.65,2.9,3.6,60.9,3.5,57.1,0,12,4,47.9,0,2.66,"No"
54,18,"Sales",7,0.3,8.4,0.51,3.8,3.6,61.2,3.3,20.7,0,7,4,19.4,3,3.37,"No"
27,14,"Sales",6.2,5.6,16.23,2.51,2.7,4.9,61.4,2.5,15.3,0,9,5,23.4,0,3.47,"No"
36,18,"Finance",2.5,0.3,12.99,2.56,3.1,5,43.1,1.7,77.4,1,12,3,27.5,0,2.39,"No"
24,16,"Finance",2.6,5.3,12.37,1.65,2.8,3.3,51.8,3.3,25.8,1,8,4,13.3,3,3.05,"No"
28,16,"Sales",0.8,0.3,11.21,1.01,3.6,3.5,75.5,2.2,19,0,7,2,54.3,0,3.17,"Yes"
34,15,"Technology",5.7,7.8,14.77,2.23,3.6,4,63.5,2.8,6.6,1,2,7,61.1,3,3.31,"No"
31,18,"Operations",11.5,4.4,22.25,3.62,2.5,2,64,3,97.2,0,15,8,23.7,2,3.18,"No"
45,19,"Operations",0.3,4.6,5.05,0.57,5,4,57.6,4,45.5,0,5,4,51.4,5,3.49,"No"
37,13,"Technology",1.2,4.6,5.63,0.33,3.1,3.2,85.9,4.4,67,1,14,4,17.6,1,2.7,"No"
29,16,"Finance",3.5,4.1,12.89,2.36,3.1,3.8,54.9,3.1,55.8,0,11,6,26.2,5,3.17,"No"
46,16,"Technology",0.3,2.7,7.46,0.52,3.4,2.8,68.9,2.1,8,0,2,5,5.8,3,2.77,"No"
51,15,"Finance",0.4,3.4,9.26,1.15,2.2,4.2,60.4,3.4,31.5,0,10,3,9.5,1,3.89,"No"
21,16,"Finance",1.8,2.3,8.01,0.86,3.4,4.3,59.8,2.5,24.8,0,7,5,36.7,3,3.24,"No"
33,15,"Technology",10.9,4.6,16.77,2.74,2.9,4.3,41.7,3,32.4,0,9,1,16.7,5,2.63,"No"
40,20,"Operations",0.3,2.2,5.99,0.32,3.6,3.2,66.4,2.4,6.7,1,4,8,29.2,5,3.32,"No"
42,13,"Technology",8.4,3.3,16.46,1.19,3.5,2.6,28.7,4.7,44,0,9,1,21.4,2,2.82,"No"
37,17,"Sales",8.5,1.1,16.64,1.88,3.5,4.1,41.6,3.5,21.5,0,9,6,29.9,1,3.82,"No"
37,16,"Operations",2,4.8,11.07,1.04,2.3,4.1,70.6,3.2,35.9,0,8,4,10.4,0,3.72,"No"
29,15,"Marketing",9,9.8,19.85,3.14,3,4.7,59.9,3.9,42.6,0,8,5,1,4,3.26,"No"
44,16,"Technology",0.3,5.7,9.78,1.15,4.3,2.8,55,3.1,32.8,1,8,7,19.1,0,3.78,"No"
35,12,"Technology",6.4,1,15.98,1.11,2.3,3.6,84.7,2.8,26.9,0,10,8,33.1,2,3.56,"Yes"
33,12,"Sales",8.6,7.8,17.39,2.52,3.8,3.1,93.8,5,35.2,0,11,7,2.8,4,4.1,"No"
39,14,"Sales",1,2.3,8.17,0.62,3.3,3.2,62.4,3.2,9.4,0,6,5,25.3,0,1.84,"No"
31,15,"HR",4.2,6.1,8.04,1.06,3.3,2.5,58.3,2.8,47.9,0,8,4,33,4,2.19,"No"
41,14,"Technology",25,11.4,46.41,8.46,4.2,4,36.8,2.1,29.7,0,15,5,31.7,1,4.44,"No"
31,12,"Finance",2.6,0.3,11.89,1.58,4.3,2.6,39.2,3,26,0,8,6,30.3,4,3.72,"No"
46,19,"Technology",4.1,0.3,12.1,2.42,2.2,4,45,5,43.8,0,11,3,7.4,2,2.64,"No"
31,15,"Technology",0.3,5.4,13.82,2.49,3.5,3.7,80.5,2.9,29.1,0,9,3,22.1,3,4.87,"Yes"
48,17,"Technology",9,2.3,17.62,3.21,2.5,3.5,47.2,3.6,27.4,0,7,6,44,1,1.74,"No"
28,17,"HR",2.9,3.8,13.02,1.4,3.3,3.1,54.6,3.2,24.3,0,8,6,65.6,5,3.37,"No"
35,17,"Sales",2.7,3.5,13.42,1.17,3.2,4,48.5,2.3,58.6,0,9,1,12.8,4,3.12,"No"
25,16,"HR",2.4,5.9,8,0.41,3.7,4.4,45.3,4.3,7,0,7,4,12.2,0,1.52,"No"
47,16,"Operations",1.3,0.3,10.71,1.45,4.4,3.7,79.9,2.2,29.8,1,4,8,80,5,2.99,"Yes"
49,14,"Technology",3,8,8.3,0.42,2.7,3.9,31,2.1,33.3,1,9,2,12.5,3,3.61,"No"
35,16,"Finance",0.3,0.3,7.7,0.55,3.9,3,39.5,3.5,14.7,0,5,3,80,3,3.23,"No"
26,18,"Finance",7.9,2.9,13.07,1.42,1.7,4.4,52.6,4.2,26.8,0,4,1,12.9,3,2.41,"No"
39,15,"Technology",0.6,0.3,6,0.54,2.4,2.1,51.9,4.3,87.5,0,14,10,5.7,0,3.73,"No"
38,13,"Operations",10.9,8.8,16.56,3.28,3.2,4.3,61.9,3.4,84.3,1,13,4,6.6,0,3.38,"No"
27,16,"Sales",2.4,5.6,11.24,1.44,4.3,4.6,55.6,5,39.9,0,10,9,39.1,5,4.43,"No"
28,16,"Technology",1.3,3.6,10.97,1.43,4.6,3.7,53.1,3.9,11.8,0,7,4,19.1,3,3.7,"No"
39,18,"Sales",3,0.9,10.26,0.55,2.6,4.9,43.6,1.5,47.8,0,9,3,7,0,2.59,"No"
22,17,"Marketing",9.3,7.9,15.49,1.16,3.6,2.8,63.4,2,7.6,0,7,4,13.7,3,4.1,"Yes"
30,16,"Marketing",0.4,7.5,10.2,0.83,2.8,3.1,58.6,3.7,65.9,0,9,2,51.8,4,2.35,"No"
33,17,"Sales",0.5,0.3,9.8,0.86,3.9,3.2,44.2,2,22,1,6,2,16.5,2,4.49,"No"
34,14,"Marketing",0.9,1.4,7.95,1.03,3.5,3,49.1,3.5,26.1,0,7,4,16.1,3,4.51,"No"
29,17,"Finance",5.3,6.1,9.07,0.97,2.8,3.1,72.1,2.4,18.8,0,7,5,33.6,2,2.84,"Yes"
33,18,"Technology",6.1,4.5,8.09,0.81,3,3,67.2,3.8,68.1,0,11,7,34.1,3,2.44,"No"
39,13,"Operations",2.6,4.9,8.89,1.63,5,3.7,94.1,3.5,35.2,0,10,3,17.9,5,1.61,"Yes"
26,17,"Sales",5.4,5.8,14.49,2.54,2.6,3.5,36.9,3.6,38.2,0,7,6,26.4,2,3.01,"No"
40,15,"Operations",4.9,1.2,8.43,0.99,4.2,4.3,56.9,4,82.4,1,12,5,33.6,3,2.47,"No"
34,15,"Operations",4.2,2.3,13.54,1.38,3.8,3.7,61.9,3.9,13.2,0,4,5,26.7,1,1.93,"No"
33,20,"Operations",3.5,1.7,12.83,1.88,5,3.1,78.9,4.2,21.2,0,8,3,7.5,2,1.18,"No"
22,17,"Operations",9.1,3.8,17.49,1.65,2.8,3.1,52.6,2.3,51.5,1,13,4,22.6,4,3.78,"No"
40,12,"Sales",2.5,4.2,8.73,0.81,3.7,2.5,78.8,3.8,19.2,0,6,9,29.7,4,4.05,"Yes"
47,16,"Sales",5.7,3.9,15.33,1.56,4.3,3.9,45.1,2.5,31.4,1,6,7,41.3,0,1.81,"No"
39,16,"Operations",11.2,6.6,13.31,2.3,4.5,4.1,24.3,1.9,40.2,0,8,6,17.8,4,3.69,"No"
21,17,"Sales",1.7,2.9,13.68,0.98,3.4,2.9,65.2,3.5,54.1,1,11,3,1.6,2,4.22,"No"
47,17,"Finance",0.7,2.3,7.84,1.34,1.6,4,49.1,3.6,28.8,0,6,2,14.3,4,4.35,"Yes"
27,15,"Technology",1.9,3.3,15.94,1.5,1.7,2.8,66.3,3.4,20.7,0,4,2,27.2,4,2.47,"Yes"
21,15,"Technology",0.5,2.8,8.04,0.65,4.2,3.4,43.8,5,40.9,0,10,4,33.9,4,3.15,"No"
21,20,"Marketing",25,9.4,19.51,3.76,3,2.3,60.3,4.4,71.8,1,13,5,3.5,3,3.25,"No"
39,16,"Marketing",8.3,3.9,12.58,1.07,3.4,2.3,68.3,4.6,24.5,0,10,2,31.8,5,3.83,"No"
41,16,"Finance",17.7,4.1,24.09,3.53,4,3.9,72.3,2,19.5,0,10,4,21.5,5,3.05,"No"
44,16,"HR",0.9,0.3,10.99,0.7,5,3.2,49.7,5,31.5,0,8,6,46,5,2.17,"No"
51,13,"Technology",8.2,7.1,9.82,1.27,4,2.8,45.8,2.8,47.1,1,11,2,70.4,5,3.74,"No"
26,15,"Sales",2.5,3.3,9.54,1.17,2.4,2.3,58.9,3.3,34.2,1,9,5,9.7,0,3.52,"No"
30,17,"HR",3.9,4.3,9.32,0.7,2.6,2,79.2,3.8,21.1,0,6,3,12.9,3,2.11,"Yes"
35,16,"Operations",8.9,5.8,8.46,1.54,2.9,3.1,73.7,4,23.8,1,7,7,38.4,2,3.77,"No"
35,15,"Finance",0.7,0.7,5.85,1.16,2,3.8,91.3,3.2,58.1,1,10,5,23.6,4,3.25,"Yes"
39,12,"Operations",3.9,3.8,11.09,1.5,2.2,3.3,73.8,3,17,0,7,2,32.7,2,2.4,"Yes"
24,14,"Sales",0.3,6,9.6,1.8,5,4.6,36.1,2.8,41.9,0,7,5,45.8,4,3.44,"No"
43,16,"Sales",16,4.9,21.8,4.27,3.5,3.3,56.1,3.6,41.7,1,12,6,14.5,4,4.6,"No"
38,13,"Technology",9.5,5.6,12.55,0.94,3.1,2.4,37.5,2.9,51.4,0,16,2,11.8,1,2.39,"No"
41,14,"Finance",0.8,3.2,8.33,1.6,3.8,3.5,46.7,4.2,34.6,0,6,5,43,4,2.76,"No"
35,18,"Marketing",1.9,2.2,12.11,1.08,3.4,3.7,68.2,2.2,39.6,1,6,1,12.4,5,2.9,"Yes"
43,18,"Technology",3.1,1.5,8.43,0.53,2.8,4,44.8,4.5,40.6,0,7,11,9.9,5,4.84,"No"
21,17,"Sales",1.4,0.5,7.24,0.51,3.1,2.9,34.5,2.4,58.8,1,12,1,6.1,2,2.87,"No"
36,18,"Technology",2.2,4,9.09,0.64,2.6,3.3,78.6,4.8,47,0,11,11,17.1,0,3.06,"No"
35,17,"Marketing",3.4,0.6,12.11,2.09,3.8,3.5,93.5,4,35.2,0,8,4,52.4,5,4.03,"Yes"
35,20,"HR",1.8,3.9,11.78,1.3,4.4,3.9,91,3.3,46.2,0,8,2,17.7,3,1.68,"No"
34,15,"Operations",3.9,2.5,8.88,0.55,3.8,3.1,54.1,4.2,41.2,0,10,4,80,0,5,"No"
26,17,"Operations",1.4,5.8,7.35,0.52,4.6,2.7,57.1,1,17.4,0,5,2,19,5,5,"No"
39,12,"Sales",3.6,2.8,9.61,0.93,5,3.4,39.5,3.2,15.6,1,8,3,22.7,2,3.6,"No"
25,17,"Sales",5.2,2.1,7.07,1.08,2.4,3.3,47.2,3.2,23.9,0,8,4,33,5,3.26,"No"
36,17,"HR",2.8,4.9,11.41,2.16,4.5,3.8,65.1,3.3,90.9,1,14,4,24.5,3,2.97,"No"
33,16,"Marketing",6.3,6.8,8.82,0.63,2.4,3.1,62.2,3.9,41.4,1,9,3,13.6,0,4.3,"No"
41,16,"Sales",1.1,1.9,11.23,1.11,3.9,2,15,2.3,53,0,7,1,35.3,2,3.75,"No"
43,20,"Marketing",0.5,1.3,7.53,1.49,2.7,3.5,82.2,2.8,20.3,0,5,5,18.8,3,2.69,"Yes"
23,13,"Marketing",20.2,9.5,28.55,3.91,3.2,3.9,56.3,3.8,21.7,0,8,3,45.3,2,2.53,"No"
33,14,"Operations",8.1,3.9,10.12,1.43,2.8,3.7,51.3,2.4,22.2,0,8,6,51.8,4,4.22,"Yes"
34,15,"Sales",6.1,6.5,16.68,1.53,2.3,3.5,65.2,2.5,64.1,1,11,1,45.2,4,5,"No"
52,18,"Technology",10,3,17.93,2.27,2.5,2.1,27.8,3.1,37.7,0,13,2,34.7,3,3.13,"No"
31,17,"Marketing",1,0.3,11.83,1.46,3.2,2.8,52.2,4.3,23.7,0,6,8,26.6,0,3.99,"No"
21,14,"Technology",22.7,7.3,27.06,1.72,1.9,3,51.8,2.8,17.9,0,9,9,57.2,4,2.54,"Yes"
40,20,"Operations",2.7,3.3,14.32,1.26,2.1,2.5,42.3,3.6,24.4,0,7,3,23.3,4,3.49,"No"
29,13,"Operations",9.2,7.3,12.45,2.14,3.6,3.4,52,3.5,20.6,0,7,5,15.8,4,3.34,"No"
36,20,"HR",3,5.7,13.3,2.18,3.1,4.9,61.5,3.5,27.3,1,7,9,45.4,3,2.88,"No"
45,16,"Operations",7.5,5.2,12.34,1.45,2.8,1.8,68.9,1.9,14.4,1,5,4,35.9,5,3.52,"Yes"
28,14,"Technology",7.1,4.5,8.47,0.9,3.6,3.1,55.8,3.5,37.2,1,8,7,19.8,3,3.51,"No"
27,17,"Finance",1,0.3,7.83,1.26,2.4,4.4,69.7,2.9,35.6,1,9,4,38.2,4,5,"No"
43,20,"Operations",5.4,3.1,17.46,1.13,3.2,4.3,89.4,3.4,39.4,0,9,5,31.5,0,2.14,"No"
32,17,"Operations",6.3,7.4,9.12,1.55,3,4.1,67.3,2.9,14.4,1,7,6,55.9,3,3.77,"Yes"
49,16,"Technology",1.5,0.3,5.87,0.97,4.9,4.4,44,3.8,35.5,0,6,1,6.4,2,3.66,"No"
36,18,"Finance",3.1,0.5,14.15,0.8,3.2,2.8,73.8,3.3,45.6,0,9,6,42.7,5,2.36,"No"
43,17,"Finance",3.5,1.5,9.01,0.81,3.1,3.1,49.6,3.8,12.7,1,6,3,37.1,4,3.18,"No"
24,17,"Marketing",13.2,3.8,18.67,2.27,2.9,4.1,50.8,3.5,23.1,0,8,7,28,3,3.07,"No"
47,16,"Finance",2.1,4.1,10.43,1.91,2.9,3.2,55.2,4.1,22.4,0,7,7,30.9,2,4.3,"No"
23,17,"Marketing",0.3,5,5.64,0.94,3,3.1,29.8,3.5,26.7,0,6,3,19.7,3,2.61,"No"
32,15,"Marketing",6.2,5.3,16.22,2.47,3.1,5,32.2,4.5,48.7,0,11,4,13.1,4,2.5,"No"
38,18,"Operations",21.7,5.1,28.37,1.47,3.6,3.4,58.9,3.8,22.9,0,8,5,24.7,1,1.85,"No"
29,18,"Sales",12.3,3,14.55,1.19,1.8,4.5,58,4.4,55.5,0,11,4,33.8,2,4.07,"No"
44,17,"Technology",6.1,6.8,13.61,0.78,3.3,5,62.3,2.3,8.4,1,7,3,36.1,2,3.58,"No"
24,13,"Operations",4.2,3.6,12.04,1.84,4.1,2.9,36.1,4.1,17.3,0,5,3,31.7,2,3.49,"No"
40,15,"Marketing",12.3,7.2,14.33,1.69,4.2,3.1,53.4,4.2,27.9,0,9,4,23.2,4,2.33,"No"
22,17,"Marketing",1.8,0.3,12.18,1.46,2.6,5,39.8,2.7,27.1,1,8,4,32.4,5,2.86,"No"
26,14,"HR",1.9,6.7,15.06,1.92,2.6,4.1,68.1,4.6,50.5,0,10,1,9.3,4,4.79,"No"
37,18,"Marketing",6.5,4.1,20.28,1.71,3.5,3.5,68.1,2.8,13.8,0,6,5,20.4,2,3.34,"No"
47,17,"Operations",5.4,1.5,9.03,1.66,5,2.8,33.2,2.6,52.8,0,9,6,5.7,2,2.89,"No"
28,15,"Operations",0.3,3.3,8.73,1.52,3.2,2.2,57.6,2.6,27.8,1,8,1,35.9,5,2.09,"No"
46,16,"Technology",0.7,5,5.75,0.89,2,1.8,70.7,4.3,14.4,0,6,6,14.2,5,3.69,"Yes"
34,17,"Sales",25,7.6,22.23,2.22,2.2,3.2,44.8,2.2,35,0,12,5,26.2,1,3.76,"No"
35,16,"Finance",0.3,2.4,5.69,0.57,3.4,2.9,71.4,3.5,19.5,0,8,4,25.7,3,4.53,"Yes"
21,13,"Technology",4.8,3.5,9.47,1.66,3.9,3,65.3,2.3,28.8,0,7,1,21,2,3.45,"Yes"
42,16,"Sales",11.8,6.2,14.42,2.41,2,3.5,81.2,1.8,48.8,1,11,6,31.8,4,2.18,"Yes"
24,16,"Marketing",1,0.5,10.54,0.65,3.1,2.9,62.1,4.4,35.3,1,7,3,15.6,1,3.09,"No"
29,15,"Marketing",0.3,3.8,8.29,1.25,2.6,2.9,70.5,3.2,24.3,1,10,3,38.9,4,3.57,"Yes"
33,19,"Technology",2,2.2,13.01,0.92,4,3.7,58.4,2.2,19.8,0,8,6,39.7,0,4.06,"Yes"
28,12,"Finance",16.5,8.6,14.08,1.94,3.3,4.7,15,2.9,51.6,0,12,5,45.3,1,3.37,"No"
29,13,"Marketing",0.6,4.5,7.73,1.26,3.1,3,56.5,2.8,45,1,10,9,16.5,0,3.78,"No"
30,19,"Operations",3.1,1.6,9.89,1.6,3.2,3.5,58.2,3.9,20.5,1,7,7,10.3,1,3.31,"No"
31,17,"Technology",0.5,2,10.87,0.62,2.1,3.8,68.2,3.8,49.7,1,10,4,21,3,2.92,"No"
29,18,"Sales",5,0.3,13.63,1.73,3,2.3,52.8,3.9,69.5,0,8,4,72.2,2,4.24,"No"
41,15,"Technology",0.6,2.7,8.47,0.83,2.9,3.5,39.5,2.3,46.4,1,8,3,14.3,0,4.54,"No"
32,16,"Finance",4.6,4.8,14.62,2.15,4.8,2,80.2,3.9,49.9,0,11,5,14.4,5,2.59,"Yes"
50,13,"Operations",4.4,2.9,16.17,1.32,5,4.3,84.8,2.3,13.6,0,5,9,8.9,2,3.98,"No"
33,18,"Technology",9.7,3.9,22.91,1.74,2.6,4.8,36.7,2.3,44.2,0,9,3,46,4,3.31,"No"
23,13,"Marketing",8.1,5.7,17.17,3.43,3.6,3.9,81.6,3.5,21.6,0,9,9,14.7,5,2.35,"No"
25,18,"Marketing",2.5,6.1,12.05,0.67,2.9,2.4,89.3,3,35.2,1,6,4,23.9,0,3.13,"Yes"
32,17,"Sales",1.5,0.3,9.95,1.66,2.9,3,67,3,35.6,0,6,7,30.2,5,3.94,"No"
34,14,"Finance",2.2,2.9,12.5,0.92,3.9,4.4,66.8,3.2,23.6,0,7,3,35.7,4,3.98,"No"
40,16,"Finance",8.2,6.8,13.26,1.31,2.8,5,75.3,3.1,29.7,0,10,2,13,0,1.77,"No"
46,16,"Operations",4.1,3.6,9.66,0.63,1.5,1.2,67.8,3.4,29,0,9,3,23.9,0,3.05,"Yes"
45,17,"Finance",6.3,4.9,5.85,0.71,3,4,23.1,2.4,32.6,1,6,4,27.4,2,2.43,"No"
41,15,"Finance",15.4,3.3,26.84,3.73,3.4,2.5,67.7,4.4,27.3,0,10,1,21.3,2,2.56,"No"
43,20,"Finance",5,5.1,10.12,1.34,1.7,2.7,74.6,2.4,14.2,0,9,2,27.9,2,3.68,"Yes"
28,14,"Operations",1.6,1.7,6.79,0.53,4.5,3.7,71.8,2.3,20.4,0,6,5,30.7,4,4.19,"Yes"
32,18,"Finance",2.8,7,10.38,1.4,2.1,2.6,52,2.6,5.4,0,6,7,28.4,0,3.04,"No"
36,15,"Finance",8.5,5.4,9.71,1.32,3.8,4.6,53.8,3.2,19.2,1,5,3,11.4,2,4.18,"No"
46,17,"Sales",1.4,0.3,9.39,1.36,4.8,2.9,73,4,54.3,0,8,3,59,5,2.65,"No"
31,18,"Sales",3.8,8.1,9.96,1.26,3.1,3.6,53.1,3.1,34.3,0,10,2,39.4,3,1.73,"No"
40,19,"Marketing",8.6,0.4,26.76,4.24,4.8,4,54.4,3.3,29.7,0,7,3,12.1,0,4.27,"No"
41,16,"Finance",3.9,0.3,8.02,0.6,2.2,2.6,59.4,3.7,26.8,1,6,3,80,4,4.21,"Yes"
40,14,"Technology",25,10.4,37.87,6.28,3.9,3.9,76.2,1.3,25.6,1,10,7,49.9,5,3.93,"No"
35,17,"Sales",2.1,1.1,12.81,1.15,3.5,3.5,61.7,2.9,48.1,0,5,4,65.1,3,5,"Yes"
45,18,"Operations",0.5,0.3,8.06,0.83,3.5,2.3,81.7,2.9,55.8,0,11,2,11.2,0,3.87,"Yes"
37,17,"Finance",5.7,2,6.99,0.44,2.5,2.5,54,4.3,28.5,0,9,7,33.3,5,2.93,"No"
36,19,"Technology",1.8,0.7,9.15,1.7,2.7,2.3,15,2.9,26.2,1,8,4,39.2,2,1.32,"No"
25,17,"Finance",2.3,4.7,5.61,0.94,3.6,3.4,64.6,3.1,17,1,7,4,28.7,1,3.4,"No"
28,12,"Technology",3.3,1.2,13.27,1.52,3.7,3.6,69.9,2.9,41.8,0,9,4,4.9,0,3.46,"No"
38,12,"Finance",4.3,0.3,10.36,1.9,3.9,3.8,62.9,4.2,59.8,1,12,5,14.6,5,3.48,"No"
42,13,"Technology",0.6,2.1,10.66,1.83,3.7,2.5,52.7,3.3,22,1,9,1,38.9,1,1.84,"No"
28,18,"Sales",4.7,3.5,12.85,2.28,3.9,1.8,67.1,3.8,26.2,0,7,8,23.1,4,3.49,"Yes"
40,13,"Operations",9.4,5.8,17.91,1.02,2.4,4.1,32.2,3.7,36.2,0,10,1,30.7,3,4.36,"No"
22,17,"HR",3.3,3,10.19,1.14,2.3,4,48.9,2.5,29.9,1,11,6,23.2,4,2.79,"No"
35,20,"Finance",5.4,5.1,7.65,0.9,3.4,2.9,58.8,3.1,26.5,0,7,5,39.2,3,1.99,"No"
29,17,"Marketing",4.1,6.7,12.85,1.73,3.4,3.6,63.5,2.6,67.6,0,12,4,52.7,3,3.43,"No"
36,13,"Operations",0.3,0.3,7.47,1.15,4.2,3.4,60,3.8,45.5,0,10,6,54.2,3,4.75,"No"
39,20,"Marketing",1,3.4,11.94,2.16,3,2.8,50.5,3.7,50.2,0,11,4,17.6,4,1.86,"No"
21,17,"Marketing",1.9,1.4,7.7,0.92,5,2,54.4,3.5,35.9,1,7,9,10.6,5,3.92,"No"
28,18,"Operations",1.2,1.5,7.51,0.49,3.7,4.1,31.9,3,42,0,5,3,25.2,2,2.54,"No"
36,14,"Technology",5.6,3.4,11.26,1.95,3.3,2.5,76.8,3.6,22.7,1,6,4,37.3,5,3.32,"Yes"
24,15,"Finance",4.3,5.1,11.79,2.33,3.9,3.3,48.2,2.9,50.9,0,9,8,20.4,0,3.26,"No"
28,17,"Marketing",4.6,2.9,11.82,2.35,4.6,3.1,84.6,2.8,48.8,0,12,4,44.3,1,4.06,"No"
49,19,"Technology",4.1,1.6,8.95,1.78,1.7,2.7,78.4,4.5,10.2,0,4,3,29.2,5,3.76,"Yes"
26,16,"Sales",2.9,3.4,8.69,0.7,3.4,4.9,47.9,1.9,34.3,1,12,3,34.3,5,2.29,"No"
35,19,"Sales",2.7,2.1,8.82,0.45,3.8,3.1,84.1,3.6,38.9,0,10,10,43.8,2,3.47,"Yes"
34,15,"Operations",12.5,4.4,12.31,0.92,2.5,3.4,74.2,4.4,10.7,0,7,5,30.6,4,4.08,"Yes"
45,12,"Finance",7.9,4.8,11.88,0.72,3.7,3,71.4,3.2,16.9,0,7,3,33,5,3.59,"No"
44,14,"Finance",5.5,2.7,14.25,1.31,4.4,3.5,32.7,2.8,25.9,0,7,3,28.6,0,2.03,"No"
59,15,"Sales",2.7,1.3,11.13,1.71,1.5,2.6,86.5,3.2,37.5,1,7,3,62.5,4,3.31,"Yes"
46,18,"Operations",7.6,4.9,17.1,0.91,3.2,1.6,53.9,3.4,22.5,0,6,7,15.7,2,3.32,"No"
31,20,"Technology",4.5,4.3,7.81,0.93,4.3,3,56.4,3,27.8,0,5,3,33.6,3,3,"No"
41,19,"HR",4.1,5.1,11.97,1.67,3.5,4,65.1,2.2,15.8,0,9,3,33.1,2,4.3,"No"
38,15,"Technology",13.3,8.9,16.2,0.91,3.9,4.3,70.8,2.3,73.5,1,15,5,22.6,4,2.14,"No"
48,17,"Sales",5.2,0.5,15.92,1.87,2.6,2.7,72.6,3.4,32.3,1,10,2,16.2,0,3.41,"Yes"
44,14,"Marketing",5.8,3.9,13.95,2.41,3.4,3.2,70.4,3.4,17.5,0,5,3,17.5,1,3.84,"Yes"
22,14,"Finance",10.3,3.5,14.06,2.53,1.5,4.5,67.9,3.7,30.9,1,9,2,33.8,4,2.3,"No"
43,17,"Technology",20.1,9.2,28.12,4.69,3.3,2.9,50.8,2.9,37.6,0,9,3,16.8,4,2.31,"No"
40,14,"Finance",10.2,4.8,19.49,1.3,5,3.1,68,4.7,62.4,0,8,2,41,0,2.98,"No"
31,18,"Sales",7.7,3.3,15.05,1.35,3,4.4,51.4,2.9,25.2,0,8,5,19.1,5,1.67,"No"
34,15,"Sales",9.9,6.2,18.15,3.6,3.7,5,69.4,4.4,43.7,1,12,5,31.9,3,3.25,"No"
46,17,"HR",2.4,1.5,10.67,1.52,4.2,3.6,57.8,3.3,24.2,1,6,2,8,1,2.85,"No"
21,17,"Technology",11.9,4.1,14.76,2.68,3.3,3.5,50.7,1.9,15.1,0,10,2,54.2,2,5,"No"
34,12,"HR",2.1,1.7,10.77,1.04,1.7,3.6,44.3,3.3,51.5,0,11,3,14.8,4,2.79,"No"
35,16,"Sales",0.7,3.1,9.66,1.23,3,3.2,45,2.3,12.6,0,4,4,11.5,0,4,"No"
39,17,"Sales",3.9,3.1,9.37,1.7,3.2,3.7,67.1,4.6,47.9,0,8,6,63.7,3,3.08,"No"
27,15,"Technology",3.6,7,16.09,1.28,1.7,3,61.4,4,30.4,0,9,7,30.7,2,2.14,"No"
34,19,"Marketing",5.2,10.3,14.57,1.06,2.6,3.2,71.2,3.5,21,0,8,5,34.7,2,4.89,"Yes"
31,18,"Operations",0.3,0.3,10.07,1.67,2.2,2.3,79.6,4.1,5.7,1,3,9,7.4,3,3.32,"Yes"
35,17,"Sales",4.4,5.8,7.71,1.4,3.4,3.9,57.4,2.5,37.3,1,7,4,28.4,5,3.72,"No"
49,18,"Finance",7.7,5.3,13.18,2.33,1.8,3.2,15,3.4,51.8,0,10,5,41.3,5,3.72,"No"
39,17,"Marketing",0.9,2.5,7.11,1.22,4.7,4.6,95.7,2.2,39.8,0,7,8,34.9,2,3.78,"Yes"
29,18,"Operations",25,8.3,38,2.5,3.2,2.4,70.9,4.8,24.2,0,11,3,42.3,4,4.15,"No"
27,17,"Technology",0.3,0.3,6.88,0.46,3.9,3.9,61.5,4,35.4,0,7,4,14.4,5,2.55,"No"
54,17,"HR",12.5,6.6,13.61,2.67,3.4,3.8,62.7,3.5,9.3,0,9,3,14,1,3.19,"No"
30,16,"HR",2.1,3.1,9.61,1,3.4,4.5,64.6,3.7,60.4,0,8,4,15.7,3,1.79,"No"
34,13,"Finance",5,3.9,8.3,1.43,2.9,3.2,52.4,1.7,37.5,0,10,1,9.4,5,4.94,"No"
32,16,"Finance",21.1,7.6,19.27,1.61,3,2.5,54.5,2.2,51.5,0,14,6,30.1,4,1.47,"No"
29,14,"Operations",1.7,1.1,7.36,1.23,3.1,2.8,46.7,3.1,19.6,1,4,5,21.1,5,2.97,"No"
39,13,"Technology",16.3,3.1,15.43,1.5,3.4,4.5,86.8,5,43.3,0,10,10,53.5,3,3.97,"No"
23,20,"Marketing",6,6.7,11.94,1.28,2,3.6,51.1,4.1,20.8,0,7,4,53,2,4.34,"No"
31,12,"Marketing",0.4,0.7,10.68,1.92,3.4,3.2,73.9,2.2,36,0,8,7,16.9,3,1.9,"No"
35,16,"Sales",12,6.9,19.06,0.97,2.3,4.4,62.1,3.6,30.5,0,8,5,25.9,2,2.95,"No"
36,19,"Operations",4.9,3.3,9.51,1.31,5,3.3,66.6,3,32,0,9,2,50.1,1,4.94,"No"
36,16,"Finance",2.1,5.2,10.78,1.73,4.5,3.4,51.7,2.5,47.3,1,8,5,49,3,3.34,"No"
34,15,"Sales",4.8,5.7,6.47,0.61,3.1,3.4,87.1,3.5,11.2,1,5,0,34.6,4,2.04,"Yes"
31,13,"Finance",3.6,5.1,14.52,2.19,4.6,4,66.4,4.5,36.1,0,7,5,75.3,2,3.27,"Yes"
43,15,"Technology",1.2,5.4,8.8,0.63,3,3.5,60.8,3,30.6,0,6,9,35,0,3.4,"Yes"
36,13,"Sales",12.6,3.1,15.65,2.07,4.1,4,55.1,5,13.5,0,9,5,63.3,4,4.33,"No"
45,12,"Sales",7.7,2.4,10.02,0.92,3.1,2.1,74.2,4.2,17.4,1,10,5,55.6,5,2.48,"Yes"
38,16,"Technology",16.7,4.3,21.2,2.56,3.9,2.1,48.7,2.5,65.5,0,13,5,28.2,3,2.86,"No"
31,15,"Finance",1.6,4.1,10.33,1.33,2,5,76.8,3,100,0,11,6,26.3,2,4.05,"No"
38,19,"Technology",7.2,6.7,9.57,0.8,2.4,4.6,51.3,4.7,45.8,0,9,6,35.6,5,3.49,"No"
31,17,"Operations",2.4,6.6,7.98,1.28,3.8,2.5,98.5,2.9,16.8,0,7,3,23.1,3,3.25,"Yes"
48,14,"Finance",18.4,5.4,32.13,4.54,3.8,3.8,57.5,3.7,21,1,9,8,45,4,2.79,"No"
37,15,"Finance",0.4,1.1,10.99,1.17,3,3.1,47.4,1.5,33.1,1,10,5,20.1,2,4.4,"No"
31,13,"Operations",7.3,9,9.23,1.16,4.3,4.4,72.8,3.4,55.9,1,10,8,30.4,1,1.69,"No"
42,19,"Finance",0.3,1.1,8.85,1.76,3.1,3.6,72.9,1.6,19.8,0,7,4,33.8,0,3.11,"Yes"
21,13,"Technology",4.5,2.5,9.69,0.64,2.8,2.7,59.5,3.5,31.8,0,6,3,18.2,4,3.54,"No"
39,20,"Technology",0.8,0.5,8,0.96,1.6,3.1,52,2.6,25,0,3,5,15.2,2,2.9,"Yes"
28,14,"Technology",2.1,2.3,12.66,0.66,2.7,3.1,82.4,3.7,42.9,0,6,4,20.5,4,3.76,"Yes"
48,15,"Sales",9.7,4.4,17.2,1.04,3.3,1.1,54.6,2.5,19.3,1,7,5,33.7,3,2.79,"No"
37,13,"Sales",0.6,1.9,12.32,1.22,4.5,3.9,55.3,2.4,29.4,0,7,3,51.3,5,2.58,"No"
33,15,"Marketing",0.3,4.1,8.55,1.51,3,2.5,52.6,4.2,61.8,0,12,4,32.1,3,3.46,"No"
25,16,"Marketing",11.5,8.7,18.11,1.1,3.7,2.8,40.6,3.3,21,0,8,7,10,5,3.3,"No"
32,15,"Sales",4.8,5.6,14.91,0.83,3.4,4.4,36.8,1.6,25.4,0,9,5,21,1,3.99,"No"
33,16,"Operations",4.6,2.9,7.05,1.04,4.8,4,57.7,1.9,7.1,0,6,6,50.2,0,3.69,"No"
27,15,"Operations",10.6,3.7,15.91,1.32,3.1,4.5,62.6,3.9,27.3,0,9,3,5.8,0,2.98,"No"
29,13,"Operations",1.2,7.3,8.9,1.05,3.7,2.5,72.5,2.5,41.8,0,10,4,10.7,3,1.59,"No"
35,15,"Marketing",6.7,4,8.2,0.83,3,4.4,51.6,3.9,28.3,0,8,5,15.5,5,1.12,"No"
31,18,"Sales",1.8,0.5,6.42,0.56,2.8,1.9,55.3,3.5,38.3,1,10,6,24.7,5,3.67,"No"
31,18,"Sales",7.6,4.1,14.95,1.74,4.1,4.2,55.1,3,25.2,0,10,4,18.4,1,4.25,"No"
45,19,"Finance",12.7,2.3,20.41,3.61,3.5,4.2,52.4,4.1,11.3,0,8,5,14.6,3,2.31,"No"
36,15,"Sales",10.5,5.9,15.67,2.12,1.5,2,55.9,5,38.1,0,12,3,27.5,3,3.13,"No"
27,18,"Technology",15.2,5.3,21.6,2.15,2.4,3.2,69.5,3.1,58.3,0,10,6,23.5,3,3,"No"
40,20,"Technology",9.6,1.4,16.86,1.34,2.7,3.3,66.8,3.1,14.9,0,7,4,39.6,5,4.38,"Yes"
38,15,"Finance",0.4,2.2,10.66,1.54,3.8,4.5,74.4,3.4,24.7,0,6,6,12.2,1,4.51,"No"
29,17,"Technology",2.1,5.2,6.79,1.01,3.6,1.8,15.2,2.3,22.9,0,6,3,43,5,4.22,"No"
39,16,"HR",1.9,2.9,7.87,1.56,2.9,4,78.4,1.3,32.2,0,6,9,26.7,2,3.98,"Yes"
54,19,"Sales",8,3.7,11.14,0.59,3.1,2.4,38.7,4.4,19.7,0,11,4,61.7,3,1.98,"No"
35,15,"Marketing",14.9,5.3,29.62,4.81,3.6,3.8,67,2.8,60.8,0,11,2,38.6,1,2.36,"No"
21,16,"Technology",4.2,3,10.08,1.04,3,4.2,61.7,4,10.5,0,4,5,56,4,3.77,"Yes"
37,12,"Operations",14.7,6.9,19.86,2.14,2.6,2.8,85.7,3.5,42.1,1,11,5,23.9,3,2.86,"No"
43,16,"Finance",2.3,5,8.34,0.56,1.8,3.1,70.7,3.7,10.7,1,8,6,7.8,1,4.66,"No"
25,16,"Sales",15.9,4.8,19.55,1.21,2.9,4,83.9,3.9,12.6,0,9,5,64.3,4,2.96,"Yes"
46,16,"Technology",1.9,5.7,12.31,1.11,3,4.2,54,2.9,23.3,0,5,5,12.1,5,5,"No"
33,16,"Operations",6,1.5,23.66,1.77,4.2,3.8,86.4,4.1,23.1,0,8,5,56.5,4,3.4,"No"
37,16,"Technology",2,3.3,10.03,1.65,4.3,3.3,55.1,2.6,33.1,0,9,8,11.9,1,3,"No"
46,13,"Sales",3.8,3.3,10.13,1.22,3.7,3.9,87.2,1.2,28.4,0,9,2,20.8,1,2.33,"No"
29,13,"Marketing",8.3,3,10.96,1.87,2.5,2.5,55.4,3.9,54.2,0,12,3,15.3,1,3.88,"No"
51,17,"HR",4.2,5.3,8.53,0.96,4.3,3.6,64.5,3.8,24.7,0,8,5,23.2,4,4.13,"No"
32,16,"Finance",25,7.6,22.71,3.95,3.8,3,46.8,2.6,41.9,1,11,2,11.6,5,4.21,"No"
28,16,"Marketing",2.4,3.8,11.8,0.99,4.4,3.1,82.1,3.4,16.8,0,6,1,12.5,5,4.04,"No"
41,16,"Operations",8.6,6.7,7.49,1.37,4.3,4.4,60.9,2.6,7.8,0,6,8,22.3,3,4.05,"No"
36,14,"Technology",9.1,7.1,9.85,1.12,3.2,3.5,57.3,2.9,58.1,0,10,6,21.3,1,4.05,"No"
28,18,"HR",2.9,0.4,12.36,2,4.5,4.8,64.6,2.9,31.6,0,8,5,46.2,1,3.62,"No"
40,12,"Technology",1.4,0.3,4.63,0.72,3.3,4.1,83.9,4.1,20.7,0,8,7,12.2,1,1.51,"Yes"
42,15,"Technology",0.3,3.9,6.87,0.97,4.3,5,87.3,2.4,34.9,0,9,6,80,2,1.66,"Yes"
36,19,"Operations",2.2,0.8,10.3,1.87,2.5,2.6,49.2,3.6,14.4,1,6,7,51.4,0,3.72,"No"
31,17,"Sales",1.9,2.6,7.72,0.79,2.8,3.6,53.7,2.6,20.6,0,7,7,48.9,2,3.27,"Yes"
25,16,"Marketing",5.8,0.9,14.09,1.3,4.7,2.7,46.2,4.7,18.5,0,4,4,80,0,2.35,"No"
31,18,"Sales",4.2,0.8,8.79,1.63,2.2,3.6,89.6,4.6,40.7,0,8,9,25.1,0,4.7,"Yes"
39,16,"Sales",7.3,4.4,10.22,1.17,3.8,5,43.5,1.8,29.9,0,9,9,17.6,3,4.13,"No"
37,18,"HR",4.1,0.3,12.57,1.25,2.9,3.2,68.3,3.6,51.3,1,12,6,42.5,3,3.64,"No"
38,17,"Technology",2.8,5.1,11.8,0.79,3.8,2.1,49.4,3,25.2,0,7,7,80,1,3.38,"No"
26,16,"Sales",5.8,5.4,12.79,1.62,3.6,4,48,3.2,43.5,0,9,4,50.4,0,4.66,"No"
23,18,"Operations",1.4,1.7,8.89,1.65,1.8,3.9,46,1.6,27.1,0,5,7,19.3,3,2.92,"No"
35,18,"Sales",9.5,5.9,9.8,1.78,4.9,4,54.9,3,18.5,0,5,5,13.3,4,2.79,"No"
37,18,"Sales",6.7,6.4,12.52,2.26,3,4.2,72.8,1.9,41.2,0,9,0,59.9,1,2.06,"No"
34,16,"Sales",12.5,5.6,17.25,1.87,4.1,4.2,68.2,2.2,54.7,0,11,10,22.4,3,3.57,"No"
54,12,"Sales",6.1,6.9,12.97,2.14,1.7,4.8,35.4,4,18.3,0,6,9,29.6,4,3.92,"No"
29,13,"Finance",9.2,6.5,14.92,2.39,3.8,4.3,61.2,3.4,32.3,0,9,6,40.7,5,4.03,"No"
37,12,"Sales",6.2,3.5,9.6,1.3,4.2,3.6,54.9,4,31.4,0,8,7,15.9,1,4.72,"No"
32,17,"Finance",5.1,2.8,9.39,1.56,2.8,3.7,37.9,3.8,39.9,0,10,8,31.3,3,2.78,"No"
35,19,"Finance",5.2,1.8,12.95,1.09,4.1,2.8,59.2,2.3,20.5,0,9,2,27.5,2,3.57,"No"
32,17,"Technology",4.5,10.1,13.78,0.93,3.4,4.3,69.3,4.4,28.1,0,7,3,44,4,3.3,"No"
46,15,"Technology",0.3,0.8,7.17,0.91,3.1,2.9,63.9,3.9,43.6,0,9,5,44.6,0,1.88,"No"
36,13,"Technology",11.7,1.7,22.18,1.83,3,2.1,62.6,2.5,18.6,0,6,6,40.4,2,5,"Yes"
37,16,"Finance",8.3,5.2,13.44,1.12,3.3,4.7,59.7,1.7,21.6,1,10,6,80,2,2.16,"No"
37,12,"Marketing",3.3,4,10.21,0.56,3,2.8,35.7,3.3,32.5,0,8,3,26.8,5,3.93,"No"
35,16,"Marketing",2.5,4.3,10.55,1.62,2.6,4,30.4,3.4,37.8,0,6,6,32.2,1,3.08,"No"
53,19,"Marketing",5.3,2.1,9.77,1.47,4.7,2.8,61.2,4.5,22.9,0,5,2,15.2,4,3.52,"No"
23,15,"Sales",2.7,2.8,9.05,0.45,3.6,4,84,3.5,47.9,0,9,3,17.1,0,4.8,"No"
36,16,"Marketing",2.2,5.9,9.86,0.95,2.5,3.6,63.9,3.3,44,1,10,7,10.9,4,2.98,"No"
34,14,"Technology",2.5,0.3,10.15,1.5,2.5,3.7,46.5,1.4,44.2,1,6,9,80,3,3.3,"Yes"
39,16,"Marketing",7.3,4.4,11.83,1.72,4.1,3.7,54.1,3.6,61.5,1,11,4,59,1,3.78,"No"
35,14,"Technology",10.2,5.8,14.05,2.49,3,3.4,68.2,2.9,23.7,0,8,4,11.4,5,3.71,"No"
25,12,"Marketing",2.5,2.3,11.67,1.99,2,3.8,58.8,2.8,43.2,0,9,4,18,0,3.48,"No"
27,15,"Marketing",7.8,5.8,10.22,1.67,3.1,3.6,49.5,4.2,47.2,0,12,6,28.4,3,4.45,"No"
37,20,"Finance",25,4,27.53,1.79,3.8,1.7,27.4,4.4,17.2,0,7,4,14,4,2.17,"No"
38,15,"Technology",7.4,2.3,5.73,0.35,2.2,2.8,34.9,2.5,53.4,1,12,6,26.6,2,3.62,"No"
35,15,"Sales",1.1,1,10.02,0.54,4.5,4,62.2,3.5,20.4,0,6,6,13.9,1,2.99,"No"
32,14,"Technology",3.8,2.8,16.74,2.84,1.7,4.1,47.6,3.7,12.8,0,9,4,15.4,4,3.58,"No"
34,14,"Sales",3.6,3.4,7.06,1.05,1.6,4.2,57.5,2.5,24,0,9,7,54.5,4,4.7,"Yes"
38,19,"Sales",8.6,4.9,11.4,0.84,4,1.9,18.1,2.3,28.7,0,7,5,15.3,3,1.53,"No"
33,16,"Operations",8.1,3.9,14.74,1.56,3.5,3.4,59.3,3.6,43.8,0,10,2,19.2,1,4.44,"No"
34,16,"Technology",0.4,2.9,3.98,0.72,4.2,2.7,38.7,1.8,31.9,0,8,0,46,5,1.8,"No"
42,15,"Technology",5.9,5.1,9.13,1.5,4,4.3,75.3,3.5,53.3,1,12,5,31.9,4,2.95,"No"
36,16,"Marketing",10.9,4.8,20.8,2.31,2.2,2.7,97.5,3.7,7.3,1,6,8,48.7,4,3.63,"Yes"
32,16,"Finance",11.8,7.6,19.99,1.37,3.5,4.1,43.2,3.1,18.7,0,9,8,79.3,0,3.46,"No"
46,14,"Sales",9.1,4.4,17.9,1.55,3.8,3.1,78.2,3.3,28.3,0,10,4,11.8,3,3.23,"No"
29,19,"Technology",3.3,6.8,17.3,1.83,2.7,4.4,75.5,3.6,5.4,1,5,4,31.6,3,3.78,"No"
42,17,"Marketing",8.1,4,14.3,1.07,2.6,4.1,78.8,1.9,48.6,1,10,4,42,3,2.82,"No"
27,17,"Technology",0.6,5,8.72,1.6,2.5,3.1,80.3,4.4,21.8,1,6,1,50.2,4,2.63,"Yes"
54,16,"Marketing",7.8,3.6,12.23,2.4,3,4.5,58,3.8,58.2,1,10,2,13.3,5,3.5,"No"
23,19,"Sales",5.2,4,9.18,1.25,2.2,3.1,72.9,3.2,7.2,0,5,3,41.8,4,4.06,"Yes"
40,16,"Finance",0.9,0.7,9.47,1.27,4.3,3.2,35.5,4.1,58.6,0,9,5,20.1,2,3.79,"No"
51,16,"Operations",3.6,3.2,6.34,1.09,3.9,4.2,48.8,3,82.4,1,14,4,9.6,4,3.93,"No"
21,18,"Technology",6.3,1.6,13.35,1.78,4.3,3.5,54.8,3.3,22.2,1,8,10,13.2,4,5,"No"
35,17,"Operations",3.6,2.6,10.3,1.22,4.2,3.9,16.2,4.3,35.3,0,8,3,36.7,1,3.99,"No"
33,16,"Operations",2,1.4,10.03,1.63,3.5,3.3,60.5,4.1,16.2,0,6,2,15.2,1,1.82,"No"
34,17,"Sales",8.6,5.7,12.54,0.8,4,4.4,43.1,3.8,27.4,0,6,5,16.4,4,4.17,"No"
36,18,"Marketing",4.2,0.7,9.26,1.44,3.1,2.8,66.2,3.4,33.1,1,13,5,42.1,5,3.18,"No"
40,17,"Technology",0.4,0.3,7.41,1.32,3,4.2,89.3,5,23.4,0,5,5,10.9,5,3.35,"Yes"
49,19,"Sales",3.9,1.1,7.52,0.84,3.4,3.4,62.6,4.1,42.4,0,10,4,39.1,1,2.99,"No"
21,18,"Technology",3.8,1.7,11.87,1.16,2.7,2.8,57.5,3.7,76.7,0,13,2,13,2,4.33,"No"
27,17,"Marketing",10.8,7.3,13.68,0.74,2.1,4.1,78.7,2.5,15.4,0,10,5,47.3,1,2.22,"Yes"
27,17,"Operations",0.5,0.3,7.55,1.49,3.9,2.7,57.5,3.1,30.9,1,9,5,18.6,2,2.9,"No"
34,19,"Finance",3,6.3,6.47,0.8,2.5,2.8,53.9,3.5,34.9,0,11,5,15.9,5,5,"No"
30,14,"Finance",22.5,3.8,28.51,3.08,3,2.8,78.5,4.6,19.4,0,9,5,6.7,3,2.33,"No"
42,20,"Technology",4.4,4.4,8.84,0.54,4.6,3.4,79.9,3.4,72.4,0,12,5,5.9,5,1.93,"No"
27,19,"Finance",1,1.4,8.32,0.45,4.2,3.3,66,3.1,54.3,0,11,2,25.9,3,5,"No"
27,17,"Sales",2.1,0.3,7.99,1.46,2.5,2.4,48.3,2.1,33,0,8,5,19.7,0,3.31,"No"
31,12,"Finance",3.2,1.9,9.31,0.8,3.3,2.9,63.6,4.9,20.5,1,5,4,17.4,4,4.04,"No"
27,18,"Operations",15.5,10.9,21.99,2.59,4.6,2.8,65.1,2.5,9.7,0,8,6,80,2,2.44,"No"
39,16,"HR",4.9,6,7.15,1.27,4,3.5,59.9,2,30.5,0,5,3,38,2,3.55,"No"
26,18,"Technology",0.3,4.1,6.08,0.45,3,3.2,55.1,2.9,9.3,0,4,2,7.1,1,2.63,"No"
36,15,"Sales",3.6,0.3,10.6,1.97,4,3.3,82,3.1,67.6,0,13,7,11.9,3,2.3,"No"
30,15,"Sales",2,0.3,13.92,2.21,3.5,2.4,80.3,3.7,42.9,0,9,1,41.7,3,3.09,"Yes"
44,19,"Operations",10.8,6.8,16.26,1.13,3.4,2.9,74.6,3.2,11.6,0,7,3,14.6,1,3.47,"Yes"
31,19,"Marketing",3.2,4.6,11,0.57,3.5,3.6,31.7,4.7,49.8,1,10,8,34.5,4,2.28,"No"
29,19,"Sales",10.4,5.6,16.15,3.22,3.1,3.8,45.8,3.3,21.5,1,6,6,22.2,4,2.33,"No"
33,15,"Operations",2,3.5,6.9,1.31,3.6,4.1,21.1,3,79.9,0,11,6,39,0,4.16,"No"
21,12,"Sales",0.3,4.3,7.76,1.08,5,3.5,42.3,2.5,22.5,0,6,4,14.7,3,3.93,"No"
32,18,"HR",0.3,4.3,10.6,1.55,1.7,3.8,90.5,2,46.9,0,7,2,63.5,2,3.29,"Yes"
27,14,"Operations",2.1,6.3,9.53,0.49,3.5,2.4,65.1,3.5,38.5,1,8,7,36.9,2,4.25,"Yes"
21,13,"HR",8.9,4.9,16.14,3.03,3.1,3.8,62.2,2.7,16.7,1,5,5,22.4,2,2.84,"No"
28,20,"Sales",8.8,5.3,20.48,2.28,3.1,3.8,54.7,4.3,70.4,1,11,1,50,3,2.33,"No"
39,17,"Finance",6.1,4.2,13.23,1.62,1.9,4.7,75.2,2.7,38.2,0,10,9,42.4,3,2.76,"Yes"
28,12,"Marketing",8.1,6.7,16.66,1.11,3.2,3,27.3,3.4,24.9,1,8,8,18.5,1,3.33,"No"
50,15,"Sales",12.2,4.7,14.7,1.82,2.9,2,74.6,3.5,19.6,0,8,6,24.2,3,2.31,"Yes"
25,17,"Sales",2.4,2.1,9.09,1.06,3.9,2.4,64.4,3.5,20.9,0,5,3,32.9,1,2.33,"No"
25,16,"Technology",0.3,5,7,0.56,3.6,4.1,60.2,2.7,37.8,0,7,4,44.8,2,3.41,"Yes"
35,17,"Technology",4.8,6.6,7.88,1.41,2.2,3.2,70.7,2.9,29.2,0,9,8,53.9,4,2.97,"Yes"
26,14,"Operations",0.3,4.6,3.81,0.67,3.7,4.9,38,3.4,26,0,6,5,25.5,3,3.81,"No"
31,14,"Sales",5.7,4.4,11.4,2.09,3,5,49.2,2.9,45.1,0,12,2,17.3,4,3.77,"No"
21,14,"Sales",11.2,5,22.62,1.47,4,4.3,52.9,2.5,27.9,0,6,2,19.2,4,3.05,"No"
21,18,"HR",1.5,4.1,6.86,1.17,5,5,65.2,3.2,29.5,0,6,3,7.8,3,3.69,"No"
21,18,"Finance",0.4,1.5,10.41,1.48,2.7,4.8,68,4.2,15.9,1,6,5,11.1,2,2.96,"No"
42,14,"Finance",0.5,5.1,7.41,1.1,4,3.6,95.5,3.1,16.9,0,4,8,24.3,2,3.91,"Yes"
25,15,"Finance",3.1,3.5,8.47,1.3,3.8,2.3,59.1,3,31.6,1,8,6,10,2,4.07,"No"
45,20,"Operations",9.9,6.3,12.29,1.49,4.2,3.3,54.8,3.3,24.8,0,8,6,25.2,3,4.46,"No"
40,18,"Finance",1.8,1.9,12.31,2.38,3.8,3.5,70.2,2.4,36.2,1,9,4,21.9,4,2.38,"No"
27,15,"Operations",0.3,0.3,12.9,0.98,4.3,3.6,33.8,4.4,45.9,1,8,6,32.4,1,3.2,"No"
31,15,"Technology",12,1.5,20.03,3.8,2.3,3.2,32,3.3,32.6,1,9,4,9.7,4,3.5,"No"
34,14,"HR",6,3.5,16.88,3.21,4,3.7,49.7,3.9,31.6,1,7,5,29.6,1,3.18,"No"
46,20,"Sales",3.5,7.6,11.19,1.48,2,3.6,78,3.2,29.8,1,8,9,34.9,2,3.89,"No"
39,19,"Sales",12.3,6,17.38,1.96,3.3,3.7,63.9,2.2,28,0,10,5,21.9,5,2.79,"No"
