"Age","Education_Years","Tenure_Years","Years_Current_Role","Career_Experience","Base_Salary_Lakh","Benefits_Value_Lakh","Annual_Bonus_Lakh","Compensation_Band","Training_Hours","Job_Satisfaction","Manager_Support","Workload_Index","Absenteeism_Days","Projects_Completed","Remote_Work_Days","Department","Performance_Score"
35,20,6.3,2.7,9.5,7.93,1.32,1.02,5,53.8,4,3.2,91.4,2,10,5,"Marketing",100
36,20,4.9,2.4,10,12.53,1.82,1.71,6,37.9,2.4,3.3,39.2,4,6,2,"HR",99.04
30,17,5.2,2.4,9.2,7.42,1.23,1.06,3,22.2,3.3,3.9,46.5,5,9,5,"Marketing",100
26,17,5.7,3.4,9.3,10.63,1.82,1.21,6,20.2,3.4,3.4,36.5,3,6,0,"Technology",93.42
30,13,10.5,3.5,14.2,10.33,1.72,1.35,5,17.4,4.3,1.7,48.9,5,6,5,"Marketing",100
47,18,4.3,2.8,9.2,14.76,2.33,1.78,7,40.7,5,4.7,54.4,5,7,4,"Operations",100
34,17,9.3,5.9,24.8,10.62,1.81,1.73,6,24.9,2.9,3.4,41.7,3,6,1,"Operations",100
36,19,7,4,12.2,10.6,1.3,1.3,5,10.3,3.9,4.7,44.3,4,6,3,"HR",81.98
35,13,2.7,1.3,5.3,14.88,2.27,1.74,6,45,3.5,4,60.3,4,9,3,"Finance",100
31,15,4.1,1.9,6.8,9.97,1.41,1.57,4,10.3,4.6,3.6,78.4,6,5,2,"HR",83.64
27,15,3.3,1.7,6.7,14.36,1.99,1.56,5,32.3,4,3.4,52.2,1,6,4,"HR",87.52
33,16,5.2,2.3,7.3,8.11,1.61,1.19,5,21,4.4,2.7,67.2,4,6,4,"Operations",94.55
36,16,5,2.9,9.6,11.74,2.23,2.16,7,42.7,3.4,3.9,77,5,7,3,"HR",100
33,12,3.9,1.8,6.9,6.65,0.91,0.81,3,14.9,5,2.7,66.3,5,4,3,"Technology",89.24
32,15,4.2,2.3,8.2,9.96,1.46,1.24,5,13.7,4,4.8,64.9,3,4,4,"Sales",95.55
28,16,3.8,2.3,5.9,9.26,1.42,1.53,5,55.1,3.3,2.8,43.8,5,7,5,"Technology",100
29,17,8.9,4.6,15.1,8.52,1.02,0.89,5,38.5,3.3,4.1,46.1,5,7,1,"Sales",100
45,17,7.2,3.8,15.3,10.99,1.76,1.47,6,29,4.4,3.9,50.3,4,7,0,"Marketing",100
26,15,5.4,3,10.2,7.99,1.07,0.91,3,36.6,3.1,3.7,50.5,4,6,1,"Marketing",100
31,15,4.6,3,8.5,3.85,0.92,0.76,3,76.5,2.2,4.1,43.2,5,7,1,"Finance",100
27,18,5.6,2.2,9.9,9.45,1.66,1.38,5,64.2,3.1,4.2,54.8,5,8,0,"Sales",100
34,19,5.3,2.5,7.5,10.29,2.2,1.62,6,100,2.5,4.2,78.4,3,13,4,"Sales",100
36,17,8.3,3.4,12.9,9.69,1.6,0.99,4,27.3,3.8,3.6,42.6,6,5,4,"Marketing",96.31
55,16,6.7,3.8,9.8,5.87,1.01,0.86,3,18.9,4,2.4,60.6,1,8,2,"Sales",94.62
48,14,10.4,5.9,18,11.82,2.21,1.67,5,51.5,3.2,2.9,57.9,2,8,2,"Technology",100
38,18,9.8,4,15.3,7.18,1.09,0.83,3,42.7,3.5,4,60,3,7,3,"Finance",100
23,19,4,1.8,7.5,12.43,1.66,1.74,6,29.4,3.6,3.7,53.2,6,8,3,"Marketing",94.45
48,17,6,3.6,9.9,8.17,1.5,1.22,5,53.1,2.3,3.5,83,4,7,3,"Technology",100
32,14,3.3,1.6,4.4,12.07,1.71,1.45,5,14.9,3.4,3.7,54.1,6,5,4,"Sales",88.38
33,17,2.6,1.8,6.4,12.18,1.98,1.65,5,23.3,2.4,3.4,55.5,5,6,3,"Sales",89.88
22,17,13.9,5.5,15.9,13.07,2.24,1.7,6,32.6,3,3.5,58.4,1,6,3,"Sales",96.34
22,19,4.9,2.9,9.1,11.86,1.9,1.53,5,21.9,3.5,2.7,51.8,2,4,4,"Technology",91.15
42,17,8.8,4.1,15.9,11.14,1.95,1.88,7,29.9,3.8,3.4,63.3,5,8,0,"HR",100
25,14,8.7,4.9,16.3,6.64,0.83,0.54,2,43.4,3.9,2.8,56.2,5,9,5,"Operations",100
30,17,2.6,1.9,4.3,14.25,2.55,1.95,7,13.8,3.9,3.3,51.6,3,5,5,"Operations",98.92
35,14,4.8,2.5,8.1,10.26,1.05,1.11,4,44.1,3,3.2,88.8,5,7,1,"Operations",97.92
33,19,3.3,2.4,4.4,8.86,1.6,1.25,5,31.5,2.3,4.7,77.5,1,7,5,"Operations",89.34
30,14,11.9,6.5,14.6,13.68,2.51,1.63,6,31.9,4.2,4.1,56.9,4,7,3,"Technology",100
35,17,9.7,5.7,17.9,5.22,0.96,0.72,3,6,3.5,4,64.7,6,7,1,"Sales",87.73
38,18,4.1,1.7,8.5,11.17,1.9,1.39,5,28.2,4,2.9,49,4,3,0,"Operations",85.06
31,16,6.9,3.4,11.3,14.36,1.97,1.45,6,66,3.8,4,81.9,4,6,5,"Sales",100
33,12,2.8,1.5,5.2,13.22,2.31,1.5,6,20.2,3.6,3.2,57.7,3,7,2,"Operations",86.82
40,17,12.2,4.1,16.2,4.78,0.79,0.45,2,31.9,2.7,2.9,72.2,4,5,1,"Sales",100
29,13,3.5,1.7,5.8,6.89,1.33,1.16,5,27.1,2.6,2.8,52.3,4,5,1,"HR",96.85
47,16,5.3,2.4,8.8,6.72,1.16,1,4,40.1,3.9,3.7,43.1,3,6,5,"Operations",90.58
27,14,7.4,4.9,9.7,11.32,1.84,1.61,6,40.1,2.6,3.6,54.6,4,6,5,"Technology",100
43,15,4.4,2.6,6.9,12.62,1.66,1.17,5,28.7,3.2,3.7,54.2,0,6,5,"Sales",100
38,17,3.7,2,9.1,9,1.45,1.24,4,10.9,4.8,3.8,49.2,4,6,3,"Sales",92.32
32,14,8.2,3.4,13,7.87,1.27,1.19,6,33.1,3.9,2.3,50.4,4,5,5,"Finance",90.5
40,14,5.5,1.9,6.8,6.03,0.81,0.83,4,39.3,3.9,3.4,72.9,5,6,3,"Marketing",100
35,16,3.7,2,7.7,6.82,1.4,0.89,3,51.5,2.8,3.8,46.6,6,6,2,"Operations",100
32,13,4.5,2,8.6,9.08,1.55,1.03,5,39.4,3.8,2.5,52.5,1,8,0,"Finance",94.35
22,16,4.4,2.2,7.9,12.52,2.12,1.53,6,44.9,4.9,2.8,62.7,4,6,0,"Marketing",99.42
40,17,5.8,3.5,10.9,6.25,1.04,0.7,3,74,2.4,3.9,43.4,1,10,2,"Operations",100
39,20,7.8,3.6,16.1,10.17,2.06,1.4,6,32.2,3,2.7,48.3,0,7,2,"Sales",100
23,12,7.2,4.6,16,7.51,1.05,0.87,4,48.3,2.6,3.2,72.7,4,9,4,"Operations",100
45,19,4.3,1.8,8.7,14.54,1.71,1.55,6,25.6,3.1,3.6,44,2,7,0,"Operations",91.94
47,16,6.6,3.1,7.3,12.3,2.64,1.96,7,16.8,3.8,3.9,44.8,8,3,3,"Marketing",81.04
35,17,6.2,4.2,13.7,11.4,2.31,2.14,7,26.1,4.2,2.2,65.9,4,8,4,"Operations",96.72
30,12,8.7,3.6,10.5,7.57,1.41,1.15,5,23.4,3.7,3.4,62.4,4,8,2,"Sales",87.36
38,15,7.5,3.6,10.6,10.76,1.53,1.35,5,34.2,3.8,5,47.8,6,6,0,"Technology",100
36,17,7.5,4.4,14.3,5.95,1.03,0.93,3,28.2,2.4,2.8,64.6,5,7,2,"Finance",93.61
25,19,2.6,1.4,3.3,7.21,1.47,1.02,4,18.9,2.6,2.8,59.2,5,7,5,"Marketing",78.37
26,14,10.2,4.8,13.8,10.77,1.72,1.48,5,29.4,3.7,2.3,71.4,2,7,3,"Sales",100
47,17,9.4,4.3,20.2,11.77,1.53,1.67,6,27.8,3.2,4.3,87.4,3,3,2,"HR",97.12
29,16,6.4,3.5,11.2,11.2,2.08,1.41,5,33.7,3.5,5,45.7,6,7,5,"Operations",94.77
35,15,2.5,1.7,6,9.01,1.28,1.26,4,24.9,3.9,3.1,67.2,5,6,3,"HR",100
46,16,3.9,1.8,5.9,12.71,1.5,1.41,5,42.7,3.3,3.6,63.7,3,6,3,"Sales",100
47,18,3.9,2.4,7.7,10.97,1.51,1.58,4,34.7,4.1,3.8,37,4,5,0,"Technology",100
44,16,6.4,2.9,12.9,11.8,1.38,1.1,5,33.8,3.2,4.5,60.8,4,7,3,"HR",86.69
49,15,7.7,3.9,12.7,12.95,2.32,2.26,7,60.8,3.7,4.5,72.9,2,8,3,"Marketing",100
35,19,8.3,3.8,16.6,14.44,2.85,2.24,7,51.2,4.4,2.4,90.3,8,7,2,"Finance",100
26,14,8.1,3.3,15.4,14.49,2.6,1.87,6,56.6,4.4,4.4,69.3,6,7,0,"Marketing",100
36,20,8.5,3.7,11.7,8.06,1.64,1.3,4,65,2.9,2.8,41.5,3,9,2,"Technology",100
26,18,8.1,4.6,12.7,5.95,0.9,0.66,2,44,2.7,4.2,45.3,7,9,1,"Marketing",100
39,17,6.5,2.7,7.1,6.77,1.19,1,4,75.8,4,3.5,50.5,3,6,3,"Sales",100
32,12,4.9,3.4,10.6,10.72,1.99,1.4,4,18.5,4.9,3,62,5,7,3,"Technology",100
33,19,5.5,2.1,12.7,9.15,1.09,0.89,3,18.5,2.6,3.5,66.6,4,6,4,"Finance",84.25
37,16,6.1,3.1,9.2,11.99,1.62,1.36,4,32.1,4,2.5,48.8,4,6,1,"Technology",100
38,19,5,2.6,7.7,8.82,2.21,1.15,4,23.9,2.9,2.3,54.8,2,6,0,"Operations",86.68
35,13,6.6,2.2,9.2,18.81,2.75,2.4,7,41.7,3,3.4,49.7,4,5,3,"Operations",100
33,18,6.4,3.7,10.5,12.41,2.29,1.44,6,21.8,4.7,4,43.8,6,5,4,"Marketing",100
29,15,5.1,2.7,7.9,10.39,1.37,1.07,4,32.7,2.2,2.6,40.5,4,8,4,"Finance",100
53,17,4.6,2.3,8.7,9.16,1.53,1.06,3,27.7,2.3,3.5,58.9,4,6,3,"Technology",82.32
33,13,7.3,3.6,17.5,5.76,0.93,0.77,4,59.4,3,4.4,81.8,3,5,1,"Finance",100
41,17,5.8,2.2,8.5,11.34,1.45,1.23,5,19.5,3.8,3.6,33,4,8,4,"Technology",100
33,15,6.3,2.7,11.6,8.78,1.45,1.25,5,49.6,5,4.2,71.2,4,6,4,"Operations",100
40,15,5.6,3.1,9.8,13.77,2.77,2.36,6,29.8,4.9,2.8,78.7,6,7,0,"Finance",94.07
29,18,19.2,8.1,33,11.05,2.24,1.66,6,30.8,3.1,3.1,45.8,3,8,5,"Finance",99.72
52,12,3.5,2.4,7.3,15.6,2.02,2.54,7,20.2,3,4.1,85.1,4,6,0,"Operations",100
50,16,3.5,2.1,5.3,16.51,1.94,2.16,6,21.6,4.8,3.3,74.8,1,9,2,"Technology",94.46
32,16,6.3,4.6,13.4,9.84,1.65,1.5,5,32.6,3.8,3.7,84.1,2,6,1,"Operations",100
31,15,7.4,3.7,12.9,9.74,1.25,1.2,4,36.7,4.6,3.6,54.1,4,6,3,"Marketing",100
38,17,5,2.3,8.8,6.98,1.36,0.85,4,16.1,2.6,3.9,60,0,3,4,"Operations",93.77
22,16,5.1,2.8,11.4,10.98,1.89,1.6,6,35.4,3.5,3.5,49.4,3,4,3,"Technology",100
39,14,8.6,3.3,13.6,8.58,1.32,0.89,3,22.4,2.9,3.7,49.7,2,4,3,"HR",100
29,17,4.7,2.4,8.9,9.21,1.31,0.92,5,27.2,2.4,3.4,66.3,9,6,2,"Technology",91.67
29,14,8.5,4.1,12.2,13.23,2.64,2.07,7,35.1,2.8,2.9,58.2,3,4,5,"Finance",100
43,17,4.9,3.4,10.5,11.22,1.72,1.71,6,53,4.8,3.1,71.8,2,7,5,"Operations",100
26,16,10.5,4.9,15.9,8.83,1.28,1.09,5,53,3.7,4.1,46.2,2,7,4,"Sales",100
23,18,7.6,2.9,7.8,11.51,1.64,1.31,6,46.8,2.2,4.1,64.6,6,9,5,"Sales",100
39,15,5.5,3.3,9.5,8.35,1.64,0.99,4,20.3,4.4,2.2,60.2,7,6,1,"HR",87.1
36,19,4.6,2.7,8.8,20.86,3.06,2.61,8,28,3.4,3,71.6,2,7,4,"Finance",100
36,17,6.4,2.8,7.8,15.93,2.13,1.9,7,31.5,2.7,3.9,72.9,4,7,4,"Operations",86.68
42,19,5.5,2.2,7.2,12.22,2.23,1.46,6,45.2,3.9,4.1,78,3,6,2,"Technology",100
30,18,9.8,3.7,17.8,10.05,1.46,1.21,5,48.1,3.5,3.2,49.3,4,8,3,"Technology",100
27,19,3.5,1.9,9.4,12.15,1.82,1.59,6,51,2.4,2.6,71.1,4,6,3,"Marketing",100
37,13,5.7,2.6,8.3,5.22,0.83,0.65,2,41.1,3.4,4.4,72.8,4,10,1,"Marketing",100
32,18,7.1,3.2,8.8,9.66,1.51,1.03,4,43.8,3.7,3.5,92.9,7,6,0,"Operations",100
52,18,5.8,3.1,10.1,15.98,2.78,1.85,7,32.6,4.5,4.4,56.7,5,6,3,"Finance",100
34,17,3.5,1.7,5.7,8.01,1.4,1.34,5,33.3,3.3,4.6,34.8,3,6,3,"Sales",97.43
28,17,11,4,18.4,8.45,1.59,1.3,5,21.1,4.2,4.1,37.9,3,9,3,"Technology",100
32,19,4.5,1.8,4.7,9.95,1.6,1.6,5,27,4.2,1.8,51,4,6,1,"Technology",95.82
36,13,4.7,2.7,9.4,14.73,3.07,2.26,7,15.6,3.1,3.6,41,1,6,1,"HR",95.62
39,16,5.5,3.2,11.5,11.49,1.88,1.7,6,60.7,2.5,4.7,56,6,8,3,"Sales",100
42,14,14.2,9.1,23.2,7.67,1.38,0.92,4,21.6,3.1,4.4,57.7,5,6,1,"Finance",100
40,14,8.1,2.4,10.6,7.37,1.29,0.89,5,38.3,2.1,5,65.4,4,5,0,"Marketing",97.1
42,18,9,4.5,12.7,7.94,1.18,0.94,4,13.5,3,3.8,69.6,3,3,4,"HR",92.09
35,14,5.9,2.3,8.2,8.56,1.33,1,5,17.7,3.1,3.5,45.3,3,6,0,"Sales",96.6
42,15,7.5,2.7,13.9,13.54,2.25,1.61,7,23.5,3.7,4.7,26.4,4,6,0,"Sales",100
32,15,7.9,4.3,20.9,6.81,1.3,1.06,4,93,3.2,3.6,66.5,11,11,3,"Technology",100
32,15,7.1,2.6,9.7,8.78,1.23,0.88,4,10.3,3.3,3.3,72,3,6,0,"Operations",86.53
46,16,4.7,2.6,8.2,5.37,0.97,0.72,3,25.6,2.1,5,39.3,2,7,4,"Operations",90.25
36,15,4.6,1.9,4.7,8.32,1.36,1.17,4,17.9,4.5,3.6,41.6,4,5,5,"Operations",98.3
34,18,3.2,2.2,5.7,9.01,2.03,1.52,6,25.3,2.7,4.1,66.6,4,8,2,"Sales",88.01
45,12,12.8,6.4,20.3,6.66,1.29,1.19,4,65.2,4.9,3.9,57.6,5,9,3,"Marketing",100
27,15,9.8,4.3,17.5,8.46,1.23,1.09,4,11.5,2.9,3.6,61.3,5,8,0,"Finance",92.19
34,20,7.6,3.4,17,10.2,1.67,1.35,4,45.8,3.6,3.9,74,5,6,4,"Technology",100
43,15,4.9,2.1,8.2,17.57,2.54,2.13,8,11.9,3.7,4.4,61.7,3,4,1,"Marketing",96.27
41,13,16,5.6,23.7,7.83,1.3,0.97,3,70,2.7,3.5,57.1,2,8,5,"Operations",100
43,18,2.4,1.4,4.2,7.04,1.43,0.85,4,59.3,3.7,2.9,89,5,8,3,"Marketing",100
33,18,13,5.2,25.7,9.84,1.93,1.38,5,17.1,3.4,3.8,49.3,2,9,1,"Sales",89.19
33,14,6.4,3.8,9.8,9.48,1.42,1.03,5,93,1,3.7,47.3,7,7,3,"Operations",100
39,20,3.4,2.3,7.2,5.08,0.92,0.63,4,47.2,3.3,3.3,49.6,3,6,1,"Operations",100
26,17,3.7,2.4,8.9,13.94,2.11,1.63,6,16,3.3,3.5,33.6,4,7,1,"Marketing",100
41,16,8.1,3.3,13.3,4.62,1.11,0.63,2,70,4.2,3,35,7,9,2,"Sales",100
40,13,7.2,3.5,11.3,16.89,2.54,2.24,7,17,3,3.6,85.3,6,5,5,"Marketing",89.49
38,20,5.5,3.7,12.4,16.88,2.37,2.54,7,12.1,5,2.7,79.3,3,5,3,"Sales",99.63
35,17,4,1.8,6.1,17.53,2.32,1.93,6,48.9,4,3.4,57.3,4,7,4,"Technology",100
43,15,4.3,2.1,8.3,9.04,1.45,1.64,4,43.7,5,4.3,58,1,6,2,"Sales",100
26,17,12.6,4.9,22.2,8.14,1.08,0.87,4,32.9,3.6,3.2,69.4,6,8,3,"Technology",99.61
23,16,7.6,3.4,12.6,8.67,1.37,1.02,5,39.8,3.6,3.8,56.3,2,5,4,"Technology",100
39,17,4.2,2.4,6.6,6.21,1.17,0.91,3,25.9,4,3.9,66.3,4,5,1,"Finance",93.53
39,20,5.2,3,8.8,9.47,1.69,1.62,5,6.3,4,3.3,46.3,2,5,3,"Sales",76.02
39,16,5.8,3.3,11,14.49,2.45,1.99,6,35.6,4.4,4.8,57,8,6,2,"Operations",91.97
28,17,8.4,3.7,13.5,8.78,1.41,1.18,4,26,4.4,2.5,54.3,3,6,0,"HR",99.65
27,16,6.7,2.5,12.1,11.58,1.68,1.22,6,16.6,3.8,3.4,54.3,1,5,4,"Finance",97.57
45,18,4.6,2.4,11.7,7.83,1.14,0.95,5,26.4,3.8,3.6,54.7,8,7,3,"Operations",84.17
32,16,5.9,2,9.1,8.68,1.4,1.13,5,71.4,4.8,3.2,55.5,2,6,1,"Sales",100
25,17,2.7,1.5,4.7,8.84,1.31,1.25,4,28.2,3,3.1,62,7,7,5,"Finance",87.76
37,18,8.1,3.7,15.2,9.1,1.18,0.91,5,28.5,3.2,3,62.4,6,6,4,"Sales",85.24
38,12,5.8,2.5,6.6,10.46,1.53,1.47,6,25.1,4.2,4.1,53.7,3,6,0,"HR",100
49,16,4.1,2.5,8.1,9.59,1.43,1.11,3,18.8,3.2,3.4,33.8,9,6,4,"Marketing",98.28
29,18,2.6,1.5,7.2,14.29,1.88,1.74,5,44,3.9,3.3,52.3,6,6,3,"Technology",100
33,14,6.2,2.8,11.7,9.36,1.46,0.95,4,63,2.7,1.7,66.6,6,5,2,"Technology",100
33,13,3.2,2.6,6.4,4.58,0.69,0.55,2,14.1,2.5,2.9,63.5,2,4,2,"Operations",86.61
45,17,7.1,3,8.3,10.81,2.21,1.49,5,26.6,3.3,3.7,56.4,6,8,4,"Technology",94.2
49,18,7.1,4.5,10.9,18.28,2.53,2.4,7,16,4.7,2.9,68.1,4,7,2,"Sales",100
29,15,6.6,3.6,14.2,12.15,1.33,1.28,5,29.6,3.9,4.7,57,4,6,0,"Technology",100
27,13,7,3.4,15.9,10.71,1.79,1.3,6,32.6,3,3.9,84.8,5,6,4,"Marketing",89.9
36,15,6.9,3.8,14.3,10.73,1.48,1.21,5,18.9,3.8,2.7,38.2,4,4,3,"Operations",95.02
27,12,9.2,5.4,19.4,11.78,1.59,1.44,6,12.4,3.4,2.8,59.2,6,7,2,"Technology",100
40,14,5.7,2.6,9.3,5.77,0.87,0.89,2,22.4,4.3,4.2,41.8,5,6,4,"Technology",95.69
49,16,4,1.4,3,6.47,1.17,0.74,3,54.7,2.3,2.4,77.9,3,7,0,"Sales",100
32,17,4.9,3.3,9.6,8.04,1.32,0.99,4,30.2,2.3,4.9,40.2,7,4,2,"Sales",86.37
40,15,1.6,1,3.2,12.78,1.74,1.73,7,30.8,3,2.4,52.1,5,6,2,"Sales",94.11
41,19,4.5,2.2,7.1,8.3,1.21,1.02,4,15.7,2.3,2.2,50.8,2,5,1,"Sales",82
31,16,14.3,6.9,28.2,6.09,0.93,0.75,3,31.9,4.4,3,47.9,3,7,2,"Operations",100
29,13,3.9,2.5,5.5,9.78,1.81,1.33,4,15.5,4.8,2.8,78.1,2,3,3,"Operations",99.06
39,17,5.1,2.1,6.1,5.89,0.89,0.76,2,19.2,3.5,4.1,63,1,5,1,"HR",90.36
34,16,4.2,3.5,8.2,11.22,2.07,1.93,6,40.9,2.2,4,44.1,2,7,3,"Finance",100
22,14,5.6,2.4,10.7,9.59,1.44,0.92,6,19.6,4.4,3.5,81.3,3,7,0,"Marketing",86.14
33,15,2.4,1.3,2.8,13.96,2.18,1.86,6,22.2,3.7,4.8,45.6,3,6,1,"Finance",97.35
52,15,8.4,5.1,11.2,13.82,2.07,1.55,7,36.6,2.4,4.1,60.6,4,6,5,"Operations",100
31,16,2.5,2.1,5.3,11.14,1.77,1.5,5,50.7,4.3,2.9,30.3,8,7,1,"Technology",100
38,19,3.9,1.9,4.6,17.65,2.49,1.72,6,48.5,3.7,2.6,43.6,8,6,2,"Marketing",100
44,15,3.6,3.1,8.6,10.8,1.6,1.39,4,38.7,4.2,3.8,57.9,6,8,3,"Operations",92.11
33,17,3.8,1.5,8.5,10.92,1.64,1.47,5,19.3,3.1,3.6,97.8,3,5,4,"Technology",85.44
36,17,4,3.7,9.9,14.2,2.3,1.94,7,29.8,3,4.5,66.3,3,4,0,"Sales",100
27,16,4,2.6,8.1,6.85,1.21,0.88,4,44.6,3.5,2.3,94.5,1,6,2,"Sales",100
33,12,4.6,2.1,7.5,13.45,2.07,2,6,14.2,4.7,3.7,70.9,1,3,1,"Sales",84.58
34,13,5.2,2.6,6,7.4,1.3,0.86,5,20,3.7,3.6,53.7,3,4,4,"Finance",95.4
27,16,10.8,6.6,27.4,9.91,1.7,1.37,5,38.4,1.8,3.8,64.5,4,8,3,"Technology",100
39,12,3.6,2,5,10.64,1.91,1.66,5,68.1,2.3,3.3,44.8,2,8,3,"Operations",100
52,19,3.7,1.8,5.8,12.1,1.88,1.46,6,51.7,3.6,5,51.3,2,8,1,"Technology",100
24,15,6.8,2.9,11.4,6.5,0.96,0.89,4,29.7,3.2,2.7,81.3,4,6,3,"Operations",99.3
56,16,7.6,3.1,13,8.73,1.51,1.16,5,49.4,3.1,4.4,24.4,5,8,1,"Technology",100
37,14,5.7,3.1,12,9.09,1.38,1.53,4,43.4,3.3,3,75.5,4,7,1,"Technology",100
45,15,7.7,3.6,11.4,9.11,1.69,1.4,5,36.6,3.8,4.1,49.9,2,8,0,"Sales",100
26,15,4,1.9,7.7,16.35,2.41,2.42,8,43.3,2.4,3.8,57,2,4,4,"Sales",96.38
44,15,5.4,3.1,7.7,9.32,1.88,1.66,5,32.6,2.4,3.9,39.6,4,8,2,"Operations",100
34,12,6.8,2.9,10.5,12.56,1.84,1.55,7,82.2,4.1,2.4,52.9,1,9,4,"Sales",100
38,14,4.1,3.4,10.8,14.85,2.3,2.37,8,20.1,3.5,3.7,58.6,1,6,5,"Technology",100
22,16,8.2,3.5,16.7,10.11,1.82,1.36,6,15.7,3,4.2,49.7,2,8,5,"Marketing",96.81
36,20,3.4,1.6,5.4,8.19,1.1,0.96,4,21.3,3.1,3.8,80.3,3,4,0,"Finance",98.48
36,16,5.1,2.8,11.4,10.5,1.65,1.28,6,21.1,3.7,3.8,64.7,7,5,1,"Technology",100
41,14,5.6,2.1,8,9.28,1.46,1.08,3,19.7,3.4,4.2,85.4,5,6,2,"Technology",87.36
33,19,6,3,12.7,18.78,2.88,2.21,8,12.7,4.2,3,69.5,10,4,3,"Technology",93.96
49,14,5.5,2.7,9.5,9.18,1.26,1.18,5,17.1,3.5,3.5,78.7,7,5,0,"Finance",89.56
43,17,7.7,4.3,10,8.81,1.62,1.34,4,14.2,3.4,4.5,16.7,8,6,2,"Technology",100
40,16,7,3.7,11.9,10.81,1.48,1.31,4,27.6,3.5,3.6,37.3,5,6,2,"Finance",91.62
48,17,6.9,3.6,11.5,6.3,0.94,0.95,3,12.1,3.7,3.7,72.7,4,9,0,"Marketing",99.26
39,18,5.3,2.7,11.9,11.32,1.78,1.44,6,21.2,4,3.4,64.8,3,10,3,"Finance",100
32,19,2,1.2,2.8,9.1,1.41,0.86,4,12.7,2.4,3.5,62.9,1,4,2,"Operations",78.21
38,15,12,5.1,20,15.15,2.18,2.55,7,32.6,3.9,2.9,41.7,6,7,3,"Technology",100
25,14,11.6,5.9,17.6,14.03,1.83,1.72,7,21.7,3.8,4,46,4,5,3,"Marketing",98.99
29,17,5.7,2.2,5.9,12.45,1.74,1.38,5,26.3,4,2.9,63.6,5,2,0,"Finance",100
42,18,6.5,5.5,20.4,9.95,1.99,1.77,7,32.6,2.6,4.2,37.9,6,7,5,"Finance",100
25,16,6.4,4.8,16.6,10.03,1.66,1.14,4,91.8,3,3.7,37.9,4,7,2,"Sales",100
29,14,5.4,1.8,6.1,9.38,1.4,1.07,5,29.3,3,4.5,79,4,5,0,"Operations",73.07
39,16,6.2,2.8,12.5,16.03,2.49,2.35,6,34.7,3.7,3.5,73.9,1,6,5,"Marketing",100
22,17,6.4,2.7,12.1,5.09,0.81,0.68,2,14.7,3.1,3,80.7,4,5,3,"Sales",93.67
28,20,3.5,1.7,7.3,10.28,1.56,1.63,6,69.1,4.5,2.1,54.7,6,5,5,"Operations",100
30,18,8.9,5.2,20,9.97,1.7,1.34,5,48.1,4.4,4.4,61.6,1,5,1,"Operations",100
47,17,3.5,1.3,5.9,15.98,2.26,1.8,7,30.5,3.7,3.9,58.7,1,6,5,"Sales",98.13
42,18,8.2,3.7,9.8,11.91,1.85,1.87,6,84.8,4.3,3.4,55.5,7,6,3,"Sales",100
31,19,8.3,3.8,14,10.41,1.59,1.59,5,50.1,3.7,3,81,5,6,0,"Technology",100
36,20,5.2,2.6,10.2,10.06,1.59,1.28,5,18.8,3.5,3.8,51.7,4,6,3,"Operations",87.36
36,20,6.9,3.8,13,11.87,2.15,1.76,6,24.1,1.5,3.1,82.8,1,9,3,"Technology",94.37
47,16,3.8,1.5,4.8,17.02,2.65,2.02,7,16.4,3.8,3.3,87.9,6,4,4,"Sales",71.68
34,17,7.9,3.3,11.6,13.38,2.35,2,6,36.9,4.7,2.8,38.1,2,7,3,"HR",100
44,18,7.8,2.2,6.8,8.69,1.47,1.62,5,6.9,4,4,78,3,6,3,"Sales",92.2
29,13,9,3.7,15.6,9.03,1.86,1.37,5,14.3,3.7,5,74.4,2,7,5,"HR",91.6
42,16,7.6,3.2,9.3,11.4,1.93,1.97,7,12.3,3.6,3.8,72.1,6,7,0,"Marketing",86.08
34,18,5.3,2.4,8.3,8.35,1.36,1.05,5,26.3,2.4,4.7,77.9,3,6,5,"Finance",96.91
32,15,8.1,3.5,14.6,9.28,1.56,1.32,5,39,3.1,3.7,61.7,4,5,3,"Finance",97.7
24,16,4,2.1,5.1,14.67,2.55,1.89,7,36.7,3.6,3.2,63,6,6,0,"Technology",99.91
45,18,1.9,0.9,2.7,7.95,1.89,1.48,5,15.4,3.1,4.4,89.6,4,5,2,"Finance",89.94
50,19,4.5,2.7,8.8,13.94,1.61,1.72,7,22,2.3,3.8,74.6,8,6,2,"Sales",88.09
38,16,3.8,1.8,6.6,9.58,1.42,1.06,5,26.2,2.6,2.5,82.6,5,7,5,"Marketing",90.65
46,17,8.3,3.2,9.8,11.03,2.27,1.75,5,41.7,3.9,4.5,47.6,5,9,2,"Finance",100
28,17,4.6,2.6,10,13.02,2.39,1.44,6,38,2.3,4.3,73.6,5,5,4,"Sales",89.13
42,15,3.4,2.8,7.9,7.18,1.4,1.09,5,30.7,2.8,4.8,58.2,2,6,1,"Sales",93.1
29,14,4,2.3,7.3,16.21,2.06,1.72,6,54.9,3.7,3.2,61.9,3,5,3,"Sales",100
24,19,5.8,3,7.8,11.78,2.13,1.35,6,41.2,4.7,4,48.4,5,5,3,"Technology",100
27,15,4.3,2.7,8.6,8.43,1.47,1.2,4,10.8,4.1,3.4,48.4,4,6,4,"Sales",92.07
45,15,5,2.4,8.1,10.43,1.65,2.05,5,25.4,3.1,4.7,24.3,7,6,4,"HR",90.67
33,19,5.5,2.6,8.4,10.47,1.46,1.12,4,9.6,3.6,3.2,37,9,6,2,"Sales",87.11
35,15,4.9,3.2,7.8,11.11,2.22,1.87,6,42.4,4.1,3.8,35.9,4,10,0,"Marketing",100
43,15,4,2.4,9,13.8,1.29,1.18,5,37.5,1.9,3.9,67.3,3,5,3,"Operations",94.63
41,17,3,1.9,6.8,12.24,2.05,1.46,6,13,4.3,3.7,29.7,4,7,3,"Finance",100
30,17,8.9,5.4,16.9,8.8,1.32,0.95,5,40.1,3.1,4.1,65.5,5,9,2,"Sales",100
44,17,3.6,1.5,11.2,5.99,0.89,0.6,2,32.8,2.6,4.1,42.1,2,8,3,"HR",86.16
42,13,7.1,3.9,14.1,10.57,1.97,1.32,5,35.7,2.9,4.7,51.8,5,6,4,"Technology",100
27,16,6.5,3.1,11,10.44,1.47,1.11,5,10.3,2.3,2.7,60.6,3,6,4,"Technology",81.67
46,20,3.5,1.8,7.6,8.17,1.37,1.22,4,17.2,4.2,4.6,50.8,5,6,5,"Marketing",96.02
31,15,5.7,2.7,14.7,7.31,1.14,0.74,3,38.5,2.9,4.2,54.6,7,2,2,"Sales",89.04
59,19,2.8,1.7,4.6,9.97,1.23,1.44,6,27.2,2.8,4.4,57,2,6,4,"HR",98.73
28,14,9.9,4.1,14.1,13.76,1.97,1.67,6,36.2,3.6,2.4,55.9,4,7,2,"Sales",100
34,13,6.4,2.9,12.4,8.37,1.24,0.84,4,65.7,4.3,3.5,61.5,1,7,3,"Operations",100
26,17,3.8,2.3,6.4,8.42,1.17,1.01,5,16.1,1.3,3.6,95.6,7,6,3,"Technology",85.57
36,12,4.5,2.4,7,9.53,1.48,1.17,4,41.1,3.7,3.4,54.5,5,8,1,"Operations",100
51,18,8.4,4.8,14.8,13.23,2.16,1.78,6,29.1,3.6,4.4,41,4,8,3,"Finance",100
35,18,7.1,3.9,11,9.69,1.27,1.23,4,47.5,4.1,3.1,30.5,4,8,3,"Operations",100
29,17,3.5,2,6.9,6.89,1.17,1.04,3,24.1,3.6,4.2,55.7,7,7,0,"Finance",99.97
29,15,5.9,2.4,10.8,7.46,0.95,1.24,3,22.5,2.5,2.2,62.6,6,6,0,"Marketing",94.73
41,19,5.9,2.1,7.7,9.39,1.68,0.96,5,54.3,2.6,4.6,68,2,7,3,"Technology",100
42,18,4.9,2.4,8.4,13.14,1.73,1.59,6,52.2,1.9,4.2,33.9,3,10,5,"Marketing",100
48,14,2.6,1.4,4.8,6.55,1.19,0.85,4,26.5,4.8,2.7,54.6,3,7,2,"Operations",100
28,17,4.5,2.1,8.5,10.77,1.24,1.39,4,42.8,2.8,3.7,50.9,2,9,0,"Technology",100
43,16,6.4,3.3,10.6,9.55,1.59,1.06,4,40.5,2.2,3.7,45.3,5,5,5,"Sales",99.47
39,20,3.9,1.6,5.2,5.87,1.18,0.79,3,41.4,3.6,3.5,61.3,2,7,3,"Operations",100
42,14,7.5,3.5,10.3,20.36,2.24,2.26,8,45,2.9,3.8,50.1,7,8,3,"Operations",100
37,17,3.7,1.6,6.9,9.3,1.25,1.05,5,18.2,3.6,3.5,75.2,5,6,2,"Marketing",91.33
49,15,4.3,2.9,7.4,21.24,2.65,2.78,7,24.1,5,4.1,58.8,4,4,5,"Sales",100
22,19,5.7,3,9.6,12.31,2.16,1.67,6,27.3,3.8,3.3,71.9,4,6,5,"Technology",100
33,17,7.3,4.4,12.9,11.38,1.81,1.24,5,48.9,2.5,4.9,74.3,9,8,5,"Technology",100
37,14,4.6,3.1,9,10.13,1.59,1.46,5,44.1,4.7,3,62,5,4,4,"Operations",100
28,15,5.1,3.3,10.5,10,1.99,1.54,5,47.2,2,3.8,65.9,3,7,1,"Technology",100
48,19,6.1,3.8,11,8.37,1.52,0.66,4,47,2.6,2.7,56.2,0,6,0,"Technology",98.9
45,14,5.5,4.9,12.4,13.2,2.03,1.75,6,53.2,3.4,3.6,70.4,5,6,4,"Sales",100
33,13,3.3,1.6,3.8,8.47,2,1.53,5,21.4,3.2,3.6,52.4,7,5,5,"Technology",93.32
39,16,6.5,3.7,13.8,9.13,1.22,0.84,5,26.9,3.5,4.7,50.1,2,5,4,"Marketing",84.05
31,16,4.7,2.2,10,12.17,2.18,1.65,5,14.1,2.5,3.5,44.3,3,6,0,"Finance",95.03
31,14,8.7,5,18,7.24,1.1,0.89,4,40,4.7,1.9,61.8,3,10,4,"Technology",100
37,14,6.7,2.9,11.4,9.46,1.74,1.41,5,8.3,3.9,1.4,53.1,3,6,3,"Finance",87.66
22,14,6.1,4.1,9.9,11.75,1.64,1.72,5,30.2,4.1,4.1,77.5,5,3,3,"Technology",92.82
22,14,3.1,2,6.9,8.82,0.87,1.18,4,12.5,3.8,4.6,68.1,4,3,5,"Operations",83.33
38,16,6.6,4.2,10.8,9.5,1.59,1.4,5,27.3,2.5,4.8,58.9,2,6,3,"Operations",98.9
35,13,6.5,3.7,15.2,6.46,1.03,0.89,3,39.2,4.3,4.5,65.1,3,7,0,"Marketing",100
31,16,4,2.3,7.8,6.02,1.35,0.8,4,10.8,3.8,4.6,52.2,2,6,3,"Sales",87.89
37,14,6.5,2.8,8.8,6.43,0.79,0.61,2,33,3.8,3.9,83.4,1,8,2,"Marketing",97.03
37,16,5,3.4,8.9,10.9,1.79,1.23,6,26.7,3.8,3.2,57.3,3,5,2,"Marketing",93.18
34,14,4.4,2.6,6.2,13.4,2.14,1.47,6,16.2,2.7,4.4,58.6,7,6,4,"Finance",84.46
22,13,3.1,2.3,6.4,14.94,2.08,1.8,6,66.1,3.2,4,59.3,7,6,4,"Sales",100
32,14,14,7.6,27.3,5.55,1.02,0.7,2,24.1,3.2,4.3,64.1,5,6,3,"Technology",90.97
36,13,1.9,1.4,3.5,9.1,1.31,1.31,5,12.4,4.2,3.3,82.6,5,5,3,"HR",80.74
39,17,5.4,3.1,9.4,11.98,2.49,1.71,6,33.5,3.9,2.8,64.8,7,9,5,"Finance",98.57
56,16,2.9,1.2,4.3,6.56,1.02,0.82,3,32.3,4,1.9,81,2,7,3,"Technology",85.93
39,17,4,2.4,10.1,8.73,1.49,1.14,5,73,3.2,4.5,38.9,1,6,1,"Operations",100
35,15,5.7,3.5,12.3,8.84,1.51,0.98,5,21,2.8,4.1,57,7,5,2,"Operations",100
48,18,5.5,3,14.6,14.94,2,1.76,6,46.2,3.1,4.2,72.3,6,7,4,"Marketing",100
38,19,4.1,2.2,6.2,9.06,1.41,1.26,5,39.4,4.4,4.7,50.9,6,4,1,"Technology",92.97
54,15,9.8,3.8,11.5,11.3,1.92,1.42,7,34.1,3.1,4.9,45.5,2,6,2,"Technology",100
32,16,6.9,3.4,7.8,10.74,1.71,1.26,6,9.1,3,4.6,80,10,7,2,"Sales",94.91
42,17,5.3,2.7,6.6,11.81,2.19,1.54,6,37.5,2.7,3.3,18.9,2,6,4,"Technology",100
29,15,6.9,2.9,8.1,9.9,1.62,1.35,4,20.1,1.7,3,37.6,2,4,5,"Operations",90.37
41,14,5.6,3,9.1,16.18,1.76,1.46,6,47.2,3.6,3.5,53.5,4,7,4,"Sales",100
30,12,5.9,3.1,10.6,10.19,1.19,0.94,5,30.2,4.8,3.6,81.6,5,7,4,"Sales",100
44,13,5.1,3.3,14.6,8.72,1.39,1.68,4,24,3.2,3.9,66.9,3,6,3,"Sales",93.39
37,14,9.7,4.1,12.6,6.85,1.1,0.84,4,30.6,4.5,2.5,63,11,6,5,"Operations",94.33
34,12,8.5,4.3,12.8,9.23,1.51,1.31,4,53.4,2.7,4.6,62.7,1,4,5,"Technology",100
29,14,5.6,2.9,11.4,16.23,2.47,1.94,6,30.8,2.6,4.8,75,3,1,3,"Marketing",96.98
29,14,5.1,2.1,7.4,8.91,1.81,1.26,6,29.9,4.7,3.5,72.3,4,7,2,"Technology",100
49,16,4,2.1,6,10.09,1.26,1.36,5,52.9,3.1,2.6,33.4,11,10,0,"Operations",100
52,16,5.2,2.5,9.8,8.32,1.26,1.09,3,23.1,3.1,4.1,55.2,5,6,4,"Operations",98.23
36,20,5,2.2,8.1,10.88,2.16,1.61,5,14.4,4.4,3,36.3,3,6,0,"Marketing",81.72
35,14,3.9,2.4,6.6,7.38,1.08,0.78,4,16.7,4.4,2.2,66.3,5,4,3,"Operations",84.72
47,19,5.2,3.3,15.1,12.09,2.3,1.52,7,30.4,4.3,4.3,78.7,6,5,3,"Operations",98.18
25,18,4.8,1.6,4.9,8.03,1.83,1.3,4,38.2,3.1,3,57.4,6,6,0,"Operations",100
34,15,6.9,4.7,11,8.96,1.72,1.37,5,21.1,3.8,4.2,53.5,5,2,3,"Sales",93.1
50,15,5.2,2.5,10.5,9.98,1.55,1.18,4,19.2,3.1,3.3,41.9,1,6,2,"Operations",94.74
40,12,7.3,2.8,10.2,6.48,1.2,0.67,2,18.3,3.9,3.7,63.6,5,6,4,"Finance",92.42
32,20,5.8,3.2,11.4,12.05,1.98,1.82,6,39.9,3.4,3.6,69.5,7,7,5,"Marketing",100
29,19,7.8,3,10.3,19.91,2.08,1.97,7,24.3,3.1,2.3,68.6,7,6,2,"Technology",91.64
39,14,4.3,1.9,8.6,4.18,0.93,0.51,2,17.1,3.7,4.5,62.9,3,5,4,"Finance",88.74
35,16,4.4,1.9,8,10.17,1.44,1.13,6,36.2,4.4,4.1,60.8,4,9,3,"HR",100
34,15,7.1,4.3,18.2,20.67,2.84,2.48,8,30.4,3.3,4,81.5,1,7,5,"Finance",97.15
30,15,5,2.9,7.7,10.47,1.44,1.32,5,17.8,3.5,4,52.9,7,8,1,"Operations",100
31,18,4.2,2.5,11.1,13.58,2.62,1.61,6,11.6,3.8,3.1,64.8,7,6,3,"Technology",94.3
46,17,5.8,3,8.5,11.61,1.86,1.41,5,36,5,2.5,65.6,8,7,2,"Marketing",100
35,16,8.2,3.4,10.8,8,1.08,1.08,5,19.9,3.6,2.8,67,8,7,3,"Technology",79.5
34,18,2.6,0.8,5.1,7.77,1.22,0.74,3,81.6,3.9,5,70,4,8,2,"Marketing",100
33,17,4,3.2,9,9.75,1.69,1.11,6,46.8,3.1,3.7,59.3,4,7,2,"Marketing",100
45,18,5.7,2,8.2,9.01,1.21,0.83,4,34.3,3.2,3.9,41.7,3,9,3,"Marketing",100
44,15,3,1.8,5.4,8.67,1.42,1.17,4,48.6,3.2,2.3,63,3,6,0,"Sales",100
48,17,3.2,1.4,4.7,8.24,1.89,1.26,5,42.8,4.2,3.5,73,4,7,1,"Technology",100
42,19,7,3.3,12.7,10.96,1.42,1.3,5,22.5,2.4,3,61.9,2,8,2,"Sales",95.25
39,14,8.2,3.5,15.6,6.02,1.01,0.77,2,34,3.3,3.3,58.2,4,5,0,"Technology",100
30,16,4.9,2,7,11.87,1.76,1.54,6,20.6,4.3,3.9,64.3,3,7,3,"Operations",94.35
29,16,3.6,3.2,6.3,9.75,1.48,1.21,5,32.4,4.4,3.7,79,5,5,2,"Operations",100
37,17,7.9,4.4,11.7,9.45,1.33,1.13,4,64,4.4,4.8,48.5,4,8,3,"Operations",100
27,16,4.1,2.4,7.8,13.88,2.36,2.07,6,11.1,4.3,2.9,61.6,5,5,0,"Technology",79.12
29,15,6.1,3.2,11.5,9.51,1.38,1.1,4,53.7,3.4,2.7,51.1,3,4,4,"Marketing",97.55
30,13,9.9,4.5,14.4,7.08,1.07,0.77,4,29.1,3,3.5,57.2,7,8,5,"Marketing",95.68
36,13,10.2,3.9,12.2,18.77,2,1.78,7,66.4,3.1,4.5,55.5,0,7,1,"HR",100
33,16,4.1,2.5,7.2,13.72,1.72,1.52,6,24.7,3.5,4,49.4,2,6,3,"Marketing",95.1
44,13,5,2.5,5.3,11.26,1.75,2.35,6,22.2,3.4,1.6,56.4,4,7,5,"Operations",77.53
46,17,3,1.5,6,10.94,1.91,1.68,6,56,4.6,4.1,67.3,5,7,0,"Finance",100
33,17,5.1,2.1,7.8,9.05,1.15,1.02,4,16.9,4.1,3.7,69.6,6,6,5,"Technology",75.86
22,16,4.2,2.1,7.9,8.26,1.65,1.13,5,33.1,3.1,4.3,69.9,4,5,0,"Operations",100
32,16,9.3,5.2,21.6,7.08,1.05,0.92,4,8.7,4.8,3.3,59.6,6,9,3,"Finance",94.96
55,15,4.4,2.8,8.9,6.97,1.43,1.02,3,18.7,3.2,3,65.6,7,8,2,"HR",96.7
43,17,4.2,1.8,5.5,12.44,1.69,1.6,6,24.8,5,3.7,15,3,4,5,"Operations",100
39,17,4.9,3,7.7,12.4,2.08,2.1,7,49.5,3,4.6,55.1,5,6,2,"Technology",100
44,16,10.3,5,15.1,10,1.45,1.05,4,30.4,4.6,4.7,61.8,2,3,5,"Operations",100
46,12,5.1,2.5,6.4,11.3,2.18,1.69,6,22.9,4.8,4.1,74.9,2,6,3,"Operations",100
30,17,4,2.9,5.5,7.67,1.49,1.19,4,14.2,2.7,3.3,54.3,3,7,3,"Technology",83.44
49,18,6.5,4,8.7,8.21,1.25,1.13,4,39.2,4.4,2.8,95.3,3,7,4,"Operations",100
24,19,4.6,2.3,10.1,19.16,2.48,2.3,7,46,3.4,3.4,83.5,6,4,5,"Sales",100
35,17,5.9,4.5,13.9,7.8,1.38,1.11,5,28,4.2,3.1,26.8,4,7,0,"Operations",100
52,15,2.6,1.1,4.4,12.53,1.47,1.38,5,21.1,3.1,3.9,62,3,5,0,"Operations",87.64
48,16,7.9,3.6,9.5,6.83,1.27,0.89,4,17.3,2.6,4.4,65.5,6,6,1,"Technology",78.6
27,14,7.8,3.9,11.6,13,2.02,1.66,7,21.5,4.3,4.1,60,7,7,3,"Operations",88.56
50,14,7,2.9,13.1,8.97,1.57,1.39,5,35.4,3.7,4.7,59.8,8,9,2,"Marketing",100
50,16,11.2,4,15.2,6.3,0.87,0.72,3,15.7,2.3,3.8,62,2,6,5,"Marketing",100
22,16,3.3,1.7,3.7,13.9,2.42,1.95,6,20.4,4.2,5,89.9,7,5,3,"Operations",88.83
30,18,2.3,1.4,5.6,14.26,1.97,2.5,6,29.7,3.2,4.1,87.4,3,7,1,"HR",92.08
45,18,7.9,3.2,9.6,14,1.89,1.66,7,62,3.2,2.7,52,2,11,2,"HR",100
32,14,7.5,3.1,10.5,5.94,1.06,0.92,3,11.5,3.9,4.2,53.9,4,7,3,"Marketing",90.5
28,14,4.3,2.2,7.4,10.4,1.49,1.15,4,62.9,3.1,3.6,66.6,2,8,4,"Operations",100
48,15,7.6,3.7,12.7,8.87,1.32,1.04,4,41.2,3.6,3.9,35.7,4,6,4,"Operations",100
39,16,4,2.1,8,14.59,2.34,2.18,6,44.6,3.7,2.8,52,2,5,5,"Technology",91.58
24,20,4.9,2.3,5.8,7.1,1.27,0.81,5,35.5,4.2,2.4,54.5,6,6,5,"Technology",88.89
33,17,7.5,3.5,11.7,8.79,1.36,1.21,4,12.7,3.2,3.1,62.1,3,4,1,"Technology",81.36
29,17,5.2,3.5,10,13.2,2.34,2.37,6,22.2,2.9,3.9,52.8,4,7,3,"Technology",91.46
33,15,5.7,3.4,9,19.48,3.31,2.76,8,24.2,3.2,4.4,55.8,6,6,4,"Sales",89.78
50,15,2.9,1.6,4.8,15.32,2.16,2.32,8,13.6,3.5,3.9,61.6,3,5,1,"Operations",98.04
44,15,6.6,2.8,11.3,6.49,1.25,0.75,3,6.6,4.3,3,82.1,5,5,5,"Sales",86.26
53,16,7.2,3.8,12.4,3.41,0.61,0.44,1,30.8,3.6,3.8,56.9,1,9,4,"Technology",100
47,17,4.2,2.6,7.2,8.48,1.42,0.86,3,11,4.4,2.6,58.6,7,4,4,"Operations",87.26
31,18,5.7,1.7,8.9,10.92,1.5,1.21,6,48.8,3.9,5,69.6,6,7,0,"Technology",100
39,17,3.1,1.8,6.8,9.3,1.58,1.31,5,41.4,2.6,3.4,73.5,9,8,4,"Marketing",90.59
43,16,5.3,2.8,8,11.1,2.08,1.64,6,59.3,4,4,40,2,7,3,"Operations",100
35,18,3.5,2.1,6.7,16.73,1.86,1.79,6,51.7,3.3,5,74.1,3,6,1,"HR",100
52,13,4.6,2.1,4.6,11.57,2.1,1.75,5,14.6,3.6,4.4,53.3,2,7,4,"Sales",95
29,17,8.5,6,15.9,12.1,2.05,1.36,6,42.2,3.5,3.8,76.7,3,6,4,"Technology",100
33,16,3.9,2.4,7.7,5.69,1.14,0.81,3,10.3,1.8,4.4,81.4,5,6,3,"Finance",78.13
42,12,5.7,2.8,13,7.95,1.2,1.24,5,67.7,3.3,3.2,61.7,6,12,5,"Marketing",100
44,15,5.6,3.6,6.7,11.82,2.19,1.75,5,20.2,2.9,2.9,64.1,6,5,5,"Sales",85.24
32,18,6.7,3.9,14.7,8.86,1.69,1.59,5,25.7,4.1,3.9,62.1,2,4,2,"Technology",100
23,17,4.3,2.2,6.2,7.06,1.22,1.11,4,14.5,2.4,2,49.9,3,4,4,"Technology",80.97
35,17,8.6,5.9,17.1,9.39,1.52,1.41,5,17.5,3.3,3.5,52.9,2,7,3,"Marketing",100
45,16,6.1,3.8,11.7,12.45,1.96,1.41,6,15.9,3.4,4.1,59.1,4,7,3,"Operations",89.38
34,15,7.8,3.2,18,22.71,3.58,2.5,8,15.5,4.7,3.5,56.7,2,6,4,"Marketing",100
43,18,4.9,1.8,6,12.03,2.18,1.37,6,43.5,2.7,4,49.9,3,6,4,"Sales",100
32,15,4.6,2.7,10.2,16.06,1.87,1.86,6,34.3,3.5,3.9,66.3,2,3,0,"Sales",100
35,17,4.8,2.9,8,9.4,1.47,1.21,4,46.3,3.8,2.6,45,5,6,2,"Technology",100
38,17,10,3.8,12.4,12.74,2.21,1.47,7,42.7,4.1,2.5,66.2,1,8,2,"HR",100
29,16,4.1,2.1,8.2,7.47,1.29,0.9,4,32,3.5,3.6,71.1,3,5,0,"Finance",84.54
22,16,5.2,2,8.1,9.74,1.74,1.23,6,35.5,3,4.3,71.6,4,4,0,"Sales",100
22,17,3.5,2.4,7,20.06,2.41,2.35,6,21.1,3.6,3.5,71,5,5,2,"Sales",91.17
39,19,9.2,3.9,19.5,9.86,1.5,0.94,5,19.6,3.2,3.5,68.1,4,5,0,"Operations",92.34
51,16,7.4,2.7,9.5,13.25,1.56,1.28,5,37.8,3.9,3.1,57.4,3,6,2,"Marketing",100
22,18,4.6,2.3,10.8,13.05,2.1,1.96,6,28.6,2.6,4.3,73.6,5,5,4,"Finance",97.63
44,20,5.5,3.3,5.9,6.8,1.55,1.01,3,39,2.4,3.6,32.8,2,3,3,"Technology",96.87
38,16,3.9,1.8,5.5,9.84,1.21,1.19,4,24.3,4.5,5,42.4,5,8,2,"Finance",97.22
34,16,3.5,1.6,6,6.69,0.82,0.73,3,78.5,1.7,3.5,41.4,3,7,3,"HR",100
44,13,3.4,2.4,6.4,7.9,1.23,0.78,5,37.3,3.5,4,86.1,1,4,2,"Sales",95.38
34,15,5.7,2.1,8.7,8.49,1.46,0.92,4,14.8,4.5,4.2,52.5,4,5,0,"Finance",100
30,19,6.2,2.9,9.9,7.96,1.32,1.1,5,22.9,4.7,3.5,62.1,2,6,5,"Technology",100
23,15,4.7,2.5,12.3,5.94,0.82,0.64,2,59.3,4,5,85.4,4,10,1,"Marketing",100
31,18,2.9,2.1,5.8,5.63,1.05,0.74,3,17.1,2.4,3.5,44.9,2,3,2,"Marketing",67.86
24,16,7,3.5,9.9,10.81,1.58,1.32,6,32.7,3.8,3.1,83.2,4,6,2,"Technology",100
60,18,3.1,1.4,6.3,10.71,2.05,1.6,6,15.5,2.5,4.3,48.8,3,6,0,"Technology",82.5
47,12,5.4,3,10.3,8.77,1.13,1.02,4,39.5,2.7,3.7,36,3,7,4,"Sales",100
31,16,12,4.9,19.7,7.17,1.17,0.95,3,34,4.7,4.3,68.1,1,4,2,"Sales",93.24
37,19,4,1.6,6.7,10.3,1.48,1.33,5,20.6,2.6,3.4,70.2,2,2,3,"HR",80
24,15,7.1,3.6,7.3,15.52,2.9,2.19,6,29.2,3.7,4.1,73.9,1,6,0,"Technology",87.79
29,15,5.1,3.5,10.3,8.81,1.27,0.79,4,70.4,3.6,4.5,62.2,3,8,4,"Operations",100
32,17,6.1,2.8,6.1,8.51,1.35,0.87,5,22.6,3.4,4.1,49.1,3,4,4,"Sales",95.51
43,19,5.1,4.2,15.4,8.27,1.46,1.01,5,40.2,3.7,2.5,65.7,7,6,2,"Sales",95.97
29,17,5.9,5,12.2,8.55,1.32,1,4,36,4.2,3.2,65,3,8,3,"Technology",100
43,15,5.4,2.3,10.4,14.37,2.23,2,7,23.9,3.2,2.8,58,5,6,2,"Technology",100
29,16,8.7,3.5,11.9,20.11,2.91,2.1,7,10.8,3.2,3.8,55.6,6,4,0,"Technology",88.65
31,20,6.8,3.7,9.3,9.61,1.82,1.53,5,24,2.1,4.1,85.5,3,6,2,"Operations",91.46
48,14,4.7,2.8,6.7,12.24,1.73,1.41,6,39.6,3.4,4.1,39.1,4,8,2,"Operations",99.3
30,15,4.8,2.6,10.4,6.7,1.3,1.14,3,45.3,3.3,4.6,87.3,8,6,1,"Technology",96.34
29,15,4.3,2.2,8.1,6.85,0.8,0.69,3,27,3.2,4.7,84.8,7,5,2,"HR",94.15
34,13,7.3,3.8,11.1,8.53,1.43,0.93,4,51.5,3.9,4.1,55.9,3,5,3,"Technology",100
32,16,2.9,2.2,7.4,6.56,1.27,1.07,4,6.6,2.3,3.5,51.6,0,3,2,"Operations",72.44
28,15,3.5,2.2,6.7,7.89,1.39,0.92,4,39.9,3.1,4.5,98.6,3,6,4,"Sales",87.72
30,16,10.8,7,23.8,11.12,2.06,1.68,6,32.9,5,2.8,86.9,6,5,3,"Sales",100
40,16,6.3,2.4,11.2,15.2,2.55,2.12,8,22,2.5,3.9,66.3,5,3,0,"Sales",90.83
50,17,5.4,2.9,9.4,9.14,1.38,1.22,4,31.9,3.9,3.8,62.8,5,8,5,"Operations",100
25,18,7.6,4.3,11.4,9.1,1.83,1.6,6,41,2.7,4.2,58.1,10,6,0,"Marketing",100
35,18,10.4,5.6,14.8,11.04,1.8,1.32,5,6.4,4.5,4.1,61.5,4,8,3,"Finance",100
38,15,2.8,2.1,5.9,11.21,2.42,2.16,6,40.2,3.2,3.9,20.1,1,6,3,"Technology",100
30,16,4,2,7.3,9.39,1.4,1.15,3,25.6,2.4,3.3,26.5,2,4,2,"HR",74.21
45,16,6,3.9,16.6,7.47,1.06,0.7,4,19.7,4,3.4,69.4,4,5,3,"Operations",83.46
27,17,5.9,3.1,9.5,9.28,1.26,0.9,3,32.1,1.9,4.6,46.2,4,7,4,"Operations",100
31,20,7.1,4.4,12.6,10.16,1.84,1.82,5,27.9,3.8,4.6,59,2,6,1,"Marketing",100
33,15,5.6,2.3,10,11,1.66,1.27,6,40.2,2.5,3.6,86.4,4,5,5,"Sales",100
30,15,3.8,2.1,6.7,9.72,1.5,1.44,5,67.3,3.4,3.2,46.9,2,7,5,"HR",100
37,17,3.6,1.9,9.1,9.75,2.15,1.66,6,18,3.3,4.7,52.5,4,5,3,"HR",100
44,12,10.1,3.9,18.3,6.9,1.46,0.87,4,32.1,3.5,3.4,52.7,5,4,3,"Technology",99.59
33,13,2.2,1.5,3.9,16.83,2.62,2.3,6,36.1,3.9,3.2,46,7,4,5,"Sales",100
28,19,9.2,3.7,12,8.46,1.33,1.09,4,18.4,3.8,3.9,45.4,5,8,0,"Finance",100
40,16,4.2,3,10.8,10.95,1.97,1.24,6,24.8,3.1,3.5,79.8,3,4,2,"Technology",80.68
44,17,4.6,3.2,7.1,11.6,1.69,1.64,5,60.2,2.2,4.5,78.5,4,6,1,"Marketing",100
25,16,3.8,2.2,6.6,13.57,1.92,1.43,6,29,2.8,3.5,57.3,5,5,2,"Finance",94.99
33,20,6.7,5.6,11.7,9.55,1.46,0.9,5,29.3,3.7,5,60.3,3,3,4,"HR",95.71
41,15,3.6,1.8,4.5,9.6,1.42,1.32,5,31.4,3.7,4.4,45.4,5,5,2,"Sales",89.59
27,17,3,1.2,5.3,10.54,1.93,1.32,6,41.5,3.8,2.9,26.3,6,7,4,"Sales",100
36,14,6.8,4.4,9.7,10.44,1.64,1.17,4,22,4.4,3.6,54.6,1,5,4,"Marketing",100
44,16,2.5,1.5,5,15.66,2.49,1.88,6,34.4,3.3,4.2,50.5,1,8,4,"HR",100
45,12,5.9,3,12.4,15.28,2.49,2.1,7,35.5,2.8,3.3,62.7,4,8,1,"Technology",100
39,19,9.1,4.5,18.2,7.89,1.55,0.92,3,5,4.8,2.8,24.7,6,4,4,"Finance",79.41
38,14,7.8,3.3,8.3,6.76,1.27,0.91,4,15.6,3.9,3.7,85.8,2,6,5,"Marketing",86.2
34,18,6.2,2.3,10.3,10.56,1.71,1.39,5,26.9,3.7,3.5,15,1,6,3,"Technology",100
22,12,9.6,5.5,17.4,8.6,1.1,0.98,4,9.7,3,3.7,60.2,6,3,1,"Marketing",92.37
40,18,4.1,1.6,6.1,7.81,1.29,0.98,4,49.1,3.2,2.7,51.6,2,5,3,"Marketing",100
27,18,5.2,3.8,11.2,5.63,1.08,0.68,2,7.9,3.6,3.8,55.2,0,4,4,"Sales",81.88
26,16,6,2.5,9.9,11.25,1.56,1.46,5,15.2,3.3,3.7,67.1,6,4,4,"Sales",85.41
41,15,4.6,1.8,6.3,6.55,1.01,0.67,3,11.7,2.6,3.8,55.1,3,5,1,"Operations",86.38
30,17,2.9,1.8,4,9.72,1.58,1.14,6,35.6,4.5,2.8,69.5,3,7,4,"Sales",100
33,14,4.4,2.8,8.4,11.34,1.87,1.54,5,43.6,4.5,3.9,83.7,4,4,2,"Marketing",98.55
37,15,12.6,3.6,15.2,5.36,0.87,0.72,2,36.8,3.5,3.3,63.4,6,9,1,"Marketing",100
33,15,7.1,4.4,10.6,8.86,1.46,1.18,5,35.1,2.7,3.2,69.3,5,8,1,"Sales",100
30,15,4.2,2.9,7.2,12.69,1.32,1.31,5,58.4,3.2,2.8,74,6,8,3,"Marketing",100
26,18,6.3,2.9,10.4,7.62,1.16,0.95,3,46.5,3.8,2.7,65.6,2,8,2,"Operations",96.46
40,14,7.1,3.7,11.6,7.39,1.61,1.06,4,38.8,3.2,2.8,71.2,4,6,3,"Marketing",93.05
43,15,4.3,2.3,8.1,11.26,1.51,1.04,5,22.4,5,2.8,39.7,3,6,0,"Finance",82.71
35,19,6.3,3.5,8.3,12.25,1.94,1.79,6,36.8,2.9,3.5,53.2,2,9,5,"Operations",100
34,12,8,3.5,18.7,6.27,1,0.88,3,54.5,3.5,4.5,52.9,3,8,5,"Finance",100
35,15,7.5,2.5,9.8,7.61,1.23,0.89,4,6.6,3.4,2.5,59.7,6,6,4,"Marketing",82.31
46,17,13,5.8,16.7,8.82,1.47,1,5,47.1,4.8,3.5,73.8,4,7,3,"Sales",100
38,17,5.1,2.2,8.7,5.75,1.31,0.93,3,31.4,3.5,2.6,68.6,2,9,3,"Sales",90.81
32,12,5.1,4.6,12.5,4.25,0.83,0.53,2,24.2,2,4.2,54.8,4,6,5,"Operations",88.36
30,16,4.5,2,8,11.24,1.85,1.5,5,25.8,3.1,2.7,28,2,6,5,"Operations",100
46,17,2.6,1.2,3.9,12.52,2.17,1.64,7,21.3,2.5,3.4,44.7,5,7,3,"Sales",93.98
22,14,4.7,3.3,8.7,6.41,0.87,0.83,3,13,3.2,3.1,53.9,3,8,0,"Marketing",90.63
26,16,2.7,1.4,3.8,15.66,2.08,1.27,7,75.6,2.5,2.9,58.1,2,7,4,"Operations",100
28,17,4.7,2.3,10,20.32,3.22,2.75,9,75.9,1.7,4,66.1,3,11,4,"Sales",100
25,20,10.2,4,12.9,10.38,1.92,1.07,5,22.6,4.3,3.8,71.9,4,7,1,"HR",90.34
39,18,8.4,4.6,18.1,8.1,1.42,1.18,5,27.5,3.2,3.9,69.6,4,7,0,"Technology",100
39,13,3.9,2,8,10.42,1.91,1.52,5,24,3.5,4.2,72.4,6,5,4,"Operations",98.93
38,17,5,2.7,12,9.34,1.35,1.13,3,19.4,3.4,3.9,64.7,7,4,2,"Marketing",100
32,18,3.6,2.4,7.6,8.88,1.13,0.78,4,21.5,4.4,3.8,64,1,6,4,"Operations",97.05
41,15,6,2.9,10.4,8.28,1.33,1.12,4,15.9,3.5,1.6,61.8,6,7,3,"Marketing",100
44,15,6.2,4.1,16.2,14.54,2.25,2.17,6,57.9,3.7,3.5,21.9,5,9,3,"Finance",100
44,16,4.8,3.1,12.7,14.3,1.84,1.47,7,18.6,3.2,2.5,72.6,7,7,5,"Finance",99.68
35,18,7,3.8,10.7,17.54,2.77,1.95,8,25.4,4.4,2.8,61.8,4,5,3,"Sales",93.21
42,15,7.5,3.9,15.3,12.6,1.53,1.76,7,52.1,3.7,3.3,80.2,5,6,2,"HR",100
24,15,7.9,4.5,10.9,9.52,1.3,1.32,5,25.3,3.2,2.8,64.3,2,8,0,"HR",95.83
48,16,6.3,2.6,12.1,14.13,1.79,1.67,5,5,4.8,4.9,53.7,6,5,4,"Marketing",100
29,14,3.8,2.1,6.7,8.29,1.14,1.02,3,15.4,3.1,3.6,41.1,1,7,2,"Sales",76.6
43,19,4.6,2.6,9.7,10.44,1.54,1.12,5,30.1,3,3.3,42.7,1,8,0,"Operations",91.93
35,16,8.4,3.8,11.5,9.1,1.47,0.91,4,60.1,3.3,3.2,72.8,1,9,4,"Marketing",100
53,19,9.6,3.3,19.1,13.9,2.14,1.64,6,31.3,3.6,3.2,79.1,5,5,1,"Marketing",100
37,19,2.6,2,4.7,9.6,2.02,1.33,5,34,3.6,3.5,76.2,3,4,4,"Sales",96.79
44,17,4.3,2.2,8,9.08,1.17,0.86,4,15.6,3.2,1.8,68,6,5,0,"Technology",83.55
36,16,5.6,3.3,9,8.53,1.3,0.81,3,28.7,2.7,3.7,68,5,8,4,"Sales",91.69
22,16,5,2.1,5.8,7.74,1.11,1.21,4,57.4,3.6,2.7,65.2,9,7,0,"Operations",100
41,16,5.8,2.9,10.9,8.03,1.23,0.98,4,30.7,2.7,4.3,71.7,4,6,2,"Sales",91.01
36,18,5.3,1.9,7,6.59,1.35,0.86,4,30.8,2.1,4,53.7,9,8,4,"Marketing",96.67
24,13,8,3.7,11.8,9.46,1.26,1.25,5,36.2,3.1,4,67.4,2,6,2,"Finance",100
29,12,5.2,3.1,11.2,6.63,1.27,1.03,4,10.5,3.8,3.8,71.3,6,6,3,"HR",87.54
32,16,3.6,2.4,8.8,11.27,1.53,1.54,5,38.7,4.9,3.7,50.6,9,6,3,"HR",94.97
36,18,9.7,3.8,13.6,5.55,1.14,0.73,2,24.6,3.2,3.6,60.8,2,8,1,"Finance",98.3
29,20,3.4,2.5,6.1,7.8,1.26,0.74,2,100,3.8,3.6,58.4,3,8,4,"Sales",100
44,16,8.5,4.2,14.7,6.02,1.25,0.91,3,25.6,2.9,2.9,40,5,8,2,"Technology",99.49
40,12,4.6,2.2,9.9,9.33,1.34,1.12,4,41.9,2,2.7,53.3,0,4,0,"Technology",96.1
40,15,4,2,5.9,6.98,1.6,1.11,4,84.8,2.9,2.2,56.6,2,6,3,"Finance",100
42,13,8.6,4.7,13.3,9.03,1.8,1.24,5,34.9,3.5,4.2,42.6,2,5,5,"Operations",100
46,16,3.2,2.4,5.8,12.49,1.96,1.32,6,34.8,3.6,3.7,43.7,3,3,3,"Sales",100
34,17,4.6,2,7.4,14.69,1.7,1.6,6,46,3.5,3.8,67.7,4,9,5,"Sales",98.87
49,16,6.3,3,10.2,7.91,1.54,1.11,4,5,3.6,3.7,65,4,5,0,"Marketing",81.34
48,18,9.5,3,13.5,11.63,1.56,1.47,6,44.4,3.2,3.9,47.3,5,10,4,"Marketing",100
26,16,5.2,2.8,10.1,9.55,1.53,1.06,5,14.4,3.1,4.6,91.3,5,6,2,"HR",80.15
37,17,8,4.3,20,13.53,1.8,1.64,7,49.1,3.7,3.4,78.6,3,6,1,"Sales",100
32,17,6.3,3.4,11.2,10.2,1.57,1.54,6,13.8,3.4,3.1,92,3,4,5,"Finance",80.97
28,14,11.3,5,17.4,9.05,1.46,1.06,4,18.2,3.6,4.4,51.7,4,5,3,"Finance",100
42,15,6.2,3.5,10.9,10.3,1.87,1.4,5,6.8,3.4,4.3,51.6,3,6,2,"Finance",98.61
39,17,6.3,4.5,14.2,11.02,1.82,1.37,5,58.5,4.8,3.9,66.3,1,10,4,"Finance",100
35,16,4,1.9,5,12.06,2.02,1.76,7,70.4,3.6,3.9,44.9,7,8,5,"Finance",100
38,17,8.3,3.7,17.3,7.24,1.29,0.93,4,29.3,4.1,1.8,62.1,5,8,2,"Marketing",100
29,18,5.7,2.3,10,9.68,1.21,1.26,4,15.1,3.6,3.2,90.1,5,6,2,"Operations",82.61
26,16,5.9,3,10.9,7.33,1.46,1.27,4,17.8,4.1,4.9,94.9,3,5,4,"Technology",76.48
43,15,4.7,2.2,5.9,10.86,1.48,1.23,4,13.7,4,4.5,83.6,3,7,3,"Sales",85.13
47,15,3.7,1.5,5.8,8.38,1.41,1.03,4,42.2,4.4,3.2,83,5,5,3,"Technology",93.82
38,19,5.4,2.8,10.3,11.04,2.02,1.49,6,21.6,4.2,3,52.4,4,6,3,"Sales",96.55
24,19,6,2.8,11,9.9,1.31,1.27,5,16.5,4.6,2.9,79.2,2,6,5,"Sales",89.45
28,14,15.9,6.5,17.4,17.54,2.09,2.16,7,13.9,4.1,3.7,64,3,7,5,"Technology",100
28,16,7.8,4.5,12.3,17.36,2.51,2.15,8,6.8,3.6,4.1,64.8,4,4,5,"Sales",85.39
41,20,4.4,2,8.2,9.08,1.57,1.17,4,15.6,2.4,3.6,54.6,2,7,3,"Sales",91.54
22,16,4.4,1.2,5,13.55,2.02,1.67,6,49.3,4.2,4,57.9,5,6,2,"Marketing",100
38,15,1.8,0.9,3.1,14.64,1.87,1.69,6,33.9,2.9,3.8,45.2,10,4,4,"Sales",81.85
50,18,2.8,2.3,5.8,16.6,2.5,2.34,8,22.3,4.3,4.2,60,5,8,0,"Operations",100
42,18,4.9,2.6,6.3,7.47,1.03,0.81,4,29.1,2.5,2.7,56,5,9,0,"Marketing",96.6
32,16,6.2,3.2,10,12.94,2.31,2.22,6,24.1,4.1,3.4,79.1,3,8,2,"Finance",96.66
52,16,3.2,2.1,6.3,8.66,1.39,1.04,5,29.8,2.9,4.1,75.5,3,6,3,"Technology",98.2
36,13,5.8,3.7,12.4,13.79,2.63,1.83,7,37.7,2.8,2.5,81.1,4,7,3,"Sales",97.5
45,15,9.7,3.3,13.1,6.93,1.34,0.95,4,48.6,3.3,4.6,77.1,6,5,5,"Operations",100
33,20,4.8,2.2,8.2,9.76,1.54,1.39,4,49.8,2.8,2.5,67.5,4,10,2,"Operations",100
44,14,9.9,3.4,13.6,7.82,1.5,1.06,4,34.2,3.4,3.2,76,3,7,0,"Operations",100
47,19,5,2.2,6.8,11.14,1.66,1.5,5,27,3.6,2.2,62.3,8,6,2,"Operations",88.04
32,16,6.9,3.8,11.8,15.87,2.24,1.77,6,9.4,4.5,4.1,50.3,8,3,5,"Sales",86.22
22,15,4.7,3,10.7,6.96,1.26,1.18,4,39.5,3.5,3.9,87.8,5,9,0,"Sales",100
46,15,3.9,1.9,7.2,10.1,1.56,1.55,5,19.5,4.7,2.2,19.2,6,5,5,"Marketing",96.99
40,14,4.9,2.8,7.4,12.39,1.98,1.6,6,45.7,4.3,4,59.3,3,5,4,"Sales",100
38,18,4.5,2.9,8.5,6.77,1.09,0.85,2,22.8,3.5,2.9,80.5,5,6,5,"Technology",95.96
22,19,5,2,9.1,9.3,1.69,1.32,5,23.6,4.5,3.7,57.3,2,5,2,"Operations",88.06
40,18,10.4,6.2,24.6,8.04,1.19,1.03,4,17,3.4,3.4,70.1,5,7,2,"Operations",99.43
46,15,4.8,2.4,10.6,17.05,2.35,1.56,7,18.7,5,3.7,51.6,6,7,3,"Operations",95.53
48,16,7,3,12.9,16.22,2.91,2.65,7,26.4,3.7,3.4,60.6,4,7,0,"Sales",100
22,15,5.9,2.9,20.9,10.27,1.63,1.5,5,39.1,2.6,4.1,75.2,4,6,1,"Operations",100
24,13,6.7,3.2,10.7,6.99,1.19,0.96,4,35.8,3.1,3,46.6,4,5,3,"Technology",100
43,18,6.3,3.9,10.2,10.68,1.88,1.8,6,27.1,2.8,3.7,77.6,5,5,3,"Finance",100
38,14,8.7,3.8,15.5,7.8,1.22,1.09,4,62.6,3,3.1,58.5,1,5,4,"HR",100
38,16,3,1.7,5.3,6.86,1.2,0.95,3,16.4,4.2,3.3,60.1,7,7,3,"Operations",81.09
29,19,4.3,2.4,6.7,12.63,1.59,1.62,5,32.1,4.1,3.3,36.5,0,6,2,"Technology",100
39,20,4.5,2.8,7,9.89,2.16,1.29,6,44.1,2,3.7,84.6,7,6,5,"Technology",100
27,19,6,3.7,9.2,11.16,1.53,1.17,5,25.5,1.7,2.9,65.1,6,6,0,"Sales",99.89
28,17,3.9,3.2,12.8,11.03,1.47,1.36,5,15.7,3.9,3.6,63.2,3,6,2,"Technology",85.29
43,13,5,2.6,9.6,8.87,1.25,1.09,5,31.4,4.3,4.2,61.6,6,6,0,"Technology",100
36,20,5.7,3.3,15.3,18.57,2.6,2.48,8,32.6,3.4,3,59.4,1,4,5,"Finance",100
29,17,5,3.6,13.4,6.24,1.14,0.8,3,28.9,4,2.8,72.2,2,7,3,"HR",87.57
48,12,4.5,2.3,8.5,13.04,1.82,1.23,5,50.8,2.9,3.2,48.1,5,4,4,"Sales",100
37,17,9.1,4.6,24.3,9.54,1.53,1.14,5,31.4,3.5,4,59.2,4,8,1,"Finance",100
30,14,3.7,2.1,11,5,1.04,0.66,2,47.8,4,3.4,83.6,4,7,5,"HR",100
37,15,6.9,3,9,11.83,1.79,1.66,6,24.2,3.2,4.2,62.1,7,9,5,"Technology",90.07
34,16,7.7,5.3,14.7,15.28,2.52,2.79,8,34.4,3.6,3.9,33.5,8,6,2,"Finance",100
37,17,3.7,1.7,5.4,8,1.49,1.32,5,17,4.6,4.2,60.9,5,7,5,"Marketing",71.24
47,16,6.1,2.2,8.6,13.62,2.36,1.7,6,36.8,2.8,4.3,80.4,6,6,3,"HR",100
39,15,9.8,4.5,19.1,9.87,1.32,1.11,5,50,4.4,3.6,50.8,4,7,3,"Technology",100
49,18,1.8,0.9,2.3,10.68,1.57,1.34,4,27,2.2,4.5,72.1,4,5,5,"Marketing",100
45,13,7.5,2.7,11.9,7.53,1.15,0.88,4,31.7,3.1,3.6,54.7,6,5,4,"Technology",100
35,16,7.6,3.8,10.6,13.32,2.16,1.91,6,75.2,3.3,3.2,67.7,7,7,1,"Marketing",100
41,20,1.8,1.1,3.8,16.39,2.13,2.25,6,34.5,4.6,2.9,33.7,6,3,2,"Technology",100
44,17,3.1,1.2,5.5,7.83,1.26,1.06,4,23.4,4.2,3,83.4,2,6,4,"Marketing",93.61
22,20,5.3,2.6,8.9,15.12,2.68,2.47,8,14.4,3.2,4.1,73.4,1,3,1,"Technology",94.32
32,17,7.1,3.2,14.3,11.6,1.76,1.27,4,19.2,4.4,3.8,66,4,5,4,"Operations",97.73
41,18,3.8,2.2,8.4,8.81,1.44,1.34,5,24.2,4.5,3.1,58,5,7,4,"Finance",84.01
36,13,5.4,2.4,7.9,12.79,1.84,1.28,6,34.7,4.4,4.8,63,7,6,2,"Technology",100
36,17,3.9,1.9,5.4,9.32,1.45,0.81,4,26.6,2.7,3.3,93.1,2,4,4,"Technology",81.02
27,14,4.6,2.6,8.4,13.26,1.58,1.59,5,16.5,4.5,4.5,76.6,3,5,0,"Operations",93.87
25,13,4.4,2.1,8.8,12.91,1.73,1.37,6,67.3,1.5,3.5,49.2,3,9,3,"Operations",100
45,15,3.7,2.3,8.8,7.3,1.42,0.95,4,14.3,3.1,2.2,73,4,7,1,"Technology",78.42
37,14,3.3,1.8,4.9,12.09,1.78,1.55,5,32.1,3.7,5,46,3,6,2,"Technology",96.11
33,13,5.3,1.9,7.8,9.59,1.44,0.98,4,59.1,4.7,5,50,2,6,1,"Operations",100
40,18,6.1,2.9,11.4,6.07,1.18,0.71,4,24.2,4.4,3.2,64.1,5,6,3,"Marketing",91.36
38,17,4.7,4.7,11.6,9.28,1.59,1,4,34,1.8,3.6,60.7,3,6,1,"Technology",100
34,14,5.8,2.6,12.1,12.79,1.76,1.3,6,33.3,2.9,4.1,53.4,5,7,5,"HR",100
29,16,3.3,2.2,6.4,10.53,1.97,1.18,6,26.7,4,3.1,80.7,2,6,4,"Finance",90.52
35,14,7.6,4.1,11.8,8.57,1.47,1.15,4,18.6,2.8,3.5,65.1,8,7,4,"HR",82.42
34,14,8.2,3.9,12.1,9.53,1.69,1.39,5,44.8,3.9,5,38.7,3,6,0,"Operations",100
32,16,8,3.5,15.5,13.7,1.75,2.52,7,39.6,2.5,4,52.6,4,4,2,"Technology",100
45,20,3.6,2.7,7.6,14.07,1.61,1.63,6,41.5,4.7,3.3,57,1,5,4,"Technology",100
29,13,6,3.3,9.5,7.02,1.11,0.99,3,36.1,3.7,4.7,55.4,7,5,1,"Operations",100
35,14,5.1,2.1,7.6,9.86,1.39,0.99,5,22.2,4.3,2.8,37.7,4,7,5,"Operations",90.77
45,19,6.3,4.3,17.1,14.06,1.59,1.78,5,5,4.6,3.3,56.1,4,5,5,"Technology",86.8
53,15,5.6,3,13.4,5.21,0.96,0.5,3,7.4,1.7,3.9,94.7,5,5,2,"HR",87.22
42,18,5.6,2,8,10.21,2.04,1.14,6,66.9,2.5,4.7,43.7,1,9,1,"HR",100
37,12,8.2,4.3,12,7.8,1.35,1.11,3,47.1,2.3,3.4,38.5,4,9,3,"Technology",100
41,18,3.6,1.7,5,14.08,1.61,1.51,5,73.2,3.6,4.3,66.4,3,9,2,"Finance",100
38,15,4.9,2.7,9.9,8.39,1.36,0.97,5,59.3,3.8,2.4,47.6,3,6,5,"Sales",100
39,16,8.8,4,15.4,11.82,1.7,1.34,5,55.4,2.8,2.6,88.7,3,7,5,"Marketing",100
44,14,4.1,2.4,8.7,16.5,2.95,2.1,8,24.9,3.3,4.1,77,5,5,5,"Technology",93.13
42,13,4.6,2.3,8.8,16.62,1.97,1.85,6,37.9,4.4,4.1,58.8,2,3,4,"Operations",96.69
40,17,4,2.7,7.2,8.23,1.31,1.14,5,31.2,2.8,3.4,75.7,4,3,3,"Sales",100
40,18,4.1,2.5,7.9,8.64,1.21,0.81,3,30.9,3.4,2.9,39.9,1,4,0,"Finance",100
22,17,5.4,2.7,7.6,9.92,1.12,1.22,4,30.7,4.7,4.6,75.8,3,8,1,"Operations",100
33,15,4.8,2.3,8.8,7.65,1.15,0.93,5,31.7,2.8,4.5,45.2,3,5,5,"Operations",100
40,13,9.8,4,19.1,8.46,1.36,0.93,5,55.5,3.3,3.4,52.6,2,7,1,"Operations",100
30,13,4.7,3.6,9,4.13,0.81,0.52,2,42.4,3.2,3.5,47.1,7,5,0,"Technology",100
38,16,6.1,3.9,9.4,10.05,1.56,1.36,5,16.9,3.7,3.4,53.4,3,9,0,"Sales",100
44,13,3.7,2.2,7.1,14.27,2.14,2.03,7,20.2,2.6,4.3,57,2,4,0,"Sales",94.95
34,13,5.1,1.8,7.3,11.06,1.59,1.64,5,39.6,3.1,4.2,30.2,6,5,4,"Sales",100
35,18,6.8,3.1,13.3,17.62,2.73,2.2,8,23.6,5,4,63.6,3,5,4,"Technology",96.92
35,18,4.3,3,8.6,9.29,1.7,1.36,5,22.3,3.8,2.8,48.9,3,6,1,"Operations",76.67
34,16,4.5,3.1,8.5,10.6,1.71,1.43,5,38.5,2.6,3.5,68,3,6,2,"Finance",100
42,15,6.6,2.9,10,9.16,1.66,1.26,5,54.8,3.6,4.4,69,2,9,3,"Sales",100
27,18,7.3,2.6,10.6,8.19,1.47,1.03,4,22.7,3.3,3,64.2,3,6,0,"HR",98.7
36,19,3.3,2,7.4,6.53,1.2,0.86,3,29.3,3.2,3.8,55.4,7,8,5,"Technology",99.05
44,16,5.7,3.2,12.6,12,1.83,1.76,6,37.7,3.4,2.4,42.5,2,7,2,"Marketing",100
42,16,7.9,3.7,12.4,7.99,1.2,1.05,4,22.7,3.7,2,66.5,8,6,4,"Technology",94.74
52,12,7,4.1,14.1,7.93,1.41,0.94,4,17.3,3.6,4.5,98.5,5,7,4,"Finance",90.43
37,18,6,2.9,12.3,13.74,1.95,2.16,7,60.9,3.3,5,45.6,3,5,2,"Sales",100
34,16,3.1,1.5,3.9,7.99,1.2,0.93,4,29.6,2.2,3.2,53.3,4,5,3,"Sales",77.99
31,17,8.1,4.1,11.1,10.41,2.03,1.33,6,33.1,3.5,3.5,55,3,7,3,"Operations",100
39,16,6.9,2.4,9.7,12.11,1.94,1.51,6,43,3.1,4.3,56.1,3,6,2,"Technology",97.75
33,16,5.9,2.8,9.6,15.37,2.73,2.2,8,26.5,2.7,4.4,72.6,5,5,3,"Sales",100
39,16,9.2,5.2,11.6,7.54,1.05,1.17,4,35.2,3.4,4.5,67.6,4,6,2,"Operations",100
40,13,5.3,3.3,9.3,10.6,1.61,1.57,5,24.2,2.1,4.2,52.7,1,5,1,"Operations",93.64
26,17,3.6,1.6,5.1,10.05,1.03,1.31,4,47.8,2.1,3.9,66.2,2,6,4,"HR",93.26
40,20,4.2,2.3,6.2,6.89,1,0.73,3,6.8,3.5,4.4,47.3,1,5,4,"Operations",83.01
37,18,4.3,2.9,6.8,8.65,1.35,0.98,4,27.5,3.4,2.7,43,3,4,5,"HR",96.19
39,17,5.1,1.8,9.6,8.48,1.31,1.01,4,77.1,3.2,3.5,60.3,4,7,5,"Sales",100
44,15,5.7,2.3,7.5,8.76,1.19,0.93,3,33.3,3.7,4,62.6,1,5,4,"Technology",100
27,17,5.7,2.6,8,7.71,1.53,1.32,5,16.9,4,3.1,75.4,4,6,3,"Operations",94.66
42,17,7.5,3.2,12.5,9.59,1.65,1.11,5,16.1,3.7,3.2,58.5,2,5,4,"HR",90.78
33,19,5.9,2.9,13.3,12.02,1.64,1.42,5,39.2,3.6,3.2,70.2,2,6,1,"Operations",100
50,14,4.1,2.7,7.1,8.17,1.53,0.91,5,32.3,4.1,3.6,60.6,2,5,2,"Operations",96.85
44,13,5.7,2.9,10.8,9.72,1.72,1.63,6,30.5,3.3,4.6,80.7,3,6,3,"Technology",92.61
44,16,5,2.6,10.2,12.98,2.15,1.54,7,22.1,1.5,3.5,92.4,1,5,2,"Operations",100
26,19,7.5,3.3,11.4,7.79,1.27,0.88,3,38.6,3.8,3.1,71.1,7,9,2,"Operations",96.11
40,17,6.6,3,15.1,10.73,1.61,1.44,5,33.4,3,3.3,50.9,5,4,3,"Marketing",100
38,17,5.2,2.1,5.8,9.21,1.65,1.08,5,46.4,4.6,3.6,61.9,1,8,2,"Marketing",100
41,18,8.2,4.9,14.2,10.24,1.84,1.74,5,13.5,4,3.8,93.8,0,5,1,"Technology",89.27
31,14,4.9,2.1,6.3,8.01,1.53,1.35,5,21.1,4,3.8,55.1,4,6,5,"Operations",100
44,17,4.1,2.3,9,11.97,2.33,1.62,6,15.3,3.7,3.2,36.9,2,8,0,"Finance",100
31,12,2.8,1.2,5.2,5.36,1.23,0.65,3,20.4,4.1,3.5,58.2,3,7,3,"Marketing",79.51
41,17,4.4,1.6,6.7,8.89,1.47,1.12,3,17.7,3.4,3,69.1,3,7,3,"Operations",94.68
53,17,6.5,3.3,7,13.29,1.88,1.43,7,19.7,3.2,4.1,67.8,3,6,1,"Finance",91.02
36,15,7.5,3.4,12.9,9.15,1.31,1.25,5,43.5,3.8,3.3,52.6,3,9,5,"Sales",100
41,19,4,2.7,8.4,8.86,1.62,1.37,4,16,4.3,3.2,40.8,4,4,4,"Finance",87.75
46,14,7.1,4.7,10.1,7.4,0.97,0.86,4,38.1,4.9,3.5,42.4,1,5,4,"HR",100
35,17,3.9,2.6,4.8,9.74,1.32,1.09,4,57.7,3.9,4.5,31.7,7,6,2,"Marketing",100
41,18,4,2.3,6.6,12.47,1.71,1.27,5,19.4,3.5,3.5,55.8,7,5,2,"HR",91.41
28,17,2.5,1.1,3.8,7.29,0.99,1.12,4,34.7,3.9,2.7,52.1,2,8,5,"Technology",100
34,17,4.7,2.9,10.3,6.47,1.32,0.87,4,40.6,3.4,3.7,46.4,4,5,2,"Sales",100
23,18,6.2,2.9,11.8,5.23,1.01,0.72,2,20.2,2.7,4,48.8,7,6,5,"Finance",93.76
47,12,6.9,4.2,11.4,10.35,1.74,1.33,5,69.3,3.3,4.1,53.4,5,8,5,"Finance",100
31,12,3.1,1.5,6.3,11,1.84,1.62,6,27.3,3,4.1,85.3,4,6,1,"Sales",89.86
45,15,3.9,1.8,8.2,6.51,1.12,0.62,2,19.1,2.9,4.6,43.2,7,7,5,"Technology",96.06
32,12,8.8,5.8,14.5,9.28,1.54,1.21,5,15.4,4.1,4.2,59.3,7,9,3,"Finance",99.23
32,18,3.1,1.9,5.1,6.11,0.9,0.87,4,44.3,3.3,3.6,61,3,8,3,"Marketing",90.14
22,15,4.6,2.7,8.6,10.29,1.58,1.58,5,10.1,4.1,1.4,31.7,2,6,2,"HR",100
40,20,5.2,2.6,9.1,9.74,1.85,1.65,5,31.5,3.7,4.5,58.6,5,5,2,"Operations",100
50,16,3.2,2.1,5.5,6.66,1.3,1.24,4,58.3,3.2,3.4,42.1,2,5,4,"Sales",100
35,16,4.5,1.6,6.2,15,1.99,2.07,6,18.9,1.6,3.8,69.7,3,6,5,"Sales",98.56
41,17,3.5,1.8,6.7,9.28,1.83,1.31,4,33,3.4,3.7,65,1,4,4,"Operations",84.77
42,18,5.9,2.4,7.9,10.79,1.63,1.49,5,19.2,2,3.1,70.9,6,5,3,"Technology",88.52
34,15,3.9,2.6,8.6,14.65,2.28,1.76,7,19.6,4.3,4.1,66.8,5,5,2,"Sales",100
53,15,10.1,4.8,14.9,9.89,1.14,1.13,4,37.8,3.1,4.9,78.9,2,8,3,"Technology",100
25,15,5.8,1.9,8.6,8.44,1.65,0.94,5,6.9,2.9,3.9,73.5,3,7,4,"Marketing",100
42,14,4.4,1.8,5.9,11.83,1.77,1.63,6,24.2,3.5,4.1,60,5,5,5,"HR",86.38
46,14,6.5,3.4,14.5,12.89,1.92,1.88,6,26.2,4.1,2.6,71.6,4,7,2,"Operations",94.28
42,14,4.9,1.9,9.1,11.67,1.64,1.62,5,6.2,3.6,4.1,42.8,2,7,3,"Sales",95.52
50,15,8.8,4.2,12.9,11.67,1.35,1.49,4,82,3,3,63.6,1,7,3,"Operations",100
33,16,4.2,2.8,7.2,9.73,1.59,1.52,5,31.8,4.2,4,77.7,8,7,3,"Sales",100
22,16,3.9,2.2,7,14.84,2.23,2.45,7,39.3,3.8,3.4,61,1,8,5,"Finance",100
38,17,7.5,3.5,11.8,15.79,2.3,2.26,6,20.7,2.9,1.3,46.5,6,6,0,"Sales",87.73
29,12,5.7,2.7,11.9,8.04,1.24,0.93,3,49.8,4.4,3.3,42.1,3,6,5,"Sales",100
41,16,8.3,3.8,14.7,9.42,1.77,1.35,5,51,2.6,3.8,38.3,7,6,0,"Operations",100
27,17,7,3.5,11.9,10.72,1.68,1.54,5,28.3,4.9,3.9,58.8,2,5,1,"Sales",100
34,12,6.5,4.2,13.7,11.12,1.68,1.22,5,33.2,3.5,2.6,67.7,9,5,2,"Sales",92.8
30,14,3.1,2.3,5.6,8.09,1.67,1.41,4,32.4,3.2,5,62.6,2,5,0,"Marketing",100
25,14,11.3,3.5,9.1,11.27,1.82,1.34,5,38.7,3.9,4.7,52.1,5,8,2,"Sales",100
29,14,4.6,1.8,6.1,12.05,1.87,1.43,6,40.7,2.3,3.8,54.1,3,5,1,"Operations",100
32,13,11.6,4,16.8,7.85,1.36,1,3,16.2,4.1,3.6,38.3,3,5,3,"Marketing",95.19
26,17,9.6,4.9,20.7,12.6,1.86,1.5,6,21.6,3.7,3,49,3,4,2,"Technology",97.88
31,17,3.9,2.8,7.4,11.29,1.76,1.36,6,12.6,4,4.7,78.9,3,5,4,"Technology",89.8
33,16,5.5,2.1,8.6,9.85,1.89,1.35,5,53.7,3.3,2.9,66.4,2,6,4,"Finance",82.85
48,12,3.2,1.4,5.5,10.67,1.5,1.19,4,23.7,3.2,3.3,47.8,3,8,3,"Sales",94.18
33,16,7.3,4.4,13.4,9.95,1.64,1.61,5,46.6,3.2,3.7,89.1,3,6,3,"Finance",100
39,18,4.5,2.8,7.3,6.95,1.23,0.86,2,49.6,4.7,2.6,72,1,8,4,"Finance",88.16
27,17,4.2,2.5,9.3,11.62,1.55,1.75,6,50.8,3.3,3.8,61.6,1,5,2,"Sales",100
29,19,5.6,3.6,13.1,14.58,2.15,1.81,6,26.1,4.4,4,43.6,10,7,0,"HR",100
29,18,4.8,2.2,5.9,10.41,1.18,1.19,5,48.7,3,4.4,71.9,3,9,1,"Operations",100
45,17,3.5,1.7,7,11.69,1.53,1.38,5,17.5,3.2,5,66.3,4,5,5,"Marketing",85.22
28,16,5.5,3.4,15.6,9.88,1.83,1.89,6,54,2.4,2.5,67.8,9,8,1,"Marketing",100
32,13,7.4,2.7,13.9,7.55,1.46,1.05,3,62.8,3.7,3,54.2,8,8,1,"Technology",100
43,19,6.1,2.7,9.6,8.3,1.24,0.89,4,10.8,3.3,3.2,59.8,3,4,0,"Marketing",82.07
49,16,6.2,3.4,8.2,6.49,1.13,0.82,4,39.4,3.2,2.2,55,1,7,0,"Operations",93.99
31,16,5.1,2.5,8.1,7.39,1.25,0.96,5,23.9,4.2,3.5,33.6,3,7,3,"Sales",99.15
28,15,4.5,2.9,8.6,9.96,1.69,1.71,6,66.5,4.1,2.6,72.4,6,9,2,"Operations",100
42,18,3.9,3.2,9.3,10.7,1.64,1.32,4,38.4,3,3.5,64.9,4,8,1,"Finance",100
45,16,7.3,3.6,10.3,13.4,2.26,1.82,6,29.7,4,2.3,73.1,4,6,1,"Finance",98.9
38,17,7.6,2.3,9.1,10.58,1.47,1.36,5,33.7,4.3,3.6,68,4,5,1,"Operations",95.97
31,17,3.2,2,5,10.86,1.89,1.66,5,30.6,4.1,2.8,53.4,3,4,3,"HR",94.49
36,15,4.7,2,7.8,10.44,1.27,1.07,4,18,3.8,4.1,45.7,3,3,3,"Finance",91.94
42,17,4.3,2.6,9.9,8.55,1.31,0.92,4,30,3.4,3.3,37.5,4,6,2,"Sales",100
33,20,6.7,3.6,9.2,10.47,1.79,1.35,5,17.4,3.9,3.6,60.1,6,5,4,"HR",87.1
41,15,5.4,2.9,7.6,11.57,1.94,1.82,6,65.3,3.4,4.3,74.5,4,8,3,"Finance",100
26,16,4.1,2.2,7.7,13.33,2.19,2.29,7,23.1,2.3,4.3,58,2,4,5,"Operations",82.95
48,15,9.3,5,9.7,16.43,2.31,1.7,7,16.1,3.2,2.2,68.5,4,5,2,"Operations",100
44,16,8.5,2.9,10.5,8.02,1.34,0.97,4,21.3,3.5,1.8,70.1,4,5,1,"Operations",100
43,12,4,2.2,6.4,12.33,1.88,1.57,6,25.1,2.6,3.2,56.6,2,7,2,"Technology",98.53
35,15,2.6,2.1,5,7.05,1.3,1.01,4,44.4,3.8,3.5,73.5,5,7,2,"Marketing",100
34,13,4.5,2.8,12.2,15.68,1.86,2.36,7,61.2,2.4,4.9,43,2,8,2,"Sales",100
29,13,2.6,1,3.4,13.12,1.88,1.8,6,30,3.2,3.2,48.8,3,6,2,"Technology",88.96
48,17,8.8,5.1,21.9,15.1,1.61,1.67,6,17.8,3.6,3.4,70.6,1,7,0,"Operations",86.38
45,13,5.9,2.3,8.4,7.19,1.34,0.99,4,27.4,3.1,4.3,47.8,7,6,4,"Technology",95.34
34,18,5.7,2.1,6.5,11.04,1.61,1.37,6,30.8,2.5,3.6,65.6,2,9,4,"Operations",89.2
27,19,11.5,4.6,21.1,11.11,1.61,1.2,5,63.1,4.2,4,70.7,2,6,4,"Technology",100
32,19,3.3,1.8,5.3,14.32,2.49,1.55,6,21,4,3.5,73.9,7,8,5,"Sales",88.27
22,17,6.2,3.4,7.2,9.44,1.36,0.97,5,23,3,3.5,57.2,3,7,1,"Marketing",93.16
49,12,5,3.1,8.6,10.6,1.91,1.68,5,28.2,2.7,2.7,48.4,1,6,4,"Marketing",100
32,16,2.5,1,3.8,7.91,1.3,1.38,5,38.3,4.4,5,50.1,3,4,0,"Finance",94.5
28,12,4.7,2.3,8.1,8.14,0.96,1.1,4,15.6,3.4,4.4,74.4,4,5,2,"Technology",72.71
27,12,6.7,2.6,10.8,7.84,1.51,1.15,5,48.3,3.9,3.4,61.1,3,5,4,"Sales",100
34,17,4.1,2.6,10.1,8.35,1.37,1.22,4,17.3,3.7,4.2,59.5,6,4,0,"Sales",87.79
31,17,5.7,2.9,9.2,11.76,1.97,1.7,6,90.4,3.3,4.3,34.4,8,7,2,"Operations",100
40,13,4.4,2.5,6.1,8.92,1.59,1.17,4,48.1,2.8,4.3,56.9,3,5,2,"Marketing",100
34,18,5.9,2.7,12.4,9.02,1.21,1.27,5,42.2,3.6,2.6,45.8,8,8,5,"Technology",100
55,16,3.9,2.7,6.5,8.06,0.98,0.93,4,18.2,3.9,3.6,53,4,7,3,"Technology",82.46
40,18,3.2,1.5,8.2,3.97,0.85,0.55,2,11.9,4.1,4.7,35.7,4,5,5,"HR",82.14
41,16,4.9,1.8,8.2,9.72,1.77,1.23,5,42.3,3.9,4.5,100,2,9,5,"Finance",100
54,13,4.2,3,8.6,16.89,2.59,1.94,8,20.9,4.9,5,50.7,9,3,5,"Sales",100
22,20,3.6,2,7.7,8.67,1.56,1.2,5,40.7,3.1,4.2,42.9,7,7,2,"Marketing",100
41,18,8.7,4.3,13.8,7.53,0.96,0.86,4,27.5,3.9,3.1,58.4,2,9,4,"Technology",100
37,19,6,3.1,11.7,11.95,1.92,1.53,6,36.3,2.9,3.5,28.1,5,5,0,"Operations",100
30,15,5.8,2.6,9.5,19.65,2.87,2.75,8,40.9,3,2.3,85.6,4,8,2,"Operations",100
31,17,6.4,3.3,12.4,7.03,1.07,0.7,3,68.5,4.2,3.4,46.4,0,9,1,"Sales",100
46,15,2.6,1.3,4.1,17.33,2.68,2.39,7,27.1,3.7,3.8,64.4,2,6,5,"Operations",100
28,19,4.5,2.1,6.4,7.7,1.17,0.8,3,39.4,4.7,4.3,42.3,6,7,3,"Sales",100
26,20,6.9,3.3,11.8,11.98,1.52,1.36,5,15.1,1.7,3.5,72.2,6,5,2,"Finance",100
37,17,4.4,2.4,9.9,9.1,1.16,1.24,5,37,3.3,5,77.3,7,8,2,"HR",100
36,16,3.4,1.9,6.1,13.38,1.79,1.74,6,33.1,3.3,3.9,58.3,3,6,0,"Operations",100
41,15,5.5,2.9,7.2,7.63,1.36,0.9,4,50.3,4.2,3.5,41.2,4,7,1,"Operations",100
45,20,5.7,1.8,9.4,10.3,1.98,1.35,5,46.7,2.5,4.2,65.9,6,8,0,"Sales",100
49,15,6.9,2.5,9.7,10.49,1.93,1.22,5,13.9,4.3,3.4,62.1,6,6,4,"Technology",86.1
26,17,5,2,5.6,10.38,1.55,1.42,5,30.3,3.7,2.4,100,4,7,1,"Sales",95.02
28,17,3.8,2.6,9.6,10.8,2.04,1.16,6,51.4,2.3,3.1,51.2,3,5,3,"Technology",100
28,17,2.8,1.9,5.6,9.01,1.39,0.97,5,34.4,3.8,4.5,78.8,4,6,3,"Finance",92.67
35,13,7.3,2.7,11.3,8.31,1.5,1.08,4,71.1,4,3.6,86.8,3,8,4,"Finance",100
46,16,6,2.9,10.8,8.44,1.49,0.97,4,12.6,3.4,5,67.9,5,6,3,"Marketing",80.85
44,17,7,3,8.1,6.98,1.33,1.03,4,14.3,3.9,4.9,55.9,10,3,4,"Marketing",83.76
22,16,3.5,2.2,5.9,8.72,1.29,0.9,4,48.2,4.4,3.6,50.9,5,8,2,"Operations",100
38,14,7.4,2.4,10.5,11.34,1.7,1.28,5,28.8,3.7,2.6,33.6,4,6,0,"HR",98.44
22,17,6.2,2.3,10.7,15.25,2.31,2.16,7,16.6,3.9,3.4,41.4,4,4,3,"Sales",95.56
44,12,6.2,2.9,18.8,9.44,1.41,1.38,4,26.8,3.3,2.8,77.5,1,6,1,"Operations",99.76
47,15,5.6,2.7,9.3,8.12,1.28,1.2,5,51.3,4.5,2.4,67.5,4,6,4,"Operations",100
37,15,11.5,4.3,14.7,6.98,0.95,0.68,3,26.6,3.3,4,25.7,1,5,1,"Technology",97.45
29,18,2.5,1.4,4.3,17.4,1.82,2.54,7,39.8,3,4,47.9,2,8,0,"Technology",100
29,15,4,2.6,10,9.85,1.39,1.11,4,43.7,3.4,4,52.4,3,9,2,"Operations",100
30,17,4.7,2.3,9.5,9.71,1.74,1.08,5,22.4,4.8,4,44.7,4,9,4,"HR",86.87
32,15,5.1,2.9,12.5,6.69,0.99,1.02,4,10.2,3.6,3.9,41.5,3,7,0,"HR",86.66
22,16,4.1,2.1,6.6,7.55,1.16,0.88,3,23.6,4.5,4.4,31.5,8,4,1,"Operations",89.6
29,14,5.5,2.8,9.5,14.86,2.75,2.04,7,38,3,2.9,38.3,6,7,4,"Finance",100
43,14,4.1,2.6,6.5,7.11,1.46,1.03,4,29.5,3.6,4.3,54.8,2,3,4,"Technology",95.88
29,14,5.6,2.5,7.5,13.84,2.01,1.9,6,24.6,1.6,3.2,72.4,1,7,5,"Technology",100
33,18,2.9,1.9,6,13.38,1.92,1.72,5,33.1,3.7,3.3,75.4,10,4,4,"Sales",89.08
43,14,3.9,2.8,9.6,11.37,1.95,1.74,6,40.6,3.9,3.1,77,3,4,4,"Sales",100
48,17,6.3,3.2,8.3,9.08,1.78,1.19,5,46.2,2.9,3.6,52.4,3,7,4,"Finance",100
44,15,16.5,7.3,24.1,15.37,2.02,1.82,6,66.6,4.2,4.4,69.8,3,8,4,"Finance",100
39,15,2.3,1.1,3.9,5.63,1.06,0.81,3,31.9,3.7,4.6,71.8,5,7,4,"Operations",100
26,17,3.7,2.5,7.5,7.13,0.98,0.82,3,54.5,3.6,4.8,60.4,7,8,1,"Finance",100
27,16,6.5,4.2,11,11.04,1.61,1.48,6,25.3,3.7,3.8,41.6,2,5,3,"Sales",100
35,16,5.9,3.6,11.8,13.88,2.18,1.47,5,33.5,5,2.9,80.1,6,7,0,"Operations",100
41,16,4.4,3.2,9.5,9.86,1.66,1.25,4,5,2.6,3.4,63.5,4,6,3,"Sales",72.56
38,17,8.6,3.7,18.1,6.74,0.96,0.87,4,28.7,3.4,4.1,51.4,5,6,3,"Finance",100
34,16,4.6,2.1,5.4,6.88,1.1,0.92,4,18.3,1.9,2.6,58,5,6,0,"Finance",94.33
38,16,6.2,2.8,14.1,8.06,1.47,0.99,3,16.1,3.9,2,73,5,7,1,"Technology",93.4
33,17,3.6,2.6,7.8,14.09,2.19,2.17,8,40.4,2.6,2.4,70.3,3,7,2,"Sales",100
27,18,4,2.8,6.7,17.56,2.05,2.1,7,21.9,3.6,4,37.8,3,6,3,"Sales",100
48,14,3.4,1.7,6.5,8.72,1.34,0.98,4,20.9,4.2,3.6,78.5,6,6,3,"Sales",90.08
34,17,6.3,3.2,12.3,9.64,1.56,1.34,4,43.2,4,3,54.9,5,7,5,"Operations",100
53,14,7.4,2.9,15.4,12.26,1.85,1.16,6,59.1,3.9,4,64.7,3,7,4,"Operations",100
46,16,7.2,2.7,11.2,4.54,0.62,0.48,1,22.8,2.6,3.5,78.6,3,5,0,"Technology",88.62
32,17,6.4,4.4,18,6.71,1.12,0.66,4,78.7,2.8,4.4,35.8,5,4,3,"Sales",100
40,17,8.1,4,16.3,5.83,1.05,0.86,3,36.6,3.6,3.6,80.8,3,8,3,"Sales",100
31,17,5.2,3.3,9.5,18,3.04,2.86,8,26.4,3.2,4.3,68.7,3,7,0,"Finance",99.12
32,18,4.4,2.6,5.6,7.89,1.07,0.7,3,45,1.5,2.4,46,3,6,4,"Operations",98.22
31,17,3.5,1.7,5.4,9.5,1.85,1.6,6,26.3,2.6,3.2,64.2,4,7,1,"Operations",99.37
27,17,4.5,3.2,9.2,11.49,1.66,1.15,5,23,3.8,2.7,71.6,4,7,4,"HR",93
29,13,3.8,1.8,5.8,10.58,1.42,1.2,5,30.3,4.5,3.4,56.6,5,5,1,"Finance",99.27
43,16,10.2,3.8,16,7.12,1.04,0.78,3,63.8,4.3,4.6,87.7,3,6,2,"Sales",100
48,13,9,3.9,14.1,8.56,1.37,1.27,4,51.6,3.6,3.6,72.5,3,7,0,"Sales",100
39,14,6.6,3,12.7,9.61,1.55,0.97,5,21.9,3.4,4.3,54,3,8,0,"Marketing",100
38,17,7.3,4,16.4,9.69,1.6,1.51,6,46.6,2.8,4.4,82.2,4,7,1,"Sales",100
37,16,3.4,2.4,7,8.83,1.72,1.3,4,21,3.2,2.6,75.5,3,8,4,"Operations",88.58
34,17,6.8,3,10.4,10.31,1.47,1.27,5,43.6,3.4,2.6,31.1,8,8,0,"Technology",100
45,16,4.6,2.7,12.6,9.1,1.25,1.21,5,38,4.3,2.6,55.2,4,4,0,"Technology",100
41,15,3.6,2.5,5.2,7.72,1.46,1.11,5,53.1,3,2.6,73,4,8,2,"Operations",100
33,19,6.2,2.5,12,7.21,1.05,1.21,3,50.8,4.3,3.9,48.5,4,4,5,"Operations",100
41,14,9,5.7,14,12.57,2.08,1.29,4,19.6,4.3,3.4,74.5,5,8,5,"HR",96.34
41,13,4.6,2.7,8.7,12.03,1.92,1.68,6,38,3.5,3.1,41.4,5,5,1,"Finance",100
22,18,3.3,2.3,7.3,5.59,1.01,0.76,4,29.4,3.5,4.3,52,2,6,0,"Operations",93.45
30,16,8.2,4.8,16.3,9.99,1.6,1.23,5,37.8,5,2.3,66.8,4,7,5,"HR",100
52,18,4.6,2.8,11.4,12.17,1.91,1.36,5,34.9,2.9,2.8,65.1,4,5,5,"Operations",100
45,19,5.3,2.8,12,11.2,1.78,1.43,6,31.9,3.5,3.1,60.5,1,5,3,"Technology",84.05
42,15,6.9,3.9,12.5,10.75,1.68,1.28,5,9.7,4.3,4,62,4,4,5,"Marketing",95.8
45,13,4.7,2.3,9,14.1,1.98,1.62,6,63.2,3.3,3.4,68.1,3,9,2,"Marketing",100
34,18,3.4,1.4,4.8,13.39,1.94,1.39,6,16.5,3.5,2.8,80.4,4,5,3,"Finance",78.76
46,20,13.9,5.5,23.6,9.68,1.69,1.21,5,14.5,3.1,4.7,40.9,2,8,5,"Finance",100
41,12,6.2,2.7,12.6,16.18,2.63,2.73,8,12.7,3.5,3.7,46.7,1,7,5,"Technology",100
40,16,6.4,2.9,13.7,13.23,1.95,1.72,7,35.9,2.6,5,43.3,6,8,5,"Marketing",100
42,19,5.8,3.4,11.7,9.31,1.36,1.06,4,27.4,3.2,4,38.5,6,6,4,"Technology",86.45
26,16,5.6,4.7,14.3,8.35,1.36,1.28,5,29.7,2.7,4.5,47.8,4,6,4,"Sales",97.02
27,14,4.3,3.1,9.2,16.8,2.69,2.74,6,25.3,3.3,4.4,59.1,5,5,4,"Finance",88.78
43,17,3.6,2,6,7.82,1.13,0.78,4,42.2,4.9,4.7,66.8,3,4,3,"Technology",91.83
50,14,8.8,4.4,12,13.31,1.64,1.33,5,61.8,2.2,3,41.4,2,8,2,"Technology",100
26,17,7.7,4.1,17.8,9.89,1.73,1.4,6,23.1,2.4,3.3,60.5,0,4,3,"HR",93.93
44,17,5.2,2.9,11.5,9.26,1.58,1.03,5,24.6,3.6,2.7,59.8,8,5,3,"Sales",98.49
46,19,5.5,3.7,11.5,12.86,1.88,1.85,7,32.4,2.8,4,68.4,3,7,3,"Technology",100
37,14,6.8,3.2,8,11.3,1.73,1.48,6,42.4,3,4.2,66.7,3,9,0,"Technology",100
42,15,2.8,1.8,6.5,8.5,1.69,1.07,4,100,2.9,3.5,71.1,5,9,3,"Marketing",100
52,17,8.1,2.7,11.9,12.73,1.86,1.63,6,13.8,2.5,4.2,65,2,4,4,"Sales",99.24
40,18,4.2,1.7,7.4,14.86,1.76,1.27,5,24.5,2.7,2.7,59.7,6,4,2,"Finance",97.98
38,16,6.7,2.7,13.4,12.7,1.77,1.43,6,17.2,4.1,3.6,68,2,6,3,"HR",96.21
37,14,2,0.9,3.6,9.44,1.96,1.19,4,25.6,2.3,4.3,65,4,7,5,"Operations",91.19
24,16,6.5,2.7,10,12.05,1.51,1.51,5,43.7,3.7,3.6,67.9,7,9,0,"Technology",100
33,17,4.7,2.3,9.5,10.89,2.17,1.48,6,21.9,4.3,3.7,62.8,4,7,3,"Technology",99.54
37,17,4.9,1.8,8.5,7.63,1.29,0.98,4,28.7,3.9,3.7,71.3,3,8,2,"Technology",91.09
28,19,5.2,2.5,6.8,11.57,2.01,1.25,6,39.3,3.8,2.8,64.4,5,7,2,"Marketing",100
38,16,3.9,2.8,6.9,10.04,1.51,1.05,5,11.3,3.1,4.1,56.2,4,6,5,"Technology",100
41,18,4.5,2.1,5.6,12.35,1.74,1.72,5,25.6,4.1,4.6,56.7,2,5,2,"Technology",100
34,16,8,4.2,14.3,10.48,2.1,1.93,5,17.5,3.8,3.4,77.8,3,7,0,"Finance",95.71
46,20,6.5,2.7,12.6,7.07,1.34,0.94,4,26.1,3.1,3.7,55.8,4,8,4,"HR",97.93
23,19,7.9,3.9,13.2,8.02,1.32,0.93,4,22.9,3.5,3.7,78.4,2,8,3,"Technology",92.02
55,20,7.9,2.7,10.8,11.62,2,1.75,6,41.6,4.1,3,46.9,4,5,0,"Operations",100
34,15,7.8,4,15.8,10.36,1.51,1.34,5,69.9,3,3.6,54.7,3,8,4,"Operations",100
30,17,3.5,2.2,6,6.74,0.95,0.63,3,9.4,4.1,3.6,52.2,8,7,0,"Sales",100
22,15,5.2,2.8,10.7,5.39,0.81,0.69,3,20.6,3.4,3.6,52.5,3,6,0,"Marketing",88.96
40,20,9.9,5.8,15.9,21.59,3.22,2.94,9,30.9,3.7,2.8,57.9,9,7,0,"Finance",100
31,19,3.1,1.5,7.2,6.67,1.46,1.19,4,16.6,3.3,2.3,35.3,4,2,5,"Sales",83.81
36,16,6.1,2.5,12.6,11.11,1.71,1.41,5,36.1,3.9,4.2,47.3,5,4,3,"Technology",100
30,13,4.6,2.4,7.2,12.18,1.94,1.47,6,100,3.1,3.6,72.7,5,9,1,"Sales",100
22,14,5.6,3,11,6.77,1.02,1.08,3,28.6,4.7,4.6,100,1,10,5,"Finance",100
30,12,4.1,2.4,10.1,8.72,1.36,1.36,4,47.8,3.6,2.6,62.5,3,7,2,"Sales",100
40,18,8,4,10.7,6.43,0.92,1.09,4,39.7,4,3.3,51.5,2,9,5,"Operations",100
34,16,6.3,3.7,11.4,9.82,1.28,1.03,5,30.1,2.9,4.9,53.8,4,7,5,"Technology",100
32,16,4,2.9,8.3,8.82,1.87,1.36,5,27.4,4,4.5,48.9,1,5,0,"Operations",100
49,17,5,2.4,5.5,9.28,1.58,1.4,6,20.3,3.5,3.3,65.6,5,4,0,"Operations",92.92
35,18,5,2.5,8.4,7.13,0.96,0.8,3,28.8,3.3,4.8,48.7,5,7,5,"HR",91.02
40,15,3.2,1.3,4.8,11.44,1.65,1.85,6,5.9,3.5,3.9,50.5,1,6,2,"Finance",80.75
33,15,4.8,2.5,8.9,8.52,1.71,1.17,4,34.8,2.9,3.7,66.9,1,4,1,"Marketing",99.12
33,17,4.4,1.9,4.9,8.18,1.35,1.23,4,47.6,3.2,3.5,72.5,4,4,5,"Finance",98.33
33,18,15.5,6.2,14.7,10.23,1.84,1.37,5,33.4,3.5,3.5,52.9,5,7,5,"Technology",100
28,19,4.7,2.4,6.8,7.62,1.61,1.21,5,49.2,4.7,2.3,61.7,3,9,3,"Sales",100
39,15,10.7,5.1,17.3,7.96,1.23,0.93,3,17.6,4.5,2.6,73.7,2,6,2,"Finance",95.35
26,13,2.6,2,6.3,10.49,1.62,1.25,5,5.8,3,3.4,71.1,6,3,4,"Sales",70.61
48,16,13.3,4.9,12.2,7.86,1.31,1.05,3,11,3.4,5,52.4,2,5,1,"Technology",100
24,20,6.8,3.6,15.2,4.58,0.82,0.63,2,22.4,4.8,3.6,74.8,7,8,5,"Finance",96.01
29,13,4.4,3,5.9,11.23,2.12,1.66,6,25.2,3.3,2.7,58.7,1,5,2,"Finance",100
36,16,3.4,2.4,6.9,7.03,1.01,0.76,3,35.9,2.4,4.7,52.2,3,6,3,"Technology",100
38,16,10,4.2,14.1,10.55,1.92,1.85,5,79.1,3.4,3.9,44.1,5,8,2,"Sales",100
26,12,2.9,2.9,5.1,8.65,1.74,1.16,5,27.7,4.1,3.7,66.7,0,2,0,"Marketing",98.08
40,16,5.3,3.9,11.6,13.11,2.01,1.55,7,31,2.2,3,55,1,8,3,"Operations",82.03
22,16,5.6,4.3,10.2,7.27,1.23,0.93,3,21.8,4,3.1,59.3,3,4,5,"Sales",98.34
27,17,9.1,4.2,21.7,11.8,2.17,1.54,6,12.7,3,5,42.9,3,5,4,"Marketing",100
41,15,7.9,4,13.7,15.32,2.04,2.13,7,30.9,3.2,3.4,52.2,4,7,4,"Technology",99.24
29,15,3.7,1.8,5.9,12.62,1.89,1.37,7,54.9,3.9,3.8,55.1,6,7,2,"Marketing",100
24,14,5.1,2.1,7.8,9.28,1.62,1.07,4,71.2,3.9,4.3,62.9,4,6,1,"Operations",100
45,14,8,3.8,13.8,10.16,1.61,1.16,4,6.6,3.1,3.9,67.8,8,7,4,"Finance",100
44,18,5.6,1.9,7.2,12.25,1.78,1.91,6,24.8,3.7,3.7,50.9,3,5,4,"Finance",90.3
27,18,3.3,1.8,6.6,26.43,4.26,3.29,9,30.6,4.6,3.3,44.1,4,7,2,"Sales",100
22,18,6.9,2.6,13.8,7.61,1.62,1.33,5,56.5,4.1,3.8,81.2,5,3,2,"Finance",100
33,18,4.3,2.3,8.9,9.59,1.95,1.24,4,24.5,3,3.7,53.9,3,4,4,"Operations",98.33
45,16,5.1,3.1,12.9,13.89,2.51,2.12,7,23.3,5,3.8,19.8,5,5,4,"Finance",100
38,15,7.5,4.9,12.8,7.23,1.2,0.87,3,20.7,3.4,3.5,69.3,6,6,4,"Technology",95.24
38,16,7.7,3.8,14.5,5.37,0.92,0.91,3,44.8,4.1,2,65.9,7,6,3,"Technology",100
38,19,7.2,3.8,11.3,7.92,1.68,1.07,5,64.8,4.1,3,67.6,0,6,3,"Finance",100
35,16,9.2,5.1,14.9,8.02,1.35,1.05,4,38.4,3.9,3.3,64.9,4,7,3,"Technology",100
38,16,9.9,4.8,16,8.31,1.46,1.17,4,28.8,2.8,3.4,73,1,6,3,"Marketing",100
24,15,7.1,2.8,13.1,4.31,0.77,0.59,2,52.6,3.7,3.5,60.9,4,9,0,"Technology",100
39,16,5.3,3.1,10,6.36,1.36,0.92,3,43.4,4.5,4.9,100,4,4,2,"Finance",100
22,17,5.2,2.1,9.8,18.43,2.98,2.12,7,23.6,3.1,3.8,54,7,5,1,"Finance",97.43
41,15,6.2,2.8,9.4,10.71,1.16,1.39,4,35.6,3,2.6,70.7,4,4,1,"Finance",100
38,15,8.6,4.6,10.9,9.79,1.6,1.27,5,47.8,4,2.5,41.4,3,4,1,"Operations",100
46,19,5.1,4,9.4,15.23,2.18,2.31,7,42.1,3.7,4,58,5,8,5,"Sales",100
27,17,2.8,1.8,5.8,14.91,2.16,1.71,7,21.8,3,3.4,63.8,4,7,2,"Finance",100
39,15,14.3,5.1,18.6,12.43,1.8,1.32,5,41.5,2.8,4,68.9,3,9,4,"Marketing",98.31
43,16,5.1,2.6,8.8,12.19,1.46,1.72,6,21.8,4.1,2,57.2,3,6,0,"Sales",90.05
37,20,7.5,3.6,15.1,8.66,1.8,1.23,4,30.8,3,3.1,67.7,4,2,2,"HR",85.5
37,15,4.7,2.6,10.7,13.28,2,1.57,6,54.8,3.4,4.2,71.8,2,6,4,"Finance",100
29,19,5.2,2.4,6.5,5.66,1.06,0.9,4,25.4,2.7,3.8,62.2,1,5,3,"Technology",94.23
35,13,4.5,2.8,9.2,13.43,2.11,2.24,7,17.7,3.2,4.8,77.3,3,3,1,"Operations",88.66
34,17,4.5,2.9,9.4,9.62,1.56,0.79,4,50,3.1,4.5,27.1,3,8,4,"HR",100
32,15,8.1,4.3,13.2,15.66,2.47,2.45,7,26,4.3,4.2,82.4,3,5,4,"Sales",99.15
36,15,7.7,4.1,14.6,11.92,1.85,1.26,6,25.1,3,3.2,71.6,6,5,3,"Finance",93.06
44,16,2.9,1.6,6.8,11.81,2.24,1.63,6,17.2,2.2,3.3,59.9,4,3,1,"Operations",89.82
32,12,8.4,2.8,12,12.24,2.1,1.63,5,23.8,3.8,2.8,49.9,5,7,5,"Technology",100
38,14,3.8,2.2,7,14.67,2.31,1.98,7,40.1,4.2,3,60.5,3,4,2,"Technology",90.83
40,12,3.1,2.3,5.9,10.73,1.31,1.28,5,76.6,2.3,3.1,92.4,4,9,5,"Marketing",100
31,16,7.1,3.2,11,10.25,2.09,1.72,5,44.1,3,3.7,66.1,4,6,1,"Finance",100
40,16,7,3.9,14.2,6.96,1.34,1.12,3,15.2,4.6,4,59.4,2,7,5,"Operations",93.61
45,15,6.4,2.5,9.1,10.11,1.54,1.45,5,29.5,2.6,3.4,59.5,4,9,5,"Technology",100
41,18,2.7,1.4,5,9.49,1.42,1.25,4,87.8,3.7,3,37.9,7,6,3,"Marketing",100
42,20,5.1,1.9,8.4,9.7,1.49,0.93,4,9.9,3.8,4.1,40.6,4,8,3,"Marketing",100
33,18,3.5,1.7,4.9,13.44,2.07,2.08,7,61.2,2.8,4.5,82.7,2,9,4,"Technology",100
33,20,4.7,2.4,11.7,16.9,3.08,2.19,8,22.2,4,2.4,56.5,12,3,5,"Finance",96.16
25,13,3.9,2.3,7.3,6.73,1.16,1.02,4,26.9,2.8,4.5,32.6,1,3,2,"Technology",83.87
39,16,5.5,2.7,9.4,8.7,1.37,0.98,4,69.7,3.9,3.4,50.1,4,6,1,"Sales",100
42,16,3.6,1.6,6.8,14.31,2.19,2.07,6,36.8,5,4.6,33.8,3,6,3,"Marketing",94.68
34,15,3.5,1.6,6.5,10.12,1.84,1.66,5,50,2.6,2.4,68.3,4,5,4,"Sales",100
45,15,3.3,1.9,5.7,8.65,1.4,1.24,5,21.7,3.7,2.5,43.5,3,5,2,"Operations",89.23
37,20,8,4.2,16.3,10.91,1.98,1.53,7,44.7,3,3.7,45.1,2,8,1,"Finance",100
41,16,5.3,2.6,7.6,13.79,1.79,2.24,6,9.7,3.1,3.7,84.3,2,6,5,"Sales",94.28
34,18,5.4,2.1,7.3,7.31,1.4,1.04,5,49,2.4,4,70.6,5,7,4,"Operations",100
41,19,3.8,2,6.5,15.79,2.59,2.34,7,19.2,3.4,3.2,42.8,6,6,4,"Sales",74.78
35,17,7.9,4.6,14.7,10.03,1.83,1.68,7,9,3,4.2,89.3,3,9,4,"Sales",91.83
51,17,6.4,3.3,14.2,10.4,1.31,1.07,4,27.4,3.5,3.8,63.1,5,7,3,"HR",100
28,16,5.1,2.6,8.9,9.57,1.65,1.24,4,27.3,4,3.4,33.1,5,7,3,"Marketing",100
36,12,4.8,2.7,12.1,13.26,1.82,1.6,6,55.6,4,3.7,43.5,2,7,0,"Marketing",100
40,17,4.8,2.7,9.2,13.1,1.8,1.94,7,36.8,3.4,3.7,70.8,4,8,4,"Sales",98.5
34,18,3.4,2.3,6.4,5.67,0.98,0.7,1,43,3.5,3.1,49,6,5,0,"Sales",97.29
40,16,6,2.3,5.6,6.88,1.24,0.85,3,19,1.7,4,57.8,3,4,4,"Marketing",81.64
39,16,7.1,2.8,14.4,5.57,1.02,0.78,3,11.1,3.9,2.3,41.5,4,6,2,"Sales",91.96
41,15,5.1,3,8.7,8.08,1.5,1.41,5,37.8,2.9,2.5,45.9,6,10,4,"Finance",100
43,16,6.8,3,12.6,7.84,1.38,0.93,4,38.5,4.1,3.8,53.1,3,8,3,"Sales",100
34,18,3.9,2.3,7.3,14.17,2.37,1.9,6,40.1,4.4,2.9,80.8,3,6,2,"HR",100
54,16,8.2,3.6,12.4,15.77,2.92,2.17,7,32.8,3.5,3.8,57.9,4,5,2,"Finance",99.58
37,12,7.8,4.9,22.1,21.42,2.54,1.95,7,9.1,4,2.8,63.9,6,5,5,"Technology",88.23
39,18,3.9,1.7,6.4,6.41,0.95,0.87,3,35.4,2.9,3.7,59.1,4,8,2,"Technology",92.02
33,15,6.4,2.8,11,10.41,1.53,1.69,5,25.5,3.2,2.5,48.7,5,6,4,"Finance",88.14
22,16,9.8,6.2,18.1,4.83,0.99,0.83,4,29.2,2.3,3.7,59,1,6,5,"HR",98.26
22,20,12.2,5.3,18.5,13.64,2.14,1.73,6,19.7,2.3,2.8,65.9,2,9,5,"Operations",100
45,15,6.6,4.1,10.8,12.64,2.41,1.71,7,26.3,3.5,4.2,65.9,6,6,3,"Sales",97.32
43,14,4.5,2.7,8,11.49,1.65,1.53,5,48.8,2.4,4.1,72,5,6,5,"Sales",100
47,15,5,2.4,5.6,8.76,1.51,1.35,6,16.2,4.5,4.4,37.1,4,9,4,"Finance",100
40,17,7.7,3.1,13.3,12.81,1.57,1.53,5,64.5,3.4,3.9,72.2,6,8,4,"Operations",100
38,16,6.6,3,12.6,7.31,1.36,1.12,4,39.7,4.5,4.1,58,3,7,4,"Finance",100
35,12,6.8,3.6,16.2,9.12,1.91,1.28,5,40.5,2.8,2.6,51.3,2,6,4,"Sales",93.42
28,14,5,2.5,7,16.79,2.95,2.39,7,43.5,1.9,3.6,80.2,3,6,0,"Finance",100
31,16,4.8,2.1,9.6,6.2,1.21,0.92,4,18.9,3.2,3.5,69.2,4,6,3,"Operations",83.04
39,17,5.8,3,14.2,14.36,2.18,1.89,6,34.3,3.7,4.2,57.2,3,5,4,"Sales",98.18
34,19,4.4,2.5,9.9,6.72,1.12,0.94,4,35.9,3.5,3.1,55.9,2,6,0,"Operations",100
26,16,7.9,4.6,15.2,9.19,1.69,1.3,5,55.2,4.3,2.3,76.2,2,5,4,"Marketing",100
25,17,4.1,2.3,7.8,9.63,1.47,1.58,6,17.9,3.6,2.9,75.8,2,8,3,"HR",73.08
39,18,5,2.3,7,10.7,1.86,1.72,6,27.3,3.2,2.5,65.5,4,6,0,"Finance",94.68
25,17,3.8,2.4,6.5,8.65,1.5,1.05,4,16.9,3.7,4.7,45.4,3,8,3,"Finance",100
31,18,4.1,1.7,6.1,13.83,2.75,2.01,6,16.1,2.7,3.2,68.9,5,6,2,"Sales",94.1
38,15,3.3,2.5,9.5,10.09,1.39,1.26,5,16,3.3,4,79.6,4,9,1,"Operations",90.34
35,13,4.3,3.1,6.2,7.24,1.17,0.7,3,32.5,1.7,3.1,58.9,3,6,0,"Technology",93.27
44,17,5,2.5,9,6.42,1.23,0.77,3,37.8,5,4,73.9,5,5,4,"Operations",96.83
46,18,5.7,1.8,5.8,18.95,3.1,2.19,8,43.2,2.1,4.2,40.5,3,8,2,"Finance",100
47,17,5.8,2.8,10.4,10.22,1.55,1.48,5,33.8,4.2,4.6,64.8,3,4,2,"Operations",100
37,17,8.3,2.8,15.1,12.75,1.96,1.79,5,44.3,4.8,4.8,74.9,5,8,2,"Technology",100
41,20,14.1,6,17.4,17.9,3.46,3.17,8,38.4,3.6,4.2,53.9,6,7,5,"Operations",100
41,16,5.6,2.9,8.8,9.33,1.37,1.06,4,27.8,2.7,4.1,60.5,3,7,5,"Marketing",99.42
34,20,6.3,3.2,8.7,11.83,1.61,1.34,5,48.1,3,2.3,41.2,4,7,2,"Operations",100
38,17,7,3.3,11,13.39,2.04,1.57,6,53.6,4.2,3.1,53.9,4,6,2,"Finance",100
22,17,11.7,4.2,14.6,7.68,1.22,0.74,3,25.8,4.2,3.7,41.2,5,5,3,"Sales",97.24
30,20,3.3,1.7,4.3,7.48,1.08,1.18,3,32.2,4,3.3,66.2,4,4,1,"Finance",91.34
30,18,5.1,2.2,6.4,14.28,2.79,2.31,8,24.8,3.8,4.6,64.3,1,8,1,"Marketing",99.2
32,15,5,2.2,8.1,7.22,1.49,0.95,4,37.9,4.2,3.6,79.3,5,4,0,"Sales",100
31,14,7.9,3.8,11.1,13.55,1.97,1.68,6,5.9,3.2,3,41.5,6,7,1,"Technology",89.24
36,16,7,3.4,12.1,6.31,1.2,0.96,3,28.6,3.7,3.3,57.3,2,9,1,"Marketing",100
36,14,6.8,3.6,13.2,14.92,1.83,1.51,6,69.4,2.9,4.2,52.6,5,8,1,"Technology",100
39,17,12.7,5.6,22,12.65,1.81,1.3,6,40.4,3.6,3.7,72.6,2,9,2,"Marketing",100
35,16,9.6,4.3,16.2,24.48,2.86,2.49,8,15.5,3.7,4.2,28.6,4,3,2,"Technology",99.13
52,13,7.3,3.5,12,15.93,3.06,2.22,7,14.7,3.4,3,52.5,6,4,1,"Marketing",80.4
37,15,6.1,2.8,8.9,12.36,2,2.32,6,47.4,3,2.8,72.9,4,6,3,"Finance",100
41,18,6.5,2.8,9.4,13.77,2.18,2.12,5,20.7,3.5,2.1,51.3,3,3,2,"Marketing",85.65
42,16,5.8,4.7,12.8,9.95,1.76,1.21,5,33,3.3,3.3,60.3,6,7,5,"Technology",92.06
39,17,7.7,3.1,11.1,12.73,1.95,1.83,6,21.4,5,3.9,31.7,6,7,3,"Finance",93.49
32,20,3.4,1.6,4.8,6.01,1.01,0.95,3,32.9,3.9,2.9,52.6,7,4,4,"Operations",90.18
28,12,3.9,1.9,5.7,6.16,1,0.77,3,35.9,2.6,3.5,29.3,6,6,0,"Sales",100
43,17,4.3,1.9,7.6,15.13,2.48,1.77,8,29,2.5,2.4,29.5,1,8,1,"Marketing",90.56
36,19,7.6,3.6,18.1,8.18,1.71,1.12,4,9.3,4.2,3.1,62.3,5,5,4,"Operations",99.22
34,17,7.4,3.5,15.8,7.7,1.45,0.76,3,31,2.9,3.4,47.7,3,5,4,"Sales",90.92
32,18,3.4,1.6,7,14.57,2.05,1.58,7,51.2,2.9,2.6,59,4,7,3,"Operations",100
36,15,3.7,2.4,8.9,11.61,1.81,1.39,6,30,4.7,3.1,39.9,4,8,4,"Sales",100
29,16,7,4,8.7,16.6,2.36,2.19,7,46.3,2.2,4,67.6,3,6,3,"HR",100
44,16,8.5,5.4,15.3,9.5,1.39,0.93,5,25.2,3.1,4.3,56.7,6,5,4,"Marketing",100
43,14,3.7,1.8,4.5,12.13,1.92,1.76,6,53,3.4,3.2,40.6,5,10,2,"Technology",100
42,16,3.6,1.3,4.9,12.22,1.74,1.49,5,42.6,2.9,2.8,59.8,1,8,2,"Finance",91.81
32,15,11.9,5.4,18.6,11.03,1.53,1.27,6,18,3.6,3.2,85.8,6,5,3,"Marketing",100
35,15,6.1,3.2,8.3,6.82,1.38,0.84,4,50.4,3.9,3.8,71.1,3,7,3,"Finance",100
33,12,5.5,2.2,11.8,7.31,1.46,1.14,4,18,3.8,3.2,75,7,4,2,"Sales",81.21
31,15,7.7,3.1,9.8,6.16,1,0.94,3,25.1,4.6,4.1,62.5,4,7,1,"Finance",100
35,17,15.8,6.7,30.6,23.52,3.8,3.43,9,51.3,2.6,3.6,49.5,4,8,1,"Finance",100
33,12,7.1,3.9,16.5,6.33,1.33,0.7,3,36.8,2.8,3.1,86.5,4,5,3,"Finance",99.44
30,15,7.4,3.7,10.5,7.88,1.12,0.87,3,24.4,5,3.3,51.8,7,5,2,"Marketing",100
30,19,8.1,3,13.9,12.02,1.35,1.22,5,41.5,4.2,3.4,67.6,6,7,3,"Technology",100
48,17,4.2,2,7.9,8.48,1.43,0.84,4,15.4,2.1,4.2,38,5,7,2,"Sales",87.78
30,14,4,1.7,5,16.08,1.85,1.89,6,33.1,2.1,4.1,76.4,5,9,3,"Sales",95.88
24,15,5.6,2.8,13.6,9.54,1.8,1.65,6,48.2,2.4,3.8,70.5,4,8,1,"Marketing",100
41,18,4.6,2.5,6.4,11.11,2.03,1.61,6,16.4,3.8,3,65.3,7,8,3,"Sales",98.98
30,17,7.3,4.1,10,9.69,1.79,1.37,5,51,2.9,2.9,45.2,3,7,1,"Finance",100
35,14,3.8,2.3,7.5,12.19,1.63,1.43,6,61.1,2,3.2,59.8,10,8,4,"Marketing",100
43,18,4.3,1.9,8.4,8.47,1.52,1.22,5,27.1,3.8,4,47.5,6,4,3,"Sales",89.61
25,19,7,3,12.6,16.87,2.25,1.78,7,43.1,3.2,3.3,69.1,2,3,2,"HR",100
26,19,3.5,2,6.2,7.37,1.28,0.97,3,22.1,4,3.7,48,4,8,0,"Marketing",99.54
27,17,6.2,3.9,16.3,10.2,1.49,1.49,6,37.3,3.5,3.3,78.2,8,5,3,"Finance",100
25,18,5.4,2.9,13.5,7.61,1.45,1.06,4,10.3,3.9,3.5,59.9,2,5,3,"Sales",83.38
43,19,2.9,1.6,4.8,11.27,1.88,1.49,5,25.1,4.1,2.9,43.2,6,4,3,"Marketing",100
30,17,4.2,2.5,6.5,5.57,1,0.61,2,42.4,2.8,3.7,51.3,1,8,1,"Technology",97.4
48,17,5.5,3.6,12.9,8.99,1.45,1.13,5,28.8,3.5,3.9,60.9,4,5,4,"Sales",100
27,19,6.5,2.9,11.8,14.51,2.12,2.14,6,58.6,3.7,2.8,46.5,7,10,5,"Marketing",100
28,19,5.8,3.1,11.9,10.51,1.59,1.19,5,34.2,4.1,4.6,46.7,3,4,3,"Operations",91.05
49,14,7.6,3.8,15.6,10.24,1.49,1.06,4,15.9,3.1,4.3,60.1,4,7,5,"HR",80.66
48,19,4.2,2.4,7.2,12.76,2.14,1.66,7,7.6,4.4,3.3,40.9,4,5,4,"Operations",94.86
22,13,6.1,3.8,13.1,14.21,2.22,1.68,7,25.9,3.6,3.2,40.3,3,4,4,"Operations",100
37,16,4.2,2.2,5.2,8.59,1.26,1.28,4,16.2,2.7,3.5,41.6,2,5,4,"Sales",84.83
28,16,3.7,2.5,9,6.94,1.2,0.74,3,22.9,5,2.4,76.9,4,7,3,"Technology",90.99
38,13,12.6,3.8,19,10.47,1.64,1.28,6,41.5,4.2,3.2,72.8,7,7,0,"Technology",100
38,16,7,4.1,14.7,14.38,2.27,2.06,5,47.6,4,3.4,74.1,3,8,5,"Operations",100
38,18,8.4,2.9,12.3,8.89,1.46,1.3,5,40.7,4.3,2.2,48.2,2,6,3,"Sales",99.14
22,16,5.1,2.8,17.3,13.18,1.85,1.93,6,41.8,4,2.4,67.8,4,9,3,"Sales",100
45,17,6,3.9,15.3,6.92,1.36,0.94,4,8.8,3.3,4.1,58.3,2,8,4,"Finance",88.54
29,17,3.5,2.1,6.1,8.13,1.06,0.9,4,39.2,3.9,3.2,65.8,8,4,5,"Finance",96.88
34,19,4.8,1.7,6,5.64,0.81,0.67,2,32,3,4.4,26.5,9,5,5,"Operations",97.32
39,15,6,2.9,9.8,17.44,2.23,2.44,7,24.4,3.3,3.4,60.1,2,6,5,"Finance",100
35,16,2.5,1.2,3.4,6.9,1.23,0.97,4,57.9,3.2,4.4,56.8,5,8,4,"Marketing",100
39,18,7.2,2.9,13.5,7.62,1.32,0.87,3,23,4.4,4,59.7,5,7,4,"Operations",92.23
41,20,2.4,1.5,6.3,9.02,1.34,0.98,3,27.9,3,3.3,25.2,3,7,4,"Operations",97.28
33,15,9.3,2.9,10.4,12.7,2.14,1.67,6,23.3,3.5,2.6,84,4,8,0,"Finance",92.87
32,15,2.9,1.5,4.3,10.66,1.54,1.31,4,17.1,3.4,2.4,69.8,3,5,1,"Technology",87.86
31,15,6.8,2.5,10.7,9.59,1.48,1.19,4,21.3,5,3.9,59.3,2,6,4,"Sales",97.79
45,16,3.7,1.6,5.1,10.18,2.05,1.56,6,54.8,4.9,4.1,67.1,4,7,3,"Operations",100
50,16,6.8,2.3,10.9,9.88,1.46,0.97,4,10.4,4,2.2,46.2,5,9,3,"Sales",91.85
22,17,3,2,6.7,11.38,1.98,1.67,6,37.2,2.8,2.8,62.1,6,4,3,"Operations",100
25,18,6,3.3,8.8,9.19,1.45,1.32,5,30.6,2.1,2.3,60,6,7,5,"Sales",88.17
29,15,6,2.5,12.7,11.94,2.02,1.64,7,15.4,3.7,3.1,59.1,3,7,2,"Sales",97.19
45,16,13.7,6.6,29.4,6.63,1.1,0.78,3,34.2,2.7,3.5,69.1,7,9,3,"Marketing",96.86
27,14,5.1,3,10,7.88,1.45,1.04,4,31.3,4.4,2.2,65.9,4,6,1,"Operations",100
41,20,3.9,2.6,6.6,15.95,2.11,2.01,6,31,3.3,4.1,61.9,5,5,2,"Sales",100
29,17,8.9,5.3,17.1,19.09,3.25,2.44,8,82.1,3,4,60,3,10,3,"Sales",100
44,14,4.5,3.4,8.5,7.73,1.1,0.91,4,28.2,4,3.5,50.9,2,4,4,"Finance",99.33
34,16,5.3,2.2,7,14.3,2.23,2.13,7,31.1,3.3,3.8,50.9,3,5,2,"Marketing",85.71
32,16,4,2.1,7.6,22.09,2.98,3.38,9,31.2,3.8,3.7,65.9,3,9,5,"Marketing",100
36,18,3.3,2.1,5.1,5.98,1,0.85,3,31.6,4.5,3.2,23.8,7,3,2,"Sales",79.31
43,20,8.4,3.5,18.2,9.06,1.17,1.01,4,62.8,3.6,2.9,64.5,4,9,4,"Technology",100
44,17,9.5,4.4,20.2,9.05,1.68,1.3,4,57.3,3.6,2.6,44.3,2,5,1,"Marketing",100
35,12,3.9,2.4,5.5,15.69,2.26,2.3,7,40.8,4.3,2.6,61.6,2,5,2,"Sales",92.13
45,17,10.5,5.5,15,8.73,1.71,1.21,5,28.3,4.4,4.4,58.5,3,6,5,"HR",100
41,15,4.3,1.8,4.7,10.76,1.36,1.1,4,32.1,3.2,3.6,58.6,4,7,2,"Marketing",99.67
44,17,8.7,4.3,16.7,15.47,2.34,2.06,6,33,3.2,3.9,63.8,3,5,3,"Technology",100
46,18,2.8,2,5.8,6.39,1.01,0.84,3,38.6,1.4,4.9,51.7,4,8,3,"Sales",100
44,16,3.8,2,7.7,9.72,1.59,1.44,5,46.2,2.4,2.3,61.7,2,7,3,"Marketing",91.35
43,20,3.9,2.1,7.2,11.07,1.9,1.08,5,48.7,4.7,4.4,61.4,2,10,3,"Technology",100
26,16,3.2,2.2,5,14.4,2.23,2.23,7,73.4,4.2,5,72.1,1,8,4,"Sales",100
51,16,4.1,2,7.3,9.28,1.72,1.31,5,13.4,4.5,4.2,57.1,5,7,1,"Marketing",90.5
22,20,5,2.7,7.9,9.22,1.48,1.13,5,50.5,2.5,4.7,66.6,3,6,4,"Finance",100
32,18,3.5,1.6,5.8,12.01,1.54,1.27,5,21.2,5,3.3,65.5,5,3,0,"Sales",82.51
36,16,4.5,1.5,8.9,10.72,1.5,1.48,5,20.2,4.2,4.2,48,5,4,5,"Technology",100
22,17,6.1,2.4,10.4,14.62,2.53,1.87,6,43.7,2.9,2.9,51.6,6,7,5,"Sales",100
29,15,5.9,3.3,12.3,11.77,1.73,1.57,6,11.2,2.6,2.9,79.8,1,4,4,"Operations",93.31
31,19,9.3,4.6,15.3,8.52,1.51,1.01,4,13.4,4.9,4.4,71.4,3,6,3,"Technology",100
36,17,4.3,1.9,5.4,6.08,1.15,0.66,3,27.8,4.1,3.4,37.2,4,7,2,"Technology",94.81
44,14,20.4,9.8,37.5,9.68,1.48,1.42,5,38.9,3.9,2.8,81.9,4,8,2,"Finance",100
42,14,9.4,4.5,17.5,11.27,1.52,1.49,5,26.8,2.2,3.9,56.2,5,6,5,"Marketing",100
32,16,5.9,2.4,11.5,8.03,0.95,0.71,4,17.9,3.6,3.7,48.7,5,5,3,"HR",82.09
36,16,9.5,3.1,15.1,9.59,1.7,1.16,5,43.6,3.7,4.1,71.9,1,7,4,"Sales",100
45,19,6.4,2.2,6.1,8.64,1.43,0.91,5,13.3,4.2,3.4,52.8,3,7,4,"Sales",91.57
38,17,3.7,1.6,7,17.6,2.15,1.88,6,20,3.6,5,58.2,2,5,2,"Technology",100
44,12,6.6,2.6,7.9,9.31,1.89,1.62,5,38.9,4.1,3.7,88.1,6,5,1,"Technology",100
29,12,7.8,3.9,13,11.95,1.88,1.86,6,25.2,1.6,3.7,65.9,5,5,3,"Technology",99.3
46,12,8.6,3.1,14,15.41,2.48,2.53,7,26,4.1,3.2,60.9,3,6,4,"Operations",99.89
22,17,5.4,2.3,10.1,15.26,1.89,1.84,8,23.3,3.3,3,80.4,2,6,3,"Operations",98.65
39,14,4.4,2.7,7,4.49,1.01,0.75,3,33.5,2.9,3.4,48.9,2,5,3,"Operations",89.52
22,17,4.7,3.6,9.8,10.27,1.6,1.31,5,15.6,4.1,2.9,71.2,0,5,0,"Technology",96.42
43,15,4.4,1.5,7.8,7.12,1.44,0.96,4,18.4,4.1,2.8,72.9,2,6,1,"Sales",95.66
34,18,3.5,1.6,4.8,12.13,1.67,1.58,6,41.2,3.6,4.9,48.4,4,6,1,"Sales",100
23,18,9.6,4.9,18.1,16.91,2.58,2.25,8,57.4,3.4,2.1,77.7,4,4,4,"HR",100
26,20,7.9,2.6,14,8.89,1.2,1.09,5,15.9,2.7,3.3,51.6,2,7,2,"Sales",100
49,19,5.1,2.9,9.5,12.47,1.57,1.31,6,46.1,4,3,20.2,3,7,3,"Technology",100
37,16,5.9,3.4,8.2,11.47,1.95,1.57,6,21.1,4.6,5,47.7,5,7,3,"Sales",100
42,17,7.2,3.9,11.7,11.52,1.62,1.38,5,23.3,4.1,3.2,82.2,6,4,3,"Technology",98.26
34,16,5.8,3.3,12.3,8.73,1.29,1.19,5,46.4,3.3,4.1,49,3,8,3,"Sales",100
44,17,7.8,3.9,11.9,11.11,1.86,1.58,5,27,3.7,2.9,60.9,5,7,4,"Operations",94.51
32,18,12.5,6.7,22.7,7.18,1.46,1.17,4,35.4,3.3,3.6,61.1,6,6,5,"HR",100
36,16,7.5,4.3,14.4,7.46,0.96,0.77,3,42.3,3.2,3.3,47.1,2,10,2,"Finance",100
43,18,6,2.9,8,6.72,1.24,0.89,3,33.5,2.5,3.4,56.9,8,9,3,"Marketing",99.03
34,20,8.4,4.5,13.3,12.85,1.93,1.51,7,36.1,3.4,2.7,78.8,4,10,1,"Sales",100
36,16,4.4,2.3,9.9,11.33,1.7,1.55,5,50.6,3.1,3.2,62.9,5,6,2,"Technology",100
49,14,6,2.2,8.3,7.9,1.53,1.25,4,23.8,3.7,4.1,73.5,3,8,3,"Marketing",88.19
22,13,8.3,3.3,10.4,11.89,1.96,1.35,5,34.1,4,4.4,50.1,4,6,1,"Operations",98.49
39,15,5.1,2.7,7.3,12.34,1.62,1.29,5,23.8,3.7,3.7,70.4,2,5,4,"Sales",97.97
40,15,4,2.7,6.6,16.99,2.47,1.87,7,65.5,3.5,3.7,77.6,4,8,2,"Technology",89.48
34,17,9.3,4.1,17.7,15.16,1.97,1.23,6,53.9,2.9,3.7,95.4,7,11,3,"Marketing",100
30,18,7.4,2.9,15.2,18.4,2.75,2.68,8,36.5,4.3,3.9,45.1,6,6,2,"Sales",100
49,19,5,2.2,6.8,11.56,2.13,1.86,6,18.8,4.5,2.5,52.2,6,6,2,"Operations",82.63
55,19,7,4.1,10.1,14.72,2.82,1.95,7,21.5,4.5,4.5,69,5,7,1,"Technology",100
39,15,11,5.6,20.5,9.69,1.35,1.32,5,35.3,2.8,4,30.3,1,7,3,"Operations",100
37,18,8.1,3.9,15,6.79,1.15,0.82,2,38.9,4.2,2.9,61.5,1,5,3,"Sales",100
29,17,2.2,1.3,4.4,5.88,0.84,0.81,3,29.7,3.1,4.7,75.7,2,5,0,"Operations",91.06
31,18,4.9,3.4,11.5,16.15,2.64,1.96,6,28.8,3.1,4.4,67,2,9,3,"Technology",100
37,17,6.6,2.5,13.3,17.71,2.25,2.18,7,26.6,3.8,4,67,4,5,5,"Marketing",100
30,16,3.5,2.7,8.3,12.38,1.7,1.33,5,11.6,4.4,1.6,68.8,4,3,4,"Sales",80.19
52,17,3.9,2.1,6.5,7.93,1.3,0.9,5,30.2,3.6,3.1,54.9,7,7,2,"Finance",100
49,14,4.6,2.9,11.7,10.56,1.37,1.33,5,32.9,2.5,1.8,74.1,5,6,0,"Technology",98.05
40,18,8,4.1,13.7,12.1,1.74,1.96,6,69.3,3.9,3.1,56.1,2,6,5,"Finance",100
43,16,4.2,1.9,8.2,9.62,1.43,1.17,4,11.8,3.1,3.1,65.9,4,4,2,"Finance",77.04
45,17,6.4,2.5,10.1,7.73,1.19,0.83,4,27.7,3.4,4.1,92.9,5,6,2,"Marketing",96.55
31,16,4.3,2.5,5.9,7.12,1.31,1.28,3,24.4,3.2,3.6,69.2,5,8,1,"Operations",94.12
43,15,3.5,3.5,11.3,12.6,1.92,1.24,6,29.7,3.2,3.6,64.1,4,5,1,"Technology",100
47,18,9.7,4.1,20.1,7,1.18,0.87,3,15.8,3.4,4,60.9,3,8,4,"HR",97.56
42,15,6.4,2.7,8.5,6.91,1.58,1.53,3,36.5,3.7,3.2,55.9,2,6,1,"Technology",90.01
44,18,3.5,2.3,5.8,8.16,1.36,0.97,4,62.1,4.3,3.2,52.7,3,7,5,"Operations",100
34,16,4.4,2.4,8.2,10.2,1.76,0.96,4,57.1,4.3,2.8,47.8,6,6,3,"Technology",100
23,15,3.4,2.1,5.1,14.73,2.39,2.15,6,62.6,2.5,3.2,57.4,1,7,0,"Technology",100
45,13,5.7,2.3,8.7,8.18,1.64,1.02,4,19.7,3.2,4,58.7,6,7,1,"Technology",90.88
37,16,4.4,2.1,8.7,8.84,1.51,1.16,4,36,4.9,3.1,83.2,1,7,2,"Sales",100
32,13,5.4,2,5.7,10.35,1.51,1.04,5,42,3.9,4.9,62.7,5,8,3,"Technology",100
22,16,7.2,4.3,20.9,9.6,1.97,1.33,5,15,3.2,3.1,51.1,4,6,0,"Technology",99.49
43,16,2.4,1.3,4.3,6.67,1.3,0.83,4,34.2,3.7,2.5,55.6,5,9,2,"Marketing",96.07
44,12,16.1,5.1,17.8,12.39,2.28,1.8,6,21.5,3,3.6,71.1,6,6,1,"Technology",100
41,19,5.9,4.4,15.5,10.35,1.91,1.28,5,12.2,3,3.7,58.2,4,5,4,"Marketing",88.05
29,17,6.2,3.4,14,9.67,1.47,1.17,5,17,3.7,3,48,4,5,4,"Technology",81.24
34,17,6,3.2,11.2,10.07,1.77,1.56,5,50.7,2.5,4,61.1,2,7,2,"Technology",100
34,16,4.2,3.4,10.5,10.98,1.9,1.57,6,33.8,2.8,4.7,60,8,5,4,"Operations",98.23
27,16,6.2,3.6,13.5,7.42,1.23,0.96,4,22.4,2.3,4.5,54.6,3,2,0,"HR",88.27
52,13,8.1,3.9,20.7,10.9,1.69,1.72,5,24.8,4,3.9,60.8,3,6,2,"Finance",86.1
36,17,6.3,3.5,9.7,11.67,2.21,1.22,4,25.9,4.9,3.1,60.9,6,7,4,"Sales",97.6
39,15,5.1,2.3,6.7,10.95,1.67,1.72,5,9.9,2.6,3.9,81.6,2,6,4,"HR",93.15
27,17,5.6,2.3,10.4,7.96,1.11,1.13,4,36.9,3.5,4.3,59.3,5,6,4,"Technology",94.63
37,18,7.7,3.1,11.8,12.19,1.58,1.47,5,14.8,3.3,2.5,73.8,3,6,3,"Sales",100
38,17,4.9,2.8,9.1,13.04,2.11,1.87,6,29,3.3,3.4,68.8,4,5,4,"Technology",100
44,17,5.4,2,9,6.67,0.84,0.77,3,22,3.1,4.5,54.7,4,5,1,"Operations",84.83
45,18,3.5,1.3,5.2,6.92,1.17,1.11,5,21.4,2.7,3.7,76.4,2,7,3,"Technology",77.27
54,16,5.1,3,7.9,6.51,0.94,0.84,3,49,3.7,3.7,69.7,5,9,5,"Operations",100
30,19,6.7,3.1,10.6,7.27,1.18,1.05,3,40.5,2.4,4.6,57.4,5,8,5,"Technology",95.52
50,15,8,3.8,9.6,7.5,1.3,0.93,3,32.9,3.7,3.9,39.9,3,5,3,"Finance",100
26,15,7.1,3.3,12.9,8.46,1.48,1.22,5,45,3.7,3.4,66.8,3,6,3,"HR",100
45,17,8,3.7,14,8.97,1.38,1.07,4,29.3,3.6,3.6,70.8,1,8,5,"Technology",100
39,17,3.2,1.9,6,11.89,2.03,1.47,5,17.2,3.3,3.9,65.2,4,4,4,"Sales",91.62
32,18,10.2,2.5,12.1,8.27,1.3,1.18,4,28.2,3.6,3.6,61.7,3,9,3,"Technology",100
56,19,5.6,2.7,8.9,10.46,1.75,1.39,4,5.8,4.1,3.8,57.8,3,4,1,"Sales",74.92
28,16,3.9,1.5,4,8.64,1.75,1.05,5,26.5,4,4,64.2,5,8,0,"HR",90.91
51,19,6.2,3.5,9.1,5.72,1.06,0.81,4,37.2,4.1,4,78,1,6,0,"Operations",89.84
38,18,5.9,2.4,8.4,15.59,2.5,2.9,7,24.3,3.8,4.2,58.1,4,7,5,"Operations",100
37,19,7,4,9.9,14.32,1.89,1.53,6,36.6,2.9,2.9,77.6,3,8,2,"Technology",96.73
33,20,4.6,2.7,7.3,8.73,1.41,1,5,52.5,4.1,3.1,57.7,9,8,1,"Marketing",100
35,16,5.6,2.5,7.3,4.69,0.88,0.72,3,21.7,3.1,3.7,61.7,4,5,1,"Finance",100
42,18,5.2,3,8.8,14.75,2.14,1.65,5,31.7,4.2,4.3,44.6,3,9,3,"Finance",100
32,17,6.4,3.9,10.1,15.36,1.96,1.73,6,29,4.1,4.1,51.2,3,7,2,"Technology",100
30,16,3.7,2.5,11.3,12.4,1.87,1.67,6,25.6,3.8,3.1,80.5,2,6,4,"Operations",94.65
33,17,3.8,3.1,9.3,7.75,1.37,1.16,4,26.7,3.9,3.5,68.1,10,9,2,"Sales",88.17
43,17,4,2.8,8.5,9.26,1.61,1.21,5,46.9,3.3,4.6,39.8,7,6,3,"Technology",100
38,14,8.1,4,7.8,8.64,1.39,0.88,5,20.6,3.8,2.8,53,6,7,2,"Sales",100
30,15,4.8,2.7,6.8,7.12,1,0.82,3,17.5,3.6,3.7,60.2,1,4,3,"Marketing",93.98
35,14,7,3.7,9.7,9.55,1.3,1.3,5,32.7,2.7,2.7,47.4,3,6,2,"Technology",96.43
30,19,4,1.8,6.4,9.24,1.7,1.39,6,17.3,4.3,3.3,64.2,5,4,5,"Sales",99.96
51,12,8.8,5.5,18.3,8.09,1.34,1.33,4,19,4.5,2.4,75.4,3,6,5,"Sales",91.13
51,20,5.6,4.1,9.2,6.98,1.32,0.85,4,21.1,4.5,2,64.1,3,5,2,"Finance",92.16
33,14,3.4,2.5,6.7,9.61,1.6,1.26,5,37.5,4.3,3.7,85.6,5,5,2,"Sales",98.92
37,15,5.2,2.7,9.5,19.61,2.39,2.32,6,17.8,3,3.8,46.3,8,8,1,"Technology",100
46,16,11.8,5.1,21.8,11.23,2.15,1.3,5,32.8,4.6,3.6,83.9,7,6,0,"Operations",100
33,17,4.5,2.1,6.9,10.98,1.73,1.53,6,9.9,3.1,3.1,47.6,6,7,3,"Finance",99.29
38,18,6.5,2.3,9.5,7.86,1.58,0.87,3,38.7,4,3,65.5,6,6,3,"Operations",100
34,16,5.2,1.8,8.4,9.03,1.19,1.02,3,12.4,5,2.9,43.4,3,5,2,"Marketing",96.33
31,18,6.5,4.6,15.1,7.13,1.27,0.81,3,57.1,3.5,3.2,36.4,8,8,2,"Sales",100
40,19,5.1,2.9,10.1,5.53,0.9,0.86,2,12.9,3,4.9,44.3,2,5,5,"Technology",95.17
39,13,4,1.5,4.5,6.2,1.17,0.93,3,37,4.4,4.1,66.6,3,7,4,"Marketing",100
22,17,3.7,1.4,5.7,11.16,2.53,2.28,5,30.8,2.6,4.9,45,5,8,4,"Technology",100
32,19,9.2,3.3,14.4,9.36,1.51,1.22,4,33.7,3.6,4.3,46.3,7,9,4,"Marketing",100
37,14,6.3,3.5,14.9,9.17,1.67,1.27,5,25.4,3.8,3.3,68.8,2,4,2,"Sales",100
43,15,3.8,3.1,10.4,13.64,2.41,2.46,7,15.2,2.9,3.2,68.9,6,7,2,"Operations",91.9
34,16,6,3.8,8.1,17.75,2.34,1.61,6,51.4,2.9,5,66.2,1,5,1,"Finance",100
39,20,7.2,2.7,12.5,5.9,1.09,0.76,3,26.8,3.4,4.8,52.1,3,6,2,"Sales",100
49,16,7.9,4.2,14,15.68,2.16,2.17,6,35.4,3.7,4.1,54.4,5,7,0,"Operations",100
27,12,3.9,2.6,9.2,8.37,1.14,0.93,5,18.9,4.8,3.5,60.7,3,6,3,"Finance",88.49
43,17,12.4,5.2,16.8,6.88,1.11,1.03,4,41.2,2.3,5,72.5,3,9,3,"Technology",98.44
37,16,5.9,3.7,12.4,23.56,4.25,3.51,8,28,3.5,3.7,47.6,6,10,3,"Marketing",100
37,12,4.4,2.4,7,6.79,0.89,0.62,2,31.8,3.8,2.5,39.9,3,7,2,"Technology",94.95
54,14,2.5,1.3,3.5,9.59,2.07,1.13,5,32.5,4.1,4,64.8,2,5,0,"Operations",82.95
38,15,7.4,3.6,17.3,13.5,1.94,1.49,6,12.6,4.6,4.5,56.5,5,7,3,"Technology",96.38
34,17,11,3.9,20.4,6.79,1.07,0.86,5,16.7,2.9,4.3,53.4,5,6,4,"Finance",86.88
36,16,5.9,2.1,8.2,11.13,1.51,1.22,5,5,3.3,4.8,64.6,2,5,5,"Technology",100
40,18,11.9,5.1,17.1,7.01,1.25,0.91,3,16.4,4,3,71,6,8,3,"Sales",100
42,16,8.8,5,11.4,11.68,1.78,1.52,6,20.8,2.4,4,65.2,5,7,1,"Operations",76.49
24,16,4.3,2,6.1,14.29,2.14,1.59,7,22.9,3.7,3.5,47.5,1,4,2,"Operations",100
34,17,8.8,4.5,13.6,9.18,1.83,1.07,5,22,3.8,3.9,77,2,6,3,"Sales",87.08
35,17,7.3,3.8,10.8,8.84,1.3,1.4,4,26.3,3.9,3.4,75.2,2,7,5,"Technology",92.02
34,17,10.8,4.4,13.8,8.03,1.27,1.61,4,38.4,3.3,4.5,46.2,7,8,1,"HR",100
47,15,3.9,1.5,6.6,13.37,1.97,1.59,5,32.5,3.5,3.5,68.1,1,8,4,"Operations",98
40,15,6.9,3.4,7,11.36,2.25,1.55,7,19.8,4.5,2.8,46.2,5,7,4,"Finance",100
36,15,10.5,5.1,14.8,10.91,1.48,1.34,5,32.5,3.4,3.1,53.3,2,5,4,"Finance",100
36,18,5.2,3.7,8.8,5.39,1.11,0.61,1,10,3.1,3.2,61.5,9,7,0,"HR",73.14
39,13,4.4,2.9,8.1,13.88,2.07,2.17,7,26.5,2.6,2.9,51.1,5,5,2,"HR",95.46
25,16,5,3.2,10.9,12.15,2.26,1.99,6,65.1,3.4,3.7,53.1,5,9,4,"Sales",100
22,16,6.3,3.8,14.6,10.94,1.97,1.12,5,45.6,2,3.2,58.9,3,6,0,"Operations",100
35,14,7.6,3.7,10.4,7.9,1.37,0.95,4,15.5,2.5,3.2,50.9,3,7,2,"Technology",87.93
22,16,5.2,2.5,8.4,5.16,0.89,0.62,1,53.3,3.8,2.5,66.3,3,4,1,"Marketing",100
35,17,5.7,2.2,8.8,5.89,0.93,0.84,4,59.3,4.3,3.7,61.8,2,6,4,"Sales",100
27,17,6.5,3.8,13.4,16.07,2.02,2.04,6,26.9,3.2,3.1,73.4,5,6,3,"Sales",85.02
36,15,7,2.7,10.5,5.92,0.99,0.78,3,8.5,3.8,4,85.3,6,6,5,"Technology",93.91
42,15,1.7,0.8,3.7,9.31,1.57,1.42,5,33.5,2.5,3.8,56.6,7,5,2,"Finance",100
26,16,6.7,3.1,10.5,13.3,1.94,1.59,7,22.6,2.6,3,46.4,3,8,4,"Operations",92.52
45,15,9.6,5.8,16.9,11.35,1.63,1.87,7,52.7,3.3,3.1,47.7,4,6,4,"Operations",100
37,12,6.2,3.6,17.1,15.29,2.58,2.06,7,22.3,4.6,2.7,51,4,4,2,"Operations",89.52
32,18,6.4,2.7,9.2,7.66,1.31,1.2,5,40.3,2.4,2.5,65.4,4,6,3,"Technology",100
27,20,5.6,3.4,12.4,10.2,1.77,1.44,6,26.1,3.6,3,74.3,3,6,4,"Operations",100
33,19,5.4,3,12.3,12.04,1.81,1.58,6,26.1,2.7,5,26.2,4,5,2,"Sales",100
37,18,8.2,4.8,17.3,14.66,2.14,1.58,6,26.5,2.5,3.3,76.6,6,5,2,"Operations",86.41
32,17,7.6,3.8,11.8,8.39,1.39,1.25,4,35.5,4.5,4.3,70.9,4,8,0,"Sales",100
28,17,5,2.3,11.4,10.8,1.72,1.16,5,16.3,2.9,2.9,87.5,2,3,3,"Sales",83.31
34,15,5.5,2.4,9.4,9.82,1.31,1.24,4,32.1,2.5,2.6,47,1,6,4,"Technology",88.61
49,17,7.5,4.2,9.4,10.41,1.64,1.36,6,35.8,2.5,3.9,59.1,6,9,3,"Finance",100
29,15,4.7,2.6,11.2,11.21,1.98,1.59,6,42.3,4,2.8,42.2,5,5,3,"Sales",100
36,18,6.8,2.9,8.1,8.43,1.5,1.06,5,37.5,2.9,5,62,4,5,0,"Finance",96.42
47,18,9,3.6,12.5,11.6,1.83,1.44,5,65.1,4.5,4.2,66.1,3,7,4,"Finance",100
37,14,9.6,5.7,19.5,7.42,1.31,0.97,4,21,2.4,1.8,57.6,5,5,5,"Finance",91.59
37,18,8.1,3.9,13.5,4.92,0.74,0.66,2,33.8,2.9,3.1,52.3,3,5,4,"Finance",100
23,15,3.1,2.6,7.8,5.91,1.05,0.81,3,18.4,4,4,63.2,2,5,2,"Operations",87.66
40,16,6.1,3.1,11.2,17.16,2.31,2.41,6,22.5,3.2,3.4,54.5,5,6,1,"Sales",100
39,12,5.3,3,10,14.13,2.12,2.81,7,23.8,4,3.6,41.3,1,6,5,"Finance",100
30,14,2.7,1.8,4.5,5.64,0.92,0.81,3,26.9,4.1,3.5,69.1,7,1,1,"Technology",93.19
22,20,6.2,2.6,11.4,11.39,1.89,1.85,6,45.4,3.8,4.2,70.4,0,7,3,"Finance",100
24,17,8.4,4.1,14.1,12.92,1.77,1.47,6,55.8,3.8,4.5,81.1,2,7,2,"HR",100
28,18,4,2.7,7.3,7.95,1.27,0.9,4,58.1,2.4,3,56.6,5,7,3,"Sales",100
45,15,5.2,3.1,9,7.04,1.17,1.14,4,25.3,3.1,4.1,59.5,6,6,0,"Sales",84.47
37,14,10.5,5.6,14.9,7.2,1.31,0.8,3,35.5,2.1,3.6,58.2,2,5,5,"Technology",93.43
34,16,11.2,4.2,21.6,10.17,1.83,1.74,6,16.7,3.8,2.4,52.7,1,4,1,"Operations",94
25,17,5,2.6,10.4,5.07,0.8,0.53,1,18.3,2.7,4.6,52.1,2,7,4,"Sales",94.11
39,16,6.8,4.1,15.7,11.47,2.38,1.8,6,14.2,4.2,2.8,37.2,4,5,5,"Marketing",85.49
32,13,5,2.9,10.3,9.41,1.19,0.89,3,36.3,4,2.8,71.7,5,8,4,"Marketing",100
41,19,3.2,1.6,4.8,13.87,1.99,2.42,7,69.5,4.6,4.3,57.9,4,7,2,"Marketing",100
42,17,6.1,3.4,9.9,15.46,2.25,2.12,7,48,3.6,2.1,52.8,5,6,4,"Finance",100
37,13,5.8,2.5,9.4,7.98,1.33,1.1,4,7.7,3.3,2.7,59.9,4,5,5,"Technology",100
31,19,5.4,2.5,12.1,12.76,1.83,1.79,6,32.3,3.7,3.8,82.9,6,6,0,"Sales",100
40,16,3.9,2,6.3,7.78,1.51,1.17,4,19.4,3.8,4.9,55.7,4,7,4,"Sales",94.38
30,17,6.1,3.3,11.3,8.02,1.03,0.77,4,21.8,2.8,3.6,45.7,2,4,5,"Finance",64.25
28,18,4.5,3.1,9.3,8.62,1.37,1.08,4,35.5,3.7,4.2,74.4,5,6,2,"HR",100
32,13,8.2,4.5,11.5,8.46,1.26,1.11,3,53.6,3.9,3.5,35.3,4,7,2,"Sales",100
39,15,7.2,3.2,10.4,10.89,1.3,1.16,5,22.9,3.2,3.8,57,4,4,2,"Technology",84.03
23,16,5.6,3.7,9,17.74,2.26,2.31,6,5.4,5,3.7,68.3,6,5,0,"Technology",90.26
36,19,7.1,4.5,13.8,8.66,1.46,1.53,5,51.3,3.1,2.8,29.1,0,3,5,"Marketing",100
22,17,2.7,2.4,6.6,11.08,1.65,1.33,6,53.5,2.3,4.1,44.3,3,8,5,"Marketing",100
37,15,8.3,4.5,10.5,11.59,1.93,1.23,6,50,3.5,3.9,62.9,1,8,4,"Operations",100
47,17,5.9,2.1,7.3,14.32,2.11,1.84,6,39.6,3.2,3.9,55.1,3,6,1,"Finance",100
50,14,5.3,3.2,10.3,5.94,0.96,0.72,3,13.7,2.7,4.7,55.3,5,8,3,"Finance",90.55
35,16,4.9,3,7.9,9.38,1.43,0.81,4,24.9,4,3.4,51,3,4,5,"Marketing",100
32,15,6.4,3,8.1,5.21,0.82,0.56,3,37,3.5,3.5,67.1,6,4,0,"HR",91.7
35,18,5,3.9,11.8,12.16,1.89,1.63,5,21.2,3.3,2.9,48.4,4,6,1,"Technology",100
34,19,5,2.7,11.1,7.2,1.18,0.96,3,55.5,3.4,3.3,50.3,7,9,3,"Operations",100
42,16,4.5,2.2,6.1,7.16,1.14,0.88,4,11.2,5,3.7,58.9,3,6,5,"Technology",98.57
35,18,3.6,1.6,7.7,16.34,2.79,2.62,7,25.8,1.7,3.1,48.1,3,5,2,"Sales",91.11
35,20,7.5,2.7,10.7,6.9,1.02,1,3,56.4,5,3.5,90.8,5,9,1,"Sales",100
38,16,5.8,4.1,11.1,7.53,1.44,0.94,3,55.5,3.1,2.6,87.5,1,6,5,"Sales",100
52,20,7.2,2.4,11.3,10.52,1.45,1.15,4,14.8,3.7,3.8,90.8,1,5,4,"Finance",88.08
36,16,5.4,2.7,10.3,8.48,1.52,0.97,4,31.6,3.5,3.4,53.9,4,10,2,"Sales",90.42
27,12,11.8,4.7,24.4,8.57,1.47,1.03,5,36.8,4.1,3.3,87.9,4,6,5,"HR",100
29,16,4,2,7.9,13.08,1.74,1.48,5,17.8,3,3.6,41.8,4,6,1,"Operations",97.33
28,17,6.5,2.8,12,10.86,1.85,1.48,7,20.6,4.4,3.9,54.4,8,6,1,"Operations",93.21
56,18,4.2,3,12.6,12.6,2.1,1.96,6,28.5,3.7,4.4,66.8,8,6,4,"Operations",100
33,19,2.2,1.7,6.8,4.69,0.89,0.51,2,24,3.8,3.3,33.8,5,4,4,"Marketing",95.37
44,19,7.6,2.3,7.4,9.26,1.7,1.27,5,52,2.8,3.7,46.3,3,6,4,"Sales",100
50,18,5.2,2.2,8.3,8.2,1.49,1.28,3,11.8,3.2,4.7,72.6,2,3,1,"Sales",79.26
30,17,5,3.5,11.1,7.09,1.3,0.93,4,10.3,2.9,2.5,47.4,5,4,2,"Technology",86.88
44,13,5.6,3.1,10.9,8.86,1.52,1.01,4,20.8,3.6,3.9,60.3,6,6,3,"Marketing",80.1
26,17,5.7,2.5,8.2,14.63,1.97,1.89,6,39.7,3.7,4.1,55,7,7,1,"Operations",100
31,15,5,2.3,8,14.09,2.01,1.93,6,42.3,4.6,3.3,57.3,4,7,2,"Operations",100
37,16,7.5,3.6,10.2,11.24,1.62,1.18,5,25.6,2.8,3.6,87.5,5,8,5,"Sales",93.74
49,15,5.8,2.9,10.7,8.05,1.13,0.82,4,50,3.1,3.1,57.3,3,6,5,"HR",100
34,18,11.4,3.5,14.3,10.49,1.51,1.05,5,37.8,2.6,4.2,62.9,3,6,1,"Marketing",100
25,16,4.9,2.8,9.2,10.74,1.48,1.37,5,51.1,4.5,2.7,61.4,2,6,2,"Sales",100
41,14,7.4,3.1,10,8.41,1.29,1.2,5,57.1,3.4,3,70.6,5,8,0,"Technology",97.59
48,16,5,1.7,6.1,8.49,1.24,1.05,4,32.9,3.3,4.2,37.8,8,9,1,"HR",86.87
34,19,6,4,12.1,12.19,1.89,1.73,6,40,3.6,3.7,50.3,1,7,2,"Operations",100
38,12,6.4,3.6,13.8,20.42,3.57,3.11,7,34,1.9,5,42.2,6,8,5,"Operations",100
28,13,7.6,3.2,11.8,8.49,1.26,1.01,4,48.7,3.5,3.8,61.4,2,8,1,"Operations",100
25,20,3.9,2.1,7.4,23.13,3.02,2.6,9,32.8,4.2,3.1,91,3,5,3,"Marketing",100
39,18,6.3,3.2,10.6,10.99,1.37,1.02,4,34.2,2.4,2.7,50.8,1,6,1,"Sales",86.89
28,15,3.6,2,4.7,8.2,1.51,1.15,4,18,4.5,3.8,40,3,5,2,"Operations",95.16
24,18,7.2,2.9,8,8.57,1.32,0.95,4,63.1,3.9,3.5,79.3,5,9,5,"Technology",100
34,17,5.3,1.9,8.3,11.15,1.77,1.57,7,37.9,4,3.9,38.8,3,3,1,"HR",91.3
39,17,6.1,3.2,8.3,4.16,0.81,0.64,2,20.7,1.9,4.2,50.3,2,8,3,"Sales",100
27,12,4.9,3.1,9.4,9.25,1.77,1.53,6,29.6,4,3.1,53.1,3,3,2,"Technology",93.64
50,13,8.4,5,14.9,7.43,1.39,0.96,3,48.5,3,4.1,67.3,2,7,2,"Technology",100
34,14,8.2,5.2,18,19.67,3.31,2.35,7,39.4,4.2,3.1,57.9,0,9,5,"Sales",100
37,19,4.1,2,7.9,10.66,1.57,1.31,5,16.4,3.3,2.8,60.4,6,6,5,"Technology",89.49
43,17,3.3,1.5,7.9,8.31,1.29,1.09,5,41.6,3.2,3.3,53.8,8,4,1,"Technology",95.95
22,15,6.3,3.3,9.5,10.24,1.53,1.13,5,24,2.6,4.3,51.8,2,8,3,"Marketing",84.46
34,15,8.5,4.4,17.5,9.71,1.67,1.64,5,23,3.8,3.3,44.9,5,7,4,"Finance",97.45
25,16,9.1,4.5,18,9.45,1.24,0.97,4,38.7,3.7,3.9,73.4,2,5,5,"Sales",100
59,15,2.5,1.4,4,9.73,1.61,0.93,4,60.1,4.2,2.3,46.8,2,7,0,"Operations",100
41,16,10.7,4.7,14.9,15.6,1.98,2.01,7,33.8,3.6,4.1,50.9,2,7,1,"Technology",100
29,16,4.5,1.9,6.1,11.09,2.01,2.06,7,30,3.7,4.2,63.4,5,7,0,"Operations",100
45,17,3.5,1.7,8.4,13.38,2.21,2.19,6,21.1,3.4,4.8,48.3,4,7,2,"Marketing",100
35,15,3.6,2,5,18.58,2.66,1.96,8,30.1,3.7,3.5,62,5,4,4,"Sales",98.87
32,18,5.2,1.9,9.4,11.24,1.81,1.22,5,5.3,3.6,3.2,60.7,1,6,1,"Technology",91.66
30,14,6.2,3.5,11,14.89,2.74,2.13,7,51,2.6,2.6,64.6,4,8,2,"HR",100
36,19,7.9,3.4,13.1,5.19,0.76,0.6,2,69.2,4.2,3.2,50.8,2,9,4,"Sales",100
32,13,7.6,2.5,9.4,23.18,4.46,3.49,9,24.4,4.3,3.3,21.6,4,7,4,"Marketing",100
39,13,3.4,1.5,5.2,9.08,1.43,1.09,4,12.3,3.9,3.5,70.9,7,6,0,"Technology",78.51
45,17,5.7,2.7,10.7,17.88,2.76,2.74,7,5,3,2.7,50.1,0,8,5,"Operations",80.96
32,17,6.9,2.2,8.5,14.06,1.89,1.44,7,25.5,3.2,4.5,59.2,4,6,3,"Operations",85.79
48,14,6.8,3.7,10.9,16.44,2.1,1.68,7,22.1,3,3.9,62.1,5,9,2,"Technology",86.16
35,14,4.5,5,10.2,13.59,2.36,2.05,6,27.3,3.1,3.4,29.9,4,7,4,"Finance",100
22,16,11.3,5.4,23.1,14.25,2.47,2.1,6,25,3.8,3.3,50,4,7,5,"Finance",95.89
47,14,7.5,4.2,21.3,13.09,1.91,1.68,7,40.3,2.5,2.8,71.6,5,6,2,"Technology",100
35,17,11.7,5.7,20.5,13.32,2.36,2.08,7,47.5,4.1,3.6,62.2,6,9,5,"Finance",100
38,17,5.6,2.4,11.4,4.99,0.75,0.6,3,14.8,3.3,2.8,51.3,6,7,4,"Operations",86.73
33,13,6.9,3.4,11.2,17.08,2.07,1.79,6,30.9,3.4,4.3,60.5,8,4,4,"Technology",100
36,18,5.9,3.7,12.5,6.3,1.07,0.75,3,32.4,2.7,4.8,77.4,4,6,1,"Operations",100
43,14,3.6,2.2,7.5,10.83,1.66,1.48,6,52.1,3.3,3.3,39.7,4,5,0,"Operations",100
37,16,12.1,6.1,19.3,16.52,2.28,1.97,7,18.3,4.1,3.5,64.2,3,6,0,"Operations",100
35,13,4.5,2.1,5.9,12.54,2.19,1.85,7,34.2,3.5,3.8,46.8,5,5,3,"Operations",100
28,18,5.4,2.6,13.7,8.85,1.65,0.97,4,22.3,2.8,4.5,40.2,3,5,1,"Sales",98.4
35,14,6.3,3.4,13.3,10.39,2.21,1.47,6,15.8,3.4,3.9,73.8,4,4,2,"Operations",98.92
38,19,9,3.9,14.1,10.75,1.72,1.36,5,29.6,3,3.7,54.4,6,6,0,"Technology",100
32,15,7.2,2.9,9.7,9.54,1.65,1.6,5,50.2,4.7,3.4,65.1,3,7,2,"Marketing",100
37,20,5.9,2.6,10.8,11.5,1.61,1.52,5,9.4,3.3,4.2,52.8,6,6,5,"HR",89.19
35,19,4.4,2.1,8,10.56,1.75,1.32,5,34.5,4,2.8,51.8,2,5,4,"Operations",90.77
28,18,3,1.4,4.5,17.41,2.04,1.94,8,49.7,3.2,2.8,42.6,4,8,1,"Sales",100
45,14,7.6,3.8,9.4,9.45,1.84,1.08,4,18.7,2.8,2.7,43.4,4,4,2,"Technology",100
32,16,4.4,1.9,6.9,13.17,1.87,1.83,6,40.8,3.2,3,66.8,5,5,4,"Marketing",100
35,17,5.6,4.5,10.5,10.19,1.59,1.42,6,50.1,4.1,4,62.8,4,7,3,"Technology",100
43,18,4.8,2,6.8,7.89,1.24,1.18,4,30,2.5,4.5,93.7,5,6,1,"HR",100
54,17,5,2.2,6.2,15.03,1.95,1.77,6,42.7,5,3.3,59.3,6,6,0,"Technology",100
45,18,4.5,2.2,6.1,5.1,0.92,0.66,3,30.1,2.3,4.1,59.2,2,7,0,"Technology",91.3
60,16,7.2,3,13.8,9.53,2.02,1.71,5,32.1,3.4,3.3,76.8,5,8,3,"Technology",100
45,14,2.8,1.8,5.4,12.25,2.02,1.61,5,22,4,4.1,60.4,1,5,2,"Sales",80.53
42,12,11.2,4.3,14.1,17.92,2.87,2.38,7,59,4.8,2.6,65.7,5,8,0,"Finance",100
42,16,4.5,1.9,7.8,13.18,1.88,1.42,5,46.2,3.6,2.4,72.1,2,8,2,"Operations",98.56
22,16,2.7,2.7,6.6,9.45,1.8,1.25,5,24.3,4.1,2.5,54,4,5,2,"Technology",97.84
45,16,4.5,2.6,6.8,7.57,1.17,0.72,4,11.2,3.9,4.1,40.6,3,5,2,"Sales",93.32
32,18,5.1,2.6,12,7.84,1.38,0.98,4,17.1,4.2,2.7,76.5,2,6,5,"HR",86.7
32,15,4.2,2.8,7.6,8,1.4,1.17,4,47.3,3.8,3.8,55.1,2,4,3,"Technology",100
43,17,11.2,3.8,18.9,18.6,3.2,2.56,9,55.4,5,3.5,64.2,6,7,2,"Technology",100
24,12,9.7,3.8,13.7,4.62,0.73,0.48,1,27.6,4.3,3.9,56.9,1,4,2,"Operations",94.12
33,19,4.9,2.5,8.7,10.05,1.54,1.33,5,24.1,3,3.3,86.7,4,6,2,"Sales",91.41
35,13,6.9,3.9,16.6,18.7,3.46,2.79,9,37.6,4.7,3.4,60,1,8,3,"Operations",96.67
26,16,5.5,4.4,13.9,12.32,2.01,1.56,5,61.4,2.5,3.3,41.6,5,7,4,"Sales",100
31,16,5.8,4,11.3,8.78,1.4,1.48,5,15.8,3.6,3.6,60.9,2,6,2,"Sales",92.23
30,12,7.4,3.2,12.6,7.24,1.21,1.1,4,23.9,4,3.6,49.9,5,5,1,"Finance",97.43
42,20,7.2,3.9,18.5,7.53,1.04,0.82,3,32.1,4.9,3.3,49.2,7,9,2,"Technology",100
24,17,7.2,2.3,7.8,12.7,1.59,1.66,6,55,3.2,4,70.4,3,6,4,"Operations",100
30,19,6.4,2,7.8,7.64,1.43,1.06,4,52.3,2.1,2.4,67,1,8,4,"Technology",100
44,15,6.5,3.5,12,9.84,1.33,1.3,5,27.7,3.8,3.5,72.1,5,4,1,"Marketing",96.34
46,18,4.8,3.3,9.2,19.34,2.86,3.99,9,27.1,3.4,4.1,55.9,2,7,2,"Marketing",100
22,14,2.5,1.8,5.3,9.15,1.22,1.13,5,31.8,3.4,3.9,76.1,5,8,3,"Technology",100
47,19,13.1,5.8,21.8,9.47,1.67,1.27,4,15.5,3.1,3.9,50.6,3,5,3,"Sales",99.82
23,19,4.7,2,8.7,4.83,0.77,0.61,1,35.8,3.8,3.7,61.1,3,8,2,"Sales",100
32,17,4.7,2.5,6.6,9.17,1.53,1.32,4,11.1,3.8,3.2,64.3,2,6,3,"Technology",100
39,12,7.7,5.5,16,10.84,1.55,1.77,6,16.5,1.8,4.1,49.4,3,5,2,"Marketing",100
40,16,5.2,2.3,14.4,7.95,1.26,0.77,4,17.3,4.8,3.3,29.9,6,6,3,"Technology",95.85
47,19,3.6,3.5,8.8,14.78,2.59,1.68,7,44.2,3.1,3.4,67.2,5,6,4,"Marketing",100
27,13,5,2.1,8.8,15.68,2.1,1.55,6,21.6,3.7,2.3,68.9,2,6,2,"Technology",100
23,19,9.8,4.9,17.3,6.21,0.97,0.77,3,62.6,4.7,4.9,76,6,4,0,"Operations",100
42,18,5.8,2.4,8,6.36,1.05,0.84,4,100,4.1,3.1,63.8,3,9,3,"Sales",100
35,16,2.9,1.4,3.8,11.36,2.39,1.99,7,81.8,3.1,3.7,64.9,2,8,2,"Marketing",100
33,18,2.4,1,3.2,11.02,1.56,1.34,5,5,4.2,3.6,57.2,0,2,2,"HR",90.26
34,16,11.5,4.7,15.8,13.41,1.82,1.76,6,61.2,3.5,2.7,79.8,2,8,0,"Sales",100
42,15,4.9,2.1,7.5,8.92,1.01,1.28,5,27.9,2.8,3.6,79.8,4,5,4,"Sales",94.65
49,15,5.8,4.1,17.1,5.73,1.05,0.78,3,41.1,3.6,2.9,59.5,6,6,3,"Technology",97.42
28,16,4.8,4,10.2,10.02,1.63,1.38,5,35.7,3.8,3.3,61.6,2,8,2,"HR",92.02
34,17,8,5,14.5,6.05,0.9,0.67,3,29.8,5,4,63.7,5,8,1,"HR",100
43,17,6.4,2.3,10.3,10.54,1.85,1.3,6,31.7,3.2,2.3,71.1,6,9,1,"Marketing",100
35,15,8.4,3.8,12.8,15.88,2.63,2.16,6,26.9,3.6,3.7,75.8,5,4,1,"Sales",100
43,14,5.5,2.8,7.1,12.03,1.57,1.62,5,47.9,4.2,3.2,64,4,5,5,"Operations",100
44,18,8.5,3.8,16,11.91,1.98,1.54,5,58.1,3.1,3.9,66.4,5,9,1,"Finance",100
46,17,6.7,2.8,8.8,11.06,1.81,1.57,5,22,2.9,2.7,36.4,2,3,4,"Sales",91.83
22,16,5.4,2.3,7.3,7.73,1.18,0.86,4,32.3,4.5,2.5,72.4,7,6,1,"Operations",100
31,18,2.3,1.4,4.4,16.52,1.98,2.28,6,7.6,4.5,3.9,50.1,6,5,4,"Technology",76.64
33,16,3,1.9,5.2,20.26,2.8,2.5,8,16.5,3.7,3.4,75.1,5,6,5,"Finance",84.93
41,18,3.9,2.3,7,5.98,1.15,0.79,3,30.6,3.2,3.6,73.1,2,4,5,"Marketing",76.24
22,18,4.6,2.7,12.4,10.3,1.66,1.36,5,26.6,4.8,2.8,46.9,4,8,4,"HR",100
42,16,8.2,2.9,12.1,13.1,2.64,1.58,7,35.3,3.8,4.2,43.7,4,5,4,"Sales",100
28,17,4.9,2.4,7.6,14.32,2.9,2.49,7,37.1,4.4,3.5,65,4,6,4,"Finance",100
33,17,6.1,2.8,13.3,11.05,1.56,1.33,6,11,3,3.2,45.7,6,6,1,"Technology",86.84
27,17,6,2.5,8.1,13.69,2.33,2.01,6,40.1,3.2,3.8,48.1,2,7,1,"Finance",100
30,17,4.8,2.5,6.5,5.76,0.84,0.75,3,35.8,3.5,3.8,78.3,4,5,5,"Technology",97.83
24,12,4.2,3.2,8.4,15.06,2.13,1.76,6,24.1,3.1,2.7,87.6,1,6,3,"Finance",100
37,20,6.7,3.2,8.9,11.54,1.9,1.5,6,17.1,4.5,4.4,47.6,3,8,3,"Operations",94.49
36,16,7.2,3.8,13.7,11.04,1.36,1.14,5,37.6,4.3,4.2,100,6,5,4,"Marketing",100
35,19,8.4,3.6,13.7,11.95,1.7,1.05,4,29.9,3.5,2.4,57.8,5,9,0,"Marketing",89.92
43,13,3.9,2.3,7.6,10.92,1.77,1.53,5,30,2.9,4.1,75.5,5,4,1,"Technology",100
30,15,4.8,2.7,10.4,15.18,2.43,1.65,8,64.3,3.1,4.3,63.8,2,6,2,"Marketing",100
40,17,6,2.8,9.1,6.91,1.19,0.95,4,19.8,2.7,3.8,79.3,6,5,3,"Finance",98.13
43,17,8.2,4.9,23.9,9.62,1.72,1.36,4,37.9,3.9,3.9,65.4,4,6,4,"Operations",85.39
25,17,3.8,2.1,7.4,8.78,1.68,1.23,4,16.6,4.6,3,50,5,4,1,"Technology",96.05
31,20,7,3.3,13.3,12,1.66,1.57,6,21.4,4.4,3.9,77.8,1,5,0,"HR",95.34
50,16,4.6,2.4,10.5,13.7,1.76,1.65,6,31.2,4,3.6,53,5,7,2,"Operations",100
45,16,4.4,2.9,9.9,7.94,1.17,0.89,4,38.5,3.6,4.5,38.3,3,5,2,"Technology",100
38,15,11.9,5.5,16.7,16.21,2.77,2.65,7,13.1,2.8,3.5,60.6,9,8,5,"Operations",81.12
22,15,4.6,1.7,6.2,10.66,1.7,1.36,6,12.2,4.3,3.9,50.5,3,6,5,"Technology",81.96
44,12,3.7,1.7,5.1,11.44,1.44,1.17,4,30.3,3.1,5,71.1,2,6,3,"Operations",98.97
33,18,7.2,3.3,12.8,15.81,2.63,1.84,6,51.9,4.3,3.8,77.7,4,6,1,"Marketing",100
33,18,6.6,3.4,7.2,12.57,2.49,1.97,7,17.4,3.2,3.2,80.1,9,5,2,"Sales",100
22,16,7.9,3.4,14.9,7.99,1.92,1.34,5,63.2,3.3,3.8,53.3,4,7,3,"Finance",100
32,19,9.4,3.7,13.4,16.81,2.65,2.16,6,79.3,3,4.7,62.5,7,6,2,"Sales",100
50,16,9.9,4.1,18.1,10.56,1.62,1.26,5,49.9,2.1,3.6,36.3,3,4,5,"Operations",100
41,15,9.3,4.9,15.8,8.7,1.4,1.24,4,34.7,4.1,4.2,63.5,3,7,1,"HR",100
47,15,4.5,1.9,6,14.14,1.99,1.78,6,17,4,4.7,49.8,3,5,4,"Marketing",100
44,18,5.1,2.1,8.2,10.05,1.46,1.66,5,35.1,4.1,3.3,78.9,5,8,5,"Sales",100
27,15,3,1.4,4.8,7.16,0.91,0.85,3,20.1,3.5,3.2,68.7,3,6,5,"Operations",87.63
36,14,8.2,5.9,14,13.01,1.99,1.55,6,25.6,3.4,3,69.5,3,7,2,"Sales",94.84
30,17,3.3,2.6,9.6,10.95,1.67,1.2,4,82.5,4.2,3.2,74.1,5,10,1,"Sales",100
33,17,6.4,3.2,10.4,15.13,2.37,1.91,6,17,3.6,4,68,3,6,5,"Sales",87.85
45,19,3.5,1.5,6.1,6.62,0.83,0.97,4,18.9,2.6,3.1,69.7,1,4,1,"Finance",70.06
28,13,3.8,1.5,8.5,10.42,1.55,1.35,5,17.5,1.2,3.7,55.9,3,4,2,"Technology",73
27,16,6.1,3.3,9.9,7.02,1.18,0.8,4,41.4,3.9,4.4,45.3,2,4,5,"Finance",100
41,16,7,3.2,10.6,7.25,1.37,0.7,3,33.3,4.8,3,42.1,2,7,1,"Sales",100
26,17,2.6,1.6,5.5,18.8,2.87,2.44,8,18.6,3.9,3.5,78.4,4,6,3,"Technology",94.53
47,19,3.3,1.9,6.7,13.74,2.15,2.1,6,23.3,3.9,4.8,100,1,6,2,"Operations",100
32,16,3.2,2.2,6.8,6.72,1.07,0.61,2,34.9,3.1,3.6,58,4,7,4,"Operations",98.5
27,16,10.1,4.4,15.9,12.14,1.86,1.52,5,17.7,3.9,3.9,54.2,8,6,4,"Marketing",100
40,17,5.8,3,11.7,7.28,0.95,0.83,3,10.4,3.2,4.6,75.5,4,5,0,"Sales",95.44
32,17,8.3,2.7,8.9,7.46,1.42,1.11,5,31.6,3.3,2,83.5,1,3,2,"Operations",99.69
39,17,6.1,2.7,7.2,12.02,1.67,1.56,7,26.4,3.4,3.2,53.1,3,5,3,"Technology",100
34,20,2.7,1.6,6.3,8.33,1.52,1.14,6,31.3,4.4,2.7,57.8,4,6,5,"Sales",100
22,15,7.9,3.6,13.7,11.04,1.5,1.66,5,25,3.1,3.6,52.4,3,5,2,"Sales",100
31,17,9.3,4.2,14.2,16.6,2.51,2.08,7,40.7,3.2,3.5,42.1,6,5,5,"HR",100
41,17,6.2,2.8,14.3,14.55,2.9,2.04,7,17.8,4.1,3,89.9,2,5,3,"Finance",86.07
30,17,6.4,4,9.7,7.46,1.41,1.14,5,38.4,4.5,3.9,93.8,5,7,4,"Operations",95.12
54,17,3.4,1.6,6.6,11,1.61,1.65,5,34.5,3.5,3.2,60.9,8,6,0,"Finance",100
32,15,9,3.8,16,12.38,2.05,1.83,7,50,3.3,3.7,54.7,5,8,2,"Operations",100
45,16,8.1,4.8,15,10.14,1.38,1.1,4,40.2,4.6,2.7,60.4,3,8,3,"Sales",100
31,15,3.8,1.8,4.3,7.18,1.15,0.86,3,17,3.9,3.7,40,2,8,5,"Sales",90.25
33,16,6.3,3.6,16.9,6.54,1,0.74,3,21.3,4.1,4.5,78.5,4,5,1,"Sales",97.48
34,12,4.8,2.5,9.3,13.29,2.33,1.44,7,30.6,3.7,4,36.7,4,7,2,"Finance",100
43,17,3.4,2,5.6,11.04,2.17,1.64,5,49,3.6,3.8,64.5,4,6,4,"Technology",100
27,15,6.8,3.6,7.9,9.04,1.5,1.19,4,39.2,3.8,3.7,57.1,3,6,3,"Sales",95.4
26,17,4.9,2.9,8.8,11.99,1.67,1.26,5,33.1,3.4,3.1,32.3,5,7,4,"Finance",100
38,15,3.6,1.6,5.9,7.08,1.49,1.19,4,31.7,3.7,4.8,36.4,1,2,4,"Marketing",91.89
36,16,13.8,4.9,19.2,12.7,2.44,2.5,6,43.3,3.8,3.5,63.6,5,8,1,"Sales",100
27,12,4.5,1.6,5.5,9.16,1.43,1.69,5,46.4,4.6,4.5,54.1,6,6,2,"Sales",100
27,19,7.8,4.8,16.4,10.51,1.83,1.33,5,26,4.8,3.7,74.5,11,7,3,"Marketing",100
52,16,6.6,3.6,15,8.55,1.42,1.4,5,64.7,3.1,3,63,4,7,2,"Technology",100
45,12,4.8,2.7,8.2,15.77,1.92,1.82,6,31.5,3.4,3.8,49.6,3,6,2,"Marketing",100
23,20,5,2.7,9.1,9.47,1.48,1.06,4,22,2.4,3.1,47.8,3,7,4,"Technology",80.22
29,15,9.1,5.1,14.8,14.18,1.75,1.72,6,21.7,3.3,4.5,60.5,1,5,3,"HR",98.64
46,16,6.7,3.2,11.1,12.61,1.91,1.57,7,31.3,2.8,3.2,50.6,4,7,2,"Marketing",100
39,15,3.7,2.4,6.8,14.63,2.63,2.3,7,30.7,3,2.4,63.2,4,7,2,"Marketing",88.81
39,15,4.4,2.3,7.1,5.18,1.27,0.76,3,31.2,4,5,70.2,1,7,4,"Marketing",99.93
43,13,7.1,3.8,11.1,14.12,2,1.95,6,22,4.6,2.4,68.5,2,3,4,"Technology",91.53
39,16,9.6,4.6,15.9,10.62,1.5,1.02,4,36.6,3.6,3.6,67.9,7,5,3,"Sales",100
36,14,5.6,2.4,9.6,8.55,1.39,1.06,4,35.1,4.9,2.8,61.6,3,5,2,"Marketing",96.01
43,18,3,1.8,6.5,11.98,1.41,1.76,6,14.1,3.7,3.9,40.1,4,5,2,"Sales",96.98
22,14,4.8,1.9,6,8.2,1.21,0.93,3,34.2,2.6,3.8,47.8,4,4,3,"Technology",90.72
37,15,4.1,2.9,7.7,9.5,1.9,1.37,6,49.8,2.7,5,47.1,5,9,5,"Finance",98.28
44,14,8.7,4.9,14,10.12,1.55,1.65,5,24,4.6,3.8,49.9,5,6,1,"Technology",100
42,14,5,2.5,11,6.45,1.04,0.92,3,21.2,4.5,5,56.5,1,7,4,"Finance",94.74
36,15,11.2,4.1,14.6,10.45,1.63,1.27,5,34.7,3.9,3.4,43.9,6,8,2,"Technology",100
32,16,3.3,1.4,5.6,7.36,1.37,0.91,4,11.9,4.7,2.8,44.5,3,2,4,"Sales",76.22
38,16,9.7,5.3,21.3,13.86,1.71,1.31,6,36.7,4,4.3,76.9,3,8,5,"Finance",100
31,18,6.3,2.6,9.1,6.77,1.44,1.06,5,39.9,4.4,2.9,85.7,5,6,3,"Operations",100
39,15,6.9,2.7,10.6,7.79,1.37,1.06,4,43.2,3.2,3.5,70.4,5,8,4,"Marketing",100
43,15,5.1,2.9,10.6,10.51,1.31,1.37,5,39.8,3.5,3.5,76,7,5,2,"Operations",100
29,17,9.2,4.2,13.8,6.56,1.08,0.77,2,38,3.3,3,56.2,6,9,4,"Marketing",100
31,16,8.3,3.8,16,14.97,1.77,1.77,5,38.4,2.2,3.3,63,3,5,5,"HR",100
30,18,3.4,2.9,7.9,9.51,1.37,1.18,4,14.8,2.6,4,78.4,3,7,4,"Operations",84.03
39,15,10.4,5.1,17.3,11.04,2.4,2.14,6,26.7,3.1,3.5,56.1,3,6,0,"Technology",98.84
32,18,4,2.3,6,5.53,0.96,0.52,3,33.6,4,2.7,48.3,3,6,0,"Sales",100
25,15,5.6,2.7,9.7,10.8,1.09,1.18,5,13.2,3.8,3.8,78.3,3,5,3,"HR",75.31
33,15,4.6,2.1,7.6,9.5,1.68,1.28,6,15.9,3.8,3.6,73.2,2,7,3,"Sales",97.12
27,18,4.8,2.1,6.7,16.55,2.57,1.7,6,67.7,2.7,3.6,82.2,5,7,4,"Finance",100
46,17,5.1,2.5,7.5,8.97,1.43,0.97,5,26.6,4,4.5,45.7,0,6,0,"Operations",97.9
33,18,5.7,2.2,7.4,12.78,1.67,1.54,6,40.6,3.3,3.4,55.8,9,7,5,"Finance",93.11
41,16,6,3.5,11.2,12.12,1.99,1.51,6,12.3,3.3,2.6,77.2,3,7,5,"Sales",99.72
41,15,8.3,6.8,25.2,12.16,2.1,1.36,6,15.3,4,2.7,49.4,4,8,2,"Sales",90.81
22,15,6.1,2.6,8.5,10.08,1.88,1.25,5,35.2,4.1,2.4,60.7,2,7,1,"HR",100
48,12,7,2.4,8.3,16.61,2.26,2.13,7,42.5,3,3.3,85.4,2,5,5,"Operations",100
22,15,4.5,2.6,8.8,19.89,3.37,2.86,8,38.3,3.4,3.1,56,4,6,1,"Finance",100
27,20,6,2.5,10.3,12.15,2.39,1.71,6,37.9,4,3.9,68,8,5,1,"Finance",100
30,16,12.8,3.6,13.9,14.11,2.23,1.71,7,21.8,3.1,2.8,57.9,4,7,2,"HR",96.19
44,16,4.7,3.3,14.9,10.12,1.61,1.59,5,31.7,4.3,4.2,45.2,4,5,3,"Finance",97.72
34,16,9.4,5,14.7,9.57,1.42,1.2,5,34.5,3.7,3.6,73.3,4,4,3,"Operations",88.78
25,20,5.7,3.1,8.1,12.73,2.06,1.31,5,15.3,4,3.6,81.5,2,6,4,"HR",86.87
25,12,4.6,2.7,10.7,17.67,3.16,3.02,7,19,3.6,3.5,46,9,5,3,"Technology",100
31,17,4.5,2,9.1,11.26,1.85,0.93,5,22.3,3.6,4.3,44.8,3,7,0,"Technology",100
35,17,7.2,4.5,15.2,13.03,1.87,1.74,6,25.7,4,3.4,64.6,5,5,3,"Finance",100
35,14,5.8,2.6,9.7,5.15,0.85,0.76,2,22.8,2,4,42.1,7,8,4,"Marketing",84.35
39,14,4.4,2.9,10.3,16.41,2.7,2.57,8,44.6,3.1,4,94.2,3,8,3,"Sales",100
38,16,5.6,2.7,10.5,14.32,1.74,1.63,6,16.5,2.9,3.7,51.2,3,8,5,"Technology",100
32,16,2.6,1.7,5.2,12.16,2.09,1.82,6,12.5,4.7,5,68.7,6,6,1,"Operations",92.9
36,19,5.2,2.6,9.3,8.92,1.55,1.21,5,35.5,3.1,4,28.7,5,7,1,"Sales",100
40,14,1.6,1.4,3.7,13,2.01,1.68,6,42.4,2.4,5,76,5,6,4,"Marketing",100
36,17,4.5,2.5,8,6.23,1.18,0.99,4,21.8,4.5,3,72.1,3,9,1,"Marketing",78.01
22,15,3,1.7,5.9,11.87,1.78,1.5,6,25.1,2.4,3.8,44.4,2,5,4,"Sales",100
36,16,3.3,2,4.8,9.29,1.61,1.51,5,67.1,3.1,3.3,54,10,5,2,"Technology",100
31,16,5,2.4,10,18.86,2.81,2.12,7,37.6,4.3,3.5,63.2,5,5,3,"Technology",100
43,13,7.9,2.7,11.9,12.64,1.8,1.42,6,59.1,3.9,4.4,67.7,10,8,5,"Sales",100
32,17,6.2,2.4,8,11.5,1.48,1.29,5,37.3,4.8,3.3,43.1,6,8,3,"HR",100
37,18,4.5,2.3,8.5,8.43,1.37,1.05,5,5.2,3,3.4,44.4,5,4,4,"Operations",87.86
38,14,4.6,1.9,5.9,8.27,0.97,0.86,3,11.9,3.1,3.4,63.7,3,5,4,"HR",76.07
48,13,4.8,3.1,9.7,7.81,1.47,1.3,5,19.2,3.6,4.1,58.7,4,7,4,"Sales",93.01
22,16,8,4.7,16.9,9.21,1.69,1.29,5,24.3,2.9,5,70.4,5,9,5,"HR",100
38,14,5.4,3.5,7.6,12.53,1.81,1.54,6,17.7,3.7,4.2,21.2,2,6,3,"Sales",100
40,14,3.1,1.9,7.2,15.41,2.21,1.87,8,16.2,2.7,3,70.2,7,4,1,"Sales",93.6
32,18,4.4,2.5,10,9.2,1.25,0.93,3,25.5,4.1,3.4,53.2,3,6,3,"Marketing",83.78
39,15,4.6,2.2,7.3,10.14,1.59,1.27,4,13.6,3.5,3.7,75,6,6,4,"Operations",86.1
34,16,5.1,3.5,9,6.72,0.97,0.7,3,17.5,3.3,3.8,39,8,4,1,"Finance",81.95
40,17,3.9,1.8,5.5,20.84,3.09,2.67,8,30.4,3.4,3.7,49.2,10,6,2,"Finance",100
36,15,3.7,1.5,5.6,3.4,0.79,0.55,2,22.8,2.2,2.1,40.9,6,9,5,"HR",89.51
35,15,4.1,3.2,13.7,8.56,1.59,1.17,5,71.5,3.7,4.1,58,3,9,0,"HR",100
45,20,3.9,1.8,9,7.92,1.42,0.87,4,24.2,3.8,2.8,38.6,6,7,1,"Operations",100
47,16,3.7,1.8,5.9,8.36,1.37,1.16,5,44,3.8,1.6,52.4,5,6,5,"Finance",100
26,13,6.2,3.3,10.1,8.26,1.55,1.24,4,25.7,2.3,3.6,66.4,6,7,5,"Technology",98.58
37,18,4.7,2.8,8.4,7.62,1.37,1.01,4,38,3.6,4.1,71.8,5,6,4,"Sales",100
36,19,11.7,4.4,23.8,10.84,1.91,1.38,5,12.9,4.3,4.4,64.6,1,4,2,"Finance",75.87
30,16,7.7,3.7,18,11.03,2.34,1.56,6,26,2.2,2.6,89.8,9,7,5,"Technology",89.34
42,16,4.8,2.1,6.8,9.23,1.43,1.31,5,36.7,3,2.5,54.4,6,7,2,"Marketing",94.01
41,14,5.2,3.1,9.6,11.18,2.22,1.36,6,15.6,3.7,4.4,40.4,3,6,3,"Operations",95.96
39,17,5.7,2.9,5.8,7.98,1.3,1.05,4,13.4,4.3,4.1,49.8,4,4,2,"HR",96.58
42,18,6.5,4.1,16.6,11.49,1.62,1.65,6,10.9,4,2.9,68.7,7,9,3,"Marketing",100
42,16,4.5,2.7,11.2,11.05,1.61,1.29,6,18.6,4.8,3.8,63.5,2,8,2,"Marketing",100
28,15,3.4,2,7.6,3.63,0.68,0.43,1,26.3,3.1,3.6,73.1,4,7,2,"Operations",90.46
30,16,4.6,2.4,5.9,4.89,0.93,0.55,2,64.3,2.6,4.4,76,7,5,5,"Technology",100
27,16,4.3,2.6,8.1,6.04,0.92,0.67,2,8.7,3.4,4,70.6,3,7,5,"Marketing",88.2
48,18,10,3.5,13.2,15.63,2.24,1.97,7,53.8,3.1,3.7,78.6,5,8,0,"Technology",100
30,17,2.9,1.2,4.2,13.21,1.8,1.16,6,32.9,4.2,3.7,40.3,3,8,5,"Finance",97.19
35,13,3.6,2.1,6.8,14.42,2.52,1.74,7,36.5,4.6,4.1,83.4,5,7,3,"Technology",94.25
44,16,5.4,2.7,8.5,8.29,1.25,1.15,4,9,3.5,3.2,60.7,4,3,3,"Operations",86.18
36,17,5.5,3.2,10.6,16.89,1.82,1.74,6,32.8,3.3,3.3,28.6,4,6,0,"Operations",100
36,15,8.4,5,15.4,17.27,2.6,2.03,6,30.9,3.8,2.3,44.2,4,7,2,"Marketing",98.09
34,16,5.1,3.1,13.5,7,1.19,0.84,3,22.6,4.3,3.4,55.7,2,5,5,"Finance",88.38
36,19,7.2,3.3,11.9,7.3,1.34,0.84,3,22.2,4.6,4.2,34,4,8,3,"Finance",100
33,15,5.4,3,11.8,7.66,0.88,0.74,4,54,4.9,3.5,64.5,1,7,4,"Sales",100
37,17,3.8,1.7,4.6,6.92,1.14,0.79,3,25.2,3.2,2.9,43,4,6,4,"HR",84.93
23,12,8,2.8,12.7,16.6,2.73,2.7,7,56.5,3,3.6,35.9,4,7,1,"Technology",100
42,14,3.6,2.2,7,5.32,0.78,0.58,3,28.1,1.9,4.4,80.2,2,6,3,"Sales",96.85
30,16,5.2,2.2,8.3,10.37,1.42,1.4,6,53.9,4,4.1,76.3,3,7,0,"Sales",100
45,18,5.3,3.3,11.2,6.03,0.79,0.72,2,18,4.3,3.3,55.7,2,4,1,"Technology",73.2
42,16,8.2,3.3,17.3,11.82,1.9,1.48,6,20,4.6,4.2,44.9,3,7,4,"Technology",95.77
46,18,5.3,3.4,11,5.78,1.11,0.72,3,22.3,2.2,3.4,58.3,3,7,1,"Marketing",96.66
44,17,7.7,2.2,10,10.99,1.57,1.15,5,40,3.8,4.1,28.7,1,6,2,"Finance",100
28,16,5.2,2.5,8.8,10.89,1.56,1.26,4,16.5,2.1,4.7,60.5,1,4,4,"Operations",80.57
37,17,7.8,3.7,19.6,14.55,2.16,1.96,6,19.3,2.4,2.8,90.3,5,5,4,"Sales",100
43,15,5.3,2.4,6.9,7.77,1.58,0.98,3,35.2,4.1,3.5,60.9,5,9,0,"Finance",100
40,15,6.5,2.9,12.6,8.31,1.61,1.34,5,21.5,3.4,2.7,35.4,5,5,3,"Technology",99.6
35,17,4.2,3.1,9.4,8.41,1.38,1.33,4,27.1,3.5,3.4,77,2,5,3,"Sales",97.69
32,15,5.2,2.8,9.7,9.23,1.32,1.35,6,23.2,3.4,2.7,44.7,3,6,3,"Operations",89.62
55,20,9.3,4.4,19.2,11.94,1.77,1.23,4,45.6,3.1,3.5,80.9,5,9,5,"Sales",100
40,19,6.1,2.8,10.1,4.74,0.72,0.59,1,25,4.2,4.1,77,1,6,3,"Operations",92.18
53,16,4.9,2,7,9.97,1.87,1.26,6,51,4.4,2.9,59,6,8,2,"Technology",100
27,19,3.8,1.9,5.6,16.52,2.51,2.13,8,22.3,3.5,4.3,72.3,4,3,1,"Operations",94.88
25,14,4.9,2,6.7,11.54,1.91,1.4,5,20,3.7,2.3,53.6,4,5,4,"Technology",100
48,17,7.5,3.6,16.9,12,1.98,1.78,6,14.4,3.3,3.2,67.8,5,5,5,"Technology",87.81
60,18,5.3,4,8.3,6.19,1.1,0.98,3,40.1,4.4,4.1,46.6,4,6,0,"Technology",87.48
31,15,3.2,2,5.6,6.19,1.32,0.82,4,35.8,3.1,3.3,60,5,6,1,"Marketing",100
40,20,3.4,2.2,7.1,5.02,0.91,0.67,2,11.7,2.3,3.9,64.2,3,3,2,"Finance",83.72
36,18,5.3,3,10.5,5.38,0.91,0.68,2,42.3,2.9,3.6,52.8,4,7,2,"Finance",100
31,20,4.7,2.1,6.6,12.22,2.07,1.51,6,56.8,3.8,2.9,75,4,7,2,"Finance",100
35,18,6.7,2.7,8.4,8.11,1.09,0.91,4,31.2,5,3.2,86.8,3,6,3,"Marketing",99.81
34,18,5.3,3.6,7.4,11.08,2.01,1.59,6,31.5,2.7,3.5,74.9,1,6,0,"Technology",100
30,16,15.4,10.3,22.2,12.77,2.23,1.7,6,23,2.9,4.2,36.3,8,7,5,"Marketing",100
39,18,6.1,3,8.7,6.88,1.24,0.78,3,26.5,2.9,2.9,62.5,3,6,1,"Sales",79.68
51,16,8.6,2.8,11.6,9.04,1.18,1.14,5,58.2,3.8,3.7,89.9,3,8,4,"Technology",100
31,18,4.8,3,7.2,6.59,1.23,0.84,4,12,3,4.1,77.5,6,4,4,"Sales",81.95
35,17,5.1,2.9,12.5,7.85,1.36,0.87,3,34,2.8,2.7,41.8,8,7,5,"Marketing",100
43,19,7.3,4.1,14,11.22,1.64,1.39,6,40.1,3.6,2.7,66.6,2,8,1,"Marketing",100
28,17,5,2.4,6.8,9.53,1.65,1.19,6,45.4,4.1,3.7,55.5,4,6,2,"Finance",100
36,15,10.2,5.8,15.4,16.28,2.24,2.08,7,6.3,2.4,3.6,40,3,6,4,"Marketing",100
42,15,2.2,1.4,4.3,13.5,1.59,1.94,5,41.8,2.2,4.5,62.9,4,6,5,"Technology",100
43,18,3.8,2,5.4,16.22,2.33,1.95,7,24.7,3.8,4.9,49.9,3,7,4,"Marketing",100
45,14,5.7,3,8.6,7.81,1.5,1.03,4,30.1,3.8,2.6,63,2,8,2,"HR",98.28
37,19,6.7,3.7,13.1,12.05,2.01,1.44,7,36,3.4,2.7,59,8,7,4,"Sales",97.22
35,19,10.3,5.8,16.8,8.96,1.2,1.09,4,72.8,3.4,2.6,56.2,3,8,3,"Marketing",100
35,16,5.1,2.6,12.1,6.17,1.03,0.97,4,43.7,3.4,3.6,98.7,6,5,1,"Marketing",100
42,18,8.3,2.6,12.3,10.16,1.5,1.15,5,23.8,3.2,4.8,55.1,3,7,0,"Sales",100
41,16,3.2,1.9,6,5.2,0.88,0.62,4,23.6,2.4,3.6,59.2,2,6,3,"Sales",89.22
22,16,3.7,2.5,8.8,7.88,1.22,0.89,4,43,3.3,3.2,62.3,7,9,3,"Technology",100
49,20,7.3,3.5,13,10.91,1.84,1.47,6,21.3,5,2.7,76.2,4,5,3,"Marketing",100
22,14,7.7,4.3,11.6,8.96,1.54,1.31,3,32.8,4.6,3.2,43.6,3,6,2,"Operations",100
28,16,10.2,4.7,20.5,11.85,2.27,1.32,6,30.4,3.7,3.5,73.6,2,6,5,"Technology",94.94
38,17,3.4,1.6,4.2,6.04,1.11,0.71,2,34.3,4.2,3.5,36.3,5,6,2,"HR",97.53
35,15,9.2,4.9,17.4,13.22,2.13,1.68,7,27.4,3.1,3.6,63,6,6,2,"HR",100
27,19,2.1,1.1,2.8,10.79,1.97,1.61,6,29.5,4.5,3.6,50.1,5,9,5,"Marketing",100
41,13,5,2.9,11.8,10.21,1.62,1.28,5,37.7,4,3,71.1,7,8,3,"Technology",98.54
45,15,7.3,3.2,10,8.5,0.94,0.84,3,57.5,3,4.3,59.2,9,10,3,"Sales",100
35,16,2.5,1.3,3.6,8.26,1.68,1.06,5,17.5,2.8,4.3,75.6,4,5,2,"Sales",79.3
25,19,4.4,2.1,11,9.99,1.23,1.43,4,27.4,2.6,4.6,61.6,5,7,3,"Sales",100
36,18,5.9,2.9,8.1,8.34,1.53,1.32,5,55.6,4.1,3.6,61.3,2,8,1,"Operations",100
22,16,4.3,2.4,8.2,5.8,0.98,0.88,3,15.4,3.4,4.2,52.3,4,2,1,"Finance",91.22
29,14,4.4,2.2,8.6,13.61,2.32,2.16,7,21.8,3.6,2.6,65.8,4,2,3,"Technology",92.21
40,14,3.9,3,7.5,10.98,2.19,1.73,6,26.1,3.8,3.2,34.7,6,7,2,"Marketing",100
33,17,6.4,4.3,9.9,13.87,2.29,1.45,6,79.6,3.4,3.8,44.9,5,6,1,"HR",100
41,17,6.7,3.1,13.8,6.65,1.22,1.12,4,68.5,3.1,2.9,29.8,3,8,0,"Sales",100
46,16,6.5,3.4,9.5,10.71,1.79,1.33,6,41.1,5,3.5,69.7,4,11,5,"Sales",100
36,17,6,3.5,5.5,9.24,1.23,1.29,5,20.3,2.6,3.7,80.2,3,7,4,"Finance",85.69
31,13,4.6,1.9,4.8,10.96,1.81,1.15,4,45,3.8,3.2,27.5,3,4,2,"Marketing",100
44,14,2.2,1.3,3.1,9.69,1.76,1.37,5,37.7,3.4,3.8,48.6,5,7,2,"Technology",100
45,17,5.6,3.3,6.5,6.58,0.98,0.66,2,9.3,4.7,3.3,61,4,7,5,"Technology",86.45
29,17,5.2,3.8,8.7,6.85,1.1,1.17,4,58.1,4.3,3.5,65,4,6,4,"Finance",100
31,16,7.8,3.5,14,14.81,2.22,2.02,7,29.1,3.4,4.7,48.1,0,10,1,"Technology",100
31,20,6.1,2.8,9.7,7.51,1.24,1.06,3,14,5,4.1,87.8,3,4,1,"Operations",92.62
34,16,5.3,2.4,13.1,10.95,1.36,1.22,5,30.1,4.8,2.6,65.7,2,5,4,"Sales",100
35,19,6.3,3.4,12.7,8.81,1.74,1.34,5,19.9,3.6,3.1,71.4,7,6,4,"Marketing",90.92
47,14,5.9,2.8,10.9,12.73,1.72,1.72,6,6.4,2.6,2.9,62.7,5,6,3,"Sales",90.12
42,13,4.7,3.3,11.2,8.6,1.32,1.05,4,43.3,4,3.3,85.3,6,7,3,"HR",100
40,16,3.9,2.4,7.1,10.12,1.56,1.25,5,40.1,3.7,3.9,62.7,2,8,3,"Operations",100
22,18,5.4,2.9,10.5,8.59,1.59,1.22,4,20.7,4.1,5,54.1,3,6,4,"HR",92.11
38,18,2.8,2,5.1,14.67,2.25,1.92,7,21.7,3.4,4,83.7,5,7,1,"Marketing",96.86
45,16,7.9,4.5,15.6,10.71,1.54,0.99,4,18.8,4.5,4.3,52.4,5,8,0,"Operations",100
47,16,6.8,3.4,11.9,10.56,1.89,1.25,4,23.7,3.9,2.7,66.2,3,7,1,"Technology",100
22,19,4.4,1.6,7.7,5.42,1.02,0.66,3,40.2,4.6,4.2,48.1,2,6,4,"Technology",100
31,12,5.8,4.8,14.1,9.73,1.45,1.24,5,23.3,4.1,4.4,61,3,4,1,"Sales",98.47
23,19,4.3,2.8,7.9,6.86,1.03,0.73,2,39.6,5,3.2,54.2,3,5,0,"HR",100
36,12,7.9,4.1,9.1,15.78,2.35,1.69,7,21.9,3.6,4.2,96.5,5,6,5,"Sales",100
22,20,5.7,4.1,11.3,15.52,2.03,1.86,6,53.7,4.4,3.6,64.1,2,2,3,"Operations",100
38,14,10.2,5,16.7,12.15,2.39,1.73,6,21.9,3.7,4.2,83.2,5,7,5,"Sales",96.64
40,15,4.4,2.2,6.3,7.64,1.39,1.08,4,19.8,2.4,3.6,56.6,3,5,4,"Sales",81.96
35,13,6,2.3,10,7.68,1.15,0.7,4,15.7,4,3.3,69,7,8,4,"Sales",85.15
48,13,8.3,4.2,10.7,14.18,2.31,2.17,8,32.6,4.6,3.3,73.3,7,7,3,"Technology",100
36,16,5,2.5,7.3,7.57,1.48,1.2,4,33.2,4.1,4.1,48.8,2,6,4,"HR",100
24,17,5.9,2.4,7.9,4.98,0.81,0.59,1,12.7,4.3,4.3,52.5,7,7,5,"Finance",84.58
31,17,3.5,1.3,5.2,8.65,1.33,1.18,4,45.1,3.1,4.1,47.3,2,7,5,"Finance",100
45,14,5.3,2.8,8.2,10.75,1.62,1.42,5,32.1,2.9,3.1,85.9,7,6,2,"Marketing",95.54
33,15,8.4,3.6,11.5,9.43,1.55,1.17,5,28.9,3.2,2.7,60.2,5,6,5,"Technology",96.85
40,17,5.3,2.8,13.5,13.01,1.88,1.38,6,36.4,2.6,4,32.6,3,6,3,"Finance",88.66
36,18,5.2,2.1,11.6,5.16,0.97,0.69,3,26.2,2.6,3.3,83.3,2,4,3,"Technology",82.96
42,16,3.8,2.4,8.5,6.61,1.22,1.08,3,30.2,3,2.9,56.7,2,6,1,"Operations",95.43
34,20,4.4,3,8.5,9.7,1.35,1.33,5,22.9,2.6,2.6,67.3,2,5,4,"Technology",100
48,15,6.2,2.7,7.9,15.75,2.68,1.98,6,14.5,4,3.5,50,2,7,0,"Operations",83.68
44,16,4.3,2.4,7.1,11.27,2.05,1.46,6,33.8,3.2,3.2,41.1,3,7,2,"Finance",100
29,16,5.5,2.7,11.6,7.94,1.43,0.95,4,56.1,3.7,3.8,66.7,4,5,3,"Technology",100
34,19,3.4,2,5.5,10.33,1.39,1.53,5,22.5,1.6,2.7,71,5,6,2,"Operations",91.7
37,19,8.4,4.2,19.9,9.38,1.96,1.52,5,27.2,3.6,3.4,63.9,2,5,2,"Finance",99.45
41,17,5.9,3.7,13.7,7.36,1.65,0.97,4,11.7,4.4,4.1,74.5,3,9,0,"Sales",100
46,16,7.4,2.4,18.5,15.43,2,1.93,6,16.8,3.6,4.5,35.4,2,5,3,"Finance",100
45,20,4.7,2.7,9.4,15.58,1.69,1.75,6,37.6,3.5,3.2,72.5,7,6,3,"Technology",100
33,19,6.7,2.7,9.6,14.32,2.09,2.05,7,35.2,4.2,3.9,52.6,2,6,1,"Technology",100
35,16,6.5,2.8,12.9,8.6,1.25,1.07,4,58.3,3.8,3.8,71.7,4,8,5,"Technology",100
30,17,4,2.6,7.4,8.98,1.8,1.49,5,30.8,3.7,4.2,84.4,5,4,5,"Sales",100
47,16,10.5,5.7,17.8,8.02,0.92,0.78,3,21.9,4.3,2.8,70.3,5,6,2,"Finance",87.18
49,12,6.1,2.5,14.3,21.55,3.04,2.61,9,60.5,3.5,2.2,31.4,3,7,2,"Finance",100
28,17,7.2,4.3,10.2,9.53,1.19,0.86,5,15.8,3,4.3,68.5,1,4,0,"Marketing",84.18
23,16,5.7,3,7.8,13.05,2.18,1.99,6,58.7,3.1,4.9,51.9,3,6,5,"Technology",100
52,15,10.6,5.1,13.4,9.61,1.49,1.15,5,33.3,3.6,4.3,76.3,4,7,2,"Technology",100
36,17,4.5,4.1,14.9,10.65,1.79,1.31,4,34.6,3.3,2.9,74.1,7,6,2,"Operations",100
29,18,6.3,2.8,13.3,7.12,1.19,0.74,4,41.7,4.6,2.7,73.2,2,4,3,"Operations",100
43,17,2.5,1.5,6.2,14.01,1.85,1.67,6,29.3,2.4,2.9,71,7,8,1,"Technology",100
40,15,7.3,3.9,14.8,13.98,2.14,1.57,6,47.4,3.7,2.4,49.4,2,9,2,"Technology",100
35,14,3.7,2,7.1,7.88,1.51,1.1,4,61.3,3.3,4.7,66.4,3,4,4,"Operations",100
23,18,7.9,4.1,13.7,6.6,0.95,0.67,2,72.6,4.7,3,66.8,0,9,2,"Operations",100
36,16,9.1,5.7,21.1,8.75,1.69,1.32,5,61.2,2.8,3.7,62.6,5,7,5,"Technology",100
33,19,4.9,2.3,10.2,7.19,1.23,1.09,4,15.3,4,4.7,51.6,3,3,2,"Finance",97.19
28,16,6.6,3.8,11.1,9.57,1.73,1.39,4,29.8,2.9,3,51,6,9,4,"Technology",100
24,14,4.8,2.5,9.1,11.15,1.74,1.39,6,21.9,3.8,2.7,45.5,1,7,5,"HR",90.5
24,15,11.1,3.3,13,6.08,0.97,1.06,3,28.2,2.9,2.4,62.9,3,7,5,"Operations",98.88
35,13,7.7,3.2,9.3,8.02,1.17,0.87,4,28.7,3.7,2,68.5,2,7,1,"Operations",100
41,16,7,2.7,8.7,10.76,1.78,1.26,5,32,3,4,70.6,3,7,2,"Technology",97.95
41,20,8,2.7,12.8,20.62,3.67,1.95,7,18.4,4.6,4.3,41.8,5,5,4,"Finance",100
49,17,4.6,2.3,7.3,14.95,2.53,2.31,6,22.2,3.8,2.5,52.5,3,6,0,"Technology",100
32,18,5.9,2.6,6.9,6.4,1.41,1.02,4,25.7,3.9,3.1,61.1,4,4,3,"Technology",87.44
35,15,6.5,2.6,9.8,6.27,1.2,0.81,4,24.5,4.6,3.5,65.5,6,5,3,"Sales",100
43,15,6.1,3,12.8,8.08,1.41,1.36,5,20.7,4.1,3.4,70.1,5,2,1,"Marketing",98.63
36,15,9,4.4,13,7.8,1.42,1.06,4,22.9,3.1,3.4,55.8,3,5,2,"Operations",100
30,17,2.4,1.2,2.4,5.64,1,0.76,3,25.7,3.1,3.9,77.2,4,5,2,"Operations",81.86
29,12,3.9,2.1,6.7,8.39,1.41,1.01,5,16,3.6,4,30.7,2,2,5,"Operations",83.26
28,18,5.1,2.4,7.4,11.07,1.88,1.54,6,28,3.9,3.2,39.9,4,8,4,"Finance",100
28,19,3.5,2.3,5.9,5.54,0.95,0.66,3,21.5,2.8,4.7,64.6,7,5,5,"Technology",92.2
33,16,3.8,1.8,4.8,9.96,2,1.63,5,19.5,4.6,4.3,68.4,9,7,1,"Operations",86.47
33,17,8.1,4.1,13.5,10.74,1.69,1.53,6,80.9,3.7,3.9,67.4,5,7,4,"Marketing",100
39,15,5.6,3.6,12.2,5.12,0.95,0.66,2,29.9,2.4,3.8,56.2,3,2,2,"Marketing",93.47
45,16,7.9,2.7,16.7,10.17,1.98,1.72,6,24.7,3.7,3,50.1,5,4,3,"HR",92.76
47,17,3.4,2.4,6.6,6.83,1.39,1.12,4,34.1,3.4,3.7,54.9,1,7,2,"Technology",100
29,16,8.3,5,13.3,6.05,0.79,0.86,2,16.7,5,1.8,59.9,4,7,0,"Sales",89.19
40,15,6.9,3.1,11.4,13.7,1.97,2.02,6,39.2,2.2,3.2,82.8,4,7,4,"Sales",100
26,12,5,2.6,8.3,7.46,1.31,0.9,4,12.2,2.1,3.8,93,5,6,0,"Finance",67.07
46,20,6.4,3.6,16.6,17.25,2.33,2.62,8,72,3.9,2.9,46.2,5,9,3,"Finance",100
32,13,2.7,2.1,5.7,7.72,1.5,0.86,4,38,4,4,74.2,3,5,1,"Technology",100
48,16,7.6,4.6,14.6,6.92,1.52,0.96,4,45.8,3.4,3.9,58.9,6,6,2,"Finance",100
36,16,5.5,2.7,9.3,13.27,1.93,1.87,7,37.2,3.6,3.2,50.9,4,4,5,"Operations",96.12
44,20,4.2,2.1,6.6,9.25,1.81,1.45,5,10.9,3.9,3.9,65,7,6,3,"Sales",89.6
49,16,8,3.5,12.1,12.24,1.55,1.25,5,16.1,4.5,2.6,41.2,2,6,2,"Technology",85.31
29,17,4.2,2.1,6.8,10.06,1.37,1.1,5,37.3,3.7,4.5,72.2,4,8,3,"Sales",100
38,16,10.2,4.5,23.2,11.57,1.93,1.4,7,32.9,3.3,3.4,62,1,6,0,"Technology",100
31,16,6.8,2.8,11.1,7,1.04,0.88,4,27.6,3.4,4.5,56.8,6,5,4,"Operations",95.64
40,16,3.6,2.4,6.8,8.59,1.33,0.97,4,44.2,4.2,5,49.2,7,6,5,"Technology",100
41,15,3,2.4,5.7,9.38,1.79,1.39,5,100,4.4,4,87.3,5,9,3,"Operations",100
35,12,9.8,5,17.6,10.7,1.46,1.28,6,35.2,5,3.7,66.4,4,9,0,"Sales",100
41,12,5.3,2.7,7.4,8.82,1.42,1.13,5,25.9,2.5,3.5,53.8,3,10,3,"Finance",90.41
37,16,5.3,3.2,13.1,10.55,1.32,1.47,5,6.1,2.8,4.4,52.4,5,5,4,"Marketing",98.92
31,18,8.1,5.1,13.3,8.09,1.24,1.14,4,11.8,3.9,5,63.9,4,6,0,"Sales",74.8
42,18,5,3.3,7.4,9.98,1.92,1.23,6,15.6,4.3,3.7,44.9,7,7,0,"Sales",100
35,14,2.5,1.6,4.2,16.91,2.67,2.43,7,23.8,3.9,3.8,69,1,7,3,"HR",85.55
41,15,4.2,3.6,10,8.73,1.66,1.32,5,36.6,4.2,3.8,56.3,2,7,5,"Sales",100
22,18,5.3,1.8,7.5,8.61,1.49,1.37,5,17,4.2,3.7,96.2,2,6,2,"Technology",90.7
22,12,5.7,3.8,13.4,10.17,1.77,1.55,5,25.6,3.7,3.8,20.2,6,7,3,"Sales",95.52
45,12,3.3,1.8,8.1,14.3,2.01,1.71,5,74.8,3.9,2.8,52.4,3,6,4,"Finance",100
35,17,6.9,4.4,17.2,5.5,0.88,0.65,2,59.2,5,2.5,74.7,1,9,0,"HR",93.6
40,15,4.4,1.7,4.9,5.51,0.89,0.69,3,32.9,2.6,4.6,49.1,7,8,4,"Operations",100
23,19,8.7,4.1,16.8,7.82,0.99,0.74,4,44.5,4.4,3,50.6,6,5,5,"HR",100
41,18,6.4,4.1,10.3,11.36,1.95,1.52,5,15.9,2.7,4.7,45.6,6,8,3,"Technology",100
36,17,3.5,2,6.9,16.36,1.95,1.84,6,20.9,3.3,2.9,49.3,2,5,5,"Technology",96.9
29,17,3.3,1.6,4.5,15.61,2.01,1.92,8,24.2,3.9,3,77.8,6,3,5,"Technology",87.62
31,17,5.8,2.8,7.8,11.86,1.69,1.32,6,54.9,3.7,3.6,71.1,3,9,0,"Technology",100
43,12,5.4,2.8,7.5,4.63,0.7,0.55,3,52.5,3.8,3.7,57.5,6,9,4,"Marketing",92.35
30,19,6.6,5.2,11.1,10.69,1.62,1.21,5,48.2,4,3.5,51.6,6,7,0,"Technology",100
28,17,6.1,3.5,9.9,6.83,1.16,0.72,3,41.1,3.7,3.7,81.8,2,5,5,"Technology",100
49,17,3.5,2,7.3,15.38,2.15,1.65,6,60.7,3.8,3.5,52.4,3,5,3,"Operations",100
22,14,2.8,2.1,5,16.45,2.43,1.8,7,65.6,3.8,3.2,62.6,7,7,3,"Sales",100
35,16,7.4,3.2,13.1,10.81,1.76,1.35,6,15.5,4,3.1,63.3,3,7,2,"Marketing",88.34
34,15,8.5,3.3,12.6,7.8,0.86,0.81,4,22.6,2.8,3.5,66.5,1,7,4,"Operations",88.92
40,18,13.1,5.9,19.5,7.47,1.42,0.9,4,13.9,4.3,4.4,55.2,1,7,3,"Finance",100
38,18,7.3,2.7,14.7,6.47,1.41,0.87,4,23.6,2.8,3.3,54.2,6,6,3,"Marketing",77.22
42,12,7.4,2.9,11.1,16.43,2.3,1.63,6,15.1,4.3,2.8,67.2,2,6,5,"Sales",96.11
38,15,4.7,1.9,8.1,10.05,1.7,1.4,5,51.7,3.5,2.3,37.3,3,6,3,"Marketing",100
27,16,4.1,2.1,7,10.15,2.12,1.89,5,14.1,2.3,3.5,64.6,3,6,3,"Technology",88.77
37,20,2.5,1.5,4.8,15.91,1.89,1.85,6,18.3,3.4,4.8,51.6,8,6,3,"Marketing",88.38
25,15,5.7,3,10.1,10.59,1.83,1.82,6,14.6,4.3,5,51.9,6,6,2,"Finance",98.14
30,17,3.4,2.1,6.3,8.63,1.26,1.07,4,37.3,3.6,3.7,76.3,3,8,3,"Sales",90.26
32,18,3.9,2,10.1,9.66,1.41,0.95,5,67.1,3.2,4.3,36.1,2,6,5,"Technology",100
28,13,3.6,3.3,6.2,11.33,1.56,1.42,4,52,4.7,3.3,67.5,2,5,2,"Sales",100
43,18,7,4.6,16.3,19.46,2.47,2.29,7,31.7,3.2,3.5,80.3,4,7,3,"Technology",100
41,14,5.8,3.3,11.5,8.44,1.08,0.86,4,65.4,4.4,3.5,55.3,4,7,2,"Operations",100
39,18,4.8,2.7,8.8,21.88,2.92,3.51,8,5,1.5,3.1,51.1,3,4,3,"Finance",72.46
29,14,3.2,1.7,6.6,9.23,1.55,1.22,5,15.1,3,4,48.5,2,6,3,"HR",91.1
28,17,3.6,1.9,6.4,6.92,0.94,0.97,3,18.8,2.5,5,66.4,3,5,1,"Sales",74.59
35,12,3.6,1.9,4.7,8.81,1.32,1.3,5,47.6,4.1,2.8,65.6,5,9,3,"HR",100
36,15,4.8,2.3,12.2,7.73,1.23,1.21,5,12.3,2.4,5,75.1,2,7,3,"Operations",93.04
35,17,8.2,4.1,20.3,11.29,1.97,1.71,6,22.5,3.7,3.9,58.6,1,7,2,"Operations",100
45,18,2.9,1.8,7.4,10.79,2.24,1.74,6,25.1,4.8,3.2,39.5,4,5,3,"Finance",85.13
42,17,8.8,4.8,14.9,10.74,1.24,1.06,5,21.6,3.2,3.6,33.8,5,4,2,"Operations",100
37,15,3.4,1.6,4.7,11.1,1.5,1.19,4,15,2.8,3.5,56.1,2,5,0,"HR",72.62
42,15,5.4,4.2,11.7,11.06,1.52,1.39,5,34.3,3.2,4.5,58,5,7,0,"Marketing",98.05
39,18,5.9,3.5,8.9,13.28,1.96,1.59,7,23,4,2.3,51,2,6,5,"Finance",100
22,16,3.9,2.5,6.2,16.63,2.34,2.46,7,16.6,3.3,3.6,84.6,3,7,4,"Marketing",86.47
32,15,5.8,3.1,10.2,7.75,1.27,1.03,3,40.1,3.7,3.7,26.8,2,6,3,"Sales",100
43,20,3,1.9,4.3,9.91,2.17,1.38,5,38.9,3.2,3.2,45.7,6,5,0,"Sales",100
32,16,8.4,3.1,13.5,13.14,1.81,1.73,5,57,2.9,4.1,55.6,1,8,3,"Operations",100
24,15,6.5,2.6,11.2,8.92,1.53,0.89,4,27.1,3.9,1.6,50,2,6,4,"Finance",100
40,18,20.7,8.3,27.7,14.85,2.55,2.19,7,29.6,3.7,3.1,77.3,5,7,3,"Operations",100
41,13,2.9,1.6,8.9,10.58,1.2,1.44,5,42.7,3.9,5,45.4,2,4,3,"Marketing",98.7
52,17,3.3,2.3,6.4,10.49,2.03,1.54,6,23,4.9,3.4,56.5,2,3,4,"Finance",86.02
36,13,5.4,2.2,7.8,15.1,2.2,1.93,6,81.2,4.5,4.1,50.1,3,10,0,"Operations",100
42,13,8.2,5.2,11.6,15.46,2.02,2.32,5,20.8,3.3,3.9,50.9,2,6,4,"Technology",97.41
37,16,4.8,3,10.8,15.59,2.83,2.1,7,40.2,4,3.5,62.2,4,7,5,"Technology",100
47,20,7,2.5,10,9.09,1.9,1.65,6,31.9,2.9,2.8,88.1,6,7,3,"Finance",100
31,18,5.2,2.8,7.1,11.42,1.74,1.61,6,32.8,3.8,2.6,44.8,1,7,0,"HR",90.17
51,15,1.9,1.9,3.7,4.88,0.82,0.67,1,48.3,4.1,4,59.6,2,9,0,"Operations",100
28,13,6.1,2.1,10.3,16.09,2.27,2.15,7,43.8,4.3,4.7,94.3,3,8,3,"Finance",100
34,12,6.6,3.3,14,14.53,2.27,1.71,7,45.9,4.5,2.5,76.1,5,6,3,"Marketing",90.51
33,17,2.2,1.1,4.3,12.62,2.42,1.64,8,14.7,4.2,4.6,42.1,2,2,5,"Marketing",75.16
43,16,4.3,1.4,5,10.19,1.96,1.68,6,26.3,3,3.3,59,4,7,3,"Operations",93.13
34,13,3.3,1.6,8,8.7,1.63,1.34,5,13.4,5,3.6,57.2,2,5,3,"Marketing",83.79
24,16,8,3.9,14.6,9.79,1.72,1.46,5,33.9,3.3,4.2,83.3,3,10,3,"Operations",100
33,18,5,2.8,11.1,8.1,1.22,1.24,4,27.1,4.4,3.7,71.7,6,9,2,"Marketing",98.59
41,19,4.8,2.8,11.4,15.96,2.48,2.12,7,21.5,3.9,3.9,80.5,3,7,5,"Finance",93.73
38,18,3.8,2.3,5.9,14.69,2.5,1.98,6,20.2,2.3,3.8,55,4,7,0,"Marketing",100
31,15,5.7,2.4,8.9,9.42,1.75,1.05,4,19.7,3.1,3.3,65.6,4,5,5,"Marketing",79.43
43,19,4.9,3.1,10,10.02,1.49,1.04,4,45.3,2.7,3.6,63.9,4,5,4,"Finance",100
27,20,5.5,2.3,9.6,9.86,1.47,1.47,4,13.3,5,5,82.8,7,4,2,"Operations",100
39,16,8.4,3.6,14.3,16.87,2.28,1.93,6,42,2,4.9,50.7,4,6,4,"HR",100
30,17,8.1,3.8,16.7,8.11,1.63,0.91,5,46.9,3,4.8,74.2,2,7,3,"Technology",100
34,19,9,3.1,15.5,8.33,1.44,1.37,6,45,4.5,4.6,40.3,3,8,1,"Operations",100
44,18,7.4,3.3,14.7,9.56,1.36,0.94,4,25.2,3.5,3.3,79.8,6,4,5,"Operations",97.21
36,12,4.8,2.6,10.1,9.6,1.43,1.03,4,65.8,3.8,2.8,59.8,1,8,3,"Technology",100
53,12,5.6,2.2,10.2,12.78,2.28,2.13,7,42.7,3.1,3.4,75.3,3,8,2,"Finance",98.77
50,16,4,1.8,8.6,7.86,1.5,1.15,4,55.5,4.5,2.6,46.9,8,7,2,"Sales",100
31,16,10,6.3,18.8,10.54,1.76,1.36,6,48.5,3.7,3,55.3,2,7,1,"Finance",100
22,18,3.8,1.5,5.7,14.09,2.06,1.65,7,59.4,3.7,5,56.2,5,9,1,"Technology",100
34,17,4.5,2,7.5,6.55,1.25,0.83,3,44.3,4.2,3.9,63.9,2,7,1,"Marketing",100
33,19,7.4,3.1,14.6,6.41,1.44,1.02,4,37.9,3.9,3.8,71.7,3,7,5,"Marketing",100
22,17,14.7,4.9,16.8,13.13,2.39,1.8,7,22.2,3.5,2.9,54.8,4,6,1,"Finance",100
22,13,4.3,3.2,11.1,13.42,1.85,1.86,6,29.9,4.4,2.8,48.8,6,7,5,"Finance",100
31,17,4.7,2.5,8.7,13.21,1.91,1.92,6,23.6,2.7,4.6,71.4,4,4,5,"Sales",100
38,17,9.8,5,13.5,20.91,3.47,2.84,8,6.9,3.9,4.6,65.1,4,2,4,"Sales",93.7
38,20,3.5,2.3,7.1,14.11,2.03,1.69,6,14.4,3.6,3.5,26.3,2,6,2,"Operations",90.53
36,18,9,6.4,20.3,10.39,1.58,1.07,5,30.9,3.1,2.6,41.4,2,8,4,"Finance",100
39,17,5,2.6,12.4,9.65,1.3,1.01,4,72.4,3,3.1,54.8,5,7,0,"Technology",100
30,14,4.7,2.3,8,10.04,1.55,1.26,4,25.6,2.6,3.4,56.9,6,8,4,"Technology",98.31
41,19,5.5,2.2,11.5,12.04,2.17,1.76,7,21.7,2.3,3.3,85.5,3,5,0,"HR",100
39,16,7.2,3.5,14.7,10.42,1.8,1.32,6,31.9,4.5,3.5,62.8,1,7,2,"Sales",87.17
31,18,6.5,4.8,12.5,6.85,1.43,1.31,4,20.1,3.5,3.1,78.2,1,3,1,"Marketing",94.18
35,18,2.3,1.2,4.7,10.29,2.12,1.42,6,63.4,2.5,3.6,60.5,5,7,3,"Finance",100
38,17,6.8,2.8,12.8,6.06,1,0.84,2,46.8,3.7,3.5,47.8,3,6,3,"Marketing",100
41,18,11.3,4.8,14.3,8.73,1.61,1.21,5,24,3.4,4.8,70.2,2,8,5,"Finance",100
44,17,10.3,3.5,13.4,9.13,1.55,1.46,5,37.7,4.7,3.3,61.6,3,8,5,"Marketing",100
23,17,4.4,2.2,8.2,13.42,2.4,1.88,7,13.3,5,3.8,20.6,5,4,3,"Operations",100
25,18,10.3,3.5,11,4.81,0.88,0.6,3,22.3,4.1,3.5,56.5,9,5,4,"Finance",100
23,19,7.5,4.8,15.1,11.3,1.88,1.5,5,12.9,2.8,2.5,67.3,2,8,0,"Sales",100
42,19,4.6,2.2,7.3,9.39,1.72,0.93,4,51.9,3.6,3.5,81,2,8,2,"Marketing",100
32,12,6.7,3.4,10.1,5.71,1.04,0.73,3,41.2,3.2,3.5,35.1,5,7,2,"Operations",100
28,19,5.6,3.9,12.8,8.89,1.4,1.11,4,10.1,4.3,3.6,48.7,6,4,5,"Operations",83.4
45,19,9.1,4.4,11.6,11.22,2.07,1.48,6,29.1,3.2,2.7,69.3,5,7,2,"Operations",92.61
33,17,9.7,3.6,15.1,6.79,1.06,0.96,4,16.9,3.5,4.1,44.5,6,6,4,"Operations",100
36,19,13.8,3.9,22.1,16.34,2.05,1.54,6,23.1,1.6,3.5,75.4,0,3,1,"Finance",87.55
33,18,4.8,2.6,8.7,9.05,1.28,0.94,4,73.3,4.2,4.3,72.2,4,6,3,"Operations",100
27,19,6.4,2.6,12.7,10.33,1.41,1.2,5,31.1,3.8,3.2,67.1,8,8,4,"Technology",100
40,12,8.7,3.8,9.4,7.05,1.58,1.08,4,44.6,3.8,4.9,73.5,4,8,0,"Marketing",100
32,17,8.7,4.2,13.4,7.42,1.45,1.03,4,13.9,2.2,4.4,59,3,5,2,"Operations",91.11
35,19,5.9,2.9,7.3,11.08,1.42,1.22,4,19.3,2.4,4.1,46.9,7,4,2,"Operations",89.4
35,19,5,3.6,10.5,7.74,1.33,0.75,4,21.5,3.9,3.5,70.3,9,4,3,"Sales",79.66
29,13,14.3,7.8,29.6,11.53,1.45,1.44,6,15.3,4,3.6,71.6,3,10,3,"Technology",88.72
35,15,6.6,3,11.7,9.97,1.76,1.53,6,59.6,2.5,3.9,70.5,5,7,3,"Technology",100
54,15,3.3,1.5,5.9,10.18,1.38,1.22,5,39.8,3.7,3,50.5,2,2,3,"Operations",100
23,15,4.4,2.9,7.6,15.16,2.69,2.46,7,36.1,3.1,4.4,49.8,4,7,3,"Sales",100
30,16,4.3,3.3,10.9,11.77,1.99,1.45,5,25.7,5,3.8,65.8,4,5,2,"Finance",100
31,15,2.5,1.5,4.3,6.6,1.11,0.76,4,17.7,3.4,3.4,81.2,8,5,5,"Technology",79.27
43,15,6.8,3.2,12.3,7.09,1.45,1.16,4,16.4,2.8,3.3,81.2,6,4,4,"Marketing",85.85
34,17,8.1,4.4,12.2,4.47,0.84,0.74,1,21.5,3,3.8,55.6,5,8,3,"HR",97.7
23,18,4.4,2.3,9.2,12.74,2.27,2.05,6,39,4.7,2.2,64.3,1,7,5,"Finance",92.59
31,20,5.6,3.1,6.8,8.36,1.55,1.28,4,24,3.4,4.1,84.1,5,3,4,"Technology",91.78
23,14,8.9,4,14,10.02,1.48,1.31,5,18.1,2.8,5,69.6,4,7,1,"Operations",98.29
32,17,10.5,4.7,16.7,6.49,1.01,0.69,2,53.4,2.8,4.1,54.7,3,5,4,"Finance",100
41,16,3.4,1.9,5.4,7.64,1.1,1.15,5,33.5,3.6,3.5,54.6,2,4,5,"Sales",78.84
37,17,5.5,3,9.2,14.61,2.59,1.35,6,13.4,3.8,2.2,48.7,5,4,4,"Operations",100
35,20,3.2,1.9,5.3,9.99,1.64,1.5,6,51.8,2.6,2.7,50.8,3,5,2,"Technology",100
40,14,4.8,2.6,6.1,8.38,1.11,1,3,37.9,3.2,3.8,78.1,5,5,4,"Sales",100
