Age,Education_Years,Department,Tenure_Years,Years_Current_Role,Base_Salary_Lakh,Annual_Bonus_Lakh,Job_Satisfaction,Manager_Support,Workload_Index,Work_Life_Balance,Training_Hours,Promotion_Last_3Y,Projects_Completed,Absenteeism_Days,Overtime_Hours,Remote_Work_Days,Engagement_Score,Attrition
35,16,Sales,0.7325622920376229,0.7325622920376229,9.72782593367555,1.2251173735817984,3,3.1879503924539465,44.57153853749492,2.3095364331405444,13,0,4,4,11.65360190694263,0,3.9833738899450886,No
25,15,HR,7.754827392673797,6.936092346633404,18.70924477590746,3.034212518197771,5,3.2012303385088665,46.68344338246204,2.99395211525623,69,1,10,4,30.46895166483822,3,3.288525497048272,No
59,15,Sales,2.707039505766325,1.20590531029803,11.206271501456278,1.71127739684483,2,2.6142271788296205,86.70483749613751,3.214725259589503,37,1,7,3,62.65955657845551,4,3.3176770247991465,Yes
36,16,Technology,2.4373752477122723,2.344676383203947,11.694022651711784,1.4945940669440816,5,3.6850506038256228,39.895514621535334,2.3762932930185046,50,0,8,4,20.355136925876735,4,3.1934026542957814,No
36,20,Technology,1.7741250025789745,1.7741250025789745,6.9251437790380175,0.6091378742261043,3,2.895733110151385,90.40804569910813,1.984720983310798,28,0,9,3,20.97939026260491,3,3.963768866484711,Yes
21,13,Technology,4.718491936025716,3.412342160959357,9.324815660149174,1.6507593319079887,4,2.9923042314538986,65.77694265678882,2.2943504470108396,29,0,7,1,21.24726284201759,2,3.434476873172204,Yes
21,15,Technology,2.361447252204578,2.361447252204578,11.6039399928326,1.5778333101234052,4,4.197310674489045,65.97630200017555,3.527527918648235,43,1,9,3,61.930770807124915,1,3.373312174718768,No
28,18,Operations,3.788758973320823,0.3242112650689484,9.89598115643611,0.6775718925228043,3,2.9019051818781945,74.57997125340401,3.0933370426028093,35,1,6,5,3.791027686462405,5,2.0787964399148757,No
41,17,Finance,1.9028857114060034,0.36304897455449125,8.12168938372998,0.8540958276123066,3,3.3078990471370053,64.26139211737946,3.512176825385912,20,0,8,7,20.455933657443783,4,3.569670434545537,No
41,18,Finance,2.3547756083750366,2.3547756083750366,8.064248716392674,0.9244035575511562,3,3.402947935894501,48.59211555228106,3.9686765448511503,15,0,7,6,25.19063360064315,0,2.4957649322980378,No
44,16,Operations,0.3483635875622656,0.3483635875622656,7.997358487957685,1.31595487457103,5,4.073738120232046,35.71440472589919,2.581559711571504,35,0,7,3,19.978011012020836,4,2.525806760387671,No
38,15,HR,4.019890781018994,4.019890781018994,7.52023443225436,1.1491799432909142,3,3.362665472151389,84.87645497363516,3.882576376221904,23,0,7,3,72.97249289211452,4,3.023049471062495,Yes
21,18,Sales,15.650333110533388,3.8036794747283964,27.18438635077469,3.566347601424273,4,4.897263262480737,62.635245488646255,4.106306766461536,42,1,12,5,31.462405317013676,0,3.7899303194293044,No
32,17,Sales,1.5413794039749547,0.3,9.875332629594123,1.661127737000171,3,3.0042069787834524,66.48313343526858,3.0149538973618144,36,0,6,7,30.845598211662054,5,3.9168384920461152,No
29,15,Sales,4.888791071697303,3.7935649498884656,15.320278415345046,1.6635773612405593,4,3.480916448230129,75.5005020715914,4.112427710714566,47,1,9,6,52.975332176671,2,2.7949880945858867,Yes
23,16,Marketing,4.103235096162398,0.3,8.67280856523763,1.5401163760932608,4,4.300011722808148,49.84552334314238,2.8422916859004133,43,1,9,1,19.325150897691124,2,4.44306838798336,No
40,14,Finance,4.877166727553907,3.5393785747205246,13.092389875100459,1.3896163030260702,4,3.1341514353208284,38.922044171736935,2.390638631763595,43,0,7,1,51.881516296532254,1,3.8104873323158386,No
37,14,Technology,4.667914491102122,4.667914491102122,8.151366501694397,1.2809068318085257,3,4.00380137699832,63.49570706100257,3.6902326555628977,33,0,7,5,29.4001343463305,3,3.5630778301560815,No
29,17,Finance,5.252651009713156,5.252651009713156,9.017563439290557,0.9427662030912305,3,3.1171911843143496,71.91193649253356,2.3839034694017016,18,0,7,5,33.33649065553732,2,2.8493431055633236,Yes
40,14,HR,12.579113954414732,5.776051648832009,19.3447283881921,1.602845326722956,3,3.4991469127073542,46.81813321427221,3.3140168960933414,20,0,8,4,28.165973188641214,2,3.587369013575007,No
26,14,Finance,1.8383376121664792,1.8383376121664792,8.419826322474941,1.0289243295636856,3,3.4560174745375254,46.13765936755703,2.802281771689431,11,0,4,5,38.07621968306173,3,3.0518099940014785,No
28,15,Finance,5.821116881435643,2.001055874431765,10.752427710958244,1.4075272379879704,4,3.42817676918572,76.3170283451232,2.502743727313566,34,0,8,8,38.29931497533766,2,3.5600615917589065,No
27,18,Technology,3.51703165872288,3.150820216531258,12.05474665236526,1.4839582357621504,2,4.978842451399816,48.842369818684595,3.1887513326851433,38,0,10,6,73.24147392323508,1,3.2495024366159004,No
34,16,Sales,12.508165240353387,5.562167874160751,17.197233644581257,1.8693334535780382,4,4.206023084228459,67.35592371175417,2.219322870219505,55,0,11,10,22.58442399510249,3,3.553778037651547,No
41,14,Operations,3.382161822505874,1.8062690399701444,11.890772587938159,0.8042196737261014,5,3.688653522557031,59.16829771521825,1.7069715057962835,19,0,6,2,35.74111472507387,3,4.430744736984752,No
31,17,Sales,4.034362219673272,4.034362219673272,13.084822588534495,2.3070940310005694,3,3.80171518149723,38.77038898180771,2.2955563030430497,15,0,5,3,80,1,2.820029949389637,Yes
47,13,Technology,2.540717607567948,2.540717607567948,8.39449815646345,0.7284227859980299,3,3.1019886101874197,66.3682851529561,2.8056508491917675,24,1,7,5,16.874743556097734,5,2.468885875850602,No
40,13,Operations,9.279609726933234,5.7858198734641215,18.006788942075715,1.025582965932364,2,4.105209104536886,32.76436737385399,3.7011012260468514,36,0,10,1,31.233633639154235,3,4.361298524419572,No
32,17,HR,9.318935788498706,3.0851098285923566,13.356667427155891,1.2477733158341129,5,3.802602539836672,67.20687407630336,2.855114377754279,32,0,6,5,48.94955397509015,3,2.3628030231407915,No
24,16,Finance,14.420250594356496,6.904192836873326,30.23704503466889,5.575760714542805,5,3.1285587438808737,44.89049445388454,3.990067098022218,29,0,9,7,27.864704699211135,4,2.42119992641577,No
32,17,Marketing,13.077548644026544,4.846260529859261,23.037458957787077,1.7008241783781621,3,2.5191978158041204,60.81638859844316,2.08235999469531,45,1,11,3,33.65304141456662,3,4.006321465289653,No
39,16,Technology,11.501198761776571,5.702650349975454,16.808582920400696,0.8680432361951295,4,3.9345739539034343,54.864901773064076,4.109749464322431,21,0,11,3,17.32243464422843,3,4.736560644547874,No
45,16,Operations,7.391365476568786,5.240345605687926,12.282836250806302,1.4601114956684293,3,1.7787193853707108,69.13170460367364,1.9024430489732869,14,1,5,4,35.80552792059697,5,3.5076553150133503,Yes
30,18,Technology,6.078338448580825,6.078338448580825,14.222742277408257,0.8800529987264311,4,3.521050944423912,54.56387704087907,1.815657557643806,54,0,11,2,25.4175882513932,2,3.308180828989906,No
29,17,Technology,5.483993285830766,1.0468380466795186,11.163754764231633,0.5965305380000974,4,3.5199092458640147,79.48235889201854,4.505926989514966,16,0,5,2,24.43155020157311,3,3.240263253753667,No
27,17,Technology,0.4963607450720395,0.4963607450720395,8.753113874353494,1.595749247813366,2,3.1055749917902618,79.71673964027468,4.375702669075446,22,1,6,1,50.00286576201429,4,2.6502208345256104,Yes
21,17,Marketing,4.687463439936265,4.687463439936265,11.316261347272096,1.8421566797283457,3,4.378325546591322,54.53687226777866,4.275986250564597,15,0,6,6,19.739544694702555,4,3.7230782546124486,No
29,19,Technology,3.2000197460367774,3.2000197460367774,17.378153584108375,1.832674046200903,3,4.376153255035385,74.78892347117194,3.585131802307127,5,1,5,4,31.863758026509355,3,3.780300755761346,No
44,15,Marketing,9.016971724455733,7.619293784189072,13.249893376748947,1.147361018277006,2,3.292411962885767,56.587730406953995,3.496457523249073,84,0,15,4,57.29935308422169,1,4.055810100803228,No
44,15,Technology,2.393706415950399,2.393706415950399,5.201463486006327,0.6141407269944149,2,3.4084655258159087,57.88241808129182,2.1881261059667265,33,0,7,5,15.919344425059087,4,2.666820913655174,Yes
34,18,Operations,12.938343229050098,4.390215876102548,20.12041087912855,2.190048050791477,3,3.5968706830812938,62.31738047452658,2.511511805280206,33,0,7,6,29.294629160990148,2,4.505466494371664,No
42,17,Technology,3.2067384996979578,3.2067384996979578,8.990479606807819,1.121357124157275,4,4.997197744240697,46.302735748107544,3.3305870475821306,56,1,11,5,10.730062984149997,4,4.100883942993722,No
38,13,Sales,2.137928449449638,2.137928449449638,14.159745845253928,1.940329631353482,3,4.212533821609297,33.671162559564735,4.703767574439273,14,1,8,3,47.35910251103642,1,3.968642823518982,No
25,16,Technology,0.8518869665470059,0.8518869665470059,15.771383531053527,1.9150075744764705,4,4.419942290921815,78.12817440625096,2.912603290043157,14,0,3,4,15.171061053205346,3,2.4650988484890886,Yes
34,20,Finance,2.173808634827611,0.32631588059669603,7.467386695813073,1.2919429199320158,4,3.566047469810655,43.37140704629668,3.7242218289029174,92,0,14,6,26.93633759941333,2,3.751507158804817,No
28,16,Operations,0.48288944967551817,0.48288944967551817,7.483967665292213,1.2118309050949212,4,3.00223103577155,67.9478968154098,4.107053603274556,41,1,8,3,42.251464966637805,2,3.5276255249403405,No
24,20,HR,1.8275040939334228,0.8513374663824167,10.21299921859979,0.5513627458401501,3,3.1068366992882757,65.85113759754375,2.4651204740958983,58,0,9,4,19.249990669279892,2,2.5678441892219226,No
39,15,Technology,0.7215125466636954,0.3412664605806481,6.022872906419969,0.5384950680113467,2,2.091665017077243,51.49291655104823,4.3145798419426065,87,0,14,10,6.144662554211983,0,3.742348770728082,No
30,16,Operations,8.121326684720875,5.619381704095859,10.712997310782535,1.0120572193414867,3,4.208999100640492,51.395653542416824,3.0789133605530896,22,0,2,4,22.70413837910069,2,4.218387793631837,No
39,18,Technology,2.267925449512501,2.267925449512501,9.599789848027699,1.0627869720300824,4,3.124123133972074,60.272908801482416,2.8094559264804335,29,1,6,2,21.060160979376324,0,1.0137871947175399,No
26,19,Finance,3.861442315881408,3.861442315881408,10.591688074477903,0.6614185577842414,4,3.110249410501167,41.66825117368388,2.896422730013233,21,1,7,6,70.60438703164488,2,3.9788892201490142,No
29,15,Marketing,3.7839861567910753,3.7839861567910753,10.535925999038211,0.601834687127194,4,1.400630736061586,25.176563679544692,3.70855939880573,45,0,9,8,12.467049236753285,0,3.473173956361031,No
44,17,Operations,1.794355840857313,1.794355840857313,10.561386460787453,1.35911359646578,4,3.0777012954705874,41.32829325403678,1.2847362183346716,49,0,10,2,24.285721642244265,3,2.5409858866694623,No
39,20,Technology,0.8948150968052192,0.526170488080829,8.009124408608407,0.9573849242802827,2,3.0864744156595987,52.25411971617413,2.6235263754234075,25,0,3,5,15.329216972832073,2,2.9072204426000665,Yes
23,14,Finance,2.571876181852464,2.571876181852464,13.961943993091387,0.7306862265662047,3,3.6954378617356425,66.03589306702509,3.4033787913803004,13,0,8,5,31.828753502095324,3,3.7775470567543885,No
39,15,Operations,0.3694471886884682,0.3694471886884682,12.105782858878108,0.8858863280275605,3,3.3086652305121333,60.72136517834686,3.1276622996081653,41,0,8,8,24.343452807835632,5,2.6882877242521803,No
33,17,Sales,0.4599849797311532,0.3,9.896213000159923,0.8639643134005631,4,3.2335996203861344,44.28799620605744,2.000436183251221,22,1,6,2,16.196927940185578,2,4.480133365907465,No
34,19,Sales,18.966211932651632,11.160215205211948,19.080527988877474,3.4456784565420455,4,3.2039949004485355,53.156427368851176,2.598008524837366,41,0,14,7,27.845130410852228,4,3.017417945831974,No
47,15,Technology,5.151512314922189,5.151512314922189,14.241926315435034,2.237612217592339,3,2.671782153287813,59.97069969619449,4.4085614276497855,37,0,10,2,25.386404293787656,2,2.320314676954874,No
37,17,Technology,7.512653865945136,4.897739608246447,11.03453295708487,1.0450026364699494,4,5,31.077401803251934,2.705166028708882,11,0,10,9,22.095907085963493,4,3.173022771507973,No
24,13,Operations,4.066952234202475,3.515237005142049,12.003295053260883,1.8172265225576116,4,2.942606853427852,35.62937479852468,4.070205505028136,18,0,5,3,31.410995269586977,2,3.474718381136116,No
34,16,HR,6.189666121537207,4.841680386039981,15.771393369458522,2.142470738909656,4,3.416966718150991,64.5162786244661,3.3997049688054095,33,0,7,5,25.376917329808077,5,2.9847548761693843,No
32,13,Marketing,6.61078749117999,4.891683725194591,8.602101557026197,1.4219621917011993,3,3.407000459629752,90.8404432211145,3.095683716570598,33,0,8,2,12.789950090341836,5,1.6815723797175302,No
39,16,Technology,10.232966599482289,4.942872180147956,11.93760476203148,1.2449145693671624,4,3.4113965858645066,49.17040727934567,1.6077669819863387,49,0,12,2,12.843138263504013,4,3.933009058386725,No
40,12,Marketing,0.3,0.3,9.298170760371947,1.758108483898399,4,3.8167400249063888,64.38402391579615,2.6869498312403697,68,0,11,5,35.80226161230715,2,2.996523588023056,No
36,14,Operations,15.367830954069191,10.312605861094413,17.003412373317463,2.9495760239964346,5,1.6137988202611546,64.02988790253676,3.693950779038694,7,0,6,4,9.3660430764118,3,4.988407904250048,No
42,17,HR,13.107814123103278,8.348753494601144,13.608705047210346,1.2197138618587127,4,3.919188084452727,48.66721181252911,3.308013292021618,36,0,8,0,43.35785400095614,5,4.712932827654052,No
39,17,Sales,3.7235431629830007,3.0438333703318112,9.351053137537635,1.7005739641102025,3,3.7148688541854575,67.07849533250196,4.6066403766410735,47,0,8,6,63.46446314930183,3,3.1193051816885866,No
36,13,Operations,0.38895781276053715,0.3168675590216196,7.422350547398429,1.1712055905713887,4,3.3955523904582496,60.853420209480156,3.7917438943508683,46,0,10,6,53.88169165777631,3,4.746075038832982,No
24,16,Sales,4.076231081215103,1.4260017617700933,9.859636507307629,0.9510049073152936,3,4.0014872202318506,44.729186330605835,3.205970015201182,19,0,8,4,30.132813819871455,4,3.379317752020724,No
34,15,Operations,12.521147186602597,4.441936597627953,12.276247477550982,0.9232777423512699,2,3.414925379511445,73.98183544250159,4.401155171659863,11,0,7,5,31.300673176623757,4,4.07984309680678,Yes
53,18,Technology,18.428869445202466,10.339022622871088,16.79713594905156,2.7320777508367513,4,3.813096679830177,87.34311030411088,2.974415214208084,28,1,10,4,25.703526382076223,3,4.945106370824344,No
48,17,Technology,9.05228859131831,2.2935457037479754,17.61769381990639,3.209386363093616,2,3.5090898362088887,47.34694589214987,3.6091491158151823,28,0,7,6,43.80746579003224,1,1.7468524129515555,No
49,18,Finance,7.517351404430935,5.217378850356364,13.215918401726336,2.32342295156474,2,3.2002422057134616,15.327692018077782,3.3748581889333407,52,0,10,5,40.955561562802636,5,3.7441988067790515,No
32,15,Sales,9.567902849715859,6.951807239029995,10.552343763464197,1.111283388964848,3,4.752981546317295,53.1632804592585,3.4069884627269826,46,0,7,7,14.73974488181351,2,2.919511985275486,No
32,17,Finance,0.3772868221243357,0.3772868221243357,7.087173754554402,0.8576509350846833,5,3.799732695926542,45.09962983799725,4.189202280307821,12,0,6,4,54.28424792538392,5,3.096136263219486,No
26,18,Marketing,5.505274428977363,2.3196438570561426,17.02642726417664,3.160533292040621,4,4.105534521928368,70.38200944369243,3.4996540642914575,22,1,6,5,21.04111763198079,2,3.965504836984451,No
24,17,Technology,4.944497166962348,2.8833217050061504,9.194391052248719,0.7418049965389072,3,3.1921499993594162,36.73634902774646,2.403077934532514,17,0,8,5,46.891783353817054,3,1.9508381699510522,No
29,18,Operations,6.410753576647683,2.5734855699280366,12.67125500851431,1.049724511006934,3,5,47.57826016754269,3.7257537840888983,24,1,8,3,36.62217738293593,4,4.029726769465265,No
35,19,Sales,0.4138568663850154,0.4138568663850154,10.941502603260352,2.148758604522243,5,3.8818221821629226,68.77790264270746,3.7695014829267337,52,0,10,2,18.225855071087047,2,3.9859946818375853,No
45,17,Sales,5.554624504508694,2.0425730918284386,8.496197910884012,0.6665515726487315,2,2.598584350381833,35.82272370593623,3.2908344120059274,31,1,8,5,10.955284684991454,1,3.339388966483671,No
43,16,Technology,5.524963050575466,1.7553381908965218,7.83316126097576,1.3356494195361022,4,3.101421977258509,15.025547876834377,2.610543186718383,11,0,6,4,57.08258694839742,1,3.038245157287294,No
38,16,HR,4.140817710824536,4.140817710824536,9.26779322068787,0.6501540075532986,4,3.072726666568554,70.28391838455447,3.5044704803591795,42,0,10,2,25.866190896757786,0,4.566811990630845,No
48,17,Technology,2.8275735289791473,1.1488582544415407,7.505817348182607,0.8379501948579734,4,3.288447239471043,41.64627671405451,2.8975427562736544,22,1,5,8,10.527893047098672,2,5,No
30,15,Finance,21.14916296767909,9.361265860073733,22.509135672700925,1.587552383154585,4,3.6037279384496164,24.58351676401897,2.6091800995869177,16,0,8,3,42.61787223117646,0,4.359135532475249,No
44,15,Sales,0.3625675453862341,0.31072700200071496,11.037536104536619,2.174523980350172,4,3.5096722465645507,57.09127408433027,3.210661839814414,23,0,7,7,17.531959055048066,3,4.270515149227292,No
41,15,Finance,13.17637874161926,5.48890810762045,14.482237991238174,1.2349697587922563,3,4.298936935924714,52.04416759218239,3.219528670330239,45,0,10,2,12.124879230645737,4,4.439011579686316,No
43,16,Operations,0.41602242752985047,0.41602242752985047,8.754158236548133,0.9578115181277855,4,4.486293479154797,76.77424341086572,2.284748912297149,21,0,6,3,24.969174403655956,1,4.554566042844308,No
24,15,Finance,4.253138919902373,4.253138919902373,11.713696531540242,2.329769642759552,4,3.3084892019509815,48.500782896278764,2.9025661052316396,51,0,9,8,20.63314207795446,0,3.247103916793718,No
30,15,Sales,3.633577056495272,2.7501871448670263,10.890597996781645,1.741162832511324,3,3.316046718991747,34.80478819465829,5,22,0,8,2,4.2721011462322895,3,3.8775335638150374,No
30,16,Marketing,0.4297043059641441,0.4297043059641441,10.275779211693166,0.8238138407833104,3,3.1136527250550796,57.80966895393733,3.699265274896872,66,0,9,2,51.647565541536494,4,2.3733962530067756,No
21,18,Technology,6.1640509476561,1.6053605907767292,13.370936488648498,1.810044609892842,4,3.522573823502952,54.65171557367162,3.279427520987799,22,1,8,10,13.026569971742914,4,4.977268401741828,No
32,17,Finance,2.7767296632715506,2.7767296632715506,7.226446332224336,0.6157162772945384,3,3.0897365762804334,56.8528957333083,3.9903812995492194,38,1,9,3,38.78210414723149,3,2.6649175470238418,No
30,13,Finance,4.62695386865823,2.9723189163004076,11.74037593953811,1.8938272941638057,4,3.6299071105149614,43.713424694206765,2.721831175664134,27,1,7,2,22.30568923766896,3,3.4736861397667536,No
28,15,Marketing,13.920623605339099,10.098401853541699,18.654143812655235,3.4711182210410176,5,2.287383927538024,33.50575085082656,3.9838938343837444,35,0,8,4,36.83975216978093,0,3.667376631406872,No
21,13,Technology,1.0489529959559187,1.0489529959559187,6.945631327499756,0.6447399157352502,4,3.500203522384873,52.167517646214414,3.163174427981513,20,0,5,1,17.97069366514235,3,2.244592697465434,No
39,17,Marketing,7.361964115550465,7.361964115550465,16.235774214061852,2.052171798058452,3,3.39716471756133,83.56173817915112,4.006195729780556,25,0,5,2,12.761930045103478,3,4.263899137836739,Yes
43,17,Technology,9.27148420021443,7.1283315695767255,10.94283906530589,2.195266417647244,3,4.195482015965867,70.53589187998102,2.7840808010142175,31,0,11,7,31.769876429848427,3,3.511600408521371,No
40,12,Marketing,0.3,0.3,9.666000514738615,0.6420324329955073,4,3.9121053179955765,35.16667539045848,4.11411811563441,42,0,9,3,30.576058895634446,1,3.5390622695073035,No
32,19,Technology,13.702139815106467,5.822594162891611,15.09953415373336,1.1409881734749974,3,3.9112064482434645,60.876079480468526,4.02342124842674,19,0,9,9,28.07854008933769,4,4.042325292176532,No
34,16,Finance,24.944760479551395,8.135183671417538,18.068167992265064,1.4154950684395737,3,3.5160404002142243,60.17254976131623,3.514705281080066,15,0,8,6,19.945428363614877,4,3.797795460538962,No
44,14,Marketing,5.768240804332287,3.8937616556240777,13.853577041695496,2.4139194151507635,3,3.203705658660581,70.11739965380193,3.4029424756684135,17,0,5,3,17.572687622794568,1,3.8571684557479085,Yes
34,18,Finance,1.0346526459086502,1.0346526459086502,11.070423840767806,1.4824114889049373,2,3.685893315087918,57.232149579927004,3.1920516831499195,61,0,9,1,22.106905334770826,3,2.548981476308307,No
22,17,Marketing,1.6333069389074713,0.3517459507057925,12.216212151637048,1.4638973596453215,3,5,39.79731900898518,2.704273720168468,27,1,8,4,32.470968016872206,5,2.831569306985908,No
40,14,Finance,10.83240011526629,6.075353657711122,22.76554155291055,1.9930714624428014,4,3.789278292799782,38.231388385555626,4.8750712851910585,12,1,6,2,11.019390078142555,2,3.7490979603138777,No
35,17,Technology,4.8291454023405835,0.34568401834089413,9.061202290111213,1.5867936341768563,3,1.9976376287202815,90.01313420330668,3.291263899103362,19,0,7,4,23.32562783562414,1,4.654946435520541,Yes
26,14,Operations,11.770946311672388,9.568635466024165,15.264270502896887,2.3539572742874197,3,2.809466532001328,72.44991166825538,3.7054038988108076,44,0,8,6,32.61989278860236,3,3.1949295232276884,No
33,20,Technology,1.167411635470331,1.167411635470331,6.195710680180355,0.6126510618100098,3,3.5663328407535015,61.48181345241146,3.088369067059746,32,1,6,10,66.68782536796263,3,3.5613137892774644,No
21,12,Finance,0.5529035724063366,0.5529035724063366,11.093040765319962,1.9099813926478644,4,2.710612321399524,61.225192685977625,1.471910396568514,25,1,8,2,36.87906476448991,0,3.9632126008127537,No
27,18,Marketing,9.481222883864955,8.75695289685704,17.64992806842468,2.646161728018573,3,3.4987042711388368,73.42376097672663,2.4998905907419267,28,0,9,7,56.220653640193184,3,3.6905505279316513,Yes
40,17,HR,0.35344144195147675,0.35344144195147675,9.500126902695387,1.6927097181790434,3,2.8099561897039194,78.64219454855456,4.686987015888235,8,0,5,2,31.775174262313623,0,1.926059495903409,Yes
39,16,Operations,11.102598366791579,6.528636202018508,13.247825853761453,2.3010028555296085,4,4.106988489639925,24.40641828286241,1.8909305651470654,41,0,8,6,17.527706830251326,4,3.7254981576808124,No
31,17,Operations,3.2328178276532533,3.2328178276532533,10.642570050693127,0.9138516913728965,4,3.599301827100691,67.53375483378395,3.9071759012670553,25,1,6,6,8.000012241515975,5,3.5802039326786907,No
30,12,Finance,3.306250331482323,1.771347488273691,17.294575209227226,1.6884085729187654,1,3.120199600758161,44.14780300033325,3.591987196105592,28,0,7,0,9.67806215608224,5,3.7314409772309967,No
40,20,Operations,2.6324665891253605,2.6324665891253605,14.363920422589388,1.274510081627539,2,2.52201100260399,42.17187410648551,3.6012186858933672,25,0,7,3,23.904460523907844,4,3.5060886292552382,No
31,18,Sales,7.90180074764274,5.157644642005193,15.242184886539608,0.7906735858768839,4,4.078450869419013,65.85139465827791,3.68158989817608,11,0,9,3,40.929412202827535,2,3.6648151862830023,No
23,18,Operations,3.9318882447308434,3.9318882447308434,13.02019404426789,1.1215443545961357,3,3.375221784063964,69.28970671752302,1.724887107682199,21,0,5,1,23.55850985701722,3,3.142000172364778,Yes
39,18,Technology,5.775419334514167,5.775419334514167,12.898573543169434,1.4284908271515275,4,3.7766734264420867,57.38099936189418,2.9608196363179826,43,0,8,8,41.82283915133346,2,5,No
35,15,Marketing,6.878686193392209,4.078330505447168,8.075215828673414,0.8357069730713526,3,4.378990702174895,51.18189118010033,3.886580079352223,28,0,8,5,15.136713282448202,5,1.1276211447031295,No
27,14,Sales,6.214708238833864,5.522103202927666,16.202311576485155,2.5128604150241465,3,4.889670430973116,61.029299693896114,2.506983390308713,15,0,9,5,23.261818014892782,0,3.500483237810299,No
34,16,Technology,4.9431714936901745,2.7425259604831314,9.793046820710561,1.8797680824418923,3,2.601275575284152,52.730854046208364,1.9952947328974204,18,0,7,5,39.76142507349167,4,3.9244688201898845,Yes
41,14,Technology,24.994752268025454,11.464679497320951,46.48862816228704,8.451880426101589,4,3.9824839059453767,36.83591024093029,2.0906442394370237,30,0,15,5,31.64080018784164,1,4.460619297409134,No
21,13,Sales,0.42651459959911264,0.42651459959911264,4.578627837926606,0.5648298218922159,4,2.409047702922331,57.203169447120644,1.5787584642380752,20,0,9,6,70.09718474373788,4,3.468046838096595,Yes
34,15,Finance,5.211675715904757,1.556990794375479,9.152269926205689,1.4195909376653202,3,3.7265304377482287,71.39038571345708,1.6863903446059179,25,1,9,4,26.66885470163013,3,3.9332355847698666,No
28,20,Sales,8.615909767296394,5.315043817916424,20.54534493886243,2.2799927028369176,3,3.784400220988458,54.49886460170431,4.29329706688483,70,1,11,1,50.189527062191274,3,2.352772018830887,No
52,15,Finance,2.603746560874873,2.603746560874873,10.0470586004023,1.263902066359556,3,2.622999557229385,58.16974062413958,2.9824680019031335,15,0,1,4,17.308949512731434,4,4.993676640847977,No
27,18,Operations,2.90844080761228,0.8723084859394958,11.952903532203996,0.692324898123311,3,3.3123891824827196,33.8459481031364,3.894693430652347,22,0,8,4,5.951655229539925,5,3.3777249554394126,No
43,16,Sales,15.901857636007538,4.941305803558025,21.687704841004038,4.248963544802781,4,3.3054219412620927,56.121268746519554,3.5947417923250624,42,1,12,6,14.27176030007904,4,4.60233654655078,No
33,15,Marketing,1.1699602564925884,1.1699602564925884,9.97164920116093,0.644524921160945,4,2.7784309252657895,55.79447607314865,3.62203322278775,17,1,4,4,37.72701959633362,4,3.466284456085099,No
33,16,Operations,6.013857296500076,1.5304612261580517,23.647388221401883,1.7889285438743483,4,3.7828545828166678,86.46202672318935,4.108701465806902,23,0,8,5,56.051879427081985,4,3.415000641967617,No
33,16,Finance,25,10.335643725056519,49.81,8.937062845784661,4,3.1993531162399202,41.25078596218387,5,27,1,12,4,28.17786769235918,3,4.597740269925197,No
33,17,Finance,1.2403490393671077,1.2403490393671077,9.995683555815022,1.0507838117977912,4,4.475373776028407,22.44554164745198,2.903579917209488,31,1,7,8,12.449821917281753,2,4.2354805261525454,No
28,17,Sales,1.8419965895232144,1.8419965895232144,9.861940190282404,1.7449602994892228,3,2.2995468713170477,72.993315114763,2.815953896146327,100,0,14,5,36.132130017829674,0,3.7992695513414922,No
30,15,Finance,5.542516365235492,3.0011655142758915,13.441325421138991,1.783713993523079,4,4.395808552575248,58.48239804393486,4.615528067375163,38,0,9,2,38.218002129542576,4,3.8813243638420523,No
45,15,Marketing,1.8289816537912316,0.34213027244255373,7.107319121291512,0.7252307913334618,3,2.795916636962181,61.324714888815635,4.186194812212644,56,1,13,9,38.91474699944064,1,3.5622694939492026,No
26,16,Sales,0.3,0.3,6.30069205438412,0.8724188293537738,5,3.806282583296336,72.395831878512,3.70558532521367,54,0,8,3,15.717539335144819,3,3.3875952574225097,No
39,15,Sales,8.418302629726808,3.266782180324951,10.63393473585599,2.070545013143029,5,2.7857542324383036,85.92705072548436,3.7207287719310136,30,0,11,6,12.276748599472976,1,2.8098097939129816,No
40,17,Technology,8.514963299618755,2.94765264087544,14.98883155093448,2.30903481393761,5,2.407136039385307,73.18468458219067,2.8081876208935186,21,1,7,5,28.790448179151134,4,4.103948506365276,No
49,19,Sales,3.842863524662095,1.129568112195234,7.430801881765353,0.8339279064514642,3,3.401447170483134,63.03090189635681,4.08922628967386,42,0,10,4,39.183032565449565,1,2.9925312706321407,No
32,15,Operations,1.6359372724052934,1.6359372724052934,9.346891665949283,1.7901562576169314,3,4.970924459567588,81.41280371190571,4.384742989941201,22,0,5,3,29.423047895864226,1,4.117596360814992,No
33,18,Operations,0.4287638127028981,0.4287638127028981,11.34463638457982,1.2565674275434622,4,3.604399632130624,53.7562898787954,3.877849380026007,17,0,4,3,18.20680636106556,3,3.3474237172773282,No
47,14,Finance,11.162561320248624,2.452933455545343,19.235303781447964,3.799325711991628,4,3.2131532148424933,48.3671051489262,3.2631353232590175,36,0,10,6,23.090024689244597,5,2.1195833326475544,No
34,15,Sales,6.057478638232251,6.057478638232251,16.606243009925073,1.5195408310260925,2,3.479837009479394,65.11429449193147,2.4884479627046465,64,1,11,1,45.18112090077993,4,5,No
37,18,Finance,1.7485510518092775,1.7485510518092775,9.136458239886494,0.8299348662765036,2,4.073762869103223,60.03132141135471,2.818544163734216,57,0,10,6,47.87357862987165,4,4.395702114319203,No
29,14,Operations,1.5239059287629197,1.242150912975887,7.198488639909608,1.2304684497041711,3,2.827163328171269,47.53198607466443,3.0841731794559526,19,1,4,5,21.532774686943217,5,2.9640086250526587,No
31,15,Technology,1.4796050075905784,1.4796050075905784,8.917866307433094,0.8073553677364093,4,4.2186657811865915,86.22579059559126,2.343045975642104,61,0,12,5,34.705794064871895,2,3.0769139616184256,No
29,15,Operations,2.743658596733732,2.743658596733732,9.010057542000311,1.2812246240752623,2,4.715254372246867,75.87475666769802,3.614474578498965,15,1,4,7,9.02386295923677,4,3.5026281568923983,Yes
31,20,Finance,17.97904355336598,7.985520138285755,22.50295077240846,2.211211235667665,2,2.708347781841062,40.882832425249234,3.7848159205419365,43,0,13,6,29.01362764032081,1,3.0152857462879057,No
30,16,Sales,8.601104114067434,4.168366662525049,15.557707519346824,1.2997539272921095,3,3.396033201655491,36.55541821777244,3.1918727060833065,33,1,9,1,28.30970857832452,1,2.7415618720335195,No
27,14,Technology,5.453833505382612,2.9486249554425648,12.053801759321077,1.181215917822821,4,2.912613587083613,89.69770255870824,2.78828388754254,21,0,7,7,37.076615308073954,2,4.187885585617039,Yes
30,13,Marketing,1.2924654732937926,1.2924654732937926,6.8962137592213635,0.9259046583724782,3,3.278473875345584,75.7981821408192,2.2944626844862164,17,0,5,3,29.648921350211577,0,3.2681483382822645,Yes
28,16,Sales,2.613528232070827,2.613528232070827,11.041914736372435,1.4967184782561704,3,2.3173262598269333,41.45102562717146,3.603643542525158,53,0,10,8,54.46541116594562,5,1.3025243696009987,No
25,14,Sales,8.808448888017153,3.4992390340729003,14.0403812544542,1.163963064671192,2,4.573699742023174,76.52539598051634,3.400507652149671,36,0,9,6,52.54147009030749,4,1.2519798396713078,No
24,18,Sales,15.876612581395648,9.691647574135782,24.585666289645367,3.415097360109115,3,2.485373962053376,70.71692502328611,1.2056408761267026,27,1,8,2,11.889173311672161,3,3.9980607408376083,No
44,16,HR,3.0817189721352256,3.0817189721352256,8.319684454370218,1.4976613220272101,5,3.6898661770248204,36.98374445784985,2.176630805480869,83,0,12,4,57.46698203957735,3,3.4337883008409165,No
30,15,Operations,3.17129161079444,1.127214156215576,8.931965273961403,0.9327855300449274,4,3.4217198605290307,39.19845994559091,2.1971725309725865,40,0,11,6,26.73896396262199,1,3.3010304921516376,No
46,16,Finance,3.7666243508931347,3.7666243508931347,11.812144006640155,1.9157012709405297,2,3.226111193692177,40.76781055879146,3.110499909352512,38,1,9,5,15.177489057276059,3,3.5403397073213014,No
25,16,Marketing,5.880920579489368,0.9255550098463012,14.155776592777128,1.3041984719146433,5,2.7013391219242937,45.84551126805497,4.70168022114927,19,0,4,4,80,0,2.34101733793863,No
46,15,HR,1.2171507675579434,1.2171507675579434,9.621518307402502,1.2982570987630948,4,3.691831295411727,83.55269451285854,3.4135117425256905,44,1,10,6,35.04307449060912,0,3.8760936548848925,No
26,14,Operations,0.3082170308926696,0.3082170308926696,3.873203949009039,0.6558440435877706,4,4.916908084905887,37.24533162118088,3.411692160687468,26,0,6,5,25.47719145047595,3,3.809259008948458,No
38,15,Technology,7.384405564847001,2.325176634252462,5.772569552024799,0.3329693107073978,2,2.824097439457003,34.67362857771221,2.5149808523705954,54,1,12,6,26.734939962947966,2,3.618477847785162,No
30,16,Marketing,5.805328428298116,3.683834988551573,19.61015271127043,2.8188546394126317,4,4.79055023498023,77.60873107243536,4.9868836038746505,27,0,8,4,30.57473134063911,3,3.52007181464062,No
36,19,Technology,9.335001844952364,6.308747031064624,13.472416080733955,2.6319449508140735,3,2.397256844120773,38.80134554106899,3.203038798182127,14,1,7,2,51.30434095790602,4,2.1231541968345615,No
40,19,Marketing,1.1173725733838233,1.1173725733838233,8.822267700898907,1.0055777690716599,4,3.5813232345464305,80.33561406740219,1.7940747915806219,18,0,6,2,71.77541756215412,4,4.004347107115732,Yes
43,18,Technology,2.926142561243043,1.522691523448177,8.481295998910904,0.5372359019138141,3,4.011660954394363,44.73479775761473,4.510657919528959,41,0,7,11,10.097795099863877,5,4.825099040850613,No
41,16,Marketing,3.116031544551321,3.116031544551321,6.886919101941789,0.8985468237477833,4,2.9877441197914587,69.80733099383174,4.9876797434105695,14,0,4,3,38.062756630649815,3,4.9976936141784565,No
21,13,HR,8.945962067473811,4.844948055361255,16.183144174213588,3.0428287831527485,3,3.817710321054616,62.1025659987326,2.708061939451285,17,1,5,5,22.27278249849172,2,2.8509056656655707,No
26,14,Sales,0.9603650980035748,0.9603650980035748,7.508162146443637,0.7553617795152513,3,2.799051416737477,65.19108145379684,3.3010248623702227,61,0,10,3,52.262952091147994,5,1.663048655250014,No
51,14,Sales,5.336382941290646,2.607329936763306,10.230347756576737,1.066398004505364,5,3.5854161451770237,81.88312713107783,5,33,0,6,8,28.01325269359452,1,3.1350985210341937,No
44,16,Technology,1.693811074514583,1.693811074514583,12.512154884226787,2.1936694483160224,3,3.203782987432186,43.6374962408476,3.6984947840922473,35,1,5,4,20.013802153903498,4,2.9447487149407454,No
33,16,Sales,3.9679195742296574,3.9679195742296574,8.176294873725949,1.604305227868164,5,4.112541550175294,51.3742556357491,2.694095111842085,36,1,5,3,66.62607356658029,4,3.0915775153063856,No
36,19,Technology,7.224117995150515,4.745145112086904,11.516720190108307,1.3048933501182312,4,4.180113408066099,72.31126848050616,3.875231445799506,43,1,11,2,29.838898994584845,4,4.1696803744637885,No
35,16,Finance,0.3,0.3,7.703833756261279,0.5418454307915229,4,2.9965134881118747,39.432877743978146,3.5125845534423292,15,0,5,3,80,3,3.22152645798259,No
48,19,Operations,11.30333697792114,4.120573116867131,16.294066459838785,1.4959944191283916,3,2.914819161458278,86.6449479545568,3.802172887788788,28,1,9,5,9.40300502578055,0,3.984992086938118,No
46,16,Sales,4.866329587128985,4.866329587128985,13.492011250604095,2.4463637090833674,2,1.8831890074501103,60.13068497357583,3.010927421121689,19,0,5,3,55.968935816344924,4,2.9215831542842507,Yes
34,15,Operations,3.910710850528874,2.4280979904729247,8.79082505635533,0.52427098686388,4,3.086693880052801,53.65212259292866,4.175033831051711,41,0,10,4,80,0,4.96100198856715,No
35,18,Marketing,2.5756847315219362,2.5756847315219362,8.962544808526516,1.7090742889843749,5,2.979806785090366,76.57310099503522,4.476407418196593,12,0,6,6,64.40330103510142,5,3.26808474538668,Yes
21,15,Sales,3.0566770123809013,3.0566770123809013,6.308833834300057,0.5284486989292115,3,3.9028699615986744,70.31188803662647,2.250841713106088,44,1,8,7,38.76820201487204,3,2.2501742700165424,No
36,16,HR,9.327729687585554,3.9119161436145182,9.367556263715581,1.106117512743759,4,3.3024031529821483,44.315726298740856,4.207794442980511,18,0,8,4,22.08986738864133,0,4.016815188337103,No
33,17,HR,0.45261914568882566,0.45261914568882566,10.60951219613575,1.06770587708415,2,4.715037864374244,39.00249454596068,3.3806917182704064,42,0,6,2,19.91937487596727,5,3.0439060314675266,No
39,16,Operations,15.434804881644933,4.824993942292716,15.374543802814475,1.6540596605235145,4,2.184557181673429,39.58107029590486,2.9612287399374324,28,0,8,9,23.951234770489293,5,2.7862873752402346,No
34,15,Sales,9.930724465816985,6.175766751500888,18.00720466968489,3.609902990999711,4,4.986858344780513,69.55536751085694,4.4176860859168,44,1,12,5,32.42621963006444,3,3.2664424931380487,No
45,15,Operations,2.2578707870140704,1.9371968052339767,8.103150427487204,0.42043770005857317,3,3.3627594037799997,58.74885344509621,3.5908998739995917,22,1,5,8,46.55999042120662,1,2.770560765602185,No
42,15,Finance,0.3308494302978007,0.3308494302978007,7.495773412436077,1.2111105976585417,3,2.599390063370763,43.79752628681538,1.8804396759494333,37,0,6,4,19.573463409813513,5,3.4877181471436445,No
34,20,Finance,0.3,0.3,6.706087590676707,0.7343575921680108,4,2.481283584033084,58.26238710217852,3.615645922052472,35,0,8,3,14.552010521979524,0,1.9551202686183389,No
38,19,Technology,8.611141804903651,6.424477918062537,10.681305624447916,1.159662896511301,5,4.002254533941157,15.554770089988688,2.7341821548718395,30,0,8,5,27.373300137998626,5,3.937851388888087,No
31,18,Operations,1.1912049361618773,1.1912049361618773,8.541513204430926,0.7627273639926287,4,2.8125733185027966,40.79936865316418,2.7394300266630176,23,0,5,5,22.407268533696524,1,3.9854990502996666,No
50,16,Finance,14.510627498947906,7.3229246439299605,30.792056593064164,2.5346268472326523,4,3.195165429877905,32.64266578346738,2.704628816828079,21,1,8,6,9.929359345963858,3,2.8803154933769015,No
34,18,Marketing,18.843189545554413,6.640004731085527,18.54400079107452,3.3610863387054066,4,2.6130726666639825,47.62916407461091,3.805257946133326,52,0,11,2,7.109954391349578,0,4.416859998542278,No
40,16,Finance,2.503536210185061,2.503536210185061,7.3793371559489875,0.671205147252985,4,4.297357184166677,63.313812971461644,2.6690921050271874,35,1,8,10,16.66582402792688,2,3.7747290817654737,No
22,18,HR,14.48398923774815,2.2592175237419316,18.038962140367016,2.7390178288482074,4,2.890664078369808,86.1694034815531,3.4998772666312794,23,1,10,5,9.795102989531445,5,2.0151593879526906,No
26,14,Operations,2.2868488487108376,2.2868488487108376,11.870118955372698,1.5892250888923558,4,3.9260340437431416,63.8690783878791,3.7962559424309195,43,1,9,2,29.911133803007704,2,3.4901944966681264,No
44,19,Technology,5.673082828642518,2.0293219969169973,12.282542262126919,2.352492690859872,4,3.4890631195968247,53.47430764890723,3.5205317809024748,20,1,8,5,22.660624697672123,0,3.9880421994863324,No
21,15,Operations,0.4685715984614267,0.4685715984614267,9.13209477564352,0.5185459181039833,4,4.483619063724335,52.34249406890561,2.516020075263295,40,0,8,6,20.875377287864062,4,4.191234061905479,No
35,17,Operations,19.078406825023364,11.626200853373174,28.309441391860325,4.50078763311176,3,3.4329683747401702,62.081575937345065,4.276551528029468,19,1,7,2,25.04546715270751,4,3.5565100429282572,No
27,19,Operations,6.41357206897481,0.3,6.98783233822246,1.0705094756697093,2,3.2953756353256756,56.698230051890185,3.8894007133992883,27,1,8,4,20.64236355943086,5,3.673191555530463,No
35,12,Technology,4.731584008600351,4.338991112792787,8.832731794208547,1.3389801453230994,3,2.70573814985469,45.06195913953387,2.7656419761224433,22,0,7,2,14.295381821223202,3,2.692679620841305,No
48,14,Sales,16.81015345599426,4.694701037007193,28.89907595716952,3.9239717135382786,3,4.209412774002215,58.853980253370516,1,38,0,11,4,22.997392529963047,2,3.260347148923176,No
28,17,HR,0.3,0.3,6.943797346987555,0.8648563911863072,2,2.894840946147483,31.179464689149466,2.831152352595525,31,0,8,3,16.63675524143255,3,2.3692647035089496,No
41,16,Technology,0.4473289872114214,0.4473289872114214,7.743363338501602,0.7443483944715007,3,4.090706168700866,74.09019216247646,3.5999398366897,34,0,5,5,69.14952755487585,4,3.916089329578952,Yes
35,16,Technology,4.733585899214577,2.9795117158238633,10.774595583734694,0.7132598480887682,2,3.304564223173152,32.38217027741974,3.900098987195944,26,1,6,4,14.750023946827422,3,2.473019754975811,No
44,14,Sales,3.047915764559893,3.047915764559893,15.488731278531834,2.9673721572633056,5,2.818766870823576,68.24539531296783,1.3147944354397225,58,0,8,3,5.640251915066054,4,3.6124530412829867,No
50,16,Technology,0.6525821832616512,0.6525821832616512,10.749923420925512,1.4605235829928922,2,2.504004243555609,59.643757379967795,3.1290371768437795,47,0,6,4,17.968395197672617,5,3.7135576870318587,No
23,17,Marketing,15.066219812214984,7.341954937887238,21.860120131130493,1.698932662961182,4,1.8964619000008707,54.08707600108546,3.7683581988578303,38,0,8,6,41.875491624356,0,2.628371272293084,No
43,12,Sales,1.6955598640417442,1.6299866819145619,8.560271258524374,1.3591070489441759,3,4.390829252217459,86.76337987679027,1.2914650985769096,47,0,9,6,15.292568966685817,1,3.5000274553827078,Yes
32,17,Technology,4.639700750191783,4.639700750191783,13.781300462938422,0.9533820542739023,3,4.320385528226323,69.58355987457564,4.410889349477068,28,0,7,3,43.795446345370856,4,3.2997925783786,No
42,16,Technology,7.01946359418188,5.783521971301873,8.52783184674288,0.4423007482269158,4,2.603119088604818,99.28588960937881,3.603047835212406,26,0,7,2,35.010399077764575,5,4.009179102915638,Yes
41,17,Finance,0.44088739029780405,0.44088739029780405,8.748768849554752,1.0960305351938995,3,2.5986180625604955,43.53651190457401,3.6211978712002373,26,0,7,7,31.57645634020422,5,3.920301778093676,No
40,14,Finance,1.6797814570833192,0.3,7.116868149935652,0.8219790886406446,3,3.820100618799934,35.79342377521771,4.268450530308939,22,0,7,6,19.83358425878726,2,1.999186084603708,No
30,16,Technology,13.113465912816014,7.507536575760532,20.65964081375174,1.532497180822604,3,2.7920975771123286,45.77648152384581,3.514659260255511,55,0,12,4,46.85647918416282,1,3.1331530191909387,No
42,19,Operations,3.7176240702185153,3.7176240702185153,7.3135836057432035,0.5378642168852399,3,3.4088579640281957,56.91236573613823,3.1945879040366183,17,0,7,3,33.493668843561245,3,2.890287232078955,No
22,19,Technology,0.3304582590341091,0.3304582590341091,7.575598986119436,1.3223530368616365,5,3.9141375709798756,90.88624925890686,4.5860819976577964,32,0,6,6,29.013189637175678,3,3.188385007862106,No
25,14,Technology,1.1973241062739302,1.1973241062739302,6.167066455206064,0.8193821931692822,3,3.3144169299123623,69.68512184166586,1.8753464568436375,33,0,8,4,30.38289909805416,4,5,Yes
42,14,HR,2.852201590964533,2.852201590964533,6.71612679585137,0.6557492477092893,3,3.6941986583544875,54.94975610113361,3.693387617233929,16,0,4,3,20.365806352905224,0,3.4702431742917215,No
37,15,Sales,1.9149713988107666,1.9149713988107666,8.03661360514046,1.0996082407172703,4,3.20314388801035,34.762355214519395,3.1006047874346625,17,0,8,4,79.47192540340791,3,3.966819000327182,No
36,16,Technology,14.532523092297298,6.265277867634863,21.606618839354205,3.5337142694942334,3,2.897847618824441,32.61692076222891,2.705549457457381,8,1,7,3,29.273829392057788,3,2.943202475283386,No
43,15,Technology,17.643961278857365,5.872932444112342,25.229987198994927,4.047622227710042,3,3.19882049797652,43.28760672656676,1.9644642796094043,6,0,9,3,18.737583799441925,4,3.9957348844193987,No
43,17,Technology,5.898342003790904,5.898342003790904,12.8690493395871,2.0882590791918085,4,2.2071851379571457,57.71259108569891,3.119389793130352,41,1,11,1,31.03002439620992,2,3.689883964822021,No
35,13,Finance,17.332746663153973,7.0400267237378085,22.221593485509842,4.129012474743584,2,4.023340624302308,58.927337898992995,2.3147185405626,16,1,9,4,55.82099002130417,4,3.9428166434005867,No
39,12,Technology,7.604213487515629,3.6946093493800607,10.583935211779215,0.9688068508511661,3,3.5162983304577375,51.75216691060702,2.6001694252782928,41,1,9,7,7.49571234500704,1,2.4931020235714776,No
45,12,Finance,7.838542597922626,4.783093505550762,11.90621577747436,0.7056249254513136,4,3.004436820949529,71.69428895667625,3.2213328919259037,17,0,7,3,33.05976583792758,5,3.6234944503778186,No
21,18,Operations,11.961277314854284,1.0766155293451298,24.065674718910234,4.789222341709754,5,2.9286722078153193,53.26309199981272,3.2177492601095556,27,0,7,3,67.89228738567057,3,3.565418417163855,No
34,14,Technology,3.242674014129182,1.8157388404341874,12.56011789605136,1.6261446223050362,5,4.701474685404661,42.253425084273324,3.726265456586475,38,0,10,6,15.117855176133029,2,2.7716319873444064,No
21,19,Operations,1.593491943790368,1.593491943790368,8.66527621480623,1.213130356775893,3,2.097938330545119,76.19489349247895,3.205760924416554,43,0,7,6,52.81299811491326,5,2.7521223330318993,Yes
32,17,Technology,1.648488233492816,0.3,8.165086635278088,0.5051180879614653,3,3.132672309338147,64.24136686188314,3.4873553457627926,10,1,6,4,39.504370713764395,0,1.093337109461302,No
47,12,Marketing,1.2669096597179907,1.133576887183237,10.55833179422108,1.9309765665180727,4,3.3922516142181656,51.73928446349934,4.002529228281241,36,0,5,5,50.13797354578765,2,3.932370842577819,No
30,16,Operations,1.8184681056912457,1.8184681056912457,5.283298154756562,0.3696305745923541,3,3.1986180050817548,56.017599798302754,3.096778674133974,25,0,7,5,18.144164146444126,2,3.5812698246412067,No
30,13,HR,17.524070138931023,6.5474161362936325,37.845172907988406,6.659533404108469,3,3.792607315729817,66.38567170312801,2.1173227707811444,45,0,9,4,62.53848868330273,4,1.8825520268171625,No
32,16,HR,1.945975049099738,1.945975049099738,12.082635426954607,1.852129748149171,4,2.3815661326372957,68.11089795556961,3.280751469819986,29,0,6,8,24.328273579163287,3,3.6244545495900025,Yes
38,20,Marketing,5.686960875160553,5.054667056188845,16.179326486901434,0.9262312548869054,3,3.6989609900739073,66.95499522080006,3.197521942265901,33,1,6,8,31.40864111189614,1,4.046639297949888,No
46,14,Finance,1.5459565688701016,0.3,11.758163624625238,2.333161355661096,5,2.5985023945097723,53.24696286174182,4.464988340156575,23,1,6,4,30.191795011367173,3,2.3639303060460684,No
33,15,Sales,9.04755868525298,2.423343782549657,15.391663648634198,2.355804447355692,2,4.110440013252947,62.5197483115102,3.0115491573262063,28,0,7,5,79.99523414693793,2,2.3535710575314535,Yes
36,17,Marketing,17.353153160220447,7.0929101395823615,16.356120262549176,2.6625284256649886,4,4.2770274775771835,85.16224488034511,3.913827050153968,9,1,10,4,24.95544904537572,5,2.41107391131863,No
38,13,Sales,0.9463215728522266,0.9463215728522266,9.552922590602035,1.4358316199806664,4,4.422401287305819,46.99518800047963,2.922526557352383,38,0,8,4,10.281187840669816,4,3.231498863628588,No
37,18,Finance,0.3,0.3,9.077038065028336,1.5173267258157546,5,3.9834132573189636,61.31290691338855,1.7061717544346053,22,0,5,4,19.76658899433717,3,3.058718032134046,No
43,18,Marketing,2.0823724308104627,2.0823724308104627,12.576562435856507,1.6313717241112673,3,5,57.45585671587079,3.698943272984958,16,1,8,6,9.47665359742247,5,3.6248076927536848,No
38,15,Finance,6.5562254555717585,6.349958914247721,10.45311900980991,1.5277340158810668,5,4.698591459910786,66.4176717993092,4.998233019643496,38,0,8,3,63.505232977478386,5,3.565769947463193,No
39,14,Operations,16.00448918276329,4.886899588044777,25.297104195607893,3.0701623984568376,4,2.6334015673019673,56.99514180209521,3.496131964399832,10,0,8,4,16.972231825785585,2,2.383235797940286,No
37,20,Finance,25,4.021775427071856,27.456191757698964,1.8037033569705099,4,1.6894603895270957,27.048615425592967,4.3950161238851955,17,0,7,4,14.648683970247202,4,2.1452711910218683,No
34,13,Operations,16.464715683117188,8.617482861755201,24.557675347232152,3.7262735063383756,4,3.7056207356415864,73.74970952646206,2.68802178777147,34,1,10,7,32.31641876480302,4,3.6173029725882393,No
37,17,Finance,5.720550860647832,2.0531376143715825,6.886969633462812,0.4170594864296553,3,2.5080003171365406,54.286884957050496,4.292859549632266,29,0,9,7,33.47431025417314,5,2.9624901717803804,No
40,15,Technology,3.423717933889378,3.423717933889378,7.530230873819608,0.986505351956981,3,2.491180994859544,48.15759193300435,2.8278264377953994,52,1,12,5,24.40242537140128,5,2.8961387329450057,No
36,16,Finance,2.203741727196175,2.203741727196175,10.672613542038956,1.7336612196464196,5,3.406976418732315,51.68863842768441,2.4821738178001813,47,1,8,5,48.9598083058529,3,3.3413587767267483,No
23,16,Technology,11.007300766492762,7.967002593436186,15.748954594124253,1.5900468467719793,3,4.510661943409043,78.1511314546663,4.174662008960518,22,1,6,5,14.6766575957616,3,2.710728460158982,No
46,15,Sales,0.5440134240301653,0.5440134240301653,9.6767840039423,1.088458149971956,4,3.3007247884529174,56.19236492842719,3.5146648637650295,46,1,10,2,27.19564323314719,0,2.8410218699037078,No
40,20,Sales,5.816950001219912,5.0593204801529525,15.244262917827223,1.170606525969668,3,1.8094413184103493,70.77157988849893,2.1132795250777425,27,0,7,3,30.44914165231287,4,3.0087586202475607,Yes
29,16,Sales,2.8271654991317625,2.8271654991317625,11.889250629397468,2.099239666305561,4,4.607917517587357,72.0534182417811,3.826731217214609,41,1,9,4,17.856246379743798,5,4.678696106584164,No
30,17,Finance,10.892725297372282,5.628950796660001,17.100511511071026,1.6235162537306482,4,2.9607118102250247,65.69584022140091,2.8685119738664016,21,0,6,4,32.32901548031353,4,4.519708737163788,No
42,17,Finance,0.5877516049239729,0.5877516049239729,8.573829123192965,0.7747342596928246,4,3.2924647392145285,42.61546159608829,1.9865264936629174,49,0,8,7,48.67728031356552,0,2.3260155291878353,No
46,15,Marketing,8.936594381223367,1.535176795080861,20.588248010809036,2.8374283053801417,3,3.885508228183163,75.33769885683455,2.187041125963056,36,1,8,2,11.77851941867441,2,2.673587080077496,No
31,16,Technology,5.9468558380728735,0.8578399936694243,17.47525384178263,1.7759059366416754,4,2.223161494880078,49.514524107974744,2.0656466866764194,26,0,8,6,29.98891680622823,2,3.8261987206471404,No
46,15,Finance,0.3,0.3,6.3292374521174875,1.0345510411995824,3,2.613156780204883,83.33621122229948,3.20923130319285,30,0,5,5,25.901145969980558,5,3.3361744499514714,Yes
37,16,Finance,8.332039317699405,5.176763948006061,13.466958155229019,1.1152193231328347,3,4.6747291924306715,59.66621300107265,1.713860517902305,22,1,10,6,80,2,2.121679026781876,No
24,18,Marketing,14.003353043508739,7.734208518380838,15.611683374199549,1.8950934600914962,4,1.8785329817291423,60.74868200411417,2.410704222696271,24,0,6,3,58.305749404935774,3,3.4481638009959856,No
39,14,Sales,1.0945900228738228,1.0945900228738228,7.954949879839311,0.6062541728693489,3,3.21806886762908,62.480748710834156,3.1944547070594758,9,0,6,5,25.5352050064669,0,1.855509377443504,No
39,16,Finance,2.3955663748230607,2.3955663748230607,9.33322470315298,1.7369403042113456,3,3.0987097138617954,53.28628778404642,2.817935181966693,28,0,7,5,32.32580841656272,3,3.656845569843296,No
36,15,HR,5.885438179006951,5.850034819383094,7.9207507351422946,1.4342545084671774,3,3.7886627636119625,64.72391926133763,2.0950891000669736,45,0,10,5,34.379065026061006,2,2.266920519737646,No
26,14,Sales,14.732172045056563,6.684854699504203,19.37358073441857,1.6219536964286452,4,2.6112127242560854,57.063175901672246,2.4754885616150846,32,0,10,5,33.80916880746036,3,4.497603427598767,No
49,14,Technology,3.1337117432438637,3.1337117432438637,8.3352483634371,0.43374266878857387,3,3.893346827970325,30.666328351104603,2.114571910444485,33,1,9,2,12.603162299396933,3,3.6285231541460656,No
47,15,Operations,1.0898728034480107,1.0898728034480107,9.754482562282464,1.2031052879023056,3,2.618804144186633,73.96273375791907,3.1976429211295416,31,0,9,7,17.468877341857727,3,4.757210875601367,No
39,16,Marketing,7.120210830952231,4.31662090817302,11.734149078613262,1.731736673874749,4,3.70832806916287,54.6761205186567,3.611254596662171,61,1,11,4,59.34780988436297,1,3.7767994000758356,No
49,14,Marketing,1.1561880739352515,0.35222126844142865,8.278922308351195,1.2048066040891505,4,2.5081381093060187,62.64618945569354,3.0250171220497415,20,1,4,8,57.20161233489821,5,3.1896199181586424,Yes
27,14,Operations,1.993432401203655,1.993432401203655,9.550835903196958,0.4942081765351176,4,2.3985618667400956,65.08804583783596,3.5028261407687,39,1,8,7,36.438112331380196,2,4.2602422624856695,Yes
30,16,Operations,4.707650640030842,4.707650640030842,11.694722906597947,1.07000608728584,4,2.3958281900323577,63.29672122224372,2.7929813946543423,35,0,6,4,40.843313544719194,5,4.9904262030287025,No
35,17,Operations,3.7105491761302107,2.5715107038824416,10.32085517214278,1.2077059933069654,4,3.8796719342883956,15.78678359711257,4.307997627153557,36,0,8,3,37.2297244404892,1,3.9511149114047206,No
55,16,Operations,3.603795397577,2.4653561753991693,10.602124283525578,0.8590590205994167,3,4.773785029460839,48.05810261596938,3.930970119708375,23,0,7,1,27.934306366554633,0,3.2830187828471757,No
32,18,Operations,0.3,0.3,9.28323674635136,1.1553039078411915,3,3.4968351661670796,81.14821473720875,3.208297984001125,45,0,8,4,32.28406779153376,0,4.8811062278141035,Yes
21,19,Marketing,12.920207230049861,7.998409374717716,25.28819895841656,3.9116306940787253,4,4.132376108557197,56.93115603264618,3.4392410407816842,94,0,17,4,21.19536328517627,2,2.6381687903651945,No
41,15,Technology,9.331177663460055,4.378070609860866,10.146742192161204,1.4054185313702814,4,4.099190653413049,99.54203800834694,2.6699807718389232,36,1,11,9,10.642151815943809,1,2.2467404865252036,No
28,17,Sales,2.926990787252191,2.1753252107592034,9.014940059418837,1.6564562401325673,4,3.593171844359996,87.91930095000309,3.6061173559711257,32,1,8,6,34.24920252654451,5,2.6211424529335727,No
40,14,Technology,13.26627496959994,7.793882476418977,12.619264205440613,1.2030037133377234,2,1.6931022356569205,50.08940663053494,3.5215388219318817,42,0,9,7,38.06280400016936,1,3.0177663394077463,No
38,16,Technology,2.0629236581258867,2.0629236581258867,9.114459249697175,0.9549528783335827,1,1.6918058123644035,74.78077387584275,3.310988597437516,76,1,14,4,7.05971881981515,0,4.037153592958424,Yes
49,19,Technology,4.070583138673442,1.540188103450557,8.860942011878734,1.7597801592264937,2,2.7036015911228137,78.0616346948286,4.5060489513601745,10,0,4,3,29.414325205242395,5,3.7379989438988264,Yes
42,16,Technology,8.666805176052671,8.25376254609454,11.574848481583558,0.8273483183279896,3,2.9203817607122073,49.61704690563396,3.900410403553887,41,0,9,5,38.774936858308166,3,3.101837883782518,No
38,15,Finance,2.9951447658199175,0.4945560541349857,15.818276061823171,2.656129681367811,3,3.8965819849594023,54.00205465475964,2.7281390458164276,29,0,7,8,13.57004716057184,5,3.6233482473454863,No
29,18,Sales,0.48926848934963785,0.3069105674941155,8.985740040287615,1.7701959861744274,5,3.601019893637318,65.44219759569765,3.278540604200627,11,1,7,5,12.712371147401075,2,3.936925001473106,No
31,17,Sales,0.3844081939677026,0.3844081939677026,8.405694530114033,0.9270441717138183,2,3.2062846424776343,42.463306702240054,3.7178865909219505,31,0,8,2,16.281802313523222,5,2.3611472562945104,No
31,18,Sales,4.2404581786131335,0.7110312116661291,8.922438648595739,1.6360434495981127,2,3.5977182289753777,90.23345424971698,4.584431874215824,40,0,8,9,25.08143829972217,0,4.6925834133593085,Yes
36,15,Sales,5.666835649773992,5.666835649773992,9.670313777093238,0.8059195865766234,3,3.8066776801700137,52.977489754087614,4.516999565364326,61,1,12,7,28.906238429839174,2,4.669022105490834,No
29,17,Marketing,0.43222740338726645,0.43222740338726645,8.349376329517254,1.2487248664654351,2,3.0831677519684733,67.62073625492755,4.621898421802565,16,1,7,1,29.235171980796075,1,2.7754321599952845,No
33,18,Technology,6.022499548729641,4.54610012691442,8.1683221704832,0.8121682133842328,3,2.9845223049487735,67.33285399515434,3.792666962543971,69,0,11,7,33.61692643284958,3,2.4574795731618666,No
33,16,Marketing,3.339727059030345,2.489322950163645,12.885370111897611,0.6996101537664968,4,3.236788656105771,46.6996988741402,4.518639516353464,59,0,9,6,23.676631770766228,4,2.8868868396163987,No
21,15,Finance,1.0136261281847165,1.0136261281847165,6.473857706368969,0.870527605711371,2,3.721011691404042,40.514956852640644,3.5981017838473046,23,0,7,2,25.1663245242766,3,4.213835429816183,No
31,20,Technology,4.62785503983983,2.902858627451399,12.31524844818199,2.252084950811851,3,3.487900324891281,78.4671992163248,2.9860476797517466,46,0,10,6,40.873261787641646,2,3.0123107409711736,Yes
39,19,Sales,11.787825450598294,4.898701365347464,15.708083248385764,1.6077310803883174,4,1.8676046977743752,60.01188389311259,2.0053925922445353,47,1,12,3,6.2731006477675795,0,3.2577062731967232,No
33,14,Sales,8.399004213088078,1.9722313436111676,10.192049307120383,1.985709382461869,4,3.778663476003137,56.41862290312619,3.330952113005307,37,1,7,6,26.64665561432951,5,3.174778814094278,No
34,15,Sales,7.489873742069368,2.2377350346776916,13.649573436960354,0.8036302222514198,3,3.583314959950314,45.919251496861236,3.8939131377247196,34,1,8,4,40.973966413609844,3,3.778653715427395,No
37,12,Sales,6.148843039342552,3.4203229111269025,9.523395672073267,1.2938863721202867,4,3.598531348993048,55.22484886327889,3.995357377462515,32,0,8,7,15.42196033541307,1,4.721933384499087,No
41,19,HR,4.105028094165325,4.105028094165325,11.959226177734637,1.682422734817004,4,4.018981036651923,65.69758925376486,2.191074112076303,16,0,9,3,32.78186127731486,2,4.244038182658345,No
31,18,Marketing,0.3,0.3,6.768126296884266,0.33241002952193144,3,3.3713224042360643,57.91029991529763,3.3857070978812898,32,1,7,5,28.237768138577184,4,3.599790118940337,No
55,13,Finance,2.2933547084990744,0.3,20.110620908803874,2.7674531397567326,3,2.7846299846396523,45.390797843976166,2.116210091207822,50,1,12,4,28.810708196874245,3,4.263617633619113,No
34,18,Sales,8.130548740823109,1.1239466900878745,15.080769240930561,1.293458659354381,3,3.71824339517686,64.60634864404497,4.301421849993978,36,0,10,4,38.784860795013216,2,3.5079107325154113,No
37,16,HR,0.7093684909518627,0.7093684909518627,9.775300768526707,1.3593655317998432,3,3.2184324142967,55.816582257736755,3.0156225007009154,28,0,5,6,20.22371725968554,2,3.823375491261635,No
46,20,Sales,0.49807853882746145,0.3,7.323881911094273,0.7421875494821351,3,4.261840110392629,80.67984601912906,4.497950566855125,63,0,10,2,26.708856596817995,5,3.638342467220515,No
43,17,Sales,1.9177602544064447,1.9177602544064447,11.871337959969463,0.9038549350232665,4,4.5802201065586665,49.53956556487554,2.5184251453671704,10,0,4,3,13.715865393942718,0,2.6978621341772104,No
32,13,Marketing,0.4222813488939934,0.4222813488939934,12.07889372996317,1.6680827419615607,4,4.990965175641913,63.26003124258882,3.9150415194963584,20,0,7,5,32.96070353360017,4,3.4347182700357894,No
42,18,Technology,0.5569478907936849,0.33012105155237115,7.396148765409584,1.208963051697353,4,3.5207402864173343,45.83931763631578,3.029848124931039,56,0,7,5,33.229497433408746,1,4.194772284280092,No
42,16,Sales,9.779134462933923,7.0001705158512,14.740711160819693,1.1800218575966621,3,3.998981946719494,49.17205353810281,4.683496748319519,39,0,10,5,42.81328628119288,5,4.655227486499193,No
37,12,Marketing,3.332877056291621,3.332877056291621,10.149571206358136,0.5841956175397228,3,2.8295877353224537,35.828856623814644,3.279691210151012,32,0,8,3,26.775015674234513,5,3.92212101619435,No
27,20,Marketing,12.129586878531388,8.902139118495832,16.166749141124022,2.213884402214319,4,3.9959042139427625,66.8966704171369,2.796613024961438,20,1,6,3,10.83106753876169,3,3.355549909413783,No
44,12,Finance,1.9569996913162158,1.9569996913162158,5.789532708026954,0.6431177284891411,3,1.8887781860768693,54.90298427187494,3.213705552866869,20,0,6,5,31.13925807233646,1,3.5200267338121995,No
33,18,Operations,1.0878228830452743,0.419675543985696,10.535906180072272,1.031686476881456,3,3.3143057619219656,71.12696634152933,4.2103957633930245,19,1,7,4,32.69709932716952,0,2.6304144465047603,No
33,18,Finance,1.259047466145791,1.259047466145791,5.551528193171549,0.6442043076947895,2,3.0933356899175,56.60582046308789,2.9631497136754588,24,0,6,3,20.019460513337435,5,4.280516784230908,Yes
28,18,HR,3.048438661070378,0.4076053737900079,12.431440680950283,1.9815654448601527,5,4.7699463506057995,64.68158643751131,2.8868834689370617,31,0,8,5,46.43284155403278,1,3.593072605377122,No
41,16,Marketing,0.7573340280287196,0.7573340280287196,9.411640252520595,1.1660756064627342,4,4.287468912124748,66.54708161241075,3.780760311019528,11,1,6,5,19.501117775413885,4,3.4370706690108928,No
31,16,Operations,1.2202232845062313,1.2202232845062313,7.155735908936535,0.7747385305340098,2,4.821402750449369,49.70605210635307,2.0339754835643586,17,0,5,2,67.69485839551554,4,3.5393262326947754,No
43,12,Finance,3.461779229456892,3.461779229456892,9.124794547395915,1.210745783886529,3,3.580429717657002,50.20528058215539,1.7029441631613096,41,1,10,4,7.078797420042532,3,2.246765932695011,No
33,16,Sales,3.469499761688878,3.469499761688878,12.180275351715109,0.8687524752602067,3,3.6040471779987735,24.843739293679363,3.88960094951111,28,1,11,5,23.089318383995646,5,3.902445401656161,No
53,16,Operations,9.739537009942184,3.0143861901459044,12.339817513277383,1.7621059336071943,3,4.710245490164614,64.11943306784157,4.123247796485066,34,0,8,3,32.94374382261132,0,3.3676632225395635,No
26,16,Sales,1.7958319125454292,0.7572986277157214,7.55072013204437,1.0937683356006336,4,2.6018784048666004,50.873805345209604,1.9976006450922994,20,0,10,5,14.101935922206057,5,3.4442541242735474,Yes
30,19,Operations,3.031824908120075,1.56750687998213,9.91852400128768,1.600509903165183,3,3.496109665082283,58.19846799325779,3.8731861940297314,20,1,7,7,10.334274077456104,1,3.3091819477900963,No
24,19,Sales,0.90408816795903,0.3810089249989165,11.6557213204915,1.4577494075730273,5,4.092733612474668,79.06571825046427,3.6991375975622542,15,0,4,6,18.645209221673927,3,3.6334171378590656,No
37,13,Sales,0.7661434148474411,0.7661434148474411,12.111259996780303,1.1936682581028542,4,3.8853729226644846,55.10610070137999,2.36977278011112,29,0,7,3,51.34819494698306,5,2.5679231378786,No
28,18,Sales,0.3154305385459862,0.3154305385459862,6.747982865036263,0.43812312770740836,2,2.9228237116660654,46.96248544720758,1.0347257118698576,19,0,6,4,15.93722910540204,2,2.6082066640240695,Yes
35,18,Technology,1.143787721594296,1.143787721594296,7.9235611811641515,1.1795405830386378,3,4.382296963937868,58.36799978933461,2.4863795707446856,70,1,12,2,15.773947049823512,5,4.068188668121501,No
54,18,Sales,6.837966198052806,0.3698036992175253,8.30782021723493,0.4986166701267973,4,3.626099360731795,61.56427778037411,3.2984295353905217,21,0,7,4,19.269419561747036,3,3.3700469853093233,No
36,18,Finance,2.4533070785663655,0.3388778392323757,12.909758464182403,2.5610658190207025,3,4.9939979801285315,42.78755080153504,1.7105929717764174,77,1,12,3,27.683891887854077,0,2.4079378460515635,No
30,19,Operations,7.526922612806141,2.817952741969586,12.835021048698508,1.6870544049136922,3,4.296222907003974,48.45869456503381,4.200678004789974,30,0,8,4,10.680182578531866,3,4.0051430280331015,No
38,14,Technology,1.6109368554997705,1.6109368554997705,8.620745494029515,1.4988630130039216,4,2.008277636494572,83.98078445474576,3.9874502787323816,31,0,7,6,32.76771221643852,4,3.260772756753409,Yes
21,20,Technology,1.094757001522964,1.094757001522964,7.386595694668426,0.4207152322066747,3,3.901175718260758,92.26860430653052,3.2857465664049,26,0,7,7,19.650748014120307,5,3.6615218263960143,Yes
45,13,HR,2.938639440027592,2.938639440027592,10.809353802101631,0.9224078835406624,4,2.577860909134667,64.7555399842682,3.4902012995397538,52,0,8,5,38.672778289192486,4,3.2743764326779696,No
29,15,Marketing,0.4266862287222393,0.4266862287222393,8.287747722247676,1.257162436324878,3,2.9046548924745506,70.6255957848944,3.2132196719628783,24,1,10,3,39.012656845738796,4,3.5685282991079403,Yes
31,15,Technology,7.676980907519338,0.3,14.007694525923796,1.7029796461775677,4,3.4871991308373538,54.74678537711323,4.8894481368383405,41,0,9,3,30.273173307157652,2,2.886052293235719,No
22,19,Technology,1.9770223501631994,0.34763048239905037,8.010946957584112,1.2328735662335053,3,4.377516993446968,59.18354009384091,3.107437581018907,24,1,7,7,27.85867668325153,2,4.300143307713755,No
39,12,Sales,3.5882950440193997,2.799212814083522,9.683517786984678,0.9421003462665736,5,3.400539478582683,39.48729820487791,3.2014620027270198,15,1,8,3,22.77312682346707,2,3.5861041308296118,No
26,12,Technology,2.804623938926305,2.804623938926305,9.78698067341976,0.9105680086888844,4,2.289322711906855,68.41695234514168,2.28658717058932,44,1,9,2,51.73917222757392,5,4.184693966225679,No
38,14,Sales,11.478363108226318,7.796743867285083,18.32812673846296,3.3086523013345204,3,3.5015598831929373,47.986889573436834,4.992710601350495,27,0,7,3,27.179362677441446,4,2.9578236029084373,No
37,13,Sales,3.8961871596972184,0.8261524761687433,7.731214469612545,1.1062106750274885,3,2.7021245647715912,49.92382825682886,3.2169796251879546,18,1,6,4,80,5,3.5517010450763196,Yes
33,18,Technology,4.716450080999625,3.531939896687311,18.965319465598935,1.6022236361142328,3,5,89.85852817596205,2.7058034083653637,26,0,5,2,16.553276755655343,3,3.330107886261935,Yes
33,16,Marketing,0.3,0.3,10.291977835828721,1.358222866617553,4,3.759447685784322,55.8146862492096,3.976818830968331,88,0,13,7,13.338613564186659,4,3.632605257786161,No
33,17,Marketing,8.126417380623188,3.195435574188714,8.648370125270567,1.643271644166572,3,3.4082724110250653,72.59576037107396,2.882934740339421,27,0,7,5,20.99780985785879,3,3.6764297349749833,No
21,19,Sales,2.942501887316144,2.942501887316144,14.300909894432642,2.0265213113757463,3,4.187169289083934,77.95689578545249,3.9979791790823476,37,1,6,1,22.70731854461415,4,3.567534124318578,No
49,18,Marketing,3.138463851820705,3.138463851820705,6.097172497627143,1.102013443067201,4,3.3156458398722073,50.28518308369839,3.9094393852231337,20,0,10,4,41.18169822092821,5,2.705812771196916,No
43,15,Sales,3.230355390845242,2.2522501209215666,6.70983483681678,1.2744801677304591,2,3.0904118218085617,64.74593539363424,4.36604466945143,52,0,8,4,56.93789987707929,5,3.2001080952929004,Yes
29,18,Operations,24.972889651070147,8.269751686816715,38.04311598618306,2.526632528473689,3,2.386406407287677,70.54745553144336,4.79623169081846,25,0,11,3,41.78722779156843,4,4.1428923160892985,No
21,20,Marketing,24.833563871805943,9.436147434303516,19.68707398632938,3.764106951692932,3,2.2945562968960203,60.087029793339234,4.417703608467344,72,1,13,5,3.7788812636433327,3,3.2521249388951428,No
28,16,Sales,0.6825362321299613,0.3,11.11024169148479,1.0054245111520075,4,3.5111150151728805,75.59221599858019,2.2252262506460405,19,0,7,2,53.698889916946406,0,3.14828126370866,Yes
26,19,Technology,1.638167073913028,1.638167073913028,12.068749286673807,1.1137194830805108,4,3.230223393400949,61.74372174697196,3.7087188039743073,41,0,9,7,33.8255575764363,0,2.2352380315679383,No
34,12,Technology,4.881138534044916,2.898422966682054,8.825288160253706,1.0878466392131216,2,2.888459299039037,43.11346814799761,3.7905519273658634,34,1,7,5,15.837359762535266,1,3.504689686012403,No
22,19,Technology,12.305363648599522,4.65184183401513,22.829667543367844,1.229596881601926,5,2.3194680991096326,47.10205796304462,3.6015146762171235,57,0,11,1,25.879925045828355,2,2.875934279680713,No
42,13,Technology,8.45597069694026,3.257838665280836,16.486882496382847,1.1739265909858532,3,2.6110200620527366,28.432165270341557,4.71758853445764,44,0,9,1,21.496230582114226,2,2.845091410977904,No
27,18,Technology,15.196087246520193,5.28073809749997,21.673114483606142,2.14543366461427,2,3.1960113636675365,69.42070800114368,3.1091844044149672,58,0,10,6,23.32741725398008,3,3.0081476990359803,No
41,16,Marketing,1.019788307825076,1.019788307825076,9.024023191562836,1.6216728469053574,3,4.411641130745025,41.225307730242925,4.0919457859240635,35,0,9,4,27.434688208260305,4,4.48354780442194,No
31,14,Finance,6.359488192704743,6.359488192704743,9.967329907870123,1.7452710074641054,4,2.5012598794080865,81.18614775533287,3.5903148108239775,9,0,5,4,21.267733166969833,3,4.282796925134306,No
44,16,Technology,1.5736750984024968,1.5736750984024968,12.370019259638388,1.2449104111673366,3,4.09438520692134,53.860006711253256,4.211422965753087,66,0,12,7,11.312838374957009,4,4.524858804179541,No
32,17,Finance,5.080778021811442,2.797060750249306,9.363729593837423,1.5614525519460831,3,3.7000441876645205,38.261588245531996,3.813351376438819,40,0,10,8,31.32949074780508,3,2.8030784420946997,No
41,18,HR,11.19185102444306,3.8704380554059927,12.270851495352211,1.64992796461575,3,3.3960826458500586,51.62809343579754,3.2659455811528764,34,0,10,5,45.699986931159316,4,2.184746533273273,No
29,16,Finance,2.5512054745403616,0.3684169115467685,12.203951779187808,1.59416910629085,3,4.396497234941614,63.570262556643556,3.29094426644491,62,0,10,3,26.077114779962717,0,4.030161806472527,No
25,14,Finance,1.0874528182766678,1.0874528182766678,15.255148003210547,1.147129272955945,2,5,90.71498900127516,3.9081790912113195,29,0,7,6,11.458259290967442,1,4.354774281064658,No
40,14,HR,5.93806346539889,5.93806346539889,13.863924878883347,1.6904891570458147,3,4.286765005951049,37.44585753240162,4.881397222434054,35,1,10,3,15.663661239330038,2,4.34974216954088,No
32,19,HR,3.388438588045812,3.388438588045812,8.402843799534352,1.5257087862411232,4,3.915928188347657,62.640605934508365,2.2029727164077157,33,0,4,2,43.43614230040001,0,2.442682816337137,No
38,16,Technology,0.9260272882484942,0.9260272882484942,8.853828484175073,0.5220186126604971,2,4.527881747117974,69.45727867871344,2.882872630744913,42,0,7,4,59.7268488954241,1,4.158915349300625,Yes
40,12,Technology,1.3414115161095475,0.3,4.622878237466173,0.7031670951764097,3,4.1037272441572314,84.07210665346147,4.118819395195467,21,0,8,7,12.189997310290513,1,1.5029843792290027,Yes
37,15,HR,3.0715046510321353,1.243299601633701,13.770758945589261,1.5190049814346465,4,2.7009839020182818,57.73150646047715,2.0811437678101607,44,1,7,2,13.9996754759743,1,3.9247135510857776,No
22,15,Operations,4.413213747789729,4.413213747789729,10.978725173799159,1.1598767565964763,4,3.598231208996255,78.12866745432869,3.1056329842673756,38,1,8,2,34.50961338691331,1,3.189286435810678,No
36,16,Technology,1.2737995602916155,0.3,6.3189418179183106,0.7350387681087429,4,4.0026896640957546,38.39954343503185,4.39429678170767,41,0,6,5,19.064880656656563,3,4.484893225943007,No
29,18,Sales,12.311811186785466,3.0324290451163156,14.673745849966624,1.1804293533833006,2,4.494016378128049,58.04784783320939,4.409702529070373,56,0,11,4,33.477225168308685,2,4.076059713793593,No
27,12,Technology,10.060364651235522,6.300109390261582,12.607922639620533,1.5618203824354793,3,3.217428874938545,75.96190508665067,2.509350052276908,50,0,5,3,25.141872748364484,2,3.9270862298165414,No
35,12,Operations,1.8605931554468542,1.8605931554468542,6.483229329375242,1.0070361747060277,2,3.6713260052302865,74.01394834484232,4.197961897481226,42,1,8,6,17.14634004940134,0,3.3247183149097648,No
23,16,Sales,2.3825710898412797,2.3825710898412797,10.09285000936253,1.9614121140479384,2,3.2062498167811047,82.5390981574309,4.000933108411608,19,1,8,4,26.09527217873349,2,1.6703838295884341,Yes
31,13,Marketing,5.695036688796712,3.94649441572301,8.71289644252157,0.5706406648502556,3,5,71.68176022416127,2.2705869949775552,27,0,7,6,12.034685590411721,0,2.6760687012555473,No
24,17,Operations,5.327821817309356,3.733545341850057,6.886507717761725,0.808875046872488,3,3.1056652437435273,68.90808612476158,3.301163915413471,35,0,8,3,11.306370792298097,3,2.981376583552718,No
30,15,Sales,1.1905035884747044,1.1905035884747044,7.208451727443583,0.6654938374107943,4,3.116778099102642,55.24606407868336,3.626968464845425,31,0,9,6,26.82619241851361,1,4.99613304724322,No
32,16,Operations,2.073109031780032,1.6714347671676317,10.918283898941556,1.3402957178773942,3,2.8088030213254895,80.84329411830386,2.4075899820599926,22,1,7,4,24.24462625700895,4,4.152137918156169,Yes
42,19,Finance,2.9961572091511743,1.382922720728789,13.039672013053508,2.580883182420921,3,3.589780161605041,47.344805746390726,4.2144382716360775,36,0,8,8,79.98431298168471,2,4.785912233176969,No
42,20,Technology,4.362994706797917,4.362994706797917,8.814456600875511,0.579565560985681,5,3.402704315845372,79.83952297359858,3.40079476864171,72,0,12,5,6.383155027536616,5,1.9453093124101097,No
32,17,Technology,1.2141574682130971,1.2141574682130971,14.300091890315876,2.3375676651950683,4,3.480860960404491,30.119906778776745,3.1867331233849554,29,1,5,2,15.916722502119491,1,2.2523854733515565,No
44,19,Operations,11.238482685277203,3.078823252557331,16.81447440535607,2.7093159947883505,3,2.584513344236725,75.08149685686202,4.818382045831579,8,0,10,3,54.78375376751791,5,3.1019219462826504,No
39,18,Operations,3.838196575584735,3.838196575584735,14.331800680912977,2.0600517610889324,4,3.4944852957540413,62.583180388644294,3.8940710786909523,46,0,8,1,23.252706705523316,2,4.779214364306362,No
21,12,Sales,5.090289931357658,2.2236263057080667,12.403542528716825,1.5656936462614939,5,3.6371042410119823,83.29556087116583,3.4904336891261476,36,0,9,3,15.381787765528768,3,3.571204069139941,No
31,12,Finance,3.13200043034603,1.8302925625024762,9.343164941274692,0.7640805557011571,3,2.8989292698789932,62.874554902905096,4.892412512927671,21,1,5,4,17.45489493170943,4,4.038347538748053,No
21,16,Operations,0.5835519296938254,0.3732434193937691,10.58332217237143,1.2731491084240005,3,2.527344316671327,65.01336888032165,1,69,0,12,10,34.39427086338881,3,3.4124580460962597,Yes
31,18,Sales,3.7328561561871627,3.7328561561871627,9.903493369578685,1.2669762553472204,3,3.6014978543876213,53.217050796343706,3.120174844562475,34,0,10,2,39.52559476082431,3,1.7457185847013186,No
36,15,Finance,5.465871522430922,2.8715359130509754,12.253193164323921,1.133690970975073,3,3.785753119140851,72.99009742490756,4.284848939329142,48,0,11,7,28.669780148229048,4,3.141742401279156,No
29,13,Operations,1.1033213334592056,1.1033213334592056,8.806634343382713,1.0514529656195102,4,2.489316121015934,72.82103978915009,2.505564944563738,42,0,10,4,10.635521599988898,3,1.6384971265139117,No
34,19,Finance,3.9988949525262645,3.6253121764966036,7.194146743610707,0.3782370966617856,3,3.8187071800702417,72.89726461316823,2.7970201934809933,28,1,8,4,13.030761891587854,4,2.394988238469875,No
40,18,Marketing,0.43177988829847797,0.43177988829847797,9.630284221813495,0.8283629078050678,2,3.41944262999524,56.89680185454019,2.5840551537436283,53,0,9,5,55.21255845587738,4,3.754469866579406,Yes
32,16,HR,8.451455441503342,0.3,20.41718118851237,2.089842609369287,2,4.985602185662071,68.57962357722121,3.6818420901856928,20,0,8,4,40.193636523834066,5,4.5422285324560905,No
41,16,Finance,4.00417182024623,0.31161057234851636,7.915978383584636,0.5961664163587221,2,2.5990657940493684,59.69075029651114,3.709978412773757,26,1,6,3,80,4,4.2094815891941035,Yes
35,13,Technology,7.567193822359005,5.073378245487551,12.040056500225635,1.5188209915394046,4,4.899448281608958,74.35785035925909,2.789690610635639,82,1,12,5,15.584383916456494,5,2.952801646175264,No
52,16,Technology,3.6472255511555898,3.6472255511555898,11.83840986631932,2.1993423542785107,2,3.505543723911139,55.06873920629287,3.298756315357399,60,1,8,7,16.382930457586536,4,2.139451219903172,No
37,17,Sales,1.5088522979176062,1.5088522979176062,6.473142880811104,0.7299898628225643,4,3.2903611738436522,60.65548352581171,2.799788354984177,28,0,7,6,46.0222600509201,4,1.8639269299656946,Yes
24,14,Sales,0.3,0.3,9.721762522335625,1.8005261288513918,5,4.638722722828323,35.97152025730319,2.8147663029085677,41,0,7,5,45.86630909456714,4,3.4486136807141063,No
28,12,Sales,7.976264617719388,3.7383078315739424,17.152359723668255,3.0474577042741595,4,3.6881405153855864,65.21925924819969,4.794318762949505,11,0,5,0,12.162084328955327,4,2.6972926198806717,No
30,19,Finance,5.688109493464905,2.4287551795334084,12.288526856079825,1.1486788798701688,2,2.9195446593752834,68.19113159047171,3.31099070078543,21,0,8,5,31.34933982739503,1,3.29423495173647,Yes
46,15,Technology,0.5066939542730297,0.5066939542730297,7.165726573856592,0.9009021114263839,3,2.9369003267004588,63.81372951878224,3.92290372306625,44,0,9,5,45.05813029855074,0,1.8788645896274214,No
34,17,Sales,25,7.611200348641731,22.039130793624732,2.2243543390744165,2,3.221955700818743,44.29112859926071,2.2081188025755685,35,0,12,5,26.25474196121821,1,3.7335437834501666,No
33,15,Sales,2.8912111768068645,2.8912111768068645,11.646606292664902,1.410736874110923,3,4.239957267311597,47.17284422953214,3.305907313760947,32,1,9,7,22.012181585727458,2,3.8404271439821467,No
42,16,Technology,0.6012369185925861,0.6012369185925861,9.59142137633105,0.9104315665073721,4,3.5165224078096333,58.68678000600392,2.508992363314212,37,0,10,8,23.819776914294454,2,3.4248708890948043,No
51,15,Finance,0.5919725568745433,0.5919725568745433,9.228196632645465,1.1408149351905825,2,4.254377773374078,60.37714437240319,3.388169904052398,31,0,10,3,9.056594132881886,1,3.9012790655617344,No
40,16,Finance,1.4410678689709249,0.7432327674601233,9.659236821169197,0.8476533203540235,4,2.6117756307669757,52.794994552472865,4.3324820087848135,32,0,9,9,47.40528850870558,3,3.983895743986226,No
41,17,Sales,8.738613494282692,8.021081988595506,15.810584153517958,2.7042812891045567,3,2.6040260701387155,54.49214110788465,2.8885439316961676,53,1,12,4,14.696468915311957,5,2.371041609126801,No
35,17,Sales,1.996436877588046,1.0681625480914798,12.807551605385791,1.1506864693616645,3,3.4970794374298064,61.67617372884541,2.903496068751167,48,0,5,4,65.54442503164296,3,5,Yes
27,15,Operations,0.5307638766496756,0.33846193803837615,12.89228893796754,0.9669863742873523,4,3.6185423535169607,34.13816109397501,4.398612820434062,46,1,8,6,32.53837155468775,1,3.191657126414063,No
35,19,Finance,5.185577540951529,1.8340067099424264,12.847009604225063,1.0798493149664,4,2.838820410390776,59.232028310724985,2.2716986920435214,20,0,9,2,27.182764336310413,2,3.5646650396203623,No
51,13,Technology,8.341092217456113,7.047074033051961,9.813579894292758,1.2566242923510205,4,2.7795611432921445,46.22128565573739,2.777867664519836,47,1,11,2,70.9811037085627,5,3.716504266891318,No
52,15,Marketing,7.676403151387707,3.608934291598815,14.527493221200501,2.638235834700307,5,2.102627649738053,48.885826804623854,2.192200690476174,53,0,11,2,7.945096906594683,3,2.8437043571823226,No
41,13,Sales,4.25901158282381,1.8709119845576905,6.139581589947082,0.36624880361840906,3,3.6117421315671567,46.04512532004999,4.331140055880295,31,0,8,3,35.67516325152668,3,3.812428908427439,No
37,18,Finance,4.873665893366301,2.756194397382044,12.260170748580274,2.4022880834775124,4,4.997301697786625,78.12992280741669,3.01483158260781,41,0,6,7,24.19476473322719,3,2.929725074588131,No
24,17,Operations,5.531343612647778,5.531343612647778,9.460295017263013,1.6881658316343024,2,2.802427094682393,48.80701570411744,3.80122907777828,22,0,8,2,37.55603455969613,4,1.8983502576806794,No
31,15,Finance,1.4634841368500187,1.4634841368500187,10.392100343544199,1.3460599607024168,2,4.991103368408901,77.11360613650722,2.9961964830169916,100,0,11,6,26.265951983518587,2,4.036610924475854,No
25,18,Sales,0.3,0.3,9.741417819939539,1.4417612970546119,4,3.6922711985472554,39.394563342820284,2.433620804015706,26,0,6,4,8.501703878941933,2,3.4758839289536474,No
24,16,Finance,1.6385602845288971,0.9054135600128246,12.876451365706679,2.0281874083974363,3,3.0140799944041152,52.687820103618975,2.7956776639247574,61,0,9,6,35.46966473956224,2,3.2256904886290374,No
33,15,Finance,14.059581280850201,6.24781480250368,26.32550070180817,3.8700708240298902,4,2.899471983835015,49.80558896797769,2.981855032256352,21,0,10,6,41.644934948387075,1,2.7265685461210367,No
21,17,Finance,0.32714216701469556,0.32714216701469556,7.990480472557766,0.4964924719861572,3,3.567708976702518,61.08366272150401,2.4967004870236886,27,0,5,3,8.397483458816858,4,3.299145684992321,No
38,19,Sales,8.579186616034656,4.909766488273666,11.451684309221017,0.8386626662639046,4,1.880636926435607,18.01913574367602,2.3058022692236837,29,0,7,5,14.914690443310096,3,1.530270413048952,No
45,16,Finance,4.8650019864687115,4.8650019864687115,10.792996692055235,1.2804843441093743,5,4.489503515670133,74.25044558020299,4.269160464150536,37,0,8,2,19.00076034419081,2,3.373970909732207,No
30,16,Sales,13.873643648729217,7.801015412915146,19.279227204295157,2.0431555228166096,5,3.892017450274372,46.1906200084581,3.9071230327150968,35,0,9,5,7.444485923277704,5,3.6563442719246906,No
39,13,Operations,2.8402407353855406,2.8402407353855406,8.860697702979062,1.6320519426092732,5,3.69000416215039,93.94133227812212,3.4903233822700765,35,0,10,3,18.28181250993019,5,1.5928535509723147,Yes
29,16,Operations,2.6746369851321936,2.6746369851321936,13.75227669790463,2.0443371475732213,5,3.81037492870819,67.35327415805364,2.412623366735478,37,0,10,5,11.301665319342446,4,3.153637248776839,No
21,15,Technology,1.7913260225587928,0.6536817289554947,12.424235220876,1.6443189210096403,4,2.8071502085497535,79.46370828799274,2.3356377532513344,36,0,9,4,23.466835678922365,1,4.176843246366347,Yes
36,15,Operations,4.358238474017983,4.358238474017983,8.33680716377743,1.5167775041032547,4,3.797025181746353,62.88495752841162,2.8917898738178374,14,1,7,5,11.991767782437817,2,5,No
30,17,Finance,4.237039891032018,3.128776183140865,11.13948489781103,1.4338676293880968,5,3.29682592554692,52.275057366504,1.6213502790956777,10,0,6,9,57.52656265231925,1,2.721239936686387,Yes
25,18,Marketing,4.392255014934683,4.392255014934683,8.420116783375253,1.138397445829675,2,3.0803089988787753,62.080074506630936,3.3075019682553592,58,1,12,3,13.967243897854427,3,3.2227300562033854,No
36,17,Sales,1.6584479613777252,1.6584479613777252,15.072420259810423,1.5312275552317798,3,3.4922954595934805,42.22463997491167,2.8032086917734005,15,0,7,7,50.46463565907847,5,3.5320985313415054,No
49,14,Technology,7.861525051632528,0.31718549913355626,19.191811608898593,1.0248474403642394,1,4.5911663357736465,61.26136432514194,3.3782211097967623,14,0,5,4,7.856173441993471,2,2.512680156084842,No
44,14,Finance,10.171465193346446,4.7467094322793715,13.918176759742092,2.2143957820922155,5,3.4923345289772447,68.89971368605939,4.7662807769235105,35,0,6,5,16.42930081765993,3,3.419790714901599,No
42,18,Operations,1.457610679735498,1.457610679735498,9.452769926603056,1.1772178047587645,4,3.7145831077024094,79.26272935920468,3.611625954223747,40,0,7,3,20.186354119343548,3,2.7882532305066734,No
49,18,Finance,0.7122595392396206,0.30963320092797525,7.2294232538979495,0.6799357821068389,4,2.680036863109711,43.08322498198895,2.7824873507647214,22,1,7,3,10.493703712239546,4,2.3184806104321574,No
28,16,Technology,5.59812099653135,5.59812099653135,12.2216007296848,0.7963496524693217,4,3.108574133251012,51.52958981579925,2.408082424692901,15,0,6,2,72.01080459611974,3,3.446607870335353,No
36,17,Operations,1.957872796061513,1.957872796061513,7.345188162875588,0.6834277364471266,4,4.015810354831751,72.55660854230872,4.010356198375116,38,1,8,5,12.0060263007183,0,2.195527930880484,No
34,12,Technology,1.3826458406172115,1.3826458406172115,11.291509373763581,1.298741751786296,2,3.217239736527481,47.17669858062291,3.3797996419292025,16,1,7,4,29.162696636753527,1,4.395911295548251,No
35,17,Marketing,0.59781279873379,0.3,9.486157609050844,1.078375191276638,5,3.7149660954175028,61.27895469938054,4.199924270803875,41,0,10,6,21.31810638499113,0,3.6715017432125476,No
38,15,Finance,12.364252273312268,0.33210358958016256,23.57926932422262,4.60120938599178,2,4.409054790427873,67.75226976509063,1.9888156142762463,25,0,9,3,38.74548584135926,3,3.7618049399850313,Yes
46,16,HR,0.4370471449201615,0.4370471449201615,7.011770957468888,0.7884859800644004,4,3.799141295457061,66.37257858356236,1.7990311997849313,33,0,7,5,16.07973388182065,4,3.0893422934492687,No
25,16,Marketing,0.828041307258148,0.828041307258148,10.984200026713337,1.7126478789709396,3,3.604933662331612,59.8158169551535,2.892732039046662,18,0,4,4,51.97442175384568,2,4.678258035088953,Yes
40,18,Sales,3.258554067788619,2.2573348592273432,14.968137841579598,2.793212665301674,4,1.5195067351303335,56.6845259541507,3.781428245285051,23,0,8,3,29.8173062207575,3,3.1675208969805024,No
33,12,Marketing,1.8258723589220618,1.8258723589220618,10.955961033011002,1.13428630277398,4,2.084362584102891,68.32334891639613,3.09901804060436,45,0,9,2,6.355584192226809,5,5,No
51,17,Operations,0.7731884597334938,0.7731884597334938,7.48799511522409,0.9503215002570384,3,3.5975139523783444,71.90903798559063,3.6014936445721077,12,1,7,4,43.88173914064399,0,2.2265612349124537,No
33,16,Technology,1.8425611657957235,1.8425611657957235,11.175948353759395,1.9100692923321096,2,3.007916759273048,49.33682761871926,2.786609011333046,20,0,7,3,37.8425875965895,4,4.258856312200072,Yes
28,17,Sales,1.8433949832545093,1.8433949832545093,12.263699353211589,1.3198757213510894,4,3.1645203649218527,48.90513917843683,2.405209803015572,13,1,7,5,11.676496883248227,2,4.101247455343523,No
26,15,Operations,8.44472786126229,3.874834811893205,11.66454215444708,0.7445892289902866,4,4.090748087505752,54.93564563581069,4.008063171361111,70,0,13,0,30.22310268431589,4,4.888032083157544,No
39,15,Technology,10.184030442821008,6.6672607027322535,18.1090066017394,1.5203557416029454,3,4.201300934331524,68.74556266073614,2.9873525619121217,20,1,8,2,48.35359041507462,5,2.7086780417482323,Yes
41,15,Sales,1.3255953046720612,1.3255953046720612,7.532504792404323,1.209981709071053,3,3.3822961629543165,35.64044783848455,3.0107448302723436,29,0,6,4,44.21798817193218,3,4.443448481644208,No
21,20,Technology,3.025967112237259,3.025967112237259,11.225582584123353,1.320057423118601,4,4.424374347276675,54.50230971619221,3.1844294511997195,35,0,7,7,28.1229639071096,4,3.267684800664019,No
31,15,HR,4.3181434364892555,2.8209001341584896,16.755030245280274,1.0814649183845735,3,4.02640226246675,68.43186269031473,3.4011573168598677,23,1,8,7,33.04415332377127,4,2.8033137090970364,No
37,17,Technology,12.472810898445022,8.454475606541186,20.184674809874156,3.3607426084924006,3,2.3047050721838023,71.03768221277137,2.0715232475878045,83,0,15,3,33.39735146722385,4,2.7977740630222456,No
35,16,Marketing,5.106819725132898,1.207724458037028,7.10486486107092,0.6604635946457876,3,3.724284957397872,49.71445527691302,3.4032273894854663,24,1,8,3,24.45016703849035,0,4.171113337764631,No
56,17,Technology,12.562695311993295,5.115479332361801,14.51347630809709,1.6432262438560141,1,4.989623355762431,34.415458428573274,4.720777526845062,14,1,7,3,21.25635488418392,0,4.976874876679409,No
35,16,Sales,0.3,0.3,8.298061975049322,1.2040650505251045,4,2.2223355715452096,75.32766541514793,4.8174965964540055,15,0,6,7,37.46411583354033,5,3.717165237531103,Yes
36,19,Technology,1.818302751657593,0.6661455302046654,9.117378787416643,1.6696229337611572,3,2.3382506270513623,15,2.8833181674131128,26,1,8,4,39.0334229831524,2,1.2987713232694786,No
28,15,Sales,4.741321611510234,4.741321611510234,16.500093016304426,0.9726181667962148,3,5,72.76958460860372,3.9076995503589114,14,1,7,6,29.962784691351956,3,4.194016090805395,No
33,20,Operations,3.430337164373214,1.717481079154058,12.866364265030917,1.8593917793039585,5,3.1099544110211066,79.17606166969571,4.1959922000556515,21,0,8,3,7.1653187039218675,2,1.146693027128235,No
41,16,Sales,1.0785085508692795,1.0785085508692795,11.151602422559217,1.1145406086481622,4,1.9765996946024527,15.00365061816185,2.3073985716797383,53,0,7,1,35.68261131227639,2,3.767621861298831,No
33,16,Technology,25,8.875064587894098,30.27255419322557,4.60066429643436,4,3.091168499017673,42.730055718833114,4.691296551384579,35,0,9,5,42.400209791228605,4,2.752971717881905,No
21,17,Technology,5.216513090717923,3.125754465880031,14.152976815969176,1.7952004654366907,3,4.308869420669964,84.42075738659078,3.1093681335959116,20,1,9,1,5.175916022237348,2,2.2025457363091268,No
34,15,Technology,13.97949230802269,7.796628289769311,14.609552300110215,1.9727422981813507,4,2.701083949351468,73.74807348856314,3.3932881147585405,21,0,9,6,56.55173955628546,1,2.649484993210707,No
54,12,Sales,0.8011358931441102,0.8011358931441102,9.930205249154083,1.2024314635092042,5,3.493148246546319,48.995067895734195,1.9962264275160848,13,0,3,3,9.82980841881278,0,3.8745079896318573,No
33,18,Technology,3.221956746392272,1.2621555422048119,6.480004271147294,0.40443284863885626,4,2.4039102573944153,43.59083882134229,5,10,1,6,4,22.95303019902911,3,4.562565270222514,No
28,18,Operations,4.86858922194125,3.7892558654880566,11.178502608820999,0.6014817939964524,4,3.8940341482795944,62.25409033257981,1.7955939153396634,11,0,5,1,23.052407365658066,5,3.787436016078089,No
35,19,Sales,2.792896314868581,2.0638938005655008,8.873715304029233,0.45151438718787484,4,3.0900247075760574,84.0626444675711,3.610904923796544,39,0,10,10,44.050038387440175,2,3.4713997701077397,Yes
40,15,Operations,4.801912357301138,1.2549838599951584,8.466259421164104,0.9812951847912652,4,4.315666635182985,56.34401470243842,3.998529677547796,83,1,12,5,34.06061419940397,3,2.4670461013034988,No
38,16,Finance,1.290379932968806,1.290379932968806,9.31443142842246,1.5741858088704894,2,3.1132483288479986,57.51219566902892,3.288558446356678,37,0,9,5,8.300435772672708,4,4.278702861467622,No
44,15,Sales,10.436882734112169,3.4949445590585198,17.401560840334636,3.3058139862470366,3,1.98819176884675,65.72573723342002,3.6007700102931586,27,0,7,4,16.169840493838006,0,4.114412682365264,Yes
41,17,Operations,1.2778581526207193,1.2778581526207193,12.190621723700692,2.1981441355989135,3,3.7164955768728243,37.02351828865907,3.3200251519812,20,1,7,6,18.98926814908172,5,2.575897063348799,No
28,15,Technology,8.08748031405057,0.9785852026689607,14.834137290012544,1.0130442993600175,4,3.9770396932589795,89.87564894193491,2.389701458913509,33,0,9,6,33.438155818030275,3,3.1461998578574026,No
43,19,Sales,21.23232273366381,8.40345820214027,27.37702477724193,3.252317638779585,4,3.9857639921618633,48.13907065149142,3.276755194178567,38,0,11,3,18.962560714736785,3,2.1298242802850136,No
34,17,Technology,0.9157957081791224,0.9157957081791224,8.883064574052902,1.26811911497075,4,2.8936728498960442,65.92194792929112,2.598941160133886,14,0,5,1,13.295605997171526,2,2.093361292243428,No
48,14,Technology,9.346747478097873,5.477579438715413,13.769876518503398,2.5919785003370555,3,1.0055737156293516,53.011794333215306,1.088758216521009,21,1,6,3,46.06946153782207,1,3.933628397667559,Yes
25,17,Sales,5.092083252932129,0.3133568751831696,9.985058925437503,1.9818741834483316,3,3.817806932356633,76.77766159680954,2.291580211450629,52,0,11,3,19.70969739874922,3,3.4702827541485166,No
34,18,Finance,7.312893406033617,4.190149505194502,12.878592991150889,2.061723765418526,4,3.881134183716387,58.82554524155216,2.613613868064741,32,0,9,6,41.304617611905094,4,2.5068712237882007,No
36,15,Finance,10.601892532554304,4.236186207576063,17.862224312368713,1.6598081167628949,2,2.9784648668705067,81.14489122143118,3.004717185037299,31,0,7,5,35.439893765870416,0,3.653432448744449,Yes
44,15,Sales,9.867321103727804,4.972478385126063,18.55511074922649,0.9299633427751168,5,3.3848343654705686,55.13057043692264,4.283281802248602,41,0,8,3,48.36603728542986,3,3.1294461234313844,No
30,12,Technology,25,9.105849477726014,49.491655073889085,7.3742060643857235,2,1.8805940874959062,26.984021196864347,3.294443121860056,10,0,7,2,30.082090157157626,3,4.068705305027641,No
36,17,Marketing,2.5972843531924195,2.5972843531924195,15.621095938398998,1.2984861248818131,3,4.434456268346718,44.58348619456751,3.6190841192919554,61,0,13,5,7.734512689878547,3,3.9808544782556363,No
34,14,Technology,4.242488492622298,3.808233056161149,12.56699330171581,0.7470901466115056,4,2.981766780905168,88.84502954411467,4.17443851878838,15,0,5,5,39.94912654659763,4,3.5025084710491288,Yes
52,18,Technology,9.84233360516996,3.0754165280238808,17.86792034536699,2.2672434430636916,2,2.09697190601838,27.88327166055817,3.1239719202574303,38,0,13,2,34.52070127504377,3,3.1253780695184563,No
28,16,Technology,3.0465805954640173,3.0465805954640173,10.157140743396338,0.6741986766612245,4,2.6292252206675144,60.82582121103678,1.2906743346087168,35,0,6,6,28.335313036987447,2,2.7449427165397964,Yes
47,16,Operations,14.011629293200418,7.087314921780862,18.593885725427757,1.7566396934824653,3,2.4110293602208674,55.01942207494207,2.6728453326183117,67,0,12,3,37.2344291818458,2,4.052413057469076,No
36,14,Operations,9.688262769087103,2.4894139640229445,12.715805183462356,1.317371151480714,2,3.795320223126697,64.16985815766807,1.4156885848998266,15,0,5,2,3.2887922499968436,5,3.252870093989917,Yes
35,18,Sales,9.612659184927102,5.936032683856138,9.792991848178563,1.7736130683484554,5,3.984690779085028,55.22557447929638,2.9986426061530222,18,0,5,5,13.532131923447492,4,2.8177829142048836,No
48,17,Technology,6.322591443536245,2.162971572194325,10.286621615614669,1.9645588315583091,3,3.2768756605052136,57.32534916087011,4.0050483304389015,9,0,4,6,26.14993485222245,1,3.9486333556508675,No
28,17,Finance,4.76629762780283,3.3173832153483813,11.189643454449953,0.771096841865453,3,2.7863375337924032,31.286325455288143,2.682303632536385,18,1,8,2,37.43765020015667,0,4.0964750581491005,No
44,16,HR,0.9110798135313299,0.31268998358737915,10.941281564300686,0.7066646247498652,5,3.1893434286017497,50.14112673763033,5,32,0,8,6,46.15651227002717,5,2.1686671127443056,No
42,17,Operations,0.3,0.3,6.446900652180764,0.5012908497998912,3,2.7994220611194582,56.087238265226084,2.602154976423099,29,1,6,2,27.685703965002347,5,2.8582876010722322,No
34,16,Technology,5.334463379125073,0.3,10.976671876726869,0.798416237947235,4,3.599029037068828,38.107003293057836,4.893697521301095,22,1,8,6,21.061355804753862,1,2.7639652988448677,No
35,12,Sales,0.3,0.3,8.740977173504852,0.49610878324347774,3,3.7182182476143355,70.10230626311925,3.3783106596251073,26,0,8,4,22.053964588937788,3,3.9437825590265794,Yes
39,16,Sales,3.4119025240545153,3.4119025240545153,13.134138977017027,0.9803802195963708,2,3.9724676571008657,17.930496227824914,2.6992405122784358,53,1,8,2,12.437382583140694,3,4.554787164753729,No
45,14,Technology,4.20361098992213,3.3433215844373243,14.514067510994058,1.4414956354643913,5,2.596750254487065,44.39037463657002,3.493756300648053,21,0,5,6,18.337795435596355,0,3.489950317577969,No
51,15,Marketing,2.0873829057515967,0.3,10.243181960782335,1.8951126678124148,3,3.925427859960999,25.50595442424442,2.865023954386954,13,1,7,3,15.262893542228483,0,2.4977185799707065,No
21,17,Sales,1.7077703322503175,1.7077703322503175,13.680236749226747,1.0139506457860408,3,2.90855532223077,64.31159805206782,3.504579646192913,54,1,11,3,1.3031938624459793,2,4.230616681464216,No
27,15,Operations,10.650435285610717,3.6227677966470653,15.878201324214645,1.315643917001967,3,4.503740875519507,62.56641571657847,3.9186771908328466,28,0,9,3,5.730499140325391,0,3.020172644434872,No
30,16,Marketing,1.7996772803398415,1.7996772803398415,6.656129163136848,0.5376127414230685,3,3.7934036443871095,58.4719898936159,3.2500042758413037,18,0,5,3,28.522679750255968,4,4.722562837856672,Yes
36,15,Operations,2.5138628893499897,2.5138628893499897,9.541805328618496,1.8609768820191692,3,3.4010830911672594,52.03979085937098,4.978304486586108,19,1,7,3,16.66521908421125,5,3.39675682389021,No
44,19,Operations,10.82727831707121,6.802593469019464,16.291154306047204,1.1238363255871484,3,2.9084466653238796,74.24719305909667,3.1786826576766503,12,0,7,3,14.692621102538377,1,3.474246928588084,Yes
47,15,Sales,2.4777864029998318,2.4777864029998318,7.607274431867636,0.8867277303456234,3,2.4856292395583575,54.42503636626105,4.297006551561204,28,0,5,4,55.949672651889465,4,3.518344037020229,No
37,15,Technology,2.121049207232796,0.3,11.114391777664759,1.5039735031698578,2,2.6040868122203737,51.17689749603053,2.995123214196301,26,1,7,4,49.47188311287385,3,4.241315805173424,Yes
42,16,Technology,2.837787066067558,2.837787066067558,10.08287031456025,0.5853094820904836,3,4.401466790575732,80.07554363010944,2.276223732650331,38,1,8,6,20.17637595848438,0,3.1143509536679224,No
27,15,Sales,1.2742661309981482,1.2742661309981482,11.702666826945634,0.6107829504319796,2,2.506668335975762,64.59780019305698,3.502796602564463,48,1,9,6,10.899228627026577,1,4.045013673460653,No
32,16,Finance,24.77854144336223,7.680165407995797,22.691521034647053,3.942091211222429,4,3.001674979454032,46.51014442198124,2.5900638289215436,42,1,11,2,11.811907418400656,5,4.178440753834602,No
27,19,Operations,5.938655644547316,4.180614015758656,9.619001937428758,0.5515553957187818,4,2.81995694904216,71.80180071491885,3.3808993868007833,41,0,7,5,25.696699996397253,3,2.3009001973223446,No
35,14,HR,8.877031605012526,8.877031605012526,11.181389280708075,0.9891557829164976,3,3.1247808902870156,43.60239812263954,2.391337563523689,8,0,8,6,23.529319942595166,3,4.885841090937516,No
21,18,Technology,3.7429513372654357,1.7913127821211259,11.778620191199167,1.1460110922262043,3,2.7781527932691876,57.53960961989793,3.6811420568923743,77,0,13,2,12.868984191674244,2,4.302556894418924,No
44,16,Technology,1.8222911357026694,0.3136917760977265,12.22415828796978,1.5081168979619652,3,3.598639253831529,84.23646322524382,3.7662696333653596,29,1,8,6,30.839627082712237,2,3.465603387774408,Yes
31,18,Operations,0.3605125081485797,0.3,10.13434679346794,1.6838971844245016,2,2.292294910472667,79.67006734095652,4.101685372185211,6,1,3,9,7.695260387498333,3,3.314345536801874,Yes
30,16,Marketing,9.134799887478632,8.893000811550465,16.319936501364893,1.2718743013736915,4,4.295656509347462,81.63613214747404,3.5984306025490715,39,1,11,2,15.164311720624818,5,2.3894385397545785,No
37,14,Technology,3.2052461997829176,3.2052461997829176,12.829737215266807,1.0320059591379223,3,2.293352823460039,60.79753061029472,2.633280186812348,12,0,6,4,39.50039375145402,1,3.1444284591731084,Yes
36,14,Operations,4.421167191712078,2.228717430445537,10.799350868941309,2.111848775722555,3,3.8938264625970622,68.20981089573802,2.9962478761270335,18,0,8,2,31.28623228656022,4,3.568752927045131,No
33,18,Technology,0.32473941807553847,0.3,9.779619684265986,1.2055452737476064,4,3.611089122107837,48.26480582040595,2.7225007194222735,61,1,8,3,19.15555870587848,3,2.281792914084367,No
40,16,Sales,3.853795835547043,3.853795835547043,14.623126248222018,1.5458174951054873,4,3.0035293431847787,60.49051751492147,2.2044527515291956,31,0,9,3,13.674033319969764,4,2.3047563358023435,No
37,14,Finance,4.215283490751059,3.418315195370053,9.78852160125571,1.1072439188125884,3,3.67765449181312,55.9397677193168,2.7071383879181505,37,0,8,3,21.411168608622297,1,2.611355106042264,No
53,19,Sales,1.9140145811654459,1.9140145811654459,7.861782082235999,0.5808725021634021,2,3.397453245599901,38.971395087590544,4.186293757905245,9,0,4,8,17.799679693716406,2,2.756865251531023,No
34,14,Technology,2.503678664553134,0.3475121265558658,10.11600751863213,1.4950807400047608,2,3.715463964554721,46.29045336619226,1.3855503353638028,44,1,6,9,79.96338729994928,3,3.2931308827515986,Yes
43,18,Marketing,4.729391255752416,4.729391255752416,7.2942923263094785,0.982064804878909,4,2.9153266929101664,58.519352513561195,3.7080774507881613,44,0,9,5,7.460083625632938,5,3.466589975472176,No
47,12,Technology,5.839959856553219,4.461432279967565,11.828963279916142,1.0327513650983073,2,2.9075580503822596,84.509249216865,2.093409866755718,24,0,9,1,52.193870821410734,4,3.11027225653111,Yes
37,14,HR,1.6080392147531124,0.3,7.881377147658539,1.2147730991547434,3,3.0806654546325034,62.274030517861426,3.7932948507942204,41,0,6,1,32.68770842959673,3,1.4873157293564245,Yes
27,19,Marketing,5.158935181198253,5.158935181198253,11.607575351880309,2.0564302217532275,4,2.906513011749753,40.90951061006189,3.1099896555984454,31,0,8,3,16.730131291119022,4,3.7510008015848473,No
28,14,Sales,3.0715874950529565,3.0715874950529565,12.768769473511096,0.8848057098621884,4,3.4929537073426946,82.31231439101845,3.612120229904494,18,1,9,10,6.160692870179221,5,3.8157993189775885,No
39,18,Sales,2.9313091392564306,0.8639822470188865,10.243538029826786,0.552194543910018,3,4.887311701274085,43.517037103894516,1.4986726116506572,47,0,9,3,7.037213253795688,0,2.591887772078042,No
41,14,Finance,0.9503709022319848,0.9503709022319848,8.364533220415247,1.6072677984129697,4,3.5041423163309156,46.48055081033017,4.201535989310919,35,0,6,5,43.24267271325195,4,2.778754196642076,No
32,17,Finance,8.40829625902995,3.5546050632316226,10.004243165852149,0.7366662529203107,4,3.61395156265436,37.768586611149715,1.6924890810456787,36,0,8,12,45.804733100702954,4,3.290692085294447,No
48,13,Sales,0.3,0.3,8.099280109730056,0.9143784606238781,4,2.609624172556382,42.91681116143669,3.9780579664755913,35,1,10,9,32.15319339909873,5,3.007230566129634,No
45,15,Marketing,5.027612161462054,2.0012990322293875,12.31422772602144,2.0957585895155266,4,3.389454445204278,59.19365460636185,3.4867856835271525,42,0,8,5,15.877388969317725,4,2.017285823180701,No
37,13,Sales,8.230291886134546,6.170084727808391,17.934853813059828,2.717935343764319,3,4.002427088144648,71.47825181396111,3.5145166805785744,18,0,6,3,26.018566433631808,1,4.307887414505842,No
42,15,Marketing,19.48669437717673,2.06570639372793,22.779007053963806,4.069918648570415,4,3.9113335613430937,53.865847596864846,3.3784928301129904,19,0,9,3,12.908475575891456,3,2.9332392466518753,No
42,16,Technology,11.249245932154716,7.11022004231817,18.096277522004932,1.129582213720085,2,2.5886797968636297,30.630497685612944,3.5286933385983796,44,0,8,1,20.722859701841074,3,3.9978659577049642,No
26,17,Operations,1.553229906470919,1.553229906470919,7.326789608717127,0.5432352251341004,5,2.714823549972343,56.777664965855955,1,18,0,5,2,19.268982750079264,5,5,No
30,15,Operations,12.312346093198625,3.9294048659098126,15.634820741407502,1.8257488423882888,3,3.3003569836840567,74.30555272578758,3.3077792584182037,21,0,7,6,30.078702368289683,4,3.103664099219874,No
22,14,Finance,10.388359555773379,3.476908959677912,13.958232876779206,2.5301399527702855,2,4.490407978271724,67.67591992734363,3.670199402679242,32,1,9,2,34.20511996723576,4,2.295833566328593,No
40,15,Technology,13.739907424086486,4.911890979069842,20.00444973383841,3.8301364993996017,3,3.1942528508321026,57.71328620419001,3.1059246641773335,34,0,13,5,12.023396386326823,5,1.3108972483938746,No
34,17,Marketing,13.538340869280107,6.847717372809453,14.368760059028633,2.4266867174515094,3,3.525420408488076,44.85201940791153,2.7106637473360466,56,1,11,3,11.230669277006367,4,1.8770859648062141,No
32,15,Sales,11.599045265868172,3.1747924266843293,15.25322141069244,2.9308678483963013,4,3.9844208159832486,39.13906189694888,2.6135660061529085,20,0,7,3,19.23438238478586,4,2.111544639055489,No
27,15,Marketing,4.130744945844046,4.130744945844046,7.387920535509951,1.3594138387354688,4,3.9223494410404864,75.02930025988366,4.287943921394612,15,1,6,4,41.20033716999607,0,4.312889552416591,No
49,18,Technology,8.191077607383805,6.710384137147381,13.766984266361714,1.2556742164026864,1,3.6920538911232845,19.737460875622926,2.1178197656490867,47,1,11,7,51.49673455494712,2,3.9495418948628425,No
34,16,Sales,9.8501382199246,8.192248616956551,10.716722252044873,1.432144873657216,2,2.4163888314949764,78.70001813886796,1.9250224185429559,13,1,5,3,11.040494652035076,3,2.705276433590838,Yes
43,20,Operations,5.383771221011015,3.128311420468387,17.44248631022965,1.1417775118365983,3,4.30123478160438,89.09279087055315,3.4113570333350856,39,0,9,5,31.10676376862449,0,2.1523147848833077,No
29,20,Finance,7.528961154093358,5.107982269775417,10.76580317218299,0.6782470695634588,4,2.800841792576906,73.41044009463745,4.391700233431209,39,0,8,5,11.909872584360187,3,2.9132701603349793,No
39,17,Finance,6.051108153876838,4.304169627836109,13.201127792919161,1.616658141039666,2,4.683898387265589,75.59255104504301,2.6881377106154574,38,0,10,9,42.69170568797507,3,2.7730306843579733,Yes
40,12,Operations,4.682517316927268,4.682517316927268,13.733332348648052,1.5380994841279843,4,3.492755924065207,75.08382861281592,3.188307839434426,8,0,6,3,41.53686392546389,5,3.884518861421067,No
31,18,Technology,0.4006815077533059,0.3821437095009538,8.247467189277886,1.625612051821054,4,4.277384739994495,74.19435915758403,3.0979513616804435,37,0,8,5,37.892182093650284,0,2.8591271510696177,Yes
35,14,Operations,6.284423332137923,2.020259076897254,11.257918368652147,2.1626565635382544,2,1.7913650944925992,80.10273493661315,3.093915872600552,71,0,14,9,17.9835486527092,1,3.4496090840528555,Yes
21,13,Operations,2.070972186463922,2.070972186463922,12.135205744519231,1.3969952913050105,5,3.0969563794519313,40.96783536771999,3.0050578080712196,43,0,9,4,24.326898733716515,4,2.618972622315451,No
37,16,Technology,2.035875451585609,2.035875451585609,9.927606675466164,1.6326218140519833,4,3.2714376951693778,55.41871029102674,2.6028252571645667,33,0,9,8,11.945331022846277,1,3.029672014130554,No
32,19,Technology,2.7849498301681805,1.4527447779270903,6.662062052060742,0.5102239298967249,3,3.6859501303867988,64.37334568003509,3.689558629463872,34,0,10,2,29.825506079764143,0,3.1373146666443086,No
31,17,Sales,12.703537530149273,3.3702875764739306,13.141245983165986,1.6637507674809024,4,3.8938340806531575,49.69706939963068,3.4992183890360202,24,1,8,5,10.27783842092584,0,3.8732899289236005,No
28,17,HR,6.513839511267673,6.034253726053702,11.616526664298961,1.4636498214006979,4,4.891223120049309,51.02122029180664,3.774735175716905,38,0,7,3,17.214224854615786,4,3.726617078432683,No
30,15,Finance,1.6531381055305765,1.6531381055305765,16.681597500456366,2.861577959178763,4,3.1025010853524733,53.31000794205938,2.7823973827689312,26,1,7,8,15.137629211081856,4,3.455821756132782,No
37,13,Finance,6.023511542850377,3.5863135363070047,11.903475716965525,0.8254292350995089,2,2.0773196215632677,59.179437002428934,2.793858964148027,24,1,7,3,12.786249654909842,3,3.137297901769553,No
38,16,Finance,2.501309966036127,2.501309966036127,10.908851154841123,1.1351377676360581,3,3.7863536793132733,47.09552913542826,4.786349366239986,35,1,9,6,25.727236426887703,4,3.555877959119601,No
36,17,HR,2.8355809459215857,2.8355809459215857,11.314720292990263,2.1442776769632346,5,3.807571891602817,65.29331620204968,3.2748793440486943,91,1,14,4,24.886827339839844,3,2.9900133024276627,No
33,18,Operations,2.6348804378683957,1.3637517501270167,14.332772130474954,2.157141818524989,3,2.8966732243107907,37.20417334998174,3.2164990975682883,33,1,7,4,49.45685716010498,1,2.6976199110913726,No
34,16,Technology,0.5728526752012848,0.5728526752012848,4.095797924284179,0.726293912684012,4,2.6660382369375473,38.961649688865094,1.7728450514446112,32,0,8,0,46.091417184522534,5,1.7920945836765778,No
28,17,HR,0.5344973239827085,0.5344973239827085,7.078137488929328,0.6816640312029646,4,3.1888745595119166,44.801499086297525,1,38,0,8,2,29.10479199896963,5,4.976581372336681,No
32,15,Technology,8.331866904998137,4.270226700437307,8.92981472548681,0.6716252935852219,5,2.193029632396,53.98933956160861,2.493607641399205,53,0,10,3,33.316358772631546,2,4.0153074022387285,No
39,18,Sales,8.025613518985615,0.33350204420683127,16.005388609552124,1.080487384776566,3,3.531117214006122,58.95674462248697,2.1829207630448715,19,0,9,3,46.02975197864578,4,3.2008487730813715,Yes
22,19,Marketing,3.5439225985115805,3.5439225985115805,7.1425153414320475,0.6759946094090333,4,2.609385299598707,48.32400695055023,2.393242876380634,40,0,8,7,47.6598306380049,3,3.115483141365083,No
35,18,Technology,2.602939019622327,1.8692652689396378,9.28732889326543,1.5816932355369944,4,2.113101180769361,40.086729142510315,1.9851959313422889,8,0,5,1,21.11046834778667,0,2.118298325745586,No
28,15,Sales,5.459226320150783,4.752845872407146,10.827000098047773,1.6141864844642697,2,3.0973557869369097,59.585853289992656,3.398331668737902,25,0,6,7,10.002093479142513,0,2.3013850497605235,No
28,16,Finance,1.837879862329272,1.837879862329272,13.384654460096185,2.021808132036408,4,4.182274236969475,15.202173847267193,3.0215076531341003,32,1,7,6,11.03802135996917,2,1.7867702158410816,No
38,18,HR,1.149415449557901,1.149415449557901,8.225758544495008,1.2195504608185632,4,4.311460919685812,73.76578683785121,2.981242829888611,26,0,7,2,36.88953792120625,3,3.6554573913541066,No
38,13,Technology,9.569021113693998,5.54368552088486,12.413384463020085,0.9471983127856024,3,2.414071582125963,37.10039677685903,2.8969520246767013,51,0,16,2,11.247006556622141,1,2.37847521640006,No
45,17,HR,1.312295220240195,1.312295220240195,12.399519635417793,1.3942754135855229,4,2.69914965077614,76.79526666008606,3.656534769380514,37,1,6,6,34.37879144481917,5,4.416922773119088,No
34,19,Operations,5.25515242501183,5.147705677369478,10.067883394935656,1.7079461099666418,3,4.807277628067323,71.49643726389061,3.7068171291219203,18,0,6,4,80,1,3.2658127502580885,No
43,12,Operations,11.606222890883842,4.361111618969644,13.936827921717748,1.4681519924640787,4,3.625374363121635,85.15614100557535,1.7978371937296451,57,0,10,7,17.483990834468674,5,4.878940999848566,No
39,15,HR,1.0249579795477919,1.0249579795477919,7.74881704210054,0.49373209487527175,4,2.815241656889754,48.13398029226072,3.3224160937410137,27,1,8,2,47.63396708773987,5,3.1272203156918117,No
26,15,Technology,11.313094887276709,3.8401226390124568,11.460635220229351,1.9661504094509714,2,3.1864589436905137,37.52816390461838,2.5694733159102943,23,0,9,4,13.777952463792253,1,4.327289333394321,No
35,17,Marketing,1.1769419759000646,1.1769419759000646,7.670136500421278,1.3240660841886815,3,1.3093411958099535,83.71784723402533,2.5067966170356613,15,1,5,1,15.941402448742863,5,4.649689968314508,Yes
31,17,Marketing,0.9054933495207168,0.354970965541533,11.946346658226263,1.466133744268194,3,2.8066749943879947,51.86960049757625,4.307756766309905,24,0,6,8,26.78507075020167,0,3.9853791662723452,No
33,16,Operations,2.182061109031764,1.4416682450161316,10.019210233199093,1.6429903547067808,3,3.3115505401446477,60.44610903582756,4.109245922606155,16,0,6,2,15.17918664759872,1,1.8080507930367227,No
21,19,Operations,2.670818516839876,1.4364813918458033,10.118492975065191,1.6225103548043038,4,2.726232695436229,49.72776798783056,3.096460771742014,41,1,10,3,12.232971964639495,2,3.3683710843383277,No
43,15,Technology,9.702601761654893,8.616753687154166,12.827419256153558,1.2674513668740541,2,4.08465838554287,85.21095826482834,3.5913720398217737,15,0,6,3,34.83619004427458,5,4.43248696325635,Yes
22,19,HR,5.748420467909142,3.698573426053768,9.29982906511507,1.6228844627795103,3,3.473757092152791,64.04590761590751,3.0121589673089058,44,0,9,6,25.47270606364459,5,3.2159758390626196,No
32,16,Sales,0.9084055651562333,0.9084055651562333,7.886423933844772,0.8069677862664378,4,3.8213546788070407,45.263886318977285,2.314128297804822,28,0,9,3,26.379604945414375,5,2.143383772144391,No
41,19,HR,1.8582750913721409,1.8316750302451321,8.365115448467312,0.9125199621999126,3,3.0125865893251143,83.65886302458567,2.014372987211984,49,0,9,4,26.94728263752809,2,3.214316180892378,Yes
47,16,Sales,5.7863293251985395,3.904494171705065,15.380748913935777,1.5549786903728238,4,3.8829178869630456,44.935958665397344,2.494911905224399,31,1,6,7,41.22329593807912,0,1.8346945429909538,No
21,17,Operations,9.620109766377945,5.741766146901933,10.032904533754063,0.8438822921834486,4,3.508261257157519,80.4166985393133,3.22565839134386,59,1,11,3,8.84402786970667,2,1.394625824348611,No
28,16,Marketing,2.533643227934769,2.533643227934769,11.852496448386146,0.9863411813991667,4,3.0989750152255775,82.25290683290794,3.4010778151133523,17,0,6,1,11.925541634445477,5,4.013481072173292,No
30,17,Technology,4.788999235432895,1.089036623084134,12.029548168607846,2.010401995648177,3,2.821664353909772,65.09794475681788,2.2931651865287903,50,1,8,2,22.103691603640115,2,4.800149842213538,No
44,14,Sales,3.8213460582900085,1.103234595257594,8.641870439337186,1.0125634447641878,4,4.096077195873426,59.549345208723366,2.888874200160509,28,0,7,5,15.909183678186235,2,3.5777359084927056,No
42,15,Operations,21.121251497996873,11.723092297577672,20.364267439788005,3.5584603114772637,3,3.3024240121361252,78.59285328149087,1.972690700129621,33,0,10,2,10.32356800688624,1,2.0418540652062616,No
21,16,Finance,1.8751090310351148,1.8751090310351148,7.984706083983311,0.8476713993017148,3,4.303214818539151,60.123057528884935,2.501916098297478,25,0,7,5,36.90192797287908,3,3.2858339707861868,No
31,17,Sales,6.117024645598897,4.769356099156219,13.473331507572457,1.9150410788363275,4,2.5950136740101333,15.493618571748591,2.166732624150532,35,0,6,5,46.63472696460217,1,4.9674492786237225,No
25,15,Finance,3.135173724779836,3.135173724779836,8.40849905460791,1.3047462122443163,4,2.2803714886318036,59.028718159260585,3.0359782502215658,31,1,8,6,9.817787884499849,2,4.086602990813692,No
39,14,Operations,5.8944997013732,2.990075254061574,10.17633191183084,1.2480462469119615,5,3.818718111208108,31.853745068625585,3.298525712610232,21,1,8,3,27.404731053414714,3,2.9993736788484653,No
31,13,Sales,4.116990927778051,3.7906558344021595,9.722177040215554,1.5466235475234011,4,3.2897793227477026,57.925604925094696,3.0076503422465364,10,1,3,3,32.15243670668164,2,4.072271952134379,No
24,16,Marketing,14.76350750198155,3.998216605662074,15.654595681546066,2.167166490597299,4,3.601976767877965,56.82435374335966,3.887264967951779,17,0,9,6,11.235103688462305,1,1.731793700842205,No
39,19,Operations,2.3874094003802053,2.3874094003802053,7.160200260717619,1.103914732977895,3,1.7137238086707425,62.95521437682754,3.0939856095049665,25,0,6,7,23.346523601600815,4,4.219639505020596,Yes
46,16,Sales,4.227778301168326,2.1064908867169563,8.644259271755113,1.4635672555457657,3,3.6108298862117265,51.51798904906509,4.289865777647592,53,0,10,4,31.367181910364362,4,1.7585369809933507,No
31,16,Sales,17.08600405423655,5.023407112705325,14.54676315040025,2.1729209947995165,4,3.9183129300877724,52.78559581707646,3.7078039607574276,9,0,8,5,32.7450993308458,3,4.363258540246469,No
35,15,Operations,21.203747983541337,9.983569171343204,22.515465903928362,3.838147784397762,5,3.489307157076542,49.97466623913141,4.3703252239226815,54,0,14,7,31.634097583870798,2,3.7728949916759627,No
30,16,HR,2.0016328773932885,2.0016328773932885,9.68899178510869,0.9957306766813526,3,4.519545306737804,64.85187311137315,3.7098885145775453,60,0,8,4,15.503073690811835,3,1.790847975921126,No
29,18,Sales,11.00118966772953,7.525031589285231,22.15477569973321,1.8880670139481204,3,3.8170458962761336,39.88992328183079,2.011002430392335,29,0,11,3,3.8170965492386015,2,4.143170860893611,No
27,17,Operations,8.970913895246177,6.937584383639817,9.486899619266223,0.9404338978471465,3,4.513316412970162,59.21657932022763,3.184477234851469,13,0,6,4,53.22054122787453,2,1.6463300234003193,No
34,16,HR,19.979140971565176,11.63160151894093,33.834214933576085,5.426932413652694,1,4.033979376763062,73.94092047910314,4.178431746976414,55,0,13,7,4.5552880263170605,4,3.5735059799016327,No
26,20,Sales,1.8581217257211229,1.8581217257211229,8.38187176521421,0.8435350246927952,3,3.108153031219423,49.33465183523242,3.190205334030017,48,0,8,6,52.08376491740404,5,2.6895107254705692,No
25,13,Technology,2.5445006879745917,0.3177250799492784,10.363506876514565,0.7812076393488636,4,1.4752262012561783,52.40992980651152,1.9263175146840432,30,0,5,4,11.785550247531704,4,2.562084766703525,Yes
31,15,Technology,12.058191240395875,1.4320245193387278,20.087020423493247,3.8339842933746358,2,3.1987505305090584,31.727726278565765,3.2895352131794353,33,1,9,4,9.171450534060684,4,3.4819556914141647,No
36,18,Technology,2.336506071030226,2.336506071030226,8.982379078182959,0.6264778108488626,3,3.300851689307425,78.20736388803617,4.793313347487326,47,0,11,11,17.04480414899939,0,3.077766248330196,No
30,17,Operations,3.911137529061894,3.911137529061894,8.211032461277453,0.6934503498189204,3,3.5804986084283654,54.434219769581155,2.577172419142606,34,1,9,4,67.70536181425112,2,3.3349533358721386,Yes
27,16,Finance,0.8269352173743325,0.8269352173743325,6.169120870926383,0.5053003755213251,4,4.40231699715191,72.12044721739915,3.1112933358032526,26,0,9,3,15.242757140920151,3,3.928280806755251,No
28,14,Technology,7.23303498328434,4.524610400582895,8.449060539551345,0.8933819362024242,4,3.1019829731421047,56.28816540090202,3.510065603366182,37,1,8,7,19.91363971965765,3,3.498354242515227,No
36,16,Marketing,2.0660214910094226,2.0660214910094226,9.731781775996355,0.9288581114944334,3,3.6273785299331367,64.43435593686561,3.3112681312843915,44,1,10,7,11.169014734180681,4,2.9943256703503898,No
33,16,Operations,8.240787706822866,3.937805186417594,14.855211071237312,1.5560725191287001,3,3.3908743093617497,59.348433340970494,3.5883848412371595,44,0,10,2,19.04200916669813,1,4.472915055888036,No
41,15,Sales,1.3886474643892137,1.3886474643892137,8.685003388895927,0.9532842872982442,4,3.6927632559769896,59.266499015584905,4.810475527789317,6,0,4,5,24.060883257511197,3,4.070234779150456,No
28,14,Sales,1.0307613132339701,1.0307613132339701,10.86695993709721,0.848686952203203,3,3.1294731067208668,26.27272687503427,2.004147037034195,30,0,7,7,30.769089045947492,0,3.077952650524404,No
31,16,Marketing,1.9124936039199811,1.5038883712948923,10.060619789804703,0.6985355405574349,4,3.901752804594827,84.38033705880602,3.4149272222608062,7,0,5,3,41.59983341453355,5,1.9947777869870453,No
31,18,Sales,7.506033618924261,3.3098231298291307,15.03857380077324,1.339214961987342,3,4.384179784609763,51.530173441893496,2.918417885318457,25,0,8,5,18.888724301974953,5,1.6744766813690626,No
40,16,Finance,8.170178044159332,6.784983194843217,13.299379634086216,1.3037206602245301,3,5,75.86926156732689,3.107098445154694,30,0,10,2,12.581081528926628,0,1.7800984768962536,No
34,19,Finance,3.000013787608838,3.000013787608838,6.5954298616825255,0.7727520913961279,3,2.835018379675973,53.560817143487576,3.478390949632029,35,0,11,5,16.276532596477757,5,4.987955300542102,No
21,12,Finance,3.164432784880236,0.3010046021120816,12.31588796724148,1.0246383061812012,4,4.2972265569277175,47.944476029405905,3.6056377363202157,35,0,8,4,16.874878274720167,3,2.9622713336494613,No
50,18,Operations,23.627860822591593,7.811008141001498,44.63150865245486,3.7874351333949083,3,1.8130916401503536,34.63282689081659,1.7975310305414425,19,0,8,4,2.3140513549428414,3,2.476528073677492,No
27,17,Operations,0.5680978855977145,0.3,7.535534935862395,1.4836484000424288,4,2.6928420449801296,58.23719860802818,3.1101072144963626,31,1,9,5,18.29347945644712,2,2.884628114506752,No
36,16,Finance,1.4835863586561424,1.4835863586561424,8.57764489846454,1.6928063149159625,3,3.69896325328969,53.828933147727525,4.125682980092085,12,0,7,7,44.96310452844621,2,4.791940106213598,No
31,14,Sales,5.743517897974042,4.41748356177415,11.468574741451702,2.0759333851780815,3,5,48.50147520651274,2.8865889709477157,46,0,12,2,17.111233612900026,4,3.760477385598624,No
34,12,Operations,6.088203786016193,6.088203786016193,10.60152745412933,0.949468389337713,5,2.911970678900109,48.84376225322291,2.71261305958868,28,0,7,3,23.051880596637318,3,3.014933879145487,No
35,12,Technology,6.46059423473248,1.0195504504633863,15.926553977796102,1.0977858593563385,2,3.608371271706368,84.51639118465944,2.8136197115247334,27,0,10,8,32.85207885016442,2,3.5761130116667292,Yes
45,18,Technology,1.485643790504731,0.3,12.741429362686196,0.9782185990167246,3,4.020206792191869,64.18642064216412,3.6924675311736763,47,0,8,1,15.671831606138438,4,2.393710244434909,No
33,19,HR,0.4884070482363558,0.4884070482363558,7.843267221029426,0.6320766256590309,3,2.35541092061529,58.71359585819455,3.3908898278405606,33,0,8,6,51.35230114193402,3,3.951311960932284,Yes
29,13,Operations,9.2123212756733,7.355806556145139,12.293529668522567,2.1388042185644496,4,3.3900645224775756,52.40254031396553,3.5077083253742085,21,0,7,5,16.149313359859992,4,3.3060983647209166,No
27,16,Technology,1.0774328041604668,1.0774328041604668,7.878595554011975,1.1895476634922892,3,3.4195044153796315,71.52271234657498,4.679469007857711,38,0,7,7,38.201227245820384,3,3.430863438036537,Yes
27,15,Marketing,2.1667130503057805,2.1667130503057805,6.787669180702032,1.1181599519140697,3,3.181489226748018,72.03202811030343,3.397565003493985,28,0,9,4,70.74344043448573,1,2.303383616321721,Yes
41,20,Technology,3.1282028165490274,3.1282028165490274,9.49125069691487,0.5145567628930338,2,2.7057964472103744,39.684871003454546,1.3752516076768775,43,0,9,3,66.55386906760036,5,3.9133377667848346,Yes
41,20,Sales,0.9451167256312305,0.8611286130851478,8.541123235567794,1.3239992886236225,4,3.810449594623453,15,3.805408544946929,26,1,7,4,27.684681489030364,3,4.656023391175447,No
25,16,Operations,0.3,0.3,12.307967120964527,1.597639736010328,3,3.2035943305533006,65.6559828967146,3.0993717245102617,29,0,7,3,26.81131974827799,2,3.8308340975629993,No
40,15,Marketing,12.340697136001387,7.1853145594478045,14.274748867611184,1.6950850250842222,4,3.1178488259803103,53.630565965184225,4.209705178165704,28,0,9,4,23.08038543993215,4,2.356147922067549,No
32,16,Technology,3.928250689984557,2.279704684791798,14.18751770360826,0.7582776743809457,3,3.0969788661013977,57.08608276437428,4.217867736322685,81,0,12,1,56.1842565794027,4,4.993054792838597,No
36,12,Technology,11.002155973178516,7.2745908066135465,10.409509655232679,1.1737381715084234,4,3.108597281799841,65.64681166652703,3.3978144612484154,13,0,7,6,3.1430671004009967,5,3.0361339189554415,No
23,18,Sales,0.31635047793108617,0.31635047793108617,10.583752230542272,1.5043127542701857,3,2.2031001744027647,56.86371691827313,3.8913128312680763,58,1,9,4,44.76485403972924,2,3.393245937111233,No
34,17,Operations,0.5462444334692963,0.5462444334692963,10.04103910639825,1.9293691030243085,3,3.2965060105214397,80.03214281560015,3.1959073818890174,50,0,10,0,6.0135000826342715,4,2.167850766194366,No
38,20,Sales,1.4791448876945124,1.4791448876945124,5.820367729954714,0.7561667873935203,4,3.210728589766075,60.84952123011654,3.8985653149293995,27,0,8,2,13.425995433599644,4,2.5544039246576657,No
55,16,Operations,0.5986326157236554,0.5986326157236554,10.50299520707338,1.7199245481520398,4,4.3145956673492565,96.38808993291418,3.9832891630663423,12,0,7,3,52.036691501969315,1,3.3958273190088937,Yes
46,16,Sales,0.37317127533989236,0.37317127533989236,8.866756653820438,0.9213115026835204,4,2.41876507610673,67.0270165632301,3.0366558202306364,47,1,9,4,1.7436652249047413,3,3.338817407935544,No
42,19,Finance,0.4270819840606854,0.4270819840606854,10.789871051537476,1.329114609255953,4,4.09713245991801,59.450832359141145,4.591662622450365,16,0,5,2,29.48710743727927,3,4.162189711999766,No
41,17,Marketing,0.6141126080826345,0.6141126080826345,7.867287901570392,1.4627644575982577,5,4.09196729208828,73.82874394356155,2.7863219821329013,23,0,4,3,43.47638183756808,4,2.4994907654562146,No
34,16,Marketing,12.841238688403598,5.649180378665956,15.43704969832446,0.8038146737440329,3,2.5953485674662473,89.32038136672143,3.711287586613,47,1,11,6,28.1821822638803,5,3.5986069006448735,No
38,16,Finance,1.3600597819793678,1.3600597819793678,6.625055400542652,0.8594080023087424,3,2.926831309525543,80.4575225699843,3.914292426110977,10,0,6,8,34.8532774849053,3,4.235426041276815,Yes
40,20,Technology,9.77398293351544,1.3540350239977053,16.823085495557788,1.3532241521957287,3,3.3071430070898855,66.47814941287626,3.126489869335597,15,0,7,4,39.54020095002546,5,4.380331492793126,Yes
47,15,Technology,0.35965865856521667,0.35965865856521667,5.219409051328562,0.7376799543974045,3,4.987312511329883,58.49678694931619,2.809718261206093,32,0,6,2,34.922113144348266,4,1,No
43,18,Marketing,4.30790382466647,4.27275859266569,10.941571569775324,0.7159364675312658,4,2.404652640755343,77.83924573060982,4.410940657746126,30,0,5,7,49.84965518657846,1,4.026747172134436,Yes
32,15,Technology,6.6281478800128975,6.399730719187591,20.21376407324599,1.4161018320615544,3,4.190077784846384,63.85866650274744,3.601483001211927,10,0,9,5,74.67772348656844,0,4.456883304833389,Yes
31,20,Operations,0.6443622906153526,0.6443622906153526,9.111904773911027,0.6818563011506941,4,1.674756131017141,52.418765217822425,3.1204532949225094,19,0,9,0,63.958054239177805,1,3.988698616529621,Yes
32,17,Operations,3.1390970306236605,2.0183769103795566,8.433730970310593,0.6965845889589116,3,2.6073620942650075,65.51197004243501,3.621748632561224,59,1,12,2,73.69269531450689,0,4.0079444573870235,No
33,17,Operations,5.469410451042929,2.698686246190366,11.22690421323332,0.9209323825744835,2,3.5015944984111513,87.80405803561406,2.913314832282201,55,0,10,5,34.210949791606396,5,3.90571726842594,Yes
43,20,Marketing,0.4262158189058937,0.4262158189058937,7.7129952255574885,1.4997042972430474,3,3.4999544487396395,81.87359021646753,2.7856872402737705,20,0,5,5,19.390765693811982,3,2.680586619505509,Yes
42,16,Sales,11.792538351747998,6.106324969474169,14.314298765407683,2.4322240267613044,2,3.5107460690501338,80.69123396460273,1.8024819374367358,49,1,11,6,31.42396016768912,4,2.189847468309603,Yes
33,16,Finance,3.6762016625489,2.760998483895058,6.3400158086430896,0.4606026485222023,3,2.4027798540274072,36.81419476185681,1.902879508277238,35,1,10,6,28.11073954109433,3,3.260686552742035,No
43,13,Marketing,2.5101187900784314,1.8036258114531938,8.259321302054579,0.4985721519428163,4,2.809279939349482,72.69614072929072,2.8093394874434576,51,1,8,3,32.395111051238466,1,1.7768210569437706,No
26,17,Sales,6.914713098044206,3.418279666998079,10.84152203304253,0.6485264771574337,3,2.7091230631511984,44.552621441722856,3.3012550436396815,24,0,8,6,14.276208091699422,4,4.01412777031099,No
35,17,Operations,2.4618889693253276,2.4618889693253276,10.793966414115442,2.082803254319666,4,4.488475403226222,50.10418324422323,3.154760360130386,25,0,6,3,30.271673644451695,5,3.8562797250352543,No
33,15,Marketing,1.0952523202600624,1.0952523202600624,9.774535296485928,0.512321834386708,4,3.0018830344383822,72.00487767287314,3.4413606930078235,33,0,8,4,18.641360486634593,0,3.8077228530133813,No
29,18,Marketing,3.867960154346351,3.2553269973675856,8.493789906719279,1.0663171432698608,4,5,55.58400723459825,2.581805365948317,30,1,9,7,9.144752859465116,2,2.0748005849964426,No
38,15,Marketing,4.991621969911342,3.2135995608023133,11.3172282832298,1.5230421131002145,3,3.0212916290819143,38.783578373850126,3.123254311163684,25,0,7,1,20.54710291356017,0,3.3151883756752314,No
38,14,Technology,1.388790821687963,1.388790821687963,7.843452114977337,0.6144054804997013,2,2.508278436653205,88.52253455818384,3.102972237647414,41,1,9,6,77.53034225795686,0,3.553102907497123,Yes
43,19,Technology,1.0199175825373805,0.35202997470633984,9.66991493165824,0.6153088736762312,2,2.414109704828636,56.94983410163131,3.90268384514165,30,0,7,4,21.486813660030975,4,2.2854641185624134,Yes
41,17,Finance,10.01664755284007,5.906680194927536,11.082448287146343,1.0119465565773462,3,3.684717090393454,54.94601637295145,3.0032574116649604,36,1,10,10,17.182232078845825,0,2.9501089393734348,No
37,14,Marketing,5.501761767997689,3.5947632195408956,9.30710347353966,1.0767412487243084,2,3.007026117274015,73.01334592361516,3.4038634792790545,50,0,10,5,15.00135280784579,3,5,No
21,13,Operations,1.0178802853120346,0.3,10.066701006220411,1.6606184858199684,4,4.213281770948997,67.55314797189122,3.2987052080197348,85,1,12,2,19.85474355696949,5,2.996920018662707,No
37,16,Technology,21.8132533589527,6.958681928094627,26.178922451343173,4.441476673659397,2,3.0078834507069003,78.65573964592586,1.2946519810728936,20,0,11,4,44.836898583455046,3,3.6509942847560564,Yes
27,18,Marketing,9.196656818910727,3.515391649334152,12.536152374467592,2.1374880272626258,3,3.577500098474461,60.10819552355577,3.3269640157358413,19,1,9,7,19.134566524210413,3,4.039706246028007,No
49,13,Operations,5.165311497687698,2.420427837218933,11.285096663329034,1.5967254877919732,4,3.5256032530853245,36.34340181235686,2.6980822982836847,17,0,5,4,25.834743513225668,4,2.833440105074002,No
48,17,Sales,5.274831197264252,0.5108658015348688,16.06643796873565,1.8639214743901193,3,2.7093514499092843,72.38858275893008,3.3688317136057035,32,1,10,2,16.00443126376479,0,3.4005514985802083,Yes
39,16,Marketing,4.36862021981239,0.32665135567084125,6.9640978853716735,1.1648158979112486,4,4.109880180645185,65.6212986796021,3.9411207332811156,33,0,9,6,70.59978541611866,4,3.201380653551236,No
33,14,Operations,8.017425844371633,3.9237544292464697,10.076427433872812,1.400302615146109,3,3.696694149931443,51.356231101558365,2.3955929023610327,22,0,8,6,51.50728261106253,4,4.236775652074083,Yes
43,18,Marketing,3.600616256378156,2.7995969605549402,13.774927878599744,1.7951955339459726,3,4.194881275832382,53.93934440444684,2.9080823034028658,21,0,8,7,41.67042643194208,2,3.05115480936821,No
24,16,Finance,1.3063534266544896,0.3,8.015686180410242,0.8659268685967109,3,3.2055215433093536,65.16590954025132,2.6173788652963568,20,0,7,4,40.8085371853994,2,5,Yes
24,19,Operations,0.4279210798586368,0.4279210798586368,9.990926989745034,1.2253831313911125,4,4.29152003615362,51.49743660636459,3.51502581647835,73,1,8,3,63.135979573951346,1,5,No
24,17,Operations,1.2036404524219855,1.2036404524219855,9.056339670221707,1.681483696248557,4,2.7126021151594695,50.76103875643316,3.6792841342989506,26,0,11,4,14.423419118180663,1,3.751072018955714,No
39,13,Technology,23.441180293684845,10.927093542671056,24.117404289809624,2.0091818220362616,5,3.704617231534846,73.43093684768641,3.8949452432689116,35,0,10,4,3.1824855445790723,2,2.608828896927678,No
40,18,Operations,4.241860534379034,3.316023066095002,8.670400093479104,0.7554468349674411,3,3.592023015843535,64.81174446035774,3.700822277433152,48,0,11,5,54.19647001161805,2,3.192188590386202,No
28,14,Operations,1.6756386203632545,1.6756386203632545,6.761458108131396,0.5298018368172559,5,3.679272273311928,71.66419825659962,2.2925809682520044,21,0,6,5,30.793745351111074,4,4.188044620425041,Yes
32,15,Marketing,6.116157895805529,5.313405887539725,16.13885832289961,2.468629727708464,3,4.9937147024985284,31.197966140168987,4.481633869234765,49,0,11,4,13.101385436941465,4,2.5044641879536886,No
21,20,Technology,2.2735980976467296,1.3534435496617034,9.497782749011783,1.7846920700604834,4,2.5262518141835844,44.65257827731275,4.11910050409837,8,1,2,11,26.053142476068754,3,3.9508033237273663,No
41,13,Sales,1.7185232632526277,1.7185232632526277,5.890646604346797,0.8423871931695763,3,3.4720267328869814,74.23312028494685,4.884599612804452,26,0,8,5,28.3323095339997,2,2.3563984780848304,Yes
24,20,Operations,0.8295567106245202,0.8295567106245202,8.893839368234879,0.4854180662820423,3,2.8992748685388965,79.46142939703368,3.807649335980815,16,0,7,5,38.324910383854665,5,4.941673932453814,Yes
36,16,Sales,20.89754156404603,10.001521894193742,27.06336854672616,1.9481832814644506,4,4.617043817306527,99.97940963067894,3.9190475277084817,41,0,11,4,8.488986646030002,1,3.914969813613425,No
41,16,Finance,17.776722214596287,4.149005277073303,24.03969108836052,3.515259893412879,4,3.902652319828456,71.9448081035401,2.0275077350519313,20,0,10,4,21.169527397720852,5,3.0421563587156735,No
42,15,Technology,5.7756857212668224,5.114033871300487,9.129995017469845,1.4965761941355904,4,4.318534484916195,75.28440378779847,3.511369997006725,54,1,12,5,31.669351886060255,4,2.9602283255771242,No
37,17,Sales,8.259412502096946,5.9230092331181385,14.283398725868532,2.746984298046026,3,3.1251523448431957,65.06987931689645,2.103278009045368,20,1,6,4,21.89496718550882,3,4.855214251533898,No
24,17,Technology,1.5188632677057308,1.5188632677057308,9.207290573593093,0.7343408649385108,4,2.928369682964816,70.15527527967083,2.691398769183121,22,0,9,8,22.063921836347387,4,3.7479441321686116,Yes
48,18,Technology,2.3772086118828626,2.3772086118828626,10.170561273860857,1.3055465217356117,4,5,80.23822501128355,3.502145846514282,27,0,4,4,30.708282504660232,0,3.945331329139052,No
47,16,Technology,7.5364524081022815,7.5364524081022815,15.64831441599178,2.8295466283777158,4,3.3213817570266446,40.28870982531081,3.170343631534857,44,0,7,6,26.853271704522257,4,3.3892298866764357,No
31,17,Sales,1.3657501059051895,1.3657501059051895,7.873008157960844,1.3400882770778784,5,1.9278799417206185,30.592682820128587,4.27336621482871,38,1,10,10,16.356499040981284,2,5,No
32,13,Finance,10.937643124505351,6.7940376755046366,8.070718804708733,0.9079328650971854,4,2.474166579739942,67.25244150184325,4.473905243593395,33,0,11,8,16.09803470378136,1,3.576252172889436,No
49,18,Operations,12.43590312573249,3.349397828328083,13.984752490469813,2.4962723100863826,2,2.41397440429919,59.540897796404536,3.50772583881915,20,0,7,3,32.666480201599015,1,1.3894200710754028,No
42,20,Marketing,0.39612439469568206,0.39612439469568206,6.638830381292321,0.925195043228989,4,3.207280329853318,65.40562592131693,2.491552997230827,19,0,4,3,46.13073586712691,4,4.274509604289152,No
37,16,HR,8.065557246951471,5.055050680049044,12.402150288988967,0.9091290644211946,5,4.289639275112189,38.30871524217315,3.0220327412660244,28,0,8,2,23.142940766768604,2,4.185837295647099,No
38,14,Finance,17.867481511283007,3.895603245226617,29.925391372775376,4.32494267509131,3,2.8100010774419077,65.15403566669616,2.1267039547211897,30,1,8,3,16.524388574849787,4,2.239053211754821,No
44,14,Technology,3.4299269501240826,3.2280739928447,10.51531565124402,0.9948242775842445,5,3.796219125715269,65.73390411564603,3.415978543358497,12,1,6,1,20.3876240682651,5,3.977696812711633,No
29,12,HR,1.8149724339939781,0.44672247805324194,7.279095097581774,0.6693528826702013,2,3.485817268922626,68.0231863204085,2.3304307877505153,22,0,9,7,17.503204906717432,2,3.76383287008121,No
36,15,Operations,0.6336916135123847,0.3265221426288137,7.14516022078467,1.077738515027209,5,3.109704003999512,64.43363529191616,3.5888536366488246,26,1,6,6,21.434048701605,3,2.3740838837188885,No
31,18,Sales,7.605053373804255,4.105623673181544,15.050197967826369,1.7215056361631058,4,4.1916404845307165,54.73016946275512,3.008642185641801,25,0,10,4,18.348320062408096,1,4.274951176424244,No
46,16,HR,11.928319956566238,3.145809644436688,7.367015819491028,1.0076903010182365,3,3.188608162110399,81.88995550971845,3.508472852239159,8,0,6,5,26.026366962826863,0,3.688340175945291,No
32,16,HR,3.072731212931629,3.0208869716051567,9.199402664612819,1.7948991107554995,4,3.189610409291112,65.20052216601606,2.518125144276709,15,0,7,5,25.677261205421853,5,2.5394652873390395,No
51,18,Sales,9.665983199263787,0.7528872762840181,14.341064945649183,1.870897585716307,5,3.5911348443077937,53.32243530873574,2.7964288538433766,26,0,7,4,11.486252348212387,3,2.6126842801661123,No
26,14,HR,1.872018055654911,1.872018055654911,15.09138019035335,1.926365815674731,3,4.103889993197522,68.14012563370649,4.594329647195763,50,0,10,1,8.868353456542097,4,4.787564746629485,No
24,15,Technology,6.785445044994837,1.7920241380330446,11.30122396898286,2.185565435601896,4,3.2147347763768663,83.8705122198508,3.588181561593451,22,0,6,4,53.634562276013014,3,3.9356922321163927,Yes
45,13,Operations,3.0426617704784533,3.0426617704784533,6.495882801876358,1.3141419011521032,4,3.101963916680888,46.955655931057755,3.4152384098260247,65,0,11,5,12.35763362741691,1,4.528190969152126,No
32,17,Operations,0.3,0.3,8.19750638799024,1.3341152433166419,3,4.995679920139701,57.50966334211505,1.7253164906586747,21,0,8,5,67.68471325701564,1,1.4015338475156351,No
43,17,Sales,6.110423392854364,2.7764775755628706,5.232728823077231,0.5692925718525677,1,3.416907802920668,45.00146747637998,3.114966420525174,45,0,9,4,13.892188139822391,5,4.267651269958788,No
31,14,Operations,7.755985950669483,6.479674596979721,10.35929618916994,1.8004525671535831,5,3.1006062805713754,43.67742492101908,2.5950714094105165,12,0,8,5,49.62819583540715,4,1.585316156485613,No
31,15,Operations,0.4832833865219168,0.37555523905922567,6.472239800153208,0.4889053851361856,2,2.881107428313601,75.76045270941415,1.8982313183483628,74,1,11,5,16.82777009733683,2,2.096724834007083,No
39,16,Marketing,8.344329751134538,3.984552939484979,12.662624835230151,1.067102060686808,3,2.2951766484324025,67.84399287665559,4.592311714756438,24,0,10,2,31.626779064518303,5,3.8176079814073307,No
29,17,Marketing,4.0303656681765005,4.0303656681765005,12.840390484250667,1.7728909907909196,3,3.6113325163916277,63.24194394233403,2.6108362240168432,67,0,12,4,53.25274531775028,3,3.4648177113858103,No
24,16,Finance,2.561099765925234,2.561099765925234,12.300249775549668,1.6340218457612028,3,3.322244611288003,51.72543738343586,3.2940757393319258,26,1,8,4,13.330085026195569,3,3.0376569898431427,No
25,16,Technology,0.39231268402619823,0.39231268402619823,6.848748486724613,0.5465567871405685,4,4.108599596022455,60.70489234275484,2.713319243590929,38,0,7,4,45.045075743200414,2,3.389764903715454,Yes
40,18,Marketing,7.015106497012521,2.275229958401847,14.754203169156211,1.0801825975634998,3,2.330491628023373,64.98427693579663,4.191851319752843,53,1,11,6,47.110561686604946,3,3.4494767601459824,No
38,17,Sales,3.2977762333646883,3.2977762333646883,12.926078187549342,1.4890587625236127,4,2.5792811276067726,82.97731028573477,1.4179536674196127,43,0,7,6,41.911161753807946,5,3.790562756429544,Yes
35,20,Finance,5.419810666409736,5.061802558878205,7.711727895718406,0.8940003350283192,3,2.8903775652089383,58.69569358396756,3.089134205674504,27,0,7,5,39.28121554343665,3,1.9958732081587927,No
31,17,Technology,2.800301130452329,2.800301130452329,11.229579319293466,1.4197001167211998,3,3.322833140213909,47.47489996630346,1,20,0,4,3,19.985263130783434,4,4.48509885059867,Yes
31,15,Operations,24.441359946323967,5.970915545007019,39.5337190874216,3.273928347691819,3,3.8029967916548664,43.426751941213226,3.7039425474193863,17,0,9,4,18.358249292928807,1,3.9927879652095792,No
54,12,Sales,6.061016304158727,6.061016304158727,12.958838931429796,2.156182971188371,2,4.803937407926433,35.81294186791139,3.986454264863115,18,0,6,9,30.126847488434564,4,3.931294369856924,No
40,17,Technology,1.2927344510303977,0.8951309005491683,8.275665466151878,0.9384013973383484,3,2.3995749908608532,42.9196135965694,4.515279915438897,46,0,9,6,34.890475818414984,2,3.879718135651434,No
22,17,Technology,4.432486292189565,1.514070622754381,12.029319367978374,1.6472410889581006,4,3.3880263991039223,75.26453133567496,3.8035375129806805,42,0,7,4,24.728461903236283,1,3.2357947151333684,No
26,17,Marketing,4.965803217871377,1.7555290632372686,9.685942479323712,0.892971169636844,2,3.424524997407054,55.14941959936751,4.111173555602327,47,1,9,5,41.053438556536726,1,3.2758622441396117,No
45,17,Finance,6.436100923201143,4.9859615608156815,5.906998838124086,0.6966562733296712,3,3.9907654583471315,23.12781678069861,2.3882242218266785,32,1,6,4,27.088861044260906,2,2.438193753560223,No
26,16,Sales,2.837501093459565,2.837501093459565,8.781110241941429,0.6955414885255881,3,4.895807522562004,47.71902082125598,1.9227232620203707,34,1,12,3,33.903226141982124,5,2.3033161163367852,No
36,19,Technology,9.465324076453873,7.008158266020663,16.16084551825087,2.86028838239359,4,1.9980655369120242,47.73388488047613,4.031338313439504,16,0,10,4,17.53956886671874,5,3.2590202571108007,No
26,16,Operations,1.6023294788886642,1.6023294788886642,8.088968267994224,0.5920207809463202,3,2.2011221315448584,66.7100400280947,4.097268204212885,5,0,5,5,33.81647636195759,1,3.363774641443531,Yes
28,18,Sales,2.0312848797412477,1.9716869105704102,8.332015749628905,1.3672180795671092,4,4.417753399815917,75.66999498258609,3.4154987480684076,23,0,8,4,13.569666845731113,4,4.06121878938659,No
28,19,Finance,4.79256961335178,4.79256961335178,12.099876616972645,0.9323391157274218,3,2.5912023732358187,58.551492703845746,3.715452338945758,41,0,9,3,59.737832093967626,4,3.3307168225132497,No
33,12,Sales,8.625765860395298,7.814208993626055,17.32955755075845,2.5219266148802744,4,3.0903679577491503,93.9042880205868,5,35,0,11,7,2.4077578833166333,4,4.081387726070367,No
38,18,Operations,21.725750375417665,5.192448810152848,28.363772816586387,1.4949426167074242,4,3.395729597685283,58.42474115780896,3.8173482386151716,23,0,8,5,24.682961992676866,1,1.8271402828546548,No
48,14,Technology,4.016044935573797,4.016044935573797,12.25309190460422,0.8424653894204087,4,2.1132162742858007,68.49399239564313,3.5021448733954985,20,1,8,8,68.90700812146505,5,2.7899659976118967,Yes
43,17,Operations,2.0465410211775312,2.0465410211775312,7.653345899834256,1.3986567482188659,3,3.404687744708407,84.285656228417,2.9888691428803322,47,1,7,6,25.299587710104987,2,2.639522584287799,No
21,17,Marketing,1.8850900897815004,1.8850900897815004,7.741047862746613,1.4289124591998574,4,2.9907462673056346,65.02857050496479,3.5867834881318372,35,0,6,6,41.11311626478742,5,4.328673938489418,Yes
38,20,Technology,2.089747335102832,2.089747335102832,8.969962082072065,1.093535363590212,5,3.4043957489755385,72.38721964852398,2.3045392392308712,29,0,9,4,31.194704033495615,3,4.490614607489818,No
40,17,Finance,5.4761056150474285,5.4761056150474285,13.973191872940067,1.1920030891577962,5,3.5243855678226743,43.42504138877705,3.3120715947313744,37,0,8,6,25.499140950727753,1,2.285431930843056,No
40,14,Finance,10.177432384379733,4.809629029191949,19.533963736466134,1.3108921679513035,5,3.121651903399849,68.61543532702696,4.707407601742561,63,0,8,2,41.59345556552217,0,2.996753705620579,No
49,15,Marketing,5.855497713400752,3.8977817761598197,13.936297553655422,1.6675376097682075,3,3.51996535097137,49.416492093484194,3.1068629944646284,42,1,10,4,49.48278223371448,5,3.1872615670714897,No
48,17,Operations,10.447995904685296,2.7369031669013912,11.483325837630412,1.5661517349097291,3,3.9337485346849066,66.53420180182164,3.2709079300763246,24,0,7,1,12.367134469819815,5,3.563529042623924,No
42,17,HR,0.3,0.3,4.883018377345686,0.9527126248493349,3,2.123149938545993,79.32404609880686,3.480910330175082,56,1,10,5,39.97643189644308,1,4.895983324179118,Yes
37,17,Sales,8.691051657431657,1.018005610086033,16.747859814371672,1.8792752940415203,4,4.083003781504316,42.311710311309795,3.4826090950254582,22,0,9,6,29.87055345022063,1,3.8285545762395605,No
41,16,Operations,8.572595963069723,6.582963000057325,7.500315368659349,1.3642802307438413,4,4.398485078657506,60.781998141748794,2.595355263327714,7,0,6,8,22.01344417691976,3,4.018521359084326,No
44,15,Sales,0.5324070963764332,0.3,10.274666099516164,1.9709276230558757,3,4.8978850967064265,42.348101643273985,4.317832998367878,40,1,8,4,54.568226573577306,3,3.3418475566806314,No
26,18,Technology,0.3,0.3,6.010305341164721,0.4508859711089535,3,3.2125498363434057,55.04751036815657,2.902732762691416,9,0,4,2,6.641781527363958,1,2.666359562393769,No
45,18,Operations,11.022853388490974,7.826606680288565,18.77799106275659,2.655654663811531,5,2.619047262645566,53.238362926549016,4.14632977779137,28,0,7,4,12.585294676586567,4,2.4174983308591043,No
36,15,Sales,10.484489544526712,5.806499863959267,15.724522291655976,2.109870561274086,1,2.000032333499955,55.658272008836555,4.9795252268142915,38,0,12,3,27.52473841664318,3,3.127824663691712,No
42,19,Finance,0.33559108634775603,0.33559108634775603,8.809392520809531,1.7691978701943232,3,3.569678803689892,72.98134706074104,1.6053437233341616,20,0,7,4,33.58194887231577,0,3.1151504083289976,Yes
50,14,Technology,2.7782993164753718,2.7782993164753718,8.275295353948373,0.6238840744709983,5,3.5093930531751782,45.64976363052349,4.299533519741359,38,0,10,7,29.191878174669935,3,2.388191034180591,No
25,17,Sales,2.2869994328848295,2.1652289513191927,9.024913481841383,1.092001515803566,4,2.369537641183871,64.55932592358731,3.514149542673592,21,0,5,3,33.14952875754682,1,2.3314139209372367,No
57,17,Marketing,11.463418200028054,7.695619735008559,13.885973366064018,1.1846967496136922,3,4.096483673244342,36.15770132141264,4.063316638739139,23,0,10,5,18.5753683780886,4,2.2490413797079047,No
22,17,Marketing,9.174666324320542,7.880735204976656,15.505611959720188,1.142404788181583,4,2.8213726362682334,63.57190888468171,2.0064029296673733,7,0,7,4,13.948558410558473,3,4.090955727247954,Yes
35,16,Sales,12.053445449034209,6.860674741729861,18.985974562168295,0.9962057065189426,2,4.409988456418876,61.449356217319284,3.5907846004625275,30,0,8,5,25.47929047068327,2,2.9315182985311896,No
27,17,Marketing,0.3,0.3,6.613205958774137,0.3404904322875799,4,2.706854486296225,48.992505999551355,1.4013943338188528,34,1,6,5,19.73867962112264,1,2.987303880199786,No
29,19,Operations,6.116741121979756,5.677856489685621,12.84918542713046,1.2232253024282314,2,3.8872943026767643,58.347009296932136,4.69751182800798,32,0,10,8,58.698718669865116,3,4.267510801053723,No
31,18,Finance,3.1115357236967327,3.1115357236967327,9.607304879656107,1.6420274501107572,3,3.018297410743172,59.480932499874335,3.916105542132791,42,0,8,3,23.3290615246378,2,1.8106067668037573,No
40,16,Technology,2.17547783403277,2.17547783403277,8.086651780619677,1.1151773947787922,4,5,29.13688736885818,2.891857194686599,9,0,4,2,45.088961545302865,2,2.9863709659335793,No
30,19,Finance,1.6445413092097854,1.6445413092097854,8.521282794062321,1.3740145827099788,3,2.7985077477502722,47.581332701858514,2.8193736898435255,21,0,4,4,19.190724209569694,1,2.2839365446424376,No
34,16,Sales,6.1479994711223505,3.2738139466660314,14.2620547320417,1.3492196250746493,2,3.3105967880758937,53.21038116764085,3.175690760896245,30,0,8,9,15.04638614623036,5,4.23096788070265,No
53,12,Operations,0.9801779081497268,0.9801779081497268,5.701724665752635,0.7945118510286946,4,3.991481322966615,73.40663280961175,2.8652254472601957,44,0,9,4,20.357547240100125,3,4.396648948711807,No
33,20,Technology,0.3,0.3,6.911271256595919,1.2830266412138605,2,2.900929282040963,57.557022787321564,2.924361689667057,23,0,6,7,41.10701993833947,4,3.6221856201820524,Yes
37,12,Technology,1.111665800609518,0.5206692122947606,9.034434002207218,1.087841249381383,3,2.597695045365404,48.55100463272944,3.2049507747554182,12,0,4,3,11.507799869958127,2,2.0290522971424454,No
27,13,Marketing,9.839299180559399,5.601058797773197,16.378021922015314,2.642257972204158,2,2.7106443906434556,86.18290994038126,2.193061447153268,35,0,10,3,23.66317122607009,1,2.6196442639363835,Yes
36,18,Technology,12.321678869946366,8.775044425239756,14.281973665202633,2.254327664435669,5,3.0965401046576977,73.54427790843607,3.2084535355152224,14,1,8,4,15.72596353982376,5,2.352814983579539,No
36,12,Sales,1.34305004488577,1.34305004488577,5.171716884965066,0.5221164207894136,5,3.8901714554017666,72.1428848922164,3.4094866798925834,61,0,12,5,29.953617581185167,3,3.1195077351830367,No
50,15,Technology,1.0002300879850805,1.0002300879850805,12.167214150652118,1.5289639299542206,5,2.4943474419678826,49.19035771557959,2.3777136528218894,15,1,6,2,23.07716340254753,4,3.4458766449751956,No
48,15,Sales,9.639678100736653,4.3679406801601806,17.35642489074474,1.054494841508867,3,1.1101318408776113,54.77783891322391,2.501075199049568,19,1,7,5,34.09433065856805,3,2.8216788133015234,No
50,16,Technology,1.970719212973763,1.970719212973763,10.038974155785123,1.6359873289774127,4,2.3029431604953654,48.48619532080888,3.2363723880278275,44,1,9,4,22.6827080303886,1,4.752496306818891,No
31,17,Sales,6.1173543052329915,4.709357889175271,9.739702934128422,1.311353053653484,3,3.280014805905179,71.61612859954664,4.098014693678796,35,0,7,6,24.746248153042117,5,1.56558416469908,No
21,16,Technology,5.529938999877551,5.529938999877551,12.975602843782013,1.6622590729554747,3,3.2139623297420226,70.97769381126369,1.4373335009871477,28,1,7,8,31.18564127954819,3,3.7550510538365,Yes
32,16,Finance,4.713662583874628,4.713662583874628,14.746339492565838,2.161231906613328,5,1.9895896969796578,80.28648778067958,3.8981418395537997,50,0,11,5,14.077613276275718,5,2.6126114804417435,Yes
33,19,Operations,12.10236292420866,7.804243555258757,14.374945615789006,1.3553676424956105,4,4.700621664577371,56.99277148811561,2.1141364154801114,54,0,10,5,42.77524703436075,4,4.218928853409425,No
39,12,Sales,11.787702356707447,0.4896856402212854,19.726689039833765,1.6289848424125846,4,3.381261646653077,44.03671984410555,3.7112656484643427,67,0,12,3,24.24566378539897,5,1.98383436824175,No
43,16,Sales,1.411513867722937,1.411513867722937,7.2093764064795085,1.0118727916576644,4,2.8534027565587055,23.569831854988774,3.707239521617068,37,0,7,2,29.55096037740062,4,3.1485740630798063,No
33,15,HR,4.928882298955508,4.928882298955508,15.681764987313269,2.2754412846266034,2,4.96757789080257,54.6081968218324,2.7151299993605553,12,0,9,4,12.047432277507323,5,3.7286994687034007,No
38,13,Marketing,13.104036151691167,6.422239884744985,18.334499438843352,2.064206581682497,4,3.813435236536829,68.4939765877419,2.9285751447404977,25,0,10,3,31.943304622808142,2,2.70672584649043,No
31,16,HR,13.993177995013973,3.9387526440600156,15.003854438304739,2.435686537635173,2,2.980773440732154,65.03010712730945,3.383139293918212,46,1,7,6,17.00236934402338,1,2.9424641843445785,No
48,18,Marketing,0.9477355767218291,0.9477355767218291,8.045798988504016,0.44675578161865714,3,2.1115614909738634,46.95446589769002,3.995377600671962,51,0,9,3,24.385558969249857,4,2.935590132214281,No
27,15,Marketing,1.1315370720705757,1.1315370720705757,6.837877583866476,0.7618529927198441,5,3.8208588333642117,68.61302698931637,3.8192503370659776,24,0,6,7,14.633202848793138,5,2.957907268536892,No
42,15,Technology,0.3,0.3,6.882285016932635,0.9628522368894465,4,5,87.2123985993765,2.419876709755268,35,0,9,6,80,2,1.631760060830863,Yes
28,13,Sales,2.599724342414169,2.599724342414169,9.017346221586454,0.47816079307029224,3,2.5254987858371507,43.943438758761516,3.18331223013679,11,1,6,5,13.68432024086866,1,3.657266100382111,No
54,16,Marketing,7.834193503998574,3.5422161749646772,12.29506705541304,2.401979010379738,3,4.504461854244665,57.83042837420065,3.8332407449259245,58,1,10,2,13.727352788593272,5,3.511492137462444,No
21,17,Technology,9.142470966218019,3.824299414272134,10.375880219183365,0.6637665012660348,3,2.696956840109501,15,1.1147243554957547,26,0,10,9,43.98832073422103,4,2.8195037802488265,No
21,15,Sales,1.9813004233123594,1.6833803686979563,10.141053935486296,0.6397491252947023,4,3.1867349037359713,84.73228602349528,2.9719271671148784,34,0,6,10,14.88971026357712,1,3.189229623218943,No
48,18,Operations,1.3613464103004467,0.30232307502711764,8.101431105594479,0.6824248391589215,5,2.909288742153527,65.59709394135756,3.3923348795139274,24,0,9,8,27.396961580545163,4,4.976984043599607,No
35,20,HR,1.8415508361541328,1.8415508361541328,11.716065897320572,1.2948090907158512,4,3.92531654808081,90.80194581287427,3.3099540277332538,46,0,8,2,17.918321520563378,3,1.6600576854310618,No
28,17,Operations,1.5463873110325823,1.5463873110325823,7.839940586437026,0.5962966863005004,4,3.9837758019645158,80.04911890700737,2.4066861030829934,59,0,11,2,24.155607400331405,2,1.9615474027612607,No
40,14,Technology,2.4510869189600433,2.4510869189600433,12.995790465534599,0.6314576998029483,3,4.099305474056916,34.96457678820011,1.7843172002842105,25,0,5,6,38.71396860271919,3,1,No
28,17,Marketing,4.558963737256041,2.8702359165412026,11.701237020379041,2.346775625186907,5,3.1198072631411855,85.03483596315387,2.82238038882599,49,0,12,4,44.1761056099636,1,4.031379599851889,No
30,17,Marketing,4.680724829998404,2.3283591559235632,12.173417005055994,0.9761217355373472,3,4.500264927862228,65.32984671602206,2.699156759209058,17,1,7,4,35.12923452077354,2,3.5420338217530714,No
27,17,Technology,3.8361585010397237,3.8361585010397237,9.021531367383833,1.5778423882044281,2,3.1995979431150423,65.24698950819455,2.8022438705016977,23,1,9,7,21.144355615268456,1,3.5442041338013803,Yes
34,17,HR,8.201612337111465,5.511422767168196,21.573895535106043,1.2266472188598845,4,2.7866977724057467,60.910137766421414,4.812792088513243,16,0,8,6,13.947360652570966,3,3.7101008367023214,No
38,16,Sales,4.316856313932933,4.316856313932933,10.29118800054744,1.062228542360159,3,3.2882493815260636,43.48111790982765,4.009393267925348,33,1,7,6,26.526167000265843,5,2.6648321440914953,No
31,19,Technology,6.406195979526794,3.1793460305918324,8.355047054789523,1.6864851253978839,3,3.782574891677042,79.55466223778592,2.5043193954873,58,0,11,4,14.773730675117813,4,4.031962021692909,No
29,15,Finance,0.9409401166461809,0.9409401166461809,10.998298648057823,2.0689241648797894,5,3.68789186862905,57.536831549219166,3.692787842565236,32,0,9,3,32.65150524639093,5,4.207209216472655,No
36,16,HR,0.927069268365481,0.927069268365481,14.99089494309351,1.653649815528359,5,4.2038060828513215,44.78422738964333,4.106411867565123,13,0,4,2,23.8995456680767,1,4.067984505590142,No
23,13,Marketing,8.080667972915274,5.726366857912991,17.006232770805305,3.4446511450758606,4,3.8945101392611354,81.16119377836996,3.5058858879684105,22,0,9,9,14.68347986830973,5,2.3275212660433366,No
32,15,Finance,0.3141435298252981,0.3141435298252981,10.62734812290285,0.6781407855456694,4,2.9988636244429965,67.30259687528016,2.8203211646484134,23,0,7,3,33.215346394650624,4,3.489949451762985,No
41,16,Technology,16.28728523878431,9.033116780638037,18.682418415727597,3.54955829318292,3,4.037006123014581,76.72902495190382,4.518594085933916,9,1,6,8,12.204424000941112,3,3.965266852879157,No
36,13,Technology,11.773557955573635,1.7999724132758101,22.22219186298153,1.8223007342911326,3,2.083992837299356,62.81796578475988,2.487981415437626,19,0,6,6,40.089383032665005,2,4.986564647603802,Yes
39,19,HR,2.0569420096391147,2.0569420096391147,8.820189874887031,0.5164271882513227,2,3.512703630419934,81.57462874685525,3.185518730012003,83,0,13,3,24.475637803896,4,2.359519196380922,No
35,14,Marketing,0.3885458198198328,0.3885458198198328,10.799043748258848,1.8430716824204363,2,3.6878598106696256,61.49642223346482,3.4976752934244772,19,0,4,6,32.42400066730358,1,4.243991578559944,Yes
28,15,Marketing,6.425069861047926,6.425069861047926,11.011460788064648,0.6451917398198806,4,4.680059974432215,52.76717412586896,2.769074897278291,49,0,10,3,42.44563615303646,3,3.6987925091648224,No
39,16,Sales,0.605847685157036,0.605847685157036,6.663544064766531,1.2420122811167735,4,3.601194548299167,61.18128158669229,2.7116834991375613,32,0,8,3,7.263744725307933,3,4.999660425814016,No
37,19,Finance,3.0641442353459145,2.621160862796998,9.465652395638063,1.209716085039609,3,2.0012142264421953,70.02102336674719,2.1267734485873118,15,0,3,6,19.155363870736167,1,3.2057790719341157,Yes
31,13,Operations,2.0977581649262604,2.0977581649262604,7.459006005786583,1.2149840192633727,3,3.8151678026444875,53.66063514641756,2.313351254981048,47,0,10,3,23.1133886172343,5,4.657267918211616,No
39,18,Technology,3.817801231408952,1.3936993559287743,7.994270621233927,1.5061581888832198,3,3.192763134421148,63.145519206120255,2.8223677038890553,22,0,4,5,23.61747309014271,4,3.5164857106360583,Yes
26,14,HR,3.8769282064448314,3.8769282064448314,10.649640446401643,1.410825976150245,3,3.8445638404269395,62.12882406088311,4.1068576662177145,21,0,3,1,34.615775260418204,4,4.986377473464543,No
32,17,HR,7.5715342448812795,5.333643627979432,14.249613175662791,2.130145445714411,4,3.593258045377086,68.31253653276839,3.3896891321616205,46,1,9,2,55.34542269918209,5,3.0878925398761887,No
38,19,Sales,14.06881189017057,6.956522605900018,9.760506697485923,0.8211707432625491,4,2.683997226340413,19.322941353149847,3.9187259186995895,29,1,6,6,32.22460048236826,5,4.281940092342239,No
34,18,Technology,1.7595395688175464,1.7595395688175464,8.72293171331831,1.3594000122022447,5,3.586944386067668,85.75057960578178,4.078738515855666,42,1,9,4,31.963018546365443,3,3.6677598940690177,No
39,16,Operations,6.050529622495754,5.810209315819607,12.981390839996353,0.8410471169317516,4,4.7797681852594085,52.73649047559049,1.8817132972182937,20,1,9,3,31.639904136537933,3,2.99766550125959,No
42,18,Operations,4.278336274212699,4.278336274212699,11.004547291770278,1.9304759045987467,5,2.993947259503832,65.87139047455706,3.203614533857165,21,0,6,1,33.37957304802437,5,2.7575065983074447,No
31,17,Technology,2.8838155657916675,2.8838155657916675,6.641601162211951,1.2120452691499652,3,4.130903444997597,61.77627831922543,2.9389279735661336,11,0,5,4,34.5418010535319,3,5,Yes
30,16,Marketing,2.6773115134341374,2.304867911575643,8.990987924095297,1.4089763931374217,2,4.632614029409522,72.563081451141,3.1230033924801512,51,1,15,6,47.06590232562731,5,3.4872445521564073,No
43,13,Finance,3.013775878436251,0.8310310551570612,13.282959420690695,1.6915519487470076,2,3.904208758721437,69.08676053950047,2.3029502717786037,24,0,9,4,33.65774669405239,4,3.5079407827286184,Yes
29,17,Technology,1.0710981979703196,1.0710981979703196,12.276540480655358,0.7310463591088137,3,4.098958871732825,68.20575976588965,2.9812564489808873,11,1,6,7,31.691647339893475,1,3.76067244678935,No
48,13,Finance,1.8293718885624628,1.8293718885624628,10.895264646181003,0.9605778440465864,4,3.8951487287704905,81.62756281634853,3.404523797600152,18,0,5,6,71.33146801003838,2,3.6152129278311236,Yes
27,17,Operations,3.2082211216461727,3.2082211216461727,14.593659090924731,1.7867648630226927,3,4.8771189073216465,53.033036781572484,2.4237358842270873,7,0,5,1,24.499376506301267,1,4.421067803140156,No
36,16,Technology,0.3666947915198012,0.3666947915198012,6.4434156871095265,0.4330936688988902,4,5,83.61822164118969,4.963914455818862,39,0,9,2,22.442143923073587,1,2.5720897400834306,No
31,17,Marketing,24.877209279770266,9.618590923905758,24.108237501081682,2.3627059715797367,4,2.6013579197700114,62.322740846125875,1.6887330720012779,16,0,9,9,10.149591821933875,5,2.6322921895797537,No
42,18,Finance,8.1079162511408,3.6454278095836603,15.932348629054795,1.0884312903596245,4,1.5130993652503364,47.99751725283885,4.56610581466096,19,1,9,5,73.95991615951152,1,2.398178923998711,No
31,12,Marketing,0.5739269186999545,0.5739269186999545,10.726249388245876,1.9512760609231463,3,3.193364096044141,74.09851210827956,2.2195317392511655,36,0,8,7,16.87888667958414,3,1.895459031137088,No
36,13,Technology,0.4564287758329327,0.4564287758329327,13.53864525899814,2.028198492905468,4,2.6787265945284346,20.471243292684445,2.8319885837477075,81,0,11,8,20.377533359970446,1,1.6053904541403774,No
33,14,Sales,1.1868657250408474,1.1868657250408474,5.58380326374779,0.5959885318089451,4,3.5240309465990793,79.79283310301868,2.520423262948284,25,0,7,5,44.49280181615738,4,2.782147201779268,Yes
36,12,Technology,0.45713840789519844,0.45713840789519844,5.833502222548572,0.6862088782055638,4,3.6856018312667342,57.59135677815561,3.3952559326656884,38,0,10,8,45.31595415652972,3,2.601420422059481,No
21,17,Sales,6.8815428883036525,4.416395369706555,7.7949986450571584,0.582983993633453,3,3.8208472334370747,62.595137965194205,1.3920871744637073,30,0,9,6,24.204198720400456,4,3.372071964997236,Yes
37,14,Finance,5.847046620208572,3.1085952398499015,15.552699093365684,1.8013052789754473,3,2.7801492877854583,57.8954143071293,2.8979344671978815,21,0,6,5,26.801688742863128,2,3.96310648893105,No
32,16,Operations,10.097077263291327,6.164878650040861,21.67252433842683,2.616203248927374,5,3.603075958023879,51.003200223820116,3.992742574265099,33,1,8,10,14.51272397759845,2,4.239445125856519,No
47,16,Sales,5.76569833961724,4.4615347324115096,8.981034933720574,1.0836322959537268,4,3.6846185100755053,54.228538089853394,3.605525352353806,19,0,5,3,16.89665841629167,2,4.125007742487102,No
30,16,HR,0.9589730636766084,0.3452748936418002,6.940854150773737,0.6682312673400794,3,4.659181454742538,54.53000646606369,2.8836374557865807,26,1,6,4,49.16526480238667,2,3.4290522679438245,No
22,17,Sales,19.092583278798283,4.123347844087949,22.1602837980089,3.1452205028057687,4,3.705302824218729,71.01530953305134,2.298041355252034,30,0,9,3,11.209738100533537,4,3.8166208305194487,No
52,17,Finance,3.680207352649292,3.680207352649292,9.337545733443582,1.7823039662692108,3,3.8795952929475197,61.44674946306476,2.7845404195521897,22,0,4,4,47.83804186854308,0,4.407676898261916,Yes
54,17,HR,12.444788547973797,6.617039898130664,13.55849695208856,2.6533669530256794,3,3.7996446269189974,62.9568567582381,3.46583311739735,9,0,9,3,14.539472518508237,1,3.176505408272947,No
41,17,Marketing,0.33323912736949707,0.33323912736949707,6.911474107705784,0.6458749834282841,3,2.9071229576275406,65.07038558392253,3.4982024161763583,28,1,9,3,50.40775913144085,3,3.0121868144034227,No
36,16,Technology,24.2585173852594,10.848412870456894,26.681689266365954,2.791687951909883,4,3.519877156158582,66.51016570789413,2.7009376467750683,14,1,6,4,9.797493576657446,2,4.354021397371003,No
38,16,Technology,2.599350180555303,2.599350180555303,8.631139404907717,1.270511982727445,3,3.5984115477595537,74.33563752700363,3.0922648065572407,45,0,11,6,16.05731757111003,2,2.982176606120561,No
31,16,Marketing,8.169320391852121,6.442562017492574,10.091110931743158,0.7092355548531477,4,3.8040434879174714,52.74496471294016,3.7095416576546336,36,1,11,8,19.699342067814307,1,4.616872265174222,No
34,20,Marketing,5.508195150115537,0.3,13.185488445765088,2.567187781075774,3,2.6878343566878433,80.12208973115206,2.1087633196902744,26,0,8,2,22.138591327684473,5,3.2563289987937254,Yes
41,14,Finance,10.167147402558522,3.4582481336943283,14.71826592084521,2.634464405822403,3,3.482790102105416,59.330570252840246,3.7088622866761347,17,1,7,4,14.447925613880216,0,3.8652014217237705,No
34,17,Technology,3.0598709059597056,3.0598709059597056,11.71130506417154,1.0038817453121407,4,2.982218428071885,43.40331907742904,3.5971217750958413,24,1,8,7,20.160479810229376,0,1.5815268768014386,No
35,18,Technology,5.780192610712913,5.780192610712913,11.344005970803,1.20418927686306,2,4.207558245181251,74.83094283726078,4.47759027974784,7,1,6,5,14.673132943108564,1,4.75804008389073,No
35,15,Operations,0.8519043727032363,0.3412047538648914,8.487628860802062,1.688157070439785,5,5,64.28559617650617,3.7033814391757023,46,0,8,3,15.58500044344722,3,2.5074384249802835,No
45,18,Operations,0.4285538506035362,0.3,7.993962733949909,0.8328815668898607,3,2.303166712748545,82.12912027611195,2.904194070560724,56,0,11,2,11.569222456421038,0,3.8841622320511755,Yes
35,12,Finance,24.838658887610997,8.893407397637777,37.06709402163951,2.8972079655882013,4,2.3832838000852448,75.42617915198795,1.6064435954940326,33,1,12,4,11.193216766219017,2,4.968535773710861,No
39,12,Operations,3.8263712468053535,3.8026918189549974,11.037203018991757,1.4999015431633287,2,3.3259881606186736,73.94562535544767,2.982440353103252,17,0,7,2,32.43444072999089,2,2.404419117483267,Yes
35,17,Marketing,3.4929950601996147,0.5741631793336658,12.025919183841506,2.0846705349815435,4,3.505755907529788,93.48392184265091,4.016442781921093,36,0,8,4,52.81118047903154,5,4.035870583740034,Yes
36,14,Technology,5.635351217394041,3.3997417290543694,11.228506767826696,1.922797444124771,3,2.495109131268804,76.62642088293343,3.5950713063684896,23,1,6,4,37.44460167612837,5,3.317426851989948,Yes
39,16,Technology,0.3,0.3,9.507176513682829,1.2843829245798695,4,2.4969684229938642,70.865193859044,4.333201810122462,35,0,7,2,23.978136920435755,2,4.557949430050004,No
34,16,Finance,3.556933159956678,3.556933159956678,8.968827060211982,1.6392041231845311,3,2.615365146890803,35.59583109805684,3.389719119942167,25,0,7,1,10.266793729811177,2,4.682724434344015,No
46,17,Sales,1.4279483974701828,0.3422460718141431,9.427131747261566,1.3556674344373718,5,2.9096682725385614,73.03980022978412,3.984286715588417,54,0,8,3,58.903128857440635,5,2.6595861741218547,No
49,19,Marketing,0.8264709244577485,0.8264709244577485,6.503469734163189,0.5167728228809589,5,4.874060633200162,55.00040696395758,2.7202323184830797,19,0,8,7,47.31410287664224,1,3.1376971270910676,No
38,14,Marketing,8.240121274833525,6.478556599612083,14.942166585371432,2.5710463910130983,3,2.585888865278405,28.487551908524146,3.3200363052289084,20,0,7,2,25.573754733644044,4,1.8732210236007185,No
34,19,Finance,7.206814105073318,1.3628991491494133,9.308349937847984,0.9211562272605486,4,4.7135457791467,41.92734429434427,2.921912074823813,33,0,10,5,67.66584163703462,5,1.7820460154370854,No
36,19,Operations,10.15195408312173,6.654247240354372,12.27601013895952,1.4556609183722824,4,3.889654477918255,43.8106893739214,4.712101206943107,18,1,10,6,13.240433711401046,5,4.481326523383447,No
27,16,Sales,2.3987020306273905,2.3987020306273905,11.092227383900395,1.4372205710291628,4,4.641105411422815,55.372508921141524,4.987258464333152,40,0,10,9,39.006322835740185,5,4.403594253459725,No
42,19,Marketing,7.965884436360857,4.670461240229853,17.637830491614217,1.2443496069871927,3,4.128580850603718,49.19869462381777,2.101823577171593,14,0,7,8,13.464835137765782,4,2.5717159134180165,No
33,17,Operations,18.914357770076222,3.7313481529181445,22.76639239404372,3.624572002885152,4,3.487147365845246,69.56011391817802,2.8941133184825674,9,0,7,6,28.78884840117191,5,3.9618337063588736,No
51,17,Sales,0.3,0.3,10.514216026791878,1.6130923155067751,3,4.095243864561585,73.3958436714885,1.9971167548394273,30,0,7,6,78.11403798821637,0,2.4334772811138494,Yes
28,12,Finance,16.430636605269687,8.649301679046195,14.192138324000648,1.9684787785712365,3,4.699165158233,15,2.9175998903206177,52,0,12,5,45.560630011548184,1,3.3630940288748334,No
40,17,Marketing,7.2330642479683345,4.985200370170549,11.39277038964055,2.124977855953997,3,3.000082152887002,100,3.986680410340209,26,0,8,1,11.059718986231783,3,2.2663336642472847,No
33,16,Technology,3.9307339246008657,3.9307339246008657,11.29062911720857,1.8070781946922019,3,3.7203540348905353,88.13906762954751,3.18252025331046,29,0,9,3,13.370215927052378,0,2.9529793701240603,No
25,14,Operations,2.0106797303863058,0.3,10.4696798357982,0.8727040068067062,3,3.592405325192214,40.48382788092759,4.5759750565345145,13,1,5,5,29.154209634493085,5,4.069796317581538,No
31,18,Marketing,6.372959151156258,5.161001825585834,15.5085362296866,1.201331661591121,3,4.697311890217548,61.27934239818345,1.8705866740425277,45,0,9,0,37.08047359013943,3,4.233204459561251,No
33,18,Technology,9.601697568899189,3.923323600225896,22.951534113463374,1.7410472756598485,3,4.802272921343095,36.39036365671781,2.32573577950736,44,0,9,3,46.01023049262553,4,3.321521093124797,No
25,20,Finance,1.3062437448824007,1.3062437448824007,10.574741790584804,1.5672105145173814,3,3.693912269866556,53.394574772862725,3.313541407030224,43,0,4,6,34.12081682367874,2,1.1852296421547404,No
42,19,Sales,11.7948828604229,5.505292464554109,20.518216204193365,1.546166349426657,3,4.990813918487438,54.881478088028096,4.007579957055543,52,0,13,6,50.87528571818368,5,4.659193062885166,No
43,17,Operations,0.44899305470754025,0.44899305470754025,7.522081722169741,1.2604691811482334,3,3.912419822283369,63.99334750792229,1.4889269949599517,37,0,5,4,31.893681162354994,2,3.4177439691514775,Yes
23,15,Operations,17.495219393668254,7.178198889762018,26.24550109904505,5.262771286890921,4,3.9785302983895,70.16075728250802,4.390181517849663,40,0,9,6,22.31250669274732,3,2.8686321064260905,No
34,14,Marketing,10.056102551767895,4.041073647322857,18.57588733591637,1.1204058583269163,3,1.934224891569823,53.9201846074025,4.314386000033349,42,1,9,5,13.64219131622103,5,3.4773427848925658,No
29,16,Technology,1.4424022966826018,1.4424022966826018,6.850552740031001,1.030245245433228,2,4.997508096531719,64.21670547795652,1.2969784387194305,34,1,6,7,17.1116667874657,4,2.639393809983468,No
41,16,Sales,8.70752099560962,3.9094411880964226,9.334901013315159,0.6222048205114271,4,3.304019094908902,38.3851571029417,1.58209679722651,43,1,11,8,43.561328682190364,2,3.88921325748266,No
43,18,Finance,0.7704353381743588,0.7704353381743588,9.134798082162712,0.4707909035422656,4,3.811620960698081,60.00391925612092,2.9184954427584837,16,1,8,7,58.18942876147104,4,4.767231959637698,No
39,19,Operations,1.4346696457598274,1.4346696457598274,9.461762175085756,0.9773723989861871,3,3.9952826599403974,67.35843596545209,1.4084556273315663,34,0,7,4,36.7283155575027,5,4.438732067766787,Yes
47,12,Marketing,2.630164397737394,2.630164397737394,12.774121414201774,0.660257194052748,4,4.379940500842958,55.024456916221126,3.311633317512227,30,0,8,2,13.74758994396664,5,3.527765958066246,No
45,18,Technology,4.991912747224736,4.991912747224736,9.031863241147438,0.6130738989600933,3,4.17946521205248,74.45148325333626,2.013279598047463,29,0,7,5,24.463915514982162,4,4.618550855547386,Yes
54,19,Sales,8.01068310437421,3.6967371328088774,11.193928464769556,0.5683708637767823,3,2.4159951275610276,38.554464344899905,4.390262921689457,20,0,11,4,61.68762150079572,3,1.9628213518545439,No
27,16,Technology,11.432586121344329,2.1235908686567586,20.410819974354375,4.073917694920146,3,3.3954504133972643,84.65210896104756,3.106118910082462,28,0,8,5,34.98326540988113,2,3.9979139019961862,No
45,19,Sales,0.6722635016549072,0.6722635016549072,5.610065783282901,0.3866014737280716,4,3.4761822417890613,99.11421157751107,3.188881477006206,38,1,8,3,13.598478701090208,2,4.044597977359482,No
21,15,Sales,3.1899002597385353,3.1899002597385353,9.302251580632655,1.6949218463384923,2,3.9166606471809318,89.59791991541748,4.288165022144828,29,1,9,10,34.47998360244495,5,3.7167539288245868,Yes
36,15,Technology,6.605892023450324,3.4638409080673584,16.485504785980293,0.9815152852017757,3,3.3949730448992472,39.2152256813226,1.3897471534481602,31,1,8,8,18.010246377427194,4,3.187140570137514,No
34,19,Marketing,5.214935578801491,5.214935578801491,14.387635964205032,1.070685870222087,3,3.196266225475428,71.52754449375018,3.512471844773672,21,0,8,5,34.9261661859927,2,4.906928689198389,Yes
35,13,HR,0.994407719756473,0.994407719756473,8.363996868024763,0.9276035925132204,3,3.414912717168142,78.2837128208656,3.188831708333992,39,0,7,3,38.9773895685292,4,1.9178437443850438,Yes
34,18,Sales,2.1020351705098568,2.1020351705098568,5.60706284161405,1.063561048408127,3,3.3199667290003974,46.65825628643022,2.7889306248801726,41,0,9,7,56.12217911850591,4,3.049808761920513,Yes
21,20,Marketing,9.834102669301148,3.521257022533527,11.204921754335984,1.9045380913724803,2,3.004125973776874,45.14618118169914,4.113979523901338,32,1,10,4,23.891141434639227,5,2.712511776462778,No
44,19,Operations,3.6840667006589376,3.6840667006589376,7.896271825875345,1.091851341637292,2,4.3012539683831434,70.99808140359313,3.8879721261127314,39,0,7,3,62.0774314776036,5,3.712720785981236,No
40,15,Technology,6.163446798782288,6.163446798782288,10.999065420014315,2.1296719139825826,5,3.596818232948971,72.98449847718838,4.590664106284786,34,0,8,1,15.229890492858013,0,3.184441300622701,No
43,12,Sales,19.05797145357734,3.5333774148844754,29.962149466290175,2.259267836401806,4,2.784646518060214,60.131304901756984,5,25,1,8,6,13.438618185961928,2,4.007232662820594,No
44,17,Technology,6.052029230078924,6.052029230078924,13.583145068362235,0.7851602294219544,3,4.989844764114357,62.12521275771953,2.29312253456736,8,1,7,3,36.02543806005828,2,3.581368135815983,No
37,18,Technology,2.817662856636419,0.3040757313337786,9.568867890105926,1.2837943954860533,4,2.42546002407184,70.16707229527306,1.6105486829520026,37,0,7,4,21.9648257407252,1,2.65668524979106,No
30,14,Finance,22.485003623399297,3.8564544199519695,28.35576144134896,3.086721760293571,3,2.786319158880803,79.46676894692246,4.593818723020557,19,0,9,5,7.002830221017161,3,2.3161856575456863,No
44,20,Technology,3.7494839573652907,1.8395295970967895,10.319135100762454,1.3000438468449533,4,4.516209760157044,59.76906828982206,1.90025621800076,23,1,6,3,14.867334022140554,3,3.778478298737288,No
23,15,Technology,0.9290052214022451,0.9290052214022451,9.944797339378244,1.4249840711162456,2,2.8813538738143665,55.95211063595219,3.60218470369412,53,1,9,2,23.121015625817478,2,2.627580568100633,No
32,20,Finance,4.585367364721307,1.8866621285115506,17.017018134380546,1.261103139201684,4,3.0811093322842993,44.88100278318818,2.9088508949329714,20,0,8,5,10.212295751570592,3,3.73793459679699,No
36,18,Technology,1.025801504113423,1.025801504113423,10.364171990108796,0.932668105629582,3,4.573935532124168,89.37109503912328,3.994673322054504,44,0,6,2,37.168168041730716,4,3.7153234566399664,Yes
27,17,Technology,0.3,0.3,6.812015311280036,0.4596506315487228,4,3.911884123628367,61.5837611435767,3.9831012830334163,36,0,7,4,14.672735553692547,5,2.5608854327125146,No
29,14,Finance,24.95067155362046,8.939818174718068,36.29342021372723,6.847369381158412,4,3.2046077621030187,64.17668496498354,2.198335419482375,42,1,14,2,21.9862280448628,3,3.9243008345341663,No
21,17,Marketing,1.9756436925161172,1.431026351678793,7.688396741471111,0.9210849938701273,5,1.984652553167916,54.4122401332974,3.483786551257674,36,1,7,9,10.627783293665546,5,3.9159444960546703,No
38,19,Technology,2.084517512749234,2.084517512749234,10.527428734966934,0.5230557183816877,4,3.9072866761971357,60.53190094053804,2.2844528115700182,15,0,7,3,20.887002017076757,4,4.17173473355102,No
32,19,Operations,2.5357153697970016,2.5357153697970016,10.293560263629281,1.52337525747592,3,3.3993229923778956,68.74431737032543,1.1118149074200818,17,0,6,3,34.012316613672105,0,3.771307789951846,Yes
37,16,Operations,2.04975700088951,2.04975700088951,10.879832345391835,1.0410910075918947,2,4.112240506670816,70.59592295750899,3.202875063002417,36,0,8,4,10.541386612191836,0,3.730803487433849,No
41,18,Operations,1.6330903251572195,1.6330903251572195,8.23424262158455,1.4184369299403714,3,3.488716454585494,68.77218246355858,2.8802944002194684,33,0,7,6,57.181398851412986,4,2.088240622327426,Yes
37,19,Operations,1.3392016549065537,1.3392016549065537,10.307738116851755,0.663194168612012,4,5,78.12702263080683,3.567589287393452,46,0,9,4,25.32679323270377,1,4.402476621294686,No
32,17,Operations,7.708179336671486,6.4226238061765555,9.796131543948798,1.2057114897534487,4,2.7160471566044335,40.19521891904124,3.0911431723583775,32,1,7,3,40.48249853137086,3,3.8865085280328358,No
42,19,Sales,3.728070548995971,2.336072213590943,8.207555291204258,0.7282216798810809,3,3.409990817592364,81.3882391741681,2.9891993834572896,21,0,5,7,10.791626761867022,2,3.874505049045503,Yes
35,15,Sales,4.594680492383942,4.594680492383942,8.446123886561917,1.5070605002238375,3,2.8975669968702187,69.26676587197628,3.0114851112668433,26,0,10,3,31.013319792158473,0,2.9807916161188643,Yes
50,20,Technology,3.5214901557333285,2.4443851621219586,9.30297531558909,1.5340750255939013,3,3.0113835296173908,36.73195958005509,3.0791709164126773,46,0,11,0,15.65749817135354,0,3.161390602900634,No
27,19,Marketing,10.128108031906855,3.649101410815571,18.469917537353993,2.4628485974797205,3,2.7841222409005906,58.970102092985755,2.2696867060326307,12,1,5,4,8.862437665631186,3,3.4416651462016468,No
32,17,Sales,3.184395223134571,3.1111257009571025,11.882041264363089,1.8043006272847102,4,3.6250979330488438,65.68053377145456,2.698076970505988,55,1,10,1,14.15731992034792,3,2.7426924612208925,No
43,17,Technology,8.193391149626052,3.6525972111314116,18.704538940266605,3.751271845526811,4,2.768042178759348,83.34287134860504,3.0232559990399843,17,0,6,4,22.788213511917128,0,4.170472694927633,No
35,16,HR,3.4648460855666197,1.7776470147320618,12.98808114022311,1.1313511384504342,3,4.402205865282744,69.96904244745758,3.1098661953938707,18,1,6,1,22.365083332768013,1,4.977676420875676,No
29,18,Marketing,4.990876354347546,1.9089763218492317,11.053462116062743,0.7208111735918838,3,3.279875000431192,77.46741518508894,2.5838671912870255,18,0,7,7,21.357272486095376,4,3.6381054681896603,Yes
32,15,Operations,7.123690048312308,4.7610733067512925,12.236505214967323,1.1946621468732546,4,3.688389940890918,39.26277168237246,2.1893690002310513,24,0,8,4,31.5568861128597,5,3.1991928583315534,No
33,15,Marketing,7.370995699776692,4.215750408511228,19.552274979526278,2.533487167825983,5,3.8978940454496174,69.22231269688021,1.9191410618250764,26,1,9,7,27.211897694690744,4,3.3484973176672708,No
28,12,Operations,4.136520177695423,4.136520177695423,9.607905952182653,1.0077580990712764,5,3.2165352760853,50.65345125545326,2.3236963810287987,75,0,9,7,38.855312243802636,3,1.8531823241419152,No
38,17,Operations,0.3222200513647655,0.3222200513647655,10.469470941225289,1.8055853924393082,3,3.8975259987321347,50.72642083602877,2.8495445588029242,29,0,8,4,39.10821197345838,3,4.023847374201586,No
46,14,Operations,3.5752001100185695,1.726968258911036,8.733782119329701,0.8424571247547261,4,3.9954946395283306,73.0045264458631,2.6848463364877504,14,1,4,4,28.89351155981217,4,3.971683849922009,Yes
30,17,Technology,2.992159000558112,2.992159000558112,12.571827602095587,2.1551316101837035,3,2.9264268382422793,52.4121356249869,2.012808517406417,33,0,5,5,33.3934237112983,0,3.7505256138006935,No
34,14,Operations,1.143194658125828,1.143194658125828,4.454701196816486,0.6024679476966072,4,2.284160632086602,72.57647403809337,4.186821480387952,34,1,10,4,20.95902302609197,2,3.8155014224304575,No
34,14,HR,6.186988931664764,3.4963766732304604,16.852605153010234,3.2151910176016276,4,3.7013581382767358,49.786186375951395,3.885500329952957,31,1,7,5,29.63894765206368,1,3.151129233085093,No
23,16,Sales,4.53796709500483,2.9281349911914836,11.88887984655146,2.1478379958946996,3,2.306994460105601,82.35328714871946,2.9988885357800554,12,0,6,4,36.425658427690664,2,4.1324425288492295,Yes
28,13,Finance,1.0175964018537147,1.0175964018537147,6.866825933074609,1.285308467494116,2,2.6772106972282605,40.70013802550993,3.085300064240334,40,1,9,5,54.689300037908374,3,4.56555777369373,No
40,14,Sales,5.732879436487323,4.515031643884442,10.850868177875359,1.7650231450536624,3,2.387954866297258,40.82459238917947,2.8925553165238194,26,1,8,3,32.26080787815583,0,3.3348028516552053,No
27,19,HR,2.1479364878329097,0.3,12.10858370707861,1.6635299312425282,4,4.169095488330852,62.68047483754929,3.598032007328578,29,1,5,3,27.543433190096046,3,2.7305214294227227,No
47,15,Sales,0.6301306708152541,0.6301306708152541,7.80841295751119,1.441215035950238,4,3.3805910312696588,40.61901061393657,4.279940297963728,36,1,5,3,43.72401105653147,0,2.833652418135982,No
21,17,Finance,6.927329532236772,4.372432588425879,10.119902154817519,1.7835931701026297,3,2.6810261605671637,27.909587892936134,2.8903525673380135,23,0,5,4,22.944387161800396,4,3.1951829986334563,No
34,17,Marketing,3.712678311306819,3.712678311306819,17.21221477103199,2.6748114698845322,3,2.9070605202116777,59.71112424845789,4.22106136031451,25,1,8,3,69.7671901210814,1,3.8382680064174264,No
32,18,Sales,2.3041710917418956,2.3041710917418956,14.26584625092369,2.379574400868125,3,4.614733405542036,87.17220833879907,3.295059061299094,28,1,9,4,24.34097071739218,4,3.6153483831443363,No
25,18,Marketing,2.5591207955729645,2.5591207955729645,12.106159630225859,0.6725444651789393,3,2.3819794068111984,89.54582210982612,3.030413945528718,35,1,6,4,23.88002662635503,0,3.122856580050409,Yes
51,17,HR,4.213821536429812,4.213821536429812,8.543528817755522,0.9397325930070315,4,3.576638354671837,64.3300470645358,3.8025473927477043,25,0,8,5,23.03077292612711,4,4.113472406168279,No
34,13,Finance,4.923345707799945,3.858969450736567,8.271882517268907,1.4282428890738197,3,3.1903904243172874,52.28469848043118,1.7041325779902767,37,0,10,1,9.153246840901744,5,4.94430533307133,No
32,15,Sales,9.016913210779144,3.841277013066704,14.076970247377835,1.745864572381553,1,3.396612096777995,66.53263094290031,2.5229201084801054,37,0,9,1,23.41609047297734,0,2.978919625447948,Yes
28,17,Operations,0.3,0.3,6.99791150231426,1.3564504036938128,3,3.5971238871013402,34.64936327632567,2.9044037221481775,18,1,6,4,63.450509628434055,4,2.9187252876991803,No
48,14,Sales,1.001146343574722,0.30148806881718526,8.445744620890759,1.2507524829765837,4,2.5105385049520166,57.71894775506736,2.692276161677921,26,0,8,1,16.216529335554874,5,2.476142491126163,No
22,13,Sales,8.396189298974752,2.3406724828722427,15.027226010250619,1.4123930748122036,5,3.3902472529611933,53.76046394909036,4.48079314158263,29,0,9,3,27.030009253796052,1,4.20727085457188,No
37,16,Operations,7.022607482391371,3.122646970731541,14.307772580116064,1.924024035024762,4,3.211144666995903,82.34196577949713,3.993670353700248,21,1,7,3,39.07546420161905,4,1.6980424131651874,Yes
25,16,Sales,15.886324749126157,4.829575731132667,19.489921992488622,1.1991374850952905,3,4.010216618360411,84.20700383460667,3.8734223719193372,12,0,9,5,64.07375239335684,4,2.9543432054761114,Yes
27,16,Marketing,2.166258765312483,2.166258765312483,8.691644742427018,1.4134762524623976,4,4.595051698478011,62.257978470179076,2.5922999013713928,64,0,11,4,8.402730209018255,3,2.032813734279902,No
56,16,Technology,4.57747723922757,3.2176398135022066,11.088700443277872,1.4309952079636905,2,3.0023140076354737,56.01104656005547,2.6835101474110923,28,0,9,6,67.22448194338816,5,3.6112606967291097,Yes
38,16,HR,1.6123631617019685,1.6123631617019685,8.10063922482901,0.4529913853761436,4,4.973288637411948,76.14212497789761,3.677976573088825,49,0,10,3,10.526057864937322,5,3.3695328495482992,No
36,17,Operations,0.960751696541133,0.960751696541133,7.461862984235315,0.8522683555999165,4,2.7896380360665662,54.262842295287214,3.7112355245710376,53,1,7,5,9.47899825414295,2,2.3826491286830604,No
28,18,Operations,1.1749320797518952,1.1749320797518952,7.685265183258004,0.4830133773668086,4,4.1030683691893595,31.954707292200077,2.9889826804476822,42,0,5,3,24.826570804844117,2,2.574790184775303,No
39,17,Marketing,0.8812549671558536,0.8812549671558536,7.200078257090612,1.2233458334792762,5,4.586831207822556,95.68125728810945,2.2117972023655135,40,0,7,8,35.078059912048865,2,3.7515880018116525,Yes
49,16,Technology,2.4585577295619867,2.4585577295619867,13.730520140295088,1.1357030274054605,3,4.1877054764088415,36.843508876577324,3.2855391100127553,35,1,8,4,36.232645845260684,5,1.694262215656178,No
38,14,Sales,24.968177479156395,7.8874985143088,31.210046574453248,4.131122521017961,2,2.418998358306435,47.07997883962056,3.177151006249044,55,1,11,3,63.67202360067402,2,2.94294658470948,No
38,18,Technology,0.3,0.3,12.000653017295306,0.6399278580758516,4,3.771582543358473,85.55633573672957,3.3137447156595057,14,0,7,1,43.62692255668201,3,3.560174634220852,Yes
41,17,Operations,0.9365045748301559,0.9365045748301559,9.076775281410855,0.8988923752602157,3,3.7326687859471703,51.36178877525981,3.228249241472567,25,0,5,3,3.201425206622001,3,3.657489393388601,No
35,20,HR,9.500784126097125,3.7705864127976287,11.724848665484576,1.2704016026714162,3,2.9760126136589364,49.16441459087766,1.517219841942534,69,1,15,5,12.093601392866839,0,1.7729190530951444,No
44,15,Technology,2.6819576550804385,2.6819576550804385,14.64109232293105,2.8402918726701154,4,2.225307811310762,49.18831311513837,3.7824074579955917,29,1,7,6,24.096239231476762,3,1.5639413366016952,No
29,13,Marketing,0.4150320929952721,0.4150320929952721,7.548545596320048,1.261405205953411,3,2.9960180907812575,56.647491398580556,2.7904360190608815,45,1,10,9,16.877737845442702,0,3.804739833550167,No
36,17,Operations,13.766870923018597,8.135329504650153,14.767954706997253,2.904254788064465,3,4.100404754750384,52.24455672736255,3.809660846592028,56,1,11,3,28.626879609672166,1,2.2288476165764837,No
45,17,Technology,19.616784786548028,9.830990032679999,28.75056610981523,3.4397551645988305,2,3.799889157429598,57.21710156040327,4.295714133193618,34,1,11,7,44.89724004305243,0,3.501487073921483,No
46,14,Operations,12.807764590322487,4.898619090356372,17.827240406896685,1.3316494921624864,4,4.7250213749803,47.77241217643867,3.4031357393523707,11,1,8,6,31.423001518199037,3,3.178243992675127,No
48,14,Finance,18.37427212659006,5.487581195504298,32.15832684078841,4.548960673277946,4,3.805112954745728,57.11093460227592,3.6862816260814393,21,1,9,8,44.667675311092175,4,2.7777565868730485,No
45,12,Operations,6.8915942671505075,2.5045630017309155,11.613289880346622,0.6268614167793267,2,2.299487756710613,53.347105930954264,2.495785789024993,46,0,11,7,20.827190979597074,4,3.8148486535872053,No
23,18,Finance,0.8673665912718806,0.3228244464017393,7.14685091207884,0.9554750811275783,2,3.4920646974886336,75.60292712080658,3.125197090515051,27,1,5,7,77.85939869035353,3,3.9565136394204856,Yes
27,15,Sales,1.2567446908968662,0.6986014810298364,6.099384819528247,0.9550658344566535,3,2.502905794121564,73.34206424606171,2.2976288058536296,13,0,3,4,59.97381125011515,5,2.9095224794300494,Yes
22,12,Technology,4.112913860525,4.112913860525,10.64234363021875,1.7855806723238974,3,3.1067713550744096,63.182519914947974,2.4744262619225483,73,1,12,3,44.25343919557494,4,4.075787624908969,No
33,15,Marketing,0.4048322724705231,0.4048322724705231,7.672961488172701,0.7280420724913782,3,2.698341062606203,96.63280437209971,2.787967435875649,51,0,9,7,29.964182335884814,1,2.625485725637252,Yes
42,12,Sales,0.9595527709385647,0.9595527709385647,8.622570682134612,0.8988433725216963,5,3.8838930574186894,62.44146516383362,2.8146570530753166,36,1,5,2,35.50587815554201,0,3.359854758479856,No
30,15,Operations,13.455973095719878,5.683238897776602,19.24913659992937,1.90398451594148,5,3.2203969584602175,30.345806530770833,2.802455648244549,13,0,6,3,36.46269831483683,3,3.5809971408447208,No
29,16,Operations,3.090465999705926,2.9753122752186645,6.606067458558315,0.5065438975613934,4,2.609689702006247,63.67018422460246,2.613242086775792,24,0,8,3,4.95582561689522,0,1.8040328560166428,No
40,12,Operations,6.129644325140093,1.9942947832987192,10.192766429621097,0.527046694017313,4,4.698078564612267,84.09453079240062,3.8095528708744215,35,1,9,6,32.46114326822647,4,3.2737198317845904,No
37,15,HR,5.925441273492295,3.163441443819763,9.349344031606144,1.5494168580358765,1,4.975559212134565,71.15458549184241,2.400555112660413,36,0,8,1,21.25168235362924,4,2.322257881336377,No
40,16,Finance,6.9254618340646426,2.4370091107047607,10.831072440370338,0.9829884021423708,3,3.078979443663671,46.1981833753205,3.8071881794952116,43,0,9,4,9.700827344343752,4,4.267551944119127,No
39,13,Technology,11.623220385981215,4.418428024968283,22.825588770919072,1.1829567715966978,3,5,47.155360248435876,3.226934601572639,27,0,8,10,36.09399936184417,1,3.999729714119648,No
50,16,Marketing,0.6231721386524174,0.3113224912921307,11.479534700411827,1.0664873395376553,4,4.816404897902444,47.751624839107656,2.533882367550254,53,0,12,4,14.040449276302246,1,3.6111263864584506,No
23,17,Marketing,4.82648123982911,3.5917782795254336,14.19972268893662,1.382544222124676,2,3.4933467834573277,54.4051917787225,3.300509317568071,45,1,9,5,20.210018331498556,3,2.3299798812178474,No
39,17,Technology,1.1613247468729568,1.1613247468729568,8.75773613914868,1.6830257248632114,3,4.183613716625776,45.42732109878159,3.6254711202160013,14,0,3,2,15.985469734366308,3,2.713309587734399,No
34,14,Technology,1.5103820845186717,1.5103820845186717,9.250548221529167,1.7253217599250048,3,3.1975552871132384,59.48520432535048,3.708683698896684,16,1,7,6,19.957022303650632,2,4.975359190488818,No
31,12,Sales,3.3059327195664143,2.5855870093562996,6.5517421722459765,0.45843753777854285,4,3.3126167763857075,74.08661990602832,2.8913447663756466,14,0,6,5,13.190756528917149,3,4.482008346021407,No
45,13,Technology,1.6858206056718745,1.6858206056718745,6.8809761374948675,1.263155314883655,3,2.9325564555459276,91.52459122444819,3.2195397717236904,31,0,7,1,28.541548998195033,2,2.0955537397367276,Yes
31,17,Operations,6.809541188035108,5.919429459120632,12.847840671267887,1.9912334644720617,5,2.5246939017947296,81.37630718490225,4.163322189893057,29,0,12,4,32.24570891445922,0,2.967845674255993,No
29,16,Finance,3.506134699027078,3.506134699027078,12.741308929437844,2.3699283782165366,3,3.7981247023196447,54.73154152591863,3.081706570267974,56,0,11,6,25.78033531452334,5,3.1578275053187608,No
23,19,Sales,5.215368297614561,3.968676803575237,9.259186783519848,1.2375575744516853,2,3.133695506935384,72.78710206640538,3.201303680195053,7,0,5,3,41.654244441102506,4,4.075476426124848,Yes
29,13,Marketing,8.226170638178596,3.1187124524380616,11.031797596522123,1.876436703217896,2,2.49455372530024,55.07430504142512,3.876566126667444,54,0,12,3,15.933099493396139,1,3.8869526522770474,No
55,16,Technology,24.362081861925777,5.101201917561128,30.394631365838833,2.7814549520922505,3,4.010910425843941,73.89940026151203,2.2940186627382766,44,0,12,5,39.89938975428042,4,3.3625155776654583,No
36,16,Marketing,10.845123040138098,4.823205589433892,20.8158652959918,2.29806499937768,2,2.691616542164449,98.04239755827172,3.686670597909311,8,1,6,8,48.808986028469064,4,3.5973990629833654,Yes
36,19,Operations,2.122310726629251,0.733379566971472,10.343465913101207,1.8709933635306537,3,2.5989476362030657,48.82893425094062,3.5864856664271025,14,1,6,7,51.19033614121133,0,3.6724564337139265,No
31,20,Technology,4.533725585509446,4.36305119649212,7.7057034937773645,0.9250831934480016,4,3.0163831935386383,56.44092004708434,2.9907948769511585,28,0,5,3,33.52311437340241,3,2.977649131200553,No
46,14,Marketing,2.608544046483924,1.3043856235428666,12.303134611119692,1.8621384695783019,3,3.9039088905961474,57.02029742026183,3.0907677001177296,19,0,8,4,17.77227562047706,4,4.1500624544672355,No
26,16,Sales,5.847278152399868,5.4152811268664385,12.673798693616094,1.617678119754082,4,4.02024513496555,47.95474887465361,3.16384146277024,44,0,9,4,50.62214635436134,0,4.676887407787697,No
28,17,Marketing,9.233172524703184,4.788021951303265,13.703620237359205,2.2717143436411997,5,3.111628362788336,26.536903511420928,2.9933971897241545,15,1,4,5,13.239686840582168,4,3.421994514025388,No
37,17,Sales,2.562512184417999,0.32957734518233633,11.796258511266954,1.3940075046916682,5,4.402586351692423,75.11217358129747,2.6818479101179418,57,0,10,3,27.59386796355046,0,5,No
28,18,Sales,7.693493391875916,3.4882946817730702,11.6753508007781,2.03394456508006,3,2.5263887784106047,64.19142345546076,1.7051979073434433,17,1,7,6,32.583475986119446,2,5,Yes
21,17,Finance,5.289987463987188,5.031969313909112,8.742335260342777,0.9959487029442529,3,4.298472285285494,56.97932613841908,2.201685209699967,43,0,10,3,50.71850625720626,5,2.5925328430639545,No
37,15,Sales,0.4549123994462483,0.3,10.014732998937745,1.8069801321695231,3,2.295398012121352,69.1922275815384,4.417313877687756,18,0,4,3,20.110268439514677,3,2.4652956592005557,Yes
28,16,Technology,1.1618537167534906,1.1618537167534906,10.974314277364163,1.4284856023765111,5,3.6761973284917056,53.33914958603439,3.888043684895227,12,0,7,4,19.920800933740793,3,3.7115880587974774,No
36,20,Sales,1.5668017798834988,1.5668017798834988,8.219268370008153,1.471127819686591,3,3.0399928591167558,64.1508247785521,3.7031847233156516,23,1,8,2,16.32475655483433,5,3.878560124588157,No
22,19,Marketing,6.616151124851085,5.173795103554715,13.067329455243975,1.5577244463260846,3,1.8072407207911965,74.5778991342834,3.011849713896308,76,0,11,2,2.9079359074243682,3,3.3778147241187257,No
31,17,HR,15.500971038385513,6.445345215703719,17.273357075924416,1.4727606081001223,3,3.116602472871618,40.79295775616531,2.2918578983625446,57,0,15,5,14.409040652199065,2,4.316616188012601,No
36,14,HR,9.05143635375848,6.8579035131058355,14.651938746812013,1.2167828706218948,4,4.089942360250904,25.89118774873431,3.5105118481702493,10,0,7,5,14.495970350011547,3,2.31243226945659,No
38,18,Operations,4.5425763360039415,1.8118984541408127,9.199193440612072,0.5903276766551976,5,2.9141454295971436,92.690795238785185,2.6837318358454043,32,0,8,8,52.564002400380176,5,1.779346910833345,Yes
29,19,Operations,10.172727096785252,7.107972368219534,11.315373738151822,1.232639349733102,3,2.040903674735161,46.179125574432575,4.111642815413911,38,1,8,4,76.25644654951206,3,3.461115756948119,No
35,16,Finance,4.377204357430254,3.4586110060062447,12.033116994803335,1.2041975594842593,4,3.4902499606252158,52.20790130681597,2.4027629788906135,8,1,3,1,46.431613107300585,4,2.609082956483568,No
42,15,Finance,3.9981983994520425,3.9981983994520425,11.965327037990441,1.330130018265656,4,3.6903566859069503,40.54031719634071,4.110750620024169,24,0,6,3,26.65600423882283,3,3.8426419648141983,No
46,19,Sales,18.948274194180765,10.283027743134904,19.41499518364941,1.5734881820669882,4,4.296351531833671,46.61868119955047,3.0879449013846916,36,0,11,5,27.9729738028305,5,3.1299958717401797,No
36,18,Marketing,4.27114640473258,0.6752093015526938,9.213992153942206,1.4498958277571448,3,2.80102745115297,66.10048571389142,3.4384202000625983,33,1,13,5,42.262885597107015,5,3.1450421088087666,No
33,15,Finance,5.4375543218017395,4.549417088177493,14.55790076082533,0.8442858226695739,3,3.2064316109557383,93.22659693684916,1.2941938134158686,20,0,4,2,42.43445252861089,2,3.103009224091602,Yes
21,12,Sales,1.5905847957775907,1.5905847957775907,6.6414631245786575,0.76779855897678,2,2.561148180987962,71.75175609107843,2.1768815269151554,36,0,9,5,21.549971405448282,0,2.6201580985382567,Yes
40,12,Finance,0.3,0.3,6.291326708240554,1.1495087326089786,3,3.9805631166074393,59.779561398523185,1.9155457079998683,51,0,9,4,21.97044830582074,5,2.4256636038477186,No
47,17,Finance,0.6589786334366009,0.6589786334366009,7.955450343567033,1.3411654072466608,2,4.0051267950988985,48.76482548498471,3.5904859240488407,28,0,6,2,14.52078290284138,4,4.362150375950498,Yes
36,14,Finance,9.657430045877563,2.8811470310198235,14.532036990025126,0.9798464832884185,4,2.3898050564496955,54.68446731918799,2.7815006948320535,15,0,6,5,14.931144568521441,5,2.18028607438524,No
31,16,Sales,2.885482449202513,2.885482449202513,8.856382611847788,1.5226649805741244,4,5,34.25352862931864,4.004919098483506,30,0,9,2,57.277635798548786,3,2.0066371978956807,No
55,18,Sales,0.7102004512864595,0.7102004512864595,7.869112750225705,1.2618654975434855,5,3.18883304207856,58.782032295712455,4.6152747306504,27,0,7,3,39.456180779909594,3,1.3223516451514044,No
42,15,Sales,7.306556454889351,3.9160096097527304,13.511456212619168,0.6975731404115607,3,2.9802106856187702,74.82503669769608,3.8159221929287264,41,0,8,8,38.80097287533046,5,4.43388436613942,Yes
27,15,Technology,3.6041820073737436,3.6041820073737436,16.14948545278837,1.2749394506555571,2,3.008095993926623,61.85712195079295,4.0084096232615805,30,0,9,7,31.069562901231933,2,2.174786118797645,No
33,13,Marketing,0.6161437934474702,0.6161437934474702,9.502472000002877,1.4094530782172514,4,2.88954234816906,70.04692827093822,2.7917982840416262,19,0,8,6,45.46612806788516,1,2.9275305350725587,Yes
39,19,Sales,12.214670658001989,5.9672065565945,17.28145923535931,1.955594981868569,3,3.7080263993313336,63.94084894657893,2.1897963541217353,28,0,10,5,22.035764714328764,5,2.8021484813873188,No
47,14,Finance,1.2828917257757526,1.2828917257757526,9.44146060216488,0.8856741551022296,3,3.799970832484348,23.772237760632592,4.514968732171401,38,0,6,10,28.31943868549215,1,2.8718672499036084,No
31,17,Technology,2.609297119737291,2.609297119737291,11.142709204986396,1.5335681678646602,3,2.3303534273768327,76.8812617569548,2.4908333456177436,30,1,9,7,26.86419640810509,3,2.677026764583041,No
33,15,Technology,2.459460607931722,2.459460607931722,7.55111923271653,1.1977685574720203,4,3.6838988356019686,62.407308459991015,3.570434044610708,30,0,5,5,19.671068392119967,5,2.720453223201695,No
36,15,Sales,3.4815669138386296,0.3,10.722505703518593,1.9721487064886887,4,3.2974830308107053,82.50904571998052,3.0864041072236286,67,0,13,7,12.249889609141446,3,2.2969512735836717,No
35,15,Finance,0.624210043103368,0.624210043103368,5.849356950994655,1.1442353874458533,2,3.7965509631282046,91.40954646814635,3.207414826719957,58,1,10,5,24.220412092243432,4,3.269448869794221,Yes
43,15,Sales,9.065331131952334,3.977154602153947,14.228448357531512,1.0360042203039774,2,4.009752236697035,77.30160480608441,2.8977694035097135,14,0,6,3,31.86516911100019,2,3.757916001253009,Yes
28,13,Technology,17.466286333001474,6.584594413616624,39.536512330564086,3.5379124002548887,4,3.208181911536412,75.30030409256162,4.4790668844322585,17,1,9,3,48.59579033159319,5,3.7880474506060526,No
47,19,Technology,3.5922372756311827,1.009341033460895,11.326990598822194,2.2062153627102052,4,4.42925119971717,74.85942330103776,2.9127553174044407,26,0,6,6,52.71208284904777,3,2.5001454734403405,No
30,15,Finance,0.931056892972579,0.931056892972579,8.793280979214277,1.5271614585055029,3,4.689614228161479,43.36387871705773,3.5966538142895863,20,1,4,5,3.6892403048270186,3,4.775306115327569,No
39,18,Sales,0.9627084188923956,0.9627084188923956,11.656036130222306,0.6272322498475034,3,2.975137015458245,63.57508060744923,2.7053749592127425,36,1,7,7,37.7258960526853,4,2.4694349520099426,Yes
42,13,Technology,0.7104071855872592,0.7104071855872592,10.587169073404963,1.8322211360348963,4,2.4887936611016777,52.163232504691464,3.291064849611333,22,1,9,1,39.43228966164343,1,1.8381256521294553,No
40,19,Sales,10.560435869842566,1.8329364479236618,16.807920323250688,3.347939643204987,3,2.699334266824354,58.38518808141565,4.089006749877596,44,0,11,2,44.051009919026995,3,2.647004624365427,No
24,18,Technology,8.282215704838906,2.822071737589633,10.675612283414683,0.8210607836626623,4,4.402562530330309,50.92616630068207,4.49426950805814,74,1,11,2,61.53573921576791,2,3.629380771188857,No
31,12,Technology,5.389344500769088,5.312653710112782,13.18661108350106,2.5673293933039467,2,2.8772637555226663,68.20833484283155,2.800448889955696,40,1,7,6,63.60575887844028,1,3.010030595193471,No
23,20,Marketing,5.9285089877273345,5.9285089877273345,11.875296215374698,1.2630789116781957,2,3.607869756330022,50.80131380710021,4.115639795830227,21,0,7,4,52.890172312778056,2,4.364165270438525,No
21,17,Technology,11.97023095835204,4.410350878200665,19.212395731567636,3.7029103012189077,2,3.592745499874057,65.20501132108728,2.591026762550066,56,1,11,3,2.7982840243061484,5,3.895973243514311,No
37,13,HR,2.2812451608104154,2.2812451608104154,6.957507189545645,0.6451243655135026,5,3.216186715579913,55.68615114010414,3.4806835988585334,53,1,10,2,10.165743870386592,2,2.7681931843334717,No
40,17,Finance,5.722195337896405,5.722195337896405,10.847269967698772,0.9111466909462441,5,2.1208259783848886,46.21336449381498,4.207178561029882,31,0,7,4,46.22383163088393,5,3.058997043584831,No
35,15,Operations,7.183483619490045,3.721223973890182,6.306209657034418,0.7269672712420225,1,3.2933572245258675,73.7355036875211,2.9109436663355797,36,0,10,5,48.729174841089254,3,3.8512892802325767,Yes
46,16,Technology,1.7759618807228226,1.7759618807228226,12.302693888296355,1.1199554759154378,3,4.191067433681958,54.26746631700016,2.9102394442373867,23,0,5,5,11.55201357402967,5,5,No
30,17,HR,5.228228185580227,5.228228185580227,14.201010355531963,1.0805082472982204,4,3.525973080242649,31.069042334538405,3.0805803414457245,17,1,7,3,15.996165325865123,0,2.4236027133263227,No
36,17,Marketing,0.4690313455502558,0.4690313455502558,8.135742733076473,0.7559146803822699,5,3.601764738959165,65.99095474580017,3.211718837202153,39,1,9,5,21.560160728257994,4,2.0974631515551616,No
43,16,Finance,2.3424345880628086,2.3424345880628086,8.357775590849682,0.568640823344766,2,3.125607064353337,70.2085653385557,3.6859995365401197,11,1,8,6,7.821571187120581,1,4.645261315491516,No
23,18,Technology,1.7281787571734122,1.7281787571734122,11.73363479879566,1.0956905238571055,4,4.094547582435811,45.22467863694735,2.810265338012498,32,0,8,6,20.409463700823824,4,4.792879415081474,No
40,15,Finance,7.350722209019476,2.8104455570726623,6.509773229741043,0.5695435960659696,3,3.075561812877331,48.96460254063829,3.383238234644745,24,1,7,4,48.1650227587484,3,3.8728806054176896,No
33,12,Finance,1.3320986584842947,0.7649822418961516,12.109246401850564,1.2127850039393555,3,4.799820264633616,70.92435850488982,5,25,0,7,5,23.09389743579371,3,2.582974618349338,No
36,15,Marketing,4.1297353672596735,4.1297353672596735,7.566758038725223,0.4824128409979793,4,3.593270569794975,44.20605658910939,4.184497202933272,27,0,7,4,34.75138446141545,3,3.420488517410132,No
25,14,HR,3.1506904884162914,3.1506904884162914,9.083122731913631,1.4357362393799915,2,3.8041057312609188,84.64049046568229,3.582511197912294,20,0,7,6,37.091851408840746,2,3.675190791025301,Yes
37,15,Technology,2.5624919102925228,2.5624919102925228,6.618228405025433,0.7869885284166813,4,2.891351492156887,75.86967784350927,2.2870759180245686,44,0,7,6,39.54387646114927,1,3.877459187695113,Yes
31,17,Finance,8.072955097209014,4.4648916340418445,11.587770589705816,0.6108309276787767,3,4.710053875412033,57.772607865546796,3.500923753193471,35,0,6,6,62.805467205407275,5,2.8843157149841034,No
28,14,Technology,2.001181086395341,2.001181086395341,12.558157925695172,0.6669457234266618,3,3.0588399896725673,82.54511817665063,3.731919072468257,43,0,6,4,20.259170161356863,4,3.745448401237766,Yes
40,12,Finance,15.323433632401906,3.475334307832919,27.103414220040175,3.6086265335085126,4,4.192084731642051,57.545032159544114,2.6968484394317684,45,0,11,2,16.12767640753259,3,4.271251561662384,No
51,17,Sales,1.4343665889785213,0.30193438936838535,6.6602346070284435,0.6774277808426004,4,2.6118077909401944,25.803159606791237,2.6908754879710686,22,1,8,5,44.38623228292532,1,1.448090991567469,No
36,16,Finance,1.315035069878255,1.315035069878255,12.185904495563603,0.7218610920987125,4,3.897817258995541,76.84285399423933,1.6009792652206833,20,0,7,6,24.14656734727375,3,3.4850820421216904,No
46,20,Sales,3.4628698962511075,3.4628698962511075,11.124005140204424,1.510863367532091,2,3.5997264005894394,77.90941538505723,3.189055556845685,30,1,8,9,35.38562343031015,2,3.8802920605658353,No
30,18,Marketing,7.2587853095465045,3.7193059938559965,21.15252919451489,1.6288427616888086,4,2.6982445302795415,44.71094317279932,4.135242353468895,34,0,9,2,48.818271377556435,0,3.5674433080333996,No
32,16,Marketing,2.9419180660245345,2.9419180660245345,9.754617966538872,0.509609313575873,4,3.6225844999365657,59.61164485317297,2.706458428907339,31,0,9,6,23.567000014447252,5,1.6105806240907585,No
21,17,Operations,5.731389282334741,0.5511521014864019,15.420172669651095,1.5425907163075843,3,4.01828767674944,64.10719703572839,3.4208710426597477,34,1,9,10,54.66957728274866,0,1.6881153504510704,No
29,19,Finance,1.3455578174745502,1.3455578174745502,12.52657779839641,1.2842885768888122,4,3.5936100625233127,54.430867507526706,2.7082328803585054,36,0,9,3,48.57210819367852,1,4.725213060531982,No
32,12,HR,0.7709292633575612,0.7709292633575612,9.076064272256819,0.4394271988988494,2,2.7023257477075684,72.92811174393204,1.8305172724326684,53,0,9,4,56.48770661669429,5,2.9043514187196613,Yes
32,18,Operations,10.700354541651222,5.649199637509136,11.083998644870553,1.9760457638886113,3,4.5665970340773585,70.11755230594686,1.0042143786015376,21,1,8,4,17.49754431770388,3,4.63410815102708,No
53,19,Marketing,5.182718325856175,2.111685851859463,9.794747382404141,1.4797809135651314,5,2.8040877223168,61.05273790653012,4.513294122142584,22,0,5,2,15.167580209011819,4,3.5126869156471776,No
39,20,Marketing,1.094397403307691,1.094397403307691,11.900151800778021,2.173273009897228,3,2.7774873977465773,50.289068617419026,3.725483699089298,50,0,11,4,17.569027427470623,4,1.8703174358875656,No
33,16,Operations,3.8543594224645816,2.8417588622114915,9.652055021917668,0.5088209021881166,3,4.112572554487382,65.74225152980091,2.9115391578542806,21,1,8,7,52.843142461220715,1,3.0372101863823784,No
43,16,Marketing,0.6471553848549157,0.6471553848549157,9.476763594381508,0.700306982144293,4,4.226596771718205,35.89211323103588,2.9798338211559354,21,0,4,4,25.04292121952748,4,2.5181463933905266,No
30,16,Technology,3.799708639044043,0.6083743083563424,8.583472302592371,1.4261630745489837,2,1.7107048011043713,70.39205103254189,2.38851773230925,17,1,7,5,22.70080423434867,2,4.0229786092246735,Yes
31,16,Finance,5.012293005257093,1.0552874222552555,7.4817289717509174,0.9994239193183593,4,1.9129061822085491,31.619680062070746,3.4013853984904365,37,0,8,2,48.76767266328414,2,3.022579160238377,No
30,15,Marketing,24.42896674918888,12.057052622023509,41.172889612694725,2.9551916271350716,2,4.089096825788738,53.210029814934785,2.5898321990217763,52,1,14,3,45.67561539718692,0,3.2738554836009017,No
37,14,Marketing,1.817569362062722,1.817569362062722,6.826260476360863,1.104681898902356,3,4.356272295426909,68.9788054339047,2.2024600693099354,31,0,5,5,42.42012596086484,0,3.0178507275207083,Yes
39,16,HR,6.3185067933476065,2.016253905793944,14.206000080559816,1.1114387417520977,3,3.9589945004595464,61.69831615099291,1.9901035101161837,39,0,11,4,21.59352756248245,3,3.4962856253101693,No
39,16,HR,1.4370067176939914,0.9538788734036898,7.70731568276531,1.4284671209708644,3,3.3949665755987803,78.11427838896135,3.4975664252453633,23,0,8,5,22.386475217420553,0,3.389613005133635,No
37,15,Sales,11.764303546996018,1.0007560337582477,15.413785972539891,2.9252730654803814,3,4.117124860028665,49.430955029938175,3.5988719575204455,23,0,6,3,50.822984458213135,2,4.609159309981535,No
37,18,Sales,6.782010053958205,6.426255198374101,12.440762119409916,2.260628839201968,3,4.249665776065221,72.64598079362057,1.892948557872699,41,0,9,0,59.1682881980451,1,2.0740797315008748,No
21,13,Operations,0.3,0.3,9.988631274820806,1.1822044552104713,5,4.182056557516839,100,1.6916547833345952,39,1,7,5,22.742315061996447,1,3.1879480277319616,Yes
36,13,Sales,12.49672264922459,3.128187161801545,15.723010961756207,2.0656910252851377,4,4.004446725525387,55.334343496656565,4.9950647573414555,14,0,9,5,63.15355391134011,4,4.36290174182363,No
35,16,Finance,0.31083987082902764,0.31083987082902764,5.539161831388028,0.5586312982467658,3,2.8836642325648674,71.40109631283599,3.511722322808043,19,0,8,4,25.03149555927572,3,4.536107204290934,Yes
43,19,Technology,1.4738912691552446,1.4738912691552446,7.177609196999703,1.2352600385491856,4,3.8937313453104214,91.90265377274733,3.4218234979337,22,0,4,4,31.507659326497524,4,4.75581545148805,No
27,18,Operations,6.596245157286386,4.615232901034522,10.474298178572564,0.6038317538690949,4,4.589203410273654,54.30126584205836,2.803823474588496,61,0,10,4,43.274118129296305,1,3.4353694988696075,No
48,15,Technology,16.14899428367078,7.536462280615262,24.607729625761767,4.5835889196058455,4,2.74508075878768,66.76556834740461,1.8853704049002948,36,1,10,1,39.76297340835381,3,3.0493336392714157,No
24,17,Sales,18.20324446664682,4.8464531998498135,24.151420927072596,3.0672567617381854,4,2.798732929856946,60.332326907364305,2.612760083683768,17,1,8,2,61.54106783042773,1,4.797979989632396,No
35,14,Marketing,0.3715470992858311,0.3715470992858311,6.727913385467906,0.7263139310443073,3,3.077643242484684,40.31664504328252,3.1893291641095005,16,0,8,3,55.764428400116394,0,2.645014136968202,No
22,13,Technology,1.1860795166379459,1.1860795166379459,11.088732252875058,1.2791012297963555,3,3.4143593313463945,26.22308647553232,3.1173764674679365,6,0,3,3,11.426713002996582,2,3.6116416248656074,No
22,17,HR,3.2067441809347743,3.010357480665275,10.198231397515551,1.137059227342539,2,4.005795711778086,48.79496549202604,2.5051748653337307,30,1,11,6,23.325232753003252,4,2.799185700658874,No
39,15,Operations,9.85628803745905,3.1868589058148316,11.833599025479183,1.0242492830450944,4,5,34.33288119921026,3.568899751713109,54,0,9,6,15.738573149279278,1,4.720878574956223,No
44,15,Finance,9.204392186536147,6.98509654268328,13.231500203442758,1.872686709964175,5,4.284012878408301,53.72005790556187,3.084884460910914,27,0,7,7,17.956020902049083,1,2.7524995126925833,No
42,16,Finance,0.331866290604352,0.331866290604352,7.217973377684322,0.6253343067145034,3,2.5869407708568977,69.51054204753972,2.576860580181124,19,1,5,4,25.81652990184466,5,4.498578525695664,Yes
35,17,Sales,4.243493130262943,4.243493130262943,7.532671760612359,1.4008262354174725,3,3.903670220356387,57.13128624378432,2.51634805289679,38,1,7,4,28.609815982567177,5,3.7273635413210333,No
35,14,Technology,7.9730979525423304,7.342670052155427,15.432980841778761,2.3855006441360795,2,3.1134418549530674,68.899312141326,4.202560874639432,47,0,10,7,17.36965945645389,0,3.7025167832981247,No
38,16,HR,15.308170784181478,4.114506962529773,25.03838382585396,1.7513348916555227,3,3.299874211484732,55.71878790321291,4.470021345051746,13,0,7,7,14.318572955928985,4,3.8452891174546027,No
43,12,Sales,3.902836482556006,3.902836482556006,14.771051416696976,1.2757088881857788,3,2.8907338640602234,55.33108816702081,3.4571466580912045,51,0,11,7,33.25403308621205,3,2.466224369440195,No
40,12,Sales,2.5541751876268384,2.5541751876268384,8.683638275326604,0.8096450135824953,4,2.492325047334342,78.92998055773057,3.795756283652114,19,0,6,9,29.54108432166288,4,4.042286448885004,Yes
33,15,Marketing,0.39869373717649814,0.39869373717649814,8.488807323599662,1.5260572092715072,3,2.4940139286305296,52.8085837379053,4.197451525995491,62,0,12,4,32.1457200991182,3,3.47512087847297,No
44,17,Marketing,1.7805577746308834,0.7993402054662346,7.001073466210671,0.6341517250519236,4,3.3073478375370158,51.46196454995463,2.495558339388179,47,0,10,6,19.607831866858835,3,3.047389961169619,No
44,17,Technology,2.9361673397616523,1.636737851319527,11.362608918911377,1.7003190723182953,4,3.7999601073948504,86.60438782751676,4.2161632609198945,10,0,4,4,46.997889837749334,1,1.8148320301441867,Yes
38,17,Technology,0.38848661218693553,0.38848661218693553,9.704172762460164,1.3767239419195616,2,3.1920578888593014,76.99212314179738,3.0042363611844665,20,0,5,6,29.742284635869332,3,4.9909761576978475,Yes
42,16,Technology,0.7168003001442719,0.7168003001442719,10.364166339366939,0.9972403126634556,4,4.090269010619811,76.15786512097041,1.9745098620723494,40,0,9,6,21.151449794082485,0,4.24725043191726,No
27,15,Marketing,7.808042222938421,5.858011937684875,10.248307722266334,1.6721379408215153,3,3.616089684912084,49.3927813182475,4.1902389981137205,48,0,12,6,28.016528013139382,3,4.469598241574095,No
31,16,HR,0.639685125869386,0.3,7.670904462723333,0.42515320832958176,3,1.8923577712401052,82.92543851431364,3.3938413737606363,15,0,4,2,8.105997215379148,0,3.599180085925163,No
29,12,Operations,1.5960916652769466,1.5960916652769466,10.261545840963878,1.6224873385966474,3,1.7883903458179844,49.593632109352235,3.381400258875939,25,1,9,8,33.89029421038355,0,1.6537442727309664,No
29,13,Marketing,3.7746929899718547,3.523267383856452,9.217283868495517,1.7925261486137962,4,4.506885764446752,75.36767266567199,2.7111019221411414,38,0,11,5,21.67006359528028,4,2.4240024908168922,No
21,12,Sales,4.556919294576159,4.556919294576159,10.150198958658477,0.6843597809835215,2,3.496663758065135,68.65457279595026,3.8045092566052197,23,1,7,6,45.13640752657318,1,4.840619495481497,No
34,16,Sales,1.0498088130789793,0.9846531803728868,14.527263817078428,2.7150084592350074,3,1.7886010768129534,48.05068534120764,4.173897308104115,33,1,7,3,34.54332329453489,4,4.1117004869729055,No
38,17,Technology,2.8039658252861734,2.8039658252861734,11.83121520752567,0.7783824263556478,4,2.1023044070342882,49.432739434748974,3.01509896715987,25,0,7,7,79.89913229389536,1,3.387704139963385,No
40,17,Technology,0.5126545112397557,0.3,7.339740300530333,1.301762943115458,3,4.212331368581848,88.9639258258997,4.992223783603647,23,0,5,5,11.044641506877333,5,3.3288202071107906,Yes
43,18,Technology,1.3685848757992691,1.3685848757992691,5.566021092330748,0.5044192707351105,4,4.378768417007142,60.64145755895264,2.809823267358816,27,0,7,9,26.045395306855312,5,4.010754136649852,Yes
37,18,Finance,1.7624971794965782,1.7624971794965782,12.625718203413022,0.6614079362806209,3,3.7812093895879455,45.70040021606128,3.697870053761152,35,1,8,5,13.81105821130578,5,3.812018746224256,No
35,15,Finance,0.3,0.3,8.764493983687249,0.624470362191287,4,3.3982580182262465,55.86433100163124,1.3156494546629744,48,0,8,4,10.05954365823417,5,4.488800456989675,No
44,16,Operations,6.164811309213813,1.26340645316087,10.196113443319382,1.8229525120931933,3,4.705875967308378,77.38757061688594,2.2019386836228154,17,1,9,4,4.818771292955556,4,3.924258307183414,No
47,16,Sales,18.688824964142075,9.64495548414474,28.400095821938326,4.694780743845945,2,3.3036801525295947,60.09023513907375,3.3072718502116745,50,1,12,2,37.98412665442454,0,3.0639203079307262,No
28,17,Sales,3.0461409484728104,1.8965958645139414,9.642677065653672,1.2959448460425158,4,3.2493159523939688,78.61236834663791,3.9093348902163645,74,0,11,6,21.609886343054615,5,3.91346232768491,Yes
43,14,Marketing,15.444881422596525,5.32671751373127,17.23071985153782,3.2485452357153752,2,4.5004750537330995,62.408482690532736,2.629530579762382,10,1,8,9,41.99490672939914,2,2.6020723992407855,No
32,13,Finance,0.8100038856387142,0.8100038856387142,6.526179047729779,0.9847736241267202,3,2.9047752238099678,37.47475427448705,3.8021552298870978,19,1,8,3,13.581126938096862,5,1.3664608875792634,No
34,15,Technology,3.9169902928044746,3.9169902928044746,12.438302687376869,1.5965503719753198,3,4.209587020524592,63.972654778000745,2.514824958476625,31,1,10,6,43.272079968676756,5,2.5672711482545454,No
30,15,Technology,2.001778367984129,2.001778367984129,9.696385106736285,1.2295282423235248,3,3.185674224350849,58.05171771825343,2.794818358713563,17,1,8,2,59.52042960882913,5,4.379981947706211,Yes
33,16,Technology,3.4755323326345757,2.3019896390259955,8.604574626546508,1.1662567485389503,3,3.0759330243404572,75.19295938546776,2.4028981858872065,18,1,9,3,16.36519888387573,4,3.6656015190923683,No
32,16,Finance,11.722357062970248,7.510871771628642,19.907445230532762,1.370216120768829,4,4.089383261827763,43.30204131356774,3.1100077156619097,19,0,9,8,79.3160689062247,0,3.4439878283625416,No
24,12,Operations,7.148781669613676,6.983069646694634,17.78898626239888,1.9134354882460578,3,1.5795872607966983,64.93397923717453,3.5903751945367848,18,1,5,4,35.0680191263725,3,3.9606496502376833,No
21,12,Sales,8.730762067549687,5.320855836089075,14.193234617999138,2.0650090387463966,3,3.890221296135326,65.74629720917017,2.0613771437213697,22,1,7,8,41.664580210624074,3,2.678851013179813,No
36,18,Sales,0.903743110396453,0.33155452040635336,8.975527947879252,0.4748092919942084,4,3.7443754930083775,49.890604781666134,2.494660768627792,51,0,12,5,13.696133377242326,0,3.529277952501147,No
26,17,Sales,7.10456370971659,4.021212676124345,11.432922367551487,1.1123108604548577,3,4.897346941850471,86.63834712355506,3.7134488537271912,49,0,9,5,43.88600550624603,3,2.8828347765712863,Yes
24,13,Sales,2.6563946612827407,1.2139879045930406,10.775083604084088,1.7988581600464377,2,4.0995526544941905,50.14437178267443,1.6182664642944435,13,0,5,7,33.029024540863105,0,3.278722800433377,Yes
46,14,Sales,9.11030969131944,4.339212026027291,17.804995332692073,1.5995569314260811,4,3.1213910553718813,78.13704823363437,3.3011570448790666,29,0,10,4,11.889288522069762,3,3.231686257873676,No
34,12,HR,2.1474548625543735,1.621386866402117,10.7830902774225,1.0350272446550182,2,3.5863753943360743,44.244546530850805,3.2979987303578993,52,0,11,3,14.988779173363138,4,2.8019573482996947,No
44,14,Technology,5.476922977022902,5.476922977022902,12.00390127499635,1.1044514938054315,3,4.966893045725009,73.75103022763957,3.08111776580068,46,0,11,4,34.97555263954974,3,2.72328542147695,No
40,20,Operations,0.3808684235631571,0.3808684235631571,6.016232238509549,0.32945234240321924,4,3.194672612396986,66.84183158265063,2.3757373885290014,6,1,4,8,29.424584966460852,5,3.303803425178054,No
49,17,Technology,8.331403215812877,4.3306236366411754,16.834746923983133,3.0754949163208,4,3.3801766560513338,56.56277245543833,1.9056594858093587,23,0,6,4,23.215575029573873,3,3.1336063511825443,No
30,16,Operations,7.2234453548508375,5.541770162191219,14.465300158931369,1.424365896920022,5,4.821815270380453,51.20192401531517,2.6033411703754874,49,1,11,3,75.72568439693794,2,2.320185343311073,No
33,19,Sales,0.7672918108525241,0.7672918108525241,6.522628148232437,1.1947500130805042,4,3.398615471602386,69.28360203967974,3.7901764289782864,72,0,10,8,55.29280445365268,5,3.6720750202850283,Yes
37,16,Operations,11.521452469750619,8.206196347449321,21.075116529936338,1.638009623052577,3,2.694823822668023,83.12538179896823,2.9222580311706174,18,1,8,2,21.859389959977552,4,2.401241877763434,No
28,18,Operations,3.2310446659513965,3.2310446659513965,7.873559870679612,1.22320925574678,4,3.211960288044732,77.84359506807225,2.4795473179285135,24,0,7,4,13.696934312778719,0,2.17584187952977,No
29,15,HR,0.48487532859120824,0.48487532859120824,7.913111659697532,0.5901692515411514,3,2.674302100630014,54.85259054712774,3.785976937633021,51,0,8,7,67.41702580809765,3,4.195066407606786,No
24,13,Technology,9.317460253638577,4.497962409869434,12.782398592940325,2.0988323047702626,2,4.207731636786625,72.03218291023326,3.7194727893984894,30,0,11,5,37.60197514270269,2,3.7425929656489494,Yes
37,17,Sales,0.3,0.3,8.767298613880396,1.3197388796775906,3,5,65.79818242498838,3.5939160904516148,33,1,4,4,58.3837695465269,0,3.9540851295081465,No
30,14,Sales,7.476250346435184,1.2854170938990401,9.3496187869812,0.6069420752261574,3,2.5980056247259915,63.10100547557419,2.9023080785724735,61,1,12,4,26.072510379240388,4,3.5311943499986445,No
37,17,Marketing,0.46612612430204636,0.3,5.211845232249302,0.8280509266047734,4,2.971583498792629,71.54168247528857,2.2197320844929234,14,1,7,3,15.24178663976631,2,4.443827131921905,No
51,14,Finance,5.306710478916861,0.3,11.90233772128388,0.9250071789156619,2,2.798956957067555,44.14542703446306,2.1083511939512,28,0,8,2,23.739589708734506,3,3.7390434684038163,No
42,17,Marketing,3.8317932869504356,1.6682111729312918,11.852051083845524,0.9620294116119639,3,4.726893845943129,71.67023297333068,3.5971048341542,11,1,6,7,11.10379965397601,2,1.5959983038205818,No
41,20,Operations,14.774870673860661,6.345748454510144,19.185849213707087,2.968173576565134,5,2.8064372433973857,81.00590326590951,1.7949493582221792,10,0,9,4,24.394434343448385,3,2.191056921381249,No
38,18,Finance,3.179794295602351,3.179794295602351,12.876408710001042,2.0820767025000517,4,3.3161160646081376,38.71175270002177,3.704768437622615,44,1,11,9,15.742032415079606,5,3.609758073260046,No
34,20,Operations,12.338583269034283,3.9117642957161456,13.473595767019985,1.8542736498544081,3,3.6064239835011924,59.18668241887695,3.1956158512879997,31,0,9,4,15.168057021139871,5,4.139524681100466,No
27,15,Technology,1.7994727193258953,1.7994727193258953,15.911120843547431,1.5020238504986916,2,2.7812751469175216,66.10450183711134,3.4017618434058736,21,0,4,2,27.156517913375545,4,2.469084584466838,Yes
37,18,Marketing,12.002965727620655,2.6054500027191096,18.192680636341972,2.916396213222281,4,2.4925936580479213,54.37454779947695,3.2956579893095874,58,0,13,7,23.931078949765002,2,4.090850026558546,No
31,15,Sales,10.722227534966413,1.2557542373387671,13.787335971203914,2.418759584607932,2,4.089898817097609,51.40302862863437,3.604718721269895,36,0,8,6,38.3254971499793,0,3.513076146773713,No
42,14,Finance,0.40144707218964554,0.40144707218964554,7.288791478493927,1.112267629780794,4,3.601733196622497,95.2992252202876,3.08065612638506,17,0,4,8,24.17028766190772,2,3.9424489439722668,Yes
45,19,Operations,0.3,0.3,4.969224506029023,0.5934801536738437,5,3.9703256902640134,57.76972742386271,4.008323464891003,45,0,5,4,51.78319390428679,5,3.489359290592833,No
32,17,Finance,5.661475915014773,5.661475915014773,12.474376218795982,2.0713609471605343,2,2.48516099793952,71.3487457992924,2.391052839724275,28,1,7,7,2.9665583102042214,5,3.1938714567200917,No
45,18,Finance,3.22848558480731,1.2470371050185507,13.765600708036517,2.5769289740712424,3,4.339170602967882,48.45942820624022,2.724243807068231,75,0,13,3,29.43931707379887,0,3.018340128552988,No
38,12,Finance,4.2328194462272215,0.3064770003120445,10.267352116541284,1.9170134793131104,4,3.774077317539551,62.87323510786204,4.194930873389627,60,1,12,5,15.028906813623358,5,3.49591955651121,No
21,17,HR,2.966073589876882,2.7047818307688005,16.774414449028782,2.9368273184141276,4,3.6956404060479544,49.41670655590916,2.1271600247284845,23,0,6,5,29.113001469062144,5,2.1543981137157466,No
42,15,Technology,8.346868556136693,3.8098968950489276,11.427959302742652,1.483514612568947,3,4.095115919341213,46.6542962486008,3.422162354342924,20,0,7,5,31.886593398145543,1,3.2225087954183276,No
29,18,Sales,5.3607206276808546,5.3607206276808546,8.434723700554269,1.2495564554919891,5,3.3032031032003872,45.252556761657196,3.82248710186308,40,1,9,3,9.244913400709411,4,3.3778834389434973,No
42,18,Marketing,0.995719600994107,0.995719600994107,6.9225534605981025,0.45233344886750204,3,3.423190917528744,84.90247468863879,3.1983007546700244,22,1,7,4,29.39790763133905,2,3.8084511337216878,Yes
47,16,Operations,1.284811962370963,0.3,10.709657753965335,1.4410506868642157,4,3.7008675303007834,79.77121866054426,2.2133400694727,30,1,4,8,80,5,2.9975287624836002,Yes
35,19,Finance,10.575114699392488,5.5256698034311125,15.121426873424193,1.850364615197545,3,3.3868156187472795,56.73066739807813,4.178399951137079,40,0,10,4,41.204576124864985,3,2.9070989341564206,No
26,17,Operations,1.3640275473508798,0.3,6.9175829810388985,0.8623923963532203,3,4.202287693419829,45.97548257642045,2.382379732288943,49,1,8,0,29.815367958549455,0,2.989715981227714,No
36,15,Technology,15.504521459088291,6.397659287633042,17.081875491173587,3.367181611226569,4,3.112453148897588,75.72390146678042,3.0999734004964785,39,0,12,7,58.03482424550464,3,3.4572246884799918,No
28,17,Operations,10.938366649825348,6.229081947265995,10.767502791521604,1.9146953281654908,2,2.897690489958426,63.64578937129653,3.3950656681564966,33,0,10,6,38.031207727481856,3,4.079568164869289,No
37,19,Operations,0.8380534650266803,0.8380534650266803,6.378158318015271,0.6774465423460311,4,4.694540419508493,46.26487386438904,2.9136048690108485,9,1,7,4,15.535460073031127,2,3.6211404067183928,No
27,17,HR,3.8488575933400604,1.7058300472869752,10.717181360671479,2.054500827113996,2,3.010488116084264,44.40166021573451,4.202903676673039,8,0,5,7,18.881776926978393,5,3.565091498975137,No
41,16,Sales,2.0101592381259548,2.0101592381259548,12.983002424428028,2.396407559772044,4,2.295938268818758,70.81030064284502,2.702382653071897,12,0,5,6,27.06716422616935,3,2.5804127142214397,Yes
26,20,HR,2.901343973903078,2.656683569162693,11.0839373374855,2.0121549333046853,4,2.8264325224503417,65.86788900322016,2.195160090662679,37,0,9,4,14.76549022312004,3,4.516277641472359,No
33,15,Technology,9.801523981706415,3.4494839850206573,15.177284163779602,1.74850711155701,3,4.08845378295633,61.47771819296661,3.973378901110395,73,0,11,5,24.97836218544424,4,4.998159545839591,No
21,19,Operations,12.277553719875613,3.9215998740403966,14.832813841029454,1.1988253380291245,2,3.5902729833092666,78.75496920500062,3.9051631761864063,51,0,11,5,16.952166846107527,2,4.3649388246660585,No
39,17,Technology,0.3796202542312758,0.3796202542312758,6.657758895549101,1.2313515122670864,3,3.3016930939698237,19.421998574734307,4.09317482982293,42,0,9,4,31.91263124533266,2,2.3097705398494557,No
29,13,Finance,9.218418415490008,6.44610523080173,14.885896790256663,2.3795833909314412,4,4.3207691319819865,60.910880470932874,3.397572119526131,33,0,9,6,40.98858922819858,5,4.032404709832706,No
39,16,Technology,3.431662834939254,3.431662834939254,11.51511004627347,1.4364645553406117,4,2.285755242533254,45.269626396928714,3.7217801185873824,27,0,9,1,11.744345712068574,1,3.6856739038678503,No
50,16,HR,6.756100498515452,3.5279846917414335,8.616446156369927,0.6795956687501314,2,1.8915497357550926,36.13130368885499,2.499489188339996,39,0,8,3,14.816678681300028,3,2.393040325616181,No
36,17,Finance,4.094715207994745,4.094715207994745,10.143590524924095,0.8247693793358223,3,3.086159994046485,63.05444032200748,3.4065204625029253,36,0,8,8,13.901172675200527,4,1.8955547134260862,No
21,18,Finance,0.47427583264121886,0.47427583264121886,10.483673711628278,1.46955825092037,3,4.8091629472231245,68.01718064620388,4.221093784946576,16,1,6,5,10.559274610287916,2,2.9572463493633983,No
35,17,HR,13.134654877513539,8.167167772280807,12.368131821486505,2.2656978121687805,4,4.610313295273751,54.19505157807787,4.586801668242391,25,1,7,6,33.88356872584428,1,3.054280847183707,No
34,17,Sales,6.897261589884786,2.54944275072233,16.270536690099018,2.829217886745681,4,2.957723862387724,70.88360154823553,2.911295320080779,11,0,7,2,23.182492045950344,0,4.104474306242855,No
46,16,Technology,0.7836891040005982,0.7836891040005982,5.774095595867252,0.8737454292587379,2,1.7770619347000176,71.13152863191821,4.309234895403849,15,0,6,6,13.887632719196514,5,3.661932910281955,Yes
32,20,Operations,0.9537512313060452,0.9537512313060452,7.1628450030283854,0.7609320365884993,2,3.3997629010638923,18.307905614170984,2.692771612349462,35,1,8,3,30.1580345919519,2,2.483499224180041,No
32,15,Technology,2.4144540089079936,0.7817657535039423,8.047223203840556,0.6899213240500587,4,3.8215721785506904,81.70011949081746,3.1065479601675676,43,0,7,2,42.53350214064689,5,4.256905553298312,No
25,12,Marketing,2.623270413711355,2.3364086430472435,11.748430728586904,2.0133581080391814,2,3.8085337263417114,58.92001777405156,2.81639578460565,43,0,9,4,18.025636151464802,0,3.5110666969581166,No
38,15,Finance,0.3105424299248102,0.3105424299248102,10.636355438729836,1.5313508049953082,4,4.527385632786222,74.55600006498845,3.3778622116856214,25,0,6,6,12.465392043012653,1,4.534467127299213,No
32,18,Sales,2.141650104965258,1.6172180212539788,13.697627406165418,0.8155649542319593,4,3.4950764810179917,50.13999560838779,3.8072318858661105,28,1,6,5,5.753220411920556,5,4.076310775597185,No
45,16,Technology,19.420412343157277,8.773598774024798,25.254864196867963,2.100167195885888,4,2.388331508674266,57.72086174925662,2.201290079250039,27,0,10,3,27.308543741214258,0,4.442910828152648,No
39,14,Sales,1.5935441251429898,1.5935441251429898,7.0340885903652675,0.6379749513318759,4,3.6118152955782152,64.97182862086308,2.2894164081522943,34,0,7,6,14.247319994044162,4,3.8240995148983794,No
34,18,Operations,1.6953729500172363,1.6953729500172363,10.04098927385059,1.5446357912923403,2,3.461335755374853,57.34955532763653,3.227882837338973,12,0,6,5,25.14948044939367,4,2.6662118976542546,Yes
31,13,Finance,4.425785615276313,4.425785615276313,15.037414135885133,2.6791511886390147,2,4.819660647504458,59.7309858162492,4.064128734839937,27,0,7,4,75.1527749368613,0,4.966172780829567,Yes
37,17,Operations,2.7122768388429908,2.7122768388429908,7.1553994467275475,1.2414134321058041,2,4.2139869938145935,50.51708511913486,2.382489353229374,21,0,7,8,29.17575804015333,5,2.868872690849657,No
39,16,Finance,23.11577112473455,7.070413613119259,19.681473181321522,2.500661835726886,5,2.595270898377623,39.26918813141726,3.917847835894765,24,0,11,3,42.70990994798619,2,1.4793952376276367,No
26,15,HR,5.499070575758765,4.206194008846533,9.807564802099561,1.9117281783867677,4,2.0977183628863645,65.20569364684965,4.698237938770771,37,0,8,7,36.25623344421393,3,3.784243664793776,No
23,16,Operations,8.033639190696935,6.076366742169861,10.714142814930957,2.140547677316693,3,2.696671688356839,55.80498883194576,4.402733945551732,60,0,13,6,23.995264386063948,4,3.936264174840139,No
47,14,Finance,0.6745300987857051,0.6745300987857051,7.980072156569306,0.8054979456732057,3,4.202731185863314,34.62874733349593,2.2819585682312007,45,0,6,4,22.836477990538416,3,3.0749127570546957,No
33,13,Technology,7.607702475686597,0.9113477978981976,11.373693814938713,1.9412119419572773,3,4.175947428507422,38.32801430688592,4.119439754527462,48,0,10,4,39.89184361247788,2,1.0080842579096077,No
39,12,Technology,4.59299829281172,3.3283171186817846,12.200997943047035,1.3438225694042607,3,3.7952597917127857,87.5219057378394,2.8964064985129285,41,0,8,6,29.636210930639436,0,4.45011395656467,Yes
28,18,HR,5.134916194384069,3.849161268993163,13.399761581253571,1.156059971715036,2,3.4024532037879123,68.69432120186103,1.997882656721485,39,0,7,10,38.28197360733009,1,3.1612753276121017,Yes
36,17,HR,0.3,0.3,10.18780514946934,1.3252264447498943,3,2.741172036142599,52.37624810154432,2.872641661255012,37,0,7,3,9.614149645140023,5,4.071820131524144,No
37,16,Operations,6.174392282046747,4.807858365052296,8.516892911381298,1.6486067419273411,3,3.690154212607721,62.462659551964514,3.109572518438055,42,0,12,1,48.333339850029304,0,2.7397327469724195,No
30,19,Sales,3.3635944133934434,1.8765880882704733,8.985463406825067,1.1684985191513473,4,3.688060609343759,48.77103507271597,2.407462610225969,26,1,9,10,7.354666011830805,2,2.749539137165937,No
33,16,Sales,0.6449467444369292,0.6449467444369292,7.333446607435466,0.5037959561739696,2,2.7061939370230665,43.674876854668895,2.9907888119630806,52,0,9,7,14.171972323429365,3,3.762144936689369,No
25,18,Operations,24.94774693227354,8.942643444608406,25.260345065960628,2.562504167605006,4,4.702681467738666,46.53025790553612,3.2866160223612275,46,0,15,7,29.20148612222806,4,2.961137424505776,No
45,20,Marketing,4.431428306846164,4.431428306846164,9.643996472550405,1.6060699446916429,3,3.59542884148295,38.620721112434644,2.9015700859650253,40,1,9,6,34.171133368941284,5,4.077218940319116,No
45,16,Operations,4.1947010296130705,1.9052761136391867,9.683008771150629,0.5542713896737201,2,4.303676338667118,61.91336072381025,2.500664633396598,24,0,7,3,46.30231276023771,1,3.52984434091245,Yes
42,16,Technology,6.926996540973204,4.388251346330662,12.635688217213351,0.8885698175545153,1,4.121614996706719,42.242056393875544,2.5986337819952245,17,0,4,4,25.539890431883073,2,2.624477054696944,Yes
38,16,Operations,6.392620843470322,2.7173552118581754,8.001913824382113,1.3088405123142395,4,3.707379486963047,44.83152494006006,3.018470065464976,19,0,5,7,27.49194979458679,4,2.5947855448369626,No
23,14,Operations,25,7.702192598482985,18.022947892383748,1.917520145753622,3,3.1171505013424015,33.588979238620695,1.6793054116538149,29,0,9,3,26.495809504802978,3,3.782187348261545,No
37,20,Operations,2.4790150266825743,0.3,8.329634550851102,0.8797486737564879,3,2.882872937740314,68.18492082212856,2.0006487954576624,57,0,12,3,22.093051060398732,0,4.069878798006371,No
38,13,Technology,0.45381174834270466,0.45381174834270466,10.386629109697136,1.1449906600563118,3,3.576730261752212,78.97926272911405,1.8966065706006425,28,1,5,4,31.808343399163185,2,3.8842836837597123,Yes
28,15,Marketing,7.371220782142774,4.103169075787584,12.228746080964216,1.2607412759819139,5,4.208632283479862,65.43904496632328,2.7906687769457337,28,0,9,4,24.47410519863669,3,3.1616555265009847,No
35,14,Technology,3.1755912372229385,0.3,7.4338091830487185,0.9581899273274574,4,3.0108791938487136,60.88214885773229,1,19,0,7,6,19.260224232731996,3,4.824227699368316,Yes
33,19,Marketing,11.293025098124307,6.973540257384195,21.772969883309848,1.6865297952084977,4,3.8065051010508775,70.904952903355,3.4829471300298502,46,0,10,1,14.062020653722834,3,2.4953167789695354,No
36,13,Technology,9.508306818967839,1.8323823424077008,18.416109549018287,1.7681185300378872,4,4.08509590033801,49.863377148175665,2.400011711377511,50,0,8,3,11.959367193360816,1,3.30880615679532,No
41,15,Finance,3.4894073075106715,3.4894073075106715,7.282193268237351,1.4270559445725233,3,3.368197788152859,52.708764683387,2.6719894543689224,49,0,11,0,21.710622121279123,0,3.331482732486037,No
21,16,Finance,1.2699966864295167,1.2699966864295167,9.751706521172926,1.4836248812161237,4,2.2889830499344095,65.91269714015104,1.9033301385266765,36,0,8,7,16.863772867680535,5,3.1750653990888646,No
34,20,Sales,11.141264459875488,7.819325793809457,15.904942819096659,1.3813404252749317,4,4.99251351193257,81.62347199825298,3.402295667869091,30,0,10,4,52.285132478454294,1,3.748692271072465,No
33,14,Sales,17.105651389918012,4.712652905423636,15.577083522782722,0.8354556292401477,4,4.401178386959736,76.14148787862267,2.9144494034910906,31,1,12,2,29.180653977741404,5,3.0980746525848892,No
40,16,Finance,0.5282231558942296,0.33253765184327655,10.379985185754283,1.7353636008187112,5,3.078452568375294,34.84315773535836,3.1756811328449315,14,0,6,6,11.952301166988963,4,3.775686143912908,No
44,19,Sales,4.349336537122227,4.349336537122227,11.05744315977806,1.0691322946962967,2,4.304010770330821,65.06077555799659,3.5156607313972534,18,0,6,4,60.5860079850148,4,3.978521142777582,Yes
35,16,Marketing,1.0459542255933896,1.0459542255933896,7.444775862092588,1.3807140943027825,2,4.433531975215468,35.345402840874094,3.4109747718357566,31,1,8,5,76.42345475770395,3,2.5828888286444576,No
43,13,Operations,0.3700949447150077,0.3700949447150077,7.118912798495084,0.7854788022201061,4,2.3189464455712714,70.02777944857722,1.8936465671048668,52,0,11,8,64.35927079003308,5,4.033975359456287,Yes
24,12,Sales,4.0997840319859495,4.0997840319859495,7.670527445748214,0.7425289417087564,4,2.2879364374249085,67.72566693989947,4.704083368438423,26,0,6,4,12.747028923114948,4,3.94217561052766,No
33,12,Marketing,1.624358971225696,1.438875559983463,9.90653982978546,1.4286411775600785,3,2.0174039191669126,89.21137089029237,3.402922370368527,61,0,13,3,53.50618550226218,3,3.401501749102288,Yes
22,16,Finance,4.2053963766929146,4.2053963766929146,7.759428440864957,0.46072855808066415,4,3.318166728760979,69.52855331676253,3.9999373675467305,34,0,8,4,15.761012210807232,0,3.8548152616792017,No
21,13,Technology,4.6136988162989265,2.520420396612531,9.719307709068346,0.6492605025680577,3,2.6899266829403725,59.33769029772033,3.5163464765620516,32,0,6,3,17.091354554215755,4,3.5701999511658298,No
33,15,Operations,2.0288141042724894,2.0288141042724894,6.974815890139624,1.3094490868411912,4,4.134832711987176,21.46644923394812,3.015032019362209,80,0,11,6,39.04356659299258,0,4.16966207400909,No
28,14,Sales,5.033359035781471,4.373710890835081,12.751421100525725,1.8854673100440071,4,3.4136490057734212,42.67243695327871,3.410910114798712,73,0,15,5,10.091601681622905,3,3.550335108806537,No
36,13,Finance,4.377640481179761,4.008097885520965,9.870961415778202,1.4331110488780012,4,2.6938721533416388,66.67246965222361,4.198509534649466,25,0,5,3,18.181000482136536,3,3.8153572426412263,No
36,16,Technology,6.31161674939401,0.9219770639974147,9.688797791721694,1.6481879078362773,3,3.5128969782708905,73.67950771158391,2.9053354211886946,42,0,9,6,8.956189047025301,0,3.874891249389126,No
30,20,Operations,12.365768146058782,5.644072589464114,14.15852600169175,0.7861781416294763,2,3.0209619394626603,74.16939391122276,4.080766105545229,28,1,8,5,38.075114276543964,4,4.226814539226776,No
25,15,Operations,4.636487136574049,1.8737182083464514,9.946372775916899,0.7462101475602587,3,3.5968121712582923,53.86299958849743,3.3925174902595003,83,1,14,1,63.45151074387589,5,2.4437457559382247,No
31,17,Operations,2.5188390417140103,2.5188390417140103,8.126462275744585,1.2714987129067743,4,2.5133942877136115,98.75367098104506,2.86616637074937,17,0,7,3,22.999420397037273,3,3.2413720364245227,Yes
35,15,HR,0.3782404989437309,0.3782404989437309,12.217292238761027,0.9622029597993476,3,4.781386999442365,53.0951803455021,3.72052596552379,48,0,9,6,32.030005427772565,3,2.640607228634272,No
36,18,Operations,3.959198976170728,2.6898326588836676,13.40749389683561,1.45777745695651,4,3.2054695379798903,41.0101781745506,3.394187072227003,13,0,4,4,66.64225678517823,1,4.1054812345201785,No
28,14,Sales,5.521940885452053,5.521940885452053,12.144073318888946,0.6990154691902116,3,4.3966494801080716,63.184220627363054,3.0102655299538097,26,0,9,7,24.37467816531344,4,2.343866713881752,No
39,18,Operations,2.350348626269503,2.350348626269503,9.664333420161183,1.3812338736074958,4,2.3242554350420326,56.42563008628482,3.289491608927657,24,0,5,3,36.88307738847879,3,3.372865359861484,No
23,17,Finance,9.90801104293592,4.942900362398899,14.836859230543554,0.897674677929449,3,4.0470778192212835,61.40848909260149,4.986765948045368,33,1,11,4,60.50694078771776,4,4.585444550977829,No
40,16,Marketing,2.4994907268156634,2.4982304082822586,8.41530643815341,1.0611718134564605,4,3.7996684003940406,93.79689752650253,2.973593361204205,32,0,6,4,13.88535585291961,5,4.032495302091312,Yes
46,18,Operations,7.4677799649922685,4.82478477760236,17.10737980739741,0.912087689775131,3,1.6159670807354931,53.899490104215495,3.392975421627257,23,0,6,7,15.95419336261838,2,3.3087364084233086,No
42,17,Technology,15.698868581693729,7.925708931778978,21.726869876988765,2.455118957666815,3,3.1203704747583525,50.45255197199371,2.82178997379315,13,1,6,6,29.577014172717753,4,1.8203814013386654,No
25,18,Operations,10.665495163782175,5.526284116375178,17.329858037417992,1.7039418647153748,2,4.077634480489614,43.090929856090824,3.9983193210865893,11,1,6,0,70.38263845329094,3,4.2640559289788,No
27,19,Finance,1.008143715619503,1.008143715619503,8.446596691921588,0.4432758245733784,4,3.2983701560104226,65.99798306394374,3.089013548470147,54,0,11,2,25.502000727915615,3,4.987986875314342,No
32,19,Finance,1.71081261119183,1.71081261119183,10.430572988818481,1.2543973576813394,3,2.7902846089652744,57.505881818769176,2.707955411620691,22,0,7,4,30.06432316697983,4,2.7444302341647133,Yes
34,15,Technology,9.36186261212756,6.145468689963632,14.459213174194632,2.366028570470978,2,2.6924012132097586,60.62464240909555,4.181114661959619,29,0,10,5,35.28576659865042,0,2.9831303548467556,Yes
33,17,Operations,0.47918024837709416,0.47918024837709416,11.481714319391614,1.3596702663561993,4,4.598677777745475,34.06505281754701,2.7787275720350193,21,0,7,2,30.0077549472184,4,4.202555187318466,No
31,16,Marketing,2.99379227361485,1.5266459314325445,12.793407472205278,2.371735011211907,3,2.3117242931125266,82.37564273939695,1.1909018790496915,13,0,7,6,10.501399788362408,0,4.365557191279178,Yes
46,16,Technology,0.48539744951627134,0.48539744951627134,7.425853677410504,0.5228504529015167,3,2.8126810847107024,68.98670499463691,2.0708171766658485,7,0,2,5,5.985915333214142,3,2.7488139322312577,No
32,15,Sales,9.857920919201407,9.857920919201407,14.80120543232074,1.7397264568730175,3,1.401568159816793,49.655105404708344,2.412922653450011,7,0,10,3,46.18698328944733,3,3.557715639896869,Yes
39,15,Operations,3.6568303322412956,1.2633565053374287,15.089998507218876,3.0053456587187557,4,3.105216973328158,42.35502582758323,2.986093090986424,38,1,7,10,21.637723224428658,1,3.517758863559965,No
21,17,Technology,2.5153535181014743,0.3,8.798722530465929,0.8451712790523371,3,3.4915786309000625,67.87669307254365,3.4813287209511308,15,1,6,6,64.752181693294,4,4.376858947534967,Yes
32,17,Operations,7.181888324027648,7.140157441068877,14.14748765581737,1.199631990130625,3,4.591665022245665,43.3184757074563,3.1030344273025685,11,0,8,6,49.3067525779898,4,4.399649118471705,No
38,15,Operations,12.531821126114862,1.930472736790028,13.731047250631445,1.6361480213787172,3,3.9075082337948146,87.91748120662398,2.6961208254528013,62,0,11,7,25.187921555901887,3,2.9366234259679382,No
26,15,Sales,2.606953896066457,2.606953896066457,9.500988229544994,1.1576324878564468,2,2.314831629173069,59.20850438036221,3.315821151476591,34,1,9,5,9.614467451078863,0,3.5033427007752374,No
26,18,Finance,10.496992818071154,4.107820478200641,11.616804768283917,1.9876770506157215,4,4.398701831989773,58.06543019017314,3.1127749341499613,30,1,8,4,25.611005482430315,5,1.7058825106376485,No
29,17,Finance,2.0939476427304657,2.0939476427304657,10.120421006980719,1.8874201785545497,3,2.9977709714092002,47.668453591291076,3.180531565648361,17,1,7,5,35.167126955059146,5,2.320413365989966,No
43,16,Sales,12.232844889844383,10.297335885113743,17.987050228735253,1.5069367976315737,3,2.502605767511007,41.87698725051818,3.6887007589745386,45,1,9,7,15.780846887707186,4,1.003214550863484,No
31,16,Finance,0.56896990623061,0.56896990623061,8.444988967434202,0.4877530520556356,5,3.3923953847312234,72.33159571415025,3.6215662239875233,21,0,7,2,35.713953458447335,4,4.590303334921601,No
32,15,HR,6.582261459869039,3.0671993046063064,11.065090628779695,2.0990795821173363,3,2.4914677760252237,69.4740367331853,4.2737098806069715,40,1,9,4,13.26059038601874,4,4.36923321411831,No
40,12,Finance,1.4432243980295403,1.4432243980295403,10.359188075224843,1.9400484980025186,4,4.42882986102522,53.0608537465359,3.799732553857209,38,0,7,7,32.36612484501203,3,4.319973227519421,No
43,16,Sales,11.579817550249167,5.600224116570921,19.25869886594484,2.7095407272047582,3,2.712592758285435,95.18275755293409,4.796693332542421,40,1,8,3,53.39924958015481,3,2.3977678185366744,Yes
44,16,Technology,3.0569371636989016,0.3,13.064095255605183,0.9784176164988975,4,4.655826622975283,53.14812466172878,2.2961027476026072,10,0,6,5,13.394002708559487,2,3.441779760306556,No
24,16,Marketing,7.063164677738176,2.902228600412302,17.969273769958065,3.575909738183714,2,1.8876365287037373,72.36752444503341,1.8959952472760324,36,0,10,5,33.60560892415136,5,2.7268821528052603,Yes
42,14,Marketing,0.9144875715519643,0.9144875715519643,11.600643850605985,1.5828979911019228,4,4.598223718243839,44.59524219504164,2.705947930698055,14,0,5,2,37.155526861485285,4,3.9209046718191063,No
28,18,Technology,9.658066317585812,7.514661219106736,13.610517469417578,1.2748820721215663,4,3.594293409116324,69.2917174479804,3.10522972242925,53,1,12,3,2.5119996140444076,2,3.0944824430648183,No
26,17,Operations,0.8814156038872744,0.8814156038872744,8.679395409391965,1.683775653455945,3,2.7035153750527643,44.70333487101604,2.8071162235475975,19,1,8,4,8.15325567561874,5,3.4099765866051466,No
39,14,Operations,7.642820729933901,5.175134323136747,8.592859279727659,0.6204726700422648,3,3.766055251546023,23.042467532034696,3.311365672283601,16,0,5,4,22.517555047714616,4,3.6753565966601305,No
36,17,Finance,1.1355191264688596,1.1355191264688596,8.399479717062366,0.8589654449420343,3,3.2086085796815493,88.06960727602716,3.9034347745414233,28,1,8,6,18.833572747143315,4,4.121134966089435,No
26,14,Technology,2.293141365538706,2.176076045518628,7.133688290448431,1.3425023980564175,2,2.866542016002253,82.92724428326281,1.0191061336902996,22,0,6,6,16.302446617380376,2,2.2529174508952936,Yes
49,17,Sales,13.32065124012157,5.436155466088008,20.94404976682617,2.217480908686623,3,3.285488147870942,76.5586444407651,2.398775841214831,45,0,9,3,61.96330738811337,4,2.680155709544734,Yes
27,17,Finance,0.9485467797268874,0.31688799206053037,7.821349862222562,1.2523322632540625,2,4.423260391336244,69.55247140915773,2.8843375473907154,35,1,9,4,38.26836132037567,4,4.985841089390732,No
28,15,Technology,1.33897305753914,1.33897305753914,7.986747547096274,1.4493604584434554,4,3.989812373722393,100,4.984656912793779,64,0,11,5,24.134049338609195,5,4.1517148165757565,No
21,15,Marketing,4.627627711759476,3.542719162416776,14.699534187642017,2.8942656506908677,4,4.830248582650052,56.56006023279375,3.106274987505107,65,0,10,5,29.337365467811928,4,4.295590929236534,No
33,16,Marketing,6.344578307059828,6.344578307059828,8.788391201371379,0.654151235385857,2,3.076606943015462,62.15711089971633,3.91497962661376,41,1,9,3,14.106194555554385,0,4.3239974877735765,No
35,15,Marketing,15.050161346580103,5.326193219976361,29.70715856317513,4.820003278197795,4,3.8106238545233753,67.21775485041591,2.819447437898569,60,0,11,2,38.76084326163166,1,2.3276693816046725,No
44,18,Sales,3.8379869041835457,3.6609285770597975,9.369142364884823,1.1819953479243521,3,3.8070422842968563,72.46585357103606,3.5826696096738733,52,1,11,5,18.350531538524205,0,3.5667296586438235,No
30,14,Operations,2.291968646028087,0.6934937818352369,11.111013699948348,0.8017365034658351,2,2.7671904799044085,42.455226931288216,1.705768944284696,19,0,7,8,44.03236864999369,1,3.7255839685147403,No
49,17,Technology,2.8461212226786907,1.9569677532671255,12.574153550079755,2.2231628906616665,3,4.164318129865539,63.13871701976642,1.0197310928644745,18,0,8,5,29.43921141780344,5,3.6345443703210574,No
34,16,Operations,8.689860373822938,4.363183875888408,10.254487803509765,0.7563104059277042,4,4.203643225288901,44.230458182425615,3.7719106274120286,30,0,9,5,25.37774562046643,0,3.8899615602727895,No
41,17,Finance,1.0777871980485334,1.0777871980485334,9.76652367590304,1.437237732051771,3,4.170611897589133,83.69423704440385,1.6908553790211598,24,0,5,4,21.044099533568307,5,4.020332609152148,Yes
32,13,Technology,3.6893459065288425,3.6893459065288425,11.192488569534989,1.6547075627133068,3,3.202152221602304,76.53264544904054,3.0201683356992577,13,1,6,2,44.80452926729598,5,4.253780565823341,Yes
21,13,Technology,3.409453288637994,3.409453288637994,12.029433850053014,0.7907295700064981,3,2.787357864665294,55.56912169027323,3.2787355499041073,39,0,7,2,23.50610566000968,3,4.518137076735751,Yes
41,17,Marketing,4.457081727395235,2.913897209251993,8.994166978542047,1.5371959173273213,4,3.276624472215634,62.49669468181197,3.0975718227541447,24,0,6,5,36.45437931903196,3,2.149939156587848,Yes
39,15,Marketing,3.6708873840069383,3.4723616107921726,8.284216132124039,1.4425575373371469,4,4.705398971025977,45.99324681476939,4.692824187459974,35,0,9,7,25.500793907553152,4,4.48588638980309,No
22,12,HR,0.3944168565631466,0.3316500025660913,8.894607385306248,1.2903885177333476,4,2.881129636215957,68.57526353163229,3.7092492701871516,34,1,6,5,27.519324342505172,2,3.8141275669891352,No
48,16,Sales,7.078514331856105,3.5505399285253447,21.739691921243303,1.846617817597129,3,4.5110612311757725,57.43534003929117,2.7924680963183306,44,1,13,5,78.29406487495022,2,4.477146776741034,No
32,15,Finance,13.475861701101323,6.610676017154542,8.780528575514392,1.7079556650370198,3,3.9937531110574183,57.11894735902775,3.1041548637393834,15,1,8,2,12.1724848100631,5,4.651458294995216,No
35,15,Technology,8.41741421426883,5.627819941496842,15.437205582089927,1.000277545829839,2,4.789897401256851,100,4.690644055141774,43,0,9,7,33.038430198316135,4,2.8547069761147656,Yes
43,17,Finance,3.5038281633463195,1.440008518860171,9.020767896330705,0.8124104754067306,3,3.0958250211131473,49.562517752506196,3.7921528362109007,13,1,6,3,36.46271786900461,4,3.220137548075595,No
35,17,Operations,7.95010538589955,5.55010772018737,16.239598089954118,3.1366299255499426,5,4.9538143756068855,51.58381935511276,4.693439736745447,34,0,9,5,20.332999315177045,2,3.457107902876367,No
24,16,Marketing,1.1054735505814282,0.4843108525698942,10.448526513163351,0.6550040286457135,3,2.8952283237321734,61.771337180572495,4.400590670578473,36,1,7,3,15.618275195280253,1,3.1079251532108616,No
38,19,Technology,3.698130852948197,3.698130852948197,7.27829691605581,1.2546469774664981,3,3.6924849109597826,98.07650082335503,2.9160272624891768,18,0,9,3,6.854350214771889,5,4.063421565253379,Yes
37,19,Operations,7.39725289349451,2.5967407120221018,10.340575289313103,0.6648000223658687,4,2.49964408303684,61.987703329267674,3.6947406769941615,32,0,8,4,25.447463348358134,2,3.8995337010744944,No
35,17,Technology,9.075594026598461,5.4480932539352684,10.688211857653469,1.0581894139851196,3,4.392407050371163,43.797487244483115,3.6956440151287047,27,0,8,3,42.16972184632529,5,4.440431307497204,No
40,16,Finance,2.8817641190779657,2.8817641190779657,9.97111207922527,0.8099435863520036,4,3.8016935583657054,55.57052966796801,1,46,0,8,4,22.4336463469963,3,2.0080474353893,Yes
28,19,Finance,0.3204690741509353,0.3204690741509353,7.739454851466658,1.052503235625754,3,1.7966189704484783,58.39690134346526,2.767607030051964,11,0,6,7,37.954703149729724,5,4.985579117387274,Yes
49,14,Technology,10.836653078718394,4.7551616541331505,12.463670240574116,1.5859433860246315,4,3.204335871198135,56.15266656899784,3.616093759304111,78,1,14,5,7.133298682606122,3,4.4346390850682145,No
40,15,Technology,5.680546043261807,4.837842852291057,17.037156283221538,1.9366496902170751,3,4.969462573604401,52.73716508996923,3.7024305487603,33,0,8,9,23.32599013804861,4,4.270423043395202,No
37,16,Marketing,17.447648492337308,10.536381441125112,27.899714751843412,3.8529203840021764,3,3.6214995402241112,36.934778920887055,2.8047590366920105,22,0,9,3,20.45771486964818,3,3.1025807055294035,No
29,15,Sales,1.788628966473781,1.788628966473781,5.419333978404029,0.6552487364944847,3,2.722730634121966,43.696769342479286,2.517687560506247,20,0,5,1,17.93878361251553,2,4.050650087189279,No
39,19,Technology,0.3,0.3,8.622256890445184,0.6775348633903004,3,3.822215388281137,52.91891592523963,2.910384524890088,23,0,7,5,8.158320962789734,0,3.6572870369763564,No
37,12,Operations,3.912806759633429,3.8185890852124365,10.037339759787677,0.8992637040286425,4,2.916420588329009,58.667967171865534,3.89973047540594,23,0,6,3,19.236599434194027,4,4.938976125739485,No
33,15,Operations,0.4234701049460457,0.4234701049460457,7.166268222641032,0.82372705103184,4,4.910544338409657,62.53558032318876,2.1954245274445534,17,0,5,4,43.79438239922491,4,1,No
37,17,HR,4.640282375559502,3.426466874162639,13.145933628248038,0.8139182062874257,5,4.385687371378032,85.81176704241973,3.1056147885488827,61,0,11,0,20.662024843623232,3,4.049168587345271,No
29,13,Sales,6.204032384830756,3.175367874047049,14.411926343047998,0.9155473600530661,3,3.524443190099633,75.74290851684029,2.5878447879950315,13,0,6,3,21.888014454775355,1,3.027539197871499,No
26,14,Marketing,7.9904941838893855,4.808109564547819,12.683847251947668,2.487065081902101,5,4.609681202801121,60.50352121765928,2.496609575949182,40,0,7,11,35.15386237234737,4,2.3564590948783795,No
34,16,HR,0.3189594733231537,0.3189594733231537,8.026929974848922,1.4005447466169838,4,3.0898806663486083,69.39159746978757,4.426704704918596,45,0,7,2,20.322638846498858,1,2.635483422152475,No
35,16,Finance,2.516774151604733,1.5373453752499668,10.526922103968023,0.6439542316615591,4,3.5900837730539226,69.86590555335262,3.4959493278101186,40,0,9,3,80,3,3.740600772837838,No
40,17,Finance,2.108347484562874,1.4756442254028137,12.769742652059925,0.9735806332181549,4,4.708130228766251,98.48084273891068,3.3987276466107277,31,1,5,5,22.4540811752141,3,2.578627616703114,Yes
29,18,Sales,11.800396774707302,7.011567164306697,13.39958380626073,1.4017122745811188,4,3.615129909436653,49.44271095520727,3.6058758273988976,22,1,9,6,19.37762036127126,3,2.8218737393174798,No
31,15,Sales,9.099588934079156,8.339752840720458,14.699975703695156,2.231119671650369,4,4.221328745606419,61.68775339632479,2.2223673270220696,63,1,12,2,15.226625544257669,5,1.2414347297548458,No
41,15,Technology,0.5393974443012229,0.5393974443012229,8.574930187792818,0.815906902866672,3,3.496990450389778,39.53557331759074,2.3015593527761076,46,1,8,3,14.74444856039755,0,4.567877051211558,No
30,18,Sales,1.3139579047533174,1.3139579047533174,12.23323936305792,1.77108707737001,4,4.325029039630156,63.84462526580789,2.7110315784553447,28,0,6,2,36.54483351012799,2,2.8363724207272343,Yes
40,20,Sales,6.698144566639545,6.438061787832096,7.811107784030926,0.9871187926124896,3,2.3981585210474945,69.24019735262563,3.48954075790388,12,0,7,6,20.260633969059242,2,3.279286883440508,Yes
45,16,Sales,6.725378577252934,4.730551521052515,9.720443893491254,1.0778433427587704,5,3.713635187675702,50.8305036064,1.5977292068674287,11,1,6,9,6.7723259404768585,0,3.939260720115143,No
35,13,Technology,0.5228550384749576,0.5228550384749576,11.96272273761457,1.221684051001086,2,3.193356933896628,92.65234508541995,1.4006546325323042,5,0,4,1,52.74569426185979,1,3.445559420150933,Yes
34,15,Technology,5.6603905280967055,5.6603905280967055,14.606963611936951,2.247304091730067,4,4.006649487180805,63.443714622477295,2.7866553343099225,6,1,2,7,61.02293015014205,3,3.292015376455294,No
30,20,HR,13.179828017446805,8.018859189528161,18.814076384751136,3.050583874089439,3,3.9869664123140662,70.90420150145066,2.9204698418899437,44,1,11,4,23.5808480260959,1,4.956592422494395,No
31,18,Operations,2.7088571325439634,1.4849796978374068,11.165525514198889,1.769583652525012,4,3.531071153854181,31.969915632175976,2.713517436499405,20,0,4,5,30.149900753043408,3,3.1274669231860437,No
42,14,Finance,4.714457828859188,2.495170657932,11.896915699721264,2.2345896278083983,5,4.013261920347756,53.27457080652715,3.2910806592074278,53,1,10,2,50.67555567167295,5,3.4983488851730455,No
21,14,Technology,4.0417171877431635,2.1565895843533895,14.796358283561043,2.126216647644504,3,4.000981545151556,48.384341668306384,3.0917023474353638,39,0,6,7,34.04777580292345,1,2.5412259161433717,No
29,17,Marketing,0.9708947571593501,0.9708947571593501,8.42713366832389,1.4402925103040822,3,4.095340189257255,63.4986963919864,2.499750143109499,29,0,8,6,14.3399515927827,2,3.572063827384256,No
46,18,Marketing,0.6895089081381152,0.6895089081381152,8.39176195096954,1.436943816048154,3,4.997331990727705,93.0286271536362,2.706016292235248,37,0,12,4,20.928047204146612,2,3.48352926128797,No
35,17,Technology,0.7406041172813501,0.7406041172813501,8.012224251253583,1.4452220638535482,4,3.521625018883613,87.9388085310136,3.682009972223861,18,0,5,9,67.2514863554825,0,4.877108771618023,Yes
28,18,Sales,14.309539783300867,2.1613758645725945,11.224803868354474,1.81763175067697,3,3.0049541754198517,62.62940421392296,2.309756220306768,63,0,14,5,32.51079726417829,5,4.329671903312024,No
31,17,Technology,0.6071128030163057,0.6071128030163057,10.769031559730294,0.6128082749499307,2,3.7883308295464664,68.45266462364415,3.8028502313364996,50,1,10,4,20.9220301688419,3,2.9182153079765336,No
37,19,Technology,4.079497207270474,4.079497207270474,9.49513832219248,1.433783953090728,3,3.401847797549162,85.44770455041608,2.4301737687289644,25,1,7,5,28.91606607568909,1,3.289537173449144,Yes
36,20,Finance,0.42409725149291794,0.42409725149291794,9.32824391895166,1.8058461532224792,4,4.17309356969608,52.87091359518539,2.6069723966861758,39,0,7,6,52.250339219123624,4,3.996745386905609,No
30,18,Technology,8.93001789076032,0.3,8.947088353962638,1.4389428203247994,4,3.6111975811084993,68.70364450206328,1.7894975403273776,23,0,7,6,30.781088242168618,2,3.4296998527900175,No
43,19,Sales,1.9641311568933448,1.9641311568933448,10.993741801719487,0.7153197362616898,5,4.577311413116839,53.337527921754216,4.096457909837843,37,0,6,8,80,4,2.835289796487075,No
23,14,Technology,6.562116508750575,6.15308092218274,13.182663247451888,2.6125983604627496,3,2.5930022432405226,58.1457061641275,3.5939089078743605,52,1,9,5,7.199989211005743,2,4.091630344185217,No
31,13,Operations,7.16051121886381,7.16051121886381,8.997994850259424,1.1544414817895992,4,4.421610664215984,72.6032887936508,3.399234026863182,56,1,10,8,29.733618401111013,1,1.6772107656680029,No
40,18,Finance,1.5957490182086713,1.5957490182086713,12.22080659660704,2.385592058421764,4,3.508263513435494,70.46821459708191,2.403402202713006,37,1,9,4,22.062764972356845,4,2.410686399963168,No
30,14,Marketing,0.3,0.3,7.187383253947498,0.9201058829576366,3,3.423677082029321,69.331491918966,3.398523923282872,56,0,11,3,17.523858006695924,1,3.439789516726038,No
24,14,Technology,1.247657734439089,1.247657734439089,11.21685335269009,1.9752536786465218,3,4.39638202516103,57.588575228641524,2.4178783746756647,48,0,12,3,22.332478786199903,3,3.241124633158947,No
29,17,Technology,2.878814322761847,0.3,6.8405221035734325,0.5981455562923857,3,3.5226470169412893,51.97821897303971,3.994905035179726,26,0,11,7,19.576246029662542,2,4.180441668009375,No
31,16,Sales,10.57584507792102,6.869205199882041,11.546590138266176,0.7591202025062157,3,3.516360053067302,42.11810876447105,3.295994601164631,76,0,14,3,15.703479322514797,4,3.806807339805214,No
29,14,Finance,7.9691532473738285,2.0938195543857034,12.464990499987698,1.6321845412165725,5,3.312210373988864,48.25512464150522,2.1114940589726903,17,0,6,3,80,5,2.5128607041208944,No
23,15,Operations,2.8593586168642564,2.181419293858484,8.50983368238481,1.2979983871077732,4,4.964712270981696,53.77596180804685,2.8669150018389478,20,0,6,0,55.07608775315007,1,4.400483346150506,No
34,17,Marketing,7.036842881080664,2.8372247054681186,8.550623990401073,1.1703648990272026,3,3.0983686023728354,55.210252694128165,4.586031382283825,40,0,6,5,23.339404665265036,2,2.3908467792557877,No
21,20,Operations,3.21563851410019,3.21563851410019,6.092498752112406,0.5428310242243884,4,3.187474295030692,56.3259482204604,3.68350732789064,67,1,11,4,57.50987765820812,5,4.180612935064876,No
36,16,Technology,0.7342046235131456,0.7342046235131456,8.084685904885047,0.8261664474872458,4,5,46.340360787324144,3.575044849324495,55,0,9,4,11.614414620804748,0,2.443834421347396,No
32,17,Operations,2.758407185082502,1.355830052538902,9.82692979184368,0.673539882346256,5,3.519121959311635,16.772174680734622,4.440165707123339,13,0,6,7,18.522526713344398,5,3.105184139281497,No
29,17,Technology,2.1293539730878583,2.1293539730878583,6.772784136830533,1.0286616304470604,4,1.8067636672207679,15.411996910559743,2.2854496372626145,23,0,6,3,42.56859394386216,5,4.2322603273633534,No
35,17,Sales,2.6786342073073857,2.6786342073073857,13.536699346916143,1.1578930723595766,3,3.9689473103140047,48.24448988371186,2.3182271840571556,59,0,9,1,12.327668774760072,4,3.1322974782135007,No
27,17,Sales,2.0769869329378596,0.40655592081007175,8.143752719244066,1.454219695011329,2,2.3759871645524804,48.12501656185943,2.0726755162531676,33,0,8,5,19.587761505781373,0,3.320752860265127,No
21,15,Technology,0.6272957904290531,0.6272957904290531,7.990421037594521,0.6230879683736924,4,3.4381421116338577,43.27066733385748,5,41,0,10,4,33.68798894198242,4,3.1558977623621525,No
43,13,Sales,4.149503653565086,4.149503653565086,9.3734431964025,0.6280659008352748,4,3.269481875824954,83.84744621625413,2.7298492793292173,41,0,8,9,80,3,2.990901790858472,Yes
21,15,Finance,1.2289790955042732,0.3,5.832963774747869,1.0927978144204828,3,2.6016547723755847,61.288556818726065,4.799374084492029,36,1,7,3,30.94821136611254,0,3.676107506633602,No
28,16,Marketing,1.67195641935591,1.6222581942489531,6.868881128321262,1.0844387423721678,3,3.699891579290977,88.77013591280301,2.499368476936443,25,1,7,5,27.232435986583692,3,2.050550643670429,Yes
34,13,HR,2.1120315205164637,0.4340859943721869,11.753620035703209,0.8938644650143655,3,3.7212593355704913,65.91722361998814,3.790359124861607,82,0,11,6,49.19905838872454,3,4.172555701781248,No
21,14,Sales,11.231513894771656,4.996218716412662,22.574640205699183,1.4438806442924639,4,4.312142907910955,52.60233795329669,2.495747079110506,28,0,6,2,19.616008944190757,4,3.0501196515974454,No
37,17,Technology,11.027281065142992,8.617860592155882,8.160816310957308,0.8661935797730993,4,3.717898453255242,54.25052573933272,3.466425652212089,41,0,10,6,16.287318842919188,5,3.5705827263624337,No
48,16,Technology,0.9400063457017597,0.3,6.597285930597229,0.6662433390392403,3,3.700690782791835,79.84981195851095,3.801014195853465,17,0,7,4,8.23700091779761,4,1.8975749673303755,No
42,19,Technology,2.424254302684788,2.3717140930376783,5.362655871140338,0.877725095130995,2,2.883933853259556,84.19599109007963,4.214951164746527,28,0,6,7,35.01740312837326,2,3.325369761034133,Yes
33,17,Technology,7.768178920955673,4.025830511403785,8.843456817128738,1.4319044347106809,4,2.3827202835861345,28.097783705757255,2.3074240357527174,71,0,16,3,22.145104544054224,0,2.1736180649808357,No
31,15,HR,1.567658587713691,1.567658587713691,8.653375093713683,1.0445653126494328,3,3.7890393841148122,53.25738682863863,3.9014515701259196,35,0,8,5,20.906268756818214,4,4.362857752718561,No
37,16,Finance,1.386834728545501,0.3942972591907354,6.804207797883248,0.37260383521465124,3,4.512183542161858,52.0676689691908,1.8956479391350012,71,0,11,7,23.31553267668828,5,2.954336665710285,No
34,16,Finance,3.983466880088456,3.7850260617071365,10.531413037637925,1.8912013198497593,3,2.584248733364712,50.068489635010906,2.466162968146726,27,0,4,3,60.87838566849674,4,1.4105150994870714,Yes
42,14,Marketing,8.275223463852916,5.614362681652994,14.166691483047627,2.284594532954569,4,2.9684749986348993,62.06993741822809,3.5831407701427476,20,0,7,6,34.17828236862256,2,4.061768747034296,No
48,14,Marketing,0.6890011835949865,0.6890011835949865,6.804468706846806,0.7805586439456198,3,2.0923214873803575,44.92892295772638,1.8901857677039897,12,1,8,5,79.80916446932359,5,4.489562791455941,Yes
60,17,Sales,1.5779877226259278,0.7679321550126628,8.50685294319669,0.9446612002816454,4,4.709024754820363,70.74403417650147,2.776949778766852,26,1,8,2,55.156012977853514,0,3.972808196422186,No
28,12,Marketing,8.167597411003268,6.615988763480617,16.79384553626895,1.0895785929134467,3,2.963577709719169,27.140457712609773,3.4095355590042016,25,1,8,8,18.388363290887103,1,3.3079000465627857,No
46,17,HR,2.4256943842525103,1.531986570248603,10.762618906532024,1.5240082243249569,4,3.603457441866512,57.53946564861927,3.3160660356068603,24,1,6,2,8.570432715544506,1,2.847295099713586,No
23,16,Finance,6.224920207006657,3.6107851500063957,10.897033133029167,1.1996792170188868,4,2.9070960555628678,56.79856429727256,2.8914727910818088,13,1,6,1,10.504010435527265,4,3.4546335942284463,No
41,14,Marketing,2.9499286173432155,2.9499286173432155,7.870034670033973,1.4124890763065767,5,3.400733911369944,62.824758595795366,2.306952911472868,10,1,7,5,32.580185064599185,4,2.7847859039536904,No
29,16,Sales,4.2018387694698776,1.1237065101462769,10.979917085592417,0.667032425431628,3,4.169996352339231,50.67196606936732,2.005278109815247,29,1,10,8,15.88859556064045,3,3.4889802560854193,No
51,17,Sales,2.7031138210503975,1.1651562564302902,6.046468343957559,0.8045604648190147,4,3.4131732425304646,48.20598239637479,4.222234244530247,11,0,7,4,32.77708477380636,4,2.8792948278981902,No
21,12,Sales,7.236804403957428,5.0062286735138475,8.64123621391763,1.674358666986457,5,3.430473241649646,39.324287287135924,4.933732609104359,50,1,11,2,26.14000107695042,5,3.70380422936504,No
47,18,Sales,4.503263622188282,4.503263622188282,12.374774498217688,2.19819460228667,3,4.975179670678821,45.83623557275274,1.986579676580099,21,0,6,1,24.71158796556585,2,3.641301377804081,No
33,16,Finance,0.7878876347950624,0.7878876347950624,7.888644646995619,0.4211899195611963,4,3.5525872086099293,77.55722945994141,1.7993660786788603,44,0,8,5,48.75179617845252,4,3.5373166860343734,Yes
21,14,Technology,0.8423202186631852,0.3,6.641832092783672,1.2366867586955457,4,3.016363017190895,35.2835722546846,2.206106561210223,35,0,7,3,57.67758444619086,0,3.697630380322428,Yes
33,19,Sales,11.652098715878207,4.380693345087581,22.057378607943225,2.9845199275697714,4,3.6180924572618833,49.95372290698764,3.885718486786481,11,1,6,3,16.674141297976913,4,2.3690745449295187,No
32,15,Sales,5.817459043827103,0.8894683596382511,14.271358521029907,2.448128136982292,3,4.114949755778739,59.938568227234605,2.881306343988095,30,1,7,2,21.20828919539082,2,2.9207495698965418,No
39,18,Finance,5.547866080752494,2.079075634495626,11.968822649777456,1.2953410081674726,3,2.961672599272223,58.07868423849086,2.0876895235427986,25,0,9,7,19.03918673038607,5,3.3736664754382226,No
28,15,Finance,3.420223174068162,1.9424170580631261,10.84905752057255,1.5827141617532505,2,4.492453038517271,75.8070310061084,2.3105583987180274,11,0,5,4,19.830410797106016,0,2.882662206343718,No
21,16,HR,4.265455940254452,2.0801701678436,9.002726100630573,1.660419863091815,5,3.103453132468302,80.68025708748863,3.7914698556051207,15,1,5,3,25.26469307010017,3,4.771931277078568,No
43,13,Marketing,4.207576908114015,3.112952717948886,11.433823369512995,1.6304153818648257,5,2.6149361485023808,39.511678101212304,3.307919121092661,42,0,11,2,35.64830505410238,5,3.3724414666068045,No
43,20,Technology,2.48695473797204,1.9141024587985558,10.183030721170582,1.6988655900775653,3,4.953347678795854,27.080074700621253,3.8917356562807845,28,0,4,4,24.228009902654986,2,3.2961255238067118,No
46,18,Technology,6.664586931460404,2.9803927148694944,8.166715964815044,0.9092710092330826,2,2.7097903764642854,54.26788096698819,3.500894426306072,46,0,12,4,11.880442452836121,1,2.5771402085328656,No
30,17,Technology,2.5506427903143147,0.5881172859342974,8.575190030281814,1.1746667655514245,3,3.0971244226628665,34.46962259947562,3.0972941776217513,16,0,8,5,38.41324182549134,5,4.040600872853382,Yes
38,18,Marketing,5.385033857649551,1.7114942243965507,11.364816119093394,0.9982952519933974,2,4.4132998072184915,67.57011145603558,2.992386960152216,92,0,15,4,29.127984928276987,1,2.862699396997994,No
34,14,Finance,2.2219658759135568,2.2219658759135568,12.410507104550176,0.9236076720375708,4,4.391081897250912,66.40616017028186,3.18744615606953,24,0,7,3,36.07504643201135,4,4.007480492368453,No
37,17,Sales,1.6289906459852208,0.980672558609066,9.709630394900561,1.6189334878860533,1,3.1123390859315414,95.41235945415559,2.285239874144666,24,1,7,1,35.58025561857891,4,4.226976644662467,Yes
37,13,Technology,1.1883983489400156,1.1883983489400156,5.651187688386042,0.3274768191860134,3,3.2124815508637368,85.2061210188032,4.3957272873632505,67,1,14,4,17.3090709669755,1,2.668704412221943,No
48,19,Sales,6.340043320603454,6.340043320603454,10.29432817533656,1.5287605012784387,3,3.808528057841819,65.7371800416129,4.086758863273246,29,1,7,7,57.585157795773924,0,2.275778611175187,No
47,18,HR,11.540788182950099,2.9871542505370434,17.940684013757913,1.8831276857705634,5,2.8213611273706842,48.553409894811445,3.1885342073163936,27,0,11,6,16.479414770628882,1,2.8838798602918723,No
44,19,Sales,10.820330493826217,5.721913941512322,8.457683390228965,1.0011698287830262,4,2.718101289347773,71.62191832208846,3.074458884413031,10,0,5,1,53.083362000406154,0,4.606265007522577,No
26,13,Finance,2.0478085323268345,2.0478085323268345,11.371334984162957,0.7924749935440202,3,3.055556277497238,62.609839781320886,3.6631365128691997,22,0,7,4,17.986834300310424,1,3.5174518434219877,No
43,18,Finance,0.4744601219314139,0.4744601219314139,13.983866680397595,0.7922480875127592,2,3.9990682833307916,57.39909403745843,3.8327700256171426,36,0,9,6,30.160748131105578,3,2.9641067169625512,No
32,15,Sales,4.694617003282579,4.694617003282579,14.893506752133069,0.8276060789065428,3,4.381804532427723,37.11593974096845,1.602331760874625,25,0,9,5,20.466764882364192,1,3.9971630528174904,No
35,15,Marketing,0.8925012554163678,0.8925012554163678,10.381862099430986,0.5882228919503797,2,2.7930078989112785,64.72627224310162,2.903332313225555,15,0,4,5,19.590914944767206,3,3.1195152197702782,Yes
33,14,Sales,7.821642448562537,1.6229939833758076,10.844034177934631,0.8317750552664559,3,3.0382394288176604,51.48997112595774,2.303457710393222,30,0,8,5,12.872468824871026,4,2.714452856465322,No
34,14,Marketing,0.9602850045544024,0.9602850045544024,7.83305180179376,1.0282304144690373,4,2.9951149646013984,49.05483858382618,3.5199696849025504,26,0,7,4,15.724427191693309,3,4.5131125647501085,No
30,16,Operations,24.118531123539633,7.418729829652241,32.136094134159805,3.0672926943358076,4,2.4820150403636476,43.99142708032487,2.30891617951183,36,0,10,8,9.555656501491772,4,2.7790431731688345,No
31,15,Operations,0.4181900096938922,0.4181900096938922,4.742352285322456,0.2989432577849283,3,3.885696518839872,47.77632042218853,3.4950658544028776,19,1,6,4,41.96864467262319,3,3.3021991711869356,No
26,15,Operations,0.4999716412341677,0.4999716412341677,11.428667552667356,2.024745730375984,3,3.011677392013228,40.85635831483808,2.8072623531167307,27,0,7,5,30.903297799907307,3,1.2849933899469117,No
44,14,Finance,5.5336783568931756,2.7460728097140814,14.351862830205176,1.3204966085868406,4,3.464416535850106,32.55787492782602,2.7671452864977235,26,0,7,3,28.913792147914563,0,2.0464893373364808,No
21,13,Finance,1.2090545745988015,1.2090545745988015,11.926154338849544,0.621971820115443,4,3.408312782005389,68.59467162418866,3.2997649679403165,36,1,9,4,36.824742156742005,3,3.7536948703518043,No
41,16,Marketing,0.3,0.3,8.8229290440365,0.6907408115496575,3,3.2025445252541274,85.59535100038036,3.9940524827035433,30,1,8,5,36.414090867000496,2,5,No
21,17,Sales,1.4946300660613974,0.5959904819956638,7.328736297986118,0.5104035061783175,3,2.916364864253375,34.848107967238704,2.410687474423947,59,1,12,1,5.954553414111228,2,2.916035964462101,No
35,16,Operations,0.47472349176998674,0.47472349176998674,13.33290247801304,0.9233871474523563,3,3.47154131750777,71.68939735966723,2.3060766807457673,44,1,5,4,12.230113607709338,2,2.6006771460925098,No
42,19,Technology,0.916978060935103,0.916978060935103,14.466818224762209,0.8643611027027369,4,2.0937371805754035,54.063807132686414,4.1786672443445365,27,1,5,5,11.891236594621258,2,3.333676077988506,No
29,16,Finance,11.026488705951214,4.858745569594155,15.845474955602805,2.606190617496977,4,2.7724654396219983,58.86968031861779,1.8141863451263716,20,1,9,2,54.138805966559126,3,2.7384361331821077,No
38,19,Technology,7.4323671971281176,6.718347492974575,9.589857041915048,0.8067660462808602,2,4.610170900910804,51.367187302067244,4.694954617740514,46,0,9,6,35.95621445880532,5,3.4654744643304323,No
30,20,Operations,2.036545927483921,0.3,6.297121771574335,0.742631606147174,4,1.5057964136745643,64.94407077844244,2.7898823918788302,48,1,11,3,20.546678009006865,3,3.7759222081362522,No
38,18,Sales,5.332640433397124,4.220659307996452,20.54081373655995,2.7307978363783123,3,3.3080408028232093,66.89280486467304,3.6152540526087145,25,1,6,4,18.60798921947865,5,4.552520041694084,Yes
39,14,HR,6.501634884955447,4.771857628211608,9.751773086193129,0.8954287716854434,5,3.477651682817904,59.229616495415,2.913046323138616,30,1,8,3,58.72700589279814,4,4.353691426267806,No
28,12,Operations,11.666291862196065,4.71748751577509,17.548544059869702,2.078432416891021,3,4.122791670719626,78.67283942298673,3.506087343083874,32,1,9,6,33.944783292151605,1,4.589296078713231,No
33,16,Marketing,1.0330337199783346,1.0330337199783346,7.270930686807973,0.7286248580530152,4,4.4295672478178805,63.54066418822357,4.40393908016386,30,0,7,1,40.56777008245987,2,4.116601185269954,No
29,14,Finance,2.3166838080706706,2.3166838080706706,8.300634997783483,0.7381689475894501,5,4.476716755631086,54.64945177947001,2.8300242645831615,36,1,7,5,22.418775987843215,5,3.708964096808068,No
28,19,Technology,1.6446303721012951,0.4059450572038378,9.340652452413114,1.0727682804046137,5,3.6171618007114894,56.79424031439034,3.087703184664143,26,0,7,6,54.77401450480272,1,3.4581047615019873,No
42,18,Finance,3.0688293819762644,3.0688293819762644,11.14173530358824,1.9270282109422319,4,2.7205346832348694,63.81873250924303,2.3932594982028363,46,1,9,5,65.50185154957838,2,3.741349569750153,No
43,15,Sales,3.480240346164104,0.39884661265304966,12.057837363204092,1.5871933358660237,4,4.106355173083548,45.878766620096094,3.2873262359993616,40,0,9,3,18.84677406225019,2,3.2479239138462352,No
31,12,Finance,2.505043176651301,0.4387480753811641,11.837757232636672,1.5868215792730689,4,2.6000010436653227,38.848931534499066,3.003281264343634,26,0,8,6,30.291313584153613,4,3.72081379341839,No
35,14,Finance,1.7252172349750994,1.1096909375604356,6.607463070124919,1.235197184858187,5,2.6055157816815187,47.054725463345406,3.215239268426475,18,1,8,7,8.691905614318069,4,4.326157817288531,No
44,19,HR,4.2041226195039565,4.2041226195039565,10.087256706365562,0.6639639249210041,4,2.0168244486296336,46.81295096354399,3.5014659125116094,18,0,6,3,30.315662495522847,2,2.811909146748086,No
35,16,Marketing,2.4279986199168615,2.4279986199168615,10.836557928985133,1.6113867101515396,3,3.9909397988609454,30.39366676215939,3.4317037499311795,38,0,6,6,32.40338632114842,1,3.0823646935583655,No
30,15,HR,3.8088902437192376,3.8088902437192376,10.60332261318529,0.7519484526300031,3,2.2989610758070964,71.85341688431222,3.802389919069063,46,0,7,3,24.43295037321217,3,4.430504461513562,No
34,17,Operations,0.3873140788261632,0.3873140788261632,8.371548718675445,0.7077756296703948,3,4.168739681827648,40.653781978368336,1.7103621362542576,54,0,11,10,14.476877702003973,4,3.09024973118337,No
32,16,Technology,3.7184824581077973,3.7184824581077973,10.593386846581874,1.89805838014502,4,2.925565958721664,33.80769166790064,2.7037823797755935,9,1,5,5,36.08146272150108,2,2.4849466195972734,No
39,14,HR,2.08043629394233,2.08043629394233,13.283969740013992,2.323924616253647,4,4.014917721297858,64.8758653947216,2.612388276063471,19,0,4,5,28.80799757383785,2,4.06966708007184,Yes
40,17,Operations,4.324952114264611,4.324952114264611,6.200782460773881,0.30035820251736417,4,3.714061881287765,33.22911612588144,4.217541463316467,42,0,9,6,55.39548494357863,0,3.9308162302415113,No
37,17,Operations,4.106176646717483,2.906886269690031,9.766178658139726,0.5199133089927234,2,3.6782341133651837,63.63180305306328,3.5115603511911804,49,0,8,2,46.930096540933015,3,3.6582832896817825,Yes
38,15,Finance,2.7453658784349537,2.7453658784349537,7.101286457547012,0.3917160955455665,4,3.9284847111762025,68.7541123715776,4.196328033828382,61,0,10,7,49.6148629796345,4,4.208965919763058,No
35,12,Operations,4.316059111990631,1.7073446839771336,8.626541195300272,1.6676402416219012,5,4.405909797930774,54.37745160166614,1.7871329757514014,23,0,9,7,13.417184781479483,4,3.343553345089802,No
26,19,Sales,19.660912292865916,6.455245541011386,21.625334446626017,2.0565440622779394,3,3.3296789651701224,85.22697530199254,3.3014608529065548,19,0,9,4,49.68799039434553,4,4.692435238119905,Yes
38,16,Technology,0.3,0.3,6.053902564791635,0.29376329407170904,4,4.822687942720775,52.54826485876413,3.103305259218821,16,0,7,4,39.94186288933176,4,3.9092281110715326,No
36,17,Sales,0.9610220658651134,0.8428729331410034,6.347955467790867,0.45914829463428286,5,2.612760394274402,78.61239970119462,2.1971380863548045,32,0,11,6,45.62547507120342,3,3.6357134887557283,Yes
32,18,Finance,1.424050544813912,1.424050544813912,10.400807120075132,1.8836984120469529,4,4.0945572440272455,80.67146700096716,3.2771227089352317,17,0,5,2,12.765308140117444,4,3.3333912579718157,No
37,18,Finance,1.0424184391574642,1.0072538187644047,8.340866309766474,0.6961097085919735,3,3.491393959067891,49.63803592557533,3.304583371094701,16,1,7,2,18.771226323835226,4,2.7393578547764905,No
33,19,Technology,2.092355898618409,2.092355898618409,12.91088855981054,0.9215724464405374,4,3.682184144815573,58.257498353963555,2.20637956710948,20,0,8,6,39.55610950512684,0,4.026985398531011,Yes
31,15,Finance,3.952013867958728,3.952013867958728,8.373946756044662,0.9485151954513977,4,3.725415874702257,67.48743579967875,2.7160151141412507,19,1,5,3,44.70593811127289,3,2.4508070433299514,No
31,16,Finance,10.055029123623141,6.749029104346979,13.98329192187572,2.0826949019762284,3,4.879491880200882,43.598354612487995,3.898825084982302,33,0,9,5,31.677584662928297,2,4.10777530205553,No
47,16,Finance,2.0840990725352553,2.0840990725352553,10.345347750439396,1.9174185840248998,3,3.2341125902785315,55.64124346863053,4.080028067037447,22,0,7,7,31.09206583156578,2,4.28989976185354,No
21,17,Technology,5.238245712641186,5.216612351688185,13.664946862614588,1.4776575857465095,4,3.0158618441826652,69.45570365875427,3.1027501347786965,38,1,9,5,8.437282552209115,3,3.908702478841029,No
43,20,Finance,4.965643617324096,4.965643617324096,10.206400864598386,1.345068496109288,2,2.7267282236088963,74.54802970935214,2.378451252532571,14,0,9,2,27.425752969886474,2,3.6742996120366245,Yes
43,17,Technology,20.05953563628665,9.183815416543593,28.058921179042155,4.674389031114063,3,2.9036123107946716,51.01587996157719,2.9124294904020953,38,0,9,3,16.436086498641682,4,2.346121184849433,No
21,14,Technology,22.797249835966586,7.298257618000434,27.02256753082914,1.7352893001697034,2,2.9972896167674143,51.6245945905381,2.8187624030292504,18,0,9,9,56.852772081579914,4,2.5402033251377394,Yes
44,19,Finance,8.343044130330098,3.7772724500746704,10.737894670404707,1.7353781645295365,3,3.4779971397425578,58.349259674673235,4.496224338069325,35,0,8,3,19.69837135559505,3,3.526410873173918,No
44,13,Technology,9.266450911378605,5.037486275099517,11.640588978177655,1.87825469692669,4,3.798904461098033,83.12665802949878,4.028746525346687,7,0,6,3,25.097063013475413,3,3.718001646373798,No
41,17,Technology,0.3,0.3,7.837088703741051,1.2858468443345572,2,4.994730889758074,95.88215033754005,2.299172508012142,30,0,8,4,10.727074856608152,1,2.4851588967822726,Yes
23,17,Technology,1.8183210530908493,1.8183210530908493,10.722167506054323,0.9999079767578276,3,3.412486172927637,33.832324566976105,3.8184281588330102,19,0,6,3,15.294552012145036,2,3.3353084282965293,No
31,15,Technology,0.3065864982768863,0.3065864982768863,13.574468992054754,2.46943629219656,3,3.714427606701845,80.63532340646466,2.9089707457360996,29,0,9,3,21.815017526946306,3,4.880014546571294,Yes
41,15,Finance,15.446101650530645,3.185985870082525,26.8128354196483,3.746259623371758,3,2.5087978845743,68.02337349792772,4.407015101278366,27,0,10,1,20.61512492564875,2,2.5647599005276054,No
30,20,Sales,0.3985681040441599,0.3985681040441599,8.042149887680326,1.2939771130978677,3,3.567985627902348,50.41961268264143,2.7608458227510346,9,1,3,6,31.97023506279473,2,2.9308436911941533,No
40,18,Technology,0.47550304603569216,0.31968841016962396,9.246641676035042,0.6115258511824513,4,3.601729006707502,35.164315871787636,3.5207549321848775,6,0,7,7,8.084235282587635,4,1.5069078446131186,No
24,20,Sales,5.860896600703544,1.683815853128325,12.540383998715264,1.7210895898396785,3,4.307222541390083,88.86027888007173,2.5875179022179804,11,1,7,4,69.04350255410999,4,3.5425995515607105,Yes
46,17,Sales,2.5961003322184886,2.5961003322184886,11.843918992396915,2.238216342687808,3,2.505994360329988,66.52454346359345,1.7059787048976978,37,0,5,1,35.515548940874254,1,3.6699650138942514,Yes
33,12,Finance,16.856570684496013,7.047288945246538,15.55811576161086,3.00273401453487,3,5,60.370581938299495,4.977480604978024,43,0,12,3,16.101969308982586,2,3.2567885791951996,No
45,12,Sales,7.694006332849165,2.355965003274176,10.010496576016058,0.915921849918645,3,2.108732994933082,74.00040042062987,4.215424646346443,17,1,10,5,55.8806459179065,5,2.495247072029967,Yes
29,20,Finance,15.942701266116025,5.886504458814218,23.126006048759038,3.8720323475852023,2,5,67.85702657813812,2.997233206256628,28,0,11,1,80,3,4.58905930274854,Yes
27,18,Technology,2.6035801501596305,2.6035801501596305,7.817475575270884,1.0136355448511907,3,2.3259361645793404,70.74090377480947,2.093752412671147,28,0,7,3,36.821499558475026,1,3.8531738603373844,Yes
32,16,HR,0.6475050037398122,0.6475050037398122,9.813119935704496,1.3452750118181969,3,3.00636475414822,56.268092330800684,3.5734172536117472,30,0,4,6,27.847502954970206,0,3.6269404623916173,No
37,18,HR,4.020834022259496,0.3,12.606574864149183,1.2343235022376706,3,3.184667269354138,67.63571853506573,3.5864865959263077,51,1,12,6,42.39524806977399,3,3.6640037194259656,No
23,13,Marketing,20.110153492830598,9.508829157942717,28.646419282562277,3.9275041475965207,3,3.907742604035271,56.484148362334246,3.8189045214289403,22,0,8,3,45.17600310579462,2,2.5240957586076567,No
34,15,Sales,4.926202058112619,4.926202058112619,6.415369072519587,0.5994237652457923,3,3.3978819419088997,86.93434531554352,3.512885170158244,11,1,5,0,34.84649647999954,4,2.062382833830596,Yes
32,18,HR,3.2871029739465096,3.1545333169599665,11.279658235883586,0.6801791036901674,4,3.1132184774469667,41.29886226123577,4.090242755332856,41,1,9,4,4.657574675216404,3,3.2679225603276443,No
41,17,Finance,5.123791033664344,5.123791033664344,9.890634803044323,0.5214149282115326,3,2.663270803941419,66.82851932974275,4.112388917584316,29,0,9,1,62.28074688545218,4,3.6804511189252147,No
48,14,Marketing,4.503815545698976,3.1799604710691822,12.741180774666077,0.940572120744154,3,2.6846234405548843,65.34467449020094,3.5118656226008853,37,0,8,5,31.497122434570525,4,3.447139778905116,No
28,18,Sales,4.414465275347135,3.477552777525686,12.794824471116243,2.269871520341502,4,1.8041121257358375,66.92715856827745,3.8014234614322375,27,0,7,8,23.001919898323095,4,3.489336599505353,Yes
28,17,Technology,6.283543931141796,2.7342855847341467,10.15562685365121,0.5966022599202898,3,3.6137438174606213,45.06701090043853,2.2039880653219788,28,0,9,5,6.509851281748162,3,3.6143295387682435,No
27,14,Finance,0.49599797928370215,0.49599797928370215,6.7875783692821585,0.9328985532786648,2,3.6074960235368296,41.90889668747965,4.990898498873726,18,0,7,2,18.989310569184987,2,2.600225068027746,No
37,16,Operations,0.9723498390855139,0.9723498390855139,6.8892214885576895,0.6305338369435292,3,3.690382623313554,82.5528745218538,2.2200581163951334,26,0,4,6,34.190115577767045,2,3.7060305066386157,Yes
26,14,Marketing,0.3955831671518242,0.3955831671518242,18.40613857078913,3.2534052954781623,5,4.287238377149204,71.85331635970748,2.497868598804589,51,0,10,7,29.874038363791232,2,3.3903899262534147,No
47,17,Technology,11.54513221868414,7.606374450397231,9.810805014404886,1.6331695005214482,4,2.715357961298935,55.92414441320767,3.090089695177686,38,0,9,8,12.538536891401195,2,4.0123997275516246,No
29,19,HR,2.0273443937551865,2.0273443937551865,14.297907902258773,2.386305301018564,2,3.570801204118752,67.11304944778138,1,28,0,5,4,16.768557679200107,2,3.5290042642445125,Yes
37,17,Marketing,19.901207670474943,8.336931194638685,19.725758753315827,3.069513221540489,4,4.800402888541559,59.73668674904385,3.695039807247843,58,0,15,6,25.279977687370828,3,4.95799725382389,No
36,18,Marketing,6.694118188440308,6.694118188440308,10.377898902345057,0.7043669412175274,4,3.4117462373265894,55.483540944597266,3.3781087981143054,48,0,7,5,36.38451903902875,3,3.7627925576485457,No
36,20,HR,2.936001712891695,2.936001712891695,13.367670027079518,2.193283620040229,3,4.900005849617555,61.492847766307385,3.486270367225045,28,1,7,9,45.14745236877481,3,2.8834134059193905,No
31,16,Operations,5.793328452982239,5.793328452982239,12.879950747228273,1.2838522822238256,4,2.813583928492951,49.4681365114515,4.303823163171319,43,0,8,9,13.39754599423349,3,2.5679082118652503,No
39,15,Marketing,5.20718908159354,5.20718908159354,16.951282771031842,1.3312528406054962,3,1.798308536163723,54.955756474881504,3.4125614429057816,25,0,6,2,34.663552394799424,0,2.9617532481907656,No
35,15,Sales,1.015327091489591,0.9541116244636191,9.897123007926858,0.5350536341290557,5,3.985666913592487,61.88712517384739,3.5170429600909534,21,0,6,6,14.12578599567769,1,3.008735885363827,No
27,16,Finance,3.8712900079675476,1.07626705805283,13.490981704804454,2.3562908566870586,5,4.211678828899334,41.511362520380594,3.5902015220822587,25,0,7,8,17.37105122538893,0,4.315396472590885,No
31,19,Sales,12.386105528299337,2.9005099858112344,13.799359752407442,1.1083962829741791,4,4.474636582219959,42.0061206661293,2.8733491082388234,22,1,7,2,28.37078032330817,2,3.6671260218349278,No
43,15,Technology,1.4123550254814656,1.4123550254814656,8.69258847445665,0.655083281439465,3,3.492240634778045,60.82601196383403,2.9801597478740343,30,0,6,9,34.542592316576595,0,3.404909454999236,Yes
43,17,Finance,0.7992654331388837,0.7992654331388837,7.570055815048607,1.299481816989227,3,3.689006492733179,58.79857102824933,2.8991850865192723,30,0,7,4,13.069275658977212,3,3.8071357313316163,No
28,15,Operations,19.912032463475704,7.4486097786745225,29.66069220871843,4.707131276200283,3,2.49580653518254,80.24720131466121,2.91282914340939,35,1,10,1,12.566140917162077,2,3.8301405040558656,No
35,20,Technology,5.392933342871357,2.816631097489903,10.077620048636936,0.8558414517237267,1,1.6876256106736194,49.39729965389382,3.4834029828251265,34,0,10,3,15.927097765963413,2,4.824241231642754,No
36,17,Marketing,15.967538741398588,6.869115886827155,24.290063268845245,2.4853207205510186,3,4.215708383950246,80.73885474429473,3.1797082854014707,28,0,12,5,16.232934371365086,1,3.6080887900016827,No
47,15,Sales,3.4295767191842965,3.4295767191842965,11.435519484618501,1.4457236051796494,4,2.7799832061572762,66.27764161984506,2.488718950254892,28,1,6,5,54.579625342489116,5,3.3660260836208,Yes
50,17,Operations,2.4225586219187365,2.16562608412371,8.921249527427506,1.6948929722911477,2,4.577843500407694,79.87091501392824,3.985511517632541,25,0,6,3,66.05494595954694,0,3.6477003229895586,No
23,15,Sales,2.7856347900175145,2.75748703196732,9.159835286453468,0.4498232010390739,4,3.998907333275506,83.70888928785675,3.5126716664799136,47,0,9,3,17.081653733970352,0,4.767699483697104,No
40,12,Operations,15.10262512920251,6.252793133531476,23.439945094860253,2.7559462004604107,2,3.084351686104599,54.38824403676365,3.3901274427328056,40,0,11,8,6.52315883874794,3,3.7700450227635445,No
44,16,Technology,0.3,0.3,9.865736940360932,1.1705590967880717,4,2.809280303500167,55.19752345880481,3.09964797731751,33,1,8,7,19.030174711640285,0,3.7705947272589775,No
31,16,Technology,3.3030609995322475,0.33196857663029894,11.762113980904282,2.2615354979049913,5,3.390206332634149,54.091352032762074,3.7932468359612215,28,1,9,4,40.46044024804732,0,3.0072925614858077,No
21,17,Sales,8.998123888241187,4.374538635926413,8.406688411839404,0.6650472969677652,2,4.425540780493104,88.36864652075778,4.521122367224919,48,0,8,4,43.45862567306136,3,3.085211616075702,Yes
36,13,Marketing,11.084970145848084,8.151072023873645,17.089993381389544,1.512081660958448,4,2.5846419532208023,52.185762651997926,2.800527812132065,81,1,12,3,20.350499322248254,4,2.9763429182193724,No
31,12,Operations,5.790370167549036,4.311028371138647,17.045592304478227,1.4733215404679836,3,4.999048786543968,36.38926294586393,2.4059181114831514,26,1,6,3,50.50223336785552,2,1.9728297396697176,No
28,13,Technology,10.021018529054299,5.205626716963016,16.354698303775233,2.09044092439447,4,2.4804093010122754,48.54334365232845,3.012749718583523,48,1,7,5,26.905258806284976,4,4.2094631105063165,No
28,15,HR,11.603620464871813,8.044867823995737,15.315335259308235,2.2149750530473584,4,2.486688210593274,61.877923855143024,2.5126306065336887,9,0,9,6,24.047301936794383,2,4.639615681108465,No
36,12,Sales,0.30830602898331944,0.30830602898331944,8.146279709070935,0.9264027895679341,4,3.7280649308549494,63.75572716948405,3.609713738706398,23,1,7,4,10.259710002048632,4,3.1071724135969316,No
39,16,Sales,7.200815372829655,4.345840726818227,10.27309434951764,1.1734322215744275,4,5,43.81933679099317,1.8008690942406835,30,0,9,9,18.069337926522298,3,4.118899120187769,No
27,14,Operations,5.495214443863199,4.511146510793785,9.225949470708098,0.9280634858370598,3,3.7984179695934785,55.5527403140734,2.3072500593376972,24,0,9,4,17.668091773300723,2,2.2606994569275503,No
30,20,Technology,0.41026877862470834,0.41026877862470834,7.687102706995987,0.9599820480599449,4,2.9755930524089216,75.8317954012612,2.797003961601365,28,0,6,1,23.143341372284812,0,1.315642800443209,No
46,16,Operations,4.14759391487648,3.6631831429726627,9.773349139783438,0.6353244115434575,2,1.1750623817064576,67.8699819835583,3.373442607874483,29,0,9,3,23.646686352389786,0,3.04656826970234,Yes
43,17,Operations,4.4339290704144245,4.4339290704144245,12.163501620432903,1.15917289563077,3,2.3953609355644843,23.120039411190383,3.2887751349117993,34,0,8,5,21.886288932220754,0,3.8649360332831058,No
34,16,HR,8.630736222647398,3.1093154169507047,12.506372705171563,2.3761930485824583,3,3.0985551303425956,68.92579351156563,2.59589011678241,29,1,8,4,21.561281257215303,2,2.8091254105986168,No
42,16,Marketing,5.714739214519756,4.479421214574031,10.400855536527343,1.9643713455178415,3,4.993297142368427,52.008453865073626,3.4058337812751267,59,1,11,4,33.87457386578984,3,3.4338336038850827,No
29,13,HR,0.9502661718224048,0.9502661718224048,7.435954374500671,0.6232556949743202,5,3.8136419915511337,66.0522048953109,3.078205630841279,29,0,8,3,15.785585767796437,1,2.3724427028108317,No
41,17,Finance,7.264054229448673,7.264054229448673,16.58609113517,2.4072905059778655,4,3.990544900518342,78.81333483663164,2.6050788833061813,61,0,9,3,43.719227138280466,2,3.4998411185974296,No
51,16,Operations,3.434962076273812,3.155032425974504,6.267475413000175,1.079146601744707,4,4.187607774927729,48.69102437483219,2.975294321006869,82,1,14,4,9.520469411975414,4,3.930909202787518,No
39,17,Technology,0.8173580768505689,0.8173580768505689,11.606361956936176,1.1977698590995993,3,3.6891867576348805,44.74416533787103,1.450050167417489,22,0,7,3,14.325419612888293,2,3.1148999647286844,No
26,17,Sales,5.650622888818381,5.650622888818381,14.351928101255702,2.538092948073286,3,3.481672733640425,36.557923306682454,3.608442962716287,38,0,7,6,25.813262355283975,2,3.0239612501422877,No
39,16,HR,1.7682569502238916,1.7682569502238916,7.721509682671664,1.5533139629596484,3,3.9957361146282664,77.9904314619788,1.3123078876861385,32,0,6,9,26.77241273635265,2,4.0122801177657585,Yes
50,15,Technology,5.665686375805877,0.32896780544063864,9.098014904645387,1.7210502676492319,3,3.4296956201993116,53.733481405108435,3.8904421531891433,28,0,7,4,54.90786301822479,3,4.231831571450451,No
34,18,Finance,3.8484750165815225,3.8484750165815225,14.069100548272857,1.2922153642692027,4,3.4269080245663233,40.795933324650754,2.990684392517491,41,1,8,3,48.55198048635294,2,3.4647761361408835,No
29,15,Technology,4.228912041291332,4.228912041291332,10.057200104863695,0.6802326807966177,3,1.9823594439030403,67.32291183694662,3.1109885985675785,26,1,6,6,21.850046992863646,1,3.2596114084746586,Yes
49,16,Technology,1.369937699206273,0.33728804857990174,5.915556621870548,0.9814553440948789,5,4.395144235543164,44.21874478644858,3.769673648464151,35,0,6,1,6.6103506592927825,2,3.6734894811535437,No
57,16,Operations,5.103601283245133,5.103601283245133,8.841525157834345,1.324079097025681,5,3.6914705037347297,63.815705601986416,3.4921550902721052,32,1,8,4,40.699842368000645,4,2.437090908533325,No
46,19,Technology,4.160754438572022,0.3,12.068620440132241,2.4225324954503122,2,3.9913762545870592,44.81251147848861,4.99162262398011,44,0,11,3,7.248259537497785,2,2.648721824637368,No
38,15,Finance,2.974600476030341,2.974600476030341,11.684135373341316,0.9209858867274636,4,1.8805543361059043,56.34542163517581,2.5188005453582085,5,1,5,2,16.515687351842647,0,4.2118539042904,No
41,13,Finance,4.58520071892083,4.58520071892083,8.680983748834223,1.2302030207499373,3,1.671524483441496,67.5317178716983,3.385090787942473,24,1,7,4,24.520629266247084,4,2.320980267525473,No
31,15,Marketing,5.004727090039435,4.594960844318018,14.32399989102933,1.7852037432337644,1,4.2948715461978475,44.77163305317537,4.732691388436724,42,1,8,5,13.836184275420763,1,4.385046447374281,No
35,16,Operations,8.93361622243788,5.7816528471712045,8.527565912439796,1.569152231525945,3,3.102971947641664,73.56094482152467,4.004582799564376,23,1,7,7,38.47264501274449,2,3.769351303644827,No
21,13,HR,9.708553082854344,2.7723654937493656,17.073775983697285,2.7917926144017757,3,2.9990560631461207,63.978479165549025,4.707289708369727,5,0,6,3,29.824106107661184,3,3.0475907703446907,No
32,15,Sales,4.066544983864767,0.3,10.667454904981934,1.0745999108412905,2,2.6846708412736375,45.96864041254633,3.5982789577714036,33,0,6,3,28.520850817053226,4,2.251874692465339,No
41,16,Operations,6.418483487805271,1.9990378960218254,10.825693580840364,0.5814506853431489,3,4.33461392612664,57.454955538700965,3.6768665887681014,37,1,10,2,42.88053949860963,3,2.286069452476889,No
47,16,Operations,8.703240804121004,6.479446939852386,14.295438631609228,2.314460816569278,4,3.509413482406296,52.51971581121949,3.39017854228396,61,1,11,5,21.09613391818572,4,2.788600702724328,No
36,14,Technology,9.002063551837486,7.125825173679332,9.870321966214895,1.114437944538252,3,3.5003238379077595,56.928676146359685,2.8875183085172775,58,0,10,6,21.84053542500664,1,4.050347177562393,No
33,16,Marketing,12.622526356208636,6.87247949094776,24.107765132896485,3.981793506696495,4,3.7205659833254985,88.3992230325512,3.393818676066358,28,0,9,5,36.747534345572454,2,3.0370203282699126,No
38,12,Sales,0.3,0.3,8.949832584265348,1.7422266948372112,4,4.799838709362661,63.43095734188415,2.71233668793935,18,0,5,5,52.47235098462798,1,2.356295289200222,No
24,18,Operations,8.791424592926798,2.775672599475795,10.994774435258032,1.5871375528712135,3,2.6803341269800884,61.025916385448085,3.595246916537546,38,0,11,7,47.451750579172185,4,2.062934236947459,Yes
40,18,Marketing,0.3,0.3,12.645938623512418,1.7863922064704907,4,3.1177751095253017,58.04479909693628,2.5869387759261335,18,0,4,5,62.25521350373485,2,3.560290907604531,Yes
29,16,Sales,7.413048674911116,4.553761605765149,9.448655264961006,0.4662006908072021,4,3.302552500949686,49.8174678965338,3.404713019472508,70,0,11,5,48.11601050324575,5,3.9380413463985953,No
40,19,Sales,5.443173253068483,2.8193328593178792,9.946499580412144,1.6299403196590114,3,2.9859595373538967,58.17157145638479,3.4245921291147137,33,1,11,4,16.814428313334076,2,4.49454126966682,No
35,17,Sales,8.053388589896063,6.27690595322281,11.71968102507868,1.9089872669174877,3,3.394516182832916,29.795141236394446,3.5829086750927748,13,1,7,7,23.24566891821933,5,3.3292569360992217,No
44,17,Technology,8.729189464359765,2.5729089469072335,15.756885763983417,0.9973241253114927,4,4.6967876746196655,65.1928995689259,4.676157616730795,22,1,7,5,31.22877948923093,4,3.175340633932931,No
39,12,Sales,1.4806723143413645,1.4806723143413645,14.09439761992458,2.7388032681494896,4,3.2065666543614895,74.85782869997843,3.0778833062705417,41,0,10,5,26.360474640141707,3,3.2206105204510482,Yes
40,18,HR,7.638165060821055,4.764884992577159,14.564507381121569,1.1088736605213807,5,4.1320027828028945,65.28264343035312,4.223483724297485,45,0,10,5,29.829335118685194,0,4.8970933664727445,No
31,15,Technology,3.5873311881909746,3.1984021393455278,9.191862074210263,1.4641537483132805,4,3.0120816880491756,64.60905013850999,5,43,1,7,2,23.710736601528797,2,3.5187546739711726,No
21,19,Technology,5.344420094383209,0.3594792133360981,6.7519190227845405,1.0081371703092332,5,3.5130716451320185,49.23562658583366,2.09918123063477,78,0,12,3,22.211310777421332,2,3.587287760264712,No
31,15,HR,4.194651483155222,4.194651483155222,7.924891937496841,1.0718838547706437,3,2.4957357521598014,58.05228277267682,2.8192476524100827,48,0,8,4,32.786001940545304,4,2.187156764426191,No
31,19,Marketing,3.170712346669128,3.170712346669128,10.998016936125282,0.5804473636401213,4,3.612062089884926,31.306931221438965,4.694873458458148,50,1,10,8,34.039350743585906,4,2.2816992850591276,No
21,18,HR,1.608445364042903,1.608445364042903,6.846106070600609,1.200171694670271,5,5,65.68705427582644,3.1837207261620617,30,0,6,3,7.484531255112902,3,3.6836556688516864,No
36,15,Technology,8.616617524281912,4.946903195462799,9.032558241413293,1.569879553266508,4,3.7888112888301886,47.94473019444219,1.588676059482775,19,1,6,7,25.040959861842293,5,3.764317926190316,No
21,18,Marketing,0.7729059322236015,0.7729059322236015,6.958629864053125,0.6869754447121138,2,2.888663064354226,60.96807787895326,3.3820297677957796,11,0,6,2,4.562447895435052,4,2.7632054596776117,Yes
29,15,Finance,2.919331831079363,2.919331831079363,9.538237746579545,0.5231055667525321,4,4.9138623368698395,40.83278711651767,3.903868970791799,38,0,10,4,34.76522720862193,4,2.8494508925334805,No
42,17,Sales,5.480928258538171,4.561624551003918,9.496261880157752,0.8097312510985082,1,4.407400411765338,49.18012814306062,3.2099929669491423,27,0,9,5,25.263040795607214,0,3.6302688701794295,No
32,18,Operations,12.369242873483303,2.354063027002824,23.201914266832343,1.3929858348592081,3,3.6318758250922913,45.81370007614324,2.6825924759577084,52,0,9,2,27.090314000962707,3,2.571533315427007,No
33,12,Sales,3.5435715389120115,3.5435715389120115,7.195143008419491,1.3112400562261617,3,4.511714365523056,54.320929548368326,4.284836874971448,48,1,8,2,12.416210550106328,3,2.125540647445735,No
47,12,Operations,3.859517092642196,3.859517092642196,11.809613269829757,0.9657466589178484,4,3.712689755124599,74.77553749870559,3.61728018214749,42,0,8,3,37.4479331220979,0,4.590281557424439,No
41,17,Marketing,5.342399735986731,0.5752959596117488,8.643791337924986,0.49225883456867014,3,3.603843230242465,79.66743116598813,1.8623251874779556,15,0,5,5,11.283985743666973,4,4.291964431564436,Yes
44,19,HR,0.3314070822185491,0.3314070822185491,6.0332657145242585,0.9367481641398064,4,3.575635362378073,70.47350608452534,4.8032342332538125,22,0,8,4,72.20282247913782,2,4.074704395343291,No
37,16,Marketing,2.961765628246011,2.76649513806631,12.849559880413764,1.4282717912008696,4,4.310677036669338,72.66105907652137,2.207193204684953,27,0,6,0,30.00900016257463,2,2.650685100429446,Yes
37,12,Operations,14.63146492118891,6.941719218097074,19.6873891726562,2.1418518164144027,3,2.808290271785639,85.58206046821006,3.50333715496026,42,1,11,5,23.875956952842884,3,2.870246653073779,No
49,17,Sales,2.927806432536555,2.927806432536555,13.60564814643839,1.847873593744026,3,3.818643465966978,59.406641832642315,3.1288746216097962,28,1,6,3,39.703090219129564,2,3.3111815714410358,No
47,16,Technology,7.238875864072689,5.689985802468923,16.059677323492686,1.957331277398988,2,4.102888028993084,68.30618225528968,3.487393416529747,13,0,6,10,38.85187836869149,5,3.071810117927555,Yes
30,19,Sales,0.3,0.3,8.765235700176234,1.6416131857871263,4,3.8109851590578496,65.66970827586682,3.195151879420306,23,0,6,2,29.918999588373477,1,5,No
27,16,HR,0.3790366839811338,0.3790366839811338,8.090799458829531,1.616556393026135,3,3.7888845502304638,65.82570352482439,3.103855140693129,36,0,6,3,17.53870314107308,4,4.8392774718146025,No
41,16,Technology,10.618192242709927,2.5221862365558088,15.042574750237085,0.7642434870615785,3,4.979216813740541,46.574993658041336,2.3012490123100187,37,0,9,2,11.917985214795648,1,1.5675807628886411,No
37,16,Operations,0.3139563551602956,0.3139563551602956,5.345748041318259,0.46436564190905716,4,3.895526845687927,71.30385937390568,4.210088094380619,32,0,7,4,31.020653165297954,5,3.1907400703195004,No
35,16,HR,6.921857089480004,5.055068287731066,15.628659599709607,0.8887335691740028,3,3.815580274172723,62.93964647492,2.081163538955769,32,0,12,5,41.30923453464692,4,2.3199792723453467,No
47,17,Operations,5.550072469935437,1.421574027977997,9.093078004165024,1.6811686302706632,5,2.8192117447978853,33.11278384208861,2.637282879137623,53,0,9,6,5.979456854725507,2,2.903128670820334,No
51,20,Finance,15.995663821219162,4.467777874032925,22.90139109943522,4.451285944199178,3,3.279021721417953,36.29564211916336,2.794931415171195,14,0,6,3,62.89770563602743,4,4.454972554576594,No
34,20,Operations,3.378389823865083,0.3,9.145477395396286,1.5616008514321518,2,2.894182482639323,22.221822934029635,2.2963619104348783,32,0,6,4,45.054439932423044,3,3.349191840407276,No
32,16,Technology,1.6341816037014991,1.6341816037014991,6.480546746996428,0.8634791362777647,4,4.2066862520824815,47.821447473944914,5,66,0,11,5,31.9365499191008,2,3.7303016984532684,No
22,17,Operations,9.001135990498863,3.8563452936045244,17.503139988165707,1.6828910050280104,3,3.106772723599591,53.04683275441592,2.319707971171422,52,1,13,4,22.585181335594193,4,3.771379432311622,No
38,14,Finance,3.317341449163779,2.6452762925434365,6.7824959786989325,1.305327417953429,2,2.733197492173428,59.985497386644965,3.4921415247858727,52,0,11,6,14.640018475025222,3,3.307253435830929,No
43,19,Finance,12.881347005692053,3.2535888826743933,24.32996815774801,3.752490156723925,2,1.9977780107359424,52.96573732916619,2.4873539649534075,61,0,14,4,30.38568035145799,2,3.528226641275611,No
32,16,Operations,3.863859676135481,3.863859676135481,8.27073134496196,0.5065282909081902,4,3.267457853952492,27.548469334529127,2.984931013052679,27,1,5,5,30.03661112799619,0,5,No
26,18,Finance,7.692507113715236,2.9438238451183985,13.019436170205648,1.4289329362471184,2,4.382076853225031,52.71943261139289,4.2240367538328485,27,0,4,1,13.300751892133587,3,2.4265736604978283,No
44,16,HR,4.59762284220922,1.277054338661445,7.6170765927245485,0.8084500195698249,4,3.9024249802102426,48.84709081202885,2.18818298343729,52,0,9,5,35.517543474537526,2,3.3250969471271903,No
21,16,Technology,4.161565059999912,2.961830532307976,10.079624427969566,1.0331950292724537,3,4.181026925586442,61.901498773776474,4.014849621302475,10,0,4,5,56.01558407057708,4,3.768660924506184,Yes
30,15,Finance,15.263697965856746,9.002554361614546,24.824825529473895,3.5072030390716296,2,3.0928390568849222,48.495161683925986,2.5056801716194217,20,1,10,6,30.89358715954603,5,4.184384953818262,No
34,16,Operations,2.4203338555745204,2.4203338555745204,10.491786447540234,1.2278915091365665,4,4.938803666440263,78.28670049561347,1.9697029125049599,12,0,3,2,36.61485664568241,4,4.188050199003796,No
35,16,Sales,0.3,0.3,6.13866664266331,0.7688737838357653,2,3.447633340988829,49.4876665662351,1.294695483281194,9,0,6,6,20.179460412052624,5,3.8645097372270305,Yes
25,17,Sales,5.1233039989471205,2.141628572243256,6.999098594345555,1.0815117492950261,2,3.296302777879048,47.47288099298932,3.2110729810424052,24,0,8,4,33.33665467855421,5,3.249399165466891,No
26,18,Operations,16.797886752426994,8.741339444357417,16.67726348453033,1.0411823958916373,5,2.369323880789402,62.71577369417195,1.9755278818706263,34,0,11,3,36.60288617505414,3,4.311837489329848,No
27,19,Technology,0.5694642141083726,0.5694642141083726,11.353872293234083,1.3213850025472145,3,2.9749028883231823,82.66050352308896,2.4970878188152557,52,0,12,2,27.995958872264076,5,2.9657724848771956,Yes
34,13,Operations,1.1155388273419666,1.1155388273419666,4.699082948402003,0.42609628300564445,3,3.4070943731712635,97.46878041971625,3.488879366792041,33,1,5,3,10.226468203485089,3,4.045118418251576,Yes
42,15,Technology,7.494463249086959,3.948135531175254,15.96263893382191,2.1323632285697833,3,5,68.37228142066878,1.9034656326707677,26,0,8,2,61.44391303652863,2,1.9695749129516036,Yes
30,18,Sales,3.7567873793813726,3.7567873793813726,10.635352904591812,1.3142131437200413,4,3.0040376304037197,59.808523527822615,2.9987421644797463,26,0,4,11,27.504026461819446,5,3.146996597382829,No
38,15,Technology,11.751136837603624,7.771539973557265,14.278752293054504,2.0836302926673436,3,3.515412787000911,89.40231447705087,4.184192339612219,20,1,7,2,32.887588719073165,1,3.668788240257205,No
37,16,Operations,0.9105072180985312,0.3,7.086893159248923,0.789582628971461,2,2.606170494077495,52.34368568609532,2.799861965670199,47,1,6,4,40.379505606702104,5,2.3403793256263614,Yes
31,18,Marketing,0.35134452624122203,0.35134452624122203,9.863021320459806,1.6700672423376626,3,4.989871979824816,52.236163910227546,3.503595448137341,84,0,15,4,23.286587186268623,3,3.550168992953878,No
41,16,Technology,8.403558711406873,3.5038656483871087,17.919447760847923,2.1720352404487895,3,3.192643362138687,38.703908758510174,3.084324745929784,27,1,7,8,32.67963180994571,1,3.4555452359020724,No
26,19,Technology,1.3534927205400293,1.3534927205400293,7.786251539907124,1.0043341017274625,3,4.185880144412053,73.27413914557312,3.985533155089047,35,1,8,6,51.44602406162616,5,3.7123874232577365,No
39,19,Technology,0.7200597096213807,0.7200597096213807,10.611711324084848,1.3430191315792204,4,2.578183381191407,42.4080842955171,4.091309346108962,44,0,8,8,51.81742238005075,5,3.3799956460075844,No
40,14,Technology,25,10.378705881135534,37.89615752035109,6.2565487913449855,4,3.879051161551067,76.45025991499536,1.3004368873510845,26,1,10,7,49.570135419886874,5,3.951267192177045,No
47,16,Sales,10.408253259249301,4.523924098615071,16.051447284543222,3.0906439364146032,3,3.098085457163018,98.45164749078415,4.191119835053561,24,0,8,5,48.38770281599423,5,2.535272838928604,Yes
38,18,Operations,2.173598913255863,2.173598913255863,11.352418761674837,1.3877218185221079,4,2.899841269388935,72.09552338080354,1,34,0,9,6,7.592966196940276,3,2.7896334645885457,No
37,18,Technology,2.199395010583547,1.3330348861453596,8.883349572547022,1.1110847386191276,5,2.9759596723910615,87.19683852861272,2.0964898517550186,57,0,11,4,42.45121347229331,4,2.0434899391371566,Yes
36,15,Technology,5.289064913701709,5.289064913701709,11.200284139982736,2.2161597330772485,3,4.0969072620804035,60.937411940606914,2.7891811209008717,12,0,6,3,37.67832087617225,5,3.110675436498763,Yes
28,15,Sales,5.3036329579372445,1.4665968356015238,10.096610207525085,1.927165782820891,3,3.4851551799459233,44.834024961433535,3.178184065744192,22,0,6,3,52.67047665220376,4,3.2375882155769395,No
36,14,Technology,10.55933991144607,2.533942220389419,15.800711385316967,2.27877889415076,3,1.103091745445433,29.95383960285696,3.7921172519959683,66,0,11,7,31.878035054527395,4,3.9905508021097895,No
45,18,Technology,21.632923280277616,10.666516394162173,21.62597936212107,3.5063341541727913,3,2.9819942028619675,39.38218659054925,4.210184576985674,21,0,8,10,26.851433023159807,4,2.4607722679982214,No
49,18,Finance,11.509483216953708,3.017009688363483,11.922562658598176,2.310546912383572,4,2.699365176106215,60.785032443073995,2.8864051532585724,48,0,9,8,35.69516449164142,5,3.980170005348612,No
26,17,Technology,7.812374724173346,7.266811477026471,13.222185772774512,1.3175281611567422,4,2.378895109361995,67.65624527834086,4.189717337421579,24,0,9,8,41.88823250136786,2,3.9490125525705753,No
29,19,Operations,9.554101693850221,6.752392092823176,15.775220566471251,1.6090741961945447,4,3.727794756348696,61.069385539337965,2.7517384701992156,58,0,15,3,29.258687666349118,3,3.3385035390962416,No
35,14,HR,0.3,0.3,14.195232414928354,1.590535481947827,3,3.5944971881838135,77.11229466639823,3.60130425471681,39,1,6,1,33.089835122413895,1,5,No
21,19,Finance,7.383171286343758,6.832949065619638,14.554758520579039,2.140622096865212,3,3.117510441329013,63.25405494412046,2.6180930337435417,27,0,6,5,30.001935504499752,0,3.817061909082619,No
25,14,Finance,2.174491857506738,2.174491857506738,5.034847071002489,0.4719354573584671,3,4.563198458206213,62.706670284628444,1.61599634404702,32,1,8,2,32.449822199286494,2,4.140374643902988,No
37,18,Marketing,6.36144096904128,4.129109056139236,20.405729998248184,1.7001083272506163,4,3.4871854891327225,68.30888735999447,2.818376864861418,14,0,6,5,19.82060434858572,2,3.353623680596095,No
32,18,HR,0.3,0.3,10.626727425918308,1.5515521812868174,2,3.8561395578828828,90.61622051787703,2.001734974649816,47,0,7,2,63.43330727579496,2,3.280129466760113,Yes
43,15,Marketing,1.7048838704205997,1.7048838704205997,7.585552264421226,1.0102929325794656,2,3.8682818174189952,48.50933537687828,1.6893396190077865,13,0,6,2,33.755565146018476,2,4.265493409057466,Yes
37,16,HR,14.743466610060135,6.292954013235921,17.135639286292022,1.5409936655498755,3,2.702753581504901,61.512410047126295,3.213203743874259,10,1,6,2,14.712412314822561,5,3.7309643000446933,No
25,15,Operations,15.755667090274065,7.861720475386101,24.523945830249758,1.8014413256660977,3,4.230881808746395,81.03340815434983,2.4170348584913115,21,0,7,2,37.15341587429739,5,3.44615001832164,No
36,18,Finance,2.114525973993287,2.114525973993287,7.121543868042252,1.0887944373847067,4,3.3998973516168145,64.8146886297185,3.9098204818705464,20,0,6,5,40.27493689686021,1,3.408817774569482,No
28,15,Marketing,1.4235319925684213,1.4235319925684213,8.59985536202544,1.5286025393758442,3,3.70954845570681,48.74430524882982,3.704906378361445,29,1,7,2,31.4696816657533,5,3.4784186201937635,No
33,14,Finance,5.546628566134169,2.2152917334184528,11.968533558762916,1.8844750320945152,4,2.2023429069164964,57.71436148713118,4.0232884780905405,27,0,7,1,13.732374205522985,2,4.080754886391803,No
36,14,Operations,1.4006289481624903,0.3,8.138523374546649,0.8133435792216049,2,2.8973003695119113,77.28139346565177,3.5720835364321357,46,1,6,4,17.488948180447935,1,2.505387948760722,No
32,16,Sales,13.931663798083576,5.794082442639143,12.870825887123768,2.260377832271596,3,3.6992109272095077,48.46491417376575,4.075644177086999,38,0,11,6,13.118473691502277,5,4.214728675226583,No
21,15,Technology,2.309829223729498,0.8807618394155146,8.895342038483102,0.9240950754693137,5,3.4004180773135544,37.830798423979665,2.6134361185367347,26,0,4,4,26.450811990909315,4,3.5528003974887312,No
27,17,Technology,8.770873446765322,6.91357049183933,17.141734597987842,3.0591190009368043,4,3.3327699102625625,53.3129191700285,2.4051846497261455,50,1,10,5,37.58442080485019,3,3.066614300267107,No
21,16,Finance,3.223423617244006,3.223423617244006,11.471308581637526,0.6245508610996223,3,3.587704489016308,60.5036594851378,3.4969651527669745,57,0,12,4,47.91320308365628,0,2.649489340983097,No
36,18,Marketing,1.2771783574802347,1.2771783574802347,10.8567479934625,0.8798709737090132,4,4.917363271604987,54.3257584023328,4.717481368029484,41,0,8,4,30.601479515057964,3,3.096698423167217,No
32,13,HR,3.029965902321987,3.029965902321987,14.66505972949309,1.4873654944408634,3,3.200519760475968,78.00571308551218,2.2785653848246374,35,1,6,8,44.4549185865452,5,2.9984509844692013,Yes
27,17,Marketing,10.837939475778583,7.408894025519189,13.829938041136858,0.7490554758693669,2,4.083491275233493,78.41878685380398,2.496306192969386,16,0,10,5,47.466486751093235,1,2.2366418322595907,Yes
36,14,Sales,0.35854703862869086,0.35854703862869086,8.857638522327523,1.2358694848583602,3,2.5013029245900165,61.76899537533432,2.920471745969721,7,0,5,5,15.966313277998747,1,1.8032011164461434,Yes
32,13,Sales,5.957767308179002,2.9475409475863077,10.642843854631286,1.2690542316306554,3,4.806670120570267,65.73628609821212,4.57345002186316,29,0,8,4,37.6175449666706,5,2.982090102736398,No
45,18,Sales,3.9435415137156697,2.213561613167406,9.138826107191102,0.9130526392887889,5,3.7172791801304244,40.923025947865824,3.527987361550526,38,0,9,4,37.992256797634234,2,4.710905414040539,No
27,18,Operations,15.485185017255857,10.927708358879402,21.945273919240456,2.5908949533841237,5,2.8022656501155208,65.11228229562607,2.5160633884363337,10,0,8,6,79.91567772357203,2,2.4419348484980596,No
26,18,Sales,4.026104724613738,4.026104724613738,7.596857621771514,0.6716496067260339,3,3.4859773077754963,65.97842151232078,4.79541737333242,32,0,7,7,51.51928733191621,1,4.992371947467362,Yes
36,15,Operations,12.157609970018534,6.122772608127441,15.227298541210768,0.9891014497403595,4,2.8202845128315293,70.23317400645617,3.11423377983452,41,0,11,3,23.357033688431564,4,3.2437976434069187,No
39,16,Technology,4.989472822356977,4.801520055644788,9.159811097678686,0.6830921211342055,2,3.129056333527226,79.5425012122589,4.088917580972453,15,0,7,6,44.378797228471974,3,3.1109966745558073,Yes
30,16,Finance,0.6472763931703021,0.6472763931703021,6.646864673823484,0.43047976843977803,4,4.188700759299353,90.51091304466617,2.7785838644968384,37,0,8,3,6.652615804527899,1,1.9746716142820544,No
27,15,Operations,1.9319111117711143,1.9319111117711143,8.06606687154656,0.4727182287389813,4,3.713585345049868,59.27771112020505,2.4643860410097504,27,1,6,1,25.27638998720459,5,4.688685881600291,No
31,16,Sales,0.883842213041166,0.539434961280635,10.511473057545178,1.4806464989256636,3,3.7816479368970017,53.97683328279945,2.510737514616352,20,0,8,1,79.98904140524282,4,3.335906002220767,Yes
37,18,Technology,5.878028474619047,5.878028474619047,17.708542806752426,1.3158387410654777,3,1.6998151518943736,96.60277920287345,3.2410392904150402,51,0,9,4,24.429148660220033,3,3.860962175587003,Yes
36,15,Sales,4.17714146296968,4.17714146296968,10.823637948665768,1.9058304992398287,3,3.885408795737659,58.75583058726722,3.669105035837966,69,0,11,3,38.30007362626019,3,4.122942684447043,No
37,12,Finance,2.918699017601997,2.918699017601997,8.610736406509794,1.5667518019701323,2,3.7999816900448384,34.19092764708474,2.987097837312754,19,1,7,1,15.15028588879032,3,4.376470242848758,No
33,16,Marketing,3.493396263139115,3.493396263139115,10.581510924257229,0.6759897241280292,5,4.896501153378357,70.1925494191037,2.9038569539900747,46,0,10,4,40.246278343563986,0,2.3859415080953577,No
34,15,HR,9.489213303654456,2.9944812840720885,12.520547450500644,2.4633757649309307,3,2.69765617630181,85.10339965009143,2.1912421804067046,36,0,12,1,80,3,2.1514745958702917,Yes
31,18,Technology,14.719470226970213,5.372493510663136,19.915757556342186,3.5491523446466378,3,3.586535514163163,58.617431499767925,3.698811616525241,46,0,11,4,11.190693970566217,5,4.147690661201437,No
32,19,HR,1.9920104267458383,1.9920104267458383,6.96162702055604,0.38449855541773886,4,3.6266761623321937,78.3601035801465,2.640871714475742,38,0,9,6,15.372410596742066,0,3.775973223514087,Yes
27,18,Sales,6.227029101794665,2.3239476340896816,11.294136242814533,1.496399127139975,2,2.5179573682424956,47.320714001166685,3.1052300918397746,41,0,6,1,20.21300790490614,0,2.220902377298536,No
43,16,Technology,7.492666964085615,0.3,10.634297720999966,1.9435858335297942,3,4.121349013716997,75.17626596969419,3.4153053225978467,53,1,11,5,14.530588604223041,1,2.3709459172253347,No
28,16,Technology,0.6366138077531271,0.3,5.539447601083841,0.45467065866026013,4,3.2890172585282245,65.36906999469795,2.52515041396031,21,0,8,4,18.563051989028505,1,3.9070401240377786,No
29,16,Sales,3.5900513984965046,2.2679908781682605,9.251145261570839,1.7916209643660788,3,3.811031683322416,59.9746737588594,2.694245108132277,16,0,3,5,17.484636817503503,5,2.674628408950594,Yes
28,19,Operations,7.07248079623089,3.332463261387436,11.682060785849874,0.7689678636447772,4,2.785358462688533,56.938346937856124,3.3018413157191375,15,0,5,1,22.409308607516927,1,2.951679693294544,No
24,17,Marketing,13.285724257676028,3.7916009388616985,18.576811606925315,2.2484241092132233,3,4.113338896921812,50.44387567661785,3.51883570386971,23,0,8,7,28.065906711186635,3,3.096307774583956,No
23,17,Marketing,0.34213079714305156,0.34213079714305156,5.685378197998818,0.9478580119304554,3,3.089138352588246,29.705659041719432,3.479421799134326,26,0,6,3,19.98568906938923,3,2.5849084157850473,No
34,14,Sales,0.611157983480805,0.611157983480805,8.127655835509865,1.6011378481092229,2,3.169418442618836,43.2650982505812,3.9166855820017155,46,1,7,5,29.44979737084455,4,3.3371063238792167,No
33,18,Marketing,5.771262502623807,5.771262502623807,12.927870071194668,1.7044249963558271,3,2.3824349824039843,74.42366131700122,3.2981795917062047,26,0,8,2,40.83854399535456,5,2.8339121111360717,Yes
32,18,Finance,2.780901088180086,2.780901088180086,10.450010141819835,1.3968740152340267,2,2.5986080817741994,51.777433580865285,2.615706876452155,6,0,6,7,28.14246624341397,0,3.055148282874629,No
24,18,Sales,9.407624367836513,6.4091559273759735,14.134938938644492,2.139941089603231,5,4.890789231468841,31.92317531692479,3.7263785494937194,6,0,6,6,5.735425071006293,2,4.510452403293231,No
38,18,Operations,4.704239622240682,4.704239622240682,9.25031331962328,0.6749508986346616,5,5,75.52103233393251,1.323617717290042,52,1,9,6,32.21208280535289,4,2.9489700912596524,No
30,14,Operations,5.927062075985993,2.7864887851899134,10.074033653654636,0.6035594631594484,3,3.006546687840356,53.3038199264607,2.114288504270748,22,0,7,4,80,3,3.2070326177340296,Yes
48,13,Finance,2.9777824625020832,2.9777824625020832,15.322806414500997,1.6949436754207634,3,4.989502189852568,40.332959942752424,2.8909445040772033,32,1,7,5,24.922765130107432,5,5,No
40,16,Finance,0.9744995738444459,0.6111415352306613,9.301691248116551,1.3082482512985496,4,3.221340298152732,36.32810335688774,4.091122244642405,59,0,9,5,20.096410634573186,2,3.8051245256315473,No
31,13,Finance,3.669004447007939,3.669004447007939,14.55474749192925,2.1884434585243087,5,4.005232123169813,66.03622063696332,4.503128088346518,36,0,7,5,76.10905998650247,2,3.308285572223727,Yes
21,15,Finance,0.636894583429652,0.636894583429652,9.367472107925868,0.7179114001587128,3,4.884843712809313,60.99692891067843,3.456425537971119,52,0,9,5,13.379713770152275,3,3.8248924483771476,No
31,13,Finance,0.3261405278097926,0.3261405278097926,7.163896045944267,0.9453272417746891,3,3.4041303634279174,40.59573998317405,3.1325710582316106,10,1,6,2,46.42569773108931,0,4.9898777135148435,No
25,16,Technology,0.9932747976004207,0.9932747976004207,6.975300886829434,0.6427894486774158,2,3.9304926142613543,44.400319376008504,3.826867269703422,14,0,6,4,49.4135075514554,2,4.908289594764645,No
33,19,Operations,3.1113735030146366,3.1113735030146366,14.382103330926519,2.381987128511983,5,4.091971186378075,64.5790600741727,3.5813925029617693,17,1,5,4,76.75681897024477,1,2.6247616991528506,No
28,17,HR,2.9363594496229855,2.9363594496229855,12.924557926328154,1.4102542397849567,3,3.109662607063612,54.43689680903207,3.201397788563158,24,0,8,6,65.22440795781392,5,3.330989121565158,No
45,16,Operations,2.8914940427298608,2.2011336536906683,15.682598062484582,1.665590083507144,3,2.810447640717698,54.36070021686164,3.8000528110053624,45,0,10,5,27.05434264271622,4,4.44410865919721,No
36,19,Operations,4.895474750106574,3.2532501422920195,9.596024400180722,1.304528411152369,5,3.278458246995646,66.28492933397733,2.9868131927307298,32,0,9,2,50.28873227925158,1,4.94455262686013,No
32,16,Operations,5.5995959947259175,5.5995959947259175,10.304347998086282,1.5464406740246304,5,4.215604241074626,80.4300572744917,3.7775469754420037,51,1,10,7,16.025178910256432,0,3.4076806466382124,No
32,12,Operations,7.731412265082875,5.257673449587444,14.098522166705726,2.7236574410620222,4,3.7563785127252443,75.52770215832261,2.8165049873459007,59,0,10,8,72.8645165425103,2,3.222984838930327,No
21,20,Operations,4.087766111811383,4.087766111811383,11.748250034774946,0.6367668767262591,4,3.959850594132866,31.807247510137305,2.987219403186491,16,0,5,8,14.59520090125307,2,1.5693128967439887,No
47,14,Technology,1.2023992233963918,1.2023992233963918,9.788329204192914,1.9001493978206203,3,2.5306755409104347,71.53595469094584,3.303059070732068,16,0,6,8,30.391795403553267,2,2.734791892844547,Yes
34,18,Finance,12.445632591363445,6.104576531426658,20.331616411669895,2.4306168397785393,3,3.675684076000712,57.284721656402944,2.8849187547799033,21,0,8,5,7.90992146106346,2,3.4775706425259316,No
28,20,Sales,1.1890275562997668,1.1890275562997668,7.426267195388624,0.6894284529122694,5,4.396269012738168,72.81261192737931,3.696557930753331,41,0,8,13,30.793700643896322,3,4.603557754114211,No
24,14,Sales,5.603567096059347,2.7531492265167903,15.756622850054354,0.8740363927687604,3,4.756668302978354,54.66887758850927,4.895661136721215,46,1,11,9,10.530754061272,4,4.462028119835519,No
22,13,Finance,16.49824348377975,12.491902353615851,23.44480289253571,3.7311579109936774,3,4.289861096523318,67.20904292047591,3.59918300767951,50,0,13,2,10.641525291841392,3,3.395254090684188,No
42,17,Marketing,8.2863419278162,3.9681718196469173,14.286489842359954,1.0965819329831379,3,4.089150683238291,78.97334513218703,1.8920595418736734,49,1,10,4,42.84515544586725,3,2.816096100464182,No
21,13,Finance,4.308108207046475,3.0331272957778355,14.64686258067181,2.4397857576140036,5,4.119483704303871,27.979296961479104,1.7075890341010849,37,0,7,8,25.75120652586634,4,3.4809505012177926,No
38,17,Sales,0.7291475902920799,0.7291475902920799,10.183843535707904,0.8869852694174893,1,3.514904900088264,70.89154756343721,3.092121475022204,18,1,5,1,23.974980222974416,3,2.1560666260085903,Yes
32,17,Sales,1.9338772053093252,1.9338772053093252,10.361893692205276,1.5958473864654306,5,1.8227326287678267,81.49951974783463,4.092747778303711,11,0,4,1,18.091059341933583,4,1.9979697950822137,Yes
28,17,Operations,1.2142040095991198,1.2142040095991198,9.904235966695332,0.9773852192901973,3,3.720327184407997,58.5613366856752,4.494561607894667,62,0,11,6,62.45959629776329,3,3.371880496939787,No
23,18,Operations,1.2264292121129527,1.2264292121129527,8.962087416807229,1.6573277709406318,2,3.927553601595119,45.617520346249705,1.6067560666483984,27,0,5,7,19.411287465869687,3,2.92771313678702,No
37,16,Marketing,1.1836266378819933,0.9529626465787396,8.349847050761364,0.4518231735789181,3,4.3126463574971,57.23566812745593,3.0213142602976863,36,0,9,7,20.447238118693797,3,3.7707058004669394,No
42,19,Finance,5.103583138946675,3.416733553135205,12.448835456616639,1.663714128414606,3,2.7192315375388687,81.91009910820591,3.212291918861458,8,0,6,4,21.600915962282595,5,1.2327394271539978,Yes
24,14,HR,4.637484074714623,2.0148238770753935,10.477855945967255,1.9346953703147363,2,3.2061694213173926,53.45337041069179,3.491620279715049,41,0,7,3,49.646748420218536,2,4.97029118754363,No
34,17,Technology,7.242646299265646,2.481521156485466,11.17553912436738,1.6380103414439904,3,2.8920664255956487,60.4802483402822,2.1993803986180964,44,0,10,8,24.028411555836527,0,1.8850547331246392,No
25,16,HR,2.3769770018898653,2.3769770018898653,7.824648490668045,0.3958143019333749,4,4.429739211443326,45.2923968106399,4.340077552843743,7,0,7,4,12.646035471813457,0,1.5603525710770456,No
33,18,Operations,0.7711067515256623,0.7711067515256623,8.699798619140845,1.6631582434921486,4,3.729303497790168,46.140768362622374,1.1033975360217418,61,1,11,6,37.29533566881653,0,4.967336186871815,No
36,13,Sales,8.74767913572218,5.570844700584467,11.808671871925021,1.494378507697109,3,3.2874797114260748,66.90193442526792,3.279291688468348,20,0,9,4,16.915861331774433,5,3.5812244258373336,Yes
40,16,Technology,16.289470569789376,7.34292040326437,19.57721554896182,3.3803825353854102,4,3.47890710619821,64.97460676492493,2.6691583331039763,34,1,11,6,27.2405318187875,5,4.610224758992844,No
33,13,Marketing,3.3973625433125645,0.31415272572657327,13.332089993703056,1.6860636347242381,4,4.093456781295137,45.60240283313067,4.07659972422386,32,0,7,1,29.39150004953869,0,2.8314292239990393,No
36,12,Operations,0.4440401165440277,0.3,7.4758310491093525,1.1958462628141264,4,3.794992694640954,82.19790835586251,2.5957610344291235,13,0,4,4,4.999814189611458,4,4.0244146069041244,No
25,17,Finance,2.274010545091174,2.274010545091174,5.55973711286206,0.9170195549500902,4,3.4027834869102227,64.77066964534552,3.0833665864069215,17,1,7,4,28.824439223864896,1,3.4434597688775077,No
34,17,Sales,2.148699766840397,2.148699766840397,7.850363235194258,0.7291721630051612,4,3.4097475563765642,58.430347732038804,3.477629762942098,22,0,7,3,51.24458192288949,4,4.352500774323179,No
40,19,Marketing,8.595047463282565,0.34081673185062755,26.77983280301765,4.24694763212948,5,3.983800123752104,54.70423746466072,3.3102139696362336,30,0,7,3,11.578545747183234,0,4.285729312526551,No
36,16,Sales,0.33691493029185676,0.32879416706068243,14.194522659987076,1.3826272234147114,3,4.32616811653202,47.42621457114447,2.612086383382313,51,0,10,5,75.52923536048465,3,4.24708394668847,No
46,17,Operations,3.2144626388377326,3.2144626388377326,8.728483402382853,1.5542594900163669,3,1.7231581877693107,60.07478399511279,2.9094099891564986,14,0,5,6,56.76650544127363,3,4.63507790498549,Yes
26,17,HR,4.396655496655004,3.5786184645471915,14.879332882713161,1.3222230400477093,3,3.4797771557745385,77.03244489539232,3.9100166206945786,56,1,9,6,17.908424050318747,0,2.8103235784360487,No
42,20,Finance,0.4959755344787946,0.4959755344787946,9.314441491446148,0.6244261449967515,3,3.791846083387982,42.48648095115245,3.0974994983370925,49,1,10,2,49.45066158692636,4,3.8492859177909087,No
45,12,Operations,3.2792014860486636,0.423917730079176,9.990484336408585,0.5582561359343224,3,4.306046268290075,49.610240032269694,2.5072556733879607,73,0,12,5,20.81190616877093,4,3.3104400695681138,No
45,19,Sales,24.778461684857785,6.232310145720809,30.94946641860332,4.184301803180694,2,3.3020706464843053,63.66268373748024,3.313869249349946,39,0,12,3,34.67474644784152,0,2.1081565005089993,No
28,16,Operations,2.6856418423071258,2.3136446113466747,7.419726366725054,0.8074635478054768,4,3.615261281388393,72.0926110865541,3.5069631067406446,39,0,9,7,21.71019279545132,1,2.581159971886113,No
36,16,Marketing,6.707115507980946,0.5891417676844162,13.56206871825932,2.554576348562848,4,4.193160206288368,39.764197404104,3.584792450041882,12,0,8,4,18.27486643416186,2,3.5059900540158093,No
40,16,Technology,11.426579526920987,7.983737609171647,21.587546802757476,1.3827996904162823,5,3.5785791887476566,37.704347373585016,2.505026877155593,42,0,7,3,21.755539527113164,2,2.141411265689395,No
38,17,Operations,1.905012405680018,1.905012405680018,8.725153283062628,1.1552855928237116,4,3.9868262819585736,51.1654745381245,2.2758565161105953,26,0,5,6,30.431878899662856,5,3.0743467959143405,No
31,18,Operations,11.45819703207834,4.353470934727083,22.263233186285987,3.616910933680969,2,1.998325443233916,64.07563673060532,3.0026149977748373,97,0,15,8,23.328863463824817,2,3.159965494176326,No
43,19,Finance,3.8160905803719447,2.7683688369008106,11.6159383487746,1.904460365423928,3,2.511806305246467,46.883305721766,2.900653289124605,30,0,9,6,7.634738118742647,5,2.718634169972711,No
27,17,Marketing,0.7447453981901513,0.7447453981901513,6.29029261725163,0.4842726432846214,3,3.98926970089993,75.09405646170977,2.8010889452354215,52,0,7,5,61.04032216683936,0,2.9809756118314357,Yes
31,15,Technology,5.4245048652530645,5.4245048652530645,10.147820472528428,0.9646666919457639,4,3.298655810298084,45.309593942614725,5,25,1,7,3,22.208578624552263,0,1.7658113426999635,No
42,15,Operations,0.3,0.3,11.411759165159467,1.8965362387649576,2,4.919430310891676,79.75080975542573,2.111973065263586,18,0,7,4,30.465224467822548,0,3.3972402867429885,Yes
32,14,Operations,2.5166988032517716,2.5166988032517716,9.234606967861312,1.6232377778353166,3,3.3978024668583457,82.99831461374929,3.697822024018447,32,0,5,3,66.33764611902585,3,3.596884998249683,Yes
32,17,Operations,6.231869201313478,6.231869201313478,9.175523227796448,1.5509096987318864,3,4.090004370462014,67.53582221020696,2.888074718365604,15,1,7,6,56.1839346277573,3,3.7723483032166922,Yes
34,18,Technology,22.343931798914404,9.851930081990243,27.199160092316284,3.495290124664987,5,1.2273652426867134,57.104271497746005,2.9792251067354423,50,0,11,2,18.3002564665732,1,3.4486757923616187,No
37,19,Sales,2.6796594946777024,2.6796594946777024,6.9300663006912675,0.4515031567443813,3,2.800051436377929,48.24909820289725,3.5787005116823023,20,0,2,3,39.92220433757565,5,2.1329659463318884,No
32,12,Marketing,5.9955200336894485,4.513424718945358,12.02828367975939,1.1708845039639482,4,4.305692247764981,40.052147649675405,3.780163953970177,13,0,6,5,39.494039755017056,5,4.7942971918354225,No
39,12,Operations,1.4649109414249009,1.4649109414249009,7.269774512085355,1.2054230057779498,4,3.3072048013028286,68.47947532961662,4.217568118436621,27,0,9,6,22.447422457762368,3,3.915963788388683,No
30,15,Sales,2.2624082323843218,0.3,13.93129174069806,2.2129814987399135,4,2.3804491081690644,80.50172258041377,3.713177326819727,43,0,9,1,41.69979360512915,3,3.0939425497533666,Yes
41,18,Technology,5.567088231828732,1.1242460601760864,9.57234259124166,0.8039778247049948,4,3.906673197241579,75.02560232423518,1.6088953986967938,55,0,9,4,33.9089244101091,1,3.3732853652049757,No
21,17,Technology,11.786827432170732,4.042970806126722,14.803296145717997,2.688674929697923,3,3.5235641340472843,50.36927126894471,1.9146165284338084,15,0,10,2,54.20111684084392,2,5,No
32,17,Sales,0.3,0.3,5.614500693203445,0.4082817635041431,3,3.4053913090595365,27.487509886402844,4.316042020394497,22,0,5,4,19.303500455720556,2,3.3045756686569585,No
40,12,Sales,4.716864201140658,4.473709630036637,14.852621531616169,1.5137752995263187,2,4.111939609446842,56.60497621830758,5,44,0,10,3,14.977388575793851,0,3.6233811082228127,No
30,13,Sales,7.372801012883706,2.5787103142922194,18.73805684426164,1.2031090307467571,4,3.8997240947956318,58.41794179306473,4.004817511397618,29,0,5,3,17.70563630804015,5,3.7526146658928,No
35,16,Operations,4.646399476691277,4.646399476691277,9.602156230681661,1.1082147834084795,2,3.2002270446574212,60.03700491158808,3.3138128833480636,49,0,10,3,38.79680023751095,1,3.073573926608096,No
34,14,Sales,3.558342293458464,3.326633892070272,7.088954260549914,1.0535766707925933,2,4.192661861870356,58.096643781513706,2.512027111634724,23,0,9,7,54.775216711534206,4,4.707834682794885,Yes
33,15,Technology,4.062074954152384,2.702997277831761,7.174972927472325,1.24201711961495,2,3.99493458359889,46.12918749849606,3.5923607436858163,28,0,9,5,12.086429310248525,5,3.5595886531443544,No
44,16,HR,0.4046013656181807,0.4046013656181807,6.629171059877097,0.7073806307228044,4,4.395624183661261,57.04866038612917,3.0113711766687965,11,0,4,3,16.457125586062396,3,3.74122022308859,No
31,18,Finance,1.0782406518640089,1.0782406518640089,11.470489306508238,0.929696404446412,4,1.5841880714133179,42.254278871874725,2.502399024135711,26,0,7,6,65.25084179584002,5,4.2954629966893805,Yes
37,16,Sales,3.0372770597901977,3.0372770597901977,9.31278086078856,0.6567909947606714,4,3.0180988589489264,70.87555506080416,3.0077434067204094,41,0,8,3,12.890576296244635,5,2.2000787015195415,No
27,16,Technology,6.793573989328314,0.3,18.465364411642565,2.3517688699662935,3,2.969648536207309,44.3661679274701,4.26812609380461,30,0,9,3,30.17566275439118,1,2.7361193960163104,No
25,18,Sales,4.539913185763966,4.539913185763966,12.195125341396126,1.3622012219541009,3,3.4869067009069186,69.3884684756227,3.40347673904552,18,1,8,5,61.11293747051331,3,3.603896865058618,Yes
32,19,Sales,7.158188103678625,5.623989902196518,16.23095511381106,2.9777535015536376,1,3.6946459459812657,64.06162429984131,3.697486133843479,19,1,8,6,34.41475281812773,3,2.538217075991622,Yes
29,15,Operations,3.6751861613071055,0.309726509269058,9.736665482183337,0.5450334400575675,2,5,22.033765431116496,2.812146045136092,48,0,12,5,45.50867383273123,1,3.4046318694997373,No
33,15,Technology,10.9799185536513,4.6517421311189535,16.760634663259673,2.715259742650877,3,4.305693792338301,41.68646139019642,2.9993861059001645,32,0,9,1,17.00350672584882,5,2.6474737443686274,No
27,17,Operations,11.277110818182152,6.039121235264847,19.080123299481077,1.0605234065263525,4,3.3038588229471624,60.78239065464252,2.429904109307133,50,0,12,6,18.93779567523632,4,3.3943917397327965,No
38,15,Sales,4.312848307232799,4.312848307232799,12.55295080382413,2.4580805322138386,4,3.1121102238565523,60.19459948607873,1.6994032468247997,70,0,9,4,6.139856847352081,3,2.455970030403177,No
33,15,HR,2.2917771181809705,2.0096623253969357,7.977220558637349,0.5662375727987273,4,2.8848675625997418,23.202098823322313,3.200089908161069,13,0,7,8,54.70985098977321,0,3.3086853053848055,No
34,17,HR,0.5821173669036402,0.5821173669036402,10.35705266461779,1.540002321724535,3,2.9414493404001645,47.72852858379739,2.595159462479332,21,0,11,7,16.83706238258933,5,3.280126007881173,No
31,17,HR,5.7145220605076,1.4732378604667329,10.23982303808649,0.8987455657149257,2,4.01279111029443,83.13474786482293,2.660453092822049,29,1,6,6,21.956164555189194,1,4.359458257101785,No
25,16,Finance,2.020290805060819,2.020290805060819,8.794445923627883,0.6827177684400824,4,3.9299516606275717,77.22937598412278,2.5252314416788217,34,1,7,9,19.76094433953555,2,2.6653830357646853,No
38,15,Sales,1.4440714324514583,1.4440714324514583,10.670190112359958,1.3113765176934344,3,3.1264253803661832,76.90830896814002,3.205404416253764,17,0,4,5,32.520163630619834,1,1.4077349377700483,No
52,17,Sales,5.92749396393285,4.16850477352044,14.161213615487883,1.482694379703714,3,4.696511871132679,80.46349641168968,2.906363846545894,52,1,10,6,66.67498416700292,0,3.361649074663176,Yes
35,17,HR,5.843342396504631,5.843342396504631,14.822090913091039,1.3943762620734694,3,3.5420890867307353,63.48799970270891,3.298391118592371,23,0,6,6,34.60949921620136,4,3.324274462862214,No
31,18,Sales,2.05097978014808,0.42095156561150326,6.655429822469283,0.5651428064393875,3,1.8934286018322481,55.52884562364822,3.5152950409977315,39,1,10,6,24.719547658986688,5,3.6430024531556633,No
32,16,Finance,21.003091670466343,7.5605394824995145,19.270289524786847,1.612750604677026,3,2.4836394027428463,54.39660616033425,2.198492022233621,51,0,14,6,30.467839257460497,4,1.471321412912262,No
32,14,Operations,0.6875724763053911,0.6875724763053911,6.576762739133107,0.4306459168702953,4,3.4005339662718095,60.53935766201116,3.403361731370548,70,0,12,8,8.107025867693585,1,1.7753831185601308,No
37,16,HR,17.638609178011322,5.96577870825809,27.317002818953355,2.667394539844944,4,3.7850355609097632,59.092458020644564,3.2032576782385997,18,1,10,1,11.629629424696063,4,4.656223637108528,No
36,16,HR,1.9264637051461964,1.9264637051461964,8.2922650276353,0.678173207063903,3,4.57935336148528,26.85558769918928,3.695650689930371,38,0,10,7,44.4743058718954,4,3.4519582163120135,No
45,20,Operations,9.97334083872518,6.289430059955925,12.320702451628389,1.500705896827737,4,3.2755896410107024,55.046233013516776,3.2773172047303256,25,0,8,6,24.563303133322343,3,4.441397177340774,No
35,14,Technology,10.241290766797153,5.754522634971347,13.998781558881895,2.487569437737554,3,3.421714791608372,68.25224174996139,2.8612913304546543,24,0,8,4,11.260131094571328,5,3.6925903449668853,No
22,19,Technology,4.412300836487578,4.273266290682862,14.01746388267229,2.002585414846527,2,2.9581925313728576,79.09105135242237,2.2832560537996582,32,1,7,9,25.26713198511563,0,3.113318070075858,No
38,16,Technology,20.572173552810696,8.72705825447474,22.410449300162526,2.182449986996656,4,3.969309604717993,40.12766123098684,3.008667260930222,17,0,11,4,67.38104364867775,2,3.0737380505890894,No
50,15,Sales,12.056036465201489,4.6697101219779,14.750926551974239,1.8093883876470358,3,2.0043620155420103,74.38755601006832,3.478612736494385,20,0,8,6,23.66690839279772,3,2.3354253729039502,Yes
43,15,Technology,0.9691747259519986,0.3800336133462326,10.163100758237723,0.6948342108112712,4,3.178725569509377,37.4759981756595,2.8050093184144202,41,1,6,3,40.83528407177671,0,3.4804137060841307,No
36,18,Finance,3.214705174927828,0.5645505739187859,14.116962022445268,0.815162705348257,3,2.804228763744222,74.3514998887674,3.292604361882085,46,0,9,6,42.85252479690362,5,2.3618432719502427,No
39,13,Technology,16.416555847613612,3.080483031522688,15.552744312978122,1.5013419508339967,3,4.498243287682376,86.77078168387722,5,43,0,10,10,53.87288777483567,3,3.9712801549240226,No
32,17,Sales,12.233940814822658,3.297355416852763,22.975829416037758,2.274225623391738,4,2.898245902539064,50.99897128191396,3.778793132039615,36,0,11,1,12.522213182841572,5,2.8410167655107283,No
53,16,HR,5.257770127604177,3.8377859401711483,8.904638264611256,1.4288063973093506,3,4.0067445392376975,86.04800836145063,2.4001761786384694,45,1,8,5,18.425685813793564,4,4.4373617469262125,No
24,19,Operations,3.072530429204376,3.072530429204376,11.791779345709264,1.636707689593338,4,3.22281427553592,40.77428967544461,1.3024260491982815,48,0,10,3,38.96568536809151,1,3.272501107495002,No
37,17,Sales,13.394837146096764,7.541762543946823,18.544080008207,0.9400495212759462,3,4.08533327849084,63.45333328211757,1.9789456872130977,20,0,11,4,60.289749189581094,3,4.548896827300513,No
23,19,Technology,7.670506572489999,2.0172155105469396,8.655057345664098,0.5736993912260346,4,3.0838253591793605,53.60682898260454,2.61164490033752,48,1,8,2,35.230249400639686,4,3.98628881848581,No
39,13,Sales,0.9198187731083817,0.9198187731083817,7.2691412577123575,1.0204693592456848,4,3.517850562126021,68.83729905626306,2.208965045904487,23,0,6,3,30.756336859446485,2,3.727315792114816,Yes
32,14,Technology,3.808277189543518,2.8723252996291957,16.859501159297057,2.8531936703877445,2,4.0845043064305155,47.211622323761915,3.7042257179364566,13,0,9,4,15.097246689914142,4,3.5911810570194893,No
34,16,Operations,0.8795831035106889,0.8795831035106889,6.581244371669938,1.1072224694966992,5,3.887697062423028,48.326394420721115,1.803961115220921,22,0,4,4,32.61885814767563,3,2.6422157752565667,No
43,19,Marketing,1.7642392241028093,1.7642392241028093,9.678983241202259,1.776558102288161,3,2.513834159474918,48.691353966667165,2.892357438458764,15,0,6,7,20.518665010493702,1,3.1461824673425993,Yes
31,14,Finance,9.749811206807047,5.536110713066244,13.089304754165093,2.1795638099471906,3,5,74.0653135269859,1.6944102339615714,32,0,9,5,11.03027003189652,4,3.2532028810402207,No
35,17,Technology,4.7666091184505595,4.7666091184505595,7.907724295443993,1.406892036777825,2,3.1974911375598998,70.02389987129898,2.8928132344671034,30,0,9,8,53.66303921509202,4,2.969030580194849,Yes
33,18,Sales,5.213877176899765,0.7446536730608277,9.242183095277575,1.071273729822246,3,4.492935226568066,62.26286275971072,2.220418449862612,68,1,10,12,1.9207045626117363,2,1.4337740242945578,No
34,17,Sales,8.703782170915284,5.6178786503687554,12.597699416247336,0.7931450418839946,4,4.392080009713384,42.96456510940558,3.7895167301582573,28,0,6,5,16.136505738588735,4,4.193842876256301,No
29,15,Marketing,8.975408643389596,8.975408643389596,19.862433573991957,3.151178465137113,3,4.710213016588155,59.78745363456613,3.884261038714057,43,0,8,5,1.0679178527790332,4,3.244648323296883,No
29,18,Sales,5.1186782203254575,0.3,13.787588699517464,1.7472790079515115,3,2.291120997742548,52.74897638293424,3.9185842787873684,69,0,8,4,72.00169359997687,2,4.250435775545946,No
47,19,Marketing,3.1600628329710148,3.1600628329710148,12.17255803970373,0.9149429245623083,4,1.9596374164372208,62.64726120838543,2.7697482767199095,39,0,11,3,12.559963774161947,0,4.983031563745515,No
51,20,Operations,0.3862438445289017,0.3862438445289017,11.630533949024981,1.8307534378996069,4,3.714231090608479,55.410359692845546,4.206362323822307,41,0,11,5,60.04821564330681,3,3.037566025450797,No
43,14,Technology,4.136479615981577,4.064791883802108,14.080320298091555,2.785229340384927,4,3.5976988634006735,87.85459708143446,3.3152735955875956,52,0,10,5,29.357199826244237,5,2.8225601649286958,Yes
21,14,Operations,2.6893087121064956,2.6893087121064956,10.308589508137079,1.3755504316137135,4,5,41.02535429250204,3.520208728705201,58,0,11,1,52.59074474607439,3,4.5580430098898805,No
35,15,Technology,3.009701416500101,0.5222932496740462,8.683763164078531,1.625062995381339,3,2.8886035067469655,79.38785171100878,3.114750052254746,38,0,7,4,28.20583467384245,4,2.780361199515821,Yes
28,17,Technology,1.2090803787091164,1.2090803787091164,15.350861659395862,3.026448599914068,4,3.972082583524261,78.14005020895429,4.09740950541815,55,0,8,4,37.3266463851741,1,4.98030769441599,No
36,15,Operations,2.824526782403772,0.3,5.460464945989473,1.0323511444955915,4,2.4155953510794808,68.98531128858559,5,37,0,8,7,43.62855717360371,4,2.709587961102115,No
28,12,Technology,3.2918821284201667,1.1690965252899685,13.397923607729284,1.5133127732143077,4,3.5884806793251554,69.7756364302044,2.8934771518024576,42,0,9,4,5.204706345906451,0,3.4710377465289795,No
47,17,Technology,9.397029778443079,3.406656582660714,12.757966321295067,2.176144431045163,4,2.8007444018910523,32.292277153494766,4.348392656059954,5,0,7,1,25.375462925923674,3,3.242227547978179,No
34,15,Operations,4.129495914737417,2.2483655171167416,13.513300071565643,1.4027326762951895,4,3.705819094345382,62.161064355743335,3.913310379588754,13,0,4,5,26.612440032874645,1,1.8874712459328562,No
29,19,Sales,10.517102000479612,5.653524734465585,16.089028845916292,3.206231121730835,3,3.7912433187883368,45.62451605896761,3.3132864225920913,21,1,6,6,21.4678515676166,4,2.3388410923531944,No
39,18,Operations,7.296030991827983,6.5589352228508435,13.864680706213147,2.6989781918519617,3,4.186884189613799,52.170599686686295,4.563801496928198,20,1,6,2,20.6304592850956,2,2.7188047531070705,No
42,17,Finance,1.649077013247162,1.649077013247162,10.306061135443512,0.550257210306912,2,3.3091193372760968,96.92843722846484,2.700187518429632,30,0,7,0,7.116167102707382,1,2.135180418532868,Yes
39,19,Operations,0.3,0.3,9.174244298496653,1.3753530380280863,3,3.697604107590104,70.44961158619428,2.872883821057985,20,0,5,3,18.07180503555896,2,2.743359025265519,No
35,12,Sales,9.63378396710083,5.5126587342639235,22.833211974382312,3.7062106743272945,5,3.393550457420867,66.36668950815113,3.6944073547836913,41,1,10,2,23.45042124071675,2,3.5001702091035543,No
37,16,Technology,1.7099586033369572,1.7099586033369572,10.946919710189166,0.5576585730661163,4,3.3926364280563983,37.37564805670844,4.319354725782272,33,1,7,1,8.272425191939268,3,3.5419096020717027,No
27,14,Marketing,0.6495673785148729,0.6495673785148729,3.6349356505695005,0.3435889211469337,4,3.6779464392064463,78.01615406377529,3.378960347381486,40,0,7,11,65.88781082898912,3,4.846300848376718,Yes
32,17,Sales,2.429622612825139,1.2238632747611753,11.021791772148363,0.6335919107147342,4,2.016308590278093,51.56900368962688,2.919393352066681,69,0,14,2,33.783206763467184,5,2.992688837448206,No
31,15,Technology,3.003171418097246,2.831039592854668,11.282935158113585,2.1248498881811857,5,2.6810476603160045,69.57507049605671,3.131202126964096,13,0,5,6,25.78406270744194,4,3.5114956731733855,No
21,14,Marketing,3.713455071860676,3.713455071860676,5.920257219500032,0.8563715257548629,4,2.475753311723906,52.589055271264264,3.2032833406275683,42,1,9,3,41.445219023073115,1,4.442819804607701,No
28,15,Operations,0.3784514238363801,0.3784514238363801,8.857649405286,1.513124828305255,3,2.1968994151162256,57.390465382046955,2.6080056611614175,28,1,8,1,36.1370607017673,5,2.09330381600432,No
35,15,Technology,9.327996396459413,3.403859187434283,17.003419920317707,1.464872110231913,5,3.620632440131133,48.160608966483814,1.7175588662992407,50,0,12,5,24.300688397924805,5,4.220564028377171,No
27,15,Operations,1.7383897323588053,1.7383897323588053,7.525730881643646,1.2874229409879228,4,3.176467470687161,67.8643529700868,2.4993960446726162,47,0,9,1,11.139826055296806,1,2.8685449925707625,No
42,14,Finance,0.4399044175717411,0.4399044175717411,12.046251741345591,2.349051230433608,3,1.8058361703142707,59.83058006563896,2.8074940666527946,39,0,7,3,22.662808180338576,5,4.251103174497967,No
45,17,Technology,1.2213787447418216,1.2213787447418216,9.96692136394356,1.7628214476268922,3,2.9018645443233395,50.06409367430197,1.3643847790852963,15,0,7,5,8.63805774455265,2,1.487752540616754,No
42,16,Technology,0.7070442135985617,0.7070442135985617,11.78157738548707,1.4790351430879611,3,4.977254518386162,70.32001382408727,4.898270408420632,50,0,7,4,39.496978438958536,0,3.1035496815047794,No
21,14,Sales,1.067650910889528,1.067650910889528,8.093236657082661,1.3798213194990214,4,2.923814921283894,76.9173928668545,3.5176797325150426,41,1,8,1,29.64755162755393,5,2.8522968306100154,Yes
40,16,Sales,6.044892373809798,4.487776682961482,9.287952208894778,0.6229680157890687,5,2.6011012908860027,54.189478726763156,4.187569726330231,80,0,11,4,16.618365451122877,3,3.8102701523272615,No
32,13,Marketing,8.774227383235818,4.105918391668621,12.40454809625709,1.5040507281324902,3,4.873998683543356,72.13503288378321,3.7967660070007287,29,0,9,3,40.827543393140665,1,1.4929896828673654,No
37,20,HR,0.41725477024049756,0.41725477024049756,7.191525458272619,0.6008936499789697,3,2.703949519970684,66.94650855252605,3.680126129130045,45,0,11,1,13.897289890156225,2,3.1430521771988733,No
38,13,Operations,10.93311337911979,8.745365306755946,16.690267848093363,3.2709328919369924,3,4.323687671193728,61.637738845347776,3.3755245318242197,85,1,13,4,6.474563604972264,0,3.39936921161801,No
39,14,Finance,1.5535625185586242,1.5535625185586242,16.94100505486317,1.0483887534705627,1,3.205930813157902,78.05683530416651,3.193482206040637,32,0,8,3,20.38638316285388,5,3.289179019549899,Yes
33,13,Marketing,0.33390843567288775,0.33390843567288775,9.51563120161995,0.8854215830069552,4,4.099281147684698,51.616743815350624,3.1994975332571847,48,0,10,4,42.83721756115225,4,5,No
37,15,Finance,0.6007332042678526,0.6007332042678526,10.919844134567217,1.1676111671714002,3,3.0944833554730433,47.09897791860154,1.49090636023322,33,1,10,5,19.74578118709914,2,4.392305480595867,No
36,15,Finance,8.565942760682788,5.292215025012061,9.71508902237852,1.3091695824807634,4,4.601325821435822,54.026113886230014,3.1821301111671607,20,1,5,3,12.029625150350288,2,4.147829692561609,No
36,16,Sales,0.3136332255815535,0.3136332255815535,8.018020494437637,1.1803241607792632,4,4.192520164478139,53.68137953370664,2.7964224731022322,37,0,5,5,27.940429205899992,5,4.100225076888643,No
46,13,Sales,3.8034240783785966,3.261120495856061,10.092269994688948,1.2412847196443135,4,3.885730205700283,87.5183480870361,1.200779549391325,28,0,9,2,20.69969862348974,1,2.344968802614557,No
40,17,Sales,2.0643861122436826,2.0643861122436826,7.369736165444543,0.8499901444417347,5,3.5192796034705482,71.90609927724962,4.191890527581736,42,1,9,5,18.622936397200107,0,2.3786823668346377,No
45,19,Finance,12.785529584292807,2.433723106449312,20.441531534171382,3.6249312867291446,3,4.204208505078757,52.41855546124968,4.127027230338907,12,0,8,5,14.719120321566294,3,2.3108873419051896,No
32,13,Technology,3.474312906168365,3.474312906168365,12.4210469463394,2.274279854934583,3,4.696685713363471,35.64216303424369,2.9897023192785137,40,1,8,3,10.662320082368508,3,4.391017130810354,No
42,19,Operations,1.2702040005810196,1.2702040005810196,16.117999777823606,1.9845931985455285,3,3.3001757774450597,58.34404694466944,3.5985168115764723,13,1,3,4,64.88244338494007,4,4.1206052560441355,Yes
41,17,Operations,1.2890574209229348,0.4932724970905786,15.543703996845675,2.653761263640398,4,4.28672910047469,68.98693964540756,1.3733924181807906,30,0,9,9,33.77314861618709,3,3.112629723296479,Yes
49,16,Marketing,2.6339128778754874,2.6339128778754874,6.480828719898587,0.6380972963994672,4,3.4106039780224706,52.59297894694014,3.4653829158900953,24,0,5,8,16.128893422342802,1,2.3183780031927514,No
21,12,Sales,0.3,0.3,7.704442647198923,1.0904397093718559,5,3.4763993133025055,41.994220670696386,2.487667838115437,23,0,6,4,14.533413459091538,3,3.956881462346902,No
32,16,Sales,3.8043267511317893,3.8043267511317893,9.771461514554643,1.2987563738685097,3,4.702568432436989,63.34242850396319,4.718511593734408,15,0,5,2,13.400167731017836,4,3.043889414295549,No
45,17,HR,0.9627646321048208,0.9627646321048208,7.860344169884532,0.8267779979022832,3,3.6982062330704917,43.023956435780455,2.220966889226459,41,0,7,2,11.34347483122279,3,2.7038624763882217,No
28,18,Operations,7.97980346372387,6.7417584861012445,14.026611618877899,1.0538282956910205,3,3.6098705030041898,44.01161674591638,3.4652024661910366,17,1,4,4,14.175922474951058,2,3.120694106604109,No
34,16,Finance,0.8332777866649353,0.3050487305888527,7.7479077462362165,1.212305219069947,3,3.214681242315793,51.98501213256374,3.1982557719679914,85,1,12,3,58.10506778030841,3,2.2070198729931474,No
34,15,Operations,12.722042286528646,4.272381033680519,27.49215381693252,5.212664130957261,3,4.188709268332059,52.22057471422457,3.9943915977187165,34,0,10,5,7.811501114840335,5,5,No
31,13,HR,0.9739028554587769,0.9739028554587769,6.977207123270141,0.49633179668016114,2,3.2078484279386217,72.63035226924671,5,39,1,6,5,13.521819913732275,3,2.3582911619682805,No
28,16,Operations,7.473011121195745,7.473011121195745,14.439433959585475,2.2360399472978907,5,3.7017396324247382,71.2911510650447,5,80,1,11,2,51.074535573501834,5,3.8886832272023164,No
41,16,HR,16.566978633242268,7.542210085181161,21.049819740035822,3.961756726537599,3,3.7829089044974573,58.08161494588799,2.2843930107821415,37,0,11,6,43.82479361411134,4,2.7768147483085,No
50,13,Operations,4.486625448257589,2.883647406610978,16.07365683323685,1.333838848624044,5,4.297702507475152,84.59948331463858,2.3184786833065325,13,0,5,9,8.808001194917,2,4.021995249536052,No
40,12,Technology,5.419375795115159,0.31008891388073423,12.740824096733647,1.9196726774773822,2,2.591028660556243,48.25555354058513,3.594395120629413,8,1,5,4,15.734349526149751,1,4.137598933628022,No
56,16,Operations,1.2943780227101582,1.2943780227101582,8.321600705986661,0.6381827031325533,4,2.3211907287274975,52.70277169412816,4.375814995101448,9,0,4,5,44.60573388361265,4,2.4859802943912026,No
32,15,Sales,2.831062468341164,0.34389317021109056,9.007838324839591,1.4409513904743811,3,3.877821975409696,43.35181837382891,2.172053299298868,8,0,5,6,44.9118094246943,2,2.1676531051298142,No
38,17,Operations,3.497062765872723,3.497062765872723,14.141186837099436,2.6070943872906946,4,3.928092100792966,28.749045137237196,2.4004012734070255,19,0,6,5,31.87519712506605,3,2.5662292956300803,No
21,16,Sales,3.5711997477718485,3.5711997477718485,10.468370641455277,1.741739163074455,3,3.0976915177818896,91.59751409251746,3.9302488830027986,40,1,6,5,59.263261393638615,1,4.554735959774573,Yes
38,15,Technology,13.343791291555835,8.965770359221294,16.190234321198272,0.9080711756744072,4,4.321974814542349,70.42714174393272,2.3284156690449778,74,1,15,5,21.860756927549282,4,2.1603844361771123,No
22,16,Operations,1.6284500684963652,1.6284500684963652,9.884718238807311,1.1297295199643538,2,4.396026542179506,85.98803433276267,3.922494888435776,76,1,12,3,26.330897104715902,3,2.5309356761375947,No
39,16,HR,4.943503481038425,4.943503481038425,7.1612423190845,1.2596277039740822,4,3.486458819219032,59.51953177854444,2.015022943920159,30,0,5,3,38.13478176516149,2,3.5408673264361217,No
40,16,Technology,3.475765758529326,3.475765758529326,7.6054574828263934,1.3763052760775736,4,2.785191475755428,62.51761772328152,4.108663415108588,28,0,7,4,25.16741228183798,4,3.066375780401184,No
33,16,Operations,4.567261453478151,2.955263474931826,7.040344950176705,1.0441258394477577,5,3.995389377402841,57.56596822714034,1.91228516145449,8,0,6,6,49.89988958281505,0,3.6929556446036353,No
35,15,Operations,1.1879481119306705,1.1879481119306705,11.930933816943007,1.7161680904642356,2,2.0892056327581354,66.9538614736855,4.320221581104911,50,0,6,8,23.277611679073,1,4.01645143782575,Yes
30,17,HR,3.8315453319387767,3.8315453319387767,9.197292871435549,0.7074047535482154,3,2.000329716291031,79.51607734016655,3.8113817880168765,21,0,6,3,12.995923673803707,3,2.090519901796543,Yes
36,16,Operations,13.200721375662802,3.7745219342172445,14.9924499562665,1.7229235601295028,3,3.177466703962423,85.01207283258498,2.6549393401820964,18,0,7,6,62.248687310850706,3,1.6557419601772558,Yes
29,20,Technology,2.709170877995277,2.709170877995277,10.69477013985792,1.0789715337294765,3,3.607453003825382,92.93907547040628,3.1988211735727337,52,0,8,3,40.23647029586447,3,2.811259909766522,Yes
33,20,Technology,0.8872414669489642,0.3,8.546408277272533,0.676948965147508,3,3.304583152728787,50.615354575278545,3.199740352464288,31,0,8,5,28.155206197173673,4,2.703197921561075,No
38,15,HR,3.434461911183391,3.434461911183391,8.139559523321342,1.341363877016412,3,3.676733942255757,50.388502224451614,3.3023411833584517,22,1,7,4,10.177096575422203,4,3.231022520003846,No
33,16,Technology,3.957629350788105,3.2605049191883952,9.540546943947973,1.901355018586015,5,2.7983106583649775,45.279382387998524,3.609490293086623,42,1,11,2,6.3938502037316445,3,3.986699584362888,No
32,18,Technology,12.421440585416331,4.544458099978882,16.96213249298264,2.6402466365978126,1,3.0079994555491134,89.99720988200094,4.071771989409255,18,1,8,6,28.10318356756832,4,3.3735073422212443,Yes
42,17,Sales,9.135500969362361,4.891733022058462,20.221056264833386,3.339937151522731,5,3.195801786256586,65.80282001539247,3.090900649110071,42,0,9,7,25.277018938837738,2,3.013845239786269,No
31,14,Operations,2.1838636905158118,2.1838636905158118,12.2598577967531,1.6782716032785254,4,2.106722411161467,83.1738154458455,2.8929686287093497,26,1,8,3,18.044095480440443,5,2.665609797265874,Yes
38,16,Technology,16.67576423387491,4.379049000869136,21.153521335809266,2.58556289048474,4,2.074245231513288,48.082315156536716,2.5040237745437293,65,0,13,5,28.202295605039712,3,2.864620021929086,No
30,20,Finance,5.268812416916538,2.2045430924982643,17.00481777262469,3.1389716128078518,3,4.659544490757734,60.25468926414918,2.315467156255138,31,0,7,5,28.291700939763533,5,3.645969618376967,No
53,16,Technology,3.394174433324916,2.125926124170938,10.23488293625417,0.6804943549193214,3,3.60832942378931,64.36474846884406,2.175140241952633,42,0,9,3,42.6350192470402,3,3.6523373702993474,No
32,16,Technology,1.562200628905092,1.562200628905092,10.564387332456011,1.4860271516541077,3,4.585237184159769,46.80376965871304,4.295710394860881,17,1,6,6,9.024829044279613,3,2.7352977965493337,No
28,19,Operations,4.767878658075217,3.859206126924274,10.056109179035728,0.6564569923081579,4,3.7188839443592645,24.03741228425643,4.731088865714013,73,0,9,5,16.916282878440907,5,2.7294588917965203,No
43,16,Sales,1.393136450457349,1.393136450457349,12.211516770966114,2.3533977357098697,4,2.5978517468606834,47.888034341922605,3.8296927027007186,27,0,10,5,31.99909875887074,1,4.113258745395204,No
38,17,Sales,3.286031281393708,3.0059392971419108,10.034764575950941,0.5603737210069355,3,2.308789794505848,50.73397197504178,3.0908128866013467,47,0,9,2,32.29084869703201,4,2.4298761730213676,No
41,15,Technology,2.251318113839573,2.251318113839573,10.143747033402143,0.9853016489340065,3,3.8119603396261503,52.08441976383173,2.4869913591688864,18,0,6,5,13.757366454606434,1,4.139842029210082,No
26,19,Marketing,12.408399246504597,8.152355215283048,14.180138083273146,2.573400035051996,4,2.6933403069148834,75.37169364451775,2.8879491779027897,50,1,9,4,17.345515064104777,2,2.9127908199172814,No
43,18,Sales,0.9545683544031006,0.9545683544031006,7.0006126940815525,1.3579601716256846,3,2.994864264438549,48.20117642540165,5,9,1,6,6,42.68907434854727,5,2.359918281179638,No
25,16,Marketing,11.410719956233365,8.60224056203787,18.056135827718993,1.0927664673692958,4,2.8107039978781727,40.83033084783635,3.2884260368938008,21,0,8,7,10.03794371135824,5,3.3063506256494204,No
31,17,Sales,2.000420854217203,2.000420854217203,7.780891914708941,0.7735933837270302,3,3.588515102221991,53.49560232649081,2.6152994896682173,20,0,7,7,49.036511972401314,2,3.2645785325172207,Yes
40,16,Marketing,6.4409400558567995,5.707697309848712,7.7637196972152775,0.8307106012846589,4,3.5747437097696064,88.5783334289626,3.508060482006723,53,0,10,2,18.700768270394732,3,5,No
43,17,Marketing,7.997892575243172,3.6743171547990032,10.810782798911776,1.9740655791795512,5,4.187880925321184,46.73448171067084,2.095179973554569,74,0,14,5,17.056129162998356,4,1.7109940660826104,No
28,14,Marketing,0.604041828266803,0.604041828266803,9.13204790392023,1.1908329115838878,3,3.6914558999566336,39.76952030237981,2.8303991913896986,13,1,4,5,38.111149171528865,1,4.286664836867714,No
35,18,Marketing,1.9232801340345393,1.9232801340345393,12.138530664092599,1.0711774427543577,3,3.710683742550179,67.67696621697348,2.202220131075417,40,1,6,1,12.723733009959112,5,2.901485788608861,Yes
