Age,Education_Years,Department,Tenure_Years,Years_Current_Role,Base_Salary_Lakh,Annual_Bonus_Lakh,Job_Satisfaction,Manager_Support,Workload_Index,Work_Life_Balance,Training_Hours,Promotion_Last_3Y,Projects_Completed,Absenteeism_Days,Overtime_Hours,Remote_Work_Days,Engagement_Score,Attrition
26,14,Marketing,0.3473503277108939,0.3473503277108939,18.39317140922048,3.2394506041102575,5,4.299055792443442,71.42672369708134,2.5225614357890995,51,0,10,7,29.584469612191164,2,3.4086090092905246,No
36,16,Sales,0.3,0.3,14.25785380576934,1.3855832136445634,3,4.307451576722645,47.294918689129524,2.598221607224423,49,0,10,5,76.28168518239954,3,4.277553922546516,No
37,16,Technology,21.718500516247524,7.03670545981434,26.08709974264917,4.495171672935219,2,3.003285718504279,78.95806539690967,1.326046409773135,21,0,11,4,45.35901853341856,3,3.6536737718193844,Yes
41,17,Finance,2.010192943051474,0.3,8.141308067576787,0.8838791526732962,3,3.3190263130219333,64.59880460044876,3.515079597428796,19,0,8,7,19.843602976286068,4,3.5706666225110197,No
32,15,Sales,5.896366553451408,0.8691183942181009,14.245494737637612,2.4448319294121577,3,4.122230475624984,59.701371016987146,2.921018761521674,30,1,7,2,20.27203700874712,2,2.9580826734015786,No
40,12,Marketing,0.42064845697895686,0.42064845697895686,9.29694809694967,1.7552916866167205,4,3.785858780118302,64.19437775400807,2.693301621291295,68,0,11,5,35.578796745444855,2,3.027301181449159,No
24,18,Sales,15.880052262806972,9.577354718702423,24.561107990695877,3.4396724970702888,3,2.5039629955097116,71.15014743624381,1.2016759853239336,27,1,8,2,12.233997300644367,3,3.986884990793237,No
42,20,Technology,4.353196099269714,4.353196099269714,8.714849712063755,0.5379897990580242,5,3.38055508120373,79.24368804387383,3.3879154044120634,73,0,12,5,6.432305828801052,5,1.9263537523448477,No
43,12,Sales,3.7619904129572586,3.7619904129572586,14.719468496991539,1.2627044308669475,3,2.918136507828,55.175355927131626,3.522148161710243,51,0,11,7,33.36984342023017,3,2.5044570270550164,No
33,15,Marketing,0.3952893457686596,0.3952893457686596,7.787127997755624,0.7472902818937719,3,2.680534122536365,96.77964559437233,2.7794939557636638,51,0,9,7,29.991552678289942,1,2.6481289527811893,Yes
21,16,Technology,4.135605833838492,3.0152104686891006,9.998779239047938,1.0438283588297241,3,4.201215730285173,61.475427019540426,4.024008149785855,11,0,4,5,55.637113605980204,4,3.7894655220237126,Yes
30,14,Operations,2.3985954539127676,0.7390334841481967,11.041899340679224,0.8144095943639282,2,2.786680418778028,42.96848094746036,1.7225293296147586,19,0,7,8,44.33540257277855,1,3.7423856473051433,No
41,18,Technology,5.665005150729352,1.057085343965735,9.751618357408327,0.8272159604086541,4,3.931200188308821,75.4809480149911,1.6311926601427247,55,0,9,4,34.265756397228955,1,3.3927628452183463,No
33,14,Finance,6.012813527523161,2.3275750516518956,11.887082306910889,1.9118744393041742,4,2.1690437731379744,58.91933374720983,4.0248102580495475,26,0,7,1,13.741222494717723,2,4.094609482781098,No
41,17,Operations,1.2273521403752863,1.2273521403752863,12.133962052770734,2.1994067282864216,3,3.7123360071145135,36.55816909022643,3.3043914193620973,20,1,7,6,19.066540372909817,5,2.6287936674726953,No
47,19,Marketing,3.1232264841585593,3.1232264841585593,12.294901104488106,0.9212601962671416,4,2.004422991139828,62.928647882655504,2.796761065253273,38,0,11,3,11.840107890175819,0,4.951757961648296,No
45,16,Operations,4.079642452234791,1.8484072805624012,9.644227916997412,0.5349884545693647,2,4.301109335104482,61.654905141271556,2.510058225657301,23,0,7,3,46.9862577240582,1,3.5263775174585867,Yes
32,15,Technology,6.572773582150535,6.4148844921131625,20.146573567501694,1.4236945879722511,3,4.205768108060076,62.60328981286483,3.577075202955248,10,0,9,5,73.51289614401587,0,4.474790011138417,Yes
42,19,Marketing,7.908731716000215,4.543719224710975,17.59172013595192,1.2112611645950748,3,4.096752113651012,49.44174864994454,2.0878993922367566,14,0,7,8,13.472748833589824,4,2.582392773476182,No
31,16,Sales,10.561855949240684,6.828620218699365,11.434968802397636,0.7734445382201234,3,3.5134626151676476,42.39331087014834,3.2978118157142604,76,0,14,3,15.720474415654019,4,3.7765007658534913,No
26,14,Finance,1.6889728566751931,1.6889728566751931,8.260170131250376,1.0361997627775332,3,3.515025826186007,46.73050803150325,2.7967263765515957,10,0,4,5,37.95436939025594,3,3.037103465925972,No
50,16,Technology,0.723465243985486,0.723465243985486,10.713216249670543,1.4532694737531657,2,2.5066801635943916,59.644024643245764,3.1042432647172835,47,0,6,4,17.877163107823172,5,3.7227759393453788,No
23,13,Marketing,20.04231585849672,9.509257746903065,28.51832684712106,3.8834342661278978,3,3.903706475928807,56.4819013899761,3.802629034915487,22,0,8,3,45.760953843832695,2,2.5612666733729386,No
42,14,Finance,4.757661926610127,2.3378267730436737,11.613518863345245,2.174877217350057,5,3.9741905907310215,53.70726017737426,3.3085994157627376,53,1,10,2,50.75582993065231,5,3.5073530617308273,No
42,15,Technology,8.170982076605823,3.8176231015225537,11.361991834626817,1.4684106919432958,3,4.109647661803751,46.39280546355365,3.383932197700291,20,0,7,5,31.497128469739952,1,3.205080042206601,No
31,14,Sales,5.579693932165981,4.471950660313483,11.363659279101856,2.0525030027019042,3,4.978279893903003,49.15923203654331,2.911681118750215,45,0,12,2,16.94608418706499,4,3.776534835541918,No
28,18,Sales,14.333612330092617,2.2125190174089227,11.174871157482935,1.8491326974276083,3,3.0138435262022036,62.39396170546536,2.32452958088901,63,0,14,5,32.69253948721237,5,4.335620007809833,No
50,17,Operations,2.4239962398957546,2.174953500640569,8.844361740496836,1.7271361971674515,3,4.624601073920244,80.7465804421507,3.9869854082987635,25,0,6,3,66.6554156733839,0,3.6785529606198897,No
56,16,Operations,1.2000102866331972,1.2000102866331972,8.319989591576846,0.6535760240085856,4,2.281998586256644,53.11324780227543,4.431825792971405,9,0,4,5,44.71066182017397,4,2.497624615994356,No
38,18,HR,1.2100721314950726,1.1271754021516556,8.221836238448068,1.2108500095879375,4,4.290978203314558,73.86727118855931,2.9966409036544945,27,0,7,2,36.53169067842725,3,3.6097902954548995,No
29,17,Technology,1.0347197984183445,1.0347197984183445,12.176145639059397,0.696747009792708,3,4.082674572688205,68.00011089136757,3.022510124888871,10,1,6,7,31.665608954910446,1,3.801086604078858,No
37,13,Sales,8.436775314267356,6.322238448326975,17.722195810189017,2.71456967385684,3,4.001403945873286,71.93817110836314,3.5200398428206543,18,0,6,3,26.553570372633544,1,4.323079828275274,No
24,13,Operations,4.238831701081225,3.5463505746595287,11.926318332876992,1.8314966345803594,4,2.8842944662719074,36.20666833554226,4.081423204222723,17,0,5,3,32.2885550707841,2,3.4863914892479166,No
42,17,Sales,9.238450527644401,4.842252389489955,20.310092864799763,3.3403319423023237,5,3.1814889287472305,66.16766993659259,3.1028373184365807,42,0,9,7,25.417020039580038,2,3.0206420994584207,No
44,19,Sales,4.542387399158846,4.542387399158846,10.94931582194333,1.0661799040880786,2,4.294174045006672,64.87206275352723,3.511671375665321,18,0,6,4,61.02329678019725,4,3.935178754200647,Yes
36,17,Operations,0.7756896884856083,0.7756896884856083,7.38994032781866,0.8147146587822501,4,2.8296728189445095,54.08687737952565,3.685680051003178,53,1,7,5,9.637140634949631,2,2.3528897274402305,No
49,15,Marketing,5.823089490033502,3.849661999509083,13.68405348329532,1.6929874443312103,3,3.4785867519585767,49.98430522739777,3.0907424320877177,43,1,10,4,49.84649945190565,5,3.2107394371961684,No
39,17,Marketing,7.00330413274033,7.00330413274033,16.13733990526093,2.0522698075201564,3,3.3882344928974386,84.00377716162357,3.98657402073675,26,0,5,2,12.737668404703301,3,4.27133394057755,Yes
42,14,Marketing,1.0129086715079052,1.0129086715079052,11.70689069104809,1.531747355068038,4,4.598267351063091,44.43241494816635,2.6953242638390136,14,0,5,2,36.86724890920441,4,3.9205653405096097,No
49,18,Finance,0.6676297761160214,0.3727652182326033,7.1364643451160745,0.65150444822772835,4,2.7050923906588173,42.595215041698935,2.7927815120362425,21,1,7,3,10.317164430980847,4,2.3113101574050026,No
46,14,Operations,3.462096614060703,1.77754468306729,8.518806162979882,0.8344247527350124,4,4.008045886755388,73.78104685926743,2.7189162477005913,14,1,4,4,28.587000052945893,4,3.9842111981640396,Yes
32,16,Finance,25,7.566046377513297,22.804925564401668,3.943560880769652,4,3.0043881840559212,46.45878668925687,2.583704766361332,42,1,11,2,12.432090178324332,5,4.1712397962445324,No
40,17,Sales,2.1275752706698787,2.1275752706698787,7.516279706875943,0.8320061036529044,5,3.499341789994382,72.1348789159343,4.206961471315962,43,1,9,5,18.387174118943506,0,2.3659535503690434,No
33,18,Technology,4.78305591150393,3.6481688460977018,18.89635677813119,1.622945439323974,3,4.983707059298387,89.14258864920708,2.698016506071227,26,0,5,2,16.092231164958548,3,3.3213743705921104,Yes
42,13,Technology,0.6462954261783465,0.6462954261783465,10.50879858084314,1.8155542067105503,4,2.5032259291088206,52.60774703353014,3.285955188669897,22,1,9,1,39.30916804654588,1,1.836636346861727,No
27,15,Marketing,2.076918240515532,2.076918240515532,6.826790507070567,1.1102431934333767,3,3.224493911785518,71.8042923124919,3.3930490174760193,28,0,9,4,70.62901478943402,1,2.339746569882533,Yes
41,16,Technology,10.50458348012444,2.495276242279057,14.842337395393924,0.7576765142073232,3,4.981711021145943,46.23496159632016,2.3175899617258184,37,0,9,2,11.606416825776051,1,1.5621998574581866,No
39,16,Marketing,7.282066808787331,4.347982785731542,11.837831079483118,1.728515369688272,4,3.7111333283698396,54.43659332128644,3.632724021496275,61,1,11,4,59.106419855425244,1,3.811963400765478,No
30,20,Finance,5.0373718622103905,2.180355399733863,17.0248971003818,3.155765511975569,3,4.713037025004393,60.57255950433502,2.2817039480487513,31,0,7,5,28.420157752724016,5,3.6602637765748574,No
30,15,Technology,2.1610416990618573,2.1610416990618573,9.724033782850523,1.24907387865833,3,3.2035157654810424,58.12626962647624,2.8201296365185984,18,1,8,2,59.509295677960644,5,4.392914169720722,Yes
31,15,Technology,7.526626122691847,0.3402924262231467,13.867375892359014,1.7271242167767713,4,3.50212943168696,54.74150149205953,4.931126140222198,42,0,9,3,30.39161054390879,2,2.8788306628459392,No
40,14,Finance,4.619117124850043,3.601692807270389,12.862727847067767,1.4001650182698566,4,3.12420697276786,39.42597687109015,2.425643853279355,44,0,7,1,52.66007740530092,1,3.7837952869686555,No
44,15,Sales,9.83085761741066,5.0171401954875385,18.381894583150853,0.9411845379055946,5,3.398966858675186,55.57970578789478,4.329356398036988,42,0,8,3,48.7912464162821,3,3.156685751044902,No
33,12,Marketing,1.5451945905116644,1.4338268838038415,9.738748127221434,1.466363215892133,3,2.0085919143803124,88.10535402258566,3.421142351857216,60,0,13,3,53.14067441644647,3,3.400873501686011,Yes
40,15,Finance,7.443760195668981,2.811662817145752,6.484656510611343,0.5755202234547505,3,3.084252482066877,49.54855493339909,3.4120051768313866,24,1,7,4,47.923340775016,3,3.8983976185134583,No
24,17,Operations,5.448219537193576,5.448219537193576,9.253977400676858,1.6828591550654592,2,2.808147829119168,48.44842701099558,3.7867355525823485,22,0,8,2,37.25011129361503,4,1.9472994322295525,No
34,19,Sales,18.834842200119947,11.07413856702399,19.229755441482965,3.4492473671576556,4,3.195506179021386,53.23333991956673,2.5844303441089354,41,0,14,7,27.214422192350664,4,3.0312669446161182,No
29,15,Marketing,9.089146573250416,9.089146573250416,19.901937905201443,3.135747646813978,3,4.704630517729681,59.54516959576237,3.9025055413614593,42,0,8,5,1.3807313677861048,4,3.256956541236485,No
41,15,Technology,0.5921294798408525,0.5921294798408525,8.692883431966782,0.8316650034398312,3,3.4893581523089336,39.698053438830314,2.3047881361700284,47,1,8,3,14.67791310779947,0,4.549089054625548,No
43,18,Technology,3.1946571374237713,1.515194450504852,8.504267810571616,0.5039193075271613,3,4.034017220244628,44.8308624248646,4.48551737775323,41,0,7,11,10.205227380156776,5,4.833163746555094,No
29,14,Finance,25,8.968733797509676,36.38591434151206,6.848369828151882,4,3.2125503730096368,64.59986087185747,2.2106076623079027,42,1,14,2,21.132191455860003,3,3.910268036909274,No
34,14,HR,5.93359669878945,3.4707892259320854,16.836391597396272,3.201140211035172,4,3.71505171269641,49.75849962098648,3.9349151464450838,31,1,7,5,29.613090042300026,1,3.1662014556823124,No
41,15,Technology,2.39178175046208,2.39178175046208,10.23824623039538,0.9957073548389125,3,3.783411703737263,51.733376049322516,2.505112594503447,18,0,6,5,13.277744968350607,1,4.157806590007273,No
27,18,Operations,2.9852898362671856,0.7711160405308537,12.156733621514684,0.6956152387843021,3,3.294122566166186,33.970630463532785,3.8924741464533192,22,0,8,4,7.581346248130302,5,3.360159036719372,No
43,16,Sales,15.960825519305864,4.875526881232231,21.831237719767444,4.2808971143675505,4,3.2854916383736255,55.657596917428975,3.5794520877927183,42,1,12,6,14.958865554657477,4,4.601557803657433,No
42,15,Technology,7.35631186567668,3.8458471615359318,15.901113520937672,2.09008387449701,3,5,67.61350890283911,1.93585902975113,26,0,8,2,61.69328364490968,2,1.957401944814926,Yes
40,17,Technology,0.4929720307013879,0.3396733388532577,7.489378299634256,1.3381852008612372,3,4.217144793878965,88.650581619197,4.981919157585792,24,0,5,5,10.847063119340396,5,3.3406572981883156,Yes
31,16,Technology,5.828585600035982,0.870123152100044,17.57864022519256,1.7789678875524202,4,2.212178003469294,49.73898156498427,2.1238063222716086,26,0,8,6,29.895026940081216,2,3.812730799119468,No
34,19,Marketing,5.24669483904984,5.24669483904984,14.544327034816396,1.075917789830196,3,3.1898512917265993,71.78326468353121,3.4840042364552923,21,0,8,5,34.945929754245654,2,4.892136388942076,Yes
35,16,Marketing,2.351321418859263,2.351321418859263,10.63078690274868,1.6249019425190543,3,3.9915753225033184,30.098151268514663,3.397082611278211,38,0,6,6,32.38247037156025,1,3.0742029183272637,No
41,19,HR,4.145105039427832,4.145105039427832,11.85470024897996,1.6462782401844969,3,4.007026200757992,64.78483988374984,2.1736801200410047,16,0,9,3,33.28673205994533,2,4.295062573879033,No
49,19,Marketing,0.7051423371096442,0.7051423371096442,6.668873030368998,0.5408708135151427,5,4.907047950960463,54.26020897366219,2.702158157115465,20,0,8,7,47.855897765939446,1,3.191420298300418,No
34,20,Marketing,5.501832205944028,0.3120510636486461,13.247242624048951,2.5881484592096116,3,2.6753861880111125,80.68901010624661,2.1051447577635014,26,0,8,2,22.153169699713704,5,3.2400300863659126,Yes
33,17,Operations,0.5193478701681512,0.5193478701681512,11.392647975412155,1.3790671125265983,4,4.598321677368343,34.40758723407029,2.777941651926232,20,0,7,2,29.634084427784423,4,4.163399958980014,No
34,20,Operations,12.192319289354444,3.9515409481701367,13.544882611543644,1.8423852189759653,3,3.5939164027399446,59.63280617591256,3.214406200056124,30,0,9,4,15.13823699384863,5,4.119847086167403,No
32,19,Technology,13.68689829616248,5.893061786668646,15.19029382760814,1.1804304102268326,3,3.9178943582241073,61.19690184653071,3.979379112472311,19,0,9,9,27.393125094034176,4,4.03640036405124,No
33,15,Sales,2.7557530601646154,2.7557530601646154,11.508238157914366,1.4446552328432536,3,4.18245270477815,48.156838083315826,3.3068129418348167,32,1,9,7,21.84690838774141,2,3.886941763228086,No
29,15,Technology,4.433262245591808,4.433262245591808,10.0490846221711,0.6753743620386207,3,1.9876631507446247,67.38568673632773,3.084372684210764,27,1,6,6,21.19676097455516,1,3.261790375066328,Yes
29,17,Technology,5.552517633135335,1.072223686408321,10.98287550346469,0.5968955330324666,4,3.4919811055882115,79.35991145223701,4.506635758491077,17,0,5,2,24.95266624743519,3,3.2488192955436888,No
49,18,Marketing,2.9615745922739993,2.9615745922739993,6.081588042378875,1.097228696814892,4,3.308325409624298,49.8798659853557,3.9141307118431468,18,0,10,4,41.675224401421694,5,2.732435312910564,No
40,18,Marketing,0.3,0.3,12.760411214355814,1.7767478654838191,3,3.099181546128567,58.706599671675626,2.602077662554565,18,0,4,5,62.515743962802546,2,3.5250851569331583,Yes
28,12,Operations,11.649124452336798,4.7138028100060785,17.55959457937625,2.0646419170944825,3,4.099139720279471,79.00575869651853,3.4841093061877833,33,1,9,6,34.221618789331266,1,4.551557512389362,No
24,14,HR,4.5086765504208035,2.031694641178229,10.374743664941509,1.9339837048621427,2,3.213711596023619,53.97664878205836,3.480573059673785,41,0,7,3,49.88543922813335,2,4.967094201517725,No
24,20,Sales,5.6979839172974955,1.7118390134356878,12.618700989933378,1.7361890337061714,3,4.309321551097014,88.25696445242278,2.5813592414640825,11,1,7,4,68.94560578302627,4,3.5199575998789068,Yes
33,15,Technology,2.5864160154995735,2.4542407523019514,7.610575213191514,1.2065485613669906,4,3.71021502520584,62.989701236586285,3.571349190899104,30,0,5,5,20.319964557393302,5,2.7251678028630777,No
30,14,Sales,7.6146023972003105,1.2639640558776637,9.310195924202677,0.6021049018750142,2,2.6199355748719486,63.41008525468644,2.8911454165680177,60,1,12,4,26.050880799809732,4,3.5337347548417615,No
28,18,Sales,7.647022628023427,3.5198029031678844,11.706836776733882,2.037965781358443,3,2.521840277585964,64.05401739255073,1.7269246676934649,16,1,7,6,31.325990749034517,2,5,Yes
24,18,Sales,9.387838283746634,6.458249549099304,14.213168727066492,2.139887830116388,5,4.898679648368719,31.818166117289554,3.6973642859509233,5,0,6,6,5.5866007014698,2,4.49313307385964,No
40,12,Marketing,0.35188658526991135,0.35188658526991135,9.682540286170429,0.6642853899103613,4,3.8736997517837852,36.580548972495464,4.106487382537291,42,0,9,3,29.87604680043671,1,3.545015633296099,No
34,15,Technology,5.696543859653696,5.696543859653696,14.769560978575505,2.209305468018213,4,4.001574395523745,63.451571322754084,2.793550430638467,7,1,2,7,61.38412566182863,3,3.3190831981837556,No
30,18,Marketing,7.3251740588982015,3.6378446846430488,21.03560143198828,1.6065077773202383,4,2.6913098557408603,44.93907774946385,4.100759105774806,35,0,9,2,48.49993144333459,0,3.5584467994022098,No
35,14,HR,8.887150558734318,8.887150558734318,11.058396977458928,1.0117392863234902,3,3.085045493537701,43.74819179000206,2.384442386194213,8,0,8,6,23.09388840179885,3,4.927871283969199,No
42,16,Technology,7.018570521470184,5.6018005413929535,8.254138884647368,0.46411157653094237,4,2.5965276288759056,100,3.615614535007327,27,0,7,2,34.98687173569156,5,3.9889939452498244,Yes
29,15,Sales,5.134986351117788,3.807552124999206,15.235563344090647,1.656334970603058,4,3.489184133403751,75.56227719392278,4.082884332163305,47,1,9,6,53.30773240207777,2,2.801145602819693,Yes
48,17,Operations,10.55042636386008,2.76715317545512,11.597598089180687,1.5998462493703816,3,3.887723749836914,66.63503021503638,3.304462026978962,24,0,7,1,12.701389031185728,5,3.585955539204493,No
52,17,Finance,3.5264663370602105,3.5264663370602105,9.55450023995092,1.7887758407837706,3,3.907716512753666,61.431651275369816,2.820709185529935,21,0,4,4,47.91394838315516,0,4.411800609915,Yes
38,17,Operations,3.2659363846055043,3.2659363846055043,14.200990690089535,2.589326862134067,4,3.9108790279985124,28.532686933905666,2.370497408462997,19,0,6,5,31.85802582600975,3,2.5910768382611984,No
36,15,Operations,4.160118323380794,4.160118323380794,8.29158966047914,1.5562934166853202,4,3.7992450944334344,63.07480348722531,2.9403019662026986,15,1,7,5,11.029007955110249,2,5,No
28,17,Operations,10.925245382904865,6.197046059916766,10.460165855965531,1.9379717252048474,2,2.903781255194285,64.39729836988921,3.399985575111591,33,0,10,6,37.996110658197495,3,4.076668508967806,No
29,18,Marketing,5.221116831632873,1.9831599051584028,11.217193780302397,0.735653238615617,3,3.276216122212221,77.96101727017552,2.574803103909235,18,0,7,7,20.8051673352658,4,3.6161182107819165,Yes
41,16,Technology,16.088770012450194,9.011949031658057,18.656272572817247,3.567247036764423,3,4.01800317862628,76.96239846257852,4.523081451542588,9,1,6,8,11.13852216262116,3,3.9619491507620217,No
34,16,Technology,0.5126093148325257,0.5126093148325257,3.9459103347075954,0.7281438960056281,4,2.6931982579644766,38.235272563112595,1.8091799252963405,32,0,8,0,46.25970185305392,5,1.8284968984151684,No
27,17,Marketing,10.900928773507362,7.278082989515017,13.6974235216539,0.7405877527057922,2,4.102628627364012,78.70695198344919,2.497452096168884,15,0,10,5,47.59024140678893,1,2.235946394665989,Yes
34,16,Sales,6.122267154857651,3.3946211415587184,14.124252250625485,1.383149936683093,1,3.325202975353678,52.805874240114335,3.1885551841048594,30,0,8,9,15.301505790093632,5,4.199821862046607,No
29,15,Sales,1.687814701174086,1.687814701174086,5.239654206788885,0.622311068923575,3,2.6853754098109737,43.666848163928286,2.5013894142270576,21,0,5,1,17.936233603766418,2,4.09878044486195,No
39,16,Operations,5.945599036256003,5.830968927064069,12.872957562720469,0.8799967734073246,4,4.827686566293898,52.42751731775395,1.8886450403210306,20,1,9,3,31.336292780184152,3,3.0055163661063253,No
23,15,Technology,0.7573507180462598,0.7573507180462598,9.966179059587482,1.433464382533171,2,2.895827627707255,56.04327080613037,3.5850286898489583,53,1,9,2,23.263045260450628,2,2.6404544695205705,No
32,17,Technology,0.9987911463601292,0.9987911463601292,14.233250887818727,2.3217649781916108,3,3.502982933335073,31.67143772642903,3.2057711754075715,28,1,5,2,15.645582672467448,1,2.257945640028029,No
51,20,Operations,0.40629844672046533,0.40629844672046533,11.336341687920925,1.8329899511389598,4,3.6998964801641447,55.46177767389467,4.195634322847626,41,0,11,5,59.879552105889644,3,3.0272897530055314,No
31,19,Marketing,3.2759571859971817,3.2759571859971817,11.084312520137816,0.5835137435852463,4,3.596469572780816,31.54861559858449,4.675132627896379,50,1,10,8,34.06186090906121,4,2.2984680653366727,No
37,13,Sales,4.061785105844594,0.775762236726283,7.70406773566418,1.1163567596351271,3,2.675194917014286,49.870727910992514,3.2015099528658317,18,1,6,4,80,5,3.553579038429847,Yes
29,19,Operations,9.49649807343082,6.771235083303245,15.577692043124525,1.6111613158751688,4,3.739827772111608,61.27639615639546,2.6912250888013527,57,0,15,3,28.866481972995302,3,3.365085729633897,No
38,16,Operations,6.415474515473642,2.7685528023505546,8.106529333365506,1.2974841106915076,4,3.6689682595964412,44.798413847225085,2.980929118468057,20,0,5,7,27.460198698138512,4,2.571972712274238,No
37,12,Sales,6.263887365976138,3.5666909749770017,9.564274035528324,1.2920089959391876,4,3.598229826051008,54.49807239282005,3.9683263410954495,32,0,8,7,15.70780994109551,1,4.711631004773295,No
31,14,Operations,7.673689746586052,6.5943277022649,10.5790054832339,1.7837963570180955,5,3.094951038500095,43.72397422514328,2.5879078623956806,13,0,8,5,50.56348034823005,4,1.6022242891351788,No
43,17,Marketing,8.172708380925721,3.7041163112485296,10.865580504154282,1.9591103355682045,5,4.165295551381932,46.75675222319319,2.0841506259447686,74,0,14,5,17.261012755327684,4,1.6974590252923054,No
37,16,HR,0.43482379188005266,0.43482379188005266,9.647040355366267,1.3765247686930215,3,3.1856697592709993,55.86755435812496,2.9930891313527854,28,0,5,6,20.689580712555532,2,3.8793134530040367,No
27,19,Technology,0.6266919648508549,0.6266919648508549,11.582647799063297,1.2890980420589293,3,3.001276865026794,82.75176994186594,2.4922727168337184,52,0,12,2,27.95032317712714,5,2.982032665222375,Yes
43,18,Marketing,4.332098818254895,4.332098818254895,10.821700107711797,0.7190724447500332,4,2.3956190173519487,77.56720087022997,4.408715954053947,29,0,5,7,49.63858472457884,1,4.011282150244497,Yes
28,13,Sales,2.6154228763913707,2.6154228763913707,9.095685613579839,0.4761023446412924,4,2.5076355177686813,43.809837696603665,3.200252565212163,11,1,6,5,13.734059750744569,1,3.6419389917323803,No
24,13,Technology,9.37036407120161,4.485175647942976,12.96042034520261,2.113038586601713,2,4.194761780877874,72.56508319585858,3.6967863437178523,30,0,11,5,37.69791576872234,2,3.7868513175797074,Yes
36,17,Marketing,0.4510888311946818,0.4510888311946818,8.242465536981683,0.7517384199485505,5,3.615133780853293,66.32405010970388,3.1820246647125585,39,1,9,5,21.987461778077765,4,2.1180883038966725,No
42,20,Marketing,0.38006477388737137,0.38006477388737137,6.486042601539716,0.916209380368971,4,3.2135311019683566,65.3464606387098,2.4902941212268113,19,0,4,3,46.55355719021544,4,4.267067976782402,No
38,20,Technology,2.1645204626988437,2.1645204626988437,9.090089468588305,1.1006895416028768,5,3.413059244556323,72.22030906202004,2.31882777737932,29,0,9,4,31.045247436242477,3,4.4825858305836475,No
50,16,HR,6.710525224604694,3.4052224841848227,8.521677822656656,0.6707009428167106,2,1.870224754135836,35.652873804570035,2.499105913434584,39,0,8,3,15.103092089705251,3,2.4129166663255734,No
31,18,Sales,3.83373099483009,3.83373099483009,9.967487294459303,1.2751858329351486,3,3.6205229386184006,52.614186114122546,3.1023317481394326,34,0,10,2,39.138359673288306,3,1.74955704858546,No
31,17,Technology,2.947116436373028,2.947116436373028,12.571838824068209,2.1255087769361305,3,2.9071578668125504,52.189685142950914,1.972623260032956,33,0,5,5,33.25207516391534,0,3.727453379483179,No
41,17,Marketing,5.053761895470179,0.6460753597834317,8.60893007728303,0.5024166928581321,3,3.6030789302035937,80.11667531193746,1.8986282023789807,16,0,5,5,11.03394627197051,4,4.303246296202363,Yes
46,16,HR,0.329951699348469,0.329951699348469,6.854437179518001,0.7847531047869628,4,3.7986807192598695,66.8381770248151,1.791495243578416,32,0,7,5,15.888459791057683,4,3.075291023482678,No
23,17,Marketing,0.30060504882102196,0.30060504882102196,5.5766189032831575,0.9612645771525699,3,3.0771045637567673,28.91485898129084,3.489815778375261,27,0,6,3,20.103453599925693,3,2.6220160587755124,No
28,15,Marketing,6.738490967047552,6.738490967047552,11.008083138815278,0.6822049746826926,4,4.706438877993144,52.54990356126348,2.781693630670219,49,0,10,3,43.22052552845207,3,3.7279027313804898,No
33,19,Operations,12.059913527061683,7.811500658950459,14.335979095920539,1.3799414886610508,4,4.706135520564441,57.822151799330086,2.0811111532645508,55,0,10,5,43.324779831999756,4,4.223155565856509,No
34,18,Finance,7.375761120890578,4.210982317188266,12.899294216826217,2.049147341441964,4,3.907878164902216,58.584420497217216,2.587772616971641,31,0,9,6,41.0474199607793,4,2.4907915358272974,No
21,12,Sales,4.590465113735869,4.590465113735869,10.196111460358,0.6975775395796944,2,3.4622541863430647,68.01269794454625,3.783659297195,24,1,7,6,45.321557712966076,1,4.824801327552366,No
27,14,Sales,6.236276769785572,5.689320135479106,16.201957117771176,2.5123765746979947,3,4.916589945208776,61.555545484988365,2.496609727597085,15,0,9,5,23.10641485683121,0,3.442655790417989,No
37,19,Finance,2.861261237152927,2.581100025404691,9.457374873993073,1.177575697122922,3,2.001036622266348,69.74788552424076,2.1319142643138562,15,0,3,6,18.779196563492665,1,3.2148951056363346,Yes
33,16,Sales,0.5047438756266451,0.5047438756266451,7.123200022063322,0.5149901422490973,2,2.6962989531371266,42.79631050675403,2.9740288933005044,53,0,9,7,14.209749947777771,3,3.7422233127165043,No
30,17,Operations,3.9917322189065225,3.9917322189065225,8.280121208343568,0.699981525484135,3,3.617551334983021,54.700486111195445,2.619694223697822,34,1,9,4,67.45701720059016,2,3.340367469031397,Yes
28,14,Sales,3.1669491088240287,3.1669491088240287,12.90915394374358,0.8943165083775076,4,3.5153426996698975,81.85033556818641,3.6284917101922134,18,1,9,10,7.082448385411788,5,3.8205617516145525,No
40,14,HR,12.482995294065162,5.81540741303008,19.339026830302902,1.5897533586542194,3,3.5334524969540375,46.62535040399907,3.2636113654017973,19,0,8,4,27.69330885995788,2,3.5732451925629194,No
38,16,Technology,20.623822779759593,8.84844961154684,22.449030570100092,2.1657403473715857,4,4.005023896291288,39.77912885169572,2.98110332406307,16,0,11,4,67.82968712352819,2,3.041660406351429,No
32,17,Finance,8.512874250259127,3.5866775208061092,9.965096176792757,0.7217834412835995,4,3.604900129408346,37.46220659372754,1.7112207391198913,36,0,8,12,45.32260631218566,4,3.3185567919176946,No
23,16,Technology,10.89155005804084,7.993517125396725,15.822739259996206,1.603986682860198,3,4.486428719430824,78.20187290405937,4.191935235176844,21,1,6,5,14.09364927316704,3,2.7077015383695504,No
35,13,Finance,16.991639637837327,7.010144656147995,22.31822984540296,4.155652211957296,3,4.009581315763099,59.45732425192061,2.295199722498569,16,1,9,4,55.91657323976973,4,3.9099504510812406,No
37,12,Finance,2.648460377307044,2.648460377307044,8.474805472077344,1.5792642749489991,2,3.7967669712796197,34.24509477277935,2.995939297612675,20,1,7,1,15.78192360544572,3,4.37886471608631,No
35,17,Sales,2.1107924258761015,1.1287587912134065,12.934433273467887,1.150031962627941,4,3.5092230144932084,61.80752930272902,2.905977184369263,48,0,5,4,64.87955469718763,3,4.994051108695636,Yes
29,15,Finance,2.9456249948107254,2.9456249948107254,9.696936968921246,0.5086866153838372,4,4.898322132179743,41.56166427767549,3.8940173454179736,39,0,10,4,34.79964236316211,4,2.8036573893399748,No
29,15,Operations,3.629892190016099,0.3,9.753344582414442,0.564800972098573,2,4.989915917774354,22.73026823823897,2.776015229416072,48,0,12,5,45.521615681078394,1,3.432491486068039,No
38,17,Sales,0.7249215779105918,0.7249215779105918,10.088483922301338,0.930738303644269,1,3.5148073699554017,71.35957610362605,3.1156218355573935,18,1,5,1,23.576403890448812,3,2.1551590133414495,Yes
21,17,Sales,1.3266041387057808,0.5693057413258964,7.231047841303697,0.5307486679241511,3,2.877634327083809,34.11683130787674,2.4096208227338534,59,1,12,1,6.088491524861589,2,2.856006955905632,No
40,18,Sales,3.2363644711347135,2.084882678431347,14.963733600550821,2.7474888338248515,4,1.4865585586955161,57.007346406469146,3.774844665909928,23,0,8,3,29.662871737097184,3,3.155805448553095,No
39,18,Technology,2.4021970015379406,2.4021970015379406,9.609717024224693,1.031467066853609,4,3.1103670408991833,60.48063780579668,2.8031765142150675,29,1,6,2,20.73125087355726,0,1,No
34,18,Sales,1.8261364987257067,1.8261364987257067,5.722764649651473,1.0902998826873613,3,3.3081229453887744,47.5900255793833,2.8209801561777987,40,0,9,7,55.47777707303948,4,3.090783461485544,Yes
26,18,Sales,3.943687058241413,3.943687058241413,7.467988667309348,0.6436649493295823,3,3.4520061641052537,65.69720036999463,4.79885089537158,31,0,7,7,51.30322899819007,1,4.991304080413365,Yes
21,17,Technology,11.923765294213917,4.087753022648853,14.682935414172949,2.665222943521482,3,3.5478511688306216,50.79549361464261,1.8929257136859965,16,0,10,2,53.97672505653966,2,4.989215536382746,No
46,17,HR,2.355564147358505,1.458824127754198,10.676367354775381,1.5249276273158066,4,3.5900658367452767,57.98467029432691,3.2938897938943645,24,1,6,2,8.041315277659251,1,2.8543025447025956,No
34,20,Finance,0.3,0.3,6.629142518624937,0.746617927820958,4,2.499417072342319,57.95604475201576,3.6033678218614225,35,0,8,3,14.673747362292739,0,1.9373968772837424,No
37,15,Technology,2.243556526732384,0.3,11.165351259428574,1.5126308144579572,2,2.5918291848155794,51.12161780637064,3.0234994424173562,26,1,7,4,48.9809631375688,3,4.245089855075358,Yes
42,18,Technology,0.4214356234886908,0.3,7.36863022641667,1.2340228128989368,4,3.5102519172853963,45.56141629452783,2.9879162894194446,56,0,7,5,33.74747549938465,1,4.193130228591888,No
25,18,Marketing,4.367386282800558,4.367386282800558,8.436575319793853,1.116966282339241,2,3.1000143886989497,62.147685481098996,3.326785725852044,59,1,12,3,13.623978489820212,3,3.2131766422360473,No
25,17,Sales,5.132852775750915,0.3,10.209458041519929,1.971890285972346,3,3.827703136644588,75.99185394250686,2.3015164990885713,53,0,11,3,20.339160648915488,3,3.448871011909698,No
25,13,Technology,2.478113133562543,0.3630082436292782,10.261559558735021,0.7694081928061582,4,1.4867471589684782,51.49436591459626,1.9259369087440104,29,0,5,4,12.442282567789244,4,2.584185994830111,Yes
35,16,Operations,4.373780370542342,4.373780370542342,9.566028315613861,1.1342926451660713,2,3.193187799745916,60.92562222688585,3.3008411010818124,50,0,10,3,38.575450205827316,1,3.105801200052979,No
36,15,Finance,5.191928632641677,2.9224729162441254,12.09072166051386,1.122726343612512,3,3.7943069661522397,73.66542565996826,4.3038735313907726,48,0,11,7,28.11269692012071,4,3.1880357728364563,No
33,16,Marketing,3.5060667129396808,2.468668507980043,12.750596099058622,0.6988780728233387,4,3.2011739830104537,45.719758253957544,4.538835925187365,59,0,9,6,23.697929394216136,4,2.8905846618547266,No
39,18,Operations,3.893388280669194,3.893388280669194,14.350522670009473,2.0545635379480256,4,3.5012258361719004,63.62893728447328,3.8915320994269593,46,0,8,1,23.95162170545179,2,4.752547230036824,No
28,19,Finance,0.31440306122296297,0.31440306122296297,7.67091449523546,1.0514185635898885,3,1.8204714855885245,58.57220172937254,2.803255867174615,11,0,6,7,37.92889203390583,5,5,Yes
32,16,Technology,3.808779826668419,3.808779826668419,10.611114796751549,1.873567653108784,4,2.9218832322036845,34.629607400710654,2.728291962672756,8,1,5,5,36.15099247214522,2,2.4816546244256434,No
32,13,HR,2.9384151988529963,2.9384151988529963,14.383666913868039,1.4756579202677511,3,3.1905551125064466,78.72445453756383,2.308455779433289,35,1,6,8,43.553560149564944,5,3.013618603515594,Yes
23,15,Operations,17.13466507439834,7.170643987680036,25.95128253981061,5.218398147291622,4,3.9803560945829473,69.69296522843833,4.395413855188885,41,0,9,6,23.06456150995516,3,2.8879593251319253,No
34,15,Technology,9.566589043269227,6.094052822169265,14.570357112143133,2.394724838016542,2,2.7194484928735543,59.70790405644671,4.20943415076887,29,0,10,5,34.75683700946363,0,3.039930165493782,Yes
29,16,Sales,7.542861001826011,4.571369678894741,9.405646608917008,0.46242669092237654,4,3.278933846821293,51.365364969214234,3.379044246170058,69,0,11,5,48.34977629958914,5,3.9528322542355356,No
32,16,Operations,2.1936551423402677,1.776100672787093,10.961040534414254,1.3600418263210359,3,2.800557198671398,81.80394809106659,2.402296443597608,22,1,7,4,25.06079913434236,4,4.132967846900326,Yes
32,14,Technology,3.7757595472141467,2.787203577607182,16.631848175163732,2.847926770688664,2,4.07997635468606,47.67599218673062,3.67779551707076,13,0,9,4,16.043192244158664,4,3.5887087568344467,No
35,12,Operations,1.6024448944693745,1.6024448944693745,6.457215868825677,0.9951928524914773,3,3.714390820695667,74.542557792757,4.218885257009195,41,1,8,6,16.800087163437514,0,3.3776836089825597,No
40,12,Operations,14.879123059602861,6.382966108422984,23.428106270965475,2.7614690918401976,2,3.1204427231607172,54.13716057188278,3.3930749852293345,41,0,11,8,6.17196471333494,3,3.7605110755507063,No
47,17,Technology,11.426575657226469,7.672613085165562,10.003238510371856,1.619551171882017,4,2.6793198795562367,55.42394638046127,3.1003247805301615,38,0,9,8,12.157735395170292,2,4.018375450920526,No
36,18,Finance,2.4860915950945572,0.3,12.904010738968454,2.552597373952824,3,4.990416311484469,42.76181739140762,1.703144373225108,77,1,12,3,27.52573569326367,0,2.397382281501816,No
21,19,Operations,2.5358458995774917,1.5605729538390323,9.963027681788697,1.6498362049682165,4,2.6862417894982773,49.98771163951563,3.0815532346633154,41,1,10,3,11.387729638489072,2,3.3715850352546815,No
44,17,Technology,2.9489359551681256,1.5508698032506625,11.61146395978652,1.7204385983052777,4,3.8054643180765355,86.87656403703063,4.189123900923301,11,0,4,4,47.300933645921944,1,1.8471858779714743,Yes
38,18,Operations,2.2678275245189523,2.2678275245189523,11.400212081647911,1.400678801978015,4,2.8831193161562916,72.29667481149565,1,34,0,9,6,8.503735598086374,3,2.787015351806414,No
21,19,Finance,7.48905258536551,6.796831792135042,14.515918411401154,2.1535558088895104,3,3.1159473746708377,63.224532777434305,2.6042071451106845,27,0,6,5,29.927313037291835,0,3.820722287438586,No
31,14,Finance,6.4491351209567345,6.364419620113901,9.999552267709664,1.7824547591388102,4,2.5001479723352884,81.20908352902882,3.6161422128070617,9,0,5,4,20.938154627980374,3,4.28886626719611,No
43,16,Sales,1.5129668623643129,1.5129668623643129,7.2030881396496875,1.0137787771313342,3,2.7859330090239243,23.410577779734506,3.7009789441379373,37,0,7,2,29.297430845236775,4,3.154781760024046,No
46,13,Sales,3.8193967044396775,3.2222011260441077,10.073850043801627,1.1884392569880076,4,3.9037982851342714,86.82081585927062,1.1791455518830263,28,0,9,2,20.94981010643218,1,2.3057783099819367,No
47,16,Technology,7.154006969962337,5.600331279280835,15.860546223995986,1.9511489621705826,2,4.090321431544773,68.68854783846005,3.487085665468414,12,0,6,10,39.372462706935856,5,3.05949432036777,Yes
36,15,Operations,3.078845520856738,0.3,5.617419763141291,1.0355755843213295,4,2.4013547141543317,68.436578524584,4.988051616309902,37,0,8,7,43.33649871449395,4,2.6577085079051916,No
37,15,Sales,11.501770104885706,1.0378914953072504,15.561218933836454,2.9466070162233353,3,4.100982023090783,49.34088603166081,3.6080746763595215,23,0,6,3,51.59549573349106,2,4.629304091786014,No
37,18,Technology,2.7472530525128933,0.34255728832874116,9.703082835395872,1.2991597255037803,4,2.383886317141785,69.65235875523848,1.5957566299879593,38,0,7,4,22.38638832322915,1,2.619087652793006,No
28,15,Operations,20.139750154376472,7.442432559185408,29.604782372083893,4.717265706292796,3,2.5346767287583023,80.11661662556617,2.9024599477678037,35,1,10,1,12.412646143944304,2,3.825739432344539,No
37,19,Sales,2.4837759132947217,2.4837759132947217,6.84499172303106,0.4577559177218976,3,2.8143749421385578,47.60736169613457,3.581461600922723,20,0,2,3,40.096018009548466,5,2.1069908915338362,No
39,20,Technology,0.681871632250488,0.5685895041411395,8.072574365163469,0.9558131837831855,2,3.130706053280406,51.42341093470633,2.579757812945603,25,0,3,5,15.077409248051323,2,2.936972086203942,Yes
27,18,Marketing,9.512317466055197,8.809188374728546,17.616795798906992,2.6567864596281607,3,3.521656788460074,72.71595889949602,2.4895066796431036,28,0,9,7,56.50500923704495,3,3.70717454233181,Yes
35,14,Marketing,0.3,0.3,6.8397277914793495,0.7244603380476337,3,3.0854908935925422,40.65264175104369,3.2003679044634272,16,0,8,3,56.42599525079502,0,2.6480737663482192,No
37,18,HR,4.237182426279367,0.3932348451599741,12.542978051070856,1.2685379239769237,3,3.186009445124696,68.33564766789189,3.6335502978981635,51,1,12,6,42.83987067181887,3,3.6614570145585383,No
33,20,Operations,3.651875481953782,1.8014165692783914,12.826087686916402,1.8587604674392226,5,3.1183764846919755,78.64591541399793,4.194823949038862,21,0,8,3,7.365718701354458,2,1.1511358970711643,No
41,16,Sales,8.795806392971482,3.8232484613708104,9.34197245207837,0.6407172286231336,4,3.3334769239518676,38.32588273542903,1.5674879629727816,44,1,11,8,43.07362744038729,2,3.858315740197154,No
27,17,Operations,8.850386578355847,6.863645240809891,9.52382867657369,0.9491463580909978,3,4.494207687472289,59.335695405593555,3.1810208278131777,12,0,6,4,53.38551414164465,2,1.6384508053402678,No
28,14,Marketing,0.566548444464818,0.566548444464818,8.884903527722027,1.2030559637606448,3,3.7144245604479558,40.06133983592016,2.811128120061955,12,1,4,5,38.283295035167164,1,4.305467797471734,No
51,20,Finance,16.0322441760728,4.377154869269265,22.7545389702057,4.456108899924203,3,3.2894735851745267,36.14822380431667,2.775338923623728,14,0,6,3,62.64434470264299,4,4.451338750101442,No
25,14,HR,3.2240300886051703,3.2240300886051703,9.229997312044429,1.455941013127326,2,3.804614486588232,85.18929403259064,3.6020079279312593,21,0,7,6,37.420297354668044,2,3.6560298730188854,Yes
59,15,Sales,2.5918380554824187,1.2906229279116972,11.085081594247901,1.7114201056827496,1,2.630434737648133,86.62218724481482,3.1856507962547456,38,1,7,3,62.0884212754627,4,3.330711947200546,Yes
38,16,Sales,4.153775101785864,4.153775101785864,10.117334566307555,1.0509268632930073,3,3.2904066010634923,43.837475974603535,3.9912696223831357,33,1,7,6,26.488792160379486,5,2.703035869052066,No
32,17,Marketing,13.142179619989415,4.923447125752121,23.043523983761673,1.6842192173329087,3,2.4793269483674867,60.66860175101815,2.094117989613343,45,1,11,3,34.10551492665453,3,4.024776069743418,No
44,15,Technology,2.581926256385227,2.581926256385227,14.88996554135996,2.8559007598929544,4,2.1895615224900213,48.9312019835544,3.8016510190671875,29,1,7,6,23.448675282714987,3,1.57725122333351,No
42,16,Technology,0.7354467997695022,0.7354467997695022,10.47201523329657,0.987788569098792,4,4.094020815859852,75.85340230948154,2.047777210682348,41,0,9,6,20.835577957186203,0,4.257270378763307,No
39,17,Technology,0.3,0.3,6.836084750494379,1.227690790247925,3,3.2979080745535927,19.190104130405363,4.0892113819347795,42,0,9,4,31.600061485062607,2,2.327454890394519,No
33,12,Sales,3.8579914070255463,3.8579914070255463,7.04148803513856,1.3019868608430218,3,4.497984169578576,54.38486879261797,4.280357600833165,48,1,8,2,12.787722062440869,3,2.143063262558408,No
28,16,Technology,1.3229485687453115,1.3229485687453115,10.885708051787136,1.4125626247051772,5,3.7061927944646325,53.55672521165106,3.920889594608331,11,0,7,4,18.73648757035162,3,3.6964660429128444,No
27,19,HR,2.10589209945704,0.3,12.155790033962028,1.668850332142016,4,4.197956593368541,62.430561222134266,3.6024536716251396,29,1,5,3,26.94535919577523,3,2.754292827254716,No
50,13,Operations,4.473879710983536,2.942230427820005,16.18664678045675,1.3268798395215022,5,4.304572976909025,84.94544877578717,2.289780166981481,13,0,5,9,8.223726125926282,2,3.980712689886515,No
26,19,Marketing,12.117315287831815,8.154761325382815,14.272428634381523,2.573695293776654,4,2.6962748979847193,75.1659178529495,2.9198907269866496,51,1,9,4,17.569945734093945,2,2.89414182387653,No
33,15,Technology,10.89276305179651,4.6186515934899415,16.8134483215981,2.7264389306101977,3,4.312220983099575,42.08643833992009,3.0326271186237155,32,0,9,1,16.514557449982338,5,2.6448910072131535,No
31,17,Sales,3.9914438805409493,3.9914438805409493,13.246356661722965,2.315060870350763,3,3.805184700007428,38.92657214043886,2.3040777000183303,15,0,5,3,79.79031486216621,1,2.804523090450326,Yes
49,17,Technology,2.9313188870030418,2.0179989194158154,12.698902015827812,2.207714982672493,3,4.172346789778023,63.165284571774556,1.0043566460150428,18,0,8,5,29.1871696016749,5,3.642862847683969,No
30,15,Sales,1.8089445025872322,0.35997830430489536,13.97920524799665,2.2270194077386676,4,2.3965947327187616,79.68602537650183,3.718008246954883,43,0,9,1,41.44082754892085,3,3.077485316047074,Yes
36,13,Finance,4.127898531190624,4.013299383493444,9.743381108296878,1.4585448087330026,4,2.7101019085276836,66.17912443257644,4.187679040697013,25,0,5,3,19.041290852435694,3,3.8035888998442515,No
33,16,Finance,0.5538854112080593,0.5538854112080593,8.026874139957801,0.4276096107150017,4,3.6077610240679765,76.9412435387641,1.8216757314947887,44,0,8,5,48.22328562544136,4,3.5347463809798296,Yes
34,15,Sales,4.8414077929586385,4.8414077929586385,6.502719305876885,0.5849864272243631,3,3.3815144483139568,87.11401805976814,3.501513168709599,12,1,5,0,34.14091731468103,4,2.064907056102825,Yes
35,18,Marketing,2.558736669025652,2.558736669025652,9.03539289290371,1.7337297995491974,5,3.022969942381283,76.480937527949,4.4661609625031184,12,0,6,6,64.19287067394136,5,3.2495482765955876,Yes
36,18,Marketing,1.2607740295397047,1.2607740295397047,10.60954691050121,0.8893285420375531,4,4.891599181893057,53.61257267198307,4.705090481022022,42,0,8,4,30.803788457739273,3,3.0914687659227993,No
47,12,Technology,5.874005260425287,4.390344685096911,12.020555892471606,1.0322565705473268,2,2.90574406867282,85.11945042210176,2.094379235762603,24,0,9,1,51.77483047713516,4,3.0847105972170104,Yes
28,15,Sales,4.839532034852735,4.839532034852735,16.546035681017905,0.9686214485195038,3,4.987366810093789,72.85163407639381,3.9129448370115667,14,1,7,6,30.68823974658586,3,4.2116148926347625,No
36,19,Technology,9.184334534867777,6.28240604118933,13.293555118192456,2.6247977036355707,4,2.398073510149773,38.59153135922407,3.217016258798501,14,1,7,2,51.310664859996876,4,2.1257356349011927,No
21,14,Technology,0.6732590680885094,0.3,6.470200516105172,1.2426365969860311,4,3.004003069341457,35.37019183169071,2.229451261492965,35,0,7,3,57.61733347026807,0,3.739924611656111,Yes
41,16,Marketing,0.927557559691391,0.927557559691391,8.934105887034821,1.620936593335334,3,4.394316085269023,41.74022013735639,4.067173450200758,35,0,9,4,26.52752396816671,4,4.5056082219866145,No
23,15,Sales,2.7281768961677457,2.7281768961677457,9.083178289430556,0.4667010845053463,4,3.9853485638717525,83.87875162689451,3.513286038878655,48,0,9,3,17.08713221418236,0,4.814888381963065,No
45,13,HR,3.0303469179918916,3.0303469179918916,10.713417743585026,0.9155668134745029,4,2.6195630320872505,64.10482004850614,3.5423342146753294,53,0,8,5,39.84906307950609,4,3.2955936592828214,No
22,13,Sales,8.718562897388326,2.328374827809939,14.978069773650114,1.4198457794054882,5,3.3818423932715427,53.94126427366435,4.480378156368077,30,0,9,3,27.560704204235073,1,4.213706818648872,No
28,14,Technology,2.143594431647638,2.143594431647638,12.661615043975289,0.674116753597481,3,3.0958574869754343,82.77125791132266,3.7358229889204067,43,0,6,4,20.392576378660973,4,3.7581686155339376,Yes
33,15,HR,2.168597385394557,2.094332377470177,7.776699241092312,0.5823650704270507,4,2.9212991654959644,23.02004305336147,3.2035861408534045,13,0,7,8,54.93267343696723,0,3.2981471129482998,No
38,17,Technology,0.3,0.3,9.788459432128933,1.388376092315777,2,3.1885603531761366,76.68740931059772,2.989888199553574,20,0,5,6,29.844548720458945,3,4.965952316675543,Yes
30,16,Marketing,0.3503637744766986,0.3503637744766986,10.255385376338975,0.8581566271328017,3,3.0794070412452355,59.07735737556643,3.654348118493155,66,0,9,2,51.58845948835413,4,2.342268252474077,No
32,15,Sales,4.842475990507961,4.842475990507961,14.938202463164615,0.8152205059402291,3,4.398606013336525,36.84919134585486,1.6052938331898416,24,0,9,5,21.282629034680053,1,3.9450897413320978,No
45,14,Technology,3.9935629969665882,3.4026343879637087,14.510240423137091,1.4624986828445192,4,2.6063650261882394,45.41818118788141,3.5029245755996796,20,0,5,6,18.174285572874652,0,3.4594588239668056,No
37,19,Technology,3.96978687920356,3.96978687920356,9.689361325797462,1.4360132765979465,3,3.410437035595849,85.59790142920208,2.3877282585954664,25,1,7,5,28.394322089397274,1,3.2631157075379735,Yes
32,17,Finance,5.6179373756893325,5.6179373756893325,12.446280938967586,2.0659099142819377,3,2.48252966984864,71.51272679123574,2.3812879472247253,28,1,7,7,3.251415248823828,5,3.1855975071271034,No
28,17,Sales,2.9784813212491112,2.1324646277096324,9.189961467802767,1.6820039483223461,4,3.624217226671718,87.30530939341443,3.5722727001504135,32,1,8,6,34.660230494454325,5,2.6155484162351805,No
35,18,Sales,9.487533696611607,5.877452282283754,9.858596719649004,1.771986549171115,5,4.01471765332929,55.52331679583318,2.9710075970350633,19,0,5,5,13.301542247758446,4,2.816513392697107,No
25,17,Sales,5.192501588428504,2.046090112226841,7.145277873750359,1.0918693286345607,2,3.305445431028284,47.04721778495937,3.1932697477998357,24,0,8,4,32.857586794324696,5,3.2635673826947293,No
44,14,Sales,3.0752309920764955,3.0752309920764955,15.52001345786004,2.9721602663268585,5,2.81129946248708,68.97511272557219,1.3139662513889319,58,0,8,3,5.245009759006614,4,3.588820507229847,No
40,14,Finance,1.5893365795110836,0.33843087003453515,7.10679440493343,0.8256939447359838,3,3.8171044767354205,35.368030672076614,4.320385688951169,23,0,7,6,19.68616145612626,2,2.000540332947072,No
34,14,Technology,3.117929560309979,1.7818954038348924,12.417281839486407,1.6238192134145315,5,4.678889865334702,41.593605605869726,3.721754868658884,38,0,10,6,14.93303272349057,2,2.727279832350703,No
35,16,Finance,0.3,0.3,7.62530136509555,0.5593476145509071,4,2.9733489612022366,39.91670527078781,3.4971287526311436,15,0,5,3,79.52523051909857,3,3.2334975237976322,No
51,13,Technology,8.322592152769603,7.0307235012099465,9.729176399956021,1.2786836284010414,4,2.8086619300164375,45.915010160668345,2.8215492111133496,47,1,11,2,70.50895149335305,5,3.759216830170586,No
33,12,Sales,8.569392024175498,7.772183589155569,17.346711153535114,2.5104832592127666,4,3.0935645317607348,93.62585960657123,5,35,0,11,7,2.63669066429841,4,4.08553236089506,No
42,18,Marketing,1.0960178967354253,1.0960178967354253,6.929803886639698,0.4618241499216595,3,3.3908706996403097,85.7213284706133,3.2144231407979476,21,1,7,4,29.191292264757703,2,3.8180851431193523,Yes
27,17,Finance,0.8910478031989476,0.3,7.862900121848911,1.270441470044979,2,4.3976551409157585,69.04208535593496,2.880189854614646,36,1,9,4,38.19359302352038,4,4.9865908167931,No
21,14,Marketing,3.5880199174238343,3.5880199174238343,5.848539125925021,0.8905989868691843,4,2.4974385605785354,52.54712343688711,3.1991717750001514,42,1,9,3,42.086022084481414,1,4.40815436895259,No
32,15,Technology,2.5495292328512216,0.6267562994092911,8.084167968583236,0.6841487643503543,4,3.8020815817678164,81.01613686054195,3.075985974329583,44,0,7,2,42.26364565714979,5,4.247878655298473,No
32,15,Technology,8.481799046173842,4.277624859324183,9.094160553321776,0.7288980387229079,5,2.2063562356380144,54.06604032693062,2.5106080278400964,53,0,10,3,32.98908955117108,2,3.995346097967441,No
23,16,Operations,7.862890305717752,6.075768970397219,10.884165965710965,2.1581376777563266,3,2.7268219509367824,55.48833915688702,4.415475434961411,60,0,13,6,23.82111165101194,4,3.9243365131666716,No
37,15,Sales,1.8589558113785767,1.8589558113785767,8.20214120344784,1.0998813302644064,4,3.19633078701526,34.835613227107046,3.083755798318388,17,0,8,4,79.91497890008206,3,3.9681002822167866,No
44,19,Operations,3.6430307819396144,3.6430307819396144,7.781997135880062,1.1216462514722234,2,4.273454345666673,71.41749035580037,3.892618156770442,39,0,7,3,61.79299387808714,5,3.741536606076394,No
43,18,Finance,0.5606299003202351,0.5606299003202351,13.908316469670666,0.7909145296477302,2,3.995991467648044,57.137154842436516,3.8238450374062025,36,0,9,6,30.596368546545932,3,2.954335108615985,No
29,16,Sales,3.472016829223158,2.329465782326057,9.478937005123086,1.8020045002064489,3,3.808454262687796,60.12307655486056,2.719772079814749,16,0,3,5,17.601073821026873,5,2.680607635945827,Yes
35,15,Sales,4.726546453675548,4.726546453675548,8.519246531587484,1.4817600050117268,3,2.9022733691738702,69.13138493950203,2.994872212688177,27,0,10,3,30.09896978656514,0,2.9927271254686545,Yes
32,19,Sales,7.129920498414021,5.467062054339995,16.08738298994811,2.9725674853124446,1,3.6629756437995002,63.89740601096631,3.7135960438087574,18,1,8,6,34.134876478168145,3,2.5409302469620503,Yes
21,19,Operations,1.6220223596286019,1.6220223596286019,8.684254519298827,1.2022911968249999,3,2.124269586742483,76.67612720751391,3.193082289385026,44,0,7,6,53.02293565420039,5,2.7535148945117602,Yes
21,17,Sales,8.773428900576421,4.437820738767706,8.685245898350347,0.6501781257175873,2,4.396915883667028,88.29736369894471,4.5270473599548025,49,0,8,4,44.26424332921204,3,3.083819085061161,Yes
34,20,Finance,2.1927676526265407,0.3,7.4261905476792105,1.3282771760038057,4,3.5855468057413358,43.35143906207274,3.744751784407869,93,0,14,6,27.33546485194325,2,3.773794841561341,No
40,16,Finance,1.65518973735197,0.8319532966374322,9.811521769558214,0.8586839638200058,4,2.60405143320822,53.34560037378956,4.291004705642422,31,0,9,9,46.99898537476322,3,3.968677996977133,No
42,17,Technology,3.1999623199885474,3.195572378744847,9.026661979669926,1.119722298895864,4,4.989100636166395,46.38883024013096,3.300192474534348,56,1,11,5,11.1737402706928,4,4.0923119911730845,No
43,15,Marketing,1.6218554473265154,1.6218554473265154,7.710324323005657,0.9964260974569825,2,3.887208106378579,48.40124077066785,1.6783216135869794,13,0,6,2,32.80460525285722,2,4.258118150836623,Yes
24,12,Sales,4.172751844996058,4.172751844996058,7.577653397201982,0.7187270619775437,4,2.3050306549443835,67.45890041985395,4.688871603154757,26,0,6,4,13.408334575816388,4,3.901451393791103,No
32,18,HR,3.096901490758977,3.096901490758977,11.300909441745635,0.6971755058577065,4,3.1279245087766636,42.706279896951514,4.128252389568953,42,1,9,4,4.466491917405479,3,3.282056739450711,No
26,14,Technology,2.202459558478965,2.202459558478965,6.973258590636199,1.3015395430111347,2,2.884961197147263,83.11737878341827,1,22,0,6,6,15.810858136250138,2,2.265187680538861,Yes
30,17,HR,3.893897006014874,3.893897006014874,9.361439570209638,0.6934749082249076,3,2.0116502398313107,78.47151458306179,3.78188664492412,21,0,6,3,12.798532942044877,3,2.1004657716232447,Yes
36,19,Technology,1.7938357162587826,0.6652889038330337,9.142559152265822,1.6734018020443677,3,2.2997927540344096,15,2.9106817399500087,27,1,8,4,39.086860573230524,2,1.3242820788731704,No
34,15,Technology,3.8919643142824563,3.8919643142824563,12.461597457149786,1.5667478046999266,3,4.195193876341045,64.2743107040194,2.486356896539442,30,1,10,6,43.742087695862544,5,2.570925482618949,No
42,19,Technology,2.460814540589362,2.3916423607081962,5.299045635271992,0.8705763864529984,2,2.900688905153873,83.17960534370378,4.2003959333195375,28,0,6,7,34.93198249446828,2,3.2940243177133905,Yes
38,15,Finance,2.9680210347255693,2.9680210347255693,7.333026828279752,0.39152292059862687,4,3.920211035191914,68.38044675565888,4.216344153298333,62,0,10,7,49.12651535166502,4,4.149371084895636,No
42,19,Operations,3.851154936449993,3.851154936449993,7.11772748357426,0.5268724773845064,3,3.3964523507696813,56.52383934763763,3.173473948513665,18,0,7,3,34.143610779189444,3,2.879017819050643,No
33,20,Technology,0.3397070100488212,0.3397070100488212,6.777868232161073,1.3021218448290202,2,2.8934160635833353,57.694496609467286,2.8716376392492386,24,0,6,7,41.07028446572203,4,3.624097388170096,Yes
37,13,HR,2.5717800931515966,2.5717800931515966,6.931100563180452,0.623366242702341,5,3.203038799113203,55.65874075871173,3.487425452047302,53,1,10,2,10.151696365365503,2,2.7802551603797787,No
42,17,Finance,0.6248919366062191,0.6248919366062191,8.393294193569085,0.7742026549075396,4,3.284186621441657,42.61284532307213,2.00265523385409,49,0,8,7,48.7615961936122,0,2.3050275165915104,No
30,17,Technology,4.761503294771211,1.1199426613315895,11.964288069397826,1.9643861179113307,3,2.822496223765343,65.04421179945604,2.302930654135548,50,1,8,2,23.192385566957157,2,4.794647671001563,No
37,16,Marketing,0.9879524835865485,0.9879524835865485,8.16562696163518,0.4418940796563532,3,4.29940827289024,56.62753644424146,2.9985815665747024,37,0,9,7,20.673906142084757,3,3.705081587521137,No
23,17,Finance,9.822769757329684,4.8720756823836195,14.803648372989903,0.8816559059159629,3,4.0099607759426386,61.69874883437404,5,33,1,11,4,59.73218064743551,4,4.59282453416326,No
40,15,Operations,4.902923681488072,1.1747631953077107,8.409484232850055,0.9919619314717947,4,4.3004231937980135,56.61942052091782,4.001697900593844,82,1,12,5,33.63000659306559,3,2.468245255078368,No
27,17,Technology,3.5573531061143804,3.5573531061143804,9.0870057081825,1.5824708036740782,2,3.1724128085354346,65.42526474186683,2.8071295289161307,23,1,9,7,21.493255780157256,1,3.538955682531822,Yes
22,19,HR,5.868170253605106,3.7395189391429726,9.139438032331581,1.6360814903427576,3,3.5041014951426983,63.88646281729774,2.9993207233067323,44,0,9,6,25.65306679101528,5,3.211534266684027,No
21,12,Finance,0.9484367108344159,0.9484367108344159,10.971610475026033,1.9268126529667093,4,2.743746826887432,60.86185953982985,1.5000341456540143,26,1,8,2,37.62214162003792,0,3.9951348675370832,No
28,15,Finance,3.278062603060686,1.9831165728873579,10.950844341762762,1.590809769776245,2,4.509174879875424,75.2818511256832,2.2891156878687315,11,0,5,4,19.948511321658916,0,2.884524908304474,No
35,15,Technology,9.498317088958755,3.3745055251379092,17.058892338344215,1.4633335113548238,5,3.6049317632577385,46.82969789826419,1.6983450229612767,50,0,12,5,24.376902229822946,5,4.170161641073977,No
37,17,Finance,5.782654875822386,2.020025787824888,6.956067460954033,0.44745199324288454,3,2.489096600904888,53.890023478584084,4.286302375286774,29,0,9,7,33.38629374771332,5,2.920149266511159,No
25,15,HR,7.812473803087268,6.86177552531991,18.85846459121799,3.057697808154582,5,3.207767388672031,47.23764168838407,3.00082338201114,69,1,10,4,29.696228158222763,3,3.2803475618241724,No
33,18,Technology,9.753509367878605,3.7992347991084414,22.870863778127763,1.7312490122124078,3,4.767071552547753,36.91603433060421,2.3210895761237325,44,0,9,3,45.67957664588986,4,3.3336382635578845,No
38,17,Technology,2.8012802231914127,2.8012802231914127,11.653284698620414,0.8124861489518207,4,2.110686716871783,49.28763418835988,3.0050982022388184,25,0,7,7,80,1,3.3636362096623884,No
36,15,Technology,5.343647653572508,5.343647653572508,11.139728532511661,2.2067109273600214,3,4.106332500379292,60.34728764532974,2.8023643168891934,12,0,6,3,38.23182865879817,5,3.1361621670143913,Yes
39,13,Technology,11.691046412855858,4.449855665877667,22.751341195284873,1.1946875383893316,3,5,47.82079375659187,3.1846607280397135,27,0,8,10,36.158169905897275,1,3.9846374811835985,No
47,16,Technology,7.624158062707633,7.624158062707633,15.540065370788795,2.823513454251858,4,3.298169948700406,39.862325650320166,3.168131673974511,43,0,7,6,27.361960378247502,4,3.377112154924442,No
48,17,Sales,5.333194123868926,0.4682203209676754,16.09735017325732,1.8736193166209218,3,2.686129594747244,72.89093723141444,3.4089779808103464,32,1,10,2,16.036717291367466,0,3.4086073792697555,Yes
37,16,Operations,6.4598786387140015,4.881776099873626,8.499924386980869,1.6409177132320456,3,3.716092515068444,62.27977264922167,3.1020349558769795,42,0,12,1,48.090343469652055,0,2.736840870340265,No
33,16,Finance,3.658582447891796,2.741796093251545,6.523135183912688,0.46585131941762636,3,2.4095934555911525,36.79268947366547,1.8910589744865123,36,1,10,6,28.41320499648703,3,3.2395352571273013,No
44,16,Technology,2.9952113734781425,0.34189550772426314,12.942657373870576,0.9750990684226708,4,4.721870100555021,53.48870184719179,2.303416059335373,11,0,6,5,12.69969385502204,2,3.4299742525956196,No
30,17,Marketing,4.6394999143053575,2.277050046247338,12.134901276581992,0.9324837335260946,3,4.518423394595894,64.36952285762878,2.701668307333905,17,1,7,4,35.17028735921073,2,3.5461223054792046,No
27,12,Technology,10.052085863625882,6.196453612974406,12.745094188126885,1.5741669473165432,2,3.1909890810741284,75.47801810883736,2.493819650558809,50,0,5,3,24.165890871178576,2,3.930478699950871,No
27,20,Marketing,12.148713276184159,8.879146372404373,16.251237689890086,2.2442998907952143,4,4.002060830662021,67.38964608207098,2.831061038673236,20,1,6,3,10.282475520263521,3,3.3411977017027374,No
38,19,Sales,14.183266470187855,6.9450029645257265,9.655252561271752,0.8251688439667338,4,2.72276437701566,19.31662775644411,3.883726016187431,29,1,6,6,31.89520469491739,5,4.261580406678391,No
37,16,Finance,1.391374630597365,0.4458472894740648,6.7166061178691985,0.3982708944318137,3,4.499625008581591,51.73785842290677,1.922667263003346,72,0,11,7,23.226820670279206,5,2.936978756189154,No
24,17,Technology,4.881495268869277,2.9230592429791904,9.22355251519856,0.7519986349664137,3,3.2163935127412264,36.90500610391217,2.407407281511812,17,0,8,5,47.16284147137693,3,1.9510414339088655,No
21,18,Sales,15.734503380324112,3.8789470262743264,27.347194804216052,3.579760693074397,4,4.891668702443605,62.92705237382697,4.08610930066991,42,1,12,5,30.60285640044383,0,3.7598214829527725,No
25,16,Technology,1.0033971891584665,1.0033971891584665,15.782094596514836,1.8747360578578207,4,4.390263058325391,77.76356893649783,2.8980990040652075,14,0,3,4,14.982323707685063,3,2.431687154377093,Yes
28,17,HR,0.569268955540907,0.569268955540907,7.143108237927398,0.71197340540435194,4,3.1988468552851894,45.01902612346306,1.0018377000068794,38,0,8,2,29.383010420615374,5,4.990850395686083,No
28,13,Technology,10.007798410438738,5.219676496751128,16.260738109873166,2.070027008182214,4,2.51418299661119,47.471625226664734,3.0116505106259335,48,1,7,5,26.815342504440636,4,4.199700507836001,No
44,16,Technology,1.705551124370875,1.705551124370875,12.76022293719443,2.1929670276181406,2,3.204009407211312,44.38054451484207,3.6828176703117745,34,1,5,4,20.04661892856941,4,2.946192054044437,No
38,14,Technology,1.309534497040986,1.309534497040986,7.9368719995139,0.6430113554292803,2,2.494511905166728,87.97802686290906,3.0870709945428434,41,1,9,6,77.44363896508182,0,3.580641754731097,Yes
46,19,Sales,18.849975944581505,10.380624934701077,19.382230359688435,1.5468973837829996,4,4.273734561295003,46.033780046481965,3.1079269343044853,36,0,11,5,28.38322244788141,5,3.1022309780603097,No
35,19,Finance,10.83817649780395,5.570281763446368,15.182219422695498,1.8357212526515951,3,3.4321943551343863,56.045067939596386,4.188958995847994,41,0,10,4,41.72700977557802,3,2.9136548826785957,No
27,15,Operations,10.359053880727828,3.7315464187863214,15.984539442750025,1.2999915551302965,3,4.517567892608121,62.817971267884815,3.919401208874907,27,0,9,3,5.543450951997541,0,2.9912264380176534,No
39,15,Operations,9.765203805994895,3.248259002783772,11.993881162291562,1.0232375921152346,4,4.982389465587985,33.98283851527451,3.5973578336996144,54,0,9,6,15.120421122208096,1,4.720953843925626,No
44,14,Sales,3.9547661230453257,1.0606203440842938,8.527164997326013,1.0143064048782922,4,4.090712140631676,59.39727336175892,2.8994315680271243,28,0,7,5,15.134177194172143,2,3.578858378503631,No
40,20,Operations,0.3,0.3,6.120508240667404,0.3011865469196937,4,3.2100756133671924,66.06424619432843,2.3984988401766745,7,1,4,8,29.24988274438081,5,3.342368054385151,No
23,16,Sales,4.315715734479324,3.0237302724417674,11.977244837313338,2.1463674084576456,3,2.2943360487702145,82.42061750023498,2.9980250512873043,12,0,6,4,35.13154037980162,2,4.120056827362145,Yes
47,15,Operations,1.0714365026336468,1.0714365026336468,9.920324361782905,1.2314041519754773,3,2.5975775850070617,73.91930808933469,3.1890490771794595,31,0,9,7,17.530310999068256,3,4.77833998273041,No
35,16,Marketing,0.8861894368369702,0.8861894368369702,7.501637206993953,1.3935416028876528,2,4.380222194653458,35.42859155607408,3.4227541411089293,31,1,8,5,77.02480352111974,3,2.544912595736398,No
49,18,Finance,11.349164239845257,2.929987539758545,11.903716301113905,2.3180770949317964,4,2.7271450889650843,61.02327039104055,2.917232604455179,48,0,9,8,36.123904468427696,5,3.949482770891728,No
21,17,Technology,5.380334700300214,5.145838769888972,13.68708451375979,1.4528799630681457,4,2.9982703676075193,69.77204509907192,3.1051146556715645,37,1,9,5,9.80208691240311,3,3.917345309325426,No
32,19,Finance,1.7469695014904225,1.7469695014904225,10.287861688076402,1.2492488074661068,3,2.804465454735069,57.97033595839725,2.697430157781986,23,0,7,4,30.90396866571956,4,2.7751765298190345,Yes
23,14,Finance,2.7072743640794146,2.7072743640794146,13.98894303052831,0.7289638089692904,3,3.704638852398646,65.486974476789,3.3823105382525473,13,0,8,5,31.008271829474335,3,3.7706011312862175,No
30,16,Operations,1.781961102363764,1.781961102363764,5.168697609412856,0.39115047214166315,3,3.177635477711795,55.38503666098724,3.1039040796556288,25,0,7,5,17.785902355210197,2,3.554159162074037,No
28,17,Operations,0.3,0.3,6.923514852321039,1.38752619342524,3,3.6056522165053386,34.200300977150654,2.9059069433526528,18,1,6,4,63.89535213456564,4,2.913467354752549,No
25,17,Finance,2.31330707721248,2.31330707721248,5.661743053903413,0.9359896487024968,4,3.3917441245314697,64.62573245257013,3.0780729377378044,17,1,7,4,28.488657894241367,1,3.3869629902086795,No
40,17,Technology,1.3631537348728802,0.8758473294806431,8.167480796446075,0.9441585724842534,3,2.3798354324550695,42.774625696571405,4.513087645649258,46,0,9,6,34.98880294989232,2,3.9043875783146738,No
28,14,Sales,5.228224077124188,4.385210011646778,12.651123959370072,1.8656720564108409,4,3.4196619766005467,41.877541983376524,3.380458913866318,73,0,15,5,9.586879072684429,3,3.545824557616833,No
21,16,Operations,0.4055797966422056,0.3,10.584214005734882,1.259528520098804,3,2.5145867050128436,65.27195379341349,1,69,0,12,10,34.9250521410726,3,3.441891489801522,Yes
40,15,Technology,5.732646928622837,4.909426130920503,17.199509751602406,1.9365093904125485,3,4.993392040058054,53.57958691409546,3.694869346462038,32,0,8,9,22.824796585963767,4,4.265818746363629,No
30,19,Operations,3.016821436742582,1.5763070823056518,9.906311600104972,1.5909313076543485,3,3.4959268438191833,58.74952041671898,3.892422177199039,20,1,7,7,10.3108375906088,1,3.3088157710498898,No
43,19,Marketing,1.4110469980284213,1.4110469980284213,9.618777321099282,1.752688136502,3,2.518196470136227,48.72144877628945,2.8895192086203823,14,0,6,7,20.24118595954997,1,3.1119195155183643,Yes
44,14,Technology,5.341906335866131,5.341906335866131,11.896531745817194,1.138010979232515,3,4.966885330096487,73.62272210776405,3.074179041106282,46,0,11,4,34.85215163256149,3,2.723070863258937,No
40,12,Sales,2.3155229015718324,2.3155229015718324,8.890572444814051,0.7812684606104736,4,2.4843509534878256,79.45975788561847,3.82005996017323,19,0,6,9,29.9402236162996,4,4.044378886529006,Yes
27,16,Marketing,2.131382131511569,2.131382131511569,8.743917258502155,1.4121377177746628,4,4.587302334345027,61.9667218241039,2.5876770615485767,63,0,11,4,7.996371479968088,3,2.0862227779861833,No
31,17,Sales,1.8566476678983994,1.8566476678983994,7.644646117711886,0.8172493427710517,3,3.598068633409886,53.538178966024404,2.595321188964184,21,0,7,7,48.30212696134924,2,3.2610562657465128,Yes
35,15,Technology,8.547551629602717,5.701882453751122,15.53023061646983,0.9950984754642356,2,4.824243335405905,99.72557834338168,4.687222112739784,43,0,9,7,32.75445985373886,4,2.8699591732263334,Yes
37,20,Finance,25,4.04773961885933,27.378979691139747,1.792078406137635,4,1.6921741879243835,27.876874563235994,4.387293087813243,17,0,7,4,14.386667222326478,4,2.201457100270669,No
28,14,Technology,7.200057851079983,4.472449696315704,8.549545058060009,0.937953021510068,4,3.108037867083689,55.57761933468181,3.5035766279615914,38,1,8,7,19.550277353424438,3,3.4994970101865737,No
32,20,Operations,0.8492685344809204,0.8492685344809204,7.401415374046335,0.7641058706069354,2,3.388800319938288,17.957058431025153,2.697778763223014,34,1,8,3,29.86709352030421,2,2.486746366166935,No
45,13,Technology,1.5077646677087269,1.5077646677087269,6.907479571431204,1.2462104977447137,3,2.882829657993474,91.37716606758433,3.2106688785749946,31,0,7,1,27.994200513897454,2,2.095356480851732,Yes
22,19,Technology,0.33286527126506066,0.33286527126506066,7.571663430721154,1.3082793034203646,5,3.8964992284570563,91.08657233650023,4.600293142297213,31,0,6,6,28.744564555782222,3,3.1741039365838155,No
51,17,Sales,2.738672328778925,1.1690923313664623,6.018875546582528,0.7854761492439639,4,3.405257008018772,49.058559768195515,4.19205283261557,11,0,7,4,32.90982006027465,4,2.869684002277709,No
28,19,Finance,4.840197347431542,4.840197347431542,12.116827415829613,0.9432217794556057,3,2.578711554557119,58.82127486722273,3.6937324073975843,41,0,9,3,60.38312719786083,4,3.30732435760985,No
26,14,HR,1.974646204336452,1.974646204336452,15.021860112741182,1.9081743617114157,3,4.0963378060722375,67.46508516828075,4.617357316019686,50,0,10,1,9.355211807283771,4,4.793950855098561,No
42,19,Finance,4.970467558568121,3.426418950671996,12.585999336384772,1.6345757955811078,3,2.7135933437389936,81.82512635414989,3.195456584163423,9,0,6,4,22.14618841594234,5,1.2600996468429808,Yes
41,16,HR,16.669318817980262,7.588946914550385,21.14782298720801,3.978215078308202,3,3.796573215713008,57.973147448720546,2.2911885199733852,37,0,11,6,44.30092340148714,4,2.8082482607266646,No
34,12,HR,1.9771434026672812,1.6886168288630903,10.596481577429804,1.0331981554392484,2,3.573490266098244,43.838922517674185,3.296897357376237,52,0,11,3,14.229333797143001,4,2.7958795980325934,No
28,13,Finance,1.0273835453561895,1.0273835453561895,6.785978031317368,1.2662324706791404,2,2.696054694809225,39.673683301756604,3.1102003055652543,41,1,9,5,55.05235534157566,3,4.563636491118062,No
36,14,Sales,0.40821180556856146,0.40821180556856146,8.848943583880247,1.2504356464671678,3,2.5044851173397062,61.55073107028999,2.9368179864253543,7,0,5,5,16.631524248544057,1,1.7638854656878544,Yes
31,13,HR,0.9616871268430951,0.9616871268430951,6.938751364179084,0.5224077065189182,2,3.192286728976585,73.04078125028009,5,39,1,6,5,12.959819118439672,3,2.391818292866808,No
39,15,Sales,8.547008736760704,3.109854092696149,10.732197197595195,2.046102117135479,5,2.8135680590206515,85.36586357359464,3.7265491621388827,31,0,11,6,11.785687387357097,1,2.8438765103659067,No
21,15,Sales,2.022031659691255,1.7847602934094005,9.930054704916088,0.6395571890431148,4,3.207081524082097,85.47517506051402,2.9874381345013936,33,0,6,10,14.664038212226005,1,3.222423431257299,No
31,17,Operations,6.874390409147868,5.859215522692143,12.485597217741702,1.9899904548642795,5,2.47471072619997,81.49134018979261,4.1941555625751885,30,0,12,4,32.976474116829486,0,2.9790024365452954,No
22,12,HR,0.5768418541422208,0.3,8.862204576017024,1.3177955120320293,4,2.914293530466464,69.12202618912028,3.705382865225114,34,1,6,5,27.8663432406316,2,3.7789371685213333,No
32,17,Sales,3.177575776685767,3.0789666215383495,11.779917741554005,1.794946151548758,4,3.6118885013964137,65.96752967442633,2.6841695375302117,55,1,10,1,14.062011461934269,3,2.788103596654364,No
29,17,Technology,3.0430760973759265,0.34099814677674595,6.761620271789288,0.5888672212509262,3,3.501158205805697,52.051326948628486,4.015129231968859,25,0,11,7,19.33220568608079,2,4.143499605933605,No
41,16,Finance,4.013001913291014,0.36331193725021005,7.891492846699734,0.5948448837718937,2,2.6085886373596745,59.03665606478265,3.6944503575922845,27,1,6,3,79.78865895024818,4,4.205755753899996,Yes
37,15,HR,2.988615088272157,1.318127241608528,13.572755764745226,1.4705621132403848,4,2.7083970897141145,58.05986315347259,2.1208215042558045,44,1,7,2,14.831150219853336,1,3.934247607441676,No
28,16,Sales,2.550429253560338,2.550429253560338,10.987323480880407,1.5040294721551621,3,2.3026265259346066,40.99555934939598,3.592924351168743,53,0,10,8,53.30600611391555,5,1.2949582942826907,No
26,14,Operations,0.3,0.3,3.7557368627957963,0.6629922554828926,4,4.89891046069439,38.15836196228274,3.394335845935226,26,0,6,5,25.551074644419828,3,3.8005913255399353,No
28,17,Operations,1.1961401144118746,1.1961401144118746,9.864659756479751,0.9727140241926604,3,3.666881197347838,58.550931665651476,4.508638372517166,61,0,11,6,62.79810453214717,3,3.3663947857691308,No
28,12,Technology,3.27009298111901,1.244873333321479,13.232487763356525,1.5126191433542981,4,3.5784796124645775,69.8216455458142,2.934204825325227,42,0,9,4,4.640952585341155,0,3.458616551160881,No
26,20,Sales,1.65077699718683,1.65077699718683,8.311101098286265,0.8420212590069045,3,3.0912985435407365,49.13413451563752,3.211020312052965,47,0,8,6,52.24500200186018,5,2.67704798417314,No
26,16,Operations,1.49455124128715,1.49455124128715,8.053964294613293,0.6204475749623186,3,2.2238972738338045,66.25044971593694,4.088431796246208,5,0,5,5,33.58481743257861,1,3.3562991079786406,Yes
32,16,Technology,1.7793795839171969,1.7793795839171969,6.459011082099518,0.8536852721412256,4,4.206658768008837,47.73122046957827,5,67,0,11,5,32.03823158360939,2,3.7106773138815803,No
32,17,Technology,1.873482293214612,0.33373472135174964,8.20985717172422,0.4917653708482216,3,3.1023596457812364,64.21122790137207,3.499141272914758,10,1,6,4,39.37344074903543,0,1.1273638383051934,No
39,18,Sales,8.184783291416386,0.3,16.048837162257204,1.0509396461157077,3,3.5267016128549895,58.395848983188905,2.202337643901777,19,0,9,3,46.18808276751673,4,3.193877216532555,Yes
28,15,Marketing,7.469310339305024,4.128508135385311,12.177215663780462,1.2541850029890802,5,4.194702832636783,65.89339759808325,2.7833087442404043,28,0,9,4,24.198854009013463,3,3.1704496186003324,No
30,13,HR,17.47471607665907,6.407520397899746,37.677995928446656,6.638878111092599,3,3.814971787296079,66.98354047213992,2.0991652137463124,45,0,9,4,62.23649824206886,4,1.9168896595238283,No
30,18,Sales,1.2012533034657067,1.2012533034657067,12.342642603228615,1.7428910545225182,4,4.321627664581838,63.94871940431596,2.728129973471599,28,0,6,2,36.74241887305504,2,2.7995942239628047,Yes
36,12,Technology,0.3075039503567773,0.3075039503567773,5.981214819756684,0.6886193302847979,4,3.690813431477032,57.625433129895505,3.3857556795873505,39,0,10,8,45.49361221085742,3,2.6413038086852825,No
35,19,Finance,5.145644484692975,1.7931494757234712,12.994528861931377,1.090298519043615,4,2.7937440660680815,59.160435846650394,2.3247702718369885,20,0,9,2,28.0625731202397,2,3.5662008003385917,No
36,14,HR,9.10398043784824,6.835310370616016,14.92562717377421,1.2034463203312737,4,4.0904456041636506,26.488301732604093,3.5193773245372446,11,0,7,5,13.919583097874968,3,2.2974000350633594,No
40,16,Sales,3.8872800692890763,3.8872800692890763,14.575382288051607,1.55146232259793,4,2.9781275491290873,60.69565979832029,2.2075161139562107,30,0,9,3,14.237882310514587,4,2.3480091749597016,No
39,15,HR,1.1475587288534177,1.1475587288534177,7.956753172697721,0.4967191167830776,4,2.772239818762063,47.70402842264508,3.3185266709645496,27,1,8,2,48.002170212665256,5,3.089810486232403,No
30,19,Sales,0.3108688027684918,0.3108688027684918,8.947813734094815,1.677607146915439,4,3.836580667463093,65.26865545078174,3.182685297035721,23,0,6,2,30.715990226208916,1,4.9714570432284,No
36,19,Technology,9.292887220642417,6.895030397229689,16.085460091584412,2.8586191125020304,4,2.021447636778881,47.56923765415307,4.0043364824165435,15,0,10,4,17.649956310916586,5,3.2468510840148825,No
27,18,Sales,6.248039008301165,2.2955508414185957,11.096528305597115,1.4783945406231553,2,2.50098282935562,46.79605178712285,3.077582513141316,41,0,6,1,19.60024746441677,0,2.17372983580224,No
42,19,Operations,1.3742803274426951,1.3742803274426951,16.079968412212022,2.0018873760992952,3,3.319631762999705,56.78749010643225,3.5855352166146375,13,1,3,4,65.20318368286877,4,4.07641262630063,Yes
39,19,Sales,11.88765545800523,4.846878308087807,15.523192537396277,1.5981247123375313,4,1.899036795028737,59.28549679049838,1.961730686121859,47,1,12,3,6.122663743953499,0,3.2569262177763103,No
36,12,Sales,1.5949686207933826,1.5949686207933826,5.304871908773126,0.5318939678073699,5,3.8954316984091775,71.80798109362686,3.3928624677849135,62,0,12,5,29.89114750626438,3,3.1087607314344745,No
41,16,Marketing,0.5266993571435102,0.5266993571435102,9.358469212290483,1.1631440806860045,4,4.30652360411906,66.65366693540034,3.8044005472167712,10,1,6,5,19.390312342635973,4,3.435144952238993,No
35,12,Sales,9.453124774697512,5.547161295836691,22.851913120380082,3.738734853528614,4,3.378929852978278,66.39988969770175,3.715559226115362,41,1,10,2,23.17445609966214,2,3.509789442451087,No
38,15,Operations,12.322419520301835,2.012357217966291,13.822860310377697,1.6344372601875905,3,3.9252392358595474,87.68431385115194,2.7064439958163806,62,0,11,7,25.69525671852396,3,2.9623600652217967,No
33,14,Sales,8.291764007961174,1.9276210498065844,10.16045178420554,1.987901791619673,4,3.8199743158534623,56.06688204937771,3.330260559046771,38,1,7,6,27.083228208769544,5,3.122935038408419,No
45,15,Marketing,4.823537065186413,2.0092551914728327,12.439906782683964,2.1084956549977565,4,3.3839256286487918,58.91957260280583,3.4764674649087035,42,0,8,5,15.389668046433536,4,1.9974261246395355,No
38,18,Marketing,5.53159828547751,1.735284669642411,11.487717038729711,1.0166709670178053,2,4.380230095490378,67.87748772892239,2.9783479232495056,92,0,15,4,29.242234584154126,1,2.8225305901380837,No
45,19,Finance,12.753197078306206,2.2908735583220943,20.407520420562573,3.6024104152020726,3,4.224571565645619,52.30198327431034,4.093322119948646,12,0,8,5,14.67343930351348,3,2.313822884287637,No
25,16,Marketing,0.7140148266303548,0.7140148266303548,11.043563443315898,1.7211853973883602,3,3.5927818891533225,59.61821030054154,2.9010735980826126,18,0,4,4,51.283612708027505,2,4.637587926638373,Yes
34,17,Sales,2.2382699077500563,2.2382699077500563,7.861322591627709,0.7066919295324174,4,3.3823727840987132,58.420351254835204,3.51808849004796,21,0,7,3,51.15316964905244,4,4.314906864794924,No
45,12,Sales,7.8398641279989585,2.2675929645452473,10.248699283919779,0.9044278398661507,3,2.0997888952627535,74.43076038417433,4.176803890271256,18,1,10,5,55.918783664745284,5,2.476619159172009,Yes
46,15,HR,1.0992163311881726,1.0992163311881726,9.624337955711088,1.330553118299865,4,3.6976138027470244,84.07802561425211,3.3968770428217274,43,1,10,6,35.1118080248495,0,3.900320811500165,No
51,14,Sales,5.464502257902893,2.6724268857673708,10.346598661311543,1.057554887953111,5,3.5791893096619707,82.7605858485681,4.989962547853195,32,0,6,8,27.793006793658883,1,3.159306821916612,No
32,16,HR,8.356311554636973,0.3,20.43334344758476,2.08114822485094,2,5,68.30580636019106,3.724136446553384,20,0,8,4,40.41517637451797,5,4.5918469570498734,No
26,19,Sales,19.76629706144173,6.478052693984316,21.615804945988813,2.0448172845720887,3,3.29617077463886,85.52685416635494,3.301504076652629,18,0,9,4,49.750451101639705,4,4.675527855517662,Yes
47,16,Sales,5.737981499095415,4.5057257020542725,8.85603117764642,1.0739926612517081,4,3.7133638659000043,54.401123347439885,3.615905541477474,19,0,5,3,16.66950257480752,2,4.134335327866542,No
34,15,Technology,14.130139894876065,7.9493498614630225,14.739843962913593,1.9727403426268375,4,2.6963598778273896,74.48475564919066,3.425198820507216,20,0,9,6,57.00979557621852,1,2.6289971385902575,No
44,16,HR,0.8857009361835128,0.3,11.067191842077861,0.7031547119951777,5,3.211495106426324,49.471900239964164,5,31,0,8,6,45.932677305030005,5,2.191865387111437,No
57,16,Operations,4.835550546396597,4.835550546396597,8.794726261498562,1.3346093240967376,5,3.7265320600743816,63.88909233159294,3.488356425121319,32,1,8,4,40.24202752721206,4,2.491531174746537,No
22,12,Technology,4.231568610890961,4.231568610890961,10.646782202693421,1.7596682796374865,3,3.1094253553373323,63.99776607502749,2.508276171514802,73,1,12,3,44.834056612955614,4,4.078407519604705,No
37,13,Technology,1.177783365727511,1.177783365727511,5.556919335903252,0.2974105032210537,3,3.185378096008107,85.2637210899797,4.43021965833175,67,1,14,4,17.708448041520814,1,2.6877564819221593,No
32,16,Finance,11.871914264118745,7.58283682272505,19.891468784156146,1.3861293942033506,4,4.084248119229159,43.704489475626346,3.109222872662371,19,0,9,8,79.30142925190665,0,3.4465523983830932,No
31,14,Finance,9.723055173094643,5.52026707389559,12.816781592773578,2.1728491191994457,3,5,74.76381784283844,1.6885919181898843,33,0,9,5,12.076413044867516,4,3.2566764858368034,No
37,16,Marketing,17.493498728571797,10.544561675604735,27.777074489068582,3.868604903691136,3,3.580541688265218,36.82266757989199,2.7904709235984333,23,0,9,3,19.769342723401774,3,3.1150490863915428,No
43,12,Sales,1.493266829172843,1.493266829172843,8.688923501839232,1.3748427449038896,3,4.379564469427363,86.76956806521432,1.3110102734780313,47,0,9,6,15.284963706297104,1,3.489979624158539,Yes
56,16,Technology,4.497666183092738,3.1591214087042627,10.925942326569878,1.4114405438878688,2,3.0129044863600813,56.21592226698775,2.692396666350992,29,0,9,6,67.28297389951175,5,3.555467598438998,Yes
40,12,Finance,0.3,0.3,6.209059315284227,1.115899172140235,3,3.9852780727182266,59.99890079617131,1.8960017267993539,52,0,9,4,21.14320586996377,5,2.418183213016889,No
43,18,Marketing,2.1415522217049827,2.1415522217049827,12.563645464973627,1.6285014237625242,3,5,57.225584317244284,3.7228607196865107,17,1,8,6,9.45463794985643,5,3.6214431770819013,No
25,17,Sales,2.5341162564624473,2.1283410951831128,9.089309117493203,1.058518729405724,4,2.4032644472212845,63.88138077726715,3.52138607441555,21,0,5,3,32.90756364222331,1,2.331638653614868,No
25,18,Sales,4.5717603800018525,4.494680293465897,12.350159672921519,1.4022600940680898,3,3.495304277542564,69.14683431318387,3.3953278595533347,18,1,8,5,61.394312163521256,3,3.5805489047971055,Yes
32,16,Technology,1.4903421045216914,1.4903421045216914,10.632215600265345,1.4943538704550343,3,4.622912069886301,46.78547187682625,4.321870740987099,18,1,6,6,9.71901546108344,3,2.7465941357389365,No
39,13,Sales,1.1346885644828482,1.1346885644828482,7.217434852095386,1.0044839970687844,4,3.4830071901113766,68.1404535251235,2.2046966246550728,22,0,6,3,30.337457023887797,2,3.6817963700897294,Yes
28,17,Finance,4.878011590868921,3.351306416019985,11.148233450048803,0.7710594771571254,3,2.810582638794387,31.15334855144049,2.692800997534627,19,1,8,2,36.591345014248176,0,4.075862102755478,No
24,14,Sales,5.548309682804104,2.766995129287777,15.95742006255655,0.8822865411895493,3,4.802374224658194,55.387202457299686,4.8732043624756205,46,1,11,9,10.55481229616713,4,4.436486083953302,No
33,16,Technology,25,8.818257938462626,30.32811889088723,4.607920690635217,4,3.0982833878422404,42.51272750919531,4.7049238573324805,35,0,9,5,42.65199356003335,4,2.783569453824162,No
28,17,Marketing,4.602285281375998,2.87528359526548,11.758982791803607,2.3576902254901873,5,3.0801903132901858,84.48342635659282,2.7874379793221706,49,0,12,4,44.4882133015285,1,4.040577640584752,No
41,16,Marketing,3.2702393037268074,3.2702393037268074,6.692857503210252,0.8750579895644245,4,3.0137032478786456,70.26022828787902,4.996921139181887,15,0,4,3,38.73433269480933,3,4.98241779742382,No
24,17,Marketing,13.296876256432398,3.836607799226484,18.697201838212642,2.287963037140377,3,4.114653717642795,50.76240359334943,3.531173409913896,23,0,8,7,28.116446178650612,3,3.054590057498369,No
44,17,Technology,8.807661040555752,2.675291235917305,15.791890537355718,0.965913875278224,4,4.715769473193904,65.82176150557378,4.6858936387690155,22,1,7,5,31.062431498399995,4,3.1628846040980108,No
32,16,Sales,0.7826405050072525,0.7826405050072525,8.043180681284776,0.8090042930106858,4,3.7643458082043675,44.25403132990448,2.3458138972174987,29,0,9,3,26.144592872142116,5,2.192460260919477,No
43,17,Operations,0.359998933867281,0.359998933867281,7.184894854715845,1.2669555791432086,3,3.870645217845962,64.11088259503988,1.5068059167766272,37,0,5,4,31.62832292476472,2,3.432974106423326,Yes
32,15,Operations,1.7331419257048963,1.7331419257048963,9.215425245427252,1.792028734165203,3,4.999026331926137,81.6571309998541,4.418306984885388,22,0,5,3,29.076209704808342,1,4.142085161629954,No
21,14,Sales,11.368053463670888,4.999501280329158,22.557244530028324,1.4824763112223756,4,4.327390777104178,53.020041185202295,2.515352486802291,28,0,6,2,18.823116507768404,4,3.036356102519007,No
40,12,Operations,4.648289790434611,4.648289790434611,13.52501438090541,1.5377287519386726,4,3.4817939867099734,74.79262692085598,3.2114137094731907,8,0,6,3,41.561295938384674,5,3.8737256944429808,No
43,19,Sales,1.8578327191887223,1.8578327191887223,11.097208736607953,0.7042585482059666,5,4.60904931535199,53.50701520641225,4.114710299992714,37,0,6,8,80,4,2.8099568480694224,No
51,16,Operations,3.639335884619672,3.1629904527187023,6.295805434406173,1.0809598558757847,4,4.199840546135535,47.815174961948436,3.008672097666015,83,1,14,4,9.352542143311721,4,3.9207983685953565,No
50,16,Technology,1.7914321397603667,1.7914321397603667,10.093012292373377,1.6241318273478034,3,2.3007297272587324,48.494015032063515,3.2215679064223823,43,1,9,4,22.382161060902288,1,4.7533926693392194,No
21,18,HR,1.5030695585748466,1.5030695585748466,6.758888906130575,1.1691755533681565,5,4.989136703083118,65.4157829911463,3.1948283745056383,29,0,6,3,8.19348616728918,3,3.671777368454217,No
36,16,Technology,14.336759288927949,6.359084973386756,21.478833577005922,3.52282577352917,3,2.890530640942362,32.46402126614838,2.728778989678039,8,1,7,3,29.284595449474438,3,2.9381227988553955,No
50,14,Technology,2.6984798652437556,2.6984798652437556,8.181165282921176,0.6372475755115106,5,3.511752834628496,45.501522249972886,4.294985964892468,39,0,10,7,28.788787704332215,3,2.4226103288663277,No
40,14,Sales,5.778278605328104,4.544859214273188,11.04134643994486,1.7740776678504793,3,2.401134632136293,40.80659439230633,2.884345849406589,27,1,8,3,31.993600539075068,0,3.383200522200903,No
28,17,HR,0.3,0.3,7.108699646829397,0.8304853620030626,2,2.90373043326278,30.59756589221508,2.796356640814326,30,0,8,3,16.256964654810904,3,2.372417963896883,No
25,18,Operations,24.995766016233034,9.05294899139726,25.243221053774647,2.5792163157048176,4,4.713412043892168,46.394764431210056,3.3111537748581834,47,0,15,7,28.926539020521517,4,2.9188002226956034,No
32,16,Sales,14.176072658983246,5.81388542651751,12.812131429255757,2.2288291931704842,3,3.6744235041237707,48.83989878544825,4.069435763736928,37,0,11,6,12.873080074208085,5,4.207276896478702,No
53,18,Technology,18.387207023172866,10.416958856500084,16.870484878575674,2.723698320497305,4,3.8363864424160035,87.63469201822514,2.998427728611141,27,1,10,4,26.28199815344789,3,5,No
44,19,Finance,8.389190137800055,3.7439191522078445,10.693916075573457,1.7232756604836155,3,3.493676875582181,58.69427116140245,4.483672976827374,35,0,8,3,19.44685147273504,3,3.5196429580511994,No
33,15,Marketing,0.3,0.3,8.484514687161155,1.5101173522125777,3,2.5275175498753706,52.75089562616873,4.1964432308334985,62,0,12,4,32.094988482801604,3,3.450545170947163,No
40,12,Finance,15.10228347832069,3.3716139863809906,27.076809140988132,3.6146299285200505,4,4.167988835289295,57.84849567102559,2.7066573725219807,45,0,11,2,16.238458577762785,3,4.248988132314902,No
37,14,Finance,4.141888043283598,3.524842837667163,9.836561233200682,1.0837047665465092,3,3.6849340400547472,55.720500738191895,2.707611491696512,38,0,8,3,21.648948590583796,1,2.5675653949145656,No
38,15,Finance,6.517812901934502,6.404390308200345,10.555113038000751,1.5475440228206434,5,4.725377410760821,66.59515667951965,4.989519351043711,38,0,8,3,63.705187277000626,5,3.554107644491857,No
46,15,Marketing,9.112005902684722,1.46241289248729,20.525774799306774,2.853200235776441,4,3.9360300695140773,75.3785320467109,2.2238804095678724,35,1,8,2,12.222717786377801,2,2.703462185363718,No
45,16,Operations,7.561550899641979,5.127341474404966,12.369220971903344,1.456318032807096,3,1.782943307275931,69.36489231142555,1.9105720025846913,14,1,5,4,36.49961613005959,5,3.5261710942996607,Yes
38,18,Operations,21.65678714421806,5.052375250713651,28.184912853102198,1.475790103573554,4,3.398923433417669,58.857433666315714,3.7925022846461003,23,0,8,5,24.204603784186585,1,1.8989523001935593,No
42,14,Finance,0.39646580361088685,0.39646580361088685,12.003361492453385,2.323651034280791,3,1.8078368344277864,60.49775970304068,2.8251099773944297,39,0,7,3,21.94400723626381,5,4.217726494295717,No
43,13,Sales,4.112829618681574,4.112829618681574,9.413302187913155,0.6239869837746195,4,3.2811632210041766,83.47133123726198,2.7068504700105787,41,0,8,9,80,3,2.9930106913161922,Yes
40,12,Technology,1.4559918057233259,0.32120967580319454,4.7646976805336525,0.7502019388991343,3,4.111238019450573,83.17108475248361,4.0984899273247155,20,0,8,7,12.375182598782915,1,1.5208767413220634,Yes
46,16,HR,11.914451755817073,3.2584866033646493,7.401852173848907,1.0380123565582984,3,3.221106317015989,82.44999913251041,3.4989647459514943,7,0,6,5,25.594024554942404,0,3.7020231286792242,No
53,12,Operations,0.9241755443055432,0.9241755443055432,5.627334896480335,0.7834297406254349,4,4.0183425727607744,74.02739832301577,2.8931786195218963,44,0,9,4,20.362750451863825,3,4.3734570518691704,No
27,18,Technology,3.676799230498265,3.155641158512355,12.084742104215785,1.4781107222638805,2,4.99443095512548,48.42693922757875,3.193912440699922,39,0,10,6,73.07570768980914,1,3.2688027397154595,No
21,20,Technology,2.8718967735972556,2.8718967735972556,11.20822563532625,1.3409654072043227,5,4.386059272227554,53.48951902459484,3.186430592551327,36,0,7,7,28.58059826861484,4,3.2682792437510946,No
50,16,Marketing,0.6902571829521658,0.3,11.26471124608685,1.0403545778362182,4,4.80832815095126,46.91504513739098,2.518315070886471,53,0,12,4,13.529860854482187,1,3.569957012444873,No
29,16,Technology,1.6156490832917652,1.6156490832917652,6.746716863085339,1.004431477762998,3,4.995079110204965,64.24800609344544,1.314599133724687,34,1,6,7,16.857797783141294,4,2.648946768947629,No
49,14,Technology,7.751778770795193,0.300380891762852,19.12535088257314,1.0559532835152943,1,4.615700673042002,61.180647619547706,3.4255967132249,13,0,5,4,6.88228396705028,2,2.524527173676593,No
42,17,Sales,5.518961675502819,4.60005753278239,9.385100542080846,0.8096637805637549,1,4.412780040678271,48.843381708858935,3.210909573545319,27,0,9,5,25.236886414462663,0,3.657552323760695,No
23,19,Sales,5.13745604784988,4.013713574300723,9.220480557149093,1.2686044349424508,2,3.116426679980354,72.94908240865537,3.215812470532185,7,0,5,3,41.53111488333582,4,4.061304720807392,Yes
39,17,Technology,1.291426236266631,1.291426236266631,8.868267521315657,1.672061765898129,2,4.177945796179975,45.0082117559449,3.596317892188411,14,0,3,2,15.648271660563218,3,2.7075162161265887,No
29,19,Operations,6.1503729433139895,5.757610449974341,12.822478054519596,1.2247001742804176,2,3.910398279696037,57.608319520971925,4.682307165391236,32,0,10,8,58.36594992958797,3,4.261581636432804,No
39,17,Sales,3.7586857771244744,3.1338836574526643,9.25427076265812,1.6964609110510946,3,3.689973815736085,67.55001091169171,4.6064690580739045,48,0,8,6,63.64346475451262,3,3.107268265337197,No
41,16,Finance,17.594490099217158,4.077575817365752,23.932086855006215,3.5444258008062084,4,3.885637291631374,71.90834940029492,2.0053555867287476,19,0,10,4,21.16716035399551,5,3.031163318918239,No
39,13,Technology,16.249586457017134,3.128314153761142,15.319304934588427,1.5079944640355245,3,4.517969150121665,86.30536452404336,4.9992252203057745,43,0,10,10,53.48334149250581,3,3.9840019739707384,No
21,13,Finance,1.3412173428797558,1.3412173428797558,11.922035799082737,0.6297696809370954,4,3.3848470514972075,68.23060935515996,3.308894414262801,36,1,9,4,36.4830290810846,3,3.7657028487340405,No
22,17,Marketing,1.6853814310412452,0.3,12.0895201491558,1.4717958205929975,3,4.985846976951832,40.182718791453055,2.701932088849974,27,1,8,4,32.44652404446698,5,2.8695424606302624,No
32,16,Operations,5.571334900632862,5.571334900632862,10.215345452879532,1.5238846772140615,5,4.1851574397482985,80.45159208145508,3.7983597381483434,51,1,10,7,15.960701371185465,0,3.440266320348884,No
54,12,Sales,0.7231649081253869,0.7231649081253869,9.98741336843624,1.2187725604279656,5,3.4818747081820125,49.40345823224887,2.008336668066588,13,0,3,3,9.172198932011304,0,3.880219192034211,No
36,16,Technology,24.196510698995716,10.833246511760041,26.398829490076483,2.818602626200482,4,3.52234537528474,66.45896955522676,2.690284818697964,14,1,6,4,9.95566675260224,2,4.398358349374374,No
28,16,Operations,0.4260505178815036,0.4260505178815036,7.227905791712838,1.1905788403559352,4,3.0064474454305,67.3630160162567,4.090844313168855,41,1,8,3,42.234036712320716,2,3.4932552612348813,No
37,17,Operations,2.592983853775337,2.592983853775337,7.237174361106458,1.231902629942149,2,4.21002560796981,50.39124364684876,2.398920089827797,21,0,7,8,29.596661839094352,5,2.926742471265926,No
28,15,Marketing,1.4038981247877607,1.4038981247877607,8.478450166009395,1.5060116875106295,3,3.688530600364285,48.33496283480443,3.6978861370022886,29,1,7,2,31.945679389221215,5,3.5315856572853463,No
48,18,Operations,1.5926429730689018,0.300660415273191,7.993479119575288,0.7171640045794674,5,2.9051716977855198,65.41427461865034,3.422310868381497,25,0,9,8,27.698839046653397,4,4.96432621949152,No
36,13,Sales,8.685649636429572,5.386209564344844,11.594978040183825,1.4972417194175651,3,3.316361305789933,66.29196286613777,3.2927939450980843,19,0,9,4,15.912188856559014,5,3.586177016520411,Yes
31,15,Marketing,5.289858804341142,4.625004436069443,14.547398094899073,1.8180390020134223,1,4.293755344697365,44.84656428125435,4.701810884686101,42,1,8,5,13.80671061901806,1,4.344602411877691,No
27,15,Operations,1.9367854078956646,1.9367854078956646,8.198720726698992,0.46233921658772564,4,3.7070928418497955,59.644838789087295,2.4971536230379985,26,1,6,1,24.875500313447496,5,4.739635707807044,No
30,16,Marketing,1.8577432870215267,1.8577432870215267,6.760264402023534,0.5487203303449801,3,3.810298270901863,58.35230707005658,3.22246599239479,18,0,5,3,28.178921072912548,4,4.697093798240176,Yes
40,19,Marketing,0.9523631069931766,0.9523631069931766,8.84224614081283,1.0255666226472173,4,3.6229647071851923,80.57575133818452,1.8101694007440339,18,0,6,2,72.57835627914284,4,4.030679075012958,Yes
41,15,Technology,9.429549166781582,4.312042996949803,9.969775445694987,1.4113317866637118,4,4.09443773855828,99.64366885074547,2.702121182089952,36,1,11,9,10.491415840038199,1,2.255785042853093,No
31,16,Marketing,3.0877599649326464,1.4256546187490107,12.727760704254845,2.3584815989922383,3,2.30294673944937,82.20613236130532,1.1861406718255287,13,0,7,6,11.352131425020985,0,4.36068170509235,Yes
32,15,Sales,2.8684440191149423,0.36439838713982975,9.011208619597225,1.425602507493976,3,3.8776980074987675,43.064245526729756,2.20806924287474,8,0,5,6,44.549784004897376,2,2.1490717659695298,No
28,16,Operations,7.483733010082527,7.483733010082527,14.333237766252934,2.2056506382718872,5,3.7208508288395663,70.63156234490984,4.98818365078666,79,1,11,2,50.63070557898797,5,3.908521068001844,No
38,13,Sales,1.8017116923222634,1.8017116923222634,14.187635775260542,1.9464875782865587,3,4.1883565401684,33.95895751734254,4.666928573607925,14,1,8,3,46.553376769202046,1,3.9562428506537723,No
36,16,Sales,20.933902587936057,10.004303476280882,27.174299383633645,1.9394100088021817,4,4.566601270353418,100,3.924846615798405,40,0,11,4,9.15875533604185,1,3.9022459849293085,No
51,17,Operations,0.8068042535701258,0.8068042535701258,7.663186177221174,0.9255195775059166,3,3.6105551677398453,71.97375639865147,3.573315734159342,12,1,7,4,43.79331835472897,0,2.196142829328074,No
28,19,Technology,1.2108082307217585,0.33057530611492536,9.3791107663729,1.0651259969893574,5,3.5845141423234916,57.45906497640813,3.0998555869020827,26,0,7,6,54.11988456417216,1,3.4685662731236433,No
43,20,Technology,2.092718825019962,1.9675585900679733,10.331543776459695,1.6683540189549126,3,5,27.61475480080906,3.9250211219914064,28,0,4,4,24.621468773966324,2,3.3095252606733894,No
28,17,Sales,1.8937072680513456,1.8937072680513456,9.87193357939076,1.7198157277021564,4,2.3094000697904034,72.91005649304162,2.788272901422478,100,0,14,5,36.38544109632589,0,3.7677691678814322,No
35,16,Operations,0.3,0.3,13.424025128923994,0.8765230495429824,3,3.5441201647379463,71.6805450633391,2.3215101626177588,44,1,5,4,12.473173357067829,2,2.6146642642942606,No
38,13,Sales,0.8378491107451631,0.8378491107451631,9.524431596916536,1.4389888169543223,4,4.413044580718617,47.630763539468155,2.908974561839921,38,0,8,4,9.73101115736697,4,3.218089268738446,No
21,12,Sales,7.473031821697177,5.016170033333738,8.550512003316877,1.6934444572432963,5,3.3919052052854526,38.967921832184935,4.908229032987219,49,1,11,2,25.67154473526538,5,3.722161646680033,No
39,16,HR,6.321070846016533,1.9862448026214887,14.060993835097015,1.083930560637028,3,3.9880287882844154,61.33166026157324,1.9704759996283847,40,0,11,4,22.283932538203594,3,3.555364407192785,No
42,15,Operations,21.008360216913246,11.65956717456898,20.240424922067632,3.555964684223007,3,3.268815670666738,78.390262131758,1.9947081519794634,32,0,10,2,9.917353502931519,1,2.0736816770500837,No
28,15,Finance,6.056730491365895,2.1119581265625773,10.932478697449138,1.4054184589626662,4,3.37093075961033,75.59491307362588,2.448734160616764,35,0,8,8,39.10521887352232,2,3.5411077906411252,No
37,16,HR,7.8404609013511095,5.011244451365506,12.439583106161866,0.9230786981532059,5,4.276591485516178,38.569901945672505,2.9931501390588617,27,0,8,2,23.22000372694442,2,4.192424303341608,No
26,18,Finance,8.082582887091945,2.834182941113325,12.953959487892005,1.443603687883218,2,4.394682707393126,52.92004294387791,4.211701025763984,28,0,4,1,12.591139000567004,3,2.415266013100329,No
33,17,Operations,5.394669373296425,2.799210525122571,11.372045484448487,0.9350918802152309,2,3.4884261210424463,87.97107614925946,2.882933080653402,55,0,10,5,34.354508908424634,5,3.920670464443341,Yes
31,18,Technology,0.3,0.3,8.210817796172337,1.6182441471490152,4,4.278158196042852,73.66328273079354,3.0971348663350184,37,0,8,5,38.64699721049968,0,2.8530571114410637,Yes
48,14,Technology,9.305809696187211,5.559413428539472,13.955278954718853,2.5873508508913714,3,1,53.461964395399725,1.0986889079339461,21,1,6,3,46.34910365358672,1,3.9365228435030666,Yes
31,17,Sales,0.32399840209824476,0.32399840209824476,8.497652994360681,0.9226313446549224,2,3.210781826122995,42.75272797104078,3.6905687468314183,30,0,8,2,16.981879319323,5,2.342640914950435,No
25,15,Operations,15.633541381713643,7.8903382271200835,24.404077042056063,1.7985302362086435,3,4.184274801469736,81.8196476438131,2.412784583105521,21,0,7,2,36.624247108678546,5,3.4460510508402624,No
28,17,Marketing,9.298107735276423,4.656861253133256,13.646809298887275,2.3010672132865677,5,3.1277179655593965,25.142056463008583,3.0094632023782815,15,1,4,5,13.840824813392748,4,3.4492158193908327,No
40,16,Marketing,2.3893483935874538,2.3893483935874538,8.473474933457926,1.0366231606046665,4,3.768574280605597,93.77943062251995,2.9914567569297508,33,0,6,4,14.062522651969141,5,4.042198477847884,Yes
25,12,Marketing,2.5531494017665706,2.26383569010987,11.741619777600215,1.987749469825801,2,3.81476453307589,59.013029951383444,2.7958611785039915,44,0,9,4,18.09927407966807,0,3.454790665892197,No
42,15,Sales,7.107242805207621,3.9187379991783264,13.671260502987687,0.6937010185757387,3,2.995323037393638,74.50605838681751,3.8336727517023412,41,0,8,8,38.9844444846637,5,4.4203514305833105,Yes
26,17,Operations,0.8499664696494638,0.8499664696494638,8.480842350850386,1.7229125988514165,3,2.6977090489231137,44.4526260769308,2.800794020979167,19,1,8,4,7.849097277468356,5,3.365410231965927,No
21,20,Technology,2.355212990317215,1.2107702097045963,9.660090444696815,1.772226781943775,4,2.4997291892759033,44.55050750643203,4.0915816099657505,8,1,2,11,26.262010453116783,3,3.928394877780595,No
32,13,Technology,3.4668828760432358,3.4668828760432358,12.484997182233062,2.2590039024646025,2,4.675207619308567,35.2153917274534,3.0221121030726095,40,1,8,3,10.663232428296368,3,4.379564144753151,No
44,16,HR,4.642974501016402,1.1989405395351407,7.611025163167146,0.8100878088654446,4,3.8911185287181453,48.32334088678243,2.2188403381022406,52,0,9,5,35.69730226081405,2,3.3020617043380738,No
30,16,HR,1.06491833263763,0.32583735017838433,6.913764149430712,0.6562743863532222,3,4.702752792267531,54.410120763956016,2.8807979516617177,25,1,6,4,49.34846785129721,2,3.4495553165431274,No
34,17,Marketing,3.69952725574108,3.69952725574108,17.299036484674502,2.644229797408911,3,2.909727208588676,59.80686588787107,4.200220187241471,25,1,8,3,70.08029287515345,1,3.857257325485264,No
39,12,Operations,1.5904766109755433,1.5904766109755433,7.375083596390573,1.2216183128835323,4,3.2641109266051394,68.68635376568366,4.2080016780086416,27,0,9,6,22.089413722185213,3,3.9309775791613717,No
32,13,Finance,10.932175981421539,6.778466934498766,7.984897904844368,0.9006176107532978,3,2.502343172967592,66.81026357628944,4.514698312289695,33,0,11,8,15.39031999369889,1,3.5896523114600027,No
39,16,Marketing,8.2303302728975,3.845459089849445,12.609133092908676,1.069915586382146,3,2.285960027806766,68.51244272266406,4.608139185896712,24,0,10,2,31.020883919242827,5,3.8443207520921527,No
44,16,Technology,1.7709703632913931,0.3670655311321524,12.045826219049001,1.5259885291439668,3,3.6191176038774233,84.22021073278715,3.8110138886751783,29,1,8,6,31.859037836479256,2,3.4790223009448407,Yes
35,16,HR,6.825254886226701,5.021941649498908,15.525299520240486,0.9405145006265433,3,3.836762554422756,62.32322811392108,2.085709843361504,32,0,12,5,41.2207233551842,4,2.3169687496605333,No
27,17,Operations,11.380571141182882,6.076958473239053,19.129364904517107,1.083481982393519,4,3.29586038367775,61.10862284644615,2.360958772114632,49,0,12,6,18.96692035882877,4,3.3934892121267035,No
38,19,Sales,8.720231909002035,4.836316528758094,11.594425745729254,0.8159791968425263,4,1.900196606581408,18.45011182299885,2.2814964035418206,29,0,7,5,15.533924063223253,3,1.5330553894658387,No
49,19,Technology,4.208682998635768,1.5815478673809145,8.860365915513215,1.7720256696888246,2,2.6911347225715594,78.1799254879978,4.529459262851811,11,0,4,3,29.146081329427812,5,3.746253075383952,Yes
54,17,HR,12.406537853087553,6.60418752036229,13.593900234728713,2.6837888354175514,3,3.8335307886663608,62.52308802635905,3.4873056629577976,10,0,9,3,13.889842443826833,1,3.181745271554158,No
40,16,Finance,6.942429151847806,2.376771706486361,11.068990867983176,0.9452473319470384,3,3.1114479934287913,46.3257194500561,3.81654027805643,43,0,9,4,10.126501542747217,4,4.276415621955796,No
39,12,Technology,4.557337420333715,3.2494467409016936,12.321001017641047,1.3868460060216419,3,3.818672450859895,87.2783892279138,2.9033698520386326,41,0,8,6,29.07565352729487,0,4.397667940621233,Yes
33,13,Marketing,3.2982019058123373,0.3,13.305230457793852,1.6627507818227185,4,4.106257140634978,45.0541901479158,4.088638692918266,32,0,7,1,29.314038557639925,0,2.7710029728646712,No
31,18,Sales,7.633895924710018,4.102067605902412,14.978314236881202,1.7205358966052566,4,4.214067484553779,55.421124709126076,3.012957154522639,25,0,10,4,18.079270810568676,1,4.247500661226652,No
34,19,Finance,3.019324182039678,3.019324182039678,6.565200942344031,0.7912288904335407,3,2.811117538153286,54.077834894879054,3.4911000735737283,35,0,11,5,15.72465888948621,5,5,No
43,16,Operations,0.4589481547495118,0.4589481547495118,8.658339164253297,0.9772477489550949,4,4.52559662997293,77.30518022652815,2.303133924670362,22,0,6,3,24.715215541495393,1,4.564385629922542,No
42,19,Finance,2.945690147118899,1.502145636367361,13.005186745575603,2.5822356494214898,3,3.5970235255769105,47.47928689692132,4.203488770604242,36,0,8,8,80,2,4.805063599022181,No
38,16,Technology,16.55207000160145,4.305394278291019,21.364369298699458,2.56518126634487,4,2.1231893671284174,48.03771273386133,2.526906639745704,66,0,13,5,28.054189878893506,3,2.859742069945595,No
27,15,Technology,1.9141750887473055,1.9141750887473055,15.787859428959038,1.5064652938812024,2,2.790458766869758,66.56485413043022,3.396699596529753,20,0,4,2,26.76821334658419,4,2.4765065490843883,Yes
32,17,Technology,4.589587665859575,4.589587665859575,13.696335999811856,0.9330385978837072,3,4.309326916669881,69.2286804399083,4.391594670748925,28,0,7,3,43.45946069101189,4,3.3395013216714147,No
51,17,Sales,1.6906620165159367,0.3,6.6094447272521535,0.706110705569889,4,2.5589512144252318,25.722392980290145,2.715377438908161,22,1,8,5,43.82173602459727,1,1.4989013804686253,No
42,17,Operations,0.3,0.3,6.413867181691487,0.5153072151546407,3,2.7999037073629522,56.1954130063672,2.5966104242727437,28,1,6,2,27.372127859998315,5,2.8207059129931444,No
21,17,Marketing,4.870482686949118,4.870482686949118,11.154137204387588,1.84218245187912,3,4.385165270861411,53.94369575091543,4.308613876487522,14,0,6,6,19.540082107805965,4,3.717432635751056,No
27,17,Marketing,0.6708797866299768,0.6708797866299768,6.276448905064602,0.48153395272082083,3,3.9965958483815216,75.46476091388084,2.80118456441987,51,0,7,5,60.723833990871114,0,3.0110271702482714,Yes
26,17,Operations,1.448905691823099,1.448905691823099,7.248245793271932,0.4892889382397243,5,2.7213678094243763,56.938107390055535,1,17,0,5,2,18.805046294913488,5,5,No
49,18,Finance,7.596421744501298,5.3173406828999,13.106540498634482,2.345360323082661,2,3.2089314056462612,15,3.410231498768623,52,0,10,5,40.89375847462824,5,3.7262644522644224,No
31,13,Marketing,5.585749933990747,3.8836914378459833,8.609684980517024,0.598463217389013,3,4.991773967610717,71.51429120299086,2.2822495685745827,27,0,7,6,11.937015695243035,0,2.694909541946426,No
33,16,Marketing,0.8414074768223389,0.8414074768223389,7.337141550115495,0.722141145045462,4,4.401383607686016,63.2544318726096,4.424266272757219,30,0,7,1,40.355983603090536,2,4.125376359674141,No
25,16,Technology,1.1370409561710744,1.1370409561710744,6.946202549078997,0.6301916087874018,2,3.936372565318599,44.229807355843704,3.7959710942264104,13,0,6,4,49.55586727129153,2,4.9158333144309045,No
36,18,Technology,12.084530030819922,8.895194024871886,14.509319019300786,2.2696742011963917,5,3.109042432687469,73.52078715914554,3.2304562292087744,13,1,8,4,16.3830603343496,5,2.376198944450293,No
36,15,HR,5.932420539638675,5.762749246843883,8.091465865352859,1.4337521828110829,2,3.7845845240376788,64.85697448685248,2.084421734534214,45,0,10,5,34.59217145458508,2,2.2490884044479214,No
48,17,Technology,6.283320789232738,2.187035032113762,10.266741921132967,1.9550216786275367,3,3.2805331910493907,57.839698246180014,3.99562645748536,8,0,4,6,27.022730527836767,1,3.9439037874091634,No
32,13,Marketing,0.3,0.3,12.067224932436757,1.6876439651077348,5,4.962000774061813,64.27071031063097,3.897577230253485,20,0,7,5,32.66304279071509,4,3.449117367696956,No
32,16,HR,0.5853325341601731,0.5853325341601731,9.644764542102719,1.3769099647210579,3,3.0065490080090274,56.19580369247927,3.614489363893932,30,0,4,6,26.983675689788686,0,3.6031330983333145,No
37,15,Finance,0.5372959920855465,0.5372959920855465,10.91468372082244,1.147549960813654,3,3.085496047255875,47.078968820357446,1.4790862935958797,33,1,10,5,20.782457929541142,2,4.409134694398614,No
22,16,Finance,1.391194814696875,1.391194814696875,9.714918344364182,1.427618439355404,4,2.336727331018181,66.80640085608998,1.9002628497832488,36,0,8,7,16.701780861733017,5,3.1893544829717024,No
33,18,Operations,0.6306052877216541,0.6306052877216541,8.601803832383847,1.6765282585904486,4,3.657779264441046,46.319761404378696,1.07938302040865,60,1,11,6,37.458673910512175,0,5,No
29,18,Sales,11.774986881879018,6.871683181208265,13.669778821741087,1.4225309801497474,4,3.6208989785820855,49.76112731865414,3.5935782165494565,22,1,9,6,18.780767520689906,3,2.8520481469221477,No
23,16,Sales,2.482429029207171,2.482429029207171,10.007228728488938,1.9608299379203389,2,3.219737452844176,82.35146263329067,3.9902810411347094,18,1,8,4,25.892689097825674,2,1.6751549358712898,Yes
36,14,Operations,1.5603229042485702,0.3,7.879339775190115,0.8306143222665046,2,2.919161871073485,77.67038418603757,3.604926158644867,46,1,6,4,17.326239910484283,1,2.518180531220579,No
38,16,Technology,2.0159962694482547,2.0159962694482547,9.018984825339732,0.9533879259102369,1,1.6715552590054739,74.79900627998751,3.303687593904471,76,1,14,4,6.581415247888178,0,3.9551309593173407,Yes
48,18,Marketing,1.0596045245500432,1.0596045245500432,8.008272368589447,0.4795067792903766,3,2.1083138364797964,46.94115031635178,3.9860976530844745,51,0,9,3,24.20197383096286,4,2.980251674579965,No
35,17,Sales,2.7823837033478784,2.7823837033478784,13.452087854905544,1.1630746285191609,3,3.9862781833992993,48.33823534345287,2.282304249590302,58,0,9,1,13.197522263158984,4,3.1280592749621765,No
32,16,Marketing,3.148234932344795,3.148234932344795,9.797840432201966,0.5484402738271755,4,3.613401889556684,59.47640315730331,2.7029644498884187,31,0,9,6,23.606775827811116,5,1.6286985717512636,No
21,19,Sales,2.7743767747255488,2.7743767747255488,14.361000179780362,2.0512745299999455,3,4.187799282619795,78.72055018703716,3.997089920697038,37,1,6,1,22.145886260079067,4,3.5518062231878726,No
28,18,Sales,0.36112859978415324,0.36112859978415324,6.783223202607817,0.4119431461130564,2,2.887016343022647,46.52767777632804,1,20,0,6,4,16.592296013264658,2,2.6041291866915612,Yes
28,20,Sales,8.918918161318322,5.366240361922001,20.3899369163037,2.3077143452321747,3,3.786421411866971,54.91347505794183,4.307932413909366,71,1,11,1,50.55542421977825,3,2.350564219768272,No
21,17,Marketing,1.8224668560463644,1.8224668560463644,7.686796736748901,1.4402166594700039,4,3.0129646284321328,65.36665498333285,3.5589747462939245,34,0,6,6,41.14876671779875,5,4.312463529243785,Yes
21,17,Operations,9.731606482989779,5.776009929910942,9.875432616737013,0.8248789893295161,4,3.5096865754960773,80.72508831999207,3.2230724538360906,59,1,11,3,8.775817956524463,2,1.383190298282682,No
28,18,Sales,2.0337354788312667,1.8392476705678429,8.163057796924095,1.3466484766104652,4,4.402061464473427,74.92610462454313,3.4177351521145845,23,0,8,4,13.495551577675982,4,4.038237181696683,No
44,17,Marketing,1.9108580762733525,0.7202212137666788,7.02391347852873,0.6218410449258812,4,3.281461762258325,51.49826916451136,2.5350333650070636,47,0,10,6,19.93471291891376,3,3.0550010499825757,No
38,15,Sales,1.2380063271265531,1.2380063271265531,10.758131588872573,1.303675044264358,3,3.113377319451679,77.96783565792913,3.202929687238693,17,0,4,5,32.68323404326355,1,1.3792859140060303,No
39,16,Operations,15.473324536226109,4.737598465878183,15.43906573574651,1.666528689446281,4,2.229500552333948,39.280860667816846,3.0453635239252246,27,0,8,9,23.24482122784577,5,2.80459432325534,No
31,18,Operations,11.454696753196545,4.462826669501496,22.23916532441881,3.640354704843606,3,1.984618708540427,63.96641022485477,3.0063715125739354,96,0,15,8,23.420242562608273,2,3.1882295929606572,No
31,16,Marketing,8.261205572459525,6.438018286852247,9.905544329372827,0.7259138317976366,4,3.8028858183380616,52.99969902494189,3.7100722902112113,35,1,11,8,19.64390773360457,1,4.654558977201281,No
32,16,Finance,21.170175068216402,7.647228294335522,19.215621186783228,1.6264630828088973,3,2.5057567092383675,54.00011593288484,2.2079052041944833,52,0,14,6,29.410477988812087,4,1.4725125140525948,No
48,14,Sales,0.9326018167980805,0.3369128169241769,8.484406095778766,1.2584949420696923,4,2.492213735650997,57.641616656875485,2.6907820005426673,26,0,8,1,15.926763949002611,5,2.4488836988213682,No
38,13,Operations,11.077619164041344,8.814436531656664,16.50081278576939,3.289407354840269,3,4.303533885687207,61.61437076058196,3.388145015185318,84,1,13,4,6.569172790865029,0,3.3754441516467,No
25,14,Technology,1.264599031903613,1.264599031903613,6.180942564511472,0.8161959713981394,3,3.3285151885354045,69.894793901173,1.8970069747041853,33,0,8,4,30.602365638195764,4,5,Yes
21,13,Operations,1.9310079143402454,1.9310079143402454,12.169616649442998,1.3958530434021592,5,3.103845036585151,41.416622854280746,3.0223749344879955,43,0,9,4,25.1272522873521,4,2.6389856136122702,No
38,15,Marketing,4.837338453271741,3.3187224210917905,11.355864951272295,1.5114286597713442,3,2.9512874825029614,39.14092509641326,3.086614091850226,25,0,7,1,21.23390908484879,0,3.359242410577546,No
33,15,Technology,9.84327732880095,3.4442653226060527,15.307976463840658,1.7469243647667587,3,4.111956903777097,61.76489003705687,4.005162822578222,73,0,11,5,25.662361884817393,4,4.994152759796284,No
39,14,HR,1.9320164254170962,1.9320164254170962,13.322102440479194,2.342120369389593,4,4.010967459792584,64.45392332127673,2.5974911548066313,19,0,4,5,29.127414091414433,2,4.1129594894496115,Yes
37,17,Sales,0.3770556491611396,0.3770556491611396,8.704820352703965,1.3135503916863147,3,5,66.41197959357595,3.5898773704679954,34,1,4,4,57.95347585086007,0,3.956266318159893,No
33,12,Marketing,1.781257530392701,1.781257530392701,10.9361978383808,1.126500988918546,4,2.0555774180179687,69.15455894426262,3.078004251212984,46,0,9,2,7.139543736583837,5,5,No
28,15,Sales,5.517659188905842,4.559142134176577,10.809798057641629,1.5936211560122164,2,3.1052767454149675,59.21010058904943,3.388128762828832,25,0,6,7,10.177000612888175,0,2.2869907366830793,No
36,12,Technology,10.960499754672698,7.248451385826339,10.471347398993387,1.1509844784005963,4,3.090390581888352,66.55696398897133,3.3792963084943772,13,0,7,6,2.8095402040607826,5,2.9844586648554063,No
31,20,Technology,4.203521470901951,4.203521470901951,7.773317091805373,0.9313909258924197,4,2.9740268186319345,56.46918761589619,3.0250840741780842,28,0,5,3,34.14096437838371,3,2.992834389385491,No
39,17,Technology,0.9193143164599518,0.9193143164599518,11.614694805628512,1.1838048104855305,3,3.668657247140548,45.497938786992364,1.505721376565453,23,0,7,3,14.893831050294343,2,3.1337378527093365,No
21,17,Sales,1.6923858254280748,1.6923858254280748,13.620258935153176,0.9606024067020624,3,2.911888855667715,65.47202748417385,3.487548265864838,54,1,11,3,2.073985967340568,2,4.205843505721016,No
35,17,Technology,4.970667519148871,4.970667519148871,7.903071224281006,1.3984477027999311,2,3.2111524697515597,70.97366193601904,2.911537170177029,29,0,9,8,53.35853572919613,4,2.980775626529743,Yes
43,17,Technology,20.039472504213364,9.227052080132086,28.207613037440005,4.69534956224046,3,2.9191033217873406,51.06117250238746,2.889376375288587,37,0,9,3,16.731277921237538,4,2.325390736395218,No
29,16,Sales,2.855609495932777,2.855609495932777,11.745738707001763,2.1463130205900023,4,4.622252095800506,71.28563877426465,3.8169328120732064,41,1,9,4,17.18945277910937,5,4.687120271310202,No
26,18,Finance,10.692230208531456,4.199523331009111,11.485863893637578,1.9932522138169633,4,4.4086901195683526,58.50421077762801,3.1241576046721833,31,1,8,4,25.04640267748419,5,1.7206302942926381,No
38,17,Operations,2.028339978867819,2.028339978867819,8.664644073839035,1.1383867342508893,4,3.975042527188091,51.27776716736956,2.307503663834966,26,0,5,6,29.559763697993393,5,3.0773055525885638,No
42,16,Finance,0.4674505788044301,0.4674505788044301,7.310825318288217,0.657774179863924,3,2.5897212444451183,70.19593963653398,2.60710811489946,19,1,5,4,25.654958396991827,5,4.533626446144081,Yes
21,17,Finance,6.906677788518572,4.293825309982124,9.822642583247372,1.7871336752417037,3,2.6890839486429328,29.103168033156997,2.9094327735959666,23,0,5,4,22.8306136181879,4,3.187520666834251,No
55,16,Operations,0.5565216726234676,0.5565216726234676,10.614436805813247,1.724588816202961,4,4.286482750012417,96.00308182669498,3.989214433562211,13,0,7,3,52.59156748630328,1,3.4247003658849797,Yes
32,17,Operations,2.706118490074757,1.2279933715031353,9.848738786569653,0.6666563484538853,5,3.5025909988914115,16.60670669873731,4.398971362363969,13,0,6,7,18.10763346095642,5,3.1343381866276503,No
24,16,Marketing,7.006245348826216,2.858882197265663,18.107529163141482,3.5764635355143093,2,1.9242037754160768,72.5399221156398,1.8802249366706778,37,0,10,5,33.68651305587104,5,2.7585054037918817,Yes
37,16,Operations,0.37100520207395754,0.37100520207395754,5.302311118033468,0.46966380661525026,4,3.9093968101731336,71.75149737804384,4.203911453734691,32,0,7,4,31.175487383797204,5,3.2136211596271282,No
45,18,Sales,3.801102038334883,2.247945162289101,9.122457117740733,0.9115054066448868,4,3.712506452941677,40.16671837182728,3.500361937932834,39,0,9,4,37.6490389083409,2,4.758613617028495,No
40,12,Finance,1.5148460857186217,1.5148460857186217,10.386841952280161,1.9378568704740007,4,4.390875684681514,52.29053722032336,3.756384193127395,38,0,7,7,32.264025961281604,3,4.334559954486666,No
40,15,Technology,13.62914557200659,5.055791444109991,20.178841975334713,3.810103376972681,3,3.1983598439692975,57.76220176172207,3.1029064260495542,34,0,13,5,12.097805201886683,5,1.3421865594575182,No
52,17,Sales,5.925483302661246,4.161774047477796,14.341406429880273,1.492931157317967,3,4.691327208018281,79.68727850817736,2.89146005693464,51,1,10,6,67.34899326649814,0,3.3587332565613237,Yes
32,17,Operations,6.303759431226504,6.303759431226504,8.93500757174507,1.5418144557640958,3,4.104082850101418,67.33744105011857,2.881364253590056,15,1,7,6,55.61209188511491,3,3.766414132354162,Yes
39,17,Marketing,0.8970058808307517,0.8970058808307517,7.09715286668854,1.217832542013935,5,4.5967870133437385,95.23217368972861,2.1785915290335263,40,0,7,8,34.685277201404666,2,3.7956223893906125,Yes
38,15,Finance,2.965287456296884,2.965287456296884,11.680110438376397,0.9279553688866664,4,1.9018779977685591,56.76591263269466,2.5210730627666864,5,1,5,2,16.476992013373554,0,4.181895631340897,No
33,17,Finance,1.240814685604155,1.240814685604155,9.928447237056663,1.0440546221493778,4,4.486753385200138,22.741578298021945,2.905411469307819,31,1,7,8,12.551700086986507,2,4.23170686071581,No
37,17,Sales,1.804586121509103,1.804586121509103,6.536800083370802,0.7487970421199399,4,3.314351231723229,60.01651483593721,2.8006601051231885,27,0,7,6,46.31119475925034,4,1.859720293174032,Yes
40,18,HR,7.674745898277028,4.786585096233016,14.691854319049696,1.1139872892296667,5,4.132914218638302,65.28852478018989,4.213560762671695,45,0,10,5,29.511464086882597,0,4.904626378034419,No
31,13,Sales,4.0177022809569305,3.8308435013877213,9.599495100629309,1.5265515595485246,4,3.2884705638389615,58.12641836077903,2.9877982599827226,10,1,3,3,32.189461393254426,2,4.076781417445746,No
32,15,Finance,13.519605421133654,6.652972248914292,8.840630287574049,1.694601482704435,3,3.995154682577325,57.20537513915655,3.1121456833985417,15,1,8,2,12.124284953774112,5,4.634577259137342,No
38,16,Finance,1.4083471769027014,1.4083471769027014,6.70095087614366,0.8297423717424149,3,2.8847542885368376,80.29693388416688,3.8947467737635084,10,0,6,8,35.298847559486944,3,4.216973387851067,Yes
35,15,Finance,0.3420652483270601,0.3420652483270601,8.680776464258408,0.60940346033971,4,3.4193867377024922,55.672696340222934,1.2868061142936065,48,0,8,4,9.690388346627392,5,4.4758536616263,No
31,16,Finance,10.294580495243602,6.7637520720503055,13.933502996380422,2.0654496324029665,3,4.875673294591916,42.88436972950884,3.9025155143464803,32,0,9,5,32.37754366967056,2,4.154159810365149,No
31,16,Technology,3.3505138959379996,0.33380835218463134,11.713063616549674,2.2640344857951513,5,3.423839702659727,54.72187154409668,3.8232468120210865,29,1,9,4,40.275994704523285,0,3.003569784043901,No
36,17,Operations,13.597940798416554,8.030244418957071,14.737169457798075,2.9146311941046923,3,4.093744483315351,51.854191889850476,3.7856921844306437,56,1,11,3,28.810218521937117,1,2.262954208690362,No
24,16,Marketing,0.9228949111162189,0.4994584356185219,10.52722593671316,0.6713122019478212,3,2.8847331052957843,61.87546395750952,4.4108070557953845,36,1,7,3,16.310599372104228,1,3.075213431014657,No
33,16,Operations,3.977191977036556,2.993571545328053,9.50768533726726,0.4849048688022169,3,4.107223741141778,64.85112653865725,2.904185985409715,21,1,8,7,52.817868262528194,1,3.0669470884164722,No
32,19,Operations,2.5002350585827107,2.5002350585827107,10.359467821620942,1.515620991227901,4,3.3776599036586377,68.80292604385019,1.1170142520870052,17,0,6,3,34.69831936023054,0,3.77961591826086,Yes
44,16,HR,3.0550472320958324,3.0550472320958324,8.336746330790712,1.5324710441436764,5,3.696367650577881,37.29155259367477,2.1799700909493405,82,0,12,4,57.30309217572449,3,3.413090148548529,No
25,16,Marketing,5.988673023649871,0.8997364012822253,14.096608286754195,1.291546306132134,5,2.7052273532620617,46.02559410842771,4.695932099529017,18,0,4,4,80,0,2.3255346974225337,No
35,16,Finance,0.3,0.3,5.7378227512447335,0.5800996481874678,3,2.9177157418259685,71.28902561826041,3.5237409455640916,19,0,8,4,25.429110716949715,3,4.533473787359022,Yes
36,15,Sales,5.684498469023734,5.684498469023734,9.696204172334877,0.7850544330036743,3,3.7890314315785227,52.91752857612143,4.530279646691691,61,1,12,7,28.841279425024954,2,4.708325174922429,No
21,14,Technology,22.71510300970125,7.28339603289466,26.981913428145347,1.7245705236171436,2,2.9768711533087195,51.85773617941304,2.769208561787756,18,0,9,9,57.42268016992529,4,2.5340245364184,Yes
27,15,Operations,0.3,0.3,12.880721480580327,0.961092872828488,4,3.565443087233773,33.22563453109267,4.382782786575528,46,1,8,6,32.14539731970308,1,3.203244438590365,No
33,18,Operations,0.5175690180834918,0.5175690180834918,11.438152856141151,1.26814861354218,4,3.566861803129982,53.51892401495392,3.907246561340441,17,0,4,3,18.07284069585932,3,3.3353744333324813,No
22,19,Marketing,3.421114026336473,3.421114026336473,7.194552520100499,0.6889548220105267,4,2.6405298255682785,48.03843591926953,2.412659603793052,40,0,8,7,46.84943663805518,3,3.097303428902823,No
46,16,Sales,4.904696129447605,4.904696129447605,13.221139939554634,2.4388335830672463,2,1.8789773770901923,58.99580980470212,2.9843866472253313,20,0,5,3,55.717575815136634,4,2.8954861714239684,Yes
36,15,Sales,10.499980888969201,5.973385311258103,15.498682787559222,2.102948120347002,2,2.010426713725703,55.72590942410993,4.9801150631652,39,0,12,3,27.730010639642593,3,3.1040195826890034,No
32,17,Sales,12.361062988344177,3.249240606446774,23.087340650797902,2.2834273843448165,4,2.9178312884194,50.7642353095464,3.8037103737190843,36,0,11,1,12.176864513765873,5,2.850375948066175,No
43,19,Technology,0.9157247505440361,0.3,9.601820488364393,0.607220015445603,2,2.396074497628681,56.628231147708796,3.8795020579010844,30,0,7,4,22.531868156177516,4,2.2701076526137998,Yes
24,16,Finance,1.2333142934034242,0.3,7.895156954169619,0.8814910315387066,3,3.218901747190339,64.64486258174674,2.6015106881363907,21,0,7,4,40.36347903743435,2,5,Yes
32,17,HR,7.665370856295471,5.278211728568873,14.163121770971692,2.128113433496099,4,3.6335307688847265,68.29134884899231,3.3830490622012084,45,1,9,2,55.61105874365507,5,3.1168972227913363,No
21,16,Finance,1.6203110897161526,1.6203110897161526,8.04632153604481,0.8705267834161211,3,4.342434627868348,59.96171786730638,2.505173153379799,24,0,7,5,37.128315645223,3,3.221668195972171,No
33,16,Technology,3.824941786934562,3.824941786934562,11.283755191117047,1.813974072975107,3,3.695428412687597,87.5242425200977,3.19955198426248,29,0,9,3,13.338386274300905,0,2.951795970029134,No
45,12,Finance,8.094214757916536,4.74447706631634,11.872773952158624,0.7089825267167041,4,2.981956010557681,70.99177959452061,3.193915675744322,17,0,7,3,32.35783322830993,5,3.6074821224537543,No
42,12,Sales,1.050450033965935,1.050450033965935,8.623734732816091,0.8948913477055779,5,3.89611351919151,62.99178369274569,2.7732653446399964,36,1,5,2,35.47450664282009,0,3.3269217074722723,No
44,19,Technology,5.62725283164372,2.0468025851882286,12.279576054810656,2.376841935429874,3,3.5220752220775022,53.69732833780906,3.5165325944572143,20,1,8,5,21.958449730517692,0,3.976673584258559,No
35,20,HR,1.7742514889750831,1.7742514889750831,11.862779991108651,1.3185611450980992,4,3.8889349580737034,90.66643480031792,3.303265654851377,46,0,8,2,17.4587762818923,3,1.6719946965417039,No
43,20,Finance,4.976780392493459,4.976780392493459,10.220922294902588,1.325799845202478,2,2.6752492237997427,74.93864740241905,2.3882660356700822,14,0,9,2,28.56092879686589,2,3.6917090360314604,Yes
29,17,Marketing,1.006442904766371,1.006442904766371,8.453889258718508,1.4286121843488753,3,4.086899632032216,63.12396422837983,2.5535652047714903,29,0,8,6,13.853932268254832,2,3.5692642314364407,No
31,16,Finance,5.06372482998052,1.0061226305045041,7.409515272537938,0.9935216534896256,4,1.8895474938739432,31.368366986376117,3.431051614681286,38,0,8,2,48.8391681014716,2,3.033745583302356,No
36,13,Marketing,11.247319325281993,8.146518543045268,17.117838283823986,1.5043852669321933,4,2.5997415017497505,52.089318362452445,2.779394070592447,81,1,12,3,20.9162680615199,4,2.943165031599794,No
40,17,Marketing,7.055050193150402,5.098722970627624,11.455444963183698,2.094361987871512,3,3.0020204157942487,99.78183022450072,3.964218773008758,27,0,8,1,11.4709057352602,3,2.2642013013316102,No
39,15,Operations,0.38774908829084087,0.38774908829084087,12.264278934186434,0.8852519484821405,3,3.3273248641964726,60.90234805212301,3.110649431102656,41,0,8,8,24.479223963866374,5,2.717123316141775,No
34,16,Technology,5.0626106302911404,2.856877599159234,9.848818011321669,1.8852691052981452,4,2.617913033864074,51.725212454333814,2.012443790718503,19,0,7,5,39.497204437921305,4,3.9382182617435646,Yes
29,20,Finance,7.686615144217381,5.035868470136127,10.716056102612544,0.70230515785675,4,2.8023718380098592,72.967919103154685,4.388052299037188,39,0,8,5,11.902162956101693,3,2.9741954922496547,No
28,16,Technology,5.8097942183460365,5.8097942183460365,12.3455534507506,0.8240910966146647,4,3.1276368325310826,51.606890369228644,2.4051093017390612,16,0,6,2,72.16395046887406,3,3.4475859092520778,No
45,18,Finance,3.2798824783209963,1.2011583526020428,13.750024822042995,2.5653237172551697,3,4.28457199672166,48.46107602813866,2.6913380629430503,75,0,13,3,29.61717937369511,0,3.0396798476852487,No
31,17,HR,15.449397338902784,6.495987538288246,17.23661715743116,1.4733576398498502,3,3.1177755467501442,40.620289884252976,2.3152834699113973,58,0,15,5,14.98925755058992,2,4.3105515168198565,No
39,19,Technology,0.4324651161332653,0.4324651161332653,8.703069472964591,0.7037075115556012,3,3.7925964969605297,52.03885636448272,2.908536441875867,24,0,7,5,7.935186993743289,0,3.672944615483563,No
49,16,Marketing,2.745753588948393,2.745753588948393,6.638337569057728,0.6271523238391699,4,3.389462788439952,51.96247035684484,3.4947555624233897,24,0,5,8,15.99045267222245,1,2.3146940070716515,No
31,12,Operations,5.679325228844159,4.150586146395932,17.11621359806852,1.47602963558951,3,5,36.65606072568688,2.3860158345311713,25,1,6,3,50.99712550760335,2,1.9776537733135942,No
24,17,Operations,1.1895399343921922,1.1895399343921922,9.087789007154022,1.6763922316115005,4,2.6781193609345832,50.72648019926985,3.6706915526415216,26,0,11,4,14.59316648871675,1,3.8145099106574594,No
35,15,Operations,21.33752874344606,9.979951937843756,22.67435681141518,3.806056834155839,5,3.5124014254117064,49.55745826541315,4.398048006539715,55,0,14,7,31.89588224568998,2,3.745657655510185,No
31,12,Technology,5.508709708739431,5.3118022192781345,13.238287436493152,2.568233541313379,2,2.9046378710550464,69.25565034556794,2.8001542926492524,40,1,7,6,63.40848853888652,1,3.0578203481635384,No
33,15,Operations,0.31569367943361193,0.31569367943361193,7.162796111671633,0.8001840536532331,4,4.92380004974804,63.59063137101402,2.1880668627007256,18,0,5,4,43.416224314809405,4,1,No
38,15,Technology,11.539508606126684,7.718581340332471,14.356969757777371,2.083210881635648,3,3.4957154962086605,89.68750735393883,4.220856393855816,20,1,7,2,33.236109443873914,1,3.6472734418274393,No
49,18,Technology,7.967626724704562,6.5566663645561825,13.751692690324065,1.265265040217944,1,3.6934183124343907,19.882278224633183,2.092847173013254,47,1,11,7,52.00795254187875,2,3.9575236948957424,No
34,17,Sales,25,7.629785498735994,22.217097639778803,2.1995587743021106,2,3.2067383895253423,44.44489025530499,2.2357623528393304,35,0,12,5,25.943070669420674,1,3.7830777936324353,No
26,15,Technology,11.255424066796232,3.8892329831322625,11.37789207399689,1.9378091763185872,2,3.192436293695931,37.084663620837055,2.611424740489508,22,0,9,4,13.72325471769448,1,4.343565458505599,No
34,14,Sales,0.5084502576040915,0.5084502576040915,8.061543732984537,1.6142380918800499,2,3.2036215845765317,43.52087458638994,3.882306512273875,47,1,7,5,29.376195902722554,4,3.3649406815482754,No
33,17,HR,0.46350455846867233,0.46350455846867233,10.738376126282377,1.080292043239635,2,4.705494422932282,38.136736292061336,3.396335156796514,42,0,6,2,18.935328090747177,5,3.082569689850278,No
30,16,Marketing,2.791701733709093,2.2615135888369147,8.963510527424505,1.3998730115710445,2,4.604635301624515,72.62956820427338,3.106333104803991,51,1,15,6,46.69499915920995,5,3.4620065822665205,No
38,12,Finance,4.184202481601481,0.3,10.19748597350727,1.8834222332842725,4,3.7737389163105646,62.65926339080132,4.222580471021223,60,1,12,5,14.843012603588084,5,3.4991699197721005,No
38,18,Sales,5.250326500695086,4.167191002956957,20.4138766030352,2.7177936354946457,3,3.291368729396963,67.0096984785945,3.6005560668520387,24,1,6,4,19.24364825681865,5,4.535111463750907,Yes
31,17,Sales,12.448052981861348,3.3712520946791154,13.227360155727185,1.6567618018780879,4,3.8844958330306008,49.12366769945273,3.4991080871622993,24,1,8,5,9.77894959846122,0,3.912862198630438,No
36,20,Technology,1.8368348351875452,1.8368348351875452,7.011670959549737,0.5927713402372601,3,2.8642558063406813,90.9737194541623,1.9969945951130434,29,0,9,3,21.601703561964968,3,3.9437220031419096,Yes
44,16,Technology,0.366296619883872,0.366296619883872,9.78848321171019,1.1492956536481924,4,2.790668212735288,54.89474784922124,3.12104510646652,33,1,8,7,18.9495006798915,0,3.775025833306094,No
21,19,Technology,5.095701913974866,0.303997876543777,6.726115487150266,0.9958905459464,5,3.498001779414011,49.3507883465167,2.0781886461093113,78,0,12,3,22.985405527770602,2,3.563774476124498,No
39,17,Finance,6.052761999396659,4.157788915437073,13.108799399879253,1.631664315678564,2,4.70240240117005,75.24692831662966,2.702644327169164,38,0,10,9,42.884896618590545,3,2.7841520127061234,Yes
36,16,HR,9.259784842386685,3.8444483174205755,9.440803965224688,1.104228034009762,4,3.2840355907066843,44.06433203420317,4.200469823291211,18,0,8,4,21.367750242040064,0,4.02108612750107,No
36,18,Technology,2.1323137060902524,2.1323137060902524,8.956967595756641,0.643403592043749,3,3.3298321536895177,78.77782716949265,4.776268891338278,47,0,11,11,17.192664774285156,0,3.0455700782178527,No
36,14,Technology,10.499307245490945,2.563439403651859,15.831112755247142,2.240856801826582,3,1.1189860598446624,29.46347615091452,3.769652902641372,66,0,11,7,31.897316771384414,4,3.981860232906093,No
35,20,Technology,5.6237162780458725,2.808570544284454,10.254986143173035,0.8439207135811486,1,1.6927776280748537,48.79846557373951,3.480711373417808,35,0,10,3,15.72788754421747,2,4.83318136761823,No
36,17,HR,2.9039264537455765,2.9039264537455765,11.392539939174009,2.169565961279105,5,3.777727859058462,64.86911438655889,3.307978513253865,91,1,14,4,24.533166680287053,3,2.9480334446623573,No
45,17,HR,1.1152349922009512,1.1152349922009512,12.56481104835297,1.404418159800224,4,2.690063847970929,77.571074249791,3.6965098422903595,37,1,6,6,34.27278396012491,5,4.432580739572951,No
37,18,Technology,5.905892260739682,5.905892260739682,17.770909331070825,1.3166847441981726,3,1.7201499643026388,96.6829451310798,3.189341990760511,51,0,9,4,24.640175006383874,3,3.83745943657151,Yes
42,17,Marketing,8.107285850234392,4.065075014427339,14.09054211538253,1.0586615952567269,3,4.0807357974803,79.07168920441461,1.9137491665858117,48,1,10,4,41.686176753764414,3,2.812608302769829,No
35,12,Operations,4.444742223347362,1.716533690936286,8.563020455305299,1.6843472725514121,5,4.42717121939564,54.06759941099249,1.7746380130583939,23,0,9,7,12.930179825724025,4,3.345213847658889,No
26,17,Sales,7.247998310514401,3.942404993369512,11.518655550162993,1.1013340498029647,3,4.895932168857734,86.18274393642704,3.686945566750562,50,0,9,5,43.0590341185316,3,2.8961802320528225,Yes
44,18,Sales,3.93773355168266,3.711285808745878,9.414208243523186,1.1904212730627788,3,3.8276977450108673,71.89247227605156,3.6122102551850914,52,1,11,5,18.642225205513903,0,3.6172335668996247,No
37,18,Marketing,11.978684324394678,2.7563829893700844,18.23306508906026,2.896208862642507,4,2.517133533845585,54.11322552927931,3.3028272416670883,58,0,13,7,23.455696727580296,2,4.150333247094991,No
36,15,Technology,15.433730712907721,6.463442663600568,17.042305565701,3.3599999055545324,4,3.0673256006628495,76.35725319324484,3.092419969384571,39,0,12,7,57.79695800833096,3,3.4485700951773053,No
42,18,Finance,7.974207243049567,3.5983113884164384,15.85296500299997,1.0846794801010453,4,1.5055763156230484,48.2311707257548,4.596705120190135,19,1,9,5,74.28231144594064,1,2.36835776760768,No
32,20,Finance,4.61212511224192,1.9703217275746112,16.9662418539838,1.2524865938193597,4,3.126345952621538,45.59618086673363,2.885881321676532,20,0,8,5,10.564914827039786,3,3.724088486991109,No
31,15,Technology,5.347227348927292,5.347227348927292,10.167094083491591,0.9714574047925938,4,3.302905056144187,45.81465916740848,4.991624958978847,25,1,7,3,22.036604722706638,0,1.7527903471235018,No
27,17,Technology,0.5660059594240131,0.5660059594240131,8.573576982389538,1.5754685803425437,2,3.116841647358461,79.95817309940966,4.369517078695404,22,1,6,1,50.41015232433565,4,2.617770585892946,Yes
55,13,Finance,2.372519880480914,0.3,19.979723521369277,2.776888924283606,3,2.8211655101306,45.45330746191531,2.1300762170453833,51,1,12,4,28.816231139911597,3,4.245813168876369,No
32,16,Finance,4.725142848136884,4.725142848136884,14.651175667617649,2.164844982093092,5,2.02796308391042,80.35852832466489,3.9234913762143915,49,0,11,5,14.858257545867927,5,2.5941745432821564,Yes
36,13,Sales,12.545814274413122,3.112175880684956,15.641176702581257,2.0666714983185592,4,4.0013468663037886,55.34890486841574,4.98216980635167,14,0,9,5,62.85121567368999,4,4.365946427054282,No
39,18,Operations,7.365366799043737,6.51925518507229,13.930121280978033,2.7020407119647496,3,4.208421174345339,53.13318964738683,4.610244489123326,19,1,6,2,20.89086566675656,2,2.73127587757735,No
39,19,Operations,0.3825681270474237,0.3825681270474237,9.422487266069336,1.3888116554489531,3,3.706301061594318,71.26339553106645,2.8896779825307815,21,0,5,3,18.721386063255302,2,2.775197076218999,No
34,14,Sales,3.4938167816116126,3.296161412654295,7.078220034620287,1.0510142200616883,2,4.1937581618911475,57.35441632533885,2.5144154868556985,24,0,9,7,54.90740952133282,4,4.672698541234622,Yes
32,13,Sales,5.909754412517725,2.9450447832512663,10.781891363143293,1.289850323783658,3,4.806628514435608,65.97431375296294,4.569934669483037,29,0,8,4,37.89098614184107,5,2.991556444492265,No
26,17,Operations,1.3968801627755543,0.3,6.9446572494589125,0.8565881469913617,3,4.227572473933779,46.79546703930798,2.398900041632264,49,1,8,0,30.38826484800717,0,2.9808926261177167,No
51,17,Sales,0.3,0.3,10.425505638560823,1.6285903010009484,3,4.091536467167466,73.32074295097055,1.9880676638199841,30,0,7,6,78.09333202020831,0,2.4374875736970387,Yes
37,17,Operations,4.217829452808425,2.8663847783218355,9.710890682851552,0.5136493150140548,2,3.6859433206862233,64.04457850109006,3.5159750027479344,48,0,8,2,46.86345444985423,3,3.6907508524956936,Yes
21,17,Operations,5.731442884837075,0.6946514765936104,15.486360954421679,1.5745371165744741,3,3.9998928521933057,63.977268222727645,3.4110886313589788,34,1,9,10,54.62433420558319,0,1.6969834796917662,No
41,20,Operations,14.664661990546616,6.20291182149083,19.196838899155505,2.9735443541524305,5,2.7906129590764293,80.43908569154245,1.8032117652573527,10,0,9,4,24.673768046310855,3,2.1843911467189168,No
21,18,Finance,0.3,0.3,10.320683948488025,1.4888319376390666,3,4.78920600437862,68.01387079826068,4.196268833672759,16,1,6,5,10.685477584900525,2,2.968904856737441,No
33,17,Marketing,8.133549161018792,3.162928015850443,8.580439812092381,1.6185524552384143,3,3.4116870029985065,72.06925244291813,2.897625385107757,26,0,7,5,21.019838945335035,3,3.6645970180501966,No
51,18,Sales,9.642574933186308,0.8238279570842052,14.401842089378706,1.8479208911006377,5,3.5821024688903926,53.79138203747264,2.802867056481609,26,0,7,4,12.088893025775976,3,2.647004665441083,No
33,12,Finance,1.1118321994744471,0.704570756900125,12.341231123105228,1.2391232306335056,3,4.825947897849531,70.56091192151494,5,26,0,7,5,22.50869612479515,3,2.608472177407375,No
26,18,Operations,16.84808330884984,8.85640582347204,16.596427840834814,1.0525812477661403,4,2.423274605582339,61.676137153156915,1.9886662697733455,33,0,11,3,36.68283344150268,3,4.342559890789639,No
41,13,Finance,4.702237794005811,4.702237794005811,8.770399133683286,1.2639152127272908,3,1.6808377543942923,67.41347125337803,3.367065614910777,24,1,7,4,24.59711686425906,4,2.3069539972381103,No
42,17,HR,0.3,0.3,4.898219459008166,0.9584174049206895,3,2.0988335281364754,79.94121237897797,3.509565094529371,56,1,10,5,39.699885938657495,1,4.900096758197059,Yes
36,17,Sales,0.9059690467081916,0.8251960387381634,6.317857821273546,0.4392433540990305,5,2.581491506738577,78.85485216599999,2.202460773966384,32,0,11,6,45.517729281907776,3,3.637760957373459,Yes
31,18,Operations,2.543364666172054,1.5000737108045816,11.228761017760164,1.7494969728024488,4,3.475928069062273,31.151093028565015,2.704307366888926,21,0,4,5,29.468935723841184,3,3.1039203335374865,No
21,15,Technology,2.537819692812079,0.8465763259864826,8.911035557670086,0.9279485541646167,5,3.398392572085421,37.34515673310633,2.600435767355054,25,0,4,4,26.672817488657138,4,3.5115314418484473,No
35,12,Technology,6.3268527330566515,0.9599248877588689,16.01223915283397,1.1175148094433385,2,3.584441822253846,84.86289813120091,2.8171615077553716,26,0,10,8,32.830573587193165,2,3.543212942919941,Yes
40,16,Technology,2.364619927357152,2.364619927357152,7.947167980844786,1.118563426576553,4,4.988957561553616,29.090317504339122,2.88392963197011,9,0,4,2,45.396304455698676,2,2.9561281401143167,No
33,14,Sales,17.31218505450328,4.649538563533332,15.672196308616067,0.8384479826249245,4,4.419843980002034,76.47426106349099,2.891899601200545,31,1,12,2,29.391299595469143,5,3.077885192606027,No
29,13,Marketing,0.3239289224995543,0.3239289224995543,7.715639360901981,1.255433709096587,3,2.9971427835960927,56.12258978379115,2.792813503573087,45,1,10,9,16.603949136421875,0,3.7794023642184222,No
42,18,Operations,4.242539865977069,4.242539865977069,10.976106249862047,1.9218258956270267,5,2.9821142577656494,65.99020191344235,3.193343511714316,22,0,6,1,34.226669493098534,5,2.760734419419593,No
27,14,Operations,5.247599635628286,4.498325734178182,9.236687835141488,0.8784273408227417,3,3.785875584921468,55.84592755366105,2.282559032210886,24,0,9,4,17.51437986935107,2,2.2341762834701853,No
34,13,HR,2.1269439640695365,0.5127752581636591,11.713541461832524,0.8912361872728999,3,3.7043589397645107,65.4789167083177,3.8246737656590386,81,0,11,6,49.12820058491619,3,4.210045732985619,No
40,18,Marketing,0.3445594276246712,0.3445594276246712,9.52034645318775,0.819445875145571,2,3.3957431540406366,56.90305806112829,2.574733334521809,53,0,9,5,54.281174540157735,4,3.764383663310307,Yes
39,19,Operations,2.300350268311533,2.300350268311533,7.081068602409383,1.095004426136821,3,1.6951093206776813,62.675985092432356,3.107445928804645,25,0,6,7,23.216564588497636,4,4.263501679864065,Yes
34,14,Operations,1.2254792193522401,1.2254792193522401,4.606910141991163,0.6195245865000372,4,2.3057900113574505,72.74833118589191,4.197318453573169,33,1,10,4,21.35947563232968,2,3.8289137938078572,No
47,15,Technology,0.3,0.3,5.3470706916287725,0.7071141533692594,3,5,58.91131983896172,2.8013018320226943,32,0,6,2,33.72423515280987,4,1.018076790863835,No
29,16,Finance,2.5676316211993755,0.42513412754338936,12.276641806715004,1.6164291147249061,3,4.402863219367146,63.76730154398715,3.2755484836785707,63,0,10,3,26.265634751550394,0,4.021079585280709,No
30,15,Finance,0.8863403799719103,0.8863403799719103,8.594439726351949,1.5734159772592164,3,4.686153398773988,43.06128008831642,3.596875473679681,20,1,4,5,4.033984188569019,3,4.741285360729339,No
32,18,Operations,10.77822211650076,5.6437189732301825,11.202040327918112,1.9399530851715763,3,4.626165723091051,70.55427870512027,1,21,1,8,4,17.65889496152932,3,4.643072505667685,No
37,16,HR,14.803178337702272,6.3167617275190935,17.459337447797044,1.5166964104973168,3,2.7088481224550147,60.80986956251116,3.162113048864819,10,1,6,2,15.215941969932468,5,3.6978312023060482,No
34,16,Marketing,12.81613614401177,5.506653441574385,15.542717762426335,0.7752136475210117,2,2.5873918869468393,89.86389483894807,3.68052312993298,47,1,11,6,28.6800113176781,5,3.624073537146774,No
33,19,Marketing,11.182881631883568,6.97998508930286,21.52586105729986,1.6735637873556,4,3.8035834133649318,70.54022913753174,3.4903323363868983,46,0,10,1,14.611160157630842,3,2.5074381327523363,No
31,13,Operations,7.128661664329863,7.128661664329863,9.11950112372765,1.1706295146059496,4,4.383707337214477,72.88174583598028,3.423763877099882,56,1,10,8,30.444599432656542,1,1.696275438603732,No
46,17,Operations,3.1947616797422684,3.1947616797422684,8.714487301973382,1.5523034405575329,3,1.698223977076744,59.565714716061464,2.939186425762698,14,0,5,6,56.71241007447913,3,4.604133698317396,Yes
34,12,Technology,4.873463503450351,2.8700960192735727,8.93272676190603,1.1124989476911031,2,2.9093077826867577,43.07091767492829,3.8029262325449666,34,1,7,5,16.54542135263791,1,3.5222310658728717,No
29,12,Operations,1.5819913394563825,1.5819913394563825,10.058380197444935,1.6194391658366059,3,1.8049309174966282,49.35810276255086,3.3902545686714607,25,1,9,8,33.80873713749009,0,1.5812998756418752,No
26,14,Marketing,7.978576656437594,4.802413958695925,12.679615058876552,2.4938994425454344,5,4.58890921845656,60.027482459084304,2.526588042628367,40,0,7,11,35.10633787217709,4,2.4080556415843737,No
24,20,Operations,0.923630798101595,0.923630798101595,8.771559817332067,0.4928360365460958,3,2.897880627177674,78.18848320978724,3.794919254049636,16,0,7,5,38.50055156130357,5,4.93854341614236,Yes
44,19,HR,4.292028271255018,4.292028271255018,10.054165338755624,0.7051802810676177,4,2.0001417282880296,46.59040091166883,3.4975280917278657,18,0,6,3,30.141331672184073,2,2.8203630439947753,No
38,14,Finance,3.227486174064615,2.6605491333229296,6.785475783735308,1.2915619077968403,2,2.6740156918691493,59.652749500127506,3.491358011221061,52,0,11,6,13.668000030254667,3,3.31616513060452,No
44,19,HR,0.43190843018867836,0.43190843018867836,6.138973939983107,0.9600303616203958,4,3.5842892826829607,70.02427250286904,4.799399460499773,22,0,8,4,71.60129919482429,2,4.058159033688972,No
43,13,Marketing,4.224919717187064,3.2490815300436986,11.343295142077295,1.62577428990622,5,2.610072008037348,39.36746126239136,3.286966638410885,41,0,11,2,36.068763089174666,5,3.3501657011783856,No
41,18,Finance,2.4211697879028695,2.4211697879028695,8.051929130175974,0.9381475272864256,3,3.3972115508187364,47.54679907976421,3.9717660666404195,14,0,7,6,25.46694653362037,0,2.5230404965756517,No
34,17,Marketing,6.859779796798337,2.868203693465185,8.743820569027028,1.1583988775487524,3,3.088412786518959,55.249701582847685,4.630212908902412,40,0,6,5,22.77642656825915,2,2.374696179707603,No
30,16,Sales,14.0431272536917,7.849301258489447,19.32736575160117,2.052001585743433,5,3.8805381290627348,46.79890959565338,3.8988947124275124,34,0,9,5,6.743581543274598,5,3.679780349458388,No
32,12,Marketing,5.954436730589186,4.491493209322089,11.918984430046242,1.15774271240115,4,4.315365973781938,39.94571038138011,3.7947122106508595,14,0,6,5,40.10559099101342,5,4.769861721844524,No
45,19,Sales,24.824594228226008,6.237561117593642,30.94594864515455,4.164795581245583,2,3.3063816140050237,63.99796673304614,3.334137879958227,39,0,12,3,34.36802252984504,0,2.091999410203115,No
35,15,Operations,7.165818074365104,3.8689605977258825,6.518863650120171,0.6920795865433421,1,3.3014934666964,73.66457909176802,2.901718658523143,35,0,10,5,48.26459515524521,3,3.849776981146837,Yes
36,16,Technology,0.3,0.3,6.475634883137697,0.4208864097990825,4,4.980200339170507,83.50472827372003,5,38,0,9,2,22.725212066714715,1,2.5754358430712916,No
24,13,Sales,2.5543660050499035,1.3142505904107882,10.849524499056944,1.7736310333592267,2,4.067196723651106,48.79348794391439,1.5949997394961835,13,0,5,7,33.04772940454153,0,3.2857793305495506,Yes
42,14,HR,2.7184633456557608,2.7184633456557608,6.658016930597646,0.6651186562415217,3,3.6918276461188655,54.70909220070586,3.694431574678673,15,0,4,3,20.339428969641542,0,3.4964777277735233,No
42,17,Marketing,3.7434585738602633,1.7276459999149887,11.969735585896707,0.997806140942015,3,4.683821556569065,71.7286688577647,3.60006149042067,12,1,6,7,10.853386718039843,2,1.5932398603565028,No
32,16,Operations,4.016075091090751,4.016075091090751,8.27271908778251,0.5328598720806775,4,3.3251076978974785,27.45701107132785,2.9740315011100398,28,1,5,5,31.214825174611253,0,4.98362999868511,No
39,14,Sales,1.6959440360907123,1.6150288229314351,6.893146380016612,0.6121108383204831,4,3.5963879437342334,65.03430504386701,2.3036104061528087,35,0,7,6,14.844127351616146,4,3.884093055519167,No
37,17,Sales,8.29843544520612,1.0920291370463977,16.497504789137814,1.8708317809023534,4,4.120889014092778,41.70081390800178,3.509924273293272,21,0,9,6,29.44553603094845,1,3.8375242321425667,No
34,16,HR,0.3224651349017798,0.3224651349017798,7.929371513392953,1.381845943377173,4,3.0978245898434675,69.60532709518817,4.420080816885267,44,0,7,2,20.231912217886737,1,2.643155287575488,No
33,19,Operations,3.113075618521944,3.113075618521944,14.658793580385776,2.3974138164091467,5,4.104164405085432,64.48152048717536,3.602021742839484,16,1,5,4,76.69013160868201,1,2.6254005423643205,No
34,16,Operations,8.500723458451548,4.3867134019862615,10.329106023103856,0.7733862448315104,4,4.199532965084341,44.53389850594741,3.816706232750984,30,0,9,5,26.277319201299754,0,3.8844599853999435,No
41,17,Sales,8.600627829691618,8.091819225974245,15.784929129849354,2.6885112041722015,3,2.6115526597485923,53.58142406427862,2.9189825077859917,53,1,12,4,14.769642853819184,5,2.3988580319616033,No
36,18,Finance,2.061391076844479,2.061391076844479,6.991183530569138,1.119935295015027,4,3.405664261592427,64.58783428786428,3.9058537026268407,20,0,6,5,40.145655797013866,1,3.4238882094768592,No
36,14,Finance,9.742356420428083,2.7650120096823185,14.373331540168634,0.986053184890734,4,2.377983480383094,54.64019261327055,2.780238092620379,15,0,6,5,14.082529145646534,5,2.1892420570682747,No
37,20,Operations,2.4269900836870066,0.3127690128558823,8.286676300771404,0.8919798578034993,3,2.893831560777216,68.68388105625657,2.0233491996440907,56,0,12,3,21.774475725802194,0,4.091060110046711,No
60,17,Sales,1.6428321556234355,0.846386053945603,8.274399689587078,0.9629055813416644,4,4.724060219718539,70.33208547527343,2.793842718924439,27,1,8,2,55.00843439294429,0,3.9836639363798882,No
34,16,Finance,4.00418550472763,3.8721954538398156,10.589625289872448,1.904344255875594,3,2.6024388581558555,50.40675141492157,2.511355138699983,27,0,4,3,60.825347581207986,4,1.3898192196755712,Yes
36,14,Operations,15.464556978901046,10.255744083333079,17.167664417896866,2.9370620746954827,5,1.5765373201946935,64.03987800570944,3.712477222502266,7,0,6,4,9.628506340094754,3,5,No
35,15,Marketing,6.766976388440239,4.039004548052323,8.057424357379341,0.8442951961351384,3,4.44017248474875,51.70775653809618,3.896073038554689,29,0,8,5,15.520215003518656,5,1.111831813686342,No
31,18,Sales,7.636461590745343,3.309476066364263,15.107182262514659,1.3518153807732,3,4.407462785090415,51.6724008863977,2.8912948715887223,25,0,8,5,19.062237657038185,5,1.6455363039574646,No
29,13,Operations,9.206270101120639,7.268609734839934,12.503613824898098,2.129733289020081,4,3.3855062101599835,52.26972333738707,3.4875453113993187,20,0,7,5,15.664839529960487,4,3.3600745001159966,No
37,16,HR,17.546354896678736,5.9451200503810995,27.524352824580014,2.7056219942039608,3,3.78942602557324,58.82094838701073,3.207035001884041,19,1,10,1,10.919467943983477,4,4.7099214364763755,No
39,15,Marketing,3.64354359841616,3.604476128800134,8.091403820248068,1.4185773574926235,4,4.710716804964591,45.36072694923623,4.714378509996343,35,0,9,7,25.039611641105886,4,4.511384523071936,No
36,15,Operations,11.953833235762374,6.15923911147001,15.222464168688077,0.9713079250030141,4,2.787644397724989,69.66895962445456,3.108099547782714,42,0,11,3,23.065831275536627,4,3.2647540640726813,No
32,13,Technology,3.9045194234630047,3.9045194234630047,11.108781268139172,1.6485529510402586,3,3.1838085844295443,76.85713705234713,2.986295927250041,13,1,6,2,44.01212962086605,5,4.257502434284936,Yes
36,16,HR,1.1315317532328681,1.1315317532328681,14.980257249452846,1.657962195201781,5,4.185561036419063,44.78023488507941,4.103263237684524,13,0,4,2,23.84147941718061,1,4.072535809596218,No
33,19,Sales,0.7785774902385799,0.7785774902385799,6.421550585788794,1.186257943483378,4,3.4229850864754847,68.79999620086099,3.809506496585564,71,0,10,8,54.89786746135741,5,3.688415689868844,Yes
22,17,Sales,19.241732513254483,4.159011946442239,22.089506540394524,3.158313390204472,4,3.6604454103269286,70.93142530182335,2.3073026087547532,30,0,9,3,11.751974689186564,4,3.826928220355467,No
31,17,Technology,2.8005551658724017,2.8005551658724017,6.576760168326854,1.2018364403198774,3,4.117226061711458,62.30149575173039,2.891139473291812,11,0,5,4,34.7320781455802,3,5,Yes
44,16,Operations,6.045398295906344,1.3883996662583942,10.298599360836322,1.8060331766857705,3,4.6687836661748925,77.04562794062362,2.193870631485584,17,1,9,4,5.606719760648562,4,3.906522723939222,No
27,16,Technology,6.926643001834434,0.3400790946146443,18.472575788289834,2.3456900067707247,3,3.007140324965177,44.372329868136454,4.304736887479241,30,0,9,3,31.17344520097376,1,2.712069847625629,No
25,20,Finance,1.4890429131442795,1.4890429131442795,10.526523305918865,1.6261586003020825,3,3.684750913853794,53.224872868446354,3.278367106499024,42,0,4,6,34.01600844529176,2,1.1796549062659878,No
38,15,Finance,0.3300583203560853,0.3300583203560853,10.718899283237102,1.5332606728326763,4,4.4737673140073895,73.61018468346771,3.3788759737132685,25,0,6,6,11.97112975208906,1,4.4816285519808865,No
21,20,Operations,3.998763393045044,3.998763393045044,11.806892473495676,0.6281314622461132,4,4.003193204373477,31.44489687858769,2.9737523252113793,16,0,5,8,14.588054467438193,2,1.579753969758867,No
30,20,Technology,0.7180422527806498,0.7180422527806498,7.497944034184514,0.9538201042338841,4,2.9799874194970357,75.54118276234122,2.8106647462078116,28,0,6,1,23.694599884811762,0,1.3189845485025558,No
33,16,Finance,25,10.390193673055377,49.81,8.96,4,3.229296219708896,41.521334202818075,5,26,1,12,4,28.109696782614783,3,4.586740182474486,No
47,16,Sales,5.777849276221231,3.869001108649877,15.309339220972962,1.5673042017652423,4,3.9174986905802003,45.00076734544844,2.503989030599763,31,1,6,7,41.52764713907886,0,1.8135814664239678,No
30,12,Technology,25,9.129119307809622,49.38928298237244,7.349249060361619,2,1.8852620429079308,26.878997264868577,3.3149286304997436,10,0,7,2,29.80992245908925,3,4.075558551659073,No
31,17,Marketing,1.0494937171341197,0.31465829946212215,11.728743073922757,1.449540252953708,3,2.8038443496675587,52.3261675336388,4.310380265727548,23,0,6,8,26.62486211706662,0,3.966261818796529,No
36,16,Technology,1.082009635165849,0.3468394557510207,6.118986956595192,0.7505256047086303,4,4.006867781368565,38.18412677055012,4.400047514724652,40,0,6,5,18.95272115618742,3,4.476589086775065,No
31,15,Sales,10.632929413354384,1.1952140553896422,13.713517133151234,2.4363168507650217,2,4.083907917705904,51.224113014386404,3.583930108295094,36,0,8,6,38.14163318498279,0,3.561811007340893,No
27,18,Operations,15.53813826165216,10.89088200166138,22.001302443210946,2.6046533273544155,5,2.8164155727619535,64.76932867877836,2.491867017323576,9,0,8,6,79.5975137488872,2,2.4258250307956244,No
37,17,Sales,2.423506557421312,0.3,11.746755556598277,1.3993511457815053,5,4.399122828487806,74.79968857151239,2.7194840997711895,56,0,10,3,27.508889241992286,0,5,No
35,15,Finance,0.5489289930137744,0.5489289930137744,5.885825081727024,1.1618173364987465,2,3.8228245564704366,90.8132850799509,3.1943041110977517,58,1,10,5,24.252097007170356,4,3.253165995766343,Yes
45,18,Operations,10.843787898306172,7.761960107245434,18.794073456668965,2.676350653413019,5,2.6365760960167166,52.8371857354091,4.09823333639808,28,0,7,4,12.730341817809357,4,2.4313299300276467,No
32,15,Marketing,6.345312197704925,5.283152693116748,16.07325293218371,2.444051796364567,3,5,31.86380098369849,4.476199299141258,48,0,11,4,13.254745494532724,4,2.5115496270972506,No
40,20,Technology,9.460760083612485,1.274694586527481,16.771122171137005,1.3285810414444448,3,3.282524513843963,67.05336037130296,3.1151531497238736,15,0,7,4,39.4988142414556,5,4.374647609449862,Yes
32,13,Marketing,8.896261543971422,4.233386281547106,12.429970997418716,1.4751343622613335,3,4.911057468180144,71.5218219777057,3.7978011287917597,29,0,9,3,41.169303308146496,1,1.5277287848284775,No
21,17,Technology,9.159955675997356,3.804858400340842,10.607738920416088,0.6723552721691985,3,2.688787683451756,15.47918768802894,1.0963931190503169,26,0,10,9,44.526193546195636,4,2.815716303145566,No
46,16,Technology,0.41878271492447244,0.41878271492447244,7.47348080041396,0.5209159430512328,3,2.7975820042839534,68.84521459593617,2.0655891361741534,8,0,2,5,5.338589024241048,3,2.7639307208266177,No
30,20,Operations,12.18678777234107,5.496795389841038,14.094103250207738,0.8087728279181513,2,2.963505084784948,73.9527015230923,4.103824292116808,28,1,8,5,37.524160554217744,4,4.22239240142921,No
39,19,Technology,0.8494808000527488,0.8494808000527488,10.683895989129754,1.3438481914395293,4,2.5649332598849552,42.68119315759519,4.117328427770941,44,0,8,8,51.84186460540525,5,3.3904285210370304,No
45,19,Sales,0.6069035074666489,0.6069035074666489,5.538205784188445,0.385163503906225,4,3.4894138497695297,98.72957507931558,3.194371768523526,38,1,8,3,14.169568548888467,2,4.0293791115138955,No
31,14,Operations,2.381066395212675,2.381066395212675,12.02794992827575,1.6884013386846615,4,2.109871697674149,83.58391732271411,2.8925335462395565,27,1,8,3,17.94713486603549,5,2.6718033829783665,Yes
42,19,Finance,0.4583740629606292,0.4583740629606292,8.862414371066954,1.7669905170953357,3,3.6048360353078914,73.55814297410336,1.5697017194621325,20,0,7,4,33.12132538026847,0,3.108930022190401,Yes
36,16,Finance,1.3611950457673985,1.3611950457673985,12.254874154445485,0.7569642469278579,5,3.8991302169921886,75.91983531490476,1.578230876866474,19,0,7,6,24.24584122156008,3,3.4991555759154505,No
27,19,Marketing,5.196472079170975,5.196472079170975,11.57828986392788,2.0213852491418924,4,2.875312192271442,40.50443137030226,3.09465979899253,31,0,8,3,16.778815907800084,4,3.770141129393864,No
39,15,Marketing,5.342172289910402,5.342172289910402,17.185282209807895,1.3484289399790987,3,1.789545052924794,55.51780672076062,3.3639954383964024,25,0,6,2,34.54052921751655,0,2.9837657164539904,No
22,17,HR,3.262937714655763,3.011015674493622,10.172190141237941,1.125457030712406,2,3.9926039437115293,48.56302937153374,2.505489916640575,29,1,11,6,23.394549470271315,4,2.7979979756412274,No
39,19,Operations,1.4587727646897442,1.4587727646897442,9.656643676857426,0.9781558022661878,3,4.004748043092689,67.76087053193574,1.428166295368911,34,0,7,4,35.59770881911604,5,4.475139446318651,Yes
26,17,Marketing,4.741511440346053,1.6967113607565174,9.816821098956549,0.9220160070218094,2,3.408179018390189,55.92079256000554,4.072308724211758,46,1,9,5,41.048914730811425,1,3.232446936744609,No
46,14,Finance,1.7714318370332185,0.3898197111643098,11.701216879462804,2.2775564515249243,5,2.6173811045449313,54.08132861424542,4.487491006238726,23,1,6,4,30.325456036432843,3,2.352630680219848,No
52,15,Marketing,7.602194798015564,3.592909172763546,14.538684803228632,2.6325360907869526,5,2.0770599223291706,48.556700477045425,2.18216601077537,53,0,11,2,8.202249744179376,3,2.8555232209703685,No
47,12,Marketing,1.1979826483206943,1.1608919447501467,10.521840021944229,1.9460852852043031,4,3.4194707130855395,52.34165484548799,4.003349895234185,37,0,5,5,51.06495138465458,2,3.941121307616102,No
33,16,Marketing,3.4359707180162133,3.4359707180162133,10.621885498521928,0.6695879793138994,5,4.910415889176573,70.8695085576632,2.9019679681940476,46,0,10,4,40.66335472666811,0,2.3919291752784395,No
39,13,Operations,2.5332765893898967,2.5332765893898967,8.845122072900445,1.614087981038372,5,3.7079149156631694,94.39658154519289,3.49097197060455,35,0,10,3,17.675742716275998,5,1.61713418424607,Yes
22,17,Technology,4.3793272838922785,1.5190960632078447,12.005569809205456,1.6523203244057567,4,3.4054911219081525,75.71966135811242,3.7969351227997254,42,0,7,4,24.778994316932106,1,3.2531686288671784,No
21,20,Technology,1.0471106160441375,1.0471106160441375,7.34057689247946,0.3817449273211567,3,3.9037827901124325,91.91165309381694,3.320724139746622,26,0,7,7,19.266829347073653,5,3.673686994362543,Yes
38,14,Marketing,8.027782221043868,6.319662075813931,15.1933724310185,2.5710003191125734,3,2.6117530471354833,28.633642592512466,3.3092175452337833,20,0,7,2,25.924334250069954,4,1.8757632353033094,No
22,14,Finance,10.246382927410037,3.5012854719519617,13.861316965826397,2.520777410625784,2,4.499932174071016,68.17207303746599,3.67339149602341,31,1,9,2,33.87505503550646,4,2.3333464419362353,No
31,18,Sales,1.8085947223642798,0.4934304638152617,6.293761591971152,0.5726933239297259,3,1.886252932699829,55.84235491802478,3.499373840647869,38,1,10,6,24.705819286512806,5,3.6337490508924044,No
34,15,Operations,3.939227163645931,2.542596628642577,8.896586385186621,0.5366828416399069,4,3.1151858193419115,54.47338496963459,4.223294409628007,41,0,10,4,80,0,4.983631481038905,No
31,15,Finance,1.6943649827225167,1.6943649827225167,10.234500991850815,1.3172099982924572,2,5,77.08040209496066,3.0392449468932536,100,0,11,6,26.064891085501287,2,4.068923013605531,No
28,18,Operations,4.948272338870914,3.700461373914241,11.258793895618604,0.5872988077406182,4,3.909617179493026,63.05204833022023,1.8189805897755793,11,0,5,1,23.261023420269257,5,3.75988259987091,No
32,19,Technology,2.5647991645459496,1.3777318326535921,6.792892661503186,0.5143629155312371,3,3.7029963633503478,64.14322454121317,3.6917217828343256,34,0,10,2,29.56359160204958,0,3.1299225759055562,No
38,15,Sales,4.3701893172489505,4.3701893172489505,12.845647840621908,2.4707516126327187,4,3.066619991378468,60.14250092511686,1.690721694955891,69,0,9,4,6.770377809066897,3,2.4504820308153694,No
24,18,Marketing,14.173710254390492,7.605811778052292,15.76066069723633,1.8950159919011837,4,1.9147574108926166,60.94301507443061,2.363823595330463,24,0,6,3,57.58381299290742,3,3.4359837203479677,No
43,16,Finance,2.337208585136018,2.337208585136018,8.378187489943201,0.5575516433302752,2,3.110134946288419,70.63621400904833,3.7135405414213047,11,1,8,6,7.501062827052091,1,4.63847690941701,No
35,15,Operations,0.7192861349602255,0.3327455480110322,8.505709756460368,1.6715239264703805,5,4.999110650950812,63.718592486558556,3.68754592260674,46,0,8,3,15.976603002882657,3,2.514877190171635,No
32,18,Finance,2.6865081649023024,2.6865081649023024,10.21973808500364,1.403061968435416,2,2.6001651836983046,52.15909139164607,2.5956055698056977,5,0,6,7,28.0384951638668,0,3.052325073692769,No
39,16,Operations,11.139465581724787,6.52579292545875,13.379843440419194,2.3143988256605175,4,4.0868524040970176,24.479362710176048,1.8974794235685417,40,0,8,6,17.69954503022216,4,3.688028198327169,No
47,16,Finance,2.08275333791343,2.08275333791343,10.41203237687207,1.9137232923862095,3,3.1895132945171363,54.78811737843898,4.100344974890995,23,0,7,7,30.803186067268427,2,4.31996270917215,No
21,13,Technology,4.495279825780872,2.505906589545916,9.742087396175686,0.6478083624645509,3,2.7049870445353816,59.49913629532344,3.5094869115172176,32,0,6,3,18.74070905826961,4,3.5659644514062316,No
33,16,Operations,8.15056217617654,3.9383436203017848,14.725382157805422,1.5509995036888748,3,3.394032003370777,58.50622336596332,3.602916567334888,45,0,10,2,18.704765574637594,1,4.4513701068856,No
35,16,Operations,8.914941228187853,5.762144499058029,8.389191280219169,1.529766955408073,3,3.124082746361082,73.536331600006,4.029126437049446,23,1,7,7,37.91811225381339,2,3.7550342939878183,No
46,16,Sales,0.31972353202292697,0.31972353202292697,9.01302342194892,0.8816912053557202,4,2.426497989850789,66.56607125527272,2.990656549091318,47,1,9,4,1.616513788613915,3,3.3442679564225672,No
34,14,Technology,1.3738311556274139,1.3738311556274139,9.19670851617116,1.7287394161100205,3,3.1729678547865974,59.456602969593376,3.6983775815265774,16,1,7,6,20.12496163132518,2,4.976977322162765,No
21,15,Sales,2.952246096567649,2.952246096567649,6.552199119808239,0.5290767523995412,3,3.8958541745789366,70.5706974968443,2.201044405495963,44,1,8,7,38.95843114165928,3,2.24774600114313,No
39,14,Operations,5.886559419540092,3.0200820245885356,10.23605719317527,1.2151282989359886,5,3.7961007352052167,31.209872124996206,3.3115123424121484,21,1,8,3,27.106715897173874,3,3.0204092931172184,No
44,16,HR,0.43829426820335876,0.43829426820335876,6.6843279712169394,0.6964568395662406,4,4.395455481520931,57.219361372747365,2.96692034985429,11,0,4,3,17.007321808420805,3,3.7406670657376133,No
29,18,Sales,4.975834699349281,0.3,13.513477346355518,1.7329920614976573,3,2.2678077384104682,52.532119544017064,3.909810594660689,70,0,8,4,72.2977646513312,2,4.1878379376398325,No
32,15,Operations,7.092008201377954,4.779373688169235,12.223052868442842,1.1994342886741147,4,3.668159617350422,39.53726252791484,2.188687405552279,25,0,8,4,31.569503026732804,5,3.232370236594207,No
40,16,Technology,16.202224115087773,7.436761132596268,19.497961741740145,3.4010014789662493,4,3.4805983285862716,64.01283356734557,2.7057237151913918,35,1,11,6,27.62009935673833,5,4.5974518766215065,No
43,17,Sales,6.147170740273685,2.85129612933917,5.26067315474814,0.5488783892907811,1,3.408532473173133,44.67507786903894,3.0953381229221466,45,0,9,4,13.364846112402041,5,4.208719709105055,No
21,14,Sales,1.1922063512619892,1.1922063512619892,7.949141448932011,1.3811999009887512,4,2.881924219165395,76.94463641539276,3.510216035905041,42,1,8,1,29.509887959417334,5,2.856622586383985,Yes
39,14,Operations,7.7337268913649995,5.315012634748316,8.751746801861808,0.6189533028614047,3,3.8235676753355023,22.777561768828427,3.327704696218512,16,0,5,4,23.420517237663258,4,3.7037188168047983,No
35,14,Finance,1.5522886487889505,1.09303827162889,6.79118629808691,1.2311452301611894,5,2.6085287992217827,46.75258998030253,3.1684162486511958,18,1,8,7,8.233516827700813,4,4.339634006724764,No
31,18,Sales,4.291073048859933,0.7506689054141816,8.643216943195009,1.6320501886893173,2,3.6189988147211802,90.18511455390815,4.609320738337247,40,0,8,9,24.826637831809176,0,4.686024000099346,Yes
21,17,Finance,5.107779122193434,4.887372665993696,8.925467213068499,1.00103713273892,3,4.313750869648703,57.37975795368321,2.2071398929887236,44,0,10,3,50.74247715239359,5,2.5995652247462226,No
39,18,Sales,3.1511519105256443,0.8835615497019399,10.305469457602882,0.5574913757010455,3,4.888664814671523,43.605700968525824,1.4726831981876216,48,0,9,3,6.90739899784768,0,2.5881728083107745,No
29,16,Operations,3.0575170653804045,3.018097439699423,6.557548120723871,0.517420680119592,4,2.6009629331751185,63.15919579463303,2.5803729486126388,24,0,8,3,4.389189022519413,0,1.8209292261957624,No
30,19,Finance,1.5051796264184059,1.5051796264184059,8.544345510446238,1.4014286850235997,3,2.8153516942602432,47.76116375358252,2.7994745620386117,22,0,4,4,19.35562056913218,1,2.284792575534124,No
22,18,HR,14.467594817580876,2.0892695325701105,18.065354743960583,2.762547340762162,4,2.900652180257186,85.59426497968089,3.5341310329414495,23,1,10,5,9.055961878030189,5,2.0352446066248633,No
34,15,Operations,12.67854813927274,4.256649045623393,27.405148651175015,5.189863322509522,3,4.208728137116219,51.873741572409514,4.012590453567953,34,0,10,5,7.573077244469265,5,4.995168980953088,No
46,16,Technology,2.0801134645257733,2.0801134645257733,12.181203400610025,1.0978505793083788,3,4.203204786076707,54.083358839519285,2.898974814608331,23,0,5,5,12.315030641485173,5,4.9752836706075225,No
45,17,Finance,6.430461173257791,4.812891683047435,5.8961060991261,0.7175569302204365,3,3.9836784310002873,23.184381318123172,2.4054731742194746,33,1,6,4,27.542386335755204,2,2.4305196589980635,No
33,16,Marketing,12.401857237073967,6.72060639213964,24.079730754801894,4.000861202077891,4,3.6857543827652592,88.65054707660441,3.387361458614154,29,0,9,5,37.347563411264744,2,3.024919264553817,No
35,16,Finance,4.297658560174281,3.451439388017273,12.214434139179312,1.2459330886321276,4,3.500499765442755,51.94351640790171,2.395917501728757,8,1,3,1,46.41367193966311,4,2.6227947339915327,No
33,18,Technology,0.3,0.3,9.737762082679176,1.1942293019628427,4,3.615639119837034,48.11020967815856,2.696273694687789,61,1,8,3,20.057573030838437,3,2.2899210570085753,No
39,14,Finance,1.6167808364085743,1.6167808364085743,16.94063437511251,1.0368885663308631,1,3.201602132869955,78.75010533002094,3.2053339827028626,32,0,8,3,20.302082567744467,5,3.3088693574311177,Yes
27,17,Technology,8.7047422441529,7.0983035724211705,16.997602419918067,3.0320737888987415,4,3.277372482637176,53.83936319761284,2.400463876701879,50,1,10,5,37.42669802091715,3,3.0686755952799984,No
33,17,Operations,19.00885199484663,3.6438021938919407,22.8933961960359,3.620904142393286,4,3.4926414086098583,70.16244245393932,2.911654617136199,9,0,7,6,28.13908257110912,5,3.9603686354615992,No
32,15,Sales,9.456501371180988,6.973999806994135,10.337096803564584,1.122732712081164,3,4.819024408904136,53.28129172130865,3.382885340040711,46,0,7,7,14.66900579673904,2,2.934658248574362,No
40,15,Marketing,12.361227029268775,7.23917579862018,14.164533043254455,1.6793324335548476,4,3.102762020550133,53.75317513317841,4.186340059533621,28,0,9,4,22.889566324466262,4,2.326005143337747,No
23,19,Technology,7.560369967910743,1.9444596575659128,8.502251239633596,0.5782879135971423,4,3.1001856905575176,53.87251059274941,2.6018474264992215,49,1,8,2,35.27925832972158,4,3.985402776796851,No
28,20,Sales,1.0532486192897341,1.0532486192897341,7.298149914795409,0.6989652929016998,5,4.421718328288031,73.10600240592872,3.6903013945424807,41,0,8,13,30.834431444355783,3,4.593145277051306,No
31,17,Finance,8.094878980517077,4.525038271645531,11.642836534083399,0.5860705324956823,3,4.703019329150698,57.42672624053021,3.4975390686637056,35,0,6,6,63.32747971606159,5,2.90514163067385,No
48,16,Sales,7.011414027915286,3.4995280685942194,21.79336794012371,1.8495744436725317,3,4.499886915266173,57.73652070699085,2.787118567882672,44,1,13,5,78.58778039572384,2,4.4662431647326235,No
35,16,Sales,0.8626314323941273,0.8626314323941273,9.645946396061532,1.2361663331371369,3,3.2092720377501442,45.28864079795543,2.2930888047599334,13,0,4,4,11.568975458122667,0,3.9815197041630306,No
44,14,Finance,5.565556710270142,2.6629950659688837,14.199881040768334,1.3293808416475998,4,3.5420087727378,32.53854090041818,2.8273020858850386,26,0,7,3,28.666438863105256,0,2.0683261962455632,No
45,16,Technology,19.58205087014897,8.727388806221152,25.50348535935963,2.097804143797397,4,2.3731736198228357,57.8373459431645,2.2014729927652366,28,0,10,3,27.543670537525067,0,4.455317510391098,No
31,16,Sales,0.9402331157138857,0.5414776006334368,10.39694212591093,1.4986226872691488,3,3.8277416469570187,53.78933473284683,2.509436690406681,19,0,8,1,79.66247704510468,4,3.2833182044294,Yes
29,13,HR,1.1825039696495043,1.1825039696495043,7.373863817504927,0.6278721718482586,5,3.8197797259663075,66.69012160360418,3.108716854490963,29,0,8,3,15.197155575681306,1,2.361164702971775,No
24,16,Finance,1.532851394423208,0.9575138858565483,12.819268805970411,2.0026016415960046,3,2.9800913990356666,53.45252003160916,2.789814271810451,60,0,9,6,35.7354069855166,2,3.199548880483081,No
39,18,Technology,0.4593007905472263,0.3,9.26021349454764,0.6250458674898545,4,3.6351153064375605,36.66685662421441,3.4796822932820604,6,0,7,7,8.476349810147692,4,1.5198841917620665,No
47,15,Sales,0.8746961875796948,0.8746961875796948,7.827446361874142,1.4446064781453651,4,3.393725943348215,40.539001365959145,4.297524833727046,35,1,5,3,43.80383822773935,0,2.845513053329314,No
41,17,Finance,5.083913500842639,5.083913500842639,9.842651497539507,0.5251120508708379,3,2.7022661263514682,66.0601102625916,4.105888738297353,29,0,9,1,61.74951962108065,4,3.678206774020087,No
28,15,Marketing,13.713500543049747,10.0539528761933,18.694333083518547,3.4775227649187355,5,2.301265576939438,33.88536338937175,3.9951766319924316,35,0,8,4,36.63463613695644,0,3.6617262773066233,No
36,15,Operations,0.6483587297972566,0.34281717408268153,6.955752462773598,1.1104190526709896,5,3.081376786813091,65.14857766474078,3.586281244719305,26,1,6,6,21.914674075400974,3,2.420464321323111,No
33,16,Operations,2.0466029969670707,1.435332977220607,9.945851666557436,1.6346093237357469,3,3.3095195847586742,61.25309131048528,4.088457704635438,16,0,6,2,15.649038822550077,1,1.8071339689424424,No
41,17,Finance,6.997395361133957,6.997395361133957,16.710605745710005,2.417621068832294,4,4.005558251338196,78.77413057486169,2.6109241952049764,61,0,9,3,43.053898072126124,2,3.5226296573498037,No
38,16,Technology,0.9868336876095942,0.9868336876095942,8.776426289601591,0.5314633035570427,2,4.491473355256485,69.65653752392643,2.893067769300408,42,0,7,4,59.9087942248673,1,4.196941817368435,Yes
35,17,Technology,0.927713128024495,0.927713128024495,8.099670719617743,1.4149838267621748,4,3.5139757828934393,87.67632467913391,3.6992604040516746,18,0,5,9,67.61927625895595,0,4.899958649429378,Yes
28,17,Sales,3.0011030462514214,1.8896457790588628,9.630669552431959,1.2969909222257283,3,3.28348699223421,77.86032480423418,3.9370360979895764,74,0,11,6,21.538398826679526,5,3.9500718925295746,Yes
34,18,Marketing,18.634811189644534,6.715696168228074,18.634154786740947,3.3494068001705126,4,2.587605180425596,47.16877775366075,3.7954382744929096,52,0,11,2,7.3158932563643955,0,4.436882973255015,No
43,17,Operations,1.987717355736697,1.987717355736697,7.631501084133044,1.3809691558962771,3,3.4031521319079694,84.18095384756026,2.9698289112463283,46,1,7,6,24.697513402600812,2,2.619554184899157,No
34,16,Finance,3.4113146705225064,3.4113146705225064,8.77650025474556,1.653052283830172,3,2.612919686375633,35.65475566112968,3.3962088301781512,24,0,7,1,10.57163865084888,2,4.668945269156054,No
34,18,Operations,1.7869586568311673,1.7869586568311673,9.909934579955246,1.5375723220743407,2,3.503932551965297,56.62744588858256,3.201856994624003,12,0,6,5,25.401319833684695,4,2.673034032150354,Yes
55,18,Sales,0.7005507371595093,0.7005507371595093,7.927419621179088,1.2478517490947718,5,3.1885986259536,58.21107270017051,4.605402151144991,27,0,7,3,39.67106659675885,3,1.3113360538064407,No
44,17,Technology,6.0355304462354,6.0355304462354,13.678163550322672,0.7902283159923184,3,5,62.93548111613525,2.292041800216694,8,1,7,3,36.00007638693115,2,3.540212840408678,No
24,17,Technology,1.5791702507096106,1.5791702507096106,9.075564088198083,0.7560277665128,4,2.9037186676728877,70.37012013358705,2.6873417330178007,22,0,9,8,22.025109610474704,4,3.768504683409118,Yes
35,17,Technology,4.782550558507672,0.3,8.978827903842236,1.6011303618028696,3,2.0100648760985464,90.52049506281134,3.2967467726018955,18,0,7,4,23.408036369083497,1,4.656173060386101,Yes
32,16,HR,1.9293729286341923,1.9293729286341923,12.318728257943228,1.82012445646582,4,2.4304689203292313,68.31768594037122,3.30938606026093,30,0,6,8,24.0886169741516,3,3.666801426407896,Yes
28,17,Sales,2.098922049958803,2.098922049958803,12.094049952009389,1.3284380110440626,4,3.17463703326694,49.14173386980979,2.411199283329657,13,1,7,5,11.497739934211792,2,4.082791168020324,No
29,18,Sales,0.3,0.3,8.93707264570201,1.7762327672175209,5,3.60289395130232,64.56580616861181,3.3052658235379244,9,1,7,5,11.907542641841502,2,3.917147609866853,No
21,12,Sales,1.5820952820430811,1.5820952820430811,6.831382496783416,0.7799135017553193,2,2.6062989814624715,71.83342529800157,2.202215832478818,36,0,9,5,21.874042792830174,0,2.607680759367686,Yes
43,15,Technology,9.679814599703056,8.62763566781943,12.961515882486498,1.287541040418375,2,4.124183843786437,85.33594785261612,3.6052817502923227,15,0,6,3,34.0213827536278,5,4.4661465268748914,Yes
26,15,Operations,0.4032121303909467,0.4032121303909467,11.304686011135683,2.0495427198834837,3,3.0189105258998996,40.63325854814703,2.787139486799071,27,0,7,5,30.972002363333733,3,1.277006275478426,No
25,15,Finance,3.0225386372275556,3.0225386372275556,8.494206354790698,1.327143028255045,4,2.318296669659241,59.41007338638867,2.9913047576505023,32,1,8,6,10.426369540403265,2,4.0441794543359615,No
29,16,Finance,11.224986562171948,4.866631003992107,15.5998365606055,2.5866768829983777,4,2.8223218609543115,57.95121064444225,1.7886381921065444,20,1,9,2,54.381844592651895,3,2.7297108140052693,No
31,20,Finance,18.0931378919435,7.861033804287132,22.50215556955297,2.2006579248265496,2,2.696185209160259,40.91519632857995,3.820613318438165,43,0,13,6,28.494220474900043,1,2.9675512724470545,No
25,15,Operations,4.549910713055309,1.926810664659287,9.94310602914499,0.7060991892309139,3,3.5847914044449736,53.79407494462962,3.3948044032551428,83,1,14,1,63.913639262046125,5,2.457688404294172,No
31,15,HR,4.435971608769412,2.8121886943877237,16.616739825444714,1.0671108901251563,3,3.9941170065855687,68.79886174615724,3.3999330464210544,22,1,8,7,33.23286618665045,4,2.8122995881354425,No
27,17,HR,3.923151185922152,1.694388910545977,10.697873460002864,2.049947872007646,2,3.0384941897142115,44.12837157858009,4.212379649970357,9,0,5,7,18.77120190862618,5,3.5792498895829397,No
21,13,HR,9.798873048601495,2.8172631275045172,17.02097979246809,2.8482018804900284,3,2.9818615821650907,63.517960816316716,4.678448231276423,5,0,6,3,29.02082450899454,3,3.034595435254986,No
29,19,Finance,1.410377962637808,1.410377962637808,12.385809117688785,1.2878865896373846,4,3.6046518244348253,54.2590561128869,2.664924562625473,36,0,9,3,48.02772999124522,1,4.685374181304347,No
33,14,Operations,8.07002632290311,3.9454485197787155,10.132358233034646,1.4169775935127145,3,3.7283343968211566,51.55632743046831,2.3938752940408,22,0,8,6,51.80715107638551,4,4.229358237903843,Yes
30,20,HR,13.388753880814392,8.008297607352487,18.92291484754988,3.0521127596331654,3,3.98521926325172,70.55000651880023,2.890176308150942,45,1,11,4,24.336387814475366,1,4.923611380190734,No
26,14,Sales,14.971786709024043,6.669956628054651,19.348025098555862,1.6350553845862552,4,2.6185909310227298,57.61877582053013,2.475773327486295,32,0,10,5,34.486550615608394,3,4.509414499947317,No
34,15,Sales,9.756756567377192,6.192996082644266,18.2755361442941,3.601517944179809,4,4.9861389296747545,69.29761507175041,4.417275508430835,44,1,12,5,31.750992211337774,3,3.2416524088506673,No
33,15,Finance,14.068142144741293,6.331294242650296,26.510823031469407,3.8780131943889327,4,2.897187257652052,50.21139443779314,2.9861166245000255,22,0,10,6,42.532220613290654,1,2.7203291191306156,No
36,16,Operations,13.113445234623502,3.7280534498936313,14.99036803945238,1.7395746929075648,3,3.2134053107784806,84.57740059421548,2.7269628699450195,18,0,7,6,63.09819828915342,3,1.6582531878448654,Yes
37,16,Sales,3.039630107934838,3.039630107934838,9.306702180371769,0.6612430107387518,4,2.9959195333765396,70.48262488642956,3.0349795569175786,40,0,8,3,12.275074544712762,5,2.1979953535996843,No
43,15,Technology,1.110660228980291,1.110660228980291,8.769939732032626,0.6273281006703618,3,3.5255680605249475,61.036931071573484,3.0005669359750042,31,0,6,9,35.396874124354554,0,3.4178575706975534,Yes
53,19,Marketing,5.236231228547048,2.089583121025449,9.68083515435006,1.468442863096608,5,2.8209576255625644,61.46128904123381,4.509954460207437,23,0,5,2,14.745431104647086,4,3.5455016994991913,No
36,15,Finance,10.61853839009706,4.206205293243498,17.888219634200617,1.635473198294659,2,3.0170443377703795,81.6458585415681,3.013957256356907,31,0,7,5,35.052873467116875,0,3.632647735920719,Yes
27,14,Technology,5.483686435517078,2.998660970412203,12.021384722155673,1.1619427488628915,4,2.9029235082899096,89.6028704488484,2.799635818641751,20,0,7,7,37.58103534796266,2,4.152730200563814,Yes
24,17,Operations,5.349496221540756,3.7569517662988647,6.713973652055113,0.8018038300884449,3,3.103461796322582,69.34223526447533,3.3062193045100976,35,0,8,3,9.726616198121453,3,3.002305097586263,No
45,16,Finance,4.767208731920232,4.767208731920232,10.825365942124748,1.2895612757109598,5,4.509768443459742,74.28644961532905,4.301270160546616,37,0,8,2,19.271910327899878,2,3.3913988179589922,No
35,13,Technology,0.8175350953768152,0.8175350953768152,12.013183760462436,1.2329518339758967,2,3.1937142252980197,92.6228651647468,1.3796455506680385,5,0,4,1,52.73971144046859,1,3.4394977922905934,Yes
29,18,Marketing,3.910390546725827,3.2404509652492095,8.584262963183466,1.0483109601112188,3,5,55.51414453235356,2.566043699193493,29,1,9,7,9.444318630598877,2,2.1075764825804586,No
53,16,HR,5.20068538364065,3.8457160628552964,8.93748647322949,1.431362324439142,3,3.9930042867119577,86.01761329288944,2.398097071142378,45,1,8,5,18.025437689395467,4,4.424439778943025,No
44,13,Technology,9.296171259336262,5.072375884971297,11.746806095428177,1.8585411094596642,4,3.7922379335111045,83.35732544424447,4.001730927637465,7,0,6,3,24.967617749885576,3,3.7238142597843766,No
48,15,Technology,16.12139124149295,7.533576685207648,24.6514603174894,4.589677569661107,4,2.6902839722395475,66.6870639310783,1.8928108646627848,36,1,10,1,39.208105880696976,3,3.051842851918678,No
37,17,Operations,1.8998242513421941,1.8998242513421941,7.482138861963886,0.6557463936317713,4,4.015022425514837,72.43274354587834,3.9951743910290296,38,1,8,5,11.85699164914266,0,2.1935243068043735,No
40,16,Finance,2.8800250256686337,2.8800250256686337,9.852530785250854,0.7893736264991941,4,3.803326459425341,55.58915209486247,1,47,0,8,4,22.652200795869476,3,2.0077897058051892,Yes
40,16,Finance,8.207907171024964,6.772032077220156,13.140194921306605,1.3154970616505333,3,4.979455842533459,75.44433055744014,3.129962507302963,30,0,10,2,13.327160455527244,0,1.7723253201541793,No
26,17,Sales,6.936420545730318,3.383062445781981,10.89924764867987,0.6528655434854284,3,2.6908796972369418,44.16171588275408,3.3175263339973537,24,0,8,6,13.876262401274083,4,4.0088226882439715,No
23,18,Technology,1.904385056537377,1.904385056537377,11.777788918455247,1.1042243979550896,4,4.092238044014967,45.707753765221646,2.8208418490215803,31,0,8,6,20.218753815206057,4,4.766413957184441,No
28,16,Marketing,2.3615184870432997,2.3615184870432997,11.803308426799632,0.998855557635982,4,3.098877760636905,82.4608942773618,3.4147439507819133,17,0,6,1,12.730404009994407,5,4.024553378115673,No
39,16,Sales,7.289129196316648,4.370426776755363,10.21247006427659,1.1532911918726336,4,5,43.99406117275547,1.8070568936032172,30,0,9,9,17.876273806713584,3,4.136064227564309,No
34,16,Operations,0.8912766561935652,0.8912766561935652,6.625718110235947,1.0883294705082993,5,3.8835889078885937,47.853118269117886,1.796160138057987,22,0,4,4,33.156689712386694,3,2.616752493102334,No
35,17,Marketing,3.381579227241445,0.5005491692704891,12.141531588970109,2.1067104553830887,4,3.5059880338814398,93.48504499199773,4.007946618887944,36,0,8,4,52.04695882879417,5,4.054329707742828,Yes
34,17,Operations,0.3,0.3,8.288889570013747,0.7198588088281712,3,4.209024724480764,39.86615076410972,1.6994173131194354,54,0,11,10,14.532714696994304,4,3.1202401052395645,No
40,19,Sales,5.437907263721901,2.6639954631170237,9.89079518160909,1.6261844420523244,3,2.982003039649087,56.86310823807536,3.4045900948224577,33,1,11,4,17.072882642948638,2,4.504733852889305,No
48,15,Sales,9.630636663153805,4.390081867774296,17.15424774345503,1.0434537757493132,3,1.068191042277499,54.466261870143796,2.491767065640917,19,1,7,5,33.27130090274879,3,2.797772139093339,No
30,20,Operations,2.0444063919872266,0.30239175483961017,6.292845607777185,0.7131518295074334,4,1.5191361891818367,64.7349195087916,2.8061559359580297,48,1,11,3,20.363155143831,3,3.750698698342061,No
34,18,Sales,8.157359465672926,1.1480084420212702,15.035042072496193,1.3208545134442664,3,3.696075433563976,64.22986298446737,4.314551627147145,35,0,10,4,37.8143962730227,2,3.5317988330171857,No
21,12,Sales,0.3,0.3,7.811157971154516,1.0937377429634767,5,3.4508509132623053,42.07772440351379,2.4585550992534073,23,0,6,4,14.412172421195567,3,3.919291898725198,No
29,14,Operations,1.8294805679788493,1.07997381652325,7.459233601083423,1.2275375869418899,3,2.773093580053042,46.65332294581243,3.111178543193964,20,1,4,5,21.130522364976613,5,2.9597190370894904,No
29,20,Finance,15.911596168714222,5.950729614879708,23.05705255248859,3.8561403039021664,2,5,66.90101614901262,3.0035599172936847,28,0,11,1,79.53481495742143,3,4.612968546420155,Yes
31,15,Technology,12.054962804872694,1.5809095513832605,19.989541808284088,3.8124375655585054,2,3.1937274402660685,32.174764183996125,3.273913628758699,33,1,9,4,9.910894837600305,4,3.4678324830236296,No
37,16,Technology,1.9592811981335412,1.9592811981335412,10.078927776714723,1.6459381238801896,4,3.2967363893965644,54.883876812243926,2.59636106862969,33,0,9,8,12.321883822715478,1,3.0240691237394395,No
40,12,Operations,6.102048193983457,2.02218633014025,10.097802946539087,0.5513311716146303,4,4.701770203466827,84.16690970209105,3.7851935537798074,35,1,9,6,32.837296861594176,4,3.294611198173953,No
43,20,Marketing,0.43627925294914427,0.43627925294914427,7.575979760850014,1.4955055442328213,3,3.5289733328563138,81.93474090342058,2.8062316004949177,20,0,5,5,18.879674109218595,3,2.6709960181136396,Yes
42,18,Finance,2.8930874039293366,2.8930874039293366,11.175186136275228,1.9411580591666997,4,2.6976094417662924,63.02630390561465,2.366016356472538,46,1,9,5,64.70888244583344,2,3.7607276170951454,No
24,20,HR,1.8595244867791136,0.9613392616632049,10.215223856646592,0.5503919230991522,3,3.088941353957595,65.68166958763157,2.4736403901010204,59,0,9,4,19.487584147134783,2,2.572192711072841,No
47,17,Operations,5.559924814441765,1.459520473248279,9.081184538248863,1.6458178089025033,5,2.8123601819767097,33.50504609205603,2.6135334124759435,53,0,9,6,5.671688222844184,2,2.9068765040710183,No
42,16,Technology,8.599989935799252,8.197910804439323,11.594292660893988,0.785512753445141,3,2.907511619762443,49.64302866213873,3.9118329306016055,40,0,9,5,38.79254347331356,3,3.1191230018626785,No
44,19,Sales,10.822634704349031,5.660874042715908,8.345549311324291,1.012090485713637,4,2.7041292729266497,71.55977399325687,3.1081296844208026,10,0,5,1,53.05785869732899,0,4.565493649512285,No
46,15,Finance,0.3,0.3,6.237702512967626,1.0340003278787577,3,2.6000699087304633,84.37090512036202,3.22927317151345,31,0,5,5,25.549530128970623,5,3.3409771865277382,Yes
44,16,Operations,0.38954931817919514,0.38954931817919514,8.036657760743514,1.3132950573876716,5,4.081857077723051,35.93128111619193,2.6090796583215794,35,0,7,3,19.570068302318568,4,2.531168411883772,No
36,17,Finance,1.1233547985546113,1.1233547985546113,8.458416699024017,0.8493897569918922,2,3.2118920712036325,88.58219645853131,3.885398465607025,28,1,8,6,18.788862094795824,4,4.108570764371268,No
33,13,Technology,7.801320429081806,0.9475769579831903,11.30087772481001,1.9382963739765642,3,4.180044816907776,38.287683614036474,4.102938055496929,48,0,10,4,40.1657467694138,2,1,No
33,19,Technology,2.004902714970092,2.004902714970092,12.989419496050388,0.9609336683482594,4,3.6568694263173773,58.55374885975931,2.159274707694684,20,0,8,6,40.01832935176855,0,4.071260236556481,Yes
29,15,Marketing,3.542727645257561,3.542727645257561,10.698715643335042,0.602854406438868,4,1.3789239120366918,25.485234536332438,3.6910917341656155,45,0,9,8,11.429281152139094,0,3.4476796236385945,No
40,17,Technology,8.434538104507853,2.9033260006815853,15.084466459202208,2.2931727071609305,5,2.39232614965627,72.61772173546856,2.8150102481286265,21,1,7,5,28.885813980434538,4,4.142433903733504,No
28,12,Marketing,8.184929219897727,6.746401727178196,16.616457960175566,1.1053374737148647,3,3.0460904962455975,27.56465034776976,3.3903515248411624,25,1,8,8,18.811208458206895,1,3.3376356078215865,No
27,19,Finance,1.0889030844931697,1.0889030844931697,8.347620197047435,0.44769143408319173,4,3.274087188460467,66.604605188422,3.081259537765433,54,0,11,2,25.297495214088173,3,4.979279582268115,No
35,13,HR,1.0095545549797353,1.0095545549797353,8.092339972801119,0.9010240745970337,3,3.360230056799965,78.36854976387593,3.218858964456454,40,0,7,3,38.67966627711136,4,1.9212443529884609,Yes
45,12,Operations,7.112133658604096,2.5668093576772506,11.645702479720995,0.5998680871067649,2,2.327945950200909,53.41076011451889,2.507470917682906,46,0,11,7,20.362869610593396,4,3.8465133677001515,No
21,20,Marketing,25,9.405797876533718,19.56692392181239,3.7710105341628615,3,2.2809840465004556,60.62370597703138,4.420439088034604,72,1,13,5,3.7410447810486196,3,3.243622907137083,No
27,14,Marketing,0.7692139883118909,0.7692139883118909,3.58,0.36502888954526325,4,3.714729084194343,77.66040266230682,3.38694331834846,40,0,7,11,65.91089838486813,3,4.798545249139538,Yes
34,16,HR,8.703276166464946,3.239398105866109,12.437586393288615,2.3724381167265736,3,3.0776321506663535,69.2143825888033,2.5614156784334337,29,1,8,4,21.7125127982333,2,2.839918483883114,No
49,14,Marketing,1.0346391830236794,0.3,8.332533764238462,1.206490581837242,4,2.504440175541929,62.351699269284246,2.9975063404625315,21,1,4,8,57.605111107594304,5,3.19630741829648,Yes
30,15,HR,3.7676354157119873,3.7676354157119873,10.557744310930188,0.7787038273483514,3,2.307708883401241,71.73479189773771,3.805834986477565,46,0,7,3,24.78907888374638,3,4.4292333310311145,No
26,19,Technology,1.5951302189847234,1.5951302189847234,7.684302706230128,0.9714713364109722,3,4.19890864038452,73.49870954312924,4.0115421298578475,35,1,8,6,51.741269978646855,5,3.6968414210709017,No
31,17,Operations,2.368266599974386,2.368266599974386,7.85374628796904,1.2661822567951913,4,2.487328249569678,98.26025897871585,2.917668446091131,17,0,7,3,23.160816497254647,3,3.2738317897626152,Yes
47,16,Operations,8.951454177726454,6.527606246749209,14.466507095656585,2.2788445247119933,4,3.490728386785082,52.43411470108988,3.4105922073052377,61,1,11,5,21.36810414266839,4,2.785731083340307,No
31,17,HR,5.869214002328421,1.4551227193053502,10.239521165567533,0.8904289738443648,2,3.9939042875964867,83.34965838991891,2.711337134538834,29,1,6,6,21.92943348144921,1,4.364554703749652,No
39,12,Sales,11.608000255527315,0.5029289163351436,19.661671599045874,1.6540337451655405,4,3.393215817913776,43.82690840915071,3.6965183070475276,67,0,12,3,24.66688999219004,5,1.9957284904668213,No
34,18,Technology,1.7907097093292046,1.7907097093292046,8.675724387203772,1.358665983883978,5,3.5986967613641174,85.49838317720324,4.074616675212074,41,1,9,4,32.16771944790671,3,3.6835317374722587,No
44,14,Technology,3.2945131618789656,3.2945131618789656,10.453869746951316,1.0113787565849623,5,3.78230304944427,65.80757074669903,3.4099241978874004,12,1,6,1,20.12568045813333,5,3.9721989658367916,No
30,17,Finance,10.919476801120686,5.6438009922525225,16.987346606694324,1.6625496668946673,4,2.880157919115884,65.50848177002027,2.9125735990929797,20,0,6,4,32.25750208235424,4,4.531030019533944,No
42,16,Sales,11.792803051896508,6.139070669820594,14.380736520991396,2.387102226318399,2,3.520092329622702,81.84961926138315,1.8114899921649643,49,1,11,6,32.50994988866581,4,2.190798815504105,Yes
39,15,Technology,0.7085834979527047,0.3214406893090466,5.968413655991557,0.5439565994888235,2,2.098485941035614,52.031587453537696,4.308414415059863,88,0,14,10,5.93860842190101,0,3.694933784479508,No
41,16,Sales,2.1644912728564574,2.1644912728564574,12.986854469989558,2.411897611592975,4,2.3235390633571944,70.95563502357413,2.693300148103115,13,0,5,6,27.560469219869965,3,2.611056897086266,Yes
32,18,Technology,12.387767081238723,4.369774685543478,16.809291265438237,2.639376300359488,1,3.0078188786240583,89.54872168798002,4.142360829653793,19,1,8,6,28.19135153657105,4,3.348480323315312,Yes
24,12,Operations,7.015747608820392,6.993694467716707,17.750199912361285,1.908556216883745,3,1.6005358857603667,64.05368152646787,3.621571481171847,18,1,5,4,34.21779756176426,3,3.9344796496824475,No
21,15,Technology,2.2654348831002116,2.2654348831002116,11.487749815624197,1.5424768729824627,3,4.208510036321299,66.15863008685432,3.5152813553148254,42,1,9,3,61.51678850941753,1,3.308550922370487,No
37,16,Marketing,3.2512127091085365,2.8390816571411728,12.891854394080953,1.4683803459803255,4,4.304272612517892,73.43564697323325,2.191152201730558,27,0,6,0,29.897360587210375,2,2.6857418132128466,Yes
37,13,Finance,5.82293157500966,3.607209676436306,11.823991753874378,0.806658590500441,2,2.1166938433520057,59.517616231156886,2.794615343534851,24,1,7,3,12.997649057065033,3,3.1580740275306316,No
21,20,Marketing,9.782162950670957,3.4622820529790728,11.32424920794452,1.8845653107965135,2,3.011578358470913,44.032775237291325,4.07963274142835,32,1,10,4,23.954281370618997,5,2.6891657341806137,No
31,16,HR,14.210125468660491,3.9612870883203213,15.138189330943407,2.4223750707979055,2,2.981379366180217,65.52158303996057,3.384629138026895,46,1,7,6,16.503256188670587,1,2.9473782136919793,No
43,15,Technology,17.80697035731964,5.984150095088025,25.34377200315316,4.075478933879406,3,3.189542015635522,43.29491887642269,1.995631299103576,6,0,9,3,18.798949602530552,4,3.9756739072564624,No
51,17,HR,4.256157305125884,4.256157305125884,8.41079794277243,0.9479992224551863,4,3.6119196164472243,64.28937947526767,3.7768261544341817,25,0,8,5,23.35142661465116,4,4.117267679658372,No
27,16,HR,0.32406384522281817,0.32406384522281817,8.092025210146545,1.5934304407241515,3,3.8259265081209715,66.48998973293969,3.1070144812056952,35,0,6,3,17.19015374954561,4,4.817342482009878,No
29,18,Operations,6.355088336325146,2.595822100176072,12.847034000151162,1.0194720197837674,3,5,47.62908567620836,3.734334904552615,24,1,8,3,36.39170367436406,4,4.050428110287697,No
40,14,Technology,25,10.420558521152337,37.94376209116147,6.286625429618025,4,3.8978948547141417,76.2808287967617,1.2794228146870217,26,1,10,7,50.07569937648915,5,3.93729835018193,No
34,20,Sales,10.976905400614987,7.712063309039033,15.848375349884527,1.384309077458258,4,5,81.4812159915322,3.434181692626919,30,0,10,4,52.80197363667215,1,3.7517395542831045,No
47,15,Sales,2.6649385167682857,2.6130035874408164,7.650746444578028,0.8692718762824947,3,2.500413126160862,54.293096023327244,4.3088528411486955,28,0,5,4,55.61762272156274,4,3.5058939188934644,No
30,16,Operations,7.08186631333232,5.621772713563132,14.390660463004396,1.433958487798953,5,4.752265137180152,50.86545428352879,2.608304840557497,49,1,11,3,75.56718945864172,2,2.333649259947506,No
21,17,Finance,0.385180266068785,0.385180266068785,7.972330801396592,0.5092652917540917,3,3.6212215609499574,60.18110801335147,2.5014155444524424,27,0,5,3,8.076825315893345,4,3.3030049770544556,No
47,15,Technology,5.442917713549957,5.442917713549957,14.317449806548026,2.2388105830300646,3,2.7021146539726684,60.804016759763655,4.415170801672251,36,0,10,2,25.1309276548461,2,2.328188624674923,No
31,18,Finance,2.974013167823361,2.974013167823361,9.72772585857212,1.6685383331244377,3,2.997403339736161,59.99200524086422,3.919083760670539,41,0,8,3,23.731585260722024,2,1.796426460194007,No
42,15,Technology,5.751919882158134,5.125216516850318,9.088226967083765,1.5068403614691839,4,4.294085922179557,75.38571484806425,3.4757124299782935,53,1,12,5,32.30152812719442,4,2.9229997772854506,No
35,20,HR,9.547890612848956,3.6178833283393357,11.702713020751624,1.3085687497974083,3,3.02677175134296,49.76834199378483,1.4774700930696658,69,1,15,5,12.988505977769517,0,1.7955485079065474,No
21,13,HR,9.052977559340993,4.940312757881942,16.09372558036961,3.052580065801051,3,3.801877366239801,62.05788349890872,2.70571114952814,17,1,5,5,22.098857299648223,2,2.8341401875611107,No
34,15,Sales,7.3563599885219215,2.198370927972474,13.809250870197912,0.786958189422401,3,3.63247617740293,45.88885349883351,3.9167625034477704,34,1,8,4,41.931861849683685,3,3.7781348073608476,No
26,14,Sales,0.7589258293625258,0.7589258293625258,7.654476222194476,0.7347442116557547,3,2.8053278222651503,65.47145774004052,3.304920767174672,60,0,10,3,51.84815767540049,5,1.6532695758357316,No
47,16,Operations,1.2073561561497541,0.3932717485127855,10.763258929240568,1.4240272235506588,4,3.7075866745812704,80.30136256191663,2.2036110440361902,30,1,4,8,80,5,2.9945906360940864,Yes
34,14,Technology,4.169406172949136,3.808600315572995,12.583306687909161,0.6931448894483235,4,2.975605588613417,88.54283961270603,4.210417164261549,15,0,5,5,39.65334033917401,4,3.5493822288475076,Yes
22,16,Finance,4.139604078197448,4.139604078197448,7.841551127249071,0.43693635130291136,4,3.3070242898358195,69.24745546490497,4.019994544611172,34,0,8,4,15.675530751153309,0,3.8301211846999026,No
40,16,Marketing,6.512713899838293,5.845916320231545,7.996233786354971,0.8320605910555685,4,3.6032180299318943,88.2087367049599,3.5113882390720503,53,0,10,2,17.79622417513199,3,4.968928044071431,No
30,18,Sales,3.5716626065348005,3.5716626065348005,10.54144051408574,1.3730539824483041,4,2.984666777734874,59.84704208707673,3.0189736212804337,27,0,4,11,27.193383931869107,5,3.1468750174278157,No
29,12,HR,2.0357806683920194,0.5481964887531975,7.487563037355711,0.6323790749312316,2,3.5181571373891534,68.19748617332692,2.2854321107567555,22,0,9,7,17.64269305891447,2,3.789883254456698,No
39,18,Finance,5.628237163336604,1.9793329914510913,11.946057014776034,1.3037457935538017,3,2.993920333038771,58.385748136161446,2.1074812011129738,25,0,9,7,19.310534458599488,5,3.3727587622143647,No
57,17,Marketing,11.612944234091644,7.705551681891991,13.678963119704383,1.1878530998571526,3,4.108183339505035,35.80268598794017,4.112648344900599,23,0,10,5,18.612604971252374,4,2.258557202540487,No
33,12,Finance,16.788024891673807,7.021424908645863,15.44384117361091,2.9916289501769193,3,5,60.68897844831081,4.985791537842886,42,0,12,3,16.580108889130337,2,3.2611388627852493,No
28,16,Technology,0.6141012521641671,0.3089630613653641,5.3535734278528695,0.47063469677106395,4,3.2982581933607715,64.96662664242307,2.5171866113018275,21,0,8,4,18.887811758984153,1,3.907218658695904,No
37,18,Technology,2.051386133163289,1.4834516476513124,8.863202790746026,1.0996591360784278,5,3.0061481937636416,86.55669253477893,2.1052775841375584,57,0,11,4,43.006711983978875,4,2.080032446015966,Yes
33,20,Technology,1.021009003225584,0.34939311632484943,8.601641984263026,0.6965085391185473,3,3.2924576373292247,51.20028175539847,3.199101682845043,32,0,8,5,27.771711962315006,4,2.693023846212024,No
34,17,HR,0.47433114159251133,0.47433114159251133,10.350913736626703,1.5443845288471596,3,2.8931063164441144,47.778697540257866,2.62346735691604,21,0,11,7,16.451490475040572,5,3.2793148036383806,No
38,17,Sales,3.133317511223217,2.963488894407164,10.05090863596021,0.5656464447429358,3,2.29874371132002,50.94588175668488,3.126790108199127,47,0,9,2,33.35546186709037,4,2.4169733611301463,No
35,12,Finance,24.86146013414011,8.885312785476723,36.96015295778899,2.8964108996109497,4,2.3616839165580545,75.22201997465517,1.5761677192272654,33,1,12,4,10.479838150552727,2,4.996736010959505,No
40,16,Sales,5.780519171319815,4.3975592509068235,9.262040091430062,0.6014479825069126,5,2.607074172228102,54.53415517836788,4.173169481476791,81,0,11,4,16.104999270722132,3,3.830962104346223,No
38,15,HR,4.0803273466786845,4.0803273466786845,7.658344106687588,1.1566945557523904,4,3.4199029120009787,84.32015195857308,3.8733200701458532,23,0,7,3,72.14242057793226,4,3.064333282530136,Yes
46,13,Technology,2.5126646121283267,2.5126646121283267,8.436079729609666,0.7268610518257737,3,3.1094115129191007,66.35154087921426,2.814097200490234,25,1,7,5,17.119099144894534,5,2.476290741537131,No
54,16,Marketing,7.8272070701643095,3.6213977234277883,12.23475695227658,2.4085889218473837,3,4.488150373100145,58.630141156851174,3.8331881425676992,58,1,10,2,13.586583893240203,5,3.4688076550300853,No
47,16,Sales,10.681610572063619,4.529155348950089,16.16870671094969,3.080191694610178,3,3.100820519232103,98.56535832031207,4.2093234726704996,24,0,8,5,47.76281870447001,5,2.5232572257650663,Yes
22,17,Marketing,9.23955273233216,7.8703406677766985,15.54703304115416,1.1676693315876923,4,2.756259687765381,63.7692479870028,1.9945342450441466,7,0,7,4,13.924997008304388,3,4.1305131405562845,Yes
32,17,Operations,7.325580100348672,7.124685577943848,14.02375757617483,1.2143925471119685,4,4.57344718830876,43.47192784355278,3.066159404419203,10,0,8,6,49.84773434405341,4,4.39313278426622,No
39,12,Sales,3.698504822380225,2.9037664279875024,9.47469231930024,0.90207384838532,5,3.4197388513433427,40.057554201246646,3.1964326484552092,16,1,8,3,22.89813510333245,2,3.619280328577486,No
22,15,Operations,4.503289520732395,4.503289520732395,11.005949431839916,1.1193239450264774,4,3.6061304735643906,78.47702394832636,3.101210583227221,38,1,8,2,34.72044133446919,1,3.1734953022306853,No
48,17,Technology,2.7776031053589376,1.1878251358515803,7.604008652664587,0.8055456227737924,4,3.311725289448487,41.521641141768,2.889684080744011,22,1,5,8,10.650515804323346,2,4.977994726527507,No
43,18,Marketing,4.699708963090132,4.699708963090132,7.44502702560221,0.9613672755196839,4,2.8994324666785767,59.293853936270466,3.706811427629689,44,0,9,5,7.755915970044573,5,3.4695030172821513,No
46,18,Operations,7.598889678027429,4.861137563923877,17.029640918112474,0.9121855582258608,3,1.6184971831531225,53.88987500664202,3.3599280658056214,23,0,6,7,15.935545060483829,2,3.3173017413720074,No
37,17,Marketing,19.89794858149293,8.231722077326253,19.758700741896853,3.05671119244157,4,4.7955931428673715,60.08741668833301,3.7146847387585233,58,0,15,6,25.034465346104675,3,4.962830090653195,No
32,18,HR,0.3,0.3,10.628259374910689,1.548924560564592,2,3.793421850354238,90.23397001629236,1.9718830063602757,47,0,7,2,63.87237636782338,2,3.2981899491854927,Yes
42,19,Sales,3.31921365254415,2.3387528458651254,8.012064254682665,0.7523534134713524,3,3.3973177631890223,81.52622949961372,3.0108718191185715,21,0,5,7,11.019823809550287,2,3.850750392988992,Yes
48,19,Operations,11.334318707076491,4.049043319808236,16.305199807917237,1.5141548787024977,3,2.920012355552147,86.40139285998649,3.7930360725823076,28,1,9,5,9.2667762452115,0,3.9552105056970044,No
24,18,Operations,8.528435832818872,2.788652544668722,10.7960009609577,1.5935700318783563,3,2.691396594064998,61.695043842877226,3.594421993078189,38,0,11,7,46.23187446170477,4,2.00555854090678,Yes
34,13,Finance,4.8668626098153895,3.9048436622540557,8.395421815877835,1.4325723137118582,3,3.184951181366054,51.870933590451834,1.69869672224419,38,0,10,1,8.982116309616353,5,4.916486439590261,No
33,17,Technology,7.833784394291643,3.955747891962191,8.850756582312941,1.4296515244646992,4,2.4372819417939406,28.302467979742588,2.299681075026783,72,0,16,3,21.65485372836356,0,2.154854220035658,No
40,14,Technology,13.345749998849168,7.8158813498795965,12.570482017472717,1.2335201621504253,2,1.7079710495988052,50.378868073756315,3.522314546246618,41,0,9,7,37.99991290766665,1,2.985982295422016,No
44,17,Operations,1.9081978691015562,1.9081978691015562,10.607047273678518,1.3820446668479502,4,3.12788298100491,41.255657774516614,1.275686687302302,50,0,10,2,24.455458397018734,3,2.5727278464524366,No
31,12,Marketing,0.32582257966310096,0.32582257966310096,10.7301535202215,1.9063655766225214,3,3.201118903546043,74.21756547314897,2.2023718622543336,36,0,8,7,16.35366044210591,3,1.8987172458895443,No
35,18,Marketing,1.7620733890254205,1.7620733890254205,12.106901471476126,1.0664879317015634,3,3.683068314188519,68.15772737615794,2.193581167351662,40,1,6,1,12.400606559300218,5,2.9002050259863674,Yes
33,16,Operations,4.55518448813648,2.9672212925962076,7.220048731177805,1.026621762302994,5,4.005223830393852,57.577915706321875,1.904894738599886,7,0,6,6,49.85564182309573,0,3.6987857593693017,No
31,16,Marketing,2.050092516450861,1.5357389795296803,9.853821660902435,0.7261130759470373,4,3.8879376644425943,84.00599094155604,3.3918910374860003,8,0,5,3,41.528574874104606,5,2.0129032018635824,No
34,14,Technology,2.645065754893691,0.33197920810982573,10.117210548452448,1.5114170243612037,3,3.6639045965704597,46.8280480758847,1.418302171927146,44,1,6,9,79.78338502746898,3,3.2939602885250303,Yes
31,17,Sales,1.4476065285122297,1.4476065285122297,7.832538890750374,1.3447975857627776,5,1.8987876932869097,31.093238577534176,4.2832914761394,37,1,10,10,16.454288909592385,2,5,No
27,15,Marketing,7.906724761259399,5.774442784943252,9.999897281529526,1.66912865647031,3,3.579709073673351,49.85859533109339,4.221972197040236,47,0,12,6,27.947356599209698,3,4.426668807550313,No
38,16,HR,15.315185641983401,3.99970097847522,25.118825215974894,1.7539493737022094,3,3.2784406056612903,55.66529688962949,4.478540678846529,13,0,7,7,15.03520670118551,4,3.8178431432827376,No
43,17,Technology,5.839028445918504,5.839028445918504,12.906846140445785,2.042929735674289,4,2.206461195362316,58.23239562961842,3.116176779841964,41,1,11,1,30.61200503113856,2,3.6853700258480626,No
35,15,Marketing,15.121551199573197,5.286609334799802,29.516313784734113,4.820035742714519,4,3.7938637057832896,66.78021576771175,2.79597682972905,60,0,11,2,38.82078767054131,1,2.353070434031352,No
41,16,Technology,8.387473793332427,3.392236506566264,17.967676514572506,2.1818005756553545,3,3.222600333839166,38.894579565932595,3.098863743099481,26,1,7,8,32.62527669703035,1,3.4278047627168258,No
30,16,Sales,8.461128603350339,4.181299357052391,15.533811220184697,1.3134190908811634,3,3.4225359402964672,37.113440343058834,3.1719807556433004,33,1,9,1,28.810718155694286,1,2.7362680848286844,No
41,19,HR,1.9007134742283025,1.8562711900177582,8.266815385314775,0.8911641943966866,3,2.9899878098196178,83.71808895635684,2.0020843615969337,49,0,9,4,27.885389097304667,2,3.2034042318976157,Yes
51,14,Finance,5.443178587419811,0.3,12.150160567389406,0.921616727569814,3,2.818359591704867,45.201763410615634,2.1009163489148683,28,0,8,2,23.85655175410478,3,3.766894509316985,No
39,16,Sales,3.5244549721929395,3.5244549721929395,13.276298631795521,0.9888838532993244,2,4.016610982557725,17.527251141363664,2.6921635940776856,53,1,8,2,11.78332876398405,3,4.538475629032293,No
24,16,Finance,14.47778064461164,7.1221495360289095,30.293681514914827,5.574233204013224,5,3.102441924861451,44.6440357189808,4.002224380927148,29,0,9,7,27.544241291348914,4,2.4198758418484982,No
43,16,Technology,7.483141865936084,0.32076212638967194,10.580064575620364,1.9310482920094152,3,4.053403887025495,75.46648073327859,3.396515758168229,53,1,11,5,14.485947022879959,1,2.3610558950295335,No
25,16,Operations,0.496910520424526,0.496910520424526,12.446363812358944,1.595590441965487,3,3.208570245993969,66.2963346482821,3.0990707814409792,29,0,7,3,26.429337158567797,2,3.847976960393833,No
40,15,Technology,6.14812986424882,6.14812986424882,10.783643557915365,2.130228770767803,5,3.5954852553055936,73.32550615346722,4.601180692846648,34,0,8,1,15.425730579253749,0,3.13995549300635,No
36,15,Technology,8.67133709152245,4.950625434832288,9.032057174521714,1.5498629691441812,4,3.8149869019135876,47.950823853198386,1.5872573111494501,19,1,6,7,24.84032291759631,5,3.7503669219164344,No
31,18,Technology,14.655637612394836,5.413028672233713,19.934189535489256,3.556814515675227,3,3.583331400723027,57.918827940398316,3.6979227376469574,46,0,11,4,11.878389317343096,5,4.152372182739174,No
30,15,Operations,12.413586450535105,3.8000021631007104,15.592082477067873,1.8184666802988887,3,3.3040099682881645,73.99517924336162,3.299665663752527,21,0,7,6,29.88378598533202,4,3.1172500222352677,No
24,19,Sales,0.8427448462762778,0.3,11.622836165208174,1.4569472703962747,5,4.109131530509386,78.87824880252717,3.730358733411125,15,0,4,6,18.79327384498066,3,3.6105451597034026,No
33,18,Technology,6.217264165254883,4.521876807810615,8.02644713265189,0.811035888039991,3,3.0482608419713917,67.80028645941537,3.7963000026208698,68,0,11,7,34.389437413206615,3,2.427262191922121,No
36,16,Finance,2.1519874680376403,2.1519874680376403,10.630215228680711,1.7322850720961733,5,3.403314028750893,51.23531347397518,2.4675797672445494,47,1,8,5,49.739929712969,3,3.345870102614447,No
25,16,Finance,2.0860504299606637,2.0860504299606637,8.827023694882614,0.6626222894243408,4,3.9318459846557063,77.0653514106734,2.4993526592097672,34,1,7,9,20.383410821653364,2,2.661038839479738,No
38,17,Operations,0.3,0.3,10.540994796259183,1.801154112260379,3,3.8871500397011136,51.0977913555584,2.7967457293759423,30,0,8,4,39.10101787565066,3,4.010572265425304,No
53,19,Sales,2.146073997749627,2.146073997749627,7.84077839875272,0.6025971991344525,3,3.3874107549584296,38.71536935361806,4.198040959018228,9,0,4,8,17.81573608090467,2,2.73959028351059,No
33,20,Technology,1.2269871244112707,1.2269871244112707,6.28705661066086,0.6042061423243649,3,3.6042172632088323,61.296848815219114,3.0973258853925287,32,1,6,10,67.07157106774953,3,3.5463475599753096,No
29,16,Operations,2.7780251756029997,2.7780251756029997,13.6953343192931,2.0294179066501226,5,3.838116524357744,67.32497028571538,2.4198794261086554,36,0,10,5,11.058656768164669,4,3.1611126545295565,No
43,16,Marketing,0.5027612411279627,0.5027612411279627,9.380491042976221,0.6809556849853735,4,4.183863037701313,36.01680104647544,3.008905283191861,21,0,4,4,24.474017261160178,4,2.553104988546948,No
45,16,Sales,6.725447110475625,4.697588801001634,9.683357463604521,1.0694202556712384,5,3.6895140278968315,51.60055083629822,1.6119438832999107,11,1,6,9,6.474004515211318,0,3.9382476999791414,No
44,15,Marketing,8.884076705466942,7.534311155572907,13.408995526676005,1.118949398931065,2,3.309024466951269,56.53633454587681,3.479987236565746,84,0,15,4,57.09700710908378,1,4.05372847509716,No
39,12,Operations,3.8460794775017084,3.8287585651483522,11.06715829424156,1.5080658020286197,2,3.2861490993902076,73.85067711065649,3.00913812453505,17,0,7,2,33.05595842489068,2,2.3987787989281575,Yes
35,14,Technology,8.095519190359145,7.282065969367748,15.660215820556138,2.400757046745282,2,3.100761830937764,68.4953335954906,4.197194876963065,46,0,10,7,17.773090307997975,0,3.66296610488145,No
33,16,Technology,3.9711160157641854,3.277971564042389,9.532447110876566,1.8800639727011317,5,2.801661911907903,46.08972411539512,3.5943395111124534,41,1,11,2,6.209407175087366,3,3.959451433417834,No
26,20,HR,2.803491799638032,2.7048159293697926,11.319779834533838,2.016043689148071,4,2.780617172763183,65.85933908176456,2.1853322063103287,37,0,9,4,15.012747028162458,3,4.527188787520652,No
39,16,Technology,5.023446685074921,4.793746765856261,9.090599819713486,0.7007115732969148,2,3.092607632174467,79.57100994635344,4.121221841983475,16,0,7,6,44.45535078914888,3,3.090751711178399,Yes
26,16,Sales,2.8035971743303985,2.8035971743303985,8.651753930747313,0.721181976269814,3,4.899352948703583,48.02500718256336,1.9195590779153446,35,1,12,3,33.63985444985293,5,2.266704828637301,No
30,15,Marketing,24.32295284129065,12.238797847518267,41.097605162988444,2.939347529891801,3,4.106211897506204,52.244803276871906,2.625658658208456,53,1,14,3,45.32653203752517,0,3.2914672161948655,No
31,17,Technology,2.899172953841204,2.8767879981529183,11.458172677482327,1.4477567694698927,3,3.2985931289214037,47.592123814524875,1,21,0,4,3,20.17527980604615,4,4.478971609640131,Yes
38,20,Marketing,5.714559921071623,5.121602592494681,16.38478545760946,0.9225111053982263,3,3.7041336971444605,67.10272530602386,3.195384359555012,32,1,6,8,32.11834967234376,1,4.093349786154211,No
31,17,Sales,6.138560554420829,4.840740632943172,13.522862951996144,1.9209055127992214,4,2.592082744544738,15,2.1309402292125412,35,0,6,5,45.865881035534706,1,4.951160403357617,No
27,15,Technology,3.6892127195915854,3.6892127195915854,16.078503875906573,1.2982624827177531,2,2.9695487518251076,61.45175778067834,3.9886897329357223,31,0,9,7,30.643574735992527,2,2.1186183730803214,No
27,19,Operations,6.355164421028129,0.32491360491813315,7.139461271145823,1.0640501893024203,2,3.287106716874211,56.64454816185144,3.9049832362420793,27,1,8,4,21.453804499985807,5,3.6670499158382457,No
37,12,Operations,14.723579235707527,6.814297457288026,19.9742335516145,2.143426533367859,3,2.7798779030547016,85.31534991217245,3.493068736887641,42,1,11,5,23.95447027728669,3,2.844217138859752,No
46,14,Operations,12.701054882396464,4.848720184818796,17.991919507928653,1.3453681935014086,4,4.735277029144737,47.90612043437054,3.406109748062241,11,1,8,6,31.962477117157285,3,3.2050411887013697,No
29,19,Technology,3.190154656303563,3.190154656303563,17.272884352593415,1.8450093581620588,3,4.39591803110732,75.39295479373777,3.568103669886227,5,1,5,4,31.77835051956043,3,3.7475169637846864,No
34,17,Technology,7.187737446374529,2.5069673067992966,11.076285727149624,1.6213196789636215,3,2.8863070637108796,60.59689046366898,2.182479307231561,44,0,10,8,23.716060509931896,0,1.8520539597886345,No
35,17,Marketing,0.5553415142849374,0.3,9.33758464529435,1.0819898127561318,5,3.7247431734442977,61.33918463910631,4.210399441883938,41,0,10,6,21.573705440377125,0,3.6459592399611642,No
32,18,Sales,2.0912654618446718,1.503905750390097,13.393283547550586,0.8361561437993812,4,3.4925870084509896,50.49664189451565,3.8019172183109555,27,1,6,5,6.314825733959288,5,4.062674256577731,No
21,18,Technology,6.421944303502871,1.6588229145922815,13.4107299796893,1.8189611771855958,4,3.5056975875798444,54.749512722510886,3.3051550226970505,22,1,8,10,13.304686440626943,4,4.984430451428084,No
34,18,Operations,12.897790365154922,4.310059090534986,20.058889525333317,2.188686194258195,3,3.604179718091777,62.387855238201695,2.4936266493959924,33,0,7,6,30.031391391301277,2,4.486260426901056,No
24,16,Marketing,14.663887832842125,4.014352533284273,15.661239877266283,2.12192753770728,4,3.6139700280091978,57.61051261013588,3.930229402519146,17,0,9,6,10.997938041727933,1,1.7509788449241384,No
44,15,Sales,0.43692963396257933,0.3,10.320645573558252,1.964046603977962,3,4.907675264390754,41.89583057868452,4.284760433958887,41,1,8,4,54.062333554366916,3,3.3201254368764506,No
29,17,Finance,5.339121861064319,5.339121861064319,8.973266006576988,0.9761710783605231,3,3.1063380220856582,72.88894470070446,2.4054349149133465,18,0,7,5,33.06934132996177,2,2.8596349575646456,Yes
33,15,Technology,4.0510586360433205,2.6905036024826465,7.090078372269745,1.2350919252523105,2,4.006517642699263,45.87370606795691,3.609855528723886,27,0,9,5,11.508893490274916,5,3.503451005406289,No
35,19,Sales,0.619085199170516,0.619085199170516,10.911556536380974,2.1442939971558532,5,3.8817207910361735,68.89104745973687,3.7987607624321234,51,0,10,2,17.673137150979617,2,4.027218040542979,No
39,14,Sales,1.1099793474521784,1.1099793474521784,8.176294114523873,0.6030567572402977,3,3.2003699188073047,62.53030637077007,3.202329092182795,9,0,6,5,24.895746315168378,0,1.8524119322229906,No
33,18,Operations,1.1104115306026816,0.34135271111731014,10.611189223225919,1.0481870891531202,3,3.288219553245051,71.70870616042477,4.18825969480063,18,1,7,4,33.26840019478562,0,2.6809751922739533,No
23,20,Marketing,6.11889099081628,6.11889099081628,11.913365830505079,1.2784797586742191,2,3.5828904352250643,50.505335030351155,4.105053063807832,21,0,7,4,52.590140004043434,2,4.347956054329617,No
21,17,Technology,2.580051622476274,0.3,8.677924797078289,0.8134552822351944,3,3.5145997049205957,67.83938664739303,3.503227711505684,16,1,6,6,64.48722949235756,4,4.367353902511662,Yes
42,19,Technology,0.8561598045228342,0.8561598045228342,14.533830140747268,0.8943578351669496,4,2.0839603075233373,53.50112992937085,4.213443719309534,27,1,5,5,11.654232607452435,2,3.3254046875013152,No
29,17,Finance,2.042307714821563,2.042307714821563,9.95440626302449,1.8817172481612734,3,3.0017449959422837,47.93253277209909,3.2030749814829607,17,1,7,5,35.430816984562036,5,2.364136677543721,No
29,13,Marketing,8.292821253450118,3.02451563473103,11.107138954035726,1.8650980944932491,3,2.474717905991828,55.589124482543085,3.926330201120895,54,0,12,3,15.313088725628523,1,3.8860916239004992,No
36,16,Technology,2.4491397138414834,2.2489669807388655,11.664644635358894,1.478182297053495,5,3.7051164760513022,40.76907489209151,2.4108228700948837,50,0,8,4,20.129523770793625,4,3.188747457225877,No
42,14,Marketing,8.195462689781172,5.611457039453811,14.151410535688123,2.293686110067902,4,2.9999507201849904,61.78908323562617,3.5741642580285613,21,0,7,6,33.73189339776226,2,4.0910854554828004,No
28,14,Operations,1.6568226492822333,1.6568226492822333,6.86692193997527,0.508034585237141,4,3.7284547576593896,71.74216317291288,2.30470899930003,20,0,6,5,31.028094596047758,4,4.159774551535858,Yes
43,15,Technology,1.01312198084905,0.3,10.155961231264637,0.7081226419445668,4,3.2054524198322665,37.46476221228629,2.823102135231129,40,1,6,3,40.907972807027136,0,3.4712930930781516,No
38,20,Sales,1.534041430027456,1.534041430027456,5.702185258951692,0.7556306813810729,4,3.1895643687173068,60.516860278122266,3.8893576535487275,27,0,8,2,13.908824679759817,4,2.60027721255998,No
36,19,Operations,4.873733373987738,3.3353963425120057,9.55650211800589,1.3316777261539223,5,3.293950072540494,66.56109703646227,3.007947208514742,32,0,9,2,49.58927684517923,1,4.927411696177915,No
34,19,Finance,7.222239097865882,1.468504934461573,9.169853089471133,0.9509431204831854,4,4.687192284007836,41.641842781167796,2.9068855463456815,33,0,10,5,66.81678547691546,5,1.7784496630655096,No
30,16,Operations,24.011115863620407,7.334295299820583,32.13695377313366,3.0373849896760454,3,2.4737850132152004,43.745755517610526,2.3142364211082826,36,0,10,8,9.542246796073133,4,2.7733344132736315,No
38,16,Finance,1.5274180164839977,1.5274180164839977,9.414747508038115,1.5894262957831071,2,3.0872488587308675,57.53611862029072,3.2894028852488026,37,0,9,5,8.536853177572215,4,4.289316803590128,No
49,17,Technology,8.424925453929287,4.356917854420763,16.850430383776754,3.0357922555127326,3,3.4082700699289776,56.18364604946405,1.8859736083780927,23,0,6,4,22.868060835736195,3,3.109526083267849,No
44,14,Marketing,5.722815716736373,3.955381966765585,13.921499847679822,2.422183746358601,3,3.187755005827794,70.7711126630506,3.42079074772547,17,0,5,3,17.52464490173399,1,3.863746824950311,Yes
31,18,Finance,0.9299425824213703,0.9299425824213703,11.4518761686107,0.9431076024031014,4,1.610253170969691,42.012625673491094,2.5063893907162025,26,0,7,6,65.86878069404344,5,4.295747827981117,Yes
43,18,Finance,0.7703905439595347,0.7703905439595347,9.062011508974031,0.48515736539759613,4,3.8020834961484042,59.467659568161395,2.9160182165631183,17,1,8,7,57.68582631436009,4,4.7849842825945474,No
23,16,Finance,6.093678729195538,3.6874935120001373,10.808741118133213,1.191676699894406,4,2.918640436351956,55.92555216895486,2.8986700304310165,12,1,6,1,11.177482190227021,4,3.4539542144863478,No
28,14,Sales,5.378278932834852,5.378278932834852,11.947071798149942,0.7283355074845727,3,4.383416062542926,62.31701745611421,2.977628808472525,27,0,9,7,24.403473446753832,4,2.3687229357962956,No
43,18,Sales,0.8238047121525203,0.8238047121525203,6.809193006325091,1.3484088370762,3,3.0013766264838644,48.711442913761594,4.981771981456924,8,1,6,6,43.06537455481652,5,2.360938205849392,No
43,17,Operations,4.491192749900228,4.491192749900228,12.063101592640184,1.1508200243967517,3,2.418419494317544,23.483425122710035,3.3036078279588765,35,0,8,5,21.307255846774726,0,3.884712950544611,No
46,15,Technology,0.3138936380045365,0.3138936380045365,7.06128269550256,0.8948869107110295,3,2.9011629010877886,63.69188574685146,3.9249182934817837,43,0,9,5,44.583704223953966,0,1.9121409165086356,No
33,14,Sales,7.786541418802825,1.6022416427717756,10.695696180892911,0.8255081952818483,3,3.003580932996978,51.5105054822152,2.328902583309807,30,0,8,5,13.097336138795638,4,2.7394742601001774,No
36,15,Operations,2.420758921674092,2.420758921674092,9.569846910816787,1.8688230794427854,2,3.4130815158981433,51.83178937005153,5,19,1,7,3,16.67987584891742,5,3.393026507582239,No
43,14,Marketing,15.281034509822161,5.268630453769362,17.237423391956717,3.253928742820542,2,4.500532045328161,61.94736912840082,2.610258296958807,10,1,8,9,42.497485704130206,2,2.524849219176589,No
38,19,Technology,7.177030706444635,6.666122865001422,9.531166890390269,0.799223546202138,2,4.592079498028166,51.02736154945199,4.685968132406821,46,0,9,6,35.480084574543284,5,3.4895197463238765,No
32,17,Operations,7.7821151123675065,6.354796862470995,9.598512720113566,1.1826245852413253,4,2.703227751836689,40.029849482036326,3.0881961324715537,32,1,7,3,40.770189586699296,3,3.8797438995593563,No
32,15,Sales,8.963370735270551,3.8537497386302326,14.122062590849339,1.7396984368545498,1,3.4175195051565503,66.49856309085132,2.469494081344157,38,0,9,1,23.16258696401733,0,3.014777052193058,Yes
44,19,Operations,10.744742498728238,6.823758227076571,16.373751388670215,1.1135259117656955,3,2.9142204392558706,74.83122512386932,3.1978211174514577,11,0,7,3,14.509231536321233,1,3.495098469902155,Yes
30,17,Finance,4.278496991794006,3.149388979655841,11.136084816495611,1.4480296368800494,5,3.3033306443201735,52.86504807741729,1.592031334524936,10,0,6,9,57.050017897610665,1,2.773343407800311,Yes
26,14,Operations,2.3262943079701244,2.2856925533436967,11.894398393522724,1.5881799817442974,4,3.890174562038284,63.61477996441077,3.794173882166713,43,1,9,2,30.035793220976476,2,3.483491939770776,No
48,13,Finance,3.124684258742127,3.124684258742127,15.349654923153588,1.6835473182313214,3,4.983218506445071,40.72484100446638,2.9173531608468846,32,1,7,5,25.966767622387074,5,5,No
29,19,Sales,10.500461754413571,5.5725731486658985,16.107479571124557,3.1985180271526445,3,3.7962046319037452,45.2213979116622,3.2832976581114037,21,1,6,6,22.67754573966779,4,2.3281694252904677,No
31,17,Technology,0.5431147925209369,0.5431147925209369,10.896926050388926,0.60770483979353,2,3.794815955656207,68.48991952802706,3.78018925404681,50,1,10,4,20.967267724194187,3,2.917166978127675,No
31,13,Finance,0.33985813186718455,0.33985813186718455,7.431278104593872,0.9149290837200305,3,3.4113161127750535,40.97260013897157,3.088088056691178,10,1,6,2,46.22004098384434,0,5,No
41,13,Sales,4.1422071420259465,1.9567369086456414,6.411419565793544,0.36469072243160044,3,3.579071233809323,46.65258966962354,4.312718794167408,31,0,8,3,36.06931541656476,3,3.8150027747239275,No
45,18,Operations,0.6587687696813304,0.3,8.056706034430164,0.8467706005756753,4,2.2844722517674794,81.74480927741429,2.904734728112187,56,0,11,2,11.379300794308639,0,3.8607486563476976,Yes
32,17,Finance,0.3,0.3,7.084128197694669,0.8534505691177855,5,3.7935333812581495,46.051113703210234,4.1991748591369,11,0,6,4,54.36278721737798,5,3.07260580334581,No
36,18,Technology,1.0972276504365226,1.0972276504365226,10.279683160337232,0.9541552684224605,3,4.5919386246707505,89.19141566689514,3.9924577066061286,44,0,6,2,37.37089008874905,4,3.6661040759390278,Yes
35,14,Technology,10.258131210356972,5.676984089585148,14.076239177097865,2.491320915028615,3,3.4031302271678796,67.7031575733806,2.902097313032489,23,0,8,4,11.567139491292119,5,3.7129709190773914,No
21,13,Finance,4.277053492041545,2.905845043613833,14.792416986610746,2.433092026652319,4,4.123320926459252,27.78001366621251,1.6951963615945824,37,0,7,8,25.084959816935932,4,3.5282758214308685,No
39,18,Technology,3.9165327260743226,1.3995319803688797,8.166709197454132,1.488083119613333,3,3.2006313824984836,62.90995411542359,2.7849991226819863,22,0,4,5,24.12009277505943,4,3.5370820359277895,Yes
46,16,Finance,3.8418429169913413,3.8418429169913413,11.723384024779474,1.9182666710366822,2,3.1835598756882995,41.26134211282323,3.1104600350737335,38,1,9,5,15.295407693825181,3,3.519679973868571,No
30,15,Sales,3.3739741265368854,2.792106482942977,10.905302221925789,1.7504660151714604,3,3.2854578525866844,35.135818645784276,4.984555314675243,22,0,8,2,4.379601673399882,3,3.875285426803011,No
21,20,Operations,3.216878968932868,3.216878968932868,6.359945930114568,0.5361383465556601,5,3.2084408834869405,56.533283145131335,3.719024040750333,67,1,11,4,57.253326858587904,5,4.222199536718422,No
41,20,Technology,3.060693590999774,3.060693590999774,9.411140510809071,0.5247072258946897,2,2.710277009101076,40.36095072250685,1.3929545690245406,43,0,9,3,66.77094478309884,5,3.907682498440198,Yes
54,19,Sales,8.09343427360978,3.7222302238631593,11.165964647903246,0.5807996651816768,3,2.399959381814963,38.54599457474421,4.402345186057201,20,0,11,4,61.881522523861314,3,2.0005472920987266,No
21,13,Sales,0.3,0.3,4.627193713172966,0.5999556902249716,4,2.399888682615949,56.8043972791909,1.596569841292941,19,0,9,6,70.03878113465765,4,3.418344919427843,Yes
27,14,Finance,0.522364651220198,0.522364651220198,6.968872957396475,0.9541563203900141,2,3.6127046546550377,41.983911184156135,5,19,0,7,2,18.765539283163868,2,2.621236812088833,No
34,17,HR,8.047206212039638,5.6477446717307345,21.633121857419184,1.2131741054836038,4,2.8216900438106522,60.51797977609355,4.790102994786681,16,0,8,6,13.605115501426463,3,3.7112303747191073,No
41,16,Technology,0.4245288360263246,0.4245288360263246,7.966886250934564,0.7734334671213623,3,4.1189138896054684,74.26005448196392,3.6271772186430504,34,0,5,5,68.3963624800256,4,3.9432181434218854,Yes
28,12,Finance,16.48617702035334,8.514220819584272,14.240888458183026,1.9279063904272118,3,4.694391500243497,15.009730341447835,2.8813739751597116,52,0,12,5,45.14607186218748,1,3.383243731544299,No
43,18,Marketing,3.5817321234758017,2.8753008009675587,13.72624640869216,1.8133124441029704,3,4.205365360072611,53.86336870534835,2.9044507791115985,21,0,8,7,41.31278470431247,2,3.0852803136939406,No
28,17,HR,2.7409986011471803,2.7409986011471803,13.139402172713712,1.427575131831724,3,3.0944221568058508,54.37370184848086,3.1877342168040865,24,0,8,6,65.46215884181765,5,3.366444673625709,No
31,18,Operations,1.2537857087772326,1.2537857087772326,8.391378919032638,0.7462636662165899,4,2.8051051428713345,40.04063416410732,2.684643463694678,23,0,5,5,22.19135956645482,1,3.9843318881604537,No
36,14,Technology,5.567520331510301,3.4338574209488044,11.206147097993053,1.9489533937156918,3,2.4879873494396865,76.69007092292601,3.6025826304070008,22,1,6,4,37.02404270302779,5,3.302876656017768,Yes
38,18,Technology,0.3,0.3,12.083513914090217,0.6093202939195077,4,3.7833104020135195,85.81597005682097,3.2882735733929924,14,0,7,1,43.55533208446142,3,3.5937322799587417,Yes
34,13,Operations,16.281823164052046,8.600826764404985,24.498162141910786,3.736784331079768,4,3.706261725978446,73.98053752476203,2.6985465762900502,34,1,10,7,32.269442757504855,4,3.606797553673057,No
41,17,Technology,0.3,0.3,7.859928905532683,1.2718360552034724,2,4.9717618936135475,95.54452030060023,2.3189236851298167,30,0,8,4,10.250035359359797,1,2.4950685759167603,Yes
45,16,Operations,2.9881481566478025,2.2409605447787952,15.647345694320554,1.6943051033203944,3,2.797223955489164,54.450379275422776,3.8343173688807655,45,0,10,5,27.431826247855287,4,4.432254648056357,No
46,16,Technology,0.6556940229240552,0.6556940229240552,5.846810879051268,0.8911050341658695,2,1.7944212332056841,70.9990363213494,4.303166499015948,15,0,6,6,14.155222406451028,5,3.666221052230503,Yes
30,13,Sales,7.320842269520273,2.550889957902215,18.726151125275592,1.208900042543442,4,3.8972467931957766,57.958412801142906,4.003167143151612,29,0,5,3,18.21029433844347,5,3.7437567219893726,No
36,15,Technology,6.489618911228041,3.559527549196217,16.44265259856875,0.9420734869908319,3,3.446089585643196,38.95582821203986,1.3872645747964276,30,1,8,8,18.1341587309909,4,3.1562344279114107,No
42,16,Technology,11.113279799874299,7.0728208716977985,18.259937453650856,1.0878214855975843,2,2.581990629856116,29.94572113744178,3.5301001804695336,44,0,8,1,20.839398147429254,3,4.008065785513257,No
32,15,Sales,11.637268493605028,3.052710873292552,15.1712394768438,2.9228271512627058,4,4.007837046225814,39.09632792237367,2.6196877216711654,20,0,7,3,18.862531915390303,4,2.0820058480135035,No
30,14,Finance,22.546388937781916,3.7073357079235727,28.552552010480802,3.073153378018601,3,2.7877534252783467,78.28322166410423,4.593039833647689,19,0,9,5,6.773421882040178,3,2.3435848303949256,No
38,14,Technology,1.6952093481989188,1.6952093481989188,8.683353281722644,1.4781239442244678,4,1.9835278901371072,84.53268360988729,4.007440775333749,31,0,7,6,33.09262603511678,4,3.2564051596349426,Yes
46,17,Sales,1.38027305208007,0.3,9.293544438773814,1.3600921877092444,5,2.9144546000737694,73.16472978752552,4.025823604938436,54,0,8,3,59.140941084720744,5,2.637639269232194,No
23,17,Technology,1.7853140366605122,1.7853140366605122,10.763696988196106,0.9790978976213748,3,3.4019016330217995,33.821306218268916,3.825197281613996,19,0,6,3,15.13766393687296,2,3.321239483664454,No
40,12,Sales,4.729012117716046,4.452373508260269,14.763971893925385,1.5206051369888969,2,4.119971735059731,57.553230617126374,4.972095809962201,45,0,10,3,14.857239869250025,0,3.662651238476565,No
21,17,HR,2.9247947442973463,2.698005407743958,16.87561676048115,2.9303860166335682,4,3.705793430537002,48.94364466844362,2.085218500459595,24,0,6,5,28.43526582968656,5,2.1929699006557315,No
49,17,Sales,13.393401409840171,5.5172875796013745,21.15689866578784,2.2148451199265544,3,3.291878749057414,76.976880456815,2.4293162342487915,45,0,9,3,62.03064847202,4,2.646265986838846,Yes
38,19,Technology,8.527422418680802,6.461590434791098,10.436865310107597,1.1420890911045127,5,3.9948369145650955,15.934852937003773,2.6861454602774653,29,0,8,5,27.323369333155753,5,3.936001945754352,No
43,17,Sales,2.0938293364276666,2.0938293364276666,11.958554750523977,0.8878268667177089,4,4.603695783540584,49.563855879139844,2.4987945494953494,10,0,4,3,14.180833779311952,0,2.7003966040161997,No
28,15,Operations,0.3009567066970837,0.3009567066970837,8.696666020528456,1.527135827912599,3,2.1863716578225634,57.013410842391664,2.613916810831357,28,1,8,1,36.388659430119425,5,2.1170161270602033,No
32,15,Marketing,7.524757219715673,4.144080042494957,19.501135670107494,2.5206159720634997,5,3.9054547641141584,69.63187480650151,1.8808898854468215,26,1,9,7,27.138907941364774,4,3.3589415064693195,No
46,14,Marketing,2.669975052965551,1.3169919127309389,12.246768330789164,1.8546835493314227,3,3.9098039148247934,57.41411475290387,3.0833475642132,18,0,8,4,17.648682936809145,4,4.178663452046438,No
42,15,Finance,4.109920848626008,4.109920848626008,11.780042880240712,1.338528895345731,4,3.684295536850768,40.28072392640794,4.067168975158331,25,0,6,3,26.57801131695047,3,3.836719245216521,No
31,15,Sales,9.05228763524077,8.323084683105611,14.548566072914022,2.246653810793703,4,4.205130477535772,61.91693039176745,2.2260969110691495,64,1,12,2,14.992397163365782,5,1.261723667707104,No
42,16,Technology,2.76450415117578,2.76450415117578,10.178112251448223,0.6072974042302455,3,4.420768583215318,80.43011143384965,2.2866660473665474,39,1,8,6,20.17998055303192,0,3.142228629293845,No
41,14,Finance,10.216994971086315,3.4127716168899296,14.747739987947782,2.6287716584129415,3,3.477155429599531,59.62554857568649,3.6753708990009444,18,1,7,4,14.526316547568236,0,3.837978248289176,No
45,17,HR,0.9100047595668401,0.9100047595668401,7.785718045854176,0.8158735858572197,3,3.67652362148314,42.66196877939924,2.183757797939416,41,0,7,2,11.429493741100798,3,2.702740044907485,No
49,14,Technology,2.996778026196562,2.996778026196562,8.278070014519356,0.4408413218317891,3,3.9123893811488597,31.413649988399925,2.135480185790631,33,1,9,2,12.068486346880935,3,3.6134214137213663,No
38,16,HR,1.367533736937737,0.9189480915578696,7.626569660201706,1.4024869340123909,3,3.4147736691593247,77.67318100040374,3.475346303126116,24,0,8,5,22.00756740366469,0,3.3867246734084455,No
40,19,Marketing,8.609296418552665,0.4498537357879268,26.783562525098823,4.227172487411617,5,4.009755799644023,54.314139507838554,3.3200407048025924,30,0,7,3,11.543889524417692,0,4.247242506556808,No
32,17,HR,9.193880074014599,3.000332815606256,13.391476222638104,1.238200003271381,5,3.8142225351247747,67.26452100251267,2.9024482608308317,32,0,6,5,49.02553824045305,3,2.3714589476924206,No
43,12,Operations,11.676366483693009,4.384930920598007,14.048782819491214,1.4832344971659992,4,3.5982181473910173,85.39680013407116,1.793705910836652,57,0,10,7,18.353350683686024,5,4.898169130278811,No
21,15,Finance,1.1410195159146226,0.4125180328922562,5.865479196489377,1.109983798462975,3,2.6041387383468675,61.61291642483362,4.801817286270071,36,1,7,3,31.397079599667055,0,3.6886412864068148,No
33,18,Sales,5.367116726263771,0.7315727437456438,9.259636468260885,1.087159870086914,3,4.497565180348278,62.72360450871695,2.194161744313975,68,1,10,12,1.2178532017389576,2,1.432297981210212,No
28,16,Technology,3.1312538621566706,3.1312538621566706,9.976716252090911,0.6801133269228612,3,2.616543642151539,61.181761226596336,1.2930058389055468,35,0,6,6,28.264415822857817,2,2.7966147573526348,Yes
39,15,Technology,10.370135870137577,6.780957513962001,18.240240441849558,1.495781945584907,3,4.206569031580175,68.39358119343665,3.0193762042869348,20,1,8,2,48.696643417393375,5,2.689634757606113,Yes
22,19,Marketing,6.610681591974536,5.203449415096307,13.431523465350532,1.5399017483470923,3,1.795049731764454,75.07704082619826,3.0088371162792744,77,0,11,2,2.4298982683037185,3,3.4015677914048683,No
35,18,Technology,1.2343617717968558,1.2343617717968558,7.916227454165689,1.188276573517165,3,4.428957446590794,58.26794998673133,2.493984080096818,70,1,12,2,15.577335543392584,5,4.042840001396135,No
34,15,HR,9.49410914368296,3.0433126922373255,12.527312925325054,2.4672432709492096,3,2.7303754804861096,84.57453351872779,2.2071131724627255,36,0,12,1,80,3,2.1712102751624127,Yes
30,17,HR,5.236148645392091,5.236148645392091,14.375010476007166,1.055711028017048,4,3.5103922928235676,31.125943940347266,3.094478919027785,17,1,7,3,16.726453537041095,0,2.3998614110451224,No
36,17,Marketing,16.150349945494984,6.932802812835987,24.32606682089471,2.4544003496741715,3,4.21415007726132,80.64473912923381,3.167931709600584,28,0,12,5,15.751763324821873,1,3.597260560398209,No
45,15,Operations,2.2373739947823754,2.0072617168846563,8.285714344872074,0.42844085392022063,3,3.3881315273126256,58.4825517562393,3.6105771349956943,22,1,5,8,46.410550587801005,1,2.7583749223155105,No
39,16,Technology,10.32483164010357,4.8676741416827305,11.830679248263928,1.2262130124154427,4,3.3711741709527465,49.847994136962754,1.5804035362240576,49,0,12,2,12.724094237620788,4,3.963024252905758,No
31,20,Operations,0.5871462365868311,0.5871462365868311,9.03219794350043,0.6575278535847258,4,1.715002873056869,52.26688987173742,3.1155941707962924,18,0,9,0,64.3264562896598,1,3.984327902318778,Yes
36,17,Finance,4.142875262737408,4.142875262737408,10.157089053214817,0.8087006894496074,3,3.108083325690234,62.59042496549629,3.4162709481128335,36,0,8,8,13.826844042870738,4,1.9107909073645215,No
33,16,Technology,1.854965020179834,1.854965020179834,11.142145167166106,1.9314180187836818,2,3.006371763947977,50.006174217233195,2.8020143002716766,21,0,7,3,37.54396136734395,4,4.241110880503394,Yes
25,14,Finance,1.9531891074514627,1.9531891074514627,4.91986439203092,0.48813050450629153,3,4.606943067574709,62.85776584369234,1.6150624011852819,31,1,8,2,32.30742848035775,2,4.111635084779986,No
55,16,Operations,3.5837616958021323,2.563707709261872,10.9383139684817,0.8602570143254699,3,4.803608627730269,48.25758244285709,3.887559125871912,23,0,7,1,27.733081774721025,0,3.2657635405933823,No
31,15,Operations,0.771362822324856,0.771362822324856,4.708894974048772,0.28850966492826224,3,3.8965480288080725,47.22539138812404,3.453111419397097,18,1,6,4,42.588103187516296,3,3.3282973599462102,No
46,15,Sales,0.5288313757864725,0.5288313757864725,9.499654197484,1.1356215172618818,4,3.294258929482548,56.649510374280695,3.473228675335655,46,1,10,2,27.67747286000967,0,2.8548676004588978,No
37,19,Operations,1.1748178230767778,1.1748178230767778,10.451060214813396,0.6811036154140634,4,5,78.33131636810921,3.585866359055923,45,0,9,4,24.296986039606775,1,4.4124953011751815,No
35,16,Finance,2.3766812938342445,1.5416683322759797,10.572242788462772,0.6238781955735271,4,3.6079610402778295,69.84882265133143,3.504980095987879,41,0,9,3,79.71100543798218,3,3.785117821685488,No
24,17,Sales,17.975863102196833,4.851999768080244,24.172331490209622,3.048901873303204,4,2.7908952224592007,59.771485954827156,2.5900448716080615,17,1,8,2,60.6650957447713,1,4.767807545498069,No
28,18,Operations,7.963721364453424,6.76026225345737,14.061761522703984,1.0638926082103588,3,3.5982909944756285,43.45541257566267,3.5175465552314864,17,1,4,4,14.440823395604722,2,3.12176664305474,No
46,19,Technology,4.0275375772890465,0.35191413181046766,12.267979715964994,2.4069311820917254,2,4.010474827296941,46.029977557102725,4.991558163586597,44,0,11,3,6.632816304968697,2,2.655955481502926,No
31,15,Operations,0.39886194996551994,0.316405102792499,6.379611717530093,0.4648398187177529,2,2.936006583978458,75.02527960511682,1.9030573516636755,73,1,11,5,17.221659521710126,2,2.107469809276705,No
40,12,Technology,5.442308956965062,0.3528753403019154,12.810166830797462,1.9081197727585613,3,2.5949568646719334,48.238378036641535,3.5848644362678606,7,1,5,4,15.243913981243738,1,4.163402571555399,No
43,12,Finance,3.5481522319692336,3.5481522319692336,9.015377845101588,1.164223576682615,3,3.593714946953805,50.649693240016724,1.7024584743577253,42,1,10,4,7.188225849547965,3,2.2369426134281216,No
24,14,Technology,1.3324233336341742,1.3324233336341742,11.23432716095749,1.9589653513188348,4,4.35352617000973,57.92329893382758,2.414341765084033,48,0,12,3,22.481864550105875,3,3.263980731188471,No
30,16,Marketing,8.944643357882738,8.944643357882738,16.00067130356159,1.2636703330247785,4,4.314134614245458,81.65294776288188,3.5849234188633634,40,1,11,2,14.658073010872394,5,2.4098130086833303,No
52,15,Finance,2.618471254027552,2.618471254027552,10.106477054318292,1.2811998811775136,3,2.6113632921099854,58.79250741986455,2.990473089203308,15,0,1,4,16.89309282515147,4,4.991421355624117,No
33,16,Operations,5.953662291501416,1.522179154806672,23.585990070179744,1.7732661891367631,4,3.8107196725984673,86.74069577050405,4.107837268706493,23,0,8,5,56.00451789748306,4,3.39501385742811,No
35,15,HR,0.3620848668216641,0.3620848668216641,12.066973898338494,0.9492114123425263,3,4.803046140636962,53.23899046010247,3.6995047438440216,47,0,9,6,32.160296609477,3,2.6629528640472224,No
24,16,Finance,2.4978003348830176,2.4978003348830176,12.366277335941323,1.6537947387453422,3,3.3053171387747806,51.872515338876326,3.283936067074811,26,1,8,4,13.110481264562285,3,3.0414344553498296,No
26,17,Sales,5.456980865351242,5.456980865351242,14.349265919834789,2.530639215800317,3,3.5042208529362426,36.60719232657555,3.5687605677829337,38,0,7,6,26.34766436690121,2,3.0335566550599937,No
37,12,Technology,0.9239168141701842,0.549847209257644,8.973721841754033,1.077935090955555,3,2.599768520021124,49.46339730939353,3.2048870717612252,12,0,4,3,11.498288343231351,2,2.040151510557557,No
45,17,Technology,1.219376768228637,1.219376768228637,10.02894396877096,1.751094100114855,3,2.889536013370781,49.87079653206549,1.3802022361249657,16,0,7,5,8.938831884864289,2,1.4704773889423775,No
36,15,Finance,8.603420467079589,5.383078668662363,9.83211862366174,1.3300133615284424,4,4.6131946796386325,53.191795676413804,3.20156152364329,19,1,5,3,11.775444924111826,2,4.168368291847127,No
21,16,Finance,3.414256775817675,3.414256775817675,11.35681032258728,0.6232874392872133,3,3.598770699090228,60.85287507493619,3.472631028664821,57,0,12,4,47.66546178390161,0,2.6599858053884913,No
23,18,Operations,1.3554901187041697,1.3554901187041697,8.962692603953485,1.6442209102818612,2,3.9007569382842937,46.02919896985406,1.6313434650415775,27,0,5,7,19.85507814435713,3,2.899236498328037,No
22,16,Operations,1.7238049022009456,1.7238049022009456,9.986819260502338,1.1380278085857989,2,4.408302202610798,85.51901739784049,3.9207036030907565,75,1,12,3,26.83676134642025,3,2.5181224282756367,No
27,19,Marketing,10.072603818020587,3.605106814355743,18.496340827238033,2.4047851868886543,4,2.7916504113022778,59.35448181232596,2.311372190722365,11,1,5,4,9.4420986749607,3,3.4223237261885986,No
25,16,HR,2.382689906636939,2.382689906636939,7.867639287578709,0.4470338785532702,4,4.376156238215266,45.09579930827799,4.274777459202978,7,0,7,4,11.829826607051858,0,1.5346463731951188,No
30,15,Finance,15.408387403155809,8.848679659526393,24.85037467900018,3.531390582778252,2,3.1156823035148884,48.216530856364905,2.48258899552631,20,1,10,6,30.979843022415814,5,4.1791350251204,No
37,16,Operations,1.0460252771578105,1.0460252771578105,6.777995229676626,0.6603602183686429,3,3.689233879046688,82.3926097584137,2.2091026074200144,26,0,4,6,34.549765813083845,2,3.725402292669316,Yes
32,15,Sales,4.149812594678108,0.3562311379276336,10.538945665669656,1.102594390528966,2,2.6953874969956666,45.86544179633678,3.5876501222578012,33,0,6,3,27.86007913706218,4,2.2428178879130733,No
38,16,HR,1.4300883954317403,1.4300883954317403,8.122463458117952,0.43027053507972507,4,5,75.50510226436015,3.716934676336724,49,0,10,3,10.789923396981935,5,3.3605407257383755,No
35,15,Operations,1.2643864671019873,1.2643864671019873,11.966957369918472,1.7293128631441357,2,2.0702098896255805,67.19287306666673,4.3000688129130005,50,0,6,8,23.232654409675146,1,3.994660802882993,Yes
25,16,Sales,15.82390473101776,4.8589457540945515,19.69312966616958,1.2229664453608031,3,4.000985708520602,84.25215131305092,3.907611977137342,12,0,9,5,64.27645113249257,4,2.981665513896299,Yes
40,14,Finance,10.007835709333833,4.761211280567414,19.478775954483456,1.3348721770951788,5,3.091209248598421,68.72030435976927,4.702924794815384,63,0,8,2,41.01546739063105,0,2.982669763838026,No
44,16,Technology,1.806071850295619,1.806071850295619,12.28559965759301,1.2401447239264314,3,4.084672689838485,54.28800109531254,4.213100459760761,65,0,12,7,11.42042262931307,4,4.570902090411576,No
29,13,Sales,6.606057537021875,3.133499146421357,14.17151117052465,0.9267234821441117,3,3.4951890834030843,76.57914811798206,2.5860021574292182,13,0,6,3,21.51581001410921,1,3.024166310615029,No
35,14,Technology,3.030124091899387,0.3914180567594202,7.310662317715645,0.9527833537686968,4,3.012785561967607,60.47572046909181,1.005975470353966,19,0,7,6,19.568732428813114,3,4.809671195873176,Yes
37,19,Operations,7.5357229604674565,2.4983412794071516,10.126874559088654,0.6445108878479342,4,2.4860397035288653,62.7592815482638,3.7065194555802314,32,0,8,4,25.613202916784367,2,3.936887571593344,No
21,18,Technology,3.8073129313900336,1.7752794200929196,11.833324094052804,1.159303346431787,3,2.783796246988624,56.89138833086595,3.682897985208221,76,0,13,2,12.866303108123988,2,4.321448441449978,No
29,18,Sales,12.443199424852216,2.9902238243313026,14.69714879818365,1.2126084606930447,2,4.522371609907012,57.80331082960252,4.370142273929507,55,0,11,4,33.365559559392146,2,4.071552696557919,No
36,14,Technology,9.077031759249339,7.123569526531701,9.90118519298218,1.1164867828000635,3,3.4934320654793125,57.783666332304,2.883036002595319,58,0,10,6,21.34897876468299,1,4.038331421353233,No
42,16,Technology,0.562381936952425,0.562381936952425,9.46216023285499,0.881584343834698,4,3.489971676742394,58.98443938380537,2.503674687705281,36,0,10,8,24.190003857731163,2,3.4424842520336294,No
43,15,Sales,3.854070023156054,0.33312992886862364,11.97661756754457,1.5984436717821313,4,4.116193899721111,45.72955063358609,3.2790877782744228,40,0,9,3,18.82982210813546,2,3.2666053933943595,No
27,15,Marketing,4.19831147662889,4.19831147662889,7.454003627982115,1.3465465002224695,4,3.89454358693076,74.92836213894866,4.2984053140634835,15,1,6,4,40.50473000503048,0,4.308861183445058,No
29,15,HR,0.430943916162709,0.430943916162709,8.005382333342922,0.563684949144355,3,2.709036583041598,55.80689566644751,3.806276248383597,51,0,8,7,68.00886662094467,3,4.171500448383875,No
34,17,Sales,8.649697365518405,5.6585319140466686,12.492083000333837,0.843507110095769,4,4.385411335577832,42.633474067883306,3.7928419749044653,28,0,6,5,16.75045301828259,4,4.178205392076307,No
45,18,Technology,1.291795980009738,0.3,12.643555949786558,0.9911060181875019,3,4.007241743294266,64.332373761981,3.726210657139209,47,0,8,1,15.163332517530286,4,2.3675656066703055,No
39,16,Technology,3.281186034077973,3.281186034077973,11.511842944991635,1.4130298625998694,4,2.314909135432175,45.87153106565761,3.676841661557529,26,0,9,1,10.919323769861123,1,3.67992157276936,No
37,14,Technology,4.871629333604185,4.871629333604185,8.00817230810591,1.2679602291435614,3,3.947556536085021,63.29861635094449,3.6661352344738853,32,0,7,5,30.050776330605146,3,3.5485941625432735,No
35,16,Sales,0.3,0.3,6.286287698212314,0.8148850282862338,2,3.4946934572118122,49.97400449132438,1.291660468597897,9,0,6,6,20.480293575811906,5,3.875509299373221,Yes
28,17,HR,6.682571942460965,5.938796516900522,11.51266790178553,1.4707908669045189,4,4.918302894096107,50.985361986436615,3.8176440667774743,38,0,7,3,17.848702323449213,4,3.743821532923632,No
23,14,Technology,6.552607156965279,6.1981723014472285,13.0590886873409,2.581483261558528,3,2.605932886249961,57.96831975168994,3.6176171550070855,53,1,9,5,7.060582608595068,2,4.099933622496922,No
43,16,Sales,11.512265567567638,5.601190561908931,19.423480673319396,2.7232402042761263,3,2.711570465270133,95.16165171722001,4.814866921361263,40,1,8,3,53.08848196726272,3,2.4217264845370883,Yes
56,17,Technology,12.605712276058863,5.08528372500134,14.60745229396881,1.661087083603415,1,4.995935112664641,34.18161158142018,4.685946882051128,14,1,7,3,21.40310117565882,0,5,No
31,16,Operations,5.728993481749085,5.728993481749085,12.773131900132224,1.3294362341247823,4,2.805328289261042,49.37741851857943,4.306670525387403,44,0,8,9,13.234091147287668,3,2.5771988202805245,No
39,16,Marketing,4.336329316822075,0.38803607188007533,7.030086804332257,1.143168532520241,4,4.099300059059088,65.94548295526354,3.894719427928196,34,0,9,6,70.53413151271079,4,3.1945199878299633,No
23,17,Marketing,15.208850256857197,7.322442642261724,22.012781537539222,1.693487672464348,3,1.8778832720678897,53.50926070887538,3.7880384473311466,38,0,8,6,41.877374788834835,0,2.6621429828972576,No
40,20,Sales,6.854594175977294,6.3275492347518885,7.65866487711328,0.9860185482978351,3,2.405209315653862,68.9534369350672,3.5333476624806637,12,0,7,6,20.236353230281182,2,3.245590226739951,Yes
33,16,Technology,3.6141416923008016,2.3399194886931944,8.769517430995686,1.206481322924591,4,3.0931266092073564,75.04342326499302,2.387617116154161,18,1,9,3,16.579018987010933,4,3.6465541945931954,No
32,16,Technology,4.013329985725726,2.3317484976851466,14.058936061310728,0.762832389494513,3,3.1003397629040457,56.7274220170776,4.196418174232365,81,0,12,1,55.877224278942776,4,5,No
22,13,Technology,1.0996974224464036,1.0996974224464036,11.180842826097967,1.2561496976332795,3,3.397446316160628,26.362874427509375,3.1068029213609325,6,0,3,3,12.64642943382214,2,3.628297091113705,No
28,18,HR,5.1824319047074265,3.92003151665472,13.50006031197445,1.1596427658178345,2,3.3884611466523378,68.37508695346925,2.0196711248462447,40,0,7,10,38.65991634433919,1,3.1521743497919177,Yes
21,13,Technology,3.5980492904251156,3.5980492904251156,12.082606594811654,0.7818993802927432,3,2.8222146897817786,55.78567113321938,3.2860273953395907,39,0,7,2,24.15380413454635,3,4.505342746011788,Yes
36,12,Operations,0.3,0.3,7.492127695120621,1.2174702237577404,3,3.8054509331434074,82.74465349146455,2.594784416727542,13,0,4,4,4.456433047221553,4,4.022197747608668,No
41,16,Sales,1.115516603422898,1.115516603422898,11.290110314654017,1.1422268152072967,4,2.0214300246965746,15.133575368094048,2.309570996385663,53,0,7,1,34.9156864735355,2,3.7548750345464588,No
37,18,Finance,1.8890803122855488,1.8890803122855488,12.742253155012506,0.6891635491681223,3,3.8176308362925933,45.062125463015185,3.6812474831848983,35,1,8,5,12.736232730228068,5,3.8430126688742234,No
26,16,Sales,5.932983386486462,5.472073285273428,12.653080038119361,1.6456717031075314,4,4.011592078409629,48.271877647453685,3.207932622538071,44,0,9,4,50.21934092260843,0,4.645692796489435,No
21,17,Technology,5.178885624030405,3.1155427126509805,14.097228862111123,1.7854204531104287,3,4.290068422769748,84.74981472522339,3.091898873429703,19,1,9,1,5.239510935942051,2,2.210932329736796,No
27,15,Sales,1.4421630850974243,1.4421630850974243,11.714623831456823,0.6507310957111689,2,2.500980040726214,65.66477921561481,3.511663536969705,48,1,9,6,11.052663335395561,1,4.053608229386452,No
29,19,HR,1.9598564396117302,1.9598564396117302,14.426052536600464,2.3763525691028655,2,3.5898939616202905,67.70963207054474,1,28,0,5,4,17.28481036597064,2,3.51222295418152,Yes
30,18,Technology,6.240143122943769,6.240143122943769,14.312122037448358,0.8884349482817188,4,3.4984293320849837,54.07417309522462,1.7558958758434768,55,0,11,2,25.391875630038594,2,3.311102596885167,No
28,12,Sales,7.9638409587088255,3.7006493158709257,16.974552145708135,3.0492127278580146,4,3.6923373914904403,65.2908331254053,4.80193959868018,10,0,5,0,11.82878187343071,4,2.7063680446950658,No
40,17,Operations,4.320128419681522,4.320128419681522,6.072296383714009,0.33786444354025785,4,3.716642036295305,34.02936831557455,4.182079196293317,41,0,9,6,55.366261922121,0,3.896755082876099,No
36,16,Technology,6.07902374760835,1.001349132042611,9.64335659760708,1.6379678409089158,3,3.497161602631557,74.0784876033738,2.9052584298054263,42,0,9,6,8.23396837384126,0,3.85763389400162,No
30,16,Marketing,5.650545363575061,3.7470072812169413,19.51262437185764,2.8293932897764225,4,4.807105603074743,77.68450431615005,4.999029966052827,27,0,8,4,29.970005031546442,3,3.5014492328203297,No
38,15,Technology,13.210848890605817,8.921883438135616,16.24664725099187,0.9004295218278248,4,4.295303217686202,70.96631781384689,2.303129537681142,73,1,15,5,22.421090801062526,4,2.109721879276439,No
38,15,HR,3.4434752596794413,3.4434752596794413,8.182739425966366,1.3532420819356878,3,3.6856315912109947,50.373906259046954,3.288897316484125,22,1,7,4,10.099853317620614,4,3.2306809291924865,No
37,18,Marketing,6.507862928905636,4.142904104414899,20.29818177802752,1.7166642191102601,4,3.4843202077102173,68.25713401467581,2.7962420874161507,14,0,6,5,20.614542260933007,2,3.337244308186113,No
32,17,Sales,2.1591130126546645,1.1386189568698657,11.041313053215843,0.6460771982667931,4,2.000689296893223,51.69373211038586,2.9023462048683557,69,0,14,2,33.87051999345607,5,3.017940207978484,No
48,14,Marketing,0.9268674526182182,0.9268674526182182,6.981379597980809,0.8090059926735074,3,2.0683028541666104,45.49541009153669,1.8970430320237919,12,1,8,5,80,5,4.5173724201347385,Yes
27,15,Sales,1.4531562559856432,0.7087431639654428,6.182745836441179,0.9392295020298214,3,2.5057770416179768,72.66751355467262,2.3263978735008832,14,0,3,4,60.391252919086185,5,2.9135810927459693,Yes
28,18,Operations,3.812609392704268,0.31637498265427355,9.755892614622434,0.6965910511759669,3,2.8639513017831866,74.34420954141433,3.1285562587921834,36,1,6,5,3.5935711729644,5,2.0693930211546796,No
35,19,Sales,2.8686085338996814,2.1402464279660087,8.798765644168553,0.4611189469615389,4,3.109976524635716,84.14923009129376,3.5957050096089795,39,0,10,10,43.4036977466737,2,3.4987760920722195,Yes
37,16,Operations,6.799990468570884,3.08023142710738,14.465357636462961,1.9215909259649409,4,3.203672645163853,83.00220652936537,4.011024853338525,20,1,7,3,38.89456412138307,4,1.7006806595209747,Yes
43,19,Finance,12.74779276554249,3.2288025802512785,24.202224845108717,3.768242138923368,2,1.9855462231144658,53.46882440263658,2.515877642038719,61,0,14,4,29.48094014870741,2,3.519614644655762,No
37,16,Technology,1.8663381967317343,1.8663381967317343,10.820781834840878,0.5729731523499783,4,3.386739314588033,37.19427657573084,4.29527075654759,32,1,7,1,8.790133252542901,3,3.5528481774510836,No
37,12,Operations,3.8550703868080256,3.8550703868080256,9.95680653232175,0.9103736698135783,4,2.900888075266779,58.51729612280713,3.90192746115389,23,0,6,3,19.722242426652368,4,4.885728084090049,No
38,15,Finance,2.8456871294098436,0.5103456732391974,15.713919350755816,2.6596222872357638,3,3.8884792906960137,53.85352078001983,2.706503383989103,28,0,7,8,13.241958561746046,5,3.6624527460575753,No
26,13,Finance,2.173456733299878,2.173456733299878,11.310290029763069,0.7765498403152353,2,3.095978227519325,62.085178417067716,3.69553688564842,21,0,7,4,17.591011353951366,1,3.5330118282217216,No
25,16,Technology,0.3,0.3,7.078958256765026,0.5568654942358757,4,4.10898490600312,59.7814665141408,2.7132922516604308,37,0,7,4,44.25722689340283,2,3.417147482429698,Yes
33,19,Sales,11.65550247156515,4.325889544355683,22.08231926209854,2.9814145136227808,4,3.6039598899632184,49.568547613557435,3.8936113456195343,12,1,6,3,16.26267213897035,4,2.3863663260276384,No
39,19,Sales,12.360069980962068,5.987342255541662,17.268476241449058,1.9775847480217252,3,3.7252818493906004,64.16599257462437,2.210102064496599,28,0,10,5,22.03215867664637,5,2.789041069844667,No
21,16,Technology,5.560395460756491,5.560395460756491,13.232354214206136,1.6580285797517857,3,3.1920535605352534,70.3861274018733,1.4127088253791173,29,1,7,8,31.462007670982313,3,3.7485648300056087,Yes
30,15,Operations,13.42239049970746,5.772182772950599,19.18561425801898,1.9054463834863269,4,3.2253933738576874,30.741664200072115,2.8067175028987927,12,0,6,3,35.78104950443779,3,3.581745929059934,No
40,20,Sales,5.846444080147702,5.1487084210361225,15.43418760301974,1.1493993671001128,3,1.7848863018450036,70.35869890596385,2.092071527194061,28,0,7,3,30.45610683066539,4,3.0233662468152076,Yes
21,15,Finance,0.6210941337463813,0.6210941337463813,9.344028619805652,0.7348300443131945,3,4.907150249493528,61.58607250285476,3.5084076066082956,52,0,9,5,13.062514396003653,3,3.8361029762640797,No
30,16,HR,2.146488851503083,2.146488851503083,9.602958095526215,1.0195714553938526,3,4.495613440092356,64.32447380548028,3.6945048692787434,61,0,8,4,16.001114314576355,3,1.7811167105544374,No
21,12,Finance,3.0423040609710745,0.30308282156569577,12.148056160373526,1.0094870689411723,4,4.314183912776229,47.7199121924003,3.576908212300968,35,0,8,4,16.773014332084383,3,2.947855052101858,No
23,14,Operations,25,7.717297811321576,18.15434930576812,1.9206347727352475,3,3.1012502961810142,32.978504457607,1.697921203231318,29,0,9,3,26.64195273144043,3,3.7644996037006235,No
44,15,Finance,8.948641814370575,6.8834717582542515,13.40566149561316,1.8752824041547254,5,4.309641360699027,54.1667992536454,3.1019077552255694,27,0,7,7,18.14718192783105,1,2.76357347177949,No
21,15,Technology,0.47163062665231975,0.47163062665231975,8.054469659374824,0.6408322649405805,4,3.3995368298708675,43.53364343440602,4.996858785291258,41,0,10,4,33.69387001171932,4,3.134329876259713,No
27,19,Operations,6.052514524055922,4.203210109141621,9.630099237368295,0.5273843156478057,4,2.8112551436016195,71.91288281634212,3.4018335899997902,42,0,7,5,25.09924418674548,3,2.2934436655556154,No
54,12,Sales,5.991456946275173,5.991456946275173,12.94049432131105,2.1229302704008184,2,4.810042012608927,34.698089164962376,4.0068627054889845,17,0,6,9,29.84138975873026,4,3.950384190359219,No
46,20,Sales,0.4410060154276057,0.3,7.368355465510171,0.7631761036741247,3,4.282651713853049,80.04958973636185,4.502784749556902,62,0,10,2,27.05845202287265,5,3.660278417370636,No
43,16,Technology,5.481820965553741,1.66846094980094,7.663410126290485,1.3206991718979826,4,3.0922723812037414,15.231598915469911,2.595506634208287,10,0,6,4,57.40890900010833,1,2.98667073849427,No
34,16,Sales,9.491739918164777,8.18455264145594,10.660827249980532,1.4204598199624199,2,2.409016916033401,79.4087850319635,1.8738527615914953,14,1,5,3,10.915266363544394,3,2.708806473187812,Yes
28,13,Technology,17.35355340628475,6.568915599650522,39.51165070861429,3.5538566115925647,4,3.1945357916943338,74.40557978454842,4.5197249320230135,18,1,9,3,48.58391821623397,5,3.7953977097987,No
26,15,Operations,8.308385783151312,3.8103517358257166,11.636661821406175,0.7339834553008835,4,4.079151169605287,55.02354386923498,4.0116977267629474,70,0,13,0,30.440547102156923,4,4.929372618691082,No
36,13,Technology,11.732757929050226,1.725899998109754,22.038306069226095,1.8453791706050424,3,2.1117889405223735,62.52753872636339,2.504148247708801,19,0,6,6,40.39396877066445,2,5,Yes
35,17,Operations,18.970128673316562,11.656626092204798,28.063718316221234,4.5306247844577285,3,3.391373401770169,62.19235031975275,4.309471075971828,18,1,7,2,24.346996868949457,4,3.528257769244174,No
41,15,Finance,3.4995420260195105,3.4995420260195105,7.358024066772781,1.4327532016550648,3,3.3814532875404595,53.30433435302668,2.7142398488583117,49,0,11,0,21.7783063709322,0,3.3374743181078563,No
35,14,HR,0.3,0.3,14.089921120217124,1.576276863091829,3,3.613569530812605,77.30259292526371,3.6106323642695104,39,1,6,1,33.8179096720095,1,4.988264649856719,No
30,17,Technology,2.442952900526553,0.6431483837887426,8.624862521931291,1.1652479877003876,3,3.0717847384814414,34.03886623728147,3.10297467216294,16,0,8,5,37.9805283129902,5,4.03615232671742,Yes
27,18,Technology,2.5974183876835117,2.5974183876835117,7.7850362726740885,0.9773643365361265,3,2.3193090132807654,70.94525738197541,2.1099019371796035,28,0,7,3,37.27185019900549,1,3.843664807121441,Yes
28,19,Operations,7.173711574173357,3.397983724974311,11.4586305841331,0.8047427687102108,4,2.8101098969068308,57.33055618580986,3.3088780320950923,15,0,5,1,22.509616183168422,1,2.9627504048285993,No
35,12,Technology,4.686213603118704,4.335156208815879,8.910567354278811,1.342925942737395,3,2.6971247745448923,45.60267887383708,2.8215624452643486,22,0,7,2,14.086981076087213,3,2.728220119987389,No
49,19,Sales,3.8681568198750016,1.094309501534845,7.362726341483804,0.8165344888625794,3,3.3971775797756467,62.869115819525916,4.102636699090827,43,0,10,4,38.93890440462629,1,3.039512476607178,No
29,13,Finance,9.083913800338257,6.516598870607596,15.0167467240527,2.4067143885123166,4,4.287720636059064,61.708063288334934,3.379939786286481,33,0,9,6,40.79693478524861,5,4.038913657218193,No
40,16,Technology,11.557026275725585,7.991421003982885,21.621922798586557,1.3657359165057543,5,3.6000468277386815,38.1925350642333,2.511908394975305,42,0,7,3,21.60248280522798,2,2.172483351482438,No
45,19,Operations,0.3,0.3,4.869936395037487,0.5673392636769155,5,3.980543444674019,57.459950433436916,4.020210979218371,46,0,5,4,51.36847906124354,5,3.469263814174174,No
27,16,Sales,2.376997603786847,2.376997603786847,11.312830893695391,1.440189905529055,4,4.5753303002913555,55.65253141685982,4.9896246072909065,40,0,10,9,39.561177445804006,5,4.447334414189135,No
23,15,Operations,2.8276997174670813,2.235920996818717,8.421477658141761,1.3095652152797177,4,5,54.1762351791621,2.8769003842643595,20,0,6,0,55.219160819243044,1,4.439364158588584,No
30,15,Operations,3.1668931902099513,1.1807297110146735,9.015742479565239,0.9650077900235068,4,3.3733854289082985,38.73726103227909,2.2007251072447604,40,0,11,6,26.66711560078044,1,3.355330958714315,No
23,18,Sales,0.3,0.3,10.48884543306352,1.5104150604074227,3,2.202823035285406,56.70621213003052,3.8903593111078956,59,1,9,4,44.183847096529085,2,3.4107360034868064,No
28,18,Technology,9.635914447335919,7.474204490337697,13.539708046224153,1.2758454353054962,4,3.6067517302524803,69.72611791472747,3.1092434779395264,53,1,12,3,2.181861347587839,2,3.059752590117745,No
38,13,Marketing,12.985512142037763,6.373580203172027,18.242540223194844,2.0507527365882687,4,3.806625235210587,69.56098913708279,2.9107805006787157,26,0,10,3,32.19578177960664,2,2.6840177379044015,No
46,16,Operations,4.182030221629827,3.6363871095192577,9.745543032056602,0.6230193750485906,2,1.215622538970427,67.3480629535536,3.4068487849865328,29,0,9,3,23.691230570159853,0,3.055067379440831,Yes
39,15,Operations,3.6818268710121402,1.2713889570801695,15.265314586428191,3.0360100041193547,4,3.1070494705169813,41.381955793586656,3.0015382322496644,38,1,7,10,22.041047451785058,1,3.4931339377190236,No
41,17,Marketing,0.3543994216936408,0.3543994216936408,7.045750645019768,0.6332657903667237,3,2.9167533557565535,65.16941258247093,3.5314136122234436,28,1,9,3,51.213622520415754,3,2.9872617398871455,No
47,15,Sales,3.345828210258512,3.345828210258512,11.278185587403277,1.4752345199623684,4,2.767849434338534,65.48990912888195,2.5193115728118185,29,1,6,5,55.48638490911208,5,3.3310263677443968,Yes
35,16,Sales,0.3,0.3,8.233206188009426,1.2243485009050648,4,2.2162988634374376,75.76676882592191,4.793617909334039,15,0,6,7,37.25267555066033,5,3.71822514246104,Yes
29,15,Finance,1.042026014363849,1.042026014363849,10.970612444201908,2.068634478688683,4,3.6879366398795987,57.496832972687436,3.7333415598735895,32,0,9,3,32.91641415766214,5,4.206927613802452,No
45,13,Operations,3.119341215804288,3.119341215804288,6.592353859921199,1.2690131625433148,4,3.10440099813595,46.88089476858902,3.4096793341369733,65,0,11,5,12.91520146909478,1,4.511144686559433,No
39,14,HR,6.358237796819529,4.785571906352073,9.85731246545602,0.8791029665261555,5,3.5140856912752123,59.48071758262025,2.892637313023009,30,1,8,3,58.34935805608817,4,4.3283521746152385,No
32,19,HR,2.0659352300220273,2.0659352300220273,6.790720148249908,0.3861457822775922,4,3.6109234834299344,77.82780703033178,2.6347838736832783,38,0,9,6,15.2178659417859,0,3.7629096250705567,Yes
30,15,Finance,5.412329847100557,3.071583911547537,13.340382516663164,1.764262625344834,4,4.38966327145654,58.710295747550724,4.603864021248844,38,0,9,2,37.71504798241893,4,3.884521608014579,No
35,15,Technology,3.2268866148639503,0.4719004870907232,8.663054463639526,1.6031299362816074,3,2.8950170698431883,79.04937966367386,3.097354168111527,38,0,7,4,28.720517260737562,4,2.8179800600099725,Yes
25,16,Marketing,11.52201237165766,8.65072609353352,18.17548484511865,1.1054656482164582,4,2.765055150518818,40.41640977846421,3.3129854142593844,21,0,8,7,10.059448292487346,5,3.330429889500625,No
44,15,Sales,0.3,0.3,10.973993694512187,2.189977484819277,4,3.5302654306742345,57.35964513961139,3.1764994943273543,24,0,7,7,17.719034931796187,3,4.247318457677516,No
31,15,Technology,3.6297518236062594,3.07429491428734,9.218738467426032,1.4690614067821155,4,3.0260543174196037,64.74715024513081,5,43,1,7,2,23.884965496790084,2,3.487134192864808,No
32,13,Finance,0.8124690799850567,0.8124690799850567,6.339412562263821,0.9831118543750627,2,2.877339458580455,37.24967337303006,3.802163359733953,20,1,8,3,12.40952558282289,5,1.3344433773540525,No
25,14,Finance,1.0640812126330115,1.0640812126330115,15.321942301117545,1.1409537142891317,2,5,91.55064922766378,3.905146870261185,29,0,7,6,11.044325665609685,1,4.34168257119375,No
39,12,Technology,7.808189821412714,3.6997393897450332,10.471771495605076,0.9577900747614183,2,3.5240784889888492,51.64664749133613,2.606987954322361,42,1,9,7,7.762687424336847,1,2.4678968439072007,No
23,18,Finance,0.7661490641957828,0.3013546772686138,6.994891622887222,0.9473702926567988,2,3.5015834619626762,75.38739656852684,3.0886772566914007,27,1,5,7,77.38119432940763,3,3.9877574067362733,Yes
27,15,Operations,1.7577794667172304,1.7577794667172304,7.6025746295985295,1.3110581971709625,4,3.172187281193435,67.7820758473854,2.4881877174792333,47,0,9,1,11.36524156192595,1,2.8891425843372045,No
22,13,Finance,16.600315762642357,12.5,23.617511363511042,3.7034386434296804,3,4.282967144314263,67.55703564161624,3.6144485851303156,51,0,13,2,10.103574249895765,3,3.3749993688429862,No
38,13,Technology,0.4467800527439023,0.4467800527439023,10.310074500397855,1.1403913314682217,3,3.597134449923982,78.65165944668267,1.9024674956677663,29,1,5,4,31.505342486541526,2,3.9367690189759976,Yes
37,17,Sales,13.369003554503905,7.47698101657142,18.52340957603038,0.9413976627038667,3,4.127900325765033,63.93793893837787,1.985957900761376,20,0,11,4,59.77371691523339,3,4.528945129489695,No
32,13,Marketing,6.505402095545811,4.974092183489713,8.55595349354518,1.4247001015185583,3,3.3671621633036186,90.60439767862862,3.090659322279238,34,0,8,2,12.325904668597168,5,1.7203744119479285,No
36,18,Sales,0.7745518269926375,0.3006838387964679,8.854659070183123,0.47763716672438083,4,3.678088986831459,49.95201918759717,2.515801934484027,51,0,12,5,13.505558246044812,0,3.5329280900240754,No
30,13,Marketing,1.25811077405301,1.25811077405301,6.780716518009864,0.8809692887110405,3,3.3015425927188127,75.69112601357634,2.291518853917677,17,0,5,3,30.337436941556973,0,3.2533675946460194,Yes
43,15,Sales,9.03057413919892,3.9237710565706037,14.298435420397682,1.047065208342067,2,3.996537302647451,77.16552741014297,2.894973859243855,14,0,6,3,31.91616219251817,2,3.755601497083782,Yes
34,18,Technology,22.413340150449788,9.815303714081496,27.077485192495878,3.481474498185091,5,1.190095367887053,57.23847992923625,3.0023318796416367,49,0,11,2,18.31011731848043,1,3.4925210774820346,No
33,13,Marketing,0.4352413939626124,0.4352413939626124,9.477869931892615,0.9300810586400459,4,4.128959543324243,51.27475032824698,3.2309479657662186,48,0,10,4,43.78501492847899,4,4.978220788666703,No
36,13,Technology,9.614722301915968,1.7490920623352584,18.40086321063853,1.7841634928462617,4,4.1026727094371465,50.46688332605568,2.3917047518873136,50,0,8,3,11.5979496332793,1,3.356367278442717,No
38,19,Technology,3.8052227272782404,3.8052227272782404,7.3545418644394145,1.2822996580803663,3,3.703166869604069,98.25108278985381,2.894733869187836,18,0,9,3,6.150870829332608,5,4.074404927609757,Yes
30,16,Operations,4.418306731943546,4.418306731943546,11.616196305855253,1.0865433485086256,4,2.399558438449842,63.6434992165788,2.8131461547988548,34,0,6,4,40.53061983562642,5,5,No
31,15,Technology,0.3,0.3,13.929280843698352,2.4688285793001965,4,3.7188888986144617,79.51672074451972,2.8947765538327492,29,0,9,3,21.919563460625863,3,4.860063532902929,Yes
21,13,Technology,1.0889108426724126,1.0889108426724126,6.907344888623574,0.6387555267134523,4,3.527206845654653,51.829021771887746,3.205542957149648,21,0,5,1,17.032961696092972,3,2.2276908183137616,No
35,18,Technology,5.642177288402331,5.642177288402331,11.24862887052529,1.179962696420212,2,4.2060133124800325,74.01777001158443,4.501270030265271,7,1,6,5,13.74581500643016,1,4.741859979215312,No
35,15,Marketing,0.9563193863207531,0.9563193863207531,10.38121172313678,0.5802709294781824,2,2.8063442683242448,65.02252130700079,2.899475307507774,15,0,4,5,19.44644373285009,3,3.0953249760879693,Yes
24,14,Sales,0.3393765987976199,0.3393765987976199,9.602608290830329,1.8002703351012632,5,4.602978494213474,35.96091655908609,2.7962266757595446,42,0,7,5,45.3148263710594,4,3.4442889132615115,No
30,14,Marketing,0.3,0.3,7.139196681052456,0.9266589905528585,3,3.385270702205587,69.56040020975287,3.399545413664088,56,0,11,3,17.837079087822076,1,3.4317623985973715,No
31,17,Operations,3.2342866063483195,3.2342866063483195,10.51898730269109,0.9135340196402015,4,3.6016811082604896,66.66708058765502,3.9119500117029715,25,1,6,6,7.97067213824261,5,3.578595320356425,No
34,17,Operations,0.5653640518489821,0.5653640518489821,9.820005501389993,1.9022218298324294,3,3.3097707077492586,80.65571457398109,3.2075527772334134,51,0,10,0,5.590779446995615,4,2.1468559333557007,No
49,16,Technology,1.5227577148408231,0.3,5.9395583798108484,0.9692979239160935,5,4.396422287598888,43.65042424151478,3.795193203955167,35,0,6,1,6.265313456039817,2,3.6694179882518587,No
37,15,Sales,0.3,0.3,10.142760661366683,1.81107839498584,3,2.286737543990681,68.31698918493592,4.396544599601197,17,0,4,3,20.32019104908573,3,2.4674155264079376,Yes
21,17,Technology,12.190896896350237,4.295737763444311,19.485481841567506,3.674278827851313,2,3.6196335663626757,64.52306183564838,2.5926330973337324,56,1,11,3,2.402542042823309,5,3.9369309438707467,No
29,17,Technology,2.0604954318032247,2.0604954318032247,6.8143967255855795,0.9958562312049418,4,1.8235090467007533,15.828745879043629,2.3106841036944963,23,0,6,3,43.00009341032147,5,4.206091741086952,No
28,19,Operations,4.797685160335417,4.088573873566551,9.989902549631656,0.6290013741565122,4,3.7033895556151406,23.955781214255058,4.729710499421679,72,0,9,5,16.39356662808232,5,2.7144989695429134,No
21,13,Operations,1.0327942230171725,0.33551644999070757,9.946305807241231,1.652642825533452,4,4.19727778380811,67.72567311731635,3.2971818622321214,86,1,12,2,19.965547664956397,5,3.0343352183403436,No
33,16,Sales,4.009317598046893,4.009317598046893,8.245405707777095,1.622579603232018,5,4.124370616180278,51.86069978703958,2.6984148171292066,37,1,5,3,66.2123004177172,4,3.075646105692852,No
34,18,Finance,3.866892339139362,3.866892339139362,13.917420503670684,1.306454339099492,4,3.422562202867144,40.8145752265705,2.989534885698435,41,1,8,3,48.5269003850305,2,3.500158856329413,No
47,16,Operations,13.97976608520539,7.12532355986529,18.45878795329353,1.7479597130755697,4,2.390891854970483,54.20708210675051,2.6982245446975948,68,0,12,3,37.047924817409516,2,4.023268847257353,No
49,16,Technology,2.4814575359199353,2.4814575359199353,13.900919320436705,1.1169456295015059,3,4.2140976093667035,36.74500996497861,3.302551883382525,34,1,8,4,35.529213296940476,5,1.6810372265231492,No
37,19,Operations,0.8337922176342909,0.8337922176342909,6.576011961749278,0.6520928898916579,4,4.716362727089235,45.78269515056875,2.8928693026984944,9,1,7,4,15.407947250901088,2,3.622092820378062,No
44,19,Operations,11.058404554566865,3.204186573795484,16.748623759571704,2.733259099027565,3,2.6143295976975818,75.68971615988293,4.810352538616999,9,0,10,3,54.227111827155134,5,3.1461575332586116,No
47,12,Operations,3.821533086280051,3.821533086280051,11.732766202213874,0.955909693549179,4,3.7013834227425235,74.77257641709205,3.6202966632104756,42,0,8,3,36.61422451119545,0,4.562227332271982,No
34,17,Technology,3.0794390825167706,3.0794390825167706,11.802969377771332,0.9774945814135043,4,2.9953011773303313,43.80175736473258,3.6175589915068747,24,1,8,7,20.38118638849867,0,1.5963675169385272,No
34,20,Operations,3.3111291691889337,0.3,9.101469444562339,1.5940380028648942,2,2.887572265692198,22.372094678810036,2.2713921404202417,32,0,6,4,44.40855961194797,3,3.3410242264586096,No
43,19,Finance,3.688326340157807,2.8246970005142864,11.748558905333798,1.8903792283023197,3,2.5112255325691737,46.5968615944653,2.9181163098996437,30,0,9,6,7.3963078404266875,5,2.7354112244101563,No
29,18,Operations,24.910215228553408,8.30878666635381,37.941905230246746,2.493380499004323,3,2.3938517544625437,70.77880304360787,4.820559281924734,24,0,11,3,42.454678786401935,4,4.165034757708128,No
34,18,Finance,0.9111204969952146,0.9111204969952146,11.10744355213951,1.4791138018263748,2,3.68756150856179,56.89118167623983,3.210677186370814,61,0,9,1,22.50472633488822,3,2.5565418572520557,No
28,18,HR,2.895888663865326,0.34712995717360995,12.39487239309571,2.017835086703157,5,4.8239579324163,64.45598219696525,2.901696753579433,32,0,8,5,45.82420043504697,1,3.6443609721519366,No
40,17,Finance,5.939211156706084,5.939211156706084,10.693253237423095,0.912785949224485,5,2.1047291229135694,46.5552392345472,4.21897795720629,31,0,7,4,45.91900740714951,5,3.0002675082551207,No
29,19,Operations,10.341312865963722,7.035630247190192,11.554782541870738,1.2119213514964533,3,2.0052672329071703,46.372950594926614,4.108318767043002,38,1,8,4,76.67227143643144,3,3.4572993112839847,No
21,15,Operations,0.5554168894140789,0.5554168894140789,9.011780843448392,0.5117349294928576,4,4.495984762444751,51.59193057116005,2.492207979063327,40,0,8,6,20.918440392497455,4,4.177141279206181,No
48,13,Sales,0.3155365619746724,0.3155365619746724,8.023642035115202,0.9378561014858581,4,2.582298781469076,42.38662885241752,4.0144803454494244,36,1,10,9,32.14835098242767,5,2.9648932203716227,No
27,17,Sales,2.1653644645504877,0.3,8.089381433212399,1.4360022534668204,3,2.422068970954251,47.84275935304672,2.118738327576523,33,0,8,5,20.231784262181133,0,3.33853284282196,No
36,14,Operations,9.85480792217109,2.463865016365969,12.733744043683204,1.3097500236020223,2,3.8223390742235472,63.685120800900144,1.3851366188244638,15,0,5,2,3.8856257351506427,5,3.2924087632433343,Yes
47,17,Technology,9.228481859275432,3.4382495927347625,12.731478053301384,2.162805223601518,4,2.8233499092827525,31.99579808001095,4.291668597879241,5,0,7,1,25.17396122730056,3,3.226307114194844,No
30,16,Technology,13.193233152663778,7.509287920753725,20.66096874563801,1.5462747894429263,3,2.794378272850861,46.92724857247291,3.5100658267671547,56,0,12,4,47.78617041017757,1,3.1357342897771527,No
42,17,HR,13.316532885219097,8.252425598654531,13.64261413754662,1.2129859995602323,4,3.8793814847233046,48.794267384681035,3.294115599815882,36,0,8,0,43.72816101128137,5,4.730684673097955,No
23,18,Operations,3.995464840076093,3.995464840076093,13.053382643593705,1.1465309603915466,3,3.4064781090696217,68.35988157262913,1.6789307140890495,20,0,5,1,23.62754544624471,3,3.1647265700668896,Yes
31,18,Marketing,0.3536120957726259,0.3536120957726259,6.7459059043736165,0.33296962008123776,3,3.409635485779799,58.3480428399097,3.395438891129262,31,1,7,5,27.77986560528616,4,3.654720585270098,No
25,18,Sales,0.3247783657000897,0.3247783657000897,9.864498099342274,1.4193536949157946,4,3.696065376438136,39.44309770740796,2.4129068534632627,25,0,6,4,8.667582064033166,2,3.4756990029141877,No
40,17,HR,0.3,0.3,9.532399019800488,1.718638868543021,3,2.805393440026145,78.37024598106925,4.691772704085973,9,0,5,2,31.75349073894249,0,1.887811254087509,Yes
24,15,Finance,4.402501044434898,4.402501044434898,11.855966436782984,2.3560860053503583,4,3.279151106690091,48.390846049345,2.90219636502921,51,0,9,8,20.15386074173082,0,3.2480382978553997,No
27,14,Operations,2.1559506942232365,2.1559506942232365,9.546314751379903,0.5083675145728875,4,2.3912396284395667,65.54543028858633,3.5054632877074114,39,1,8,7,37.22754921634118,2,4.240150242735024,Yes
37,16,Finance,8.272391886590157,5.224964040399282,13.38302039978711,1.1264419266885035,3,4.703553092412372,59.35491805748899,1.701868761038649,22,1,10,6,80,2,2.151119119201229,No
43,17,Finance,3.457065344871937,1.5294223700851817,8.957785956642104,0.8390559491499642,3,3.071818219423097,49.600304242650054,3.7856290335011105,13,1,6,3,36.940677388883124,4,3.1935004458271004,No
28,15,Technology,1.4260291147464335,1.4260291147464335,7.971583167441361,1.4534844375849134,4,4.015496518077182,99.99615451412728,4.969004332909933,65,0,11,5,24.154076113083438,5,4.155883845905278,No
28,15,Sales,5.425982712544078,1.355092279651372,9.950444630106757,1.878413630282228,3,3.503154694881124,44.58892211857643,3.244573827280192,22,0,6,3,52.48447750808543,4,3.213390230691703,No
26,17,HR,4.598862851333036,3.5134843429381517,14.93706612565843,1.3233302818137667,3,3.499112111817432,76.47008434186726,3.8905910941365356,55,1,9,6,17.473973675943096,0,2.8153547273096984,No
28,15,HR,11.820147663204581,8.1129828435626,15.27481115347097,2.2205129577624056,4,2.492959418046171,62.13334388269454,2.496162060122093,8,0,9,6,24.3011232515877,2,4.6437407479293045,No
38,18,Finance,3.159609333270817,3.159609333270817,12.852396632401222,2.095574049989792,4,3.291267619933837,38.77134528048246,3.682287828902021,45,1,11,9,16.32890978438614,5,3.5968377379446785,No
32,17,Finance,5.181170057148077,2.7048660338568675,9.44710938278414,1.5548428715632476,3,3.6730128268652664,37.88304878167346,3.8102176321293544,40,0,10,8,31.902215710786454,3,2.802273096147519,No
40,16,Finance,0.611664053704212,0.3,10.478340768794178,1.6914896227188254,5,3.100881409557016,34.76320022033346,3.174247256050044,13,0,6,6,11.686971482772918,4,3.8451114797895163,No
37,14,Marketing,1.9422585666338015,1.9422585666338015,6.894338857349149,1.0862051074274588,3,4.415745588312562,68.43705400497258,2.2346742065951806,31,0,5,5,41.666696575973866,0,3.0344569987475456,Yes
23,16,Marketing,4.026779068225817,0.3,8.632772179268127,1.517671062835074,4,4.303730585881241,49.19069699886821,2.788708992803348,43,1,9,1,18.311472130637505,2,4.41306355511791,No
38,18,Operations,4.6336042346413,4.6336042346413,9.23569189311807,0.6877418044425876,5,5,75.39247085436662,1.3040573469299537,52,1,9,6,31.87532972870738,4,2.9537084121101835,No
27,16,Finance,3.8540010272933074,1.0662877930118717,13.716076380697569,2.3442277929869952,5,4.199077822788253,41.67534947992262,3.596066332364188,25,0,7,8,17.740829987193745,0,4.314201971054306,No
31,15,Technology,2.8334291097209636,2.8035614895656775,10.997663799627844,2.149712343701317,5,2.699266285828776,69.05072643800425,3.0690271613175493,12,0,5,6,26.375554363636784,4,3.5211263083123865,No
40,15,Technology,3.403800728624269,3.403800728624269,7.5466809474388095,0.9605087513959913,3,2.4846326544233976,47.932862096490474,2.7981403693787272,51,1,12,5,24.039927027867094,5,2.912456668071748,No
35,17,Sales,4.355987883326579,4.355987883326579,7.626677699710186,1.4020131393088955,3,3.910980328315046,57.29966771479438,2.494377966478872,37,1,7,4,28.30560178385197,5,3.734395495076091,No
44,14,Finance,10.342419818176678,4.81725962185487,14.019271366557543,2.2341973177983188,5,3.4897731276845727,68.86420769829164,4.82789724009253,35,0,6,5,16.657803987233702,3,3.3848820506939337,No
37,17,HR,4.661536058174389,3.397756139444539,13.246167069840688,0.8045139589768212,5,4.424055905693542,86.3199191319168,3.1095769771734987,62,0,11,0,20.842810442483948,3,4.043744884446154,No
35,17,HR,5.8676953912375645,5.8676953912375645,14.925120986526714,1.4168886737188788,3,3.512242063552249,63.373374004696466,3.311460905951293,23,0,6,6,35.36149241517082,4,3.3751042133427305,No
34,17,Sales,7.025051328412902,2.667822024638789,16.36787474955893,2.8452676735400475,4,2.9883633260768234,71.38732372396197,2.877182888248536,12,0,7,2,23.07272351164561,0,4.060035020464098,No
35,16,HR,3.737669807606379,1.5981052720259987,13.03520516203954,1.153000812977612,3,4.407768745942622,69.92450259963358,3.071112641509171,18,1,6,1,21.986692456890722,1,4.982103670708333,No
30,18,Technology,9.00194378336339,0.3,8.97746192403434,1.4229620700047378,4,3.5943192693403043,68.18175905078344,1.8039792556520209,22,0,7,6,30.33380404703707,2,3.393729023795499,No
26,15,Sales,2.2940242944488323,2.2940242944488323,9.53681387082911,1.167664162717666,2,2.2994606561932787,58.551307883101344,3.2804618753645283,34,1,9,5,9.559549587073741,0,3.543612484673704,No
32,12,HR,0.9444527257617299,0.9444527257617299,9.072439140372566,0.43051260618201476,2,2.710960749019856,73.10306195610977,1.7883486374200694,53,0,9,4,56.50167095994947,5,2.9308915821472885,Yes
29,16,Sales,4.162428157032519,1.0802223406253522,10.77588612836963,0.6399339029631641,3,4.203538114826988,50.03406626969267,2.02965599050232,29,1,10,8,16.340327118093036,3,3.4764756202851204,No
29,20,Technology,2.655203306757467,2.655203306757467,10.732539667402992,1.0926578197843053,3,3.6043655216495565,93.05081985179731,3.2187488943265805,52,0,8,3,40.90282482816971,3,2.825468528738253,Yes
41,18,HR,11.258246804396519,3.938914431430533,12.12184474445744,1.6170404880445497,3,3.392022486921187,51.13377517542089,3.2976955214506405,34,0,10,5,44.97839748150451,4,2.1870001974313027,No
32,16,Sales,3.841531925283985,3.841531925283985,9.909513978621275,1.3255792728167528,3,4.696058350670744,62.960203835288354,4.723465427157253,15,0,5,2,14.717542289246687,4,3.0344805106306283,No
21,16,Sales,3.471695332722615,3.471695332722615,10.61539564138897,1.7391794105845195,3,3.101140615692068,90.9770899820187,3.8845679811468337,41,1,6,5,59.36610175074232,1,4.5558194991211325,Yes
31,18,Sales,7.9854303196529814,5.208335794566169,15.458007645125127,0.7972859541311885,3,4.099443217407878,65.371106112101,3.6698910220835357,11,0,9,3,41.192343755955086,2,3.6326796084301063,No
35,20,Finance,5.476562023587478,5.016972632060407,7.664865876794943,0.8902965830870568,3,2.889649904172882,58.34574464501597,3.079245687933254,26,0,7,5,39.87080007939487,3,1.9985315394388465,No
37,12,Marketing,3.400083064086136,3.400083064086136,10.2625102515939,0.5487875444329765,3,2.784281975658795,35.8948887921367,3.311996242036679,32,0,8,3,26.71516410507671,5,3.9433067752443565,No
43,13,Finance,3.0888048015214733,0.8053678031682077,13.270956804607687,1.7337575060643118,2,3.8942628896623774,69.18590224781934,2.298174238240926,24,0,9,4,33.99193272128395,4,3.489466080742497,Yes
39,18,Operations,2.4058114880957784,2.4058114880957784,9.65066618656011,1.4219681563806035,4,2.3083154772961665,56.91625041561999,3.2543472868993573,24,0,5,3,36.86457341415358,3,3.414893030072753,No
27,13,Marketing,9.828221555081003,5.569792407425381,16.555930525109282,2.5976082921955608,2,2.7050207261032537,85.95075704326402,2.1931835399438024,36,0,10,3,23.314847518742663,1,2.6142086357192222,Yes
33,18,Technology,3.1495134114416796,1.2464387320432384,6.348484002907538,0.4202402175627062,4,2.450636090066328,43.67074447134675,5,11,1,6,4,23.224411296418893,3,4.560760046844789,No
32,17,Finance,2.7748313941189005,2.7748313941189005,7.1899752911698345,0.6305576275954723,3,3.1197546860054657,56.72165024452289,4.022537437836529,38,1,9,3,39.73597540325988,3,2.6330349400703246,No
42,16,Marketing,5.882562815155616,4.471052359011742,10.299469011915777,1.9897295288003487,3,4.993190740098299,51.8622796424434,3.3874290385422974,58,1,11,4,33.92916709497703,3,3.4296058646565935,No
37,14,Technology,3.2185551274196986,3.2185551274196986,12.853869144283241,1.0501678802915606,3,2.3247271222830115,60.403688056229775,2.621341857373393,12,0,6,4,39.269139300666865,1,3.1082598801685086,Yes
31,19,Sales,12.499848093546172,2.7903375648391324,13.657306326079365,1.105744739860145,3,4.4744492911768186,41.82768585497554,2.890757621502264,22,1,7,2,28.02573311057551,2,3.6834244436733563,No
39,16,Technology,0.30874299792008064,0.30874299792008064,9.50210466611439,1.2987503111716268,4,2.484846158219478,70.10679372564874,4.298809459196793,35,0,7,2,24.530008092133738,2,4.551418801661206,No
48,13,Finance,1.8913732639233056,1.8913732639233056,10.93827797031054,0.9479933564331857,4,3.9416050858024536,82.01467765008174,3.3842768700623442,18,0,5,6,71.32003388840027,2,3.6347583778031862,Yes
36,17,HR,0.3,0.3,10.332606389648527,1.3421992276272066,3,2.714002414910593,52.30933149782778,2.90579692796013,38,0,7,3,10.050074105156845,5,4.041765487281014,No
35,18,Technology,2.6610143295853725,1.8610928101715678,9.081351507573553,1.5581301946427986,3,2.1040360016976316,39.87315395773983,2.028927317672324,9,0,5,1,21.263311199603162,0,2.0907833570168814,No
32,15,HR,6.69742348213335,3.100628583323894,11.11544368565805,2.0934723165770004,3,2.5281519247126822,69.14857317399314,4.300167171817739,40,1,9,4,13.35219654542633,4,4.357554622584231,No
29,13,Marketing,3.8681839632470085,3.5637225260937204,9.087730454140344,1.7766413608195015,4,4.516546052241643,75.07899351020502,2.70708935031769,38,0,11,5,21.38816931810122,4,2.444916275372527,No
43,19,Technology,1.6791672126745203,1.6791672126745203,7.187588781101418,1.2614377888526165,4,3.905962657575904,92.1200408964628,3.3647222659814915,22,0,4,4,31.090521873836558,4,4.705456016480904,No
30,19,Finance,5.512518782431522,2.233799560135694,12.342898984825823,1.1270579298374528,2,2.9072236026731697,68.60679287125392,3.2711795317161174,21,0,8,5,30.651690132430357,1,3.29867173502192,Yes
36,17,Marketing,2.6615175421291553,2.6615175421291553,15.61517372396634,1.2787578014723715,3,4.381465472074081,44.66657732489542,3.6184977672455334,62,0,13,5,7.540468494261191,3,3.999500383152517,No
48,17,Technology,8.924028403262062,2.2742014571570826,17.641085351954423,3.1883835444194166,2,3.4778604417970778,47.06138660472323,3.583811282633895,27,0,7,6,44.26018245158267,1,1.74981160610171,No
30,19,Sales,3.2495803125876606,1.9161316366613879,8.847785145566965,1.184418497899463,4,3.6807363548716032,48.88423926152414,2.4091650504140323,26,1,9,10,7.682800080760876,2,2.7811592827031713,No
43,16,Sales,1.2471923369617675,1.2471923369617675,12.15585438387058,2.355749520087982,4,2.6063981103223473,48.469410619770784,3.794579730930886,28,0,10,5,31.514318414219556,1,4.103840692747678,No
31,18,Marketing,0.3,0.3,10.037940147699278,1.6925791502639218,3,5,52.39406270119413,3.500399805943036,84,0,15,4,23.476976562129245,3,3.5081407428740228,No
50,15,Sales,12.171354591837245,4.693040265548676,14.773693129318447,1.8174143870441055,3,2.0041131839050608,74.71079171229586,3.5076136865812355,19,0,8,6,24.221447460936275,3,2.2967666518881784,Yes
33,13,Marketing,0.7338318005615134,0.7338318005615134,9.469280618382493,1.4185454436611362,4,2.9059252529420108,70.60844270032743,2.8087491280221206,20,0,8,6,45.88730386807071,1,2.905863171001955,Yes
40,16,Finance,1.0371951838463127,0.7203129304282708,9.483633495104169,1.2821276340815126,4,3.2012514295605543,35.27966467228999,4.084815603277355,59,0,9,5,20.889119131135274,2,3.7879179652272623,No
39,18,Sales,1.1084747561714017,1.1084747561714017,11.901508700883983,0.6368370890841611,3,3.009188948834703,62.99031270401523,2.7194841519406814,36,1,7,7,37.63416901409353,4,2.463112069466467,Yes
31,17,Marketing,24.934916677534666,9.69430658066365,24.02142301639948,2.364913457255167,4,2.6044206418045888,62.76550440282666,1.6904877397129416,15,0,9,9,10.882305432079306,5,2.6473097137965986,No
53,16,Operations,9.748771157272913,2.9976749080575917,12.391268735344061,1.7481809456238675,3,4.717230189350864,63.94884441772255,4.09212994613102,35,0,8,3,32.545734178260254,0,3.375532056489058,No
33,15,Marketing,0.941410301270255,0.941410301270255,9.830622886327934,0.49880962198873774,4,2.996139253312435,71.5194097677023,3.422710573215036,33,0,8,4,17.99275635281917,0,3.7921484407619643,No
26,12,Technology,2.8734712595148753,2.8734712595148753,9.620696907131542,0.9054073249814389,4,2.3031195228028114,67.6261404743988,2.2828424516778343,44,1,9,2,50.96258931918023,5,4.200032645947268,No
43,17,Technology,9.259872379496645,7.089484835000253,10.96248664919333,2.174822668064093,3,4.1725807316116414,70.63946759159103,2.8070097681470676,32,0,11,7,31.125053486603974,3,3.5176832597461356,No
36,19,Operations,2.1991904940164226,0.846436901427326,10.2219061652948,1.8624611881304274,2,2.6024587729874633,49.417673852152596,3.616341476248905,15,1,6,7,51.45646871431889,0,3.728113735008322,No
40,13,Operations,9.153051767930856,5.77747017203434,17.954300917578188,1.0117458215935649,2,4.0993607021566385,32.12459818433688,3.7127833699048725,36,0,10,1,30.501657010665195,3,4.380145322961666,No
32,15,Sales,9.847904178244294,9.847904178244294,14.89962722566821,1.749540953317723,3,1.3839313666872843,49.620367061899294,2.4332942632499615,7,0,10,3,45.16258387646727,3,3.5717556245503186,Yes
21,13,Operations,0.4988927808443998,0.4988927808443998,9.890751100530506,1.1628202024194632,5,4.189435868399074,99.99386347189345,1.6872854589964736,39,1,7,5,22.370662240266324,1,3.1921346593341697,Yes
24,15,Technology,6.6183677157808605,1.828252491246779,11.070774429655508,2.1625634972692804,4,3.2068637896008334,83.91222481725632,3.5771323082269944,21,0,6,4,53.29797439275883,3,3.9147919789190837,Yes
26,16,Sales,0.3,0.3,6.384638916135539,0.8778238556982949,5,3.788348050448289,72.39006915193512,3.702755325350891,54,0,8,3,16.002628306929218,3,3.381373219163336,No
30,16,Operations,8.037789994343257,5.70184857717519,10.786582685141367,1.0105718937137578,3,4.185516816450067,51.449409984567865,3.0888754650996906,22,0,2,4,23.025089884122995,2,4.161446712754887,No
23,17,Marketing,4.797881897345641,3.6184375457996922,14.311275429919208,1.373465733061691,3,3.524870244085525,54.87378794990298,3.321247453776219,44,1,9,5,20.543600212705872,3,2.3122632637635063,No
47,14,Technology,1.1019960476353865,1.1019960476353865,9.667530876200146,1.8805253921441651,3,2.489720751823267,71.36435488432133,3.2849651236002764,16,0,6,8,30.274690966267904,2,2.7144777264978686,Yes
29,17,Marketing,0.3,0.3,8.449410393768584,1.2718984957037913,2,3.090054125763271,67.48100721866876,4.594196995519451,15,1,7,1,29.333750231567375,1,2.7946839650412234,No
31,16,HR,0.9607578110161082,0.3,7.5751966368059716,0.4695982007703842,3,1.9137439490990518,82.7439199606767,3.4140220124890637,14,0,4,2,8.385001515127104,0,3.567466992445233,No
44,15,Sales,10.370157562967304,3.516717550187347,17.688896063377918,3.2945395092485668,3,1.9952977207250353,66.45968518903217,3.5914028888402383,27,0,7,4,16.58527606390478,0,4.09852500128216,Yes
41,16,Marketing,0.3,0.3,8.893695483197874,0.6922767136278413,3,3.2093664780453652,86.17915342369069,4.018132979678418,31,1,8,5,36.28848977475129,2,5,No
43,12,Sales,18.955573033887767,3.5220976944678157,30.04559680098824,2.2387350344615276,4,2.787409668132477,59.699601406665984,5,25,1,8,6,13.64677002147494,2,4.029329137527237,No
21,16,HR,4.371741792404802,2.0782891141552002,9.010364408464968,1.637087597583224,5,3.09760133273768,79.66298714288693,3.8195924418742946,15,1,5,3,25.214110747528423,3,4.766122050130039,No
34,19,Finance,3.835401042573928,3.5736694427345173,7.329699661873464,0.40223534671515643,3,3.789101356417226,72.76992281316014,2.79728685937047,28,1,8,4,13.657792748584454,4,2.3904277616600593,No
45,18,Technology,21.693337074860075,10.692504723428769,21.449484669731817,3.4693207268466257,3,2.9981350236906055,38.89498903901525,4.2163432789665,21,0,8,10,27.427296515748832,4,2.463722574487715,No
26,19,Finance,3.9085570389920874,3.9085570389920874,10.570867201456034,0.6459287673161689,4,3.1045621904846317,41.127842055322155,2.9095660534994816,21,1,7,6,71.01322613401993,2,3.975357279044369,No
28,16,Operations,2.9785180502975095,2.3969307423821355,7.454884206264017,0.8275559714457782,4,3.6067743157297465,72.30444019974445,3.494021025112495,38,0,9,7,22.582032836681275,1,2.5662593854486295,No
40,14,Finance,10.761589825056516,6.098459472263613,22.71721297458151,2.0074581044501394,4,3.7956319748537397,38.51782038145059,4.897183046992918,12,1,6,2,10.26517569714798,2,3.6695225875392823,No
36,16,Marketing,10.912189853733942,4.808141723957175,20.591745473036415,2.3038755096186265,2,2.6594008242423937,97.72132421931062,3.6817450230995643,7,1,6,8,48.9284197885375,4,3.604637725029977,Yes
42,16,Sales,9.636390062204093,7.060426843985018,14.610967179198456,1.1311755364432623,3,4.005393701984489,48.79298284934742,4.68795831715652,39,0,10,5,43.55894852947334,5,4.623359213810918,No
34,15,Operations,4.250061472738368,2.21097636896924,13.490528965737509,1.388833888124831,4,3.7039142422626434,61.52351469874449,3.8843170111002387,14,0,4,5,26.77640666726866,1,1.9340319059738413,No
30,13,Finance,4.331546673499175,3.0291211506604143,11.669071892361963,1.9003763982540047,4,3.5676963783244093,43.61146202916945,2.6998790998213567,27,1,7,2,22.286774098194726,3,3.4701929126465263,No
28,17,Technology,1.191189100751671,1.191189100751671,15.480190564208435,3.0299289427082465,4,3.997868526314388,77.68301792021232,4.095024597137182,56,0,8,4,37.35475155422573,1,5,No
37,18,Finance,4.92220940999181,2.6775737145874388,12.297142539665035,2.3900239810552586,4,4.99540998723557,78.73457798097434,2.992094048057339,43,0,6,7,24.8991622343199,3,2.925007462681461,No
43,13,Marketing,2.6273401152474802,1.776140195864308,8.269702873193264,0.5044277426977853,4,2.778786400783135,71.89776308008611,2.7977175277829094,50,1,8,3,31.65229700871115,1,1.7570066648806402,No
40,18,Operations,4.2524595740808735,3.1926305897438607,8.724508593644751,0.7770924913596298,3,3.574682010542389,65.39556740929083,3.711662866270351,47,0,11,5,54.170333854125225,2,3.147326627144565,No
35,17,Operations,7.956645770321035,5.6004939879998625,16.189847026352794,3.1381818735860545,5,4.991457011633706,51.8545585549013,4.695219961459895,34,0,9,5,20.318750179685477,2,3.4596232092220633,No
40,20,Operations,2.7274398873286603,2.7274398873286603,14.312026031636504,1.2603547293897388,2,2.483429804484281,42.224290409628715,3.6302863841560398,24,0,7,3,22.435380734591472,4,3.4876509272013743,No
43,15,Sales,3.3278933323634448,2.333326577640438,6.627728818424368,1.2407864913642805,2,3.0835523075197457,64.04280922134227,4.401528242404656,52,0,8,4,56.80441606340884,5,3.2048637008799132,Yes
42,15,Operations,0.3,0.3,11.354432434558406,1.8977747813368664,2,4.89068656069241,80.03683782131304,2.120946463779113,18,0,7,4,31.212039112541365,0,3.4323427710284453,Yes
21,15,Sales,3.376778531448741,3.376778531448741,9.242301968919547,1.7074480061772652,2,3.913141949243573,90.02056914431834,4.291995312072144,29,1,9,10,33.9807881495202,5,3.7206023309647174,Yes
37,17,Sales,1.5896820707002233,0.8606583080477227,9.867564887762562,1.6395832534563217,1,3.1182971253284353,94.98470319747126,2.294598622640162,24,1,7,1,35.758342151474174,4,4.228678564430275,Yes
36,16,Finance,1.4180027412485372,1.4180027412485372,8.45341313150692,1.6821493411613584,3,3.6888595176266556,53.83810137770749,4.11305649395522,11,0,7,7,44.93891017107515,2,4.808697869743416,No
33,18,Finance,1.1560307669842462,1.1560307669842462,5.637570725552809,0.6493276192289831,2,3.0647419559565123,56.26192112118056,3.02007950714275,24,0,6,3,19.90747198366751,5,4.245448979324862,Yes
31,12,Sales,3.1573112955556994,2.600313356610044,6.679807986021774,0.47189624872096303,4,3.3125554518114293,72.97777225912455,2.875227287257818,14,0,6,5,13.190015119140416,3,4.49130557109249,No
31,13,Operations,2.147375491528668,2.147375491528668,7.485545921974084,1.2392345172995316,3,3.785044676340121,52.702633552500735,2.316280549343826,47,0,10,3,22.029816585992055,5,4.642628151131542,No
46,14,Sales,9.08558383511284,4.372728849896878,17.844336281675094,1.5458055514452533,4,3.0868105129947203,77.96110828374141,3.27144483598233,28,0,10,4,12.1026499277357,3,3.19860557422067,No
41,17,Operations,1.0741987393029495,1.0741987393029495,9.03830174581117,0.9037628590304756,3,3.725650725173855,51.83657313774959,3.2394480016738134,24,0,5,3,3.5552371745450952,3,3.647075661419221,No
45,17,Sales,5.659962595101754,1.9512110250875248,8.583429665184752,0.6495131322234136,2,2.6320199646078124,35.486641867418896,3.3091007015707876,31,1,8,5,10.793266793504365,1,3.3398156405145687,No
47,14,Finance,1.0582793772122991,1.0582793772122991,9.462650976958747,0.8963725329351301,3,3.834308332861843,23.137276482696944,4.513628920316374,37,0,6,10,28.71194759660711,1,2.8407284786177365,No
32,14,Operations,0.6426363685351055,0.6426363685351055,6.680979817730844,0.4373528645758888,4,3.384284465786295,61.02191049414375,3.3910263978248216,71,0,12,8,8.70584972387257,1,1.7628316649465408,No
52,18,Technology,10.037396388072683,2.874006589253857,17.942950316217242,2.2501504354065065,3,2.0890858942115336,28.248020030321875,3.0820489727772014,37,0,13,2,34.85973270024957,3,3.1322852341356104,No
37,17,Technology,7.531558290249801,4.799243073001635,10.818201621388956,1.0257455453146878,3,5,31.41418667568147,2.6940224532754016,11,0,10,9,21.661842023249392,4,3.1501657593263714,No
40,19,Sales,10.482051524703781,1.9780001699747725,16.861964824336255,3.358042787299453,3,2.684804442083759,57.80419230239853,4.095952226574816,44,0,11,2,44.17660741150942,3,2.6450959520137007,No
24,19,Operations,0.4347353370097997,0.4347353370097997,9.969974367480988,1.2257986292863887,4,4.301983288756379,50.67518971726856,3.505848268801605,72,1,8,3,62.544369057885,1,4.995612021105955,No
38,16,Technology,2.6437414225020714,2.6437414225020714,8.713430602396443,1.2694528219935937,3,3.5929404964309053,74.13001000277987,3.105905180546959,45,0,11,6,15.58691594281932,2,2.9975488403484696,No
33,16,Sales,3.535801854448429,3.535801854448429,12.067242172928104,0.8648925212114009,3,3.622026257208676,24.657520626253746,3.8642560456021116,28,1,11,5,22.912652290581462,5,3.8964478420636413,No
43,18,Technology,1.3173900506314564,1.3173900506314564,5.102930414474781,0.47182504404007714,4,4.379194182272541,60.77810929569543,2.781507744519293,27,0,7,9,25.38234692543543,5,4.022588577068894,Yes
40,16,Finance,2.379356931117767,2.379356931117767,7.410653825880624,0.6731920022545873,4,4.322523639196583,62.9456641732496,2.691076220490854,35,1,8,10,16.86257930674029,2,3.7922621663551435,No
36,16,Sales,0.3,0.3,7.928134685035893,1.164278745489613,4,4.194967410429739,54.31785993843978,2.8118764001117533,37,0,5,5,28.204651994872727,5,4.085775774723334,No
42,15,Technology,0.3,0.3,6.859360351551573,0.9960243389327313,4,5,87.02834475460753,2.380705818615745,35,0,9,6,79.76691159659899,2,1.6605012718892245,Yes
28,16,Sales,0.8300486455761825,0.3,11.252515663451328,1.0129844195812425,4,3.495826459534856,75.4715405565024,2.2123255051761883,19,0,7,2,54.35179373813444,0,3.1784973886683345,Yes
39,13,Technology,23.511827181937683,10.90217996869585,24.417943640351307,2.0102055499881875,5,3.7078175432012648,74.28366195049348,3.9047423350661288,36,0,10,4,2.60198771459979,2,2.5930615504280548,No
39,16,HR,1.8099594385226272,1.8099594385226272,7.856415077454103,1.5743152134055083,3,3.9989977536825627,77.7768479524793,1.3131075978959126,32,0,6,9,26.75636224659649,2,3.999395142815226,Yes
44,12,Finance,1.7542855866672296,1.7542855866672296,6.038995661404801,0.6441353988267869,3,1.9229640847941667,54.15555434713863,3.2207278200786034,20,0,6,5,30.25628205611293,1,3.476711998496696,No
34,12,Technology,1.6564619411313506,1.6564619411313506,11.29033592547441,1.3009938048969454,2,3.2044522868632708,47.52761749942989,3.3928526639020498,17,1,7,4,28.63046687567636,1,4.388464301215624,No
21,19,Operations,12.338314361950534,3.8522404424679024,14.804272002693533,1.1988864999117397,2,3.5817319167588453,78.9187205651233,3.92245525500332,50,0,11,5,15.914020898054133,2,4.361427184522484,No
41,14,Marketing,2.8778082576204573,2.8778082576204573,7.841529523236154,1.4298174170846178,5,3.3691708078783797,62.808938268960176,2.2835742138390787,10,1,7,5,32.500202662368324,4,2.7989982660264965,No
31,15,Operations,24.48893275025511,5.889962370470107,39.65654565341243,3.2899105116294987,3,3.797606964418263,43.618615008436194,3.725649543872512,17,0,9,4,18.40351527281146,1,3.980276817243889,No
31,20,Technology,4.905606768384795,2.88396149619292,12.35392918519409,2.2467171623174433,3,3.495186515267054,77.72089592536499,2.9983609049380426,46,0,10,6,40.62257832856291,2,2.984533287931715,Yes
32,14,Operations,2.4914420344993,2.4914420344993,9.101321399092035,1.6031988134498483,3,3.4115805568210558,82.44677999725614,3.6849341373384124,32,0,5,3,66.53457774923939,3,3.640176258536857,Yes
35,17,Marketing,0.872758579617186,0.872758579617186,7.739720439432148,1.3437501950854376,3,1.3132498324600177,83.48568496131816,2.5209918473470476,15,1,5,1,16.570338141228156,5,4.620871194178623,Yes
38,16,Finance,2.7155756089216134,2.7155756089216134,10.79978500331758,1.1501464680195153,3,3.807745818200166,47.58922822378949,4.810265017335554,35,1,9,6,25.791879947701432,4,3.54729251598517,No
48,18,Technology,2.293156837121405,2.293156837121405,9.991700391706516,1.2772639589261945,4,5,79.48080766734098,3.483545189739433,27,0,4,4,30.86300896430057,0,3.981848912960644,No
38,19,Technology,2.1916119806063388,2.1916119806063388,10.47396335760423,0.536060856277068,4,3.8894129242066575,60.77577135114908,2.2809297210221415,15,0,7,3,20.89616858287773,4,4.175073128778396,No
34,15,Operations,12.66363254365078,4.415066889491863,12.456595839284704,0.9167726114952776,3,3.4217672030539266,74.0684616615207,4.41296799959217,10,0,7,5,30.72881440638832,4,4.078262764395315,Yes
49,13,Operations,5.266447295430561,2.404264024662207,11.25562861998575,1.6006675755156008,4,3.490933429288503,36.58288888398178,2.683412356368909,17,0,5,4,25.85681231742501,4,2.8027083679876172,No
43,17,Technology,8.192389476414348,3.713006207873023,18.742228275627596,3.729576225101229,4,2.823290784572664,83.04721907151458,3.0012569653318124,16,0,6,4,23.431846375653194,0,4.192430964415178,No
41,15,Sales,1.2462084837673237,1.2462084837673237,8.623110113361793,0.9700034760357152,4,3.689952318600784,58.981191921472934,4.805686978427338,6,0,4,5,24.208577200649962,3,4.115217024082738,No
33,19,HR,0.6110364197775255,0.6110364197775255,8.055536008467172,0.6511543024696451,3,2.4193908127729946,58.228068754860686,3.3931941326662285,33,0,8,6,52.35762848267908,3,3.9857678068676,Yes
49,14,Technology,10.426960856452867,4.824662653233548,12.589609297044364,1.6144425214711735,4,3.1977980522420975,56.559423524873424,3.57075664508844,77,1,14,5,8.347954525408328,3,4.444003790273372,No
24,18,Technology,8.346259559911925,2.7434730679058696,10.631997931902585,0.8266590151675062,4,4.437216179025721,50.92164944897134,4.510234741294661,74,1,11,2,61.04685354672858,2,3.64831092323115,No
36,13,Technology,0.5233687057187894,0.5233687057187894,13.602548411414283,2.0226975123884383,4,2.684822597573367,20.817420278339004,2.77444055896516,81,0,11,8,20.868618860586132,1,1.6141180591878688,No
37,18,Finance,0.3593436373457544,0.3593436373457544,9.080622924285926,1.528200353716087,5,4.018845470623509,61.52374487630261,1.6819537077732463,22,0,5,4,21.180555543422408,3,3.073411034607981,No
46,18,Technology,6.528808047490578,3.0104643201620953,8.192779096906294,0.9032146824350779,2,2.7154045900701425,53.318259752857315,3.5136238222967613,45,0,12,4,12.145039627126824,1,2.575935736772851,No
36,16,Marketing,6.726025388267166,0.5326725576779713,13.62227125152448,2.575482788682292,4,4.17960807067375,39.65758707140112,3.6245589848884396,12,0,8,4,18.60616666807282,2,3.501336305464039,No
30,16,Technology,3.8115008051177046,0.5867095855921205,8.601490435953238,1.4110105933915906,2,1.6879098308746128,69.76879908346254,2.414235735193556,18,1,7,5,23.03976844118321,2,4.041245615660246,Yes
25,18,Marketing,2.56636873292777,2.56636873292777,12.009675906224231,0.6640586706405571,3,2.4102091371189056,89.26047212348263,2.9733194103456038,36,1,6,4,23.530574736753472,0,3.1393190516668246,Yes
36,20,HR,3.04406353304914,3.04406353304914,13.302513541204437,2.1938298896416644,3,4.879058876979218,62.217737988602515,3.5022954946872638,27,1,7,9,45.21263245820953,3,2.898500963509186,No
28,12,Operations,4.126736266317118,4.126736266317118,9.6492585878699,0.9895628617957275,5,3.2167044323256224,49.43994530051475,2.2684142101209215,75,0,9,7,39.10984308834014,3,1.8868966854733804,No
35,14,Marketing,0.41100989431430546,0.41100989431430546,10.887461350304703,1.8678687063484638,2,3.7020970059285174,62.28354725316731,3.4790050802029993,19,0,4,6,31.914990802137048,1,4.220793873635752,Yes
38,14,Sales,24.967776563819886,7.82291039882792,31.10692979096238,4.1463562329871415,2,2.395315779094685,47.33417681527467,3.2327245529229014,56,1,11,3,64.01646251715208,2,2.95892873328035,No
21,15,Marketing,4.599341901527437,3.6536965851849557,14.753940062255158,2.918117653492785,4,4.803689248978362,55.76197473854548,3.102233205972118,65,0,10,5,29.90160943953241,4,4.301932356612783,No
46,16,Sales,4.131382834763244,2.230062475006287,8.412681411075722,1.4582523614268466,3,3.606486103083272,52.080411777656316,4.30917942322585,52,0,10,4,31.19544937228006,4,1.73723174999467,No
32,17,Operations,3.180341101991199,2.004487568257872,8.508823220738613,0.7118529815588112,3,2.583953242417886,65.94753738186252,3.583246494002167,59,1,12,2,73.79148480239732,0,4.019173973052076,No
37,18,Sales,6.719905833137618,6.340940386944616,12.616802201279727,2.2432938399158617,3,4.170531759607005,72.80497934229265,1.88180041619728,41,0,9,0,59.85959075893461,1,2.0469298512552254,No
44,15,Technology,2.4048772062575137,2.4048772062575137,5.429456429263408,0.5893378367325088,2,3.425985720449185,57.90041614362674,2.2026966953940708,33,0,7,5,16.31692039890485,4,2.6779185965524257,Yes
40,17,Finance,5.474309146230499,5.474309146230499,14.069136341194936,1.175497913775449,5,3.4980718516050793,43.04344349769591,3.311052117647036,38,0,8,6,25.699818568882037,1,2.275779841343878,No
41,14,Operations,3.521273643529495,1.9523556180689596,11.662542130888115,0.8145702012900105,5,3.711364440330131,59.578102833028375,1.71184897774194,19,0,6,2,35.36442208345056,3,4.393463295237616,No
48,14,Marketing,4.737183914338197,3.050756878319361,12.809496255225227,0.9162430658239133,3,2.705953561344629,65.30146591778391,3.481092455823506,37,0,8,5,31.536369737434896,4,3.381492245093107,No
43,14,Technology,4.015193195910144,4.015193195910144,14.372890822707989,2.7927426217081206,4,3.59879912701456,87.23761682813647,3.3268619464417344,52,0,10,5,28.86676047127908,5,2.8177459731939187,Yes
42,16,Technology,6.753474017902221,4.440241094229795,12.539725311283902,0.8785289103500667,1,4.100492829985782,42.29105630674369,2.5974303729389026,16,0,4,4,25.36970881469565,2,2.6258484137390554,Yes
37,14,Finance,5.743841734594492,3.186683010215703,15.743282549065624,1.8268431579261049,3,2.8085788683325603,57.612069965484615,2.8838642249152593,21,0,6,5,26.899582036359284,2,3.9775329668980968,No
41,17,Marketing,4.36543247555971,2.982472819663081,8.849408490432841,1.5356646770861153,4,3.2868930550341515,62.61065894821751,3.084770775414483,24,0,6,5,36.28525551728191,3,2.1214902636178588,Yes
38,12,Sales,0.39144138281216506,0.39144138281216506,8.972998908961053,1.7064013949318975,4,4.834372230018346,63.06130009794472,2.6920441349370274,18,0,5,5,52.28420449352194,1,2.3990526368008194,No
53,16,Technology,3.5509219553041067,2.1672421912461433,10.210443648940569,0.65057078438946,3,3.5904939574355286,63.38462658311963,2.200971169457585,42,0,9,3,42.687556007709865,3,3.63516621604138,No
29,17,Marketing,4.027762958200247,4.027762958200247,12.91876446490556,1.7192626818335304,3,3.60926652108041,63.66183005610531,2.5879189853268763,68,0,12,4,52.95451079289254,3,3.4165220857719327,No
35,12,Sales,0.3445384944933765,0.3445384944933765,8.874342345833295,0.4835381371452063,3,3.6970344007339913,69.80263388314705,3.385939946465519,26,0,8,4,23.31781585197309,3,3.929161121219693,Yes
31,19,Technology,6.136245837550705,3.0722232022607687,8.549931139631239,1.6863891748626951,3,3.809267223656779,79.91866193273752,2.483234815354194,59,0,11,4,14.696024100182413,4,4.023190968133188,No
42,15,Finance,0.3233559875937868,0.3233559875937868,7.671666551430867,1.2275385601579674,3,2.5811851279097637,43.879156732045075,1.8785163304038095,37,0,6,4,19.189877807953167,5,3.524919000510901,No
31,15,Finance,4.105701343623813,4.105701343623813,8.613916380775056,0.9564432689432106,4,3.7075478662161334,67.492565561905,2.7097767239651396,19,1,5,3,45.418984660560284,3,2.4598639582576327,No
29,16,Finance,3.60558787367647,3.60558787367647,12.891792759764863,2.3446320168685575,3,3.792330840842839,54.622826795035834,3.0859172276020606,56,0,11,6,26.164258395474384,5,3.159102897290781,No
28,18,Operations,1.2663157885464185,1.2663157885464185,7.532480515941737,0.49515787170776737,4,4.099101299297445,32.09039400972175,3.0141195651206023,43,0,5,3,25.059544909626318,2,2.5624048331883134,No
42,18,Operations,1.5000597056634581,1.5000597056634581,9.392666451455565,1.1930270517825983,4,3.704499447797088,78.99638003328664,3.6143028781324364,39,0,7,3,19.769769974458182,3,2.7440643292455715,No
51,15,Finance,0.3,0.3,9.28453858810488,1.1444089140633795,2,4.196267392039787,60.222966868627665,3.4381420094956385,31,0,10,3,9.62025589736739,1,3.898424696936348,No
50,16,Finance,14.510761414275583,7.281654774414932,30.94243597921911,2.5490436262404232,4,3.2042965171261084,32.87835447480099,2.7169429819741864,21,1,8,6,9.772623372080673,3,2.8436847158214595,No
47,14,Finance,0.43419863099175304,0.43419863099175304,7.8545411455095255,0.7859042214670906,3,4.185757700569614,34.99250940871483,2.3343799372402434,45,0,6,4,23.36440281131355,3,3.0459420256857683,No
31,18,Marketing,6.261523541807846,5.085329807453407,15.522116757039655,1.2170832069287028,3,4.692108475136291,61.73003234284367,1.914644027481682,44,0,9,0,35.94008493004851,3,4.2123021281052715,No
42,19,Finance,0.5442523769980085,0.5442523769980085,10.79768850914814,1.3376926315097832,4,4.1230810090292005,59.106287110130985,4.610411371344639,16,0,5,2,29.621554194486848,3,4.169126087824321,No
44,20,Technology,3.7247109238378684,1.716732362105851,10.063938005572911,1.2955221987743748,4,4.496461048751809,59.276595645423015,1.8859145072644994,23,1,6,3,14.016045862307804,3,3.748917561948255,No
25,18,Operations,10.662526369328791,5.571606033444379,17.46218891739897,1.695079815514467,2,4.084516061549128,43.43314251591953,3.999925816695736,11,1,6,0,69.95661666457161,3,4.306467021538546,No
43,19,Sales,21.259830702317494,8.374352278474232,27.365284195672704,3.25234921978275,4,3.9914746009323134,48.4876786418227,3.286036622461378,38,0,11,3,19.346295948455616,3,2.128371794451019,No
47,19,Technology,3.7296507691671428,1.0023609904713535,11.469378943575741,2.2218709591480224,4,4.38992041584487,74.0745525458721,2.90539100200396,26,0,6,6,52.39853154365996,3,2.562674539465756,No
23,13,Marketing,8.071165537384527,5.708224511132539,17.17142219068951,3.4259564466645958,4,3.899621352873363,81.98357114779938,3.500722239098573,21,0,9,9,15.047723631943743,5,2.3463885648265785,No
35,16,Sales,12.078987714268338,6.874184227064517,19.114587325265198,0.9497971164125659,2,4.370450427254898,61.886776755396276,3.6106811930394875,31,0,8,5,26.455542388453196,2,2.9837273121272547,No
40,17,Finance,2.120050129838864,1.5183144447254784,12.757480061118674,0.9645221942214954,4,4.707185240741766,98.52533877011395,3.407426255150098,31,1,5,5,22.392637506551033,3,2.6313360039001563,Yes
32,18,Operations,0.3,0.3,9.332351472561404,1.1787724690143637,3,3.5180878572633434,81.27490220919852,3.2035376572205343,45,0,8,4,31.949455030555338,0,4.842113277878951,Yes
37,14,Marketing,5.474407350970157,3.5462303545067795,9.418503076739423,1.0652277950523033,2,3.0156151153584996,72.81928230138067,3.4284364485432137,50,0,10,5,14.650696082092264,3,5,No
36,16,HR,1.902517446457444,1.902517446457444,8.439594509935707,0.6893694565167034,3,4.611806474773144,27.347781587748948,3.717380628900208,38,0,10,7,44.806744038941495,4,3.456434655523549,No
32,12,Operations,7.717603490429347,5.284266945415374,14.177023722378342,2.757801928036661,4,3.814077692123496,75.43719354070753,2.815018009215636,60,0,10,8,72.89847142577386,2,3.21592502015241,No
45,12,Operations,3.541767004462736,0.39754812587608523,10.047856035372151,0.5397376912246564,3,4.297191536063375,49.88721667725537,2.5298458839008084,72,0,12,5,21.235377694793907,4,3.247447582381622,No
25,14,Sales,8.914160911217376,3.5099370689934517,13.910286251680153,1.1498470894933022,2,4.5977909131267385,76.79570406040199,3.408832465233739,36,0,9,6,52.194184724435345,4,1.2882572973878752,No
36,18,Marketing,4.147174227522012,0.6790942565605951,9.249737559552214,1.4487181226964843,3,2.80687809367443,65.87007517600804,3.4083662640687895,33,1,13,5,42.290635741186996,5,3.1475421830598713,No
29,14,Finance,2.501363902030595,2.501363902030595,8.342495577101552,0.7212013184122543,5,4.515616849757284,55.13620475277626,2.814922564203768,35,1,7,5,23.349320387677746,5,3.6727741112990717,No
31,12,Finance,2.649099863236915,0.30807034482289214,11.734332681830095,1.602621130017902,4,2.6116133835691437,39.061565551414056,3.0189420965198694,26,0,8,6,30.57945923711756,4,3.7190417945856824,No
36,15,Marketing,4.108365289790135,4.108365289790135,7.445737172314744,0.5051884427303968,4,3.61247897422954,44.67713325523794,4.198206914055038,26,0,7,4,34.07592420777455,3,3.4568954342833056,No
50,15,Technology,5.561113939236575,0.41879734942071895,9.085506631123376,1.73216630917459,3,3.407145537094365,53.2534323570335,3.880954536064863,28,0,7,4,54.91026694500868,3,4.218542271129541,No
27,17,Operations,3.091810294831272,3.091810294831272,14.565578041795114,1.806453847277037,4,4.8901451688565,53.56136268557678,2.4121045957646445,7,0,5,1,25.197405202611456,1,4.43708025684696,No
37,15,Technology,2.7087350296289756,2.7087350296289756,6.562690026031794,0.7908114947781728,4,2.8913696500015797,75.41587807075271,2.266435494213539,44,0,7,6,39.6599817712102,1,3.9024723184259424,Yes
33,18,Operations,2.5329822740330257,1.3845895201545475,14.401290909399625,2.173172368842357,3,2.8932548229767043,36.99681285318466,3.2078005994104575,32,1,7,4,49.01817926799984,1,2.698306101228081,No
35,17,Technology,9.063545075799983,5.591962908021808,10.740307590625678,1.0690833260775046,3,4.416399458123046,43.84909586112381,3.718656520296273,27,0,8,3,41.60674138996371,5,4.4294761814203305,No
41,17,Finance,9.93128580727729,5.883197583074808,11.302606862773704,0.997184457624423,3,3.7305360571174586,54.7447765952849,3.003921453300705,36,1,10,10,16.416428727889997,0,2.901803790261505,No
38,18,Operations,4.642690632608814,1.7653938682625234,9.093932468784438,0.5615841001233468,5,2.8811312797516573,92.49394373702087,2.7115939971939262,32,0,8,8,51.504055716379675,5,1.7565386566652355,Yes
32,18,Sales,2.3954565853065213,2.3954565853065213,14.546848926636665,2.386817744544937,3,4.589657134190533,88.26157740710664,3.305422400265195,28,1,9,4,24.89861813530137,4,3.620481646957261,No
38,14,Finance,17.864647465827968,3.9018453012652135,29.983793813430584,4.307582374550268,3,2.780762023021469,65.08166323180616,2.1007824696276653,30,1,8,3,15.83996655384756,4,2.2461025535033556,No
41,17,Finance,1.1609472804770904,1.1609472804770904,9.93356070749177,1.4590258460543801,3,4.182703579516904,84.22125339692333,1.6569481930856391,25,0,5,4,20.732149901982954,5,4.041601173831954,Yes
31,15,HR,4.1590745158552265,4.1590745158552265,8.110706075590533,1.0553638679792605,3,2.5047512961565457,58.36164027047132,2.7900530984352923,48,0,8,4,32.80338746346468,4,2.2060181842324473,No
42,17,Finance,1.6153032916296528,1.6153032916296528,10.392504251128267,0.5509036555722262,2,3.2858840138750325,97.135450078925075,2.7292298061303,30,0,7,0,6.450534435226396,1,2.145948483128282,Yes
42,20,Finance,0.49937837944798974,0.49937837944798974,9.2807262067774,0.6237280869374883,3,3.8025634361019103,41.79375134670454,3.089203709054024,50,1,10,2,50.25356426967416,4,3.8368600678013474,No
38,16,Technology,0.3113128045888409,0.3113128045888409,6.116623068062562,0.29893156341483706,4,4.759469962221056,52.474902295402366,3.088038220860631,15,0,7,4,40.51300611701381,4,3.86109267510665,No
37,20,HR,0.4586578969207993,0.4586578969207993,7.252435320179647,0.601630188867267,3,2.7009559179543885,67.12213138067102,3.7137697992472547,44,0,11,1,13.320329665196338,2,3.1127411525753614,No
40,18,Finance,1.8748314671830304,1.8748314671830304,12.361557582601591,2.3797649028600003,4,3.4832686725936295,70.2536623710431,2.398802776789843,36,1,9,4,21.955125194032,4,2.3959502585772996,No
34,16,Technology,5.52890294247845,0.38656540832580705,10.812413450602536,0.7907627469228323,4,3.572980363962978,37.88817565602442,4.912766755185384,21,1,8,6,20.97183765189906,1,2.771977046490001,No
32,17,Sales,2.016381300800555,2.016381300800555,10.42443466255004,1.589962168077172,5,1.8241872142147049,81.97277266568305,4.09129365257299,11,0,4,1,17.841736756333223,4,2.0298330270580496,Yes
24,19,Operations,3.1050199263365688,3.1050199263365688,11.803210288642996,1.649568406827094,4,3.19820716772864,40.03959736191153,1.3000880479460835,48,0,10,3,38.861823018581504,1,3.269298352595708,No
34,15,Finance,5.3701398714751125,1.5705745565421996,9.09092826142899,1.4214038458454559,4,3.7272143139808405,71.606739770563,1.7162362862116385,25,1,9,4,26.176868170500565,3,3.950310372104805,No
37,16,Operations,2.0372955982984795,2.0372955982984795,11.044760241735542,1.0383021022945262,2,4.113592260663851,70.74833674365706,3.2336711527105977,36,0,8,4,10.620445233039206,0,3.692458307510092,No
31,16,Finance,0.739482516311084,0.739482516311084,8.564587968812544,0.4689660992944271,5,3.4082550913565823,72.47297797818814,3.6054714899597413,21,0,7,2,36.008596377540336,4,4.5957577008582815,No
26,18,Technology,0.30035383036974245,0.30035383036974245,6.147920657460739,0.4520435329887653,3,3.212631470706348,55.361814253838425,2.8840409201883177,9,0,4,2,7.517409134216448,1,2.615420267836827,No
22,19,Technology,2.024581269899331,0.4059391243618898,8.108041216396256,1.2106994581284245,3,4.4131988656414904,59.21859008501581,3.1220271071681083,23,1,7,7,28.426846183074026,2,4.294121105677591,No
39,16,Finance,22.769890039766892,7.052917911541663,19.902561528808004,2.494006272344734,5,2.618391684425106,38.89826632440964,3.8510337209729473,24,0,11,3,42.77690951711709,2,1.4709660520835504,No
34,14,Marketing,10.042064959699522,4.136395137987757,18.692748339273518,1.1061216708950508,3,1.9060359595094984,54.37801733410315,4.282826442123411,42,1,9,5,13.133928985067561,5,3.495756589658897,No
37,13,Sales,0.5593429409420392,0.5593429409420392,12.27454231431369,1.2280631613742428,4,3.8771529431034835,55.80154549412563,2.4087250900655084,29,0,7,3,51.23034516984411,5,2.587014252201568,No
42,16,Technology,0.7746323709598292,0.7746323709598292,11.824767411560478,1.4713027499105173,3,5,70.44566691279994,4.8927525078078045,50,0,7,4,39.16511608281962,0,3.102502181893409,No
39,20,Marketing,1.1954700160722642,1.1954700160722642,11.937987410219172,2.202070195652419,3,2.807969466441979,50.32953315695014,3.711852380639003,50,0,11,4,17.827066328855985,4,1.825550900990901,No
28,14,Sales,1.0813952174916117,1.0813952174916117,10.717239355715702,0.8637635430624043,4,3.1129639998668073,25.93625780948457,2.0048515125147945,31,0,7,7,30.300153469693655,0,3.0970876122671895,No
34,14,Finance,2.312800854663123,2.312800854663123,12.480823369926528,0.9134575960415026,4,4.380449568642641,65.87814874894181,3.2101148172990657,23,0,7,3,35.69124275719471,4,3.993388571856196,No
45,18,Technology,4.914050802523883,4.914050802523883,9.172176842503688,0.5634128164552075,3,4.2005045469110245,73.47186746852306,1.996322946982774,29,0,7,5,25.140485811877657,4,4.569741233219201,Yes
31,13,Finance,4.387700596068379,4.387700596068379,15.010794210811458,2.666696975198532,2,4.76836158618678,58.747101377391544,4.085556298508192,27,0,7,4,75.13646238041284,0,4.993518703101778,Yes
37,18,Finance,1.6019338461102,1.6019338461102,9.132109979220813,0.8067573332857231,2,4.0967284755608615,60.539921172716056,2.7876592325403533,56,0,10,6,48.004893907768405,4,4.367595919499859,No
33,15,Sales,8.896187354381308,2.4158837501496326,15.347834344971368,2.404408161541963,2,4.116414715248756,63.20919517474675,3.0196993472900107,29,0,7,5,79.53656282369938,2,2.384861509763801,Yes
22,17,Operations,8.984171760815068,3.760372359009691,17.58791545324142,1.6500176581957045,3,3.090207870104112,52.57176489161476,2.330152410277908,52,1,13,4,23.00477060568384,4,3.7883405961950523,No
45,15,Marketing,1.7985044706325743,0.3,7.265421030203308,0.7220390913897151,3,2.7637580016825067,61.44937078087908,4.219133749068876,56,1,13,9,38.68067285657251,1,3.5281915881999533,No
27,15,Marketing,1.1671932435003156,1.1671932435003156,6.763468864667804,0.7815030730640813,5,3.8073353420482423,68.07941830486293,3.810294894286383,24,0,6,7,15.019446669526015,5,2.9460858274828303,No
36,17,Marketing,17.360590883167866,7.044175535290479,16.279054549811526,2.6836128873914045,4,4.290860334274617,85.96625947737056,3.9064953471656305,8,1,10,4,25.05535206181214,5,2.4383879473660546,No
30,19,Operations,7.718085338623641,2.7515280880550623,12.68262842444301,1.6621095386674798,3,4.294434136187737,48.91865717670045,4.205093637856993,30,0,8,4,10.937485828919522,3,3.997112985799245,No
29,14,Finance,8.014141012062128,2.0859043220415736,12.563197664168229,1.6251505487451585,5,3.2968388341112003,48.5556934346238,2.1147330179166004,18,0,6,3,79.74248897792266,5,2.533827746497556,No
34,18,Finance,12.459630313451807,6.066713515201097,20.36040350051245,2.453018000128633,3,3.698151118640811,56.966124443865525,2.8986823151558587,21,0,8,5,7.239792360670022,2,3.4545690388577968,No
28,15,Technology,8.102392166447443,1.0378218911054373,14.797271619496804,1.004441926920714,4,4.009660262402181,89.15633899766713,2.3768692105321207,33,0,9,6,32.887540474624686,3,3.1543511828202067,No
41,17,Marketing,0.7904443787739364,0.7904443787739364,7.930950589875374,1.467068714960998,5,4.097220801852979,73.36886909928907,2.8327416332459863,24,0,4,3,42.57401392891992,4,2.5616817819580593,No
41,18,Operations,1.747205131407749,1.747205131407749,8.12050652613002,1.4392996438138037,3,3.4907024289332114,68.52078681850016,2.861961902448942,32,0,7,6,57.91105194021459,4,2.078464079611486,Yes
36,17,Sales,1.7365408535257367,1.7365408535257367,15.22473492184455,1.5252961594475019,3,3.4949554440379207,41.75976990221908,2.784043963614447,14,0,7,7,50.92286912660802,5,3.5003206336191495,No
29,13,Operations,1.3503590017970324,1.3503590017970324,8.914586161269565,1.0527895356663117,4,2.5209233205795774,72.54457834358779,2.499567966198479,42,0,10,4,10.190589206957052,3,1.5799601390994018,No
33,14,Sales,1.1151612799818083,1.1151612799818083,5.606180754992848,0.5772263166137532,4,3.5008926949104127,79.32594637375313,2.5086451917754222,26,0,7,5,44.44873279506328,4,2.809507524687087,Yes
41,17,Finance,0.36961525221077646,0.36961525221077646,8.871387235404047,1.1098211435306704,3,2.5866601255203285,43.662939446813205,3.60386924925712,26,0,7,7,31.486461723855037,5,3.92290316261036,No
21,18,Marketing,0.8043316459601377,0.8043316459601377,7.177070204844038,0.7083531569766344,2,2.892420724244426,60.76873427683028,3.4042081129590898,11,0,6,2,4.457504102623361,4,2.7399358518740904,Yes
41,17,Operations,1.300167309722988,0.48900427245355804,15.545475655436494,2.665957560242219,3,4.317550246606959,69.22995796180096,1.4025963377978548,30,0,9,9,33.419767808307746,3,3.0895498956454897,Yes
21,18,Operations,11.830480898214722,1.1494676702183626,24.119679808879827,4.8066414507540625,5,2.908598584203491,53.39448889769339,3.2293769268873556,28,0,7,3,67.8037877701313,3,3.558261681118541,No
27,18,Operations,6.627105243153172,4.590698435565907,10.45380946574551,0.6172364442539114,3,4.548680378929552,54.03088793036258,2.7746112947863586,60,0,10,4,43.59258161068851,1,3.472630370052044,No
28,18,Sales,4.819387664510682,3.4745955344658714,12.818791079184747,2.288125671485156,4,1.7977753570861563,66.9597935972105,3.812018649303694,27,0,7,8,22.92653647803418,4,3.518750525328222,Yes
33,16,Marketing,6.341460378754152,6.341460378754152,8.85437821354147,0.6278464814024362,2,3.117977524562873,62.26452190065971,3.8962071362236044,41,1,9,3,13.761910321295733,0,4.287254446482285,No
43,17,Finance,0.8186269411124245,0.7537610192729309,7.452129485339691,1.3096614575247103,3,3.658714282159884,59.06504204236191,2.911031423394003,30,0,7,4,13.389610323188792,3,3.8102531609039234,No
31,12,Finance,3.2487973401943555,1.8626719992987177,9.2404807317149409,0.7891874650996624,3,2.905144728110248,63.40330095798925,4.909957242296251,20,1,5,4,17.70951480253366,4,4.044948032906449,No
47,18,Sales,4.588316036948337,4.588316036948337,12.37871517356768,2.199469896124663,3,4.958628275584362,46.13194106432354,1.9878405335684535,20,0,6,1,24.673903537445046,2,3.683225928042731,No
37,17,Sales,8.31669148652383,6.062942165942119,14.305821382921843,2.726986375482803,3,3.0713958525297187,65.23462446281754,2.1005307421477224,20,1,6,4,21.540277172349317,3,4.86966678882179,No
33,15,HR,5.020121682011872,5.020121682011872,15.915058233131106,2.271066885592395,2,4.9985798502730985,55.850654350596095,2.7219291132576724,12,0,9,4,11.978283558079967,5,3.7527855177317955,No
42,17,Technology,15.536534342291818,7.969864082931892,21.858818724218455,2.45851958060966,3,3.087811607215987,50.46163148352176,2.7949923906802585,13,1,6,6,30.24802222571793,4,1.8389563906508393,No
42,14,Finance,0.522484683139179,0.522484683139179,7.387802921416158,1.1232902211506262,4,3.608232335595725,95.30373172462,3.1024011302111285,17,0,4,8,24.841827623596398,2,3.92374282617399,Yes
29,18,Sales,11.096191788796453,7.595036246880547,22.15672743765423,1.8661368075951483,3,3.764173707715582,40.263218419289835,1.9910259339666228,29,0,11,3,3.758835220563389,2,4.154780158972096,No
29,15,Operations,2.6562558531920097,2.6562558531920097,8.997646868569658,1.2788867148777354,2,4.713657721128823,75.79947963632205,3.598693489036432,15,1,4,7,8.54831707210118,4,3.522857055589706,Yes
34,16,Finance,0.6787025973142014,0.34679813713872026,7.790715626319331,1.1887525388399585,3,3.1946548562894854,51.66406771284009,3.2158777898560817,84,1,12,3,58.2001861387966,3,2.1824958819887286,No
30,15,Sales,1.2671950315907563,1.2671950315907563,7.050031534026524,0.690756270624023,4,3.095097518385543,55.04688992734206,3.57516071244639,31,0,9,6,26.220912543476842,1,4.970227870477012,No
30,16,Finance,0.7277267566849192,0.7277267566849192,6.820116935371084,0.41221860002323235,4,4.2127152477302925,90.98829983847357,2.7904787537009583,36,0,8,3,7.0276951605136,1,1.9937556406459271,No
36,16,Technology,0.771277525942049,0.771277525942049,8.14587087890663,0.813579794643448,4,5,46.77162852178934,3.583443190663768,55,0,9,4,12.152715585427199,0,2.4722659131748403,No
41,14,Technology,25,11.400922796923679,46.26485289198388,8.464451164489542,4,3.9938290449242686,36.39732526707006,2.1088821523994614,29,0,15,5,31.65074886421906,1,4.469822914175972,No
28,17,Technology,6.170815731064973,2.7679383100999964,10.091121731412969,0.6088697132782954,3,3.585987004302897,45.11674700883809,2.1911468932824154,26,0,9,5,5.934854353517008,3,3.649780776618838,No
38,15,Finance,12.348781037733296,0.3,23.629680325204408,4.585635348868123,2,4.384932165110149,66.55132363097957,1.9814192384854434,24,0,9,3,38.89562531224085,3,3.7402506954165733,Yes
33,18,Marketing,5.828753358957016,5.828753358957016,12.788408913834434,1.6961897944074178,3,2.383235805614045,73.5949000071894,3.3154734422510304,26,0,8,2,40.88210485401769,5,2.8657234650190064,Yes
27,16,Technology,0.9408771754021799,0.9408771754021799,7.9888490561999985,1.184206682905663,3,3.419225567817554,72.27862273671224,4.685653640136637,37,0,7,7,38.305563479230194,3,3.4172025265956796,Yes
41,14,Finance,0.7337303608929245,0.7337303608929245,8.291186286515492,1.59875522315127,4,3.499581361085336,47.18512649103176,4.22106879217819,35,0,6,5,43.06516432213199,4,2.7933763641636893,No
34,16,Sales,1.1647520603678525,1.0127730535681077,14.448934155107091,2.715729412155268,3,1.7953503089070064,47.78486068753429,4.186609571516685,32,1,7,3,34.37231967210448,4,4.133959205357831,No
28,16,Marketing,1.7147701045976367,1.6206852512039276,6.950574715220632,1.0713326036936452,3,3.6959449227586467,88.08106668615385,2.447332447653068,25,1,7,5,27.63923858075514,3,2.0737279111535027,Yes
50,15,Technology,0.9496599911519521,0.9496599911519521,12.22168477052317,1.535037796066006,5,2.492678341210584,49.45062993480223,2.3956701266146285,15,1,6,2,23.402337172165474,4,3.43822432102004,No
34,13,Operations,1.264341051566728,1.264341051566728,4.612653769020891,0.4235391633044206,3,3.39667158912179,98.28533022086526,3.498416431382338,33,1,5,3,9.677252440408797,3,4.040400132993651,Yes
47,18,HR,11.71943442252544,2.964689275566102,17.851609880751983,1.8847067579090817,5,2.806574800821434,47.90896480528397,3.185984382704197,27,0,11,6,16.564783909992936,1,2.883627518410456,No
21,14,Technology,4.2525816960509815,2.1738337502007554,14.712179629406508,2.1502819445152306,3,4.012330784501553,47.6365927429966,3.100242318278231,39,0,6,7,34.14146471563663,1,2.534066843974331,No
48,16,Technology,0.8174632831377132,0.33371284236336096,6.6865355272635965,0.6611901185500498,3,3.7001982843607175,79.13973446175461,3.790247633671012,17,0,7,4,9.037958807413608,4,1.8565773372100993,No
39,12,Sales,1.6935529262967424,1.6935529262967424,13.955802132691305,2.733095993666705,4,3.2188285515054162,74.23375314260004,3.0711000615477437,42,0,10,5,26.36944033377279,3,3.2015672773008577,Yes
41,20,Sales,0.977871449759705,0.9219824204203466,8.346393624002427,1.3453386247416255,4,3.8154491130628525,15.27177558300916,3.790610775022172,26,1,7,4,27.622666807051417,3,4.65255239362622,No
32,18,Finance,1.7421105183807823,1.7421105183807823,10.22833010274014,1.8696127288552504,4,4.104696975423319,80.42623214743243,3.3076859484132513,16,0,5,2,13.28872579021325,4,3.3141875183129894,No
32,16,HR,3.2367626426622653,3.1425990026407145,9.04780056681113,1.770510655391734,4,3.200115703479625,64.90081075966015,2.464591892872071,15,0,7,5,26.402565038924426,5,2.501443221425079,No
33,15,Operations,1.937253467334726,1.937253467334726,6.762463907032531,1.311446761911428,4,4.090218183817462,20.656929091829614,2.9797594865066928,80,0,11,6,38.98689821106945,0,4.143958359734903,No
50,18,Operations,23.60503160610023,7.825429992205834,44.64809340239867,3.8107326237081103,3,1.797802952324837,34.515217752360286,1.8014327045344012,19,0,8,4,2.6893416586315104,3,2.460275522255072,No
35,15,Sales,1.0252518872368188,0.9849660056944901,10.09356614162131,0.552734701439411,4,4.018570710996269,62.447796530898394,3.4981777667501928,20,0,6,6,13.385812312484433,1,2.9722074206513422,No
47,14,Finance,11.167009958845208,2.5492622931663593,19.333104246300646,3.8142955100587455,4,3.2012559008514962,49.01374852872367,3.3420574020613008,36,0,10,6,22.68282299981398,5,2.0920486783166496,No
25,14,Operations,1.9871204944316654,0.3,10.219200062468385,0.8392834904892769,3,3.594230566732745,40.67936943231694,4.614639451850305,14,1,5,5,28.220289452603453,5,4.105513376562319,No
37,17,Marketing,0.38881758149527396,0.3762956948306908,5.100329319889731,0.7842705279107989,4,2.9927028055013185,71.9321064133119,2.193210043015231,14,1,7,3,15.784509297709631,2,4.447809911795499,No
37,14,HR,1.5491268273585563,0.3,7.928095510191974,1.242779664980906,2,3.1063024597765176,62.07336449068773,3.809940838511296,40,0,6,1,32.99498365602491,3,1.479209217857992,Yes
39,16,Finance,2.373242352758112,2.373242352758112,9.378801142594584,1.760515195318874,3,3.1268787028515534,53.36689559348255,2.806889440957083,29,0,7,5,32.007350618056066,3,3.6194778770984266,No
50,20,Technology,3.4895709174973693,2.4039208841383948,9.24748297914069,1.5584986348655685,3,3.007895504940608,35.89672024723148,3.0967579894490282,45,0,11,0,16.39787997571776,0,3.157224423146081,No
21,17,Sales,6.8861274590000585,4.390709174525467,7.874818891463622,0.6083180718902488,3,3.7702618858717813,61.78579992150723,1.4003492806397526,30,0,9,6,23.600258641814836,4,3.4100302030788696,Yes
46,18,Marketing,0.7264405341547058,0.7264405341547058,8.285659391646627,1.486145725976741,3,5,94.36406234644465,2.6822418907882435,37,0,12,4,20.79614379033398,2,3.496574241554444,No
34,15,Sales,6.1594633494524835,6.1594633494524835,16.764055485147676,1.5346741638714798,2,3.50196834638405,65.08384510588101,2.497229228000896,64,1,11,1,45.2295229247347,4,5,No
46,20,Sales,3.4619295628087374,3.4619295628087374,11.14207864310533,1.482801078237327,2,3.596853990388622,78.01164654843245,3.20610964204707,30,1,8,9,35.34528002255589,2,3.908566588449573,No
36,19,Operations,10.209562539234936,6.648965490565751,12.281770466059713,1.4947533049361348,4,3.913646369612544,43.393551203376305,4.717631485329414,18,1,10,6,12.83005789341971,5,4.492166203150257,No
31,16,Operations,1.2214486686695196,1.2214486686695196,7.083685262190911,0.7604117591745871,2,4.795676005241748,49.94041497496822,2.0391149191692506,17,0,5,2,67.15878757717931,4,3.576098944546751,No
41,16,Operations,8.499941406364318,6.624548035248164,7.427603631138421,1.3729752280279035,4,4.394434452227223,60.73932463261267,2.6016353571883353,8,0,6,8,22.695359797596364,3,4.046838431270708,No
22,19,Technology,4.57891799804457,4.385059520439777,13.816211191736574,1.9885439838390857,2,3.0143389353096084,78.865590187982,2.289915667039531,32,1,7,9,25.111601889081903,0,3.133596297905296,No
40,18,Marketing,7.140487881038708,2.2341054472033157,14.822842159188491,1.095939984827748,3,2.269717940551716,65.69860774839407,4.201586693509026,53,1,11,6,48.02815920699217,3,3.449097590720176,No
35,17,Operations,3.632956340562541,2.6495558638457206,10.2319126359869,1.2314506773724916,4,3.9009595085519733,15.798629458981917,4.306893527845458,35,0,8,3,37.12090309602134,1,3.988772150731655,No
54,18,Sales,7.084288454470902,0.3522427134588692,8.355850882656547,0.5054275871802504,4,3.6064441780977416,61.83977379027236,3.307701980966553,21,0,7,4,19.768173861064966,3,3.3614361449225956,No
31,18,Operations,0.3,0.3,9.953371778578127,1.666231564535554,2,2.2701109612420205,79.31078670761632,4.101367505070884,6,1,3,9,6.925412640050631,3,3.320977952100903,Yes
39,16,Technology,11.688309207935458,5.747143837688839,16.881046233237754,0.8823802004860595,4,3.899344316156544,54.6931830037826,4.061951332043938,21,0,11,3,17.311240790266986,3,4.775878660810699,No
35,17,HR,13.194406305369723,8.050371745641643,12.426096487279038,2.309242071676586,4,4.60815119724324,53.83468401052337,4.6033372571612015,26,1,7,6,34.23381184943173,1,3.0260441873262587,No
36,14,Operations,4.372597377446192,2.189179413155556,11.003512664078896,2.1515126958770145,3,3.8950185742506824,68.53025526987135,3.012516257728851,17,0,8,2,31.82769674893755,4,3.516507990719846,No
22,19,Technology,12.285656571993453,4.606271357123353,22.811653817568608,1.260709274973408,5,2.2978914382464515,47.44470424909217,3.605235114659431,57,0,11,1,26.39927188777714,2,2.910033204122684,No
45,20,Marketing,4.492672504259772,4.492672504259772,9.747406950387822,1.5517545151312322,3,3.611703457698586,38.96332681718576,2.8650155029512394,40,1,9,6,34.447697334306156,5,4.062988456199522,No
43,13,Operations,0.3,0.3,7.168473876471836,0.7641746566949235,4,2.2941196960830728,69.79439236691204,1.9214829148500021,51,0,11,8,64.23317440901052,5,4.060452694681251,Yes
34,16,Operations,2.087299714404684,2.087299714404684,10.275621478184485,1.2335046914173102,4,4.885521166044787,78.5632509754879,2.0051493029012506,12,0,3,2,36.32249311315122,4,4.109965909948738,No
26,18,Marketing,5.56417691187072,2.3381956654018548,17.166415160119158,3.1764459981112276,4,4.098690068828277,70.79713739487951,3.5058495076253475,22,1,6,5,21.411081558812423,2,3.9834531256753736,No
41,15,Finance,13.014513199045705,5.567429826728383,14.336019264427408,1.2165420016153605,3,4.278597124399979,52.45858999620065,3.214081272383413,45,0,10,2,12.062610858612096,4,4.438499920287454,No
42,15,Marketing,19.52515144236069,1.9113343168154566,22.925836830898838,4.0609641741351945,4,3.91011349092469,54.37082122057447,3.436980380612742,19,0,9,3,13.01863118981704,3,2.9556175890917085,No
27,18,Technology,15.40987549109258,5.31633226201188,21.60276954836359,2.1385878088788624,2,3.18671917297979,69.2627840019368,3.102128705933748,58,0,10,6,23.597487315397235,3,2.969560369629521,No
40,14,Technology,2.362604519433598,2.362604519433598,12.823854933862298,0.6599622282077496,3,4.1236464873594185,34.55896526383096,1.818100310355552,25,0,5,6,38.42249036891247,3,1.0183282613078715,No
34,17,Marketing,13.19261998855266,6.833126638669996,14.399011401239528,2.3920030326489843,4,3.5127350096192447,44.207866786602956,2.7027647607066667,57,1,11,3,11.07609646821108,4,1.8480704971731776,No
52,16,Technology,3.561004189938549,3.561004189938549,11.739476813514452,2.1802678316199513,2,3.5265991223644866,54.407653955096954,3.328328698611369,61,1,8,7,15.543902693023348,4,2.1088198911928666,No
48,14,Technology,3.9657891187201244,3.9657891187201244,12.061446369024603,0.8306271849847249,4,2.068523602883605,68.28289498410845,3.5155941399890867,19,1,8,8,68.68196877018431,5,2.755148838184592,Yes
26,14,Operations,11.711898182755483,9.464733915838,15.352801257980515,2.3383229470143365,3,2.7954681295822064,71.67296105350108,3.7006242030245975,44,0,8,6,32.10086554826386,3,3.1772658345067186,No
39,16,HR,4.9600274624311815,4.9600274624311815,7.182649220190886,1.2715722576964914,4,3.487712352920343,60.098311226176456,2.0130146274235083,30,0,5,3,37.774668336696145,2,3.560225155214226,No
31,16,Sales,2.8677736143376036,2.8677736143376036,8.780910628677212,1.5000851982179373,4,5,34.31721973931437,3.981136361122524,30,0,9,2,57.27500196917147,3,1.9998066209650527,No
46,17,Sales,2.5892743397967646,2.5892743397967646,11.66439883073557,2.232193630493255,3,2.4852753767809608,66.10064973710665,1.727419681914956,37,0,5,1,35.88828663192309,1,3.6549709664501973,Yes
28,17,Operations,1.4716605037435422,1.4716605037435422,7.67673932832422,0.5639812920976215,4,3.9903591881557063,80.56353165454881,2.3877583994275757,59,0,11,2,24.010356901512875,2,1.9447682955868393,No
34,17,Technology,0.8280219572732435,0.8280219572732435,8.780404228514659,1.2910677514585802,4,2.9142710295391434,65.94143545900022,2.578663051244733,14,0,5,1,13.27943420047088,2,2.0908047138986534,No
31,16,Sales,17.13735362060793,4.939437014596397,14.3143620650579,2.1756365319344493,4,3.9075425322139052,52.97397364764173,3.6790925823388427,9,0,8,5,32.19024383018424,3,4.3679769488067635,No
36,15,Sales,4.0605699780899975,4.0605699780899975,10.56771490756502,1.9408353009474437,3,3.891449390643668,59.69188246357813,3.6884357673821158,69,0,11,3,37.81534076473102,3,4.1476022155998535,No
32,17,Sales,1.3607337695285369,0.3,9.932207148773573,1.6721809489461537,3,3.011873108208356,67.17958687709806,3.00826519494229,36,0,6,7,30.158223250888827,5,3.9274032802777876,No
21,15,Finance,1.0394658310707472,1.0394658310707472,6.390077661793754,0.8755695581508939,2,3.7009841449757133,40.69087556370943,3.6097276606772715,23,0,7,2,24.919552161876844,3,4.220460569675079,No
21,13,Technology,4.670655024034537,3.490300699269688,9.497125041332996,1.6672600758803116,4,2.9852502121399556,64.48207244241,2.337659953747884,29,0,7,1,20.89631469928869,2,3.4615549657846185,Yes
41,15,Finance,15.466703560579623,3.3462770042332757,26.96259195058729,3.7453289078739687,3,2.4933480273239494,67.5955651258882,4.4000011098160865,27,0,10,1,21.76375174399752,2,2.5669381325507312,No
48,14,Finance,18.402640834718337,5.443617461525042,32.18023359137639,4.558054007201556,4,3.8126251579099635,57.954447509281394,3.697268587287791,21,1,9,8,44.43971880738406,4,2.803402665772771,No
27,16,Finance,0.9433538110998411,0.9433538110998411,6.354341228050187,0.4928546530578944,4,4.390333690855332,71.66100112900278,3.0996814944492113,25,0,9,3,14.85514363844888,3,3.9461313072180797,No
27,18,Marketing,9.122588747613207,3.6056329298716103,12.484661092311484,2.1295121987059984,3,3.612767953524026,59.461686426559254,3.3063435990831045,19,1,9,7,19.291921859998432,3,4.031550373012334,No
51,15,Marketing,1.9564054587134192,0.3,10.375909239809358,1.903366071555481,3,3.8669556879262035,24.66073717465996,2.8956877690748866,14,1,7,3,14.725854360590846,0,2.538827468525418,No
37,17,Technology,12.34567410232082,8.44451827972659,20.24113069863281,3.362832957694342,3,2.2852624756360687,71.13091966868139,2.1101227533089886,82,0,15,3,33.377660836682416,4,2.7956248739387237,No
21,15,Technology,1.54853886296719,0.6033038956833473,12.429331598021765,1.633955844381883,3,2.8081660062937077,79.54392466588781,2.284734674934053,35,0,9,4,23.232377077671433,1,4.148823531628968,Yes
47,16,Sales,18.662125310573977,9.61191793788049,28.41795454424071,4.691192504637593,2,3.2824439245528794,59.7699932742413,3.278681539001557,50,1,12,2,37.46105737489845,0,3.077870951159743,No
34,19,Operations,5.301206431633938,5.025773328294231,10.157952292115887,1.7305997212541824,3,4.819519682838429,70.80250438133615,3.7247237678112963,18,0,6,4,80,1,3.311107951990601,No
36,12,Sales,0.3478557842214989,0.3478557842214989,8.127393004254955,0.9141504408103549,4,3.683431320759599,62.74620076906013,3.5649733633058003,23,1,7,4,10.359346504847386,4,3.1270503900328586,No
26,19,Technology,1.4331746997719215,1.4331746997719215,12.003169077860631,1.1028650633415213,4,3.202264875462098,61.81517237412078,3.6702583785267295,40,0,9,7,33.22750628513353,0,2.213058496983598,No
45,17,Technology,19.53481869856069,9.804456453539167,28.81625028282657,3.4710590077517947,2,3.809198372163331,57.353954083807814,4.299996128255172,34,1,11,7,44.80315268664442,0,3.5007092367009185,No
41,13,Sales,1.5939727754690716,1.5939727754690716,5.798382739558709,0.8447755291338601,3,3.500212953198969,73.98014865835214,4.912326576821813,26,0,8,5,27.970364350587598,2,2.375945884505563,Yes
26,14,HR,3.8838840183571084,3.8838840183571084,10.837018572207288,1.4177372578662655,3,3.888670555096768,61.438341561480584,4.10567152344302,21,0,3,1,34.266961915788556,4,4.980870118526078,No
30,15,Finance,21.333910366189865,9.334295141041634,22.47034208949065,1.5572606588557731,4,3.5854527183185803,23.538970650117317,2.61896895970196,17,0,8,3,43.05133961145544,0,4.422742489091916,No
33,16,Marketing,0.3310922716155789,0.3310922716155789,10.281618637930643,1.4017903909364213,4,3.7822454266753076,55.637570270731246,4.027790720830962,88,0,13,7,13.46043528531408,4,3.596681451940827,No
38,14,Sales,11.51390195071721,7.840643001433156,18.170067339922305,3.299470844703686,3,3.500050877566444,48.363246039951505,4.988258395562847,27,0,7,3,27.88821815894143,4,2.9595559875412314,No
31,13,Finance,3.598862060243286,3.598862060243286,14.666025648260252,2.192497493386983,5,4.005062486690058,66.56481686428904,4.514702070777953,36,0,7,5,75.65427964222776,2,3.2868746861627334,Yes
35,16,Technology,4.738536047520332,3.142897198289303,10.673427656465496,0.6941530283376325,2,3.2998845779263988,33.07229281583217,3.8948588426643393,27,1,6,4,15.236246975293417,3,2.5123031981744317,No
37,16,Operations,11.528060660954793,8.249989850085491,21.15112486103089,1.6588479343265556,4,2.677522913548776,83.3859060429178,2.917913950987641,17,1,8,2,22.32317792089142,4,2.3996828890810202,No
34,14,Marketing,0.8381582435784538,0.8381582435784538,7.951878996263233,1.0511048164128836,3,3.0331323403702926,48.957199727772455,3.5314486541195906,26,0,7,4,15.569672968759724,3,4.498932389134714,No
31,17,Sales,5.989324859333307,4.73204044953629,9.857963208683637,1.2862123377752281,3,3.31043128549888,71.49027608444845,4.08455122747829,36,0,7,6,24.81838114244636,5,1.5877605294671744,No
31,17,Technology,2.7064643228106378,2.7064643228106378,11.175183821589476,1.5196970166425696,3,2.274153300184774,77.00520190033188,2.501343855479035,29,1,9,7,26.800900792701043,3,2.653780098941365,No
37,17,Technology,11.118535382363179,8.629383585482124,8.127405403649938,0.8587596917659888,4,3.6941373196051925,53.90740951123001,3.5006501996256767,41,0,10,6,16.126459862871243,5,3.5681757306237993,No
33,15,Marketing,1.2146792776364217,1.2146792776364217,9.902692015600888,0.6362140475950793,4,2.7852503251141196,56.250514730887126,3.645906919873317,17,1,4,4,37.263389727254676,4,3.4717928879209285,No
35,17,Sales,7.950941751145823,6.190227430787618,11.643427823139895,1.9066093975976772,4,3.3920907123018122,29.857072701613294,3.596476315030371,13,1,7,7,23.26939207104433,5,3.3162653656734933,No
40,16,Technology,3.2943697149940765,3.2943697149940765,7.523384954011411,1.3638868241464266,4,2.8072125140064568,63.02408993973849,4.110446252799876,28,0,7,4,25.953927471595666,4,3.0715244671328845,No
26,16,Sales,1.809483006974566,0.8033290218621661,7.532263964437847,1.1225067383608809,4,2.5893624797192643,50.63672650324187,2.0004689622129694,21,0,10,5,13.717146263052168,5,3.3980076474643193,Yes
36,19,Technology,7.130337784728581,4.8403998757381554,11.712070297591593,1.328291975177204,4,4.185165388881391,72.24647197449956,3.8999273547228044,43,1,11,2,29.96499269266693,4,4.1759109996100054,No
43,20,Operations,5.294443737709543,3.107146383628709,17.398505452680993,1.1333941013109756,3,4.29982104125047,88.84775106950502,3.3985762866263634,39,0,9,5,31.464745192927374,0,2.149778855972185,No
38,15,Technology,7.264229428048654,2.375927206991985,5.760979967207504,0.37243767659920757,2,2.8032800203481654,35.12575636836311,2.5033405121948555,53,1,12,6,26.70967201255491,2,3.645890706384581,No
48,19,Sales,6.433037286371369,6.433037286371369,10.073157450949758,1.5357039618362383,2,3.8093401014363373,65.27084883140225,4.116791387043952,29,1,7,7,57.73549298939299,0,2.267354947011015,No
49,17,Sales,2.83180996540009,2.83180996540009,13.725966587166932,1.8394805778167023,3,3.827290624939566,59.42318220682562,3.1180581754899737,29,1,6,3,40.205694431448755,2,3.3007404181202524,No
32,18,Operations,12.512355607578574,2.365522913172543,23.40238945529037,1.3800363448715633,3,3.6254256568386527,46.08194784056763,2.676694472334917,51,0,9,2,26.391927278937672,3,2.5447765645006233,No
45,20,Operations,9.854651057096264,6.301748767003231,12.375033156243056,1.4749948794115475,4,3.2931443764540016,54.61530747924063,3.297362687141718,25,0,8,6,25.46653565571814,3,4.4676654855240026,No
36,16,Marketing,2.17173078011982,2.17173078011982,9.876264732020415,0.9754901537232104,2,3.616981861292289,64.00637734754424,3.274581901009607,44,1,10,7,11.237091688635083,4,2.9805996558143457,No
41,16,Operations,6.204730643012535,1.9255344665004412,10.706980752661414,0.57776215835586,3,4.29220829527025,57.81064831787058,3.7105350996472573,37,1,10,2,42.881474879891115,3,2.2961334429599107,No
43,16,Sales,12.222510221402967,10.340368703872437,17.79010057700745,1.525967776394152,3,2.509332137991684,41.63432768804324,3.6670509521301313,45,1,9,7,15.337369144265594,4,1.0119536610208815,No
27,17,Marketing,0.36118571659345355,0.36118571659345355,6.554636412794443,0.32599747247015826,4,2.67573641323019,48.831433507294946,1.370845541527065,34,1,6,5,19.362623094624087,1,3.001796194071481,No
37,18,Finance,1.1084672674279539,1.0700533970626418,8.632356585693392,0.6877037028169586,3,3.4800696993440465,49.35285499801753,3.308268376869474,16,1,7,2,19.116446532886872,4,2.7618652059730366,No
34,16,HR,6.2356004350162015,4.8954008277234715,15.58468136592562,2.1081424277933953,4,3.37346589116,63.9922983364149,3.4087891251597817,33,0,7,5,25.411649272783016,5,2.9802803817069057,No
34,16,HR,19.85071217059995,11.479093226326167,33.79569351082866,5.436953746629917,1,4.003347189854581,74.29266392657641,4.181606500304071,54,0,13,7,4.944897543897994,4,3.5873254601470794,No
27,16,Technology,11.554864475516917,2.1614441737504038,20.417165739611008,4.065525637065862,3,3.3959523858689327,84.29150111371398,3.0968162515000466,29,0,8,5,34.42963470260484,2,3.998493977588131,No
21,17,Marketing,1.897301431117163,1.3832726663855983,7.642806624923701,0.9182901703693611,5,2.024107271472732,54.30370777085478,3.5001150498229983,36,1,7,9,10.631970566719884,5,3.9211277373133244,No
36,20,Sales,1.4005823786254001,1.4005823786254001,8.316119138059133,1.4892504785063005,3,2.9884946884576435,63.14372897794491,3.7093480378179535,23,1,8,2,16.40260394639622,5,3.8658315655676536,No
55,16,Technology,24.32161712194924,5.079386745298699,30.47043091325004,2.808820173139873,3,4.008903706281689,74.24041652440494,2.325532869092009,43,0,12,5,39.99365121645566,4,3.375186938021252,No
47,17,Finance,0.6895844915345725,0.6895844915345725,7.846344423731368,1.3262673899290631,2,4.001740287707722,49.389551753763094,3.5944707132819778,29,0,6,2,14.65290357726738,4,4.357399229976337,Yes
49,18,Operations,12.53941396397787,3.4242253415160486,13.811888075556983,2.465466757296515,2,2.385509267944692,59.64886204485343,3.4887275957408277,20,0,7,3,32.82124226662392,1,1.364679317404716,No
36,20,Finance,0.366914841613501,0.366914841613501,9.243632469068093,1.8006108694566836,3,4.2052943692616145,52.9858101189728,2.5802894696801078,39,0,7,6,52.07246679614889,4,4.0067440246107395,No
36,18,Finance,3.015246388377564,0.5235975680204992,14.017978666319106,0.78468657206995,3,2.787292554782082,73.82770810289458,3.3335189030369023,45,0,9,6,42.7710147342426,5,2.3450157492771257,No
39,19,HR,2.3286315963103097,2.3286315963103097,8.861910862796647,0.4877013853391022,2,3.4934407346475314,81.29526705760317,3.20068602887659,83,0,13,3,23.76146266145703,4,2.349870038959649,No
34,16,Finance,25,8.20384774992243,17.8197451102206,1.4068482634601018,3,3.4910587277472636,60.00507357830933,3.521191069927336,14,0,8,6,19.78068522626615,4,3.788168537209574,No
37,15,HR,6.053772699002503,3.114324121391531,9.302081150107925,1.5662849489343167,1,4.97277608122443,71.30721915458832,2.3839289691707397,36,0,8,1,21.03412240423827,4,2.344361814593376,No
39,18,Technology,5.843319849084569,5.843319849084569,12.8887316705961,1.4287602606777465,4,3.783819179215018,57.19971730578761,2.988354321887296,43,0,8,8,42.03715645254369,2,5,No
35,13,Technology,7.605980386052902,5.060788198368841,12.240999624788394,1.5058723660841928,4,4.904980350024924,73.74745570237461,2.790557109270572,82,1,12,5,15.479227712833621,5,2.9568954429326313,No
40,14,HR,5.791113303122707,5.791113303122707,13.752402638607188,1.7210189420147137,3,4.287121902967782,36.81521231493704,4.908532663090511,33,1,10,3,16.057943846614037,2,4.4033827754246095,No
31,15,Technology,1.4780851356215443,1.4780851356215443,8.985311442740482,0.808238575206613,4,4.209770105348123,86.11723496879533,2.2954116887969853,61,0,12,5,34.32886493473628,2,3.057769664746359,No
38,17,Sales,3.493105642580338,3.493105642580338,12.760609293337096,1.4890293912555308,4,2.6115178930196903,82.67590000213376,1.386363911169682,43,0,7,6,41.818716304285054,5,3.7928571168402585,Yes
21,19,Marketing,12.903346005982538,8.024883423290786,25.217682749858902,3.9088440453520037,4,4.136841408203172,56.797544989521015,3.3791721509172725,94,0,17,4,21.603730075643263,2,2.623401784790367,No
21,14,Operations,2.9312097632133804,2.9312097632133804,10.244836776013505,1.3716142537731428,4,4.984016075262221,40.736673457975044,3.5006822455837363,58,0,11,1,52.77610337311814,3,4.553687056979052,No
32,16,Operations,10.131799263143252,6.338083173790109,21.46511289046507,2.5969639202838817,5,3.630403236201157,51.59152184014724,4.0150696196684335,34,1,8,10,14.210005370909148,2,4.209023470468968,No
33,15,Finance,5.4455054314551905,4.51214360267159,14.662299117019987,0.8332517570573698,3,3.1791319734255836,94.42736175948255,1.2871823275880094,19,0,4,2,42.64295292480035,2,3.081719211239936,Yes
42,13,Technology,8.339283533938142,3.3225605022780855,16.38584943104069,1.160361269693021,4,2.577752499830169,28.324840647578064,4.678834723094993,44,0,9,1,20.604764237939094,2,2.826713082807525,No
29,15,Marketing,0.3371656747282741,0.3371656747282741,8.247787428501008,1.2791308109209252,3,2.922175787172226,70.6613963536423,3.1959219521067843,25,1,10,3,38.36346636473993,4,3.586059592443485,Yes
21,12,Sales,8.761586661757782,5.181763717240486,14.203616562701747,2.07637897183107,3,3.898061875271383,65.30188775602191,2.1257474151428,24,1,7,8,41.20118958708739,3,2.676680316311256,No
36,13,Operations,0.3056653737803244,0.3056653737803244,7.390508790748306,1.1525799902399771,4,3.401074837965913,60.25184383783331,3.797676705280253,45,0,10,6,53.792591830229206,3,4.752396729625918,No
32,17,Operations,0.35565981235664573,0.35565981235664573,8.079623083957927,1.3326702295259527,3,5,57.266848752787595,1.6892907063502494,21,0,8,5,66.97649293817469,1,1.4097029546993063,No
36,18,Operations,4.111985713299569,2.6350394998839386,13.564878230715161,1.4337708026113862,4,3.1838812229167988,41.118533973207576,3.4119478060156183,13,0,4,4,65.96429754586151,1,4.104462319544627,No
36,15,Sales,3.6592604420766977,0.3,10.590542495006188,1.9788001503979693,4,3.2872518258543306,81.57033884161604,3.093019569002212,68,0,13,7,12.071233655045988,3,2.3076594914327337,No
41,15,Sales,1.3989552665119926,1.3989552665119926,7.565041722554261,1.2185613302739886,3,3.4169402885975826,35.70485938032455,3.002041465182891,29,0,6,4,44.9943142423584,3,4.4419494507690285,No
35,16,Marketing,5.181486129975696,1.169425066714344,6.986948073714523,0.6343076706262173,2,3.676456656969574,49.35643355604066,3.3645867099910634,24,1,8,3,24.322794486424495,0,4.134962327644249,No
30,14,Operations,5.901957464379184,2.7184438944788543,9.918510253553874,0.622831735207916,3,2.9764773020630657,53.294034151116456,2.135998120614873,22,0,7,4,79.99450941182423,3,3.220355729939322,Yes
35,14,Operations,6.135032612111058,1.8890912971180767,11.364233605294473,2.180111319066624,2,1.8082748121164927,79.50406199220929,3.1050529282171007,72,0,14,9,18.436675097793625,1,3.4435102900055066,Yes
39,16,Sales,0.4140482753977753,0.4140482753977753,6.527265149811786,1.257995978434863,4,3.612679754174383,61.122349589546815,2.6954839515298206,32,0,8,3,7.584677076874864,3,4.993450953642825,No
39,14,Operations,15.864251794617772,4.907129528727333,25.321840560864015,3.083993216843033,4,2.601649168055823,56.88359861409773,3.4632415579307794,10,0,8,4,16.610888853662512,2,2.38343591318587,No
35,17,Operations,2.1450587209728678,2.1450587209728678,10.746477946756144,2.07440710425427,4,4.509007227008646,50.707614521550845,3.0992289637957913,25,0,6,3,30.499242369048147,5,3.8609158240267814,No
47,12,Marketing,2.554747453335698,2.554747453335698,12.55143680701081,0.6656707967448237,3,4.4176224094319005,55.283029733260335,3.2850759624440418,30,0,8,2,14.497422194563642,5,3.531404149911441,No
32,15,Finance,0.40765678276825745,0.40765678276825745,10.757325932584624,0.6762463629565095,4,2.996905038076104,67.79676023347648,2.7949050325589377,24,0,7,3,33.06428506807915,4,3.5302589708385614,No
42,19,Sales,11.937847363077704,5.50033247255102,20.244986433150192,1.5290384410982467,3,5,54.84029875968426,4.006136161189923,51,0,13,6,51.21228625129425,5,4.6573788047325415,No
36,18,Marketing,6.642293399598757,6.642293399598757,10.28416397218909,0.7006014353030457,4,3.4073941135456005,55.9681663890331,3.3818857403997797,48,0,7,5,35.80977352884607,3,3.7529325621932137,No
21,12,Sales,5.364741313685203,2.1685802958345075,12.377910800038007,1.5686887848658473,5,3.6054831845966095,82.83700161673212,3.482474882704685,36,0,9,3,15.922636975076175,3,3.618138749773927,No
32,19,HR,3.319056537865921,3.319056537865921,8.39300126088733,1.561065743215591,4,3.8982843569863026,62.738162531242445,2.222439365636258,32,0,4,2,43.94051381730561,0,2.4501438136918123,No
24,16,Sales,3.9317313826615905,1.3864314282959724,9.780871716433976,0.9615926849988702,3,4.039407184363924,44.2812236868698,3.2051579677438173,19,0,8,4,29.779596835831278,4,3.3650493311380334,No
26,17,Technology,7.706737553302399,7.222533301202144,13.273741585286562,1.322280773095765,4,2.424761937029101,68.12939149812722,4.201975681132977,25,0,9,8,41.960328678605386,2,3.892100894334968,No
37,16,Operations,0.9073110770555495,0.33001338909673855,7.310217811964272,0.7933669887861798,2,2.6059244277734743,52.40846798302933,2.780715825752399,47,1,6,4,40.80892204786195,5,2.343993458468691,Yes
30,20,Sales,0.3,0.3,8.095405266680338,1.2910429732108957,3,3.6092419430648546,50.4234944562324,2.8158526888370843,9,1,3,6,31.498742081187736,2,2.936147719248731,No
48,14,Sales,16.697224714140205,4.619534636970744,28.93893558815102,3.9440785539303564,3,4.214018736302917,58.828560896662125,1.0072260709744696,38,0,11,4,22.92644066493283,2,3.2952090644082297,No
28,16,Finance,1.8141917049344982,1.8141917049344982,13.191274428518017,2.0365221879269337,4,4.181363362141468,15,2.9966884150225357,31,1,7,6,10.637185730621018,2,1.7835510034380477,No
30,15,Finance,1.4693970811631245,1.4693970811631245,16.880059559699635,2.910839458795913,4,3.1117358391160592,53.20423993823454,2.7908823843397963,26,1,7,8,15.611428289396638,4,3.4284805646414886,No
27,17,Operations,0.3901705658774098,0.3814370040180126,7.4733029247270215,1.495954983644599,4,2.726567882972278,57.797038383238785,3.09916293926356,31,1,9,5,18.693107154881808,2,2.9201253187283247,No
26,15,HR,5.4410917032780874,4.23898614201719,9.752625234259817,1.9149486297167435,4,2.0768343774561315,65.80985139718058,4.691000882334505,38,0,8,7,36.61128022497354,3,3.826261277646656,No
38,16,HR,4.170826016233314,4.170826016233314,9.308931646561115,0.6494092294638147,4,3.0710902900265,70.99162553405132,3.5271176645528923,42,0,10,2,25.571147111720954,0,4.582131095718822,No
32,17,Sales,0.3,0.3,5.647480252057447,0.39832470397468034,3,3.42181465214365,27.785887488381633,4.2908128118342415,22,0,5,4,17.946763485790775,2,3.353988783597342,No
31,15,HR,1.709387322105839,1.709387322105839,8.65404232686584,1.0563151293157922,3,3.816671627247009,53.458526619444115,3.8884545695202775,36,0,8,5,21.4144370952124,4,4.32546963783482,No
34,16,Sales,12.575556300870755,5.556265070053503,17.24309268739555,1.873132168863892,4,4.2161964649595935,67.97174126625282,2.199100310648995,54,0,11,10,22.535467237343536,3,3.548647092713652,No
30,12,Finance,3.244514331552803,1.784255933687686,17.417359464114618,1.6648711010856134,1,3.093647850590618,43.9297946649496,3.6105955615338003,29,0,7,0,9.754317017164803,5,3.7727821000711486,No
38,13,Technology,9.591206873688858,5.545976366618553,12.630610714235061,0.936015172236904,3,2.388528056990509,37.26456475766276,2.8844624724097105,52,0,16,2,11.652271644248936,1,2.3996777451060063,No
28,18,Operations,3.2619787554624913,3.2619787554624913,8.070253361291448,1.2076009984138132,4,3.176295589290325,78.01981023309855,2.519576675983445,24,0,7,4,13.85160896447615,0,2.1615855176914796,No
27,17,Technology,0.3,0.3,6.957371901217921,0.468666766303552,4,3.897152442550478,61.43744974527834,3.997359613557408,36,0,7,4,13.7672220233752,5,2.5441168333266253,No
34,12,Operations,6.0680843524190715,6.0680843524190715,10.495879899613264,0.9447431058742034,5,2.902407890862802,48.587053668335976,2.7048508651092735,29,0,7,3,23.348157580723974,3,2.991220403466193,No
29,18,Sales,5.345580805539951,5.345580805539951,8.54163484094989,1.2302426200006118,5,3.32013838497072,44.72412901911908,3.801082670188079,41,1,9,3,8.921988586753168,4,3.374722707140987,No
33,17,Sales,0.6530368334745417,0.3,9.751028805880074,0.8411624660108387,4,3.2073044437727005,44.34654550194447,1.986837087417628,22,1,6,2,16.935960355225934,2,4.489498348862834,No
