Age,Education_Years,Tenure_Years,Years_Current_Role,Career_Experience,Base_Salary_Lakh,Benefits_Value_Lakh,Annual_Bonus_Lakh,Compensation_Band,Training_Hours,Job_Satisfaction,Manager_Support,Workload_Index,Absenteeism_Days,Projects_Completed,Remote_Work_Days,Department,Performance_Score
38,16,7.789904785922908,3.78843084309064,14.486915575280374,5.508501525262352,0.928218205249507,0.8956108692997014,3,45,4,1.977949576129946,66.11026380816283,7,6,3,Technology,100
38,15,7.4072052797233905,3.588575180780075,17.20322418900828,13.535391648969284,1.9547640831006674,1.4911190863105181,6,13,5,4.48517987394129,56.26731264715734,5,7,3,Technology,96.20168438599241
45,18,2.900748742504584,1.77472095611363,7.438168918763984,10.768236555422959,2.244257422453511,1.739552729010828,6,25,5,3.232962299509028,39.42063745429692,4,5,3,Finance,85.20905749476876
41,15,4.433928431570367,1.8281849173747393,4.675614675758849,10.772229983804435,1.3675020987666622,1.1026438149574496,4,32,3,3.628255100025473,59.240155469432374,4,7,2,Marketing,99.69845439822001
43,17,4.913771301753403,3.4293694114903777,10.437277340424206,11.209166276134905,1.719079785811624,1.704738457607693,6,53,5,3.1012843217092447,72.04803827106888,2,7,5,Operations,99.83896434202566
40,20,5.1716814224044585,2.6490391662178703,9.083872053054181,9.740897252130907,1.8715349847792795,1.6598078036569515,5,32,4,4.491498601518444,58.70149547159448,5,5,2,Operations,100
28,18,5.102646280020178,2.3825625757593922,7.3674368725000745,11.035064577428113,1.859174924998755,1.5258133174815893,6,28,4,3.200577859833099,40.721945368793456,4,8,4,Finance,100
30,18,7.386134948589185,2.9059789493950117,15.318094490049694,18.403346728683236,2.742019988098421,2.682120959844615,8,37,4,3.894082323475991,45.17955496249262,6,6,2,Sales,100
35,15,6.466666253927475,2.588069793349785,9.88839722884668,6.322220030115205,1.184424717870477,0.8141436312785919,4,25,5,3.4868569369330817,65.49143069991987,6,5,3,Sales,100
29,14,5.620790961707314,2.888200031123322,11.303671398754384,16.284824081519723,2.470271112268074,1.9388050512563426,6,31,3,4.797870836611565,75.4678035729166,3,1,3,Marketing,97.03574301195978
27,18,5.6339973294026064,2.1816935278612273,9.907334397908741,9.401413727058024,1.6612946251087979,1.378789304970222,5,65,3,4.194179508919661,54.97663706141819,5,8,0,Sales,99.97353730605178
45,19,4.32361822890438,1.801732760013105,8.740634949068658,14.515655557287126,1.7152400000965509,1.5611587536980363,6,25,3,3.6054134841788805,43.85025089484991,2,7,0,Operations,92.03569924571484
27,17,4.194398669620423,2.500193138618935,9.40880414767113,11.485365707961899,1.553477884137669,1.7440710789016665,6,51,3,3.8260535276695853,61.64488892257232,1,5,2,Sales,100
36,17,5.5390435783337635,4.511953357478748,10.475464523133509,10.15921393929355,1.5985626977519527,1.4131928503901126,6,50,4,3.97757615702452,62.69456997133729,4,7,3,Technology,99.97213283571952
48,12,3.1928790206354694,1.4094183047507918,5.515058958384475,10.651911072323943,1.500723340724559,1.168094413448253,4,24,3,3.2851998020954833,47.50714459667875,3,8,3,Sales,94.14920560133714
35,17,15.801172848267093,6.663641303473058,30.664876306126782,23.560966310206062,3.805889582348916,3.425758463467434,9,52,3,3.621547823735138,49.568288615025764,4,8,1,Finance,100
30,14,11.916594894620136,6.474341816884728,14.447025296393047,13.755005125553833,2.514658578323591,1.6256540710363736,6,32,4,4.087198848571472,57.26651959489483,4,7,3,Technology,100
33,18,6.622991237215191,3.400022101462469,7.131076583835633,12.530174154581479,2.492407686224762,1.9687928857413466,7,17,3,3.2059677069723524,80.32514558524906,9,5,2,Sales,99.91897516763761
33,15,4.742502848077771,2.3025316644512657,8.590532014639587,7.673801649597551,1.1571799016944317,0.9219182771035148,5,31,3,4.498223362505356,44.655044535752175,3,5,5,Operations,99.84044447598053
34,12,4.794497876492304,2.495558072967193,9.3549343378962,13.228747108277314,2.31715905199593,1.439405049333451,7,31,4,3.9974334657644266,36.48607774788415,4,7,2,Finance,100
34,15,5.477118986952266,2.409706274895801,9.359023497082049,9.755418213566603,1.3245767759745408,1.230327215497983,4,32,3,2.621707753977169,47.28459856095289,1,6,4,Technology,88.560710961729
40,17,3.941454029996845,1.8043948290317169,5.5601974964945375,20.952403713177343,3.09085330830949,2.6705476458769386,8,30,3,3.7009210994513144,48.97902583588042,10,6,2,Finance,99.91666089254431
22,19,4.968261572497292,1.9882832213859243,9.042421171950863,9.30797291256112,1.686628947573732,1.3180392016272464,5,23,4,3.6658118841274323,57.376469767607496,2,5,2,Operations,88.00806734605503
29,14,5.6112239450527275,2.4804669563160475,7.3484278158962875,13.813759019497724,2.020649946963427,1.9012071657024383,6,24,2,3.232519779800121,72.78505123832457,1,7,5,Technology,100
25,14,11.257882869923364,3.5165579686428643,11.257882869923364,11.198300127670807,1.8301211904039232,1.3469685415822434,5,39,4,4.711145015156838,51.45128346368269,5,8,2,Sales,99.97807534031683
40,15,4.036267710603662,2.016432894444556,5.936168503882,7.085256769341016,1.5940666100772365,1.1194098895739684,4,85,3,2.2143130131410254,56.59168384613307,2,6,3,Finance,99.88093985038941
34,18,5.922465221682376,2.7128580253326313,12.299727789403303,9.055911279839732,1.2140213416575591,1.2582756277884142,5,42,4,2.6023709766624292,45.68511305531326,8,8,5,Technology,99.7980082626899
46,16,7.189059086478045,2.672379792078245,11.16089652992845,4.529189495198059,0.6207288165783986,0.49526184254812344,1,23,3,3.5098505947891008,78.76125752710647,3,5,0,Technology,88.62069530405086
38,16,6.936518776457253,4.077312747824878,14.747050992861777,14.337499645283481,2.2640978395730307,2.0591070940565035,5,48,4,3.402204143346749,74.1827205764635,3,8,5,Operations,100
50,14,4.138259099507053,2.710288443365679,7.115178416006193,8.117968905751228,1.51951726663284,0.9123775302670127,5,33,4,3.610412593691558,61.01392231621536,2,5,2,Operations,96.84980049651789
46,17,2.506615060847436,1.2001993462722615,4.002967233207802,12.454635413886207,2.159460799904083,1.6290349197348821,7,21,2,3.390650192251787,44.43924861849578,5,7,3,Sales,93.81128410444146
43,17,2.512165557050383,1.4766896298764889,6.236930630191255,14.0408245425696,1.838036643726136,1.6645706586886884,6,30,2,2.9250465726551522,70.72944418213947,7,8,1,Technology,100
42,14,4.925879804035456,1.8757743799722553,9.01344713961865,11.655030765698976,1.6363046227764666,1.622442875566327,5,7,4,4.099851600559851,43.04644910092898,2,7,3,Sales,95.8141332500953
31,17,5.7623909085231535,2.926046380341304,9.192667643269743,11.693058164426576,1.9618204236280965,1.697961730018813,6,91,3,4.333634131380018,34.59119973617288,8,7,2,Operations,100
37,16,4.163455055161615,2.197718152832286,5.23362167246684,8.607227901406361,1.2732067095228023,1.2878238302429204,4,16,3,3.5057261061670446,41.97394368010803,2,5,4,Sales,84.9029282311722
36,13,4.664874919168463,2.6781674504223933,9.423651901481648,14.753622614848252,3.080857050707103,2.235111162258397,7,16,3,3.596745812492646,40.390583852125154,1,6,1,HR,95.6494241507017
42,16,4.5532587002072225,2.6996909523698402,11.087293124542837,10.996827386370951,1.5857801876684772,1.2705182369904264,6,18,5,3.803707528824708,63.43822373230031,2,8,2,Marketing,100
36,16,4.347033716622173,2.30992396728766,9.89735658563974,11.407582913053574,1.6786737170889396,1.541435049202294,5,50,3,3.1993740605679317,62.6376459043342,5,6,2,Technology,100
27,19,3.875577051624401,1.9292562442454033,5.562530996120266,16.490168710410767,2.524483864462349,2.1432687691067533,8,23,4,4.2972974437015345,72.65701794205278,4,3,1,Operations,94.67345619276014
29,15,6.856331485964036,2.8886622329576226,8.145429940644963,9.935102136829888,1.6084794786741188,1.3457063496629469,4,19,2,2.98762071199361,37.98600755148231,2,4,5,Operations,90.41237533438292
35,17,6.983808891574035,4.392395856909983,17.128172529003805,5.5936222489729825,0.8769634385759988,0.6375360981394453,2,59,5,2.499929120908753,74.65436623754074,1,9,0,HR,93.72372228568717
52,15,8.3691408726801,5.131854621276711,11.215533285511803,13.892788828338928,2.091115548056634,1.548022659225439,7,36,2,4.110647519256344,60.80880827388281,4,6,5,Operations,99.7540213782084
33,19,6.727303549264631,2.6736381011471657,9.614410022893436,14.432589460041354,2.0652435872442085,2.0502752719611195,7,34,4,3.8792533051320337,53.21480478367464,2,6,1,Technology,100
40,14,5.553988444935526,1.8929204040316896,6.693412964247646,5.8734594174523815,0.8130866993575859,0.8343565996781968,4,39,4,3.3874598946033374,73.48142047575865,5,6,3,Marketing,99.79790801896748
39,16,5.567212165694293,3.178210701395424,11.593247201580622,11.348999251494932,1.878028086643056,1.7030134209795669,6,61,3,4.712141719494302,56.13160040848271,6,8,3,Sales,100
35,12,3.568677984842324,1.8821497863188208,4.779420032200251,8.764688242840307,1.3050892644944392,1.2984607898692186,5,48,4,2.7940243486695064,65.56006795418841,5,9,3,HR,99.78528178771597
36,14,8.19616628034376,5.8948898115138855,13.911404664396708,12.981886923688144,1.9839495864319043,1.5356735013785114,6,26,3,2.9968886317095893,69.12297816024079,3,7,2,Sales,94.7843195253442
50,16,4.031028553116499,1.7823513172323582,8.619959338756505,7.885785834423589,1.508382913517532,1.1459361278638596,4,55,5,2.5870799090653787,46.87375174517761,8,7,2,Sales,100
22,14,6.125917687176973,4.13426128346909,9.965528158124265,11.664908981458375,1.6374685457936184,1.71047629809085,5,30,4,4.096576664904794,77.68506780251957,5,3,3,Technology,92.77843102489221
43,18,4.801529437708623,2.015024940939049,6.848121749769764,7.834629963555748,1.2285481677702847,1.185086063460495,4,30,2,4.4919581079326205,93.56654366655188,5,6,1,HR,100
30,15,4.7655278054573,2.703521922009771,6.792028478439918,7.153266262599128,0.9984735963479994,0.836285497763325,3,17,4,3.692174937230413,60.40166520477046,1,4,3,Marketing,94.09687058411146
35,13,4.571028984445869,2.1046823128919336,5.883569358542009,12.463354807570887,2.1894554574811904,1.8450587034233275,7,34,3,3.8018127166744233,46.66713756832742,5,5,3,Operations,100
22,16,7.9878291386637725,4.684050285597946,16.919920199720686,9.194354829020593,1.6732330218572518,1.2904967387735518,5,25,3,5,70.10078109563689,5,9,5,HR,100
28,17,2.5245984482284327,1.1146326532490278,3.7088918411744523,7.257296159801749,0.9977342593304609,1.1150731047644176,4,34,4,2.695386445585291,52.3601379517426,2,8,5,Technology,99.8595820201315
44,14,20.414417944777316,9.790868814319554,37.5,9.677381451289444,1.4773285713194637,1.4337434492232664,5,39,4,2.759089980085634,81.53085784520191,4,8,2,Finance,99.89073399032422
33,16,2.983528266516252,1.9047119055184636,5.137814735682982,20.322344447289986,2.8081977632507207,2.4995553136790676,8,16,4,3.387084869156572,75.05526718952463,5,6,5,Finance,84.93366564591214
22,15,7.939067774006733,3.5992981376882285,13.750114762707435,11.060072811983986,1.5086092812404464,1.6521606444411068,5,25,3,3.60349318750359,52.45161473886592,3,5,2,Sales,99.92539909766633
47,15,3.9262499808144313,1.4947938637461253,6.576105358180453,13.507913957466583,1.9774145030299886,1.582652674223795,5,32,4,3.506191472627191,68.34613567842959,1,8,4,Operations,98.0824407127018
33,13,2.1818019878928476,1.46939328569782,3.962225308377502,16.957110594691198,2.643191083635442,2.2887830586398312,6,36,4,3.182537993223574,46.03128155559241,7,4,5,Sales,100
45,19,6.369367806435215,2.213906135567337,6.369367806435215,8.616317162698262,1.4291880063760412,0.895657830405305,5,13,4,3.42140176840854,52.62476150295503,3,7,4,Sales,91.83717334087893
44,17,3.581272713809891,1.4792844215749335,11.271958683433613,6.0136905463934,0.890592471445382,0.5995769109169923,2,33,3,4.090636938045279,42.24906521026704,2,8,3,HR,85.99485573311986
38,15,7.534709220399286,3.635910705467662,10.527344813819456,10.758940104180853,1.527934420705918,1.3623129958465552,5,35,4,4.990870139714503,48.17415675356557,6,6,0,Technology,99.96295422391007
23,17,4.357525235889372,2.194356458747281,6.191072985290952,6.933055516410334,1.231341617641647,1.113408780487683,4,15,2,1.9902751773204037,49.46197871207208,3,4,4,Technology,81.10399657420638
48,17,3.230771279464564,1.3837452414738114,4.511765117294022,8.278934211181081,1.8795044452121874,1.2663888744928737,5,42,4,3.4829519911834033,73.33240377476976,4,7,1,Technology,100
44,18,3.496546771389792,2.3413971372905893,5.774217699274183,8.107801153163686,1.360223109301256,0.9526694388571876,4,63,4,3.1969982525465905,52.11238558330449,3,7,5,Operations,100
30,14,4.86395504640078,2.097216503067657,6.285069005273853,8.01759100272676,1.5440907584955563,1.3553205471914445,5,21,4,3.7799967908572434,54.94898198362398,4,6,5,Operations,99.9784489862633
40,16,6.123175426553299,3.133065566540426,11.33793608895547,17.135903673323398,2.2932993774453903,2.393413129273188,6,22,3,3.3509640172447597,54.54750011769158,5,6,1,Sales,100
22,16,4.185292532628896,2.13478022332777,7.933542027989546,8.250958390926181,1.6491644041614182,1.1212901317788144,5,33,3,4.308163917743214,69.75758081451876,4,5,0,Operations,99.86335106204689
44,13,5.041247904823728,3.280690007406539,14.649022802339697,8.748726921282628,1.3953024050264475,1.6798296626750897,4,24,3,3.875523110608937,66.39427113399273,3,6,3,Sales,93.54641454506753
37,18,5.979811227662525,2.9032809986846178,12.369095875594422,13.731338618318292,1.966045332277921,2.1594105073538556,7,61,3,5,45.93900358170434,3,5,2,Sales,100
32,18,3.420922215022504,1.6124294452893078,6.984267023406442,14.572959812121551,2.052916933803835,1.5662456185646838,7,51,3,2.5869245547336774,59.58374357558816,4,7,3,Operations,99.85715203652954
41,16,4.331665934851648,3.161888041486533,9.373534734320238,9.908246761573293,1.6744177756064595,1.2613261487302208,4,5,3,3.404312287618864,63.32845811418834,4,6,3,Sales,72.49925914469257
42,15,6.848132685777265,3.9323581642053655,12.465458565220711,10.620310693926974,1.6935805142105709,1.2929446531097837,5,10,4,3.9947349368656204,62.097819304074946,4,4,5,Marketing,95.80201495576068
45,15,9.614796853740433,3.2792594952372554,13.069739914261696,7.000775477830496,1.3415685450435837,0.9463329673487696,4,48,3,4.609716145647764,77.25043582005483,6,5,5,Operations,100
33,14,4.348593770910418,2.785307865487194,8.51227626550885,11.318563452449522,1.8680147250753376,1.5442545105964571,5,43,4,3.894058749022028,83.93018327867082,4,4,2,Marketing,98.49950498745744
31,20,6.085853462516418,2.7996076188365002,9.69555303424373,7.518484807642644,1.2399112495837772,1.0595959579934173,3,13,5,4.101633526449365,87.84169587538022,3,4,1,Operations,92.52761893547735
29,17,8.520067334675883,5.989706248194092,15.967385022560867,12.0772769432202,2.061221744319649,1.3761417876526194,6,42,4,3.790698194703858,77.21307254243968,3,6,4,Technology,99.8302840916917
38,18,9.871547880541682,3.9880513773680466,15.206522559797984,7.19185603451384,1.0938386021368445,0.834343006243641,3,42,4,4.004085409554384,60.63237649272795,3,7,3,Finance,100
48,13,8.380525159519934,4.225740866308348,10.690616691629678,14.232819637478164,2.3160205493273986,2.159948637031572,8,33,5,3.312382431847217,73.26693006719833,7,7,3,Technology,100
34,12,8.501652416987625,4.282021090613708,12.797737921750583,9.185906530208044,1.5119961185178818,1.311308593213597,4,54,3,4.589587275019884,63.230419626729464,1,4,5,Technology,100
43,19,5.031590901718942,4.219112642100688,15.495522475647654,8.342935038985914,1.4429633155030708,1.0166932580862844,5,40,4,2.547020799738111,65.52393783093962,7,6,2,Sales,95.81558841666558
29,16,5.553685297151439,2.692953479379216,11.692364804478853,7.926514367659616,1.4392824269290616,0.965598102819989,4,56,4,3.7977839430614617,66.29457109838843,4,5,3,Technology,99.84073465306582
38,16,6.550246582739092,4.199938537981481,10.770315676971043,9.507635771934103,1.5815499499366015,1.3814495447312953,5,27,2,4.836123715801405,58.706560157408695,2,6,3,Operations,98.84257008897518
35,16,4.044077204439425,1.8922373598267161,4.807263258974335,11.951121490198062,2.025569652953941,1.7673103223733702,7,70,4,3.9113273493833294,45.00579436113646,7,8,5,Finance,100
41,17,3.0032271114427975,1.8672826328624292,6.689592743535724,12.177622913986488,2.0620595639634614,1.4703337985470972,6,13,4,3.678807412729103,29.741235670048827,4,7,3,Finance,99.92910748327263
35,17,7.829053331484859,4.593346713994112,14.641190007311094,10.082599625724928,1.8136106847062727,1.682531394366176,7,9,3,4.200794149560756,88.73778780025417,3,9,4,Sales,91.62166827023019
33,15,8.478826674914998,3.606016901101259,11.51963158749126,9.467857090610364,1.5592434356804459,1.173472841970728,5,29,3,2.7233217148913553,60.169587583381045,5,6,5,Technology,96.99803520020009
48,12,4.40550443322791,2.2822345286502146,8.485369222936917,13.018581991510805,1.8222280386668448,1.232511736090257,5,51,3,3.206091499024325,47.6343048031298,5,4,4,Sales,99.90446318300145
31,20,4.653626981853074,2.1010849126774245,6.716684890461212,12.069686724535122,2.072717377741925,1.513719553216133,6,57,4,2.9199522252057997,75.19275182727563,4,7,2,Finance,100
41,17,5.95830415559015,3.7113820113196105,13.604154325509192,7.41958278390084,1.6477282957747315,0.9554522814306572,4,12,4,4.087336999958932,74.41688217039733,3,9,0,Sales,100
42,15,7.502066564038066,3.889968929898407,15.389363199199085,12.530676716325111,1.5273900244123948,1.7628049070996419,7,52,4,3.295195829841041,79.73178497708089,5,6,2,HR,100
36,17,3.9050885936876187,1.9002858122473987,5.244473150856211,9.380753707638188,1.4425870813766435,0.8071217891545573,4,27,3,3.3063436133304163,93.13986006958825,2,4,4,Technology,81.26064858285937
43,16,10.123258466972564,3.8088452947569045,15.86064854508749,7.169403904878969,1.0424641100618568,0.7854792158500951,3,64,4,4.603017648953462,88.15046513033234,3,6,2,Sales,100
33,17,4.009716862326916,3.1978360411746882,9.05631297343292,9.780151706780343,1.6911846791123617,1.104968402601398,6,46,3,3.698822491948255,59.54406470564188,4,7,2,Marketing,99.9663929669033
46,18,5.725787417567854,1.8175268723477924,5.874412227579617,18.88744887192261,3.1064553684437897,2.1847681772917507,8,43,2,4.194204580575959,40.658719849318615,3,8,2,Finance,99.96933039128353
52,12,3.4892215022744737,2.4058247112928526,7.1893012733227675,15.484508665396795,2.026930331790867,2.5282817273410596,7,21,3,4.136776365464141,84.89364434975133,4,6,0,Operations,99.88700149263002
41,16,3.4137360269293735,1.8993128254468963,5.256650337851255,7.698292625243733,1.101751228523198,1.1539683706881436,5,33,4,3.496725201972688,54.49607226229356,2,4,5,Sales,78.85425410302814
30,17,4.236267504060839,2.5107261741894296,6.4933989901062,5.631959575745396,0.9919897446589816,0.6137082068007974,2,43,3,3.689350275986336,50.95651351098342,1,8,1,Technology,97.38311970932311
34,12,6.921121015377119,2.906605938334697,10.536361648573633,12.530007998419572,1.827732423518816,1.5487257952734141,7,83,4,2.4135368165924453,52.74121854274437,1,9,4,Sales,100
22,17,5.187122263622001,2.081791544887821,9.777225592604129,18.418305513986155,2.9817131763666866,2.118571943494149,7,24,3,3.7943949432244652,53.90631911007448,7,5,1,Finance,97.44827892135669
45,20,5.690904583660852,1.7947651216703637,9.362596542395083,10.30184810074618,1.9934976241757387,1.3369108244761343,5,47,3,4.220314807816951,65.70648975728211,6,8,0,Sales,100
42,15,6.208010222800428,3.483305267759355,10.88694981447418,10.473116689627695,1.8821040321821325,1.4109749960856288,5,7,3,4.310234537244259,51.12461027415589,3,6,2,Finance,98.78102664848097
38,17,6.970099442164721,3.3075996366876557,10.941053801176016,13.36311384697658,2.0430098353896167,1.567302001557695,6,54,4,3.094489414034679,53.78274027423628,4,6,2,Finance,100
42,16,7.626845748727473,3.222701852620888,9.276961571601918,11.49701379768733,1.9229221637491367,1.9631713873515704,7,12,4,3.7935329879072457,72.18243526523992,6,7,0,Marketing,86.13001662862443
60,18,3.098421316269113,1.392078418740681,6.376464426851317,10.824416449681037,2.0461818257489277,1.587131919373168,6,15,2,4.29029260294144,48.806541317735935,3,6,0,Technology,82.41119512350879
52,20,7.299707332541828,2.431185317018922,11.353349530214734,10.557916845250258,1.4553304795734867,1.1402877844038506,4,14,4,3.8282899624393103,90.90751100059182,1,5,4,Finance,88.05255894486544
23,18,7.91932451966869,4.105462768741646,13.817133802729444,6.613784101009709,0.9562475715317708,0.6701374274893996,2,73,5,2.969194981169304,66.7282750841016,0,9,2,Operations,99.84291695223196
49,14,5.521349666046793,2.7024751646309912,9.553997706748152,9.136722701262183,1.2437442247278887,1.1795160609690205,5,17,3,3.499161779050589,78.8164536447051,7,5,0,Finance,89.61186812052787
35,15,6.615524662298336,2.989911879147401,11.72396047488656,9.996305709890558,1.7687904784909612,1.542160730980761,6,59,2,3.903756456348068,70.3774607518809,5,7,3,Technology,99.9141520252505
40,14,3.8580740033120344,2.991603418728104,7.4373734056660945,11.037812224677243,2.1915232439562216,1.7109078708474972,6,26,4,3.186302283710403,35.074916203369504,6,7,2,Marketing,99.9959713487236
37,20,7.968997410614506,4.171573405854699,16.107575841658313,10.77726147229471,1.974060239584088,1.5268399767993408,7,45,3,3.699335862862397,45.16426013916385,2,8,1,Finance,99.84430369559472
23,20,4.971703468348117,2.6961400354651044,9.075907140849628,9.506856410861028,1.4952432203036823,1.0634159699463126,4,22,2,3.1200668652514687,48.00908992354254,3,7,4,Technology,80.33518815984307
30,17,3.4071157636981737,2.084440270274956,6.326568972849959,8.435523530836143,1.2532649086602852,1.07574429767433,4,38,4,3.705200211935578,76.40768302609645,3,8,3,Sales,90.22740640542716
34,16,4.19688045870268,3.4088689141048008,10.476645148156315,11.062272941825798,1.9101990334874752,1.572951014749198,6,33,3,4.68981759467173,59.91403346806826,8,5,4,Operations,98.06958941361421
37,16,5.896113703683747,3.7169116252737364,12.463872567363303,23.5301671065678,4.228787338015534,3.5072415520139786,8,28,3,3.691414662095873,47.823621116441196,6,10,3,Marketing,99.83147278306942
44,12,16.16092675422077,5.075040199164915,17.766546615151263,12.30154612667278,2.2709252057523117,1.81029483506407,6,22,3,3.606498859134316,70.23701651431684,6,6,1,Technology,100
54,15,3.2929332311268786,1.5213153102890153,5.879725357072624,10.24734601419221,1.3927642053148472,1.2122899044103677,5,40,4,3.019550913559955,50.22676369816507,2,2,3,Operations,99.9953387972386
22,13,8.342069470291047,3.280164156447813,10.380148128898904,11.960663398173201,1.9524182653135354,1.3475186707396158,5,34,4,4.396959120785396,49.21444982830438,4,6,1,Operations,98.43935151430529
41,15,3.599405497290158,2.512017017998431,5.185801939120829,7.792934657820426,1.4624255576257514,1.1181578632887337,5,53,3,2.595911280618096,73.25595875198623,4,8,2,Operations,99.981190157032
27,16,3.996866859204006,2.4261194532547132,7.792159934378888,13.860870307697077,2.3542339134721852,2.054275518976181,6,12,4,2.9162108953846717,61.303509618707736,5,5,0,Technology,79.19559395716621
41,15,3.657020720191848,1.7896100856943038,4.413562927951877,9.638289186206766,1.4084556209039543,1.3229221431169815,5,31,4,4.398649635554552,45.517633417986765,5,5,2,Sales,89.6266987609078
34,18,3.477776490747004,1.6045218094014748,4.897956741648326,12.147836737921795,1.6775568442762514,1.588611483248393,6,42,4,4.883342377941119,47.916141240520886,4,6,1,Sales,99.99298668546415
35,19,4.997061768883812,3.6215506132629947,10.537754230505579,7.612179162867715,1.320417942709559,0.7398802649633345,4,21,4,3.489541556665574,70.49528425581266,9,4,3,Sales,79.62082037250008
40,15,6.535348792011395,2.9078714925590203,12.467114882136222,8.337394108231528,1.5909666028991098,1.3367614554986378,5,22,3,2.6857445582360695,35.00022315870906,5,5,3,Technology,99.5845250030005
32,15,7.937303402975963,4.305263471700481,20.97136498394521,6.803638995487446,1.3049967320937057,1.0658619343163849,4,93,3,3.5990251509883984,66.35193939383944,11,11,3,Technology,100
45,12,3.2844287264199874,1.7886740145563755,8.054672239271104,14.275138982726622,2.004500012004189,1.702861337133344,5,75,4,2.810247958590408,52.431448162906754,3,6,4,Finance,100
30,17,5.046931025246237,3.500189747697267,11.046121136661226,7.19238414167483,1.2972976824107243,0.9554106256792152,4,10,3,2.492606100459061,47.61414178351278,5,4,2,Technology,86.92674686695325
39,12,7.683182769011666,5.471179822294813,16.057716804511994,10.910033587688003,1.557408747758748,1.7632459654963866,6,17,2,4.102457805955425,49.44350605889376,3,5,2,Marketing,100
26,20,7.86770398969544,2.6428096205023097,14.18269085291922,8.884120571610246,1.1915021655850884,1.0884135533282624,5,16,3,3.3027710954590255,51.519903591721054,2,7,2,Sales,99.90376798375468
32,16,5.9244900920950005,1.9966912099958973,9.031923243610759,8.65488223069634,1.392664002299851,1.1351245392595435,5,71,5,3.2233800356223097,55.08983526045534,2,6,1,Sales,99.88080036978246
39,15,4.390358262734275,2.3198460372680665,6.999639579211287,5.148886008028935,1.2727091171247056,0.7507317244430263,3,32,4,5,70.15224455513125,1,7,4,Marketing,100
42,18,5.79399530936808,2.398916979554526,8.113959325374418,6.335447280838381,1.03332486701596,0.8478293428448245,4,100,4,3.1185515870566816,63.913184027459835,3,9,3,Sales,100
35,18,6.692664672639521,2.7041177668589857,8.264191261099175,8.113141340123152,1.0863211553980299,0.910637433761196,4,32,5,3.202501322408618,86.94200019469814,3,6,3,Marketing,99.736739282619
29,17,2.240664866596781,1.2936712169794873,4.492214666539061,5.969803316867228,0.846279614503722,0.8123883343045593,3,29,3,4.689118530914942,75.83321569820455,2,5,0,Operations,90.9460282896602
41,16,6.99143979999531,2.706140523828606,8.741750824287315,10.841632676506682,1.7811549697736369,1.2709454049546072,5,32,3,3.9898083890574263,70.61128192293131,3,7,2,Technology,97.9976936711475
28,17,10.972866520208568,3.9979777979220663,18.545677473940405,8.47325898829254,1.5778494882017144,1.3076429697758045,5,20,4,4.110449137071916,38.22264353515447,3,9,3,Technology,99.92393283854713
23,16,7.561009684853176,3.3676167479116685,12.65938960578526,8.74006878004781,1.370773140908293,1.020511638916711,5,40,4,3.787248929761449,56.40648941663925,2,5,4,Technology,99.96157159399456
47,15,3.725895507214981,1.4976701945967867,5.876715249826292,8.337569297654195,1.4044475575202033,1.0401825751649842,4,41,4,3.197132241650495,83.01480754507439,5,5,3,Technology,93.88019966706582
35,17,4.199580125968486,3.1055083291476806,9.417043083006437,8.372949977672985,1.3841308064725812,1.3301720611064591,4,27,4,3.3873362334396475,76.1550825319237,2,5,3,Sales,97.46285412536334
22,16,5.180731700650033,2.512609119705119,8.57004140795102,5.196734885361693,0.8897659862822023,0.6205296917549563,1,53,4,2.5168269923637996,66.56620322224818,3,4,1,Marketing,99.99914051839357
40,19,5.0943486061661885,2.8862056410518795,10.182969909745966,5.4544811936311675,0.912281933071846,0.8702083920093352,2,13,3,4.88318939325046,44.59740103801699,2,5,5,Technology,95.18046754367657
43,19,4.6016571609292996,2.6092209304072513,9.583134929269699,10.444440357661795,1.5294666670846377,1.1129395420119603,5,30,3,3.3020748831607483,42.98777417996138,1,8,0,Operations,92.01653455184346
45,16,7.881768723888372,4.524286238561083,15.627963135633387,10.707971805807038,1.5345182102426531,0.9931182041878828,4,19,5,4.29059392223649,52.28011146830558,5,8,0,Operations,100
45,16,6.056398162513184,3.779007036169048,11.62396935539826,12.39389295703235,1.9769240341573833,1.4036673338155363,6,16,3,4.09184040963718,58.944261457929564,4,7,3,Operations,89.36590301681731
36,17,7.427829365953052,4.386378820732607,14.379545634453892,5.9663263070168515,1.021637342135325,0.9194346661128154,3,29,2,2.798892477760489,64.5680844718719,5,7,2,Finance,93.83749769804633
38,15,7.526548094105311,4.903890131054948,12.922121478603817,7.2506275976479,1.1949268761931,0.8577973777983441,3,21,3,3.504945810317474,69.18755284894726,6,6,4,Technology,95.27576723727071
36,13,5.463951407041328,2.4111639757321846,7.929664897939821,12.765036328158114,1.8285688656309882,1.2915181183018245,6,35,4,4.8153235466565825,62.819742155262055,7,6,2,Technology,99.81184296086222
40,18,4.162122160926222,1.7167304347708117,7.475305031573161,14.894019982001609,1.7522290362150081,1.2688217238976172,5,25,3,2.7135495793533755,59.912820137467946,6,4,2,Finance,97.97935926230848
41,18,4.06019400851829,2.3208351232937523,6.727396506640667,12.443806207467697,1.7209073929622558,1.2496934566901685,5,19,3,3.514328644050435,56.10518237670269,7,5,2,HR,91.33723829587682
39,15,6.873148834980308,2.6738485174142967,10.54160409406136,7.7006161916492655,1.372406363294863,1.0674971434791356,4,43,3,3.495989622675724,70.40650413078015,5,8,4,Marketing,100
37,18,8.106846778870825,3.9152880261699265,15.026794443151738,6.785528332834549,1.1546522249768105,0.8113938873266927,2,39,4,2.894178128069348,61.633760375309095,1,5,3,Sales,100
28,14,15.88355414348088,6.501371481166344,17.417873614244282,17.596757554208743,2.1050605115121326,2.160969282654411,7,14,4,3.709034856485363,64.03514417363114,3,7,5,Technology,99.95683563267102
48,17,7.455493205165715,3.596035913796442,16.852860931696988,12.048057066193554,1.9833513542204355,1.7733202677069562,6,14,3,3.2054414217338096,67.81957969297727,5,5,5,Technology,87.69524606739843
36,13,10.149612151756061,3.8966617962903105,12.155686490917228,18.85552344515783,1.9953728241299953,1.7773546662977748,7,66,3,4.482726314061663,55.14281132540344,0,7,1,HR,100
42,16,4.510213516599051,2.188044694409075,6.064273487853787,7.1289380980325925,1.132403781230208,0.894405479203875,4,11,5,3.6746176381842797,58.79331018369784,3,6,5,Technology,98.46662720203997
26,15,5.264264929224195,2.943612206287126,10.185194850529697,7.864924538798136,1.0688076938630975,0.9004649252624789,3,37,3,3.7026063425016416,50.19101959021684,4,6,1,Marketing,99.87910904232099
26,18,6.315197546295084,2.891930518594938,10.519284530777714,7.649797929881363,1.1597492176681108,0.9662048247876655,3,46,4,2.6859542810570294,65.90275170314987,2,8,2,Operations,96.40709436023086
30,16,15.313529782081105,10.282481700736723,22.36764012846419,12.772154411233872,2.2249365480115584,1.68797650714683,6,23,3,4.176725335066737,36.07572885481153,8,7,5,Marketing,99.88578131565171
34,17,7.9363638920783925,3.29210073884548,11.503533454585778,13.439823213501114,2.3579467872561932,2.0042888126215583,6,37,5,2.777459214036036,38.59384296719693,2,7,3,HR,99.84647186708848
41,15,7.858097462070762,3.9724241053826845,13.742072453676581,15.46241859975629,2.0470139070420927,2.1291176304856605,7,31,3,3.396783845151202,52.52536715160325,4,7,4,Technology,99.33060944724292
30,12,5.879354301540548,3.0922394921443233,10.634270658530424,10.16177348386098,1.1983252480532158,0.928184994690499,5,30,5,3.5959866890806094,81.9514485407075,5,7,4,Sales,100
27,19,6.0083790959347665,3.7052403608015787,9.183908859248707,11.128583773082179,1.5272670250345994,1.1506224303832808,5,26,2,2.8794659491755614,64.80943311840164,6,6,0,Sales,100
31,16,5.834531496446571,4.030759461931018,11.38077256260535,8.736856926091074,1.3851738981680706,1.4755074166245512,5,16,4,3.6118133464707634,60.84310905911413,2,6,2,Sales,92.11761907492848
54,16,5.099560263866343,3.021534857622166,7.847570832303041,6.459843258831022,0.9436532952566183,0.8363832823481806,3,49,4,3.693224329635165,69.69517785523051,5,9,5,Operations,100
36,18,5.254003063029115,2.108607713520022,11.667039403000375,5.101082885362008,0.970081739937869,0.6993405395247283,3,26,3,3.3157360169298795,83.55482461513361,2,4,3,Technology,82.96862665625652
37,17,3.8427967926618285,1.7314998749655341,4.573031923703703,6.913448087888687,1.1404301716217617,0.8082556316279609,3,25,3,2.873513174700371,43.35227399248649,4,6,4,HR,84.86263793409135
39,15,2.309488686212323,1.118056081885833,3.8639663896914986,5.7031967584171595,1.0668936149130344,0.8189509209924929,3,32,4,4.5865653818089704,72.23698797275745,5,7,4,Operations,100
40,17,6.525496644931113,3.003072229828372,15.202607749953499,10.828158599317751,1.604903332807054,1.4262326122267133,5,33,3,3.3060226162037365,51.12631079754714,5,4,3,Marketing,99.94081797799575
35,19,6.3037586828844185,3.5024361765761856,8.229581191901202,12.225725032622055,1.93911371265203,1.794077059276597,6,37,3,3.53732527861788,53.2956791526425,2,9,5,Operations,99.77347553369825
35,18,3.5444168270021903,2.130753432252436,6.733559022890437,16.747961797581095,1.8855506716719217,1.7894791598604374,6,52,3,4.971165876492603,74.15024684943624,3,6,1,HR,100
33,17,4.694917320645033,2.3581971632081884,9.526398600569632,10.87151428350095,2.180868587233179,1.4767427825094248,6,22,4,3.7029103543730546,63.15199937882849,4,7,3,Technology,99.62951088094403
38,17,4.995977463705003,2.7114362671194954,11.985779761771239,9.365924236111237,1.338040677646499,1.1268317581431124,3,20,3,3.886334132736238,64.53925473193537,7,4,2,Marketing,99.98762615273925
45,14,8.028692902243195,3.8112657226259317,13.697517849585982,10.14901254330401,1.5884500748814872,1.1783630197728527,4,7,3,3.8974963084261622,67.63411129300137,8,7,4,Finance,99.83837132628126
42,14,4.425287268559492,1.7835425508651466,5.718237445968636,11.762237954449983,1.759263115573249,1.636503198160964,6,24,3,4.104160870706506,59.94104499142494,5,5,5,HR,86.31972735294329
44,16,5.371192010538519,2.735686870606067,8.329475757777276,8.231021202720003,1.2631850307121644,1.1484461964091393,4,9,3,3.1835250854323673,60.760604431595596,4,3,3,Operations,86.11739831468344
49,15,7.695804957874932,3.928109127635203,12.741110473942669,13.001641149179788,2.3177247199101023,2.250789000593696,7,61,4,4.512131511275154,73.47087447184082,2,8,3,Marketing,100
43,19,7.32222419416476,4.095962621961402,14.002202351798202,11.150499275655225,1.641918205508904,1.381759444964506,6,40,4,2.6764656216850895,66.4481063118432,2,8,1,Marketing,99.92258775376577
29,16,4.491249872594401,1.9260219274491939,5.994665226335871,11.146057205409033,2.0191597212132395,2.0598151109227913,7,30,4,4.184700393528903,63.57366178566215,5,7,0,Operations,99.90359953298574
28,17,3.610333912330589,1.9244094187128669,6.34783625044566,6.830843462593303,0.956099155732455,0.9649141693076936,3,19,3,5,66.39729091706114,3,5,1,Sales,74.49553197070675
41,13,15.977185282314235,5.614763101396637,23.71209038610286,7.808091728446652,1.3004368803558135,0.9820434569281534,3,70,3,3.496072293257533,57.106041251348,2,8,5,Operations,100
28,19,5.1529002075392425,2.5107708874725856,6.8877161419380855,11.543084641863217,2.0090683619106233,1.2460399729589582,6,39,4,2.768624924890138,64.52817947677379,5,7,2,Marketing,100
30,16,4.631503437561719,2.3844860014351474,5.927289340671108,4.977327208708475,0.9370257872541219,0.5541400952084163,2,64,3,4.409078337332534,76.0472562416207,7,5,5,Technology,100
28,19,3.4669230622693195,2.3196052524315522,5.998622321889751,5.558961566358817,0.9527734259029997,0.6411134176847276,3,22,3,4.687789614637021,64.89976916597234,7,5,5,Technology,92.19336111263742
24,16,7.055249982208717,3.539051200973262,9.771062272111156,10.707272642704053,1.5641647099925136,1.322886571959336,6,33,4,3.0931073648161473,83.24863152322774,4,6,2,Technology,100
44,18,8.382203405864926,3.817525632150889,15.93820760084837,11.958102164672093,1.9816320419191054,1.5278273760727892,5,59,3,3.8725537800549272,65.78530234923751,5,9,1,Finance,99.88390375632271
25,17,3.7136736474278007,2.0872658885759594,7.52078866885052,8.772847044934583,1.6949485286783037,1.230381700225527,4,16,5,3.0002763548581384,49.63224516945169,5,4,1,Technology,96.05401155555111
55,15,4.4076420960677725,2.7799926592668163,9.100832564579386,7.050353686037892,1.4418219387979982,1.018580724631563,3,19,3,3.003866209539251,65.52695903508535,7,8,2,HR,96.59587354375029
32,18,5.868448915240504,2.611057239447242,6.7938543380375656,6.334754650937792,1.3997144041411738,1.028426957023058,4,26,4,3.1186515401779915,61.137537716158015,4,4,3,Technology,87.50369947326355
41,15,4.5994431930602975,1.8099928013048738,6.4645155043180305,6.53768236111242,1.016503019681354,0.6672869774322332,3,11,3,3.7924472767844106,55.17166415166071,3,5,1,Operations,86.59309855665354
31,16,5.070190561146863,2.4946656290789058,7.975627343371396,7.4422367144238315,1.259390134670558,0.9470680576469317,5,24,4,3.517697143128017,33.62581128437145,3,7,3,Sales,99.13871983304638
33,18,4.308771782488453,2.33221847464479,9.151981601764195,9.66803246032738,1.950183099929428,1.2417618104362012,4,24,3,3.6978139201963027,54.42651396238189,3,4,4,Operations,98.34407803751138
32,18,5.089614396928912,2.611556329708873,11.993703084776358,7.791308481570046,1.3694618054261836,0.9749248835337266,4,17,4,2.696155230328401,76.54555637414782,2,6,5,HR,86.70089153792235
23,19,4.017592709206488,1.8005685340907729,7.460380746222607,12.498245479185002,1.6783139569566923,1.7247484086535092,6,30,4,3.700361262525923,53.29996543860093,6,8,3,Marketing,94.65231015433632
45,14,5.674045803344846,3.0292103647166906,8.546526722008004,7.775725473521932,1.512240459168733,1.0118683922986924,4,30,4,2.6035308087895577,63.63065628549736,2,8,2,HR,98.38612530877792
24,15,7.890471312720889,4.510381914441686,10.87488484769008,9.614458036289111,1.2963831059203272,1.3375915481459097,5,25,3,2.819160053574684,63.71923700697474,2,8,0,HR,95.88869268292585
29,15,4.313965982845874,2.1550751583539784,8.171028823708978,6.866006311952231,0.8049136860231186,0.6850986902797098,3,27,3,4.69004792412005,85.01782425453858,7,5,2,HR,94.11281187269478
27,16,10.10060843020463,4.355997067290553,15.929482464045321,12.264916686907567,1.867757218549801,1.5224666008240944,5,18,4,3.8672074241200507,54.06701349329967,8,6,4,Marketing,99.99274362880146
35,16,4.913151983256308,2.9896803522933344,7.989896049890853,9.446548496450726,1.418593435347636,0.8127450450346139,4,24,4,3.395073631632074,50.839149819785696,3,4,5,Marketing,100
32,18,3.9124899511105746,1.974955127629073,10.194988993857825,9.710099638909504,1.414707427328873,0.9508425234340879,5,67,3,4.311057022890522,35.69848277903818,2,6,5,Technology,100
22,18,4.599150422602234,2.6985063538504046,12.401723761761907,10.35594529945308,1.6556824232440213,1.3437031797925565,5,27,5,2.7952412971095253,46.74309490906341,4,8,4,HR,99.95743691672584
27,17,9.123525163365029,4.210011735935145,21.748123024470914,11.761203134618665,2.1667388249170667,1.5398566757242673,6,13,3,4.994366362441062,42.607027985446855,3,5,4,Marketing,100
43,19,2.9055402980618257,1.5567686684057165,4.865725431140523,11.28070133545536,1.8676873956367948,1.4840063578837277,5,25,4,2.890929674559109,43.70834399058627,6,4,3,Marketing,100
37,14,9.546797362027124,5.679094973440751,19.570576063065356,7.343156997829056,1.3082395757207539,0.9779572603426253,4,21,2,1.797821427803741,57.82762573610944,5,5,5,Finance,91.4590043999152
34,19,5.307654913784718,2.487112004366838,7.62689832708744,10.257447027130572,2.2175873869885336,1.6294850640677412,6,100,2,4.187677614123743,78.7371730408203,3,13,4,Sales,100
33,16,4.065900704647002,2.5248469567635765,7.252054462682305,13.789961211609432,1.7311482506721334,1.5109398377577976,6,25,4,3.9847081242715556,49.70362874664756,2,6,3,Marketing,95.12711023258379
52,13,4.500018672803173,2.0901122556183847,4.507822206937322,11.434524430967604,2.1144390641337525,1.7536681786297907,5,15,4,4.384707546829241,53.527510270577324,2,7,4,Sales,95.13957457561378
42,18,6.54417853500205,4.090099693415886,16.452888347671987,11.516587472363833,1.6265949509889948,1.6525300127351488,6,11,4,2.915623491460535,68.54462653120501,7,9,3,Marketing,99.87909408571993
47,17,3.5288851180424854,1.3249447155519727,5.896534844075876,15.982755811852602,2.2475330700631386,1.8005447869740872,7,31,4,3.8640186400364445,58.6218427145216,1,6,5,Sales,97.9303756081777
28,18,4.088394306375691,2.7092555565843615,7.268517688199431,7.880916759145994,1.278802528845553,0.9024193468996774,4,58,2,2.99902809006905,55.955850477767086,5,7,3,Sales,99.83643569827562
37,19,4.146696243774258,1.9826288208644613,7.903746028558951,10.724653658229371,1.5672314864185117,1.307939473528629,5,17,3,2.7909059841708768,60.3756657723216,6,6,5,Technology,89.3043921093821
30,19,6.6868376220562284,3.0951817531700074,10.520742196937684,7.316392565802589,1.1751845666751204,1.0600060859819473,3,41,2,4.592824014650919,57.04742784884692,5,8,5,Technology,95.49950355577536
34,17,8.079219271979236,4.436566772599691,12.20872964131114,4.500048521359301,0.8441333039473096,0.7263547230445594,1,22,3,3.7868717618288903,55.36107095838979,5,8,3,HR,97.77308428970898
29,18,5.7123972913695376,2.287907502584827,10.089830922845692,9.669858447376892,1.2078619415206435,1.2801442870111785,4,15,4,3.198475164652702,89.45831785116005,5,6,2,Operations,82.63173973959762
34,12,6.464659399199384,4.229404706286373,13.825781786854666,11.14872906669539,1.6810005337195317,1.2254402006316163,5,34,3,2.597104343356308,67.87884353926871,9,5,2,Sales,92.82963870987295
39,15,7.171362691744004,3.220424578779351,10.305516366000672,10.81676188025126,1.3119602070977794,1.1720946357770166,5,23,3,3.8207100204433213,56.823304480648126,4,4,2,Technology,84.15901067728936
29,13,5.981295427912109,3.2882738720901923,9.53218543606153,6.987456425134853,1.1108744387556218,0.989665624958064,3,36,4,4.696335603163792,55.89878933010093,7,5,1,Operations,99.88688444724505
46,15,4.819665909901716,2.3875586106684255,10.563370218639845,17.0035204994423,2.3621645825924467,1.5436685086349717,7,19,5,3.7154133118511328,51.78932192331025,6,7,3,Operations,95.53628287818348
35,17,5.662516325968516,2.2018165712413937,8.639834519341377,5.968428016464673,0.9331786766774194,0.834348984085072,4,59,4,3.704919927231376,61.95709056700023,2,6,4,Sales,100
31,16,9.902590408921547,6.3239088700761235,18.805951266906412,10.61727451566686,1.7745724311910036,1.3794992560906032,6,48,4,2.992394873741937,55.629954091906455,2,7,1,Finance,99.96294030465701
35,17,6.140309887402394,4.192768533896108,13.701144674952218,11.372991604710025,2.3061648033917153,2.1419696896075626,7,26,4,2.1732716825361487,65.85658413296494,4,8,4,Operations,96.78017840398448
32,13,11.606234823905023,4.017805545737251,16.823175633276573,7.820545706308044,1.356843787078798,0.99086069583843706,3,16,4,3.594509443027375,38.05574048642259,3,5,3,Marketing,95.06244186834019
32,15,6.3920326906893905,2.9831047654514227,7.974418833462794,5.240270994725135,0.820145729304355,0.5704752642939033,3,37,4,3.494207794708931,67.09024640147474,6,4,0,HR,91.62563233736329
32,15,5.113630158615882,2.9028178486297835,12.42590184322324,6.674766292195722,0.9677678675226115,1.018864089139239,4,10,4,3.9273226511697623,42.032416550212,3,7,0,HR,86.59638319493133
39,15,5.972005624562244,2.9070989171243906,9.826893323087615,17.428455676581383,2.229108015675767,2.429517893993103,7,25,3,3.4143184932249833,60.42638355890108,2,6,5,Finance,100
26,18,8.134513221206287,4.617649282047272,12.68979317277653,5.951150531935113,0.8931974755114293,0.6696823470208877,2,44,3,4.187230397372864,44.959642527121495,7,9,1,Marketing,99.92803431713966
34,16,5.788401792198131,3.2922378482170265,12.390871548461675,8.778320153418834,1.282163339193205,1.1746896950518495,5,46,3,4.066969949896171,48.9638934319915,3,8,3,Sales,99.98452812752828
36,19,6.956153802755717,3.9897844873564434,12.20143338468121,10.525521299080369,1.3059444361873396,1.2985979796742835,5,10,4,4.697972056058994,44.11272915524385,4,6,3,HR,81.9247521074002
41,18,4.635751338898547,2.4875186511190583,6.304183781094536,11.03488774134258,2.0264445119197947,1.6210562214731499,6,17,4,2.9936754004176587,64.84712779560563,7,8,3,Sales,98.96691435405867
32,15,4.1918480243152985,2.7945823345214555,7.6440493259551,7.980984941832598,1.395039534027954,1.1684356200571677,4,47,4,3.800927415209488,55.18646607931945,2,4,3,Technology,99.8773636496255
27,17,6.546532720041648,3.8126909700266833,13.417657914872622,16.066179848066774,2.025457832040253,2.027358638783872,6,27,3,3.1137865515831677,73.47904324386661,5,6,3,Sales,84.98345233927597
43,14,3.538325702612188,2.1876579960219233,7.0442960594813,5.291597741988371,0.7763317728620472,0.5845607775404309,3,29,2,4.411994924935473,80.60024099254007,2,6,3,Sales,96.86168392430046
48,17,5.543650067709365,3.5938181220663528,12.925668674241747,8.974107442671986,1.4522580397650549,1.1210550099990677,5,29,3,3.924771495145594,61.168522977782644,4,5,4,Sales,100
41,19,5.479559099550506,2.220495002194523,11.47191428361738,12.006437267534475,2.1740787596577693,1.7649003862275279,7,21,2,3.2905018167057567,85.7161003701949,3,5,0,HR,99.91294533560055
33,13,3.3355761006773705,1.6501464968958566,3.6454769885337366,8.485008858421478,1.9902555096478696,1.5512780402385578,5,21,3,3.600971966273173,52.78895212872763,7,5,5,Technology,93.1956661713085
39,14,4.471983693395057,2.8635345138347175,10.324108586402952,16.472658177436806,2.7068528751848806,2.5551491803645883,8,45,3,3.986935676431408,94.16458206754756,3,8,3,Sales,99.98384845253378
34,17,5.286642948444807,1.896000610971344,8.243643782118209,11.223973394952708,1.7511671170950436,1.5823146322433108,7,38,4,3.8896567814433327,38.68734160065142,3,3,1,HR,91.36874638343643
40,16,3.9509423932075003,2.028376534083238,6.143683595714894,7.749891647452536,1.5194354020533267,1.17259810055118,4,19,4,4.893229638741435,55.32282676403431,4,7,4,Sales,94.28053036281139
31,15,5.806956079951161,3.039282994637948,10.12962621130597,7.785230538010332,1.2650978626598823,1.0400724604977867,3,40,4,3.718790323327667,26.59240840367165,2,6,3,Sales,100
40,15,6.901247452418358,3.138420198796958,11.452280309609094,13.650494260450705,1.9676039590474383,2.01995164371369,6,40,2,3.1900445783993634,82.96508860407408,4,7,4,Sales,99.8612612380628
34,19,3.4074024297843195,1.9799445247586118,5.437165824949614,10.295930320073575,1.38628695177523,1.5379475686736088,5,22,2,2.7033695084289,70.65128950986552,5,6,2,Operations,91.73729298258384
44,16,2.518340202216805,1.4911022222025876,4.969229315065181,15.666537516623677,2.4937226365906993,1.8851683528479914,6,34,3,4.177701971664765,50.30088754235923,1,8,4,HR,99.9599074582149
27,12,6.754046416137017,2.5648994244711356,10.682956265323423,7.762912170687408,1.4970026842825686,1.164104730060016,5,48,4,3.4330814044158147,60.576386316738436,3,5,4,Sales,100
34,12,6.596166897956307,3.3115283860749893,13.958708577096962,14.61129232947753,2.2726439357977917,1.6976158728394704,7,46,4,2.505505731534435,76.27456043471845,5,6,3,Marketing,90.59185696324255
30,16,12.869416876875018,3.5989208187096233,13.898455587593492,14.02245474312086,2.2377411013102586,1.714142092173234,7,22,3,2.782897913684477,58.196218866111195,4,7,2,HR,96.21088340290045
24,12,4.233955015254536,3.1835287865628996,8.415695385835575,15.090388879072824,2.14122191775728,1.7572493789788866,6,24,3,2.7092814594604255,87.86729205080724,1,6,3,Finance,99.58062801023844
33,20,6.721297504209539,3.567122944426361,9.17733355684677,10.472516632861526,1.7806870167550883,1.3448342878811386,5,17,4,3.614186419939349,60.18506025290341,6,5,4,HR,87.22589357562765
37,20,7.495327924674661,3.63428669231705,15.002384948339156,8.66434693124834,1.795144981192436,1.240678240408054,4,31,3,3.0885744875438563,67.3981587823865,4,2,2,HR,85.490586753825
30,17,2.850719785089849,1.2431661648289891,4.198439917639214,13.245052433895546,1.7975929974282692,1.1630678320942431,6,33,4,3.6934016993513574,40.16950389475359,3,8,5,Finance,97.30440371440388
33,17,8.105806544936243,4.085903642988684,13.49686129599561,10.738788402385106,1.680559987103743,1.5192977442296782,6,81,4,3.897360586363898,67.33999961748466,5,7,4,Marketing,100
34,16,4.346560168501398,2.376584219620476,8.323988209038117,10.067622462059955,1.7804148764886734,0.9690524247346032,4,57,4,2.7869250259482072,47.79464411033963,6,6,3,Technology,99.9880194938777
44,17,4.895490162450107,2.4856015247108068,9.079553264821804,6.465753800391424,1.218610924009619,0.7707095487974857,3,37,5,3.9984068061699642,73.916915583345,5,5,4,Operations,96.73279755417049
39,15,10.339370805454726,5.121470273362235,17.365338736712957,11.092014388315913,2.392900038977723,2.131656983736555,6,27,3,3.5097196255707135,56.11025997827121,3,6,0,Technology,98.92398559964737
42,17,4.319925325185266,2.60390500461988,10.014452938864238,8.534138533637618,1.2982410277652439,0.9005580779931223,4,30,3,3.2776529154409086,37.138736790604526,4,6,2,Sales,100
29,18,4.897716101744875,2.1875560459490853,5.804787095252709,10.54182035525474,1.1852748376890079,1.186695675352035,5,49,3,4.405654428061903,71.60427802404064,3,9,1,Operations,99.79548832186774
55,19,6.899283557241013,4.093197389435713,10.179563590989094,14.71637883533961,2.8292257366923024,1.9543655473217145,7,21,5,4.482283778971321,68.75858138617981,5,7,1,Technology,99.91439968748212
40,13,4.43279464577483,2.5062281835184397,6.027569268378161,8.775434576074163,1.6036665798068326,1.1638380718802999,4,47,3,4.293848988795569,56.742332706576526,3,5,2,Marketing,99.99440367673125
47,15,5.557132857776282,2.6705737516435444,9.159719695031654,8.142656259194503,1.2848662064740206,1.1999394472192368,5,51,4,2.4224221896650238,67.81810484679265,4,6,4,Operations,100
44,16,8.492853745061012,2.878527587105301,10.496077442805792,8.09188734096343,1.3389581635058636,0.9750046218593569,4,21,4,1.7913854777951947,69.87726074765705,4,5,1,Operations,99.96814104676223
48,15,9.2751805290554,5.016044327101015,9.70615339973841,16.517283148997294,2.321178861390021,1.7004380964008665,7,16,3,2.221638341296923,68.69144942419969,4,5,2,Operations,100
32,17,7.1027792297966155,3.191135771577474,14.381014525919234,11.553071223068427,1.7561550643085089,1.2832765889784956,4,18,4,3.8205896697941215,65.74039437384407,4,5,4,Operations,97.59409562794885
32,17,4.750659425012842,2.509571760698405,6.590695160474715,9.086449263613225,1.5363445907692688,1.3151180946442822,4,11,4,3.2113654501456486,64.12844995209143,2,6,3,Technology,99.96355114459028
38,19,8.962956243739285,3.8548778892700755,14.089643763552235,10.789051763991933,1.7244088027426288,1.3559935561258414,5,29,3,3.688403537075885,53.648866422601444,6,6,0,Technology,100
34,16,5.116194587506803,3.0897140267931085,13.67319351280726,7.0039407678436705,1.1685748891074004,0.8305495329002746,3,22,4,3.4012748260185486,56.21298526843731,2,5,5,Finance,88.55772269006086
38,17,5.622666393990733,2.377025304687587,11.442916726274735,5.022513233916237,0.762662368450236,0.6008497263169286,3,15,3,2.7891382435684426,51.12475426167487,6,7,4,Operations,86.67744273252838
37,18,8.035565500100667,3.8716317611268245,13.674481326441096,4.898558319584602,0.7253541388624987,0.6613278131488167,2,34,3,3.078687728475111,52.325804474477096,3,5,4,Finance,99.90075344703037
47,14,7.47290076505365,4.237930053287266,21.233321805216722,12.949519708766898,1.9194982136034124,1.6801279707083498,7,40,3,2.8026629403859973,71.56638299822625,5,6,2,Technology,100
42,15,2.802036151718268,1.7910306864165961,6.459185036538247,8.531452740747433,1.69655975348856,1.0765468914820737,4,100,3,3.5206556943695295,71.30415332110383,5,9,3,Marketing,100
47,19,13.126555566371136,5.794693664786813,21.733215529109337,9.601280236695091,1.6853877973019409,1.274851759760607,4,15,3,3.9119118919337423,50.70855861398962,3,5,3,Sales,100
42,15,7.594912269926924,2.703079643736119,13.96660341109656,13.571311645609827,2.2428580215356537,1.6002183143860365,7,23,4,4.705979260545523,26.558064156763944,4,6,0,Sales,99.98251671540882
29,17,4.1819095387392196,2.0836976121934794,6.807456776528275,9.978562814831486,1.3700133329672994,1.0946683925533198,5,37,4,4.4873453583547525,72.25724947747833,4,8,3,Sales,100
38,14,8.126123760822596,3.9646995714097786,8.126123760822596,8.70650705540966,1.3976391035225149,0.9002668792098117,5,20,4,2.786217158562919,52.79424534098002,6,7,2,Sales,99.93264075507511
34,15,8.486376840767388,3.326490486672073,12.630763661597145,7.820379841389247,0.8724224838187378,0.8171167978854087,4,22,3,3.4976173179842975,66.36665677114759,1,7,4,Operations,88.8066401677373
43,17,7.66912898568022,4.320566203207356,10.08080830164234,8.873264995902712,1.6239529573972975,1.3414222355335197,4,15,3,4.4836161594313255,16.26914418309015,8,6,2,Technology,100
41,20,1.862757426387864,1.1280546079782274,3.7055664899488887,16.34305684693291,2.1300607147955115,2.2570552031523423,6,35,5,2.9221377401178334,33.50674705585163,6,3,2,Technology,100
34,16,6.319352336785167,3.717302508799328,11.46696672983324,9.842965814629173,1.2854840342421985,1.0174793061908665,5,29,3,4.906668239808621,53.87745382718348,4,7,5,Technology,99.92179195805086
35,13,4.458104306273573,2.8133095561532127,9.17665756128931,13.451874518745196,2.1092985166406906,2.2378907877545764,7,18,3,4.789798149322054,77.29277389937963,3,3,1,Operations,88.62687596812926
38,16,3.9257885447597154,2.7944289681467067,6.79120338062599,10.021367438396432,1.5020433027031905,1.060565007654845,5,11,3,4.105221230163724,55.88922672059573,4,6,5,Technology,100
37,19,6.659264500269114,3.672422971395645,13.05888689310884,11.929088277923679,2.0331657647963173,1.4364257242041614,7,36,3,2.6965433929657014,58.95374921827779,8,7,4,Sales,97.0047227633789
37,20,6.6903394861597665,3.2152394314064963,8.918386006058334,11.3900279339919,1.9074428417725569,1.4918430192182435,6,17,4,4.393768174693616,47.595527541360084,3,8,3,Operations,94.58937940970632
41,13,2.8894854613892558,1.571638203489915,8.812599425805688,10.622967168604,1.1873853207632357,1.4283909324992894,5,43,4,5,45.41501139398888,2,4,3,Marketing,98.86265199221229
30,17,2.846951077100333,1.8175947435412767,3.9584902421423416,9.739738053754616,1.5861394708261773,1.1368262119172932,6,36,4,2.795871614910184,69.4332556071771,3,7,4,Sales,99.97707842124731
39,17,6.289769517524439,4.509921901088984,14.224793499249667,10.979326379626324,1.824787315315138,1.3644320297164447,5,59,5,3.8771885644219783,66.63261534797161,1,10,4,Finance,100
32,16,2.878525200691085,2.1984139116607655,7.498532089580051,6.617810940481138,1.2758771102076076,1.0696850033871832,4,7,2,3.4868152265575536,52.3366238681389,0,3,2,Operations,72.53408601644084
45,17,3.534058976826812,1.6774722643301727,6.957503203293468,11.763787205303256,1.5202029480044217,1.3729201207705004,5,17,3,5,65.88884020825019,4,5,5,Marketing,85.08029538123782
46,20,6.4734276613968,2.6974730641061653,12.725772937258952,7.111579481150326,1.3675204939573198,0.9306857027672216,4,26,3,3.725704632326983,56.092710719818534,4,8,4,HR,97.85964305936928
39,16,6.185508537001233,2.8339189166889347,12.613117496434153,16.074773872933374,2.504570537092873,2.3500048000443954,6,35,4,3.4973053932119202,74.17809427726506,1,6,5,Marketing,100
36,14,6.690893152833081,4.435256002138229,9.718533954926027,10.467717356480591,1.6488736564205917,1.1661605475907615,4,22,4,3.6068998553290847,54.677506794177766,1,5,4,Marketing,100
43,17,12.4229348629436,5.196180542743744,16.75867040219607,6.871858002461577,1.115054138349395,1.0242242859720092,4,41,2,4.987719174706244,72.39177974602248,3,9,3,Technology,98.43470345934556
38,17,7.50038401489727,3.4768609954633365,11.656625229927371,15.769251197076587,2.3118183540306214,2.2703854574979627,6,21,3,1.306600551494356,46.52955637241641,6,6,0,Sales,87.32114864107925
42,13,8.29213868259728,5.22171276601088,11.627199193210418,15.469209176190637,2.033330865387298,2.3157488392579455,5,20,3,3.8878019273706603,50.90139002624433,2,6,4,Technology,97.44263617461766
34,20,6.247490501059739,3.2254509219495806,8.660488208926981,11.821504546027978,1.5998589700590269,1.3474460001827668,5,49,3,2.321038982762012,40.83821148375692,4,7,2,Operations,99.84431964465438
46,16,11.855637836754964,5.136427943237012,21.765924293396274,11.230255627820007,2.1507784389258457,1.3087517272639337,5,33,5,3.605959631623116,83.92143509600724,7,6,0,Operations,100
30,17,2.6050964147496853,1.8658573427637266,4.321377384326991,14.193110125235357,2.564657621389096,1.9606349265101561,7,14,4,3.3203401437795885,51.43307116324103,3,5,5,Operations,98.75733522189056
41,14,5.569356825883903,2.0972582751177735,8.032924331496996,9.316609930062487,1.4578825130963053,1.0671101220252026,3,20,3,4.2010013896484155,85.36026865783109,5,6,2,Technology,87.35513271592657
22,16,4.447701007734009,1.1693370759643793,5.042107321011544,13.524469423795876,2.043488297079696,1.6735299355159599,6,49,4,3.999575681556121,57.77270902697066,5,6,2,Marketing,100
49,18,7.000867153403305,4.505599181198352,10.843592395807164,18.202864898280225,2.5327208179226313,2.3996740530058385,7,16,5,2.901006635403234,68.5739667077884,4,7,2,Sales,100
35,14,3.7398730787493744,2.317954136938204,7.586571735539968,12.178161277700305,1.6333455385178555,1.4435405968790598,6,61,2,3.179378366631532,59.50044607541821,10,8,4,Marketing,99.84231910975677
44,15,3.566923601478878,3.105391792665208,8.81646444810175,10.79322944755066,1.5940061534413394,1.3795179425499517,4,38,4,3.816398585873334,58.242609225012664,6,8,3,Operations,92.14168571896325
36,15,10.470415828809294,5.13961721390637,14.787310551158301,10.889167858249845,1.474339669614431,1.3515786902664975,5,33,3,3.1183124301669216,52.970604021846015,2,5,4,Finance,99.9912371948126
35,17,7.2246191358724925,4.488378102142466,15.097251277160408,12.971948481867226,1.8689314665702783,1.7481375085878097,6,26,4,3.365139674167473,64.20740421428708,5,5,3,Finance,100
38,14,10.256258409887383,4.976564288664469,16.676431720578446,12.050192169568762,2.38579892052682,1.723782798426181,6,22,4,4.196836108063639,83.18915579358817,5,7,5,Sales,96.51847376151977
45,15,5.209569130704872,3.110375156887849,8.886097929584691,7.070263327202038,1.1693662995649339,1.1502522845156853,4,25,3,4.1288278163299035,59.313748339873854,6,6,0,Sales,84.55759631068243
33,18,13.044418428926974,5.155132406917409,25.62830960417542,9.804142751498116,1.9161703226661353,1.3848208508144233,5,17,3,3.802159517751074,49.50490996943197,2,9,1,Sales,89.02630155634394
42,13,4.701122945814711,3.315630572391975,11.127105571146616,8.624769320021626,1.3187282530784377,1.0576427752729662,4,43,4,3.310981034604931,85.11454706783165,6,7,3,HR,100
30,17,8.082837353118526,3.801338330008686,16.821633914146165,8.0267612202975,1.6433374582871536,0.8815945897856552,5,47,3,4.802863572783628,74.44938009646769,2,7,3,Technology,100
29,16,3.4758273931916586,3.1833405505161,6.3629679491791045,9.79091156252643,1.4767745590491428,1.2161331080853037,5,33,4,3.72967265099114,78.93704970436885,5,5,2,Operations,100
22,17,3.680527079037534,1.4269863128760776,5.685527448577716,11.12378958665851,2.53836481453909,2.2848548203140866,5,31,3,4.887519436882327,44.81814376510561,5,8,4,Technology,100
22,17,2.7337687052472406,2.4184423798895733,6.733052408413655,11.089566408222543,1.6387887277956052,1.3203996140313223,6,54,2,4.0945141935527225,43.92401742880058,3,8,5,Marketing,100
36,16,4.950440316585792,2.9044517081264747,9.854420744228037,11.807378959939623,2.223902689465116,2.151831805717495,7,43,3,3.9110988274450844,76.37827477704428,5,7,3,HR,100
35,16,5.600491933551639,2.4892786926043993,7.43873025269075,4.604771667983702,0.8725940813979483,0.7234485279346264,3,22,3,3.7192540319439225,62.01525518193179,4,5,1,Finance,100
29,13,3.934510202761078,2.4863552778929505,5.48527118487571,9.776933534530967,1.7987478705493334,1.3124111553657405,4,15,5,2.8230119528124566,77.6232805761401,2,3,3,Operations,99.0511908209944
32,18,3.622876949102425,2.407713935562543,7.558071494781736,8.8356339011336,1.1161267178784393,0.7827621552120398,4,22,4,3.8277565805877454,63.471842320699736,1,6,4,Operations,97.1190957357933
46,19,5.485562271005437,3.682651698213162,11.467530317030366,12.808343561174746,1.8811480655376516,1.8723565174191492,7,32,3,3.9951549373689397,68.41266743532843,3,7,3,Technology,100
36,16,6.989250676661701,3.3744222809223006,12.025279435431251,6.3056242423195,1.1802300474587377,0.962755266538047,3,29,4,3.3141062340287633,57.344870897499234,2,9,1,Marketing,100
32,15,8.024119458186169,3.5282861951537305,14.523423839893407,9.225569266126346,1.5480563629594266,1.3304055321464692,5,39,3,3.6951628000628087,61.9802478745693,4,5,3,Finance,97.90688517522274
29,16,8.382471311129184,4.9785169464099885,13.293778807129408,6.012039696230838,0.804775881251941,0.8643001666000367,2,17,5,1.8181526127411705,59.98915967396471,4,7,0,Sales,89.2194050083013
28,16,4.84918261285657,3.98359201537456,10.154863119894042,9.888934726194014,1.6459933222883576,1.3905855595124368,5,36,4,3.2928960825930216,61.38955092704315,2,8,2,HR,91.9603929998299
39,17,6.085327048191419,3.2224337560960543,8.268226643667639,4.174303736595472,0.8149560939007692,0.6449655495662968,2,21,2,4.22682596415809,50.107239536678414,2,8,3,Sales,99.94082821116808
43,16,4.282993129208209,1.3854731989544307,4.96318159036787,10.222785827980896,1.9737318583823587,1.6805483717317757,6,26,3,3.295659762295139,59.19213788287025,4,7,3,Operations,92.97038539127804
31,18,6.2875212310469,2.602323321875028,9.028941868455055,6.801285271718755,1.417733342951982,1.0596970365055187,5,40,4,2.9149858741277863,85.94166489151222,5,6,3,Operations,100
45,19,5.225897635636021,2.804734839262873,11.916493002106543,11.186305315806477,1.7731321083493585,1.4328052422778863,6,32,3,3.1100371158492024,60.381223064244395,1,5,3,Technology,84.05385156719787
36,15,8.951207358831885,4.385028814852302,13.001668022315744,7.7570199715234445,1.4143673184924606,1.0724423351815227,4,23,3,3.421784730599923,55.674998099721805,3,5,2,Operations,100
36,16,7.516590396887921,4.316231453846061,14.489526539223194,7.431585480911513,0.984390572048075,0.7850123239821656,3,42,3,3.283896883743516,46.872655872181966,2,10,2,Finance,99.84967566256874
32,17,7.637443560902229,3.743053144872603,11.818627651348347,8.369106035997788,1.3891750133181828,1.2648325206289348,4,35,5,4.308008704030957,70.84606099845597,4,8,0,Sales,100
22,19,5.727517836676885,3.02840209779101,9.568718488113895,12.277401526677869,2.1622091020336014,1.6633418521306336,6,27,4,3.318306889608929,72.22537994938575,4,6,5,Technology,99.89013783401481
36,12,7.907242329602607,4.080536571614519,9.202516986603147,15.898269002679898,2.3446831835046593,1.6979211880331313,7,22,4,4.198974528008087,95.86507011171484,5,6,5,Sales,99.8676572199551
34,13,7.323081701748204,3.7954020282220498,11.147604788701182,8.520526881034883,1.418777348447259,0.9421476752416788,4,51,4,4.0965598196379736,56.139368060241225,3,5,3,Technology,99.99735702555179
29,15,3.691539457004255,1.8423497774762077,5.902455050881138,12.60284604450594,1.8676912230709033,1.360536718475864,7,55,4,3.800928315520534,54.71118742721953,6,7,2,Marketing,100
33,19,6.2396537484505386,2.5153382326780562,11.928345093324229,7.168572500511035,1.0495754962857626,1.1897807142060732,3,50,4,3.898879615882751,48.917660044815605,4,4,5,Operations,100
27,15,6.769598114932199,3.6251204762315705,8.034120041878124,9.068703763875249,1.5145423019256943,1.2006237194650893,4,39,4,3.7105945262120135,56.95236905901909,3,6,3,Sales,95.53462193992988
27,15,3.2349588187122906,1.731742639119811,6.765881612892675,14.242821390879566,2.002069463542529,1.5498069850935237,5,33,4,3.4204266424478957,52.212133974685585,1,6,4,HR,87.56428020634212
27,17,5.922235140573521,3.1248504281977048,9.474872898768792,9.238920614184892,1.2591615848064739,0.9000013695040219,3,32,2,4.593296809450273,46.24811441963359,4,7,4,Operations,100
43,17,4.357594089941973,1.883375024722412,7.534377341137299,15.151371563126283,2.480777019490739,1.763745217732077,8,29,2,2.3802662769839245,29.440665790196235,1,8,1,Marketing,90.51292329540361
30,17,4.782314881026299,2.3007548559352853,9.50973789071698,9.664468709686345,1.737260794637547,1.0797236948219575,5,22,5,3.9967282020574166,44.88782414286279,4,9,4,HR,86.98943482655854
44,13,5.77460488329915,2.8634225598093854,10.725569600021624,9.712227825430903,1.7027892994865872,1.6374070222605879,6,31,3,4.622480727148457,81.07755928375691,3,6,3,Technology,92.50365463409167
38,14,5.400443267642423,3.522119768160144,7.534558824648367,12.403172333861775,1.7997045304749695,1.536603479271331,6,17,4,4.240305168077106,21.626139751260276,2,6,3,Sales,99.98766460454493
37,15,4.656686362704368,2.564991907449789,10.61515490744366,13.220063376071856,2.011940782711428,1.589453942601944,6,55,3,4.223346804743587,72.44083398259944,2,6,4,Finance,99.94068979524458
39,18,4.44585396286706,2.8042438837517527,7.240433095586626,6.933188666175864,1.2303570967246305,0.8677615504877638,2,50,5,2.592523193126271,72.02624759705994,1,8,4,Finance,88.26781664979681
26,16,10.521150819777926,4.910218518112054,15.932617238388268,8.825859667450157,1.2742617495041546,1.0966432462474416,5,53,4,4.1265376537628295,46.016585257699504,2,7,4,Sales,100
45,17,6.013299728437004,3.9008342069815347,15.291584934201968,6.9393670190254095,1.3663669923443404,0.9270344036353277,4,9,3,4.120417419498262,58.4617558098848,2,8,4,Finance,88.56901261926974
32,18,3.5032084866878406,1.5662778091783416,5.917715219219614,12.121485765626318,1.544930006604578,1.2766577786357913,5,22,5,3.3013750561274855,65.54754181001019,5,3,0,Sales,82.59955700044787
38,18,5.913849259727425,2.3961122274351023,8.31717923430636,15.62049421917214,2.4982870096856864,2.8966709214524338,7,24,4,4.192354835669431,58.343681225754956,4,7,5,Operations,99.77572068931683
22,16,3.9089798813208474,2.4909462232842237,6.27425859146043,16.590806537677036,2.3451358145502117,2.4569065722506727,7,17,3,3.576172377360041,85.11643455557368,3,7,4,Marketing,86.42115317636451
31,14,7.848228877054383,3.7935909977018274,11.006257103979392,13.542107516116797,1.9696090481106778,1.670520708928629,6,6,3,3.01673329574935,41.450088813135196,6,7,1,Technology,89.24047906685313
39,17,3.0948139283269533,1.775775847837295,6.760622272893438,9.329914304394942,1.586306530255328,1.317199030582744,5,42,3,3.390668449229136,73.37255117522814,9,8,4,Marketing,90.73147552682305
30,16,10.801358076958948,6.968365010259238,23.727082438229704,11.169555031109832,2.0403827469241658,1.6804066402113793,6,33,5,2.8151034150423477,86.79929848679146,6,5,3,Sales,100
37,14,10.502980099346084,5.605932912216564,14.854793915760244,7.237412883771374,1.3208957866488253,0.8049914429709927,3,35,2,3.607689092133695,57.85359808389637,2,5,5,Technology,93.29770486241478
39,16,9.152079569753111,5.22760595929884,11.660184559441907,7.495562000716214,1.0444384045100754,1.1769966343257057,4,36,3,4.49413963267542,67.57504391101352,4,6,2,Operations,99.84809008072648
27,14,4.629254270705884,2.584801454461607,8.429765534440172,13.28443037816116,1.5743647914634455,1.5900195836323103,5,16,5,4.499574707880347,76.8559796284258,3,5,0,Operations,93.86290107253022
26,17,3.6473279765505233,2.389376622749485,8.914343497614933,14.086023700271257,2.1291175751786278,1.641169282135701,6,16,3,3.498713206109659,33.57172746882085,4,7,1,Marketing,99.97310667285872
50,13,8.408859622229631,4.991898954529433,14.88767892589349,7.4822294555665145,1.401387928508028,0.9734768756262125,3,49,3,4.096932295296874,67.12488485976881,2,7,2,Technology,99.92419942008837
27,12,4.856202327966422,3.0995127539083582,9.428111321133306,9.097159449853764,1.783778139432053,1.5230663388261136,6,30,4,3.1244771277326753,52.66474655045602,3,3,2,Technology,93.7297695547428
29,18,6.388591707807242,2.7866171808075775,13.393214041761473,7.101045913773649,1.1897616874603305,0.740005618582552,4,42,5,2.706257545613731,72.86815952033625,2,4,3,Operations,99.898358545853
33,20,4.727842736548352,2.7066512916803673,7.33432138394443,8.766211073190842,1.4054774222977224,0.9959840130214447,5,52,4,3.101907338225121,57.73923362982699,9,8,1,Marketing,100
29,15,5.068143869304565,3.5158584757392775,10.296831795430405,8.783088456479362,1.2519339514071366,0.8047940866627096,4,70,4,4.489430950524745,62.12319656065018,3,8,4,Operations,100
39,16,8.837783638887336,4.027840230441699,15.4285807606794,11.77108757504854,1.6963730976494809,1.3346083755642832,5,56,3,2.6123635838862787,88.24151014200217,3,7,5,Marketing,99.98677364090072
44,20,4.148283563423817,2.093220942539928,6.680379201517961,9.193820224655179,1.8143881394858485,1.4564669225467424,5,10,4,3.909812352674947,65.33256254423772,7,6,3,Sales,89.57609611866147
43,15,6.104933248218603,2.9991521046694856,12.669576590334099,8.042451142362731,1.4133396638620288,1.3689395524014978,5,21,4,3.427472797239955,70.72789891687118,5,2,1,Marketing,98.83478451804065
30,15,4.824901985401502,2.6576094547926723,10.482886600226681,15.190350804075832,2.417367320153959,1.6358624397700152,8,64,3,4.27279355228275,63.59672435801918,2,6,2,Marketing,99.96005484901941
43,16,4.184611708333633,1.906796271707178,8.1361727978974,9.594938122524276,1.4230715906979408,1.168992616136973,4,12,3,3.0988468187226457,66.34039772479086,4,4,2,Finance,77.12614965576975
34,15,3.8311980379036994,2.5803150582310272,8.784041951565664,14.637014989903136,2.287795981044007,1.7479879760081916,7,20,4,4.106418566945125,67.18666728202417,5,5,2,Sales,100
35,19,4.607152730322352,2.6464543177874233,8.73692898193876,20.87739763700392,3.0592873176168673,2.604447238252871,8,28,3,2.990130839478317,71.70864086529008,2,7,4,Finance,100
36,16,4.552233259915545,1.494836458931903,8.832137696186104,10.904518048268658,1.4977122917623795,1.4578780484018106,5,20,4,4.228431372838657,47.6830945249914,5,4,5,Technology,99.77413222242369
34,19,5.909012464774849,4.047039419936878,12.10907141771013,12.158293687241242,1.8895142513543288,1.7288412193466203,6,40,4,3.7183325391831117,49.98361409566495,1,7,2,Operations,100
27,20,5.538990783163805,2.316964752769238,9.624268631417927,9.850713463732282,1.4775246860908118,1.4644178355716135,4,14,5,4.996561119993259,82.2588958814313,7,4,2,Operations,99.93745687129291
42,18,6.538498926455809,5.508523525768193,20.18262927315257,10.018668689652024,2.0026576883526466,1.770561439664963,7,33,3,4.213520840150328,37.23548532981556,6,7,5,Finance,99.90985628000774
29,16,8.711062532077452,3.5059691189480984,11.91493084944629,20.126484576403854,2.9107306533309143,2.0826969680181002,7,11,3,3.803837445586312,55.978473221260934,6,4,0,Technology,88.54981747823365
45,18,4.7081403053297946,2.422327073842681,11.767604912773319,7.804500289264012,1.1321620155705217,0.9444365085631626,5,26,4,3.6065287669565387,54.32290370524144,8,7,3,Operations,84.22838760987663
43,13,3.85480213477618,2.2712769902321197,7.7237246310565695,10.961879908014994,1.7652886817690148,1.5171304479621674,5,30,3,4.113965695203251,75.53685720531742,5,4,1,Technology,100
34,17,4.676960653968797,2.9030909723475324,10.208123943342606,6.448894190812728,1.3178363318914417,0.8770309901886294,4,40,3,3.691140482493469,46.35013493863734,4,5,2,Sales,99.87117213966916
27,12,4.53956879117275,1.626090703215427,5.44616147424956,9.01828556063789,1.4451499950482272,1.6834212921118494,5,46,5,4.528098102149051,54.3473956576221,6,6,2,Sales,99.87353038046741
22,16,5.172661280137694,2.779639926152659,17.146978359543954,13.170309805885283,1.8415951096053549,1.9459557448411977,6,42,4,2.412419765921634,67.64239923682251,4,9,3,Sales,99.83574003144571
34,17,3.5264849825737428,1.705433676308279,5.87482831506131,8.11745910741305,1.3911425269303037,1.3519133287338683,5,33,3,4.602721982175586,35.022040326157054,3,6,3,Sales,97.344301940952107
44,14,2.1809370771967256,1.292120714315564,3.150031103483923,9.621980728822022,1.7597141602573108,1.3861762515729965,5,38,3,3.822162699319319,48.35876125737348,5,7,2,Technology,99.9461404558369
49,15,6.922219374280205,2.4859797073997827,9.620139767998763,10.564728560297922,1.9046978106428214,1.2087098949887463,5,14,4,3.3969396323377383,62.071090798804754,6,6,4,Technology,85.99636420409301
40,15,3.9274686670564907,2.697651030344332,6.641786550979877,16.997727110797285,2.4925195600441445,1.8508624892687189,7,65,4,3.7268617597190925,77.73574384398584,4,8,2,Technology,89.56571045820648
22,12,9.490737126201934,5.4761170031815345,17.354296854526215,8.58236952779031,1.076271098660554,0.9780218225293003,4,10,3,3.7034561290473578,60.32593634791426,6,3,1,Marketing,92.3683679280234
24,15,6.454595068335803,2.5863065077584926,11.122050000221376,8.94654657180666,1.5197796041768554,0.8795189018236788,4,27,4,1.5955337113425427,49.96763046862938,2,6,4,Finance,100
45,18,3.570610894101393,1.3124230499227352,5.289025239466558,6.928643935982883,1.1642639043814307,1.097207473773201,5,21,3,3.6616562818574634,76.49538636932274,2,7,3,Technology,77.13040593086218
37,15,8.280663855305432,4.487203233801041,10.354771669828892,11.50566749624051,1.923373773194085,1.2240594065538537,6,50,4,3.8902675528246826,62.498201880642895,1,8,4,Operations,99.86517463856563
39,15,14.259871264019582,5.102443709638488,18.586942695625822,12.385181225273344,1.8187653841769527,1.3315920664560859,5,42,3,3.9933923675890797,68.70753628258889,3,9,4,Marketing,98.14821999228234
32,18,4.395381460541342,2.6216724666475,5.668342654666099,7.946073316127268,1.0486281994084468,0.68237759189681,3,44,2,2.40969704958423,45.83267104561726,3,6,4,Operations,98.35622105423374
36,19,7.283257279891773,3.2978654587461795,11.98238956321492,7.130844484137949,1.3478519095800932,0.8257291650054254,3,22,5,4.201402395025315,34.17203701061064,4,8,3,Finance,99.9757988078161
30,16,4.102243840904335,2.00689432101053,7.268205981391422,9.481321187646797,1.3984772384104214,1.13307967381735,3,25,2,3.290117224039364,26.364818395551076,2,4,2,HR,74.21343444964114
51,18,8.386394861140719,4.819608323275053,14.802294334483838,13.305659904087618,2.1642293757219124,1.783762005802172,6,29,4,4.420897914852003,40.90676441870318,4,8,3,Finance,100
35,20,3.196278092542973,1.8297648639811321,5.186596799625742,10.051052419011437,1.6553442950352362,1.499864718717611,6,52,3,2.688922559446555,51.12658628238503,3,5,2,Technology,99.8493081721719
27,19,11.497440074292994,4.600632723658753,21.14188297047359,11.080342555657099,1.5895308484199522,1.1983197203668399,5,63,4,3.9844223403215255,70.2338962240023,2,6,4,Technology,99.96748577638022
36,16,3.2828532503408434,2.0249032236076228,4.959334905097499,9.366301853278816,1.5931766838628862,1.5210999341581206,5,67,3,3.322878037214304,53.59757481061516,10,5,2,Technology,99.87185249813751
26,17,4.860651498356811,2.8549934073272456,8.69331358424139,11.981236211058292,1.6454068871131617,1.259175739473267,5,33,3,3.0956230832696416,32.685900488004165,5,7,4,Finance,100
25,17,4.9836223753805,2.6249319122502515,10.463301739342064,5.100287266904443,0.789592090708049,0.5332777090175888,1,19,3,4.580342105524225,51.895384565511314,2,7,4,Sales,94.25837537361346
24,19,4.443359388781734,2.1051123091441126,10.91503341149256,10.082934052359944,1.2440654812477965,1.4465073933315638,4,27,3,4.570563431294178,61.79732421335754,5,7,3,Sales,100
34,12,7.992086365016072,3.506413084163589,18.710997072636957,6.392923869831745,1.0132496186688347,0.881727842033214,3,55,4,4.495842412293909,52.9972439530898,3,8,5,Finance,100
55,20,7.900499168680313,2.708696874748376,10.848371735663287,11.639600718456508,2.005349241340316,1.7474901489032293,6,42,4,3.009822433814256,46.78801953966741,4,5,0,Operations,100
22,18,5.233813176531342,1.8203529774398357,7.349030131066016,8.559933420935085,1.4874945452828896,1.3763391277860322,5,17,4,3.702915635041024,96.22825013993275,2,6,2,Technology,90.78372941404872
32,16,6.217188511112643,3.18084125284086,10.137728936106825,13.042757049140322,2.3122354468219704,2.208836619949195,6,24,4,3.430679253191433,79.09371576795056,3,8,2,Finance,96.46287922299189
23,19,9.807665688815236,4.888853215439698,17.32915024616615,6.184495423646523,0.9654582950602271,0.7736632820932586,3,63,5,4.907228130606152,76.1825150811051,6,4,0,Operations,100
22,16,2.783263183201043,2.7075078126390126,6.642149860517671,9.484550772506402,1.7940737265958693,1.2427310980403097,5,25,4,2.5090377433971893,54.53777765065574,4,5,2,Technology,97.61478821653499
22,16,8.24135370309267,3.459305605755884,16.660269318029883,10.118211225034848,1.830866734210859,1.3638489479636902,6,16,3,4.2016677477378686,50.38496405961203,2,8,5,Marketing,96.73778222006781
40,13,7.196885319194913,3.452184634991053,11.421891172661194,16.843628772448884,2.5469873187553054,2.2384177186780776,7,17,3,3.5981111958868777,84.91598818316679,6,5,5,Marketing,89.57478434228342
22,16,4.197533541612937,2.3923936661824934,8.275513485629741,5.892876611323604,0.9861991712018031,0.8886188326321347,3,16,3,4.198495287973672,52.551500130006275,4,2,1,Finance,91.37462557399289
23,18,6.2680137001270735,2.9164912401286642,11.865685658995659,5.238296937813104,1.0221140433553184,0.7315948066537015,2,20,3,3.998767667935091,49.38927770401037,7,6,5,Finance,93.75558679637795
45,20,4.683989802521721,2.68537342327897,9.432768692660511,15.656266131695107,1.6857417828329546,1.7538365435444683,6,38,4,3.209038873200218,72.52874207985583,7,6,3,Technology,100
22,16,3.995615004531977,2.2005354727995394,7.057540571610421,14.844599393268016,2.233676390362331,2.4471924888385677,7,40,4,3.380124389793192,60.77787765055843,1,8,5,Finance,100
40,17,12.280538416200338,4.090109948251608,16.266433414984373,4.741293260229564,0.7995875905544523,0.44811605887983924,2,32,3,2.8864728420782773,72.25467511781069,4,5,1,Sales,100
39,14,4.353015219106239,2.699636156089115,7.056379468664237,4.54546175828315,1.0090775628737747,0.7376935719610392,3,33,3,3.409184868739128,48.47607320926683,2,5,3,Operations,89.3737131351289
34,19,4.758950198568907,1.6809885211795956,6.029244541428581,5.589180012641572,0.8239440685793022,0.6738395164209942,2,32,3,4.369779931190744,26.7432536723237,9,5,5,Operations,97.41594557868292
34,14,8.141577411811493,5.189152259757973,18.019038565390254,19.68875128861552,3.3183687473929133,2.3377883225124356,7,39,4,3.1059086856933638,57.67347278936665,0,9,5,Sales,99.83817876777437
24,20,4.848111381844924,2.301934169641502,5.973540682084201,7.028976816751916,1.2613120907587863,0.8047504620150048,5,35,4,2.409035700245409,54.05402822125957,6,6,5,Technology,89.13416911595989
29,14,4.575728793265643,1.8288746226913144,6.072783249425629,12.069094244524882,1.8688783167398357,1.4161926487927061,6,41,2,3.804823387531028,54.06439692293169,3,5,1,Operations,99.87826392134394
44,16,10.359586901413564,5.024462211640872,15.167578918451229,9.91174480518631,1.4515544543397934,1.0464869339400165,4,31,5,4.7061673973783975,61.471974633998194,2,3,5,Operations,99.8105467327602
49,19,5.13058401508221,2.8833087783543485,9.564801240828984,12.555581737750604,1.573030165600292,1.312155806754284,6,46,4,2.980780457214042,19.497066010681777,3,7,3,Technology,100
43,16,5.2924880238926395,2.7748163317991414,8.066853951533009,11.101116606141504,2.0903702526355983,1.6358760039149802,6,59,4,4.0070616265466885,40.0005660848859,2,7,3,Operations,100
30,15,4.167963335111879,2.9061001120860497,7.292720686863734,12.612879577016859,1.3321528152377136,1.29942538790816,5,58,3,2.8212926545224892,74.11115812306136,6,8,3,Marketing,100
38,12,5.803427259546476,2.5299859205553377,6.636341349480798,10.299857099823797,1.5372300355930226,1.462713079903149,6,25,4,4.113777687893969,53.695418238871085,3,6,0,HR,99.98462066346603
48,13,9.009354369352629,3.957876669606412,14.103124513449533,8.577249467006165,1.3761386517526546,1.2777548890848345,4,52,4,3.6060197616425866,72.26723112490815,3,7,0,Sales,100
31,18,4.271148075107914,2.5143876600154025,11.148576451127793,13.530094814316092,2.622102972233933,1.6036659912131443,6,11,4,3.107893206955168,64.87223721533009,7,6,3,Technology,94.50400381538576
25,15,5.657849482490115,2.6674050949833963,9.78011165352902,10.722162338160114,1.088556825108772,1.1842999914178198,5,14,4,3.774353398731982,78.26596157599283,3,5,3,HR,75.27430270850134
32,20,3.40302203199364,1.587487761899195,4.752477482655294,5.948290934666455,1.010850214027931,0.9464220798069856,3,33,4,2.9241904862580714,52.56910149956417,7,4,4,Operations,90.11079741418439
34,18,2.5704354533269327,0.8,5.061709957551825,7.765685853770587,1.2134309209786018,0.7378143472295194,3,81,4,4.984602146445278,69.87122289956041,4,8,2,Marketing,99.8502801511153
25,15,5.6618559730763165,2.9850606419722507,10.156786759133505,10.468020084029225,1.836030394829788,1.8098196224317218,6,15,4,4.990797590877634,51.83835298736179,6,6,2,Finance,98.23904842491375
30,19,6.6652532066955095,5.180504604791975,11.02465719873282,10.65873236563745,1.6250329877380842,1.1948546998803926,5,48,4,3.5240266516986587,51.40653384340465,6,7,0,Technology,100
33,18,2.4666129924901026,0.9996964362956456,3.0833560951054793,10.928340730813316,1.5508190819373309,1.3449758751215575,5,5,4,3.613857651729946,56.952313269739456,0,2,2,HR,90.23298366608815
42,13,7.118491140050887,3.9408525471265707,14.02253072871682,10.62716701650283,1.978637663744425,1.3194500315282363,5,36,3,4.700612717724829,52.07229663374799,5,6,4,Technology,99.91366625009147
28,19,9.302899132941802,3.6948284326021232,11.99347655967928,8.486937534834007,1.3424538565595976,1.1029797451031018,4,19,4,3.8963203236437525,45.24378260405004,5,8,0,Finance,100
27,16,10.764004519839228,6.671016409908781,27.29699986539417,9.900767947838997,1.7023550757914192,1.3888351465495288,5,38,2,3.7918883740131233,64.57790285973037,4,8,3,Technology,100
30,15,7.336988243402456,3.707456868849006,10.491064034108133,7.917319295435081,1.1212335633621822,0.8711999760647849,3,24,5,3.307693124550641,52.44233964530424,7,5,2,Marketing,100
39,17,5.671210431424665,2.9020079951459343,5.725504305800842,8.001422628836561,1.311338768693172,1.0596502718653038,4,13,4,4.0880586225934366,49.84358526613019,4,4,2,HR,96.41795260206766
48,17,4.285404232863315,1.9808539501944966,7.847888937670232,8.399661550647513,1.4233822691839628,0.8477075590803055,4,16,2,4.2025334490712964,37.69954302239852,5,7,2,Sales,87.86900404191466
41,12,5.281209854563082,2.684249396966928,7.508862539715416,8.908369325389344,1.4139566915442852,1.1317681261282302,5,26,2,3.5026282716534904,53.72167984034523,3,10,3,Finance,90.5727235730003
59,15,2.4970164416897433,1.3971416157417307,4.047176585892651,9.797939538970887,1.621575146317897,0.9366867317268369,4,60,4,2.2812937726506566,47.233031608664,2,7,0,Operations,99.81744676965258
30,17,7.360938141303504,4.108184709829076,9.947595450903101,9.58783413620973,1.7821490473888304,1.3800209142126925,5,51,3,2.9037583075670343,45.18047692880298,3,7,1,Finance,99.91727482192937
35,14,5.883096404651559,2.307001801158343,8.103656511262354,8.533235168321392,1.325055560338543,0.984392648114682,5,18,3,3.494869036415202,45.22656373565439,3,6,0,Sales,96.72940258876918
42,15,6.629981579553148,2.9233673261524498,10.088627491480468,9.100862305750347,1.6650595609203045,1.2724749643179698,5,55,4,4.409269641461125,69.03397364870305,2,9,3,Sales,100
35,15,4.18608450466908,3.1939752546175373,13.687644811716643,8.701118937979984,1.578016237867282,1.1713137782101894,5,72,4,4.08676759544162,58.45431842443371,3,9,0,HR,99.86288138950954
38,14,4.162641822999249,3.381161970767783,10.842996380142326,14.887725081482655,2.3057338182449167,2.379973444238392,8,20,3,3.6820789490287975,58.60019737198834,1,6,5,Technology,100
33,17,6.428501685352795,3.19561066101299,10.228406969476774,15.126950906709324,2.372323160420131,1.9169019375185752,6,17,4,4.003301735942386,67.45715877972987,3,6,5,Sales,87.94485635761252
22,15,6.238735616531892,3.3092663923300254,9.475546412136342,10.227022128744665,1.519325706024728,1.1332636299968306,5,24,3,4.314053150550913,51.9303085682402,2,8,3,Marketing,84.53038605346273
28,17,2.8121076860845156,1.9111739859647636,5.596612658767177,9.037927322891228,1.381360343950776,0.9767126950857442,5,34,4,4.517393705446365,79.02072837880092,4,6,3,Finance,92.56478630675826
25,18,10.261072056629018,3.507396082885647,11.032610456247737,4.882184117340979,0.8748837469671114,0.5948409505591038,3,22,4,3.495329643618377,56.4275706842381,9,5,4,Finance,100
41,19,3.189221117904249,1.5992958232438979,4.788331992870494,13.844801877359188,1.9744418125226495,2.401626875486774,7,70,5,4.317552159582329,57.53685212315931,4,7,2,Marketing,100
31,19,3.1179477646353724,1.5023104282552133,7.1569833451768785,6.670731154782319,1.4550911135294307,1.1930345062118146,4,16,3,2.2887238090206545,35.314250779928486,4,2,5,Sales,83.90967186630768
34,19,9.013830888699609,3.094380400990243,15.354231145834378,8.407795166137534,1.4435424284727472,1.3671912919355371,6,45,5,4.612053798997811,40.40836647769458,3,8,1,Operations,100
25,18,5.9880873699565,3.2928244289690007,8.745441433974486,9.154303908497846,1.451829897740545,1.3124256475430396,5,31,2,2.2751430951710154,59.93329310496239,6,7,5,Sales,87.98894357291928
31,16,3.985658315986395,2.3019850579968137,7.918821013455161,5.978239987006974,1.3365673346670452,0.8106971248520225,4,11,4,4.5926025741483345,52.17874942197019,2,6,3,Sales,87.93367877573003
33,19,2.238126296663125,1.6957660554340235,6.841680931063221,4.598786325575567,0.8942796898579728,0.5169829831276903,2,23,4,3.302969819080073,33.93693391696411,5,4,4,Marketing,95.33729838562617
35,16,8.399735343903679,3.777317146723362,11.614284976594046,9.2596709035722,1.4714772875482267,0.8966389927898166,4,60,3,3.197127936977299,72.0303619930954,1,9,4,Marketing,100
30,17,8.887110200292426,5.407106263848333,16.887439787957206,8.7480215266913,1.3256492195018172,0.9363016083202752,5,40,3,4.120732232716083,65.62328800632905,5,9,2,Sales,99.91397436890615
44,16,4.696779289958294,3.3020396139299466,14.837266826197427,10.080237005130021,1.60882425104967,1.5914576760744228,5,32,4,4.222842934687662,45.35449031657813,4,5,3,Finance,97.67588520669364
22,14,5.571965497511634,2.3827066632509366,10.887488346723748,9.703890265466109,1.4355255115097705,0.8985805519986962,6,20,4,3.508997727115028,81.08095803512467,3,7,0,Marketing,85.96939082164828
34,17,6.313899925026183,3.207258740576422,12.347092860594516,9.578848820134938,1.5706585335571686,1.3413499103914261,4,43,4,2.9993587930388887,54.90699791042734,5,7,5,Operations,99.90846871361543
28,13,3.7358962216947096,1.4964789113278771,8.567596195883775,10.473461741330606,1.5553470495245514,1.3557403282811022,5,17,1,3.6934596266944015,55.858703383428015,3,4,2,Technology,73.15586413918213
37,13,5.837305626399,2.4847195785245915,9.365549572514752,7.994474923477128,1.3424885779794884,1.1067314279700866,4,8,3,2.670718215602128,60.14908638432618,4,5,5,Technology,100
35,18,7.0644795542796635,3.8874299423250003,11.012584988644065,9.75018292446538,1.2536944504846284,1.2551523253984915,4,47,4,3.086710414507698,30.78906373527837,4,8,3,Operations,100
35,15,7.530478221692784,2.481531851240932,9.855054503237184,7.644246658760874,1.2410685814092663,0.8895818972292164,4,6,3,2.530825874276353,59.72480536345422,6,6,4,Marketing,82.34084358690747
37,17,8.30731991921825,2.8004869715493714,15.071437825486855,12.759486718161272,1.9540203503926925,1.7866907369471958,5,44,5,4.799347505859734,75.12972629074434,5,8,2,Technology,99.93139285152971
22,15,5.871266341257467,2.8835258788875575,20.907566854747003,10.353671724630683,1.6274192824110978,1.509060942660379,5,39,3,4.091562687559966,75.01383979242269,4,6,1,Operations,100
45,15,3.3233308657094387,1.886748203684291,5.611496181968519,8.729571464724401,1.397570074574901,1.2449455015797009,5,22,4,2.4894566719177664,43.58249990810844,3,5,2,Operations,89.31840007946738
36,20,4.920692160073332,2.1892691398731516,8.024264239704172,10.944542494275257,2.1571285686075,1.600316361923516,5,15,4,3.0199455587859947,36.43014183414389,3,6,0,Marketing,81.71749242239915
47,16,6.0464391749453075,2.1478492856785043,8.735573485003755,13.64681396455366,2.3477437280042066,1.6884028470801955,6,37,3,4.285977275414111,80.49153566148877,6,6,3,HR,100
44,18,7.396031602160024,3.2670215422192843,14.542214225141885,9.572648732578322,1.3730986276809745,0.956578973581785,4,25,4,3.295637526236562,79.51836251710087,6,4,5,Operations,97.31819620630351
26,13,6.190759583308177,3.3410161306114867,10.110932557399646,8.215934672129638,1.5547021281035587,1.2332925111775828,4,26,2,3.5811280152160503,66.58078958221213,6,7,5,Technology,98.697092771208645
41,15,9.418889650903752,4.913829677703944,15.725470846432536,8.73955553201424,1.3916546605327165,1.2291242651558165,4,35,4,4.189176901884566,63.295658352677684,3,7,1,HR,99.84187592275443
40,14,3.1120139939490454,1.9252700577458628,7.266417656733664,15.475195779235069,2.2031584540040057,1.8731115837433931,8,16,3,2.960667353374324,70.08711534257993,7,4,1,Sales,93.47688895900914
49,20,7.274996494867849,3.485967598328899,13.195248203016044,10.99661222424859,1.819604126219737,1.470274858828452,6,21,5,2.7065129172952958,76.1154504707614,4,5,3,Marketing,99.89763242418604
40,17,4.7973550506156375,2.7167934229203397,9.145771501884054,13.208241534683877,1.790984095862969,1.932403901398924,7,36,3,3.705933456989649,70.64279398753341,4,8,4,Sales,98.40540322125435
40,17,6.022093545938594,2.7794699892016315,9.14314330434732,6.743228462676185,1.1943536562558918,0.9314103380330707,4,20,3,3.7952629838512357,80.11431301823318,6,5,3,Finance,97.9540018262895
53,16,4.920207939427041,1.9523538652795542,7.016350095677224,9.946979145309596,1.8720861058528802,1.2715951676450283,6,51,4,2.9007906616390122,59.02552986137226,6,8,2,Technology,99.96207007712218
36,19,7.588785643279138,3.5883348193288405,18.1159948917445,8.23424308990039,1.7232050119860611,1.1164725625058005,4,10,4,3.092382216925439,61.95501072449372,5,5,4,Operations,99.15875793317583
35,15,5.713313331610378,3.5169982070195114,12.398441639162526,8.8258561625704,1.4994187417134908,0.9692004866979245,5,21,3,4.097728083097811,57.121823170068694,7,5,2,Operations,99.9019288927612
22,17,6.38164800201691,2.7011453200967375,12.064289885627073,5.094015997910904,0.8042821827262981,0.6874522337878556,2,14,3,2.985904285869706,80.58826841577961,4,5,3,Sales,93.70122141289775
33,14,6.429631961680534,3.8082420711911595,9.858827385592154,9.496011769593244,1.4240642554592942,1.0386578929514707,5,93,1,3.7215231758287826,47.44409245912226,7,7,3,Operations,100
25,17,2.7172486001898277,1.4871025197988808,4.803367057412481,8.871390339680602,1.316597211141807,1.2483410248318474,4,29,3,3.1060008128608243,61.99486063419974,7,7,5,Finance,87.68958206292004
27,15,2.9998504103498784,1.3744745907375577,4.8413703531477585,7.081502472076274,0.9105063915902155,0.8393229495007174,3,20,4,3.2140105173261464,68.58267438335781,3,6,5,Operations,87.74076169874172
40,16,3.893375990862783,2.3514008193301583,7.126657826976314,10.107193654237978,1.5888111881356222,1.2603750501663693,5,40,4,3.8734772968420716,62.47915199414464,2,8,3,Operations,100
31,15,5.025274951467974,2.3369906283385244,7.928458961657903,14.090848193237909,2.0054174844737416,1.9242526881302353,6,42,5,3.3095573629067627,57.15090134302076,4,7,2,Operations,100
34,16,4.51852483094926,3.067699182805569,8.45854366012923,10.564898662898702,1.7073670778214753,1.4131471964456446,5,38,3,3.5375814381864465,68.09884228609609,3,6,2,Finance,99.96324420725898
37,16,5.959763032090405,3.3623697902805545,8.203846929093421,11.469346007612446,1.9415706424720056,1.5617598733292617,6,21,5,4.998526458372822,47.754209934265646,5,7,3,Sales,100
42,18,8.179873414511862,3.7028764327980226,9.733299313870054,11.856020708553165,1.8399989539436765,1.8711497695222448,6,85,4,3.4030542535835577,55.35789387062144,7,6,3,Sales,99.96232613767106
22,12,5.739237547814901,3.788934645426949,13.283336318358725,10.180771608947278,1.7791401450350015,1.546405072360282,5,26,4,3.7862635431967027,20.00831313920528,6,7,3,Sales,95.59842052054691
52,12,7.06924633966021,4.090458161335779,14.28706966104332,7.927126821475339,1.4228990006011486,0.9411217872523829,4,17,4,4.5115242654314445,98.78772472754544,5,7,4,Finance,90.3674557454322
25,18,4.773682827231418,1.5947388170266532,4.9344850049336255,8.022192383244079,1.819912235451377,1.297632439250257,4,38,3,3.0125353297758957,57.41363516410101,6,6,0,Operations,99.82930711459376
38,20,3.477496204476075,2.3120003927169916,7.123840718654456,14.111912208941941,2.0383516436115943,1.6996714888428952,6,14,4,3.5030754136219757,26.66620895908461,2,6,2,Operations,90.49712663806575
51,16,7.4046896514092975,2.674283998286558,9.513922669974722,13.289224909069143,1.5787018821794372,1.2720403586809617,5,38,4,3.1300923110812855,57.25146233039738,3,6,2,Marketing,100
41,16,3.1450607547347853,1.9236657680035976,5.966765163390227,5.190199219102655,0.8867661670730422,0.6330505971290074,4,24,2,3.6069118266824454,58.9538223120589,2,6,3,Sales,89.05128984949062
39,16,6.814249750955793,2.4152538490999844,9.580173641160144,12.09247589850088,1.9438623809820657,1.503563509056024,6,42,3,4.31184503131583,56.61848536573485,3,6,2,Technology,97.52716373057198
30,14,2.7220909095242085,1.8060771538263471,4.470601632779717,5.627906322645703,0.9101466298457721,0.7994203740447439,3,27,4,3.4934647163963173,68.2244637532218,7,1,1,Technology,93.195741746255
31,17,3.2443841698410085,2.0224138271213565,4.78674791652371,10.812894968457105,1.8924449094767861,1.65044218291129,5,31,4,2.8036417654265238,53.31736649286714,3,4,3,HR,94.42837534748091
49,16,6.32967083034064,3.03128541313235,10.230187817913153,7.911444892847589,1.5460189685016184,1.1054024174347996,4,5,4,3.717330913772883,64.57900872202232,4,5,0,Marketing,81.31252758351677
34,17,6.019512802129956,3.2046085078604336,11.212667234803321,9.90468539608328,1.7752191591598394,1.566529220575413,5,50,3,3.9719411807576646,61.09994801039198,2,7,2,Technology,99.87459832804176
31,17,3.504883573703468,1.7102110864139861,5.44967608948481,9.518112896259986,1.852076235398179,1.6033035521247554,6,26,3,3.2001324252898042,64.27622023414891,4,7,1,Operations,99.36990704494097
30,15,4.72401369384483,2.6004679263089305,10.378828333956431,6.659830682006822,1.291466951188535,1.1521455183164737,3,45,3,4.620286287499409,87.02929283420333,8,6,1,Technology,96.50269450186028
36,14,5.684230853173633,2.3948764317266322,9.436910248959338,8.564700038220906,1.3791591038921795,1.0452399820915097,4,35,5,2.8088764630327763,61.4105382154805,3,5,2,Marketing,95.73389037750623
43,15,3.737948884820447,3.0812187965614175,10.407662488971267,13.574919719851867,2.4066163197525023,2.4488729725490868,7,15,3,3.1895666186911136,68.9383034172139,6,7,2,Operations,91.94268285270762
23,14,8.905988030597566,4.013908345100819,13.979906037956882,10.096412077281789,1.4836829042648976,1.2977129227537594,5,18,3,4.986612451561483,69.26161727102185,4,7,1,Operations,98.36791171640449
23,15,3.150659940427884,2.567178346731179,7.860196707737115,5.887095583126873,1.058304204137906,0.8074307682145125,3,18,4,3.9825518207928465,63.28111837435294,2,5,2,Operations,87.80407391148007
46,14,7.13531847386493,4.756705857290107,10.112207648369521,7.4282818094655525,0.974271713169552,0.8339805537822412,4,38,5,3.4837309978158713,42.281937951478284,1,5,4,HR,99.95115638254843
48,19,6.093854422276812,3.8206387042174366,10.996329720291982,8.345315421167943,1.5149322780848826,0.6431657253100604,4,47,3,2.7003456733727713,56.39486374029743,0,6,0,Technology,98.74954409919245
22,17,3.5141298445593354,2.3787763688000356,6.994582315725428,20.086286616459187,2.4109620681954738,2.3436445586474095,6,21,4,3.4894072636594693,71.2975764513876,5,5,2,Sales,90.97433797366507
28,17,6.074199565139436,3.53101179975649,9.789100028601469,6.824155781240426,1.1608519465920444,0.7295891947705928,3,41,4,3.6904092943390068,81.57535594074594,2,5,5,Technology,99.85007185836677
35,20,6.229838872704204,2.711860728963341,9.66502197906349,7.965061614564784,1.319640400974574,1.0319402600827177,5,54,4,3.188451362880116,91.57694421952267,2,10,5,Marketing,100
38,18,8.47679752115514,2.879236119454551,12.259663637390105,8.886337492965351,1.4470671549300884,1.292485130385227,5,40,4,2.204853247083862,48.31411944988913,2,6,3,Sales,99.12313112248529
42,20,5.113431225978959,1.8787862317883226,8.467611270600912,9.78989309299006,1.4881560083180876,0.9415750451503816,4,9,4,4.100628961350127,40.18182489892059,4,8,3,Marketing,99.90120069407207
24,17,8.329907302180148,4.115071496848329,14.17385874187593,12.863233263044629,1.7772415462491749,1.4586928034229674,6,56,4,4.510555960344991,81.76603269384788,2,7,2,HR,100
45,14,7.609129131350412,3.807807724877377,9.332643134453221,9.384406259060286,1.836300057445499,1.0673541495459717,4,18,3,2.719961399331651,43.600348759321896,4,4,2,Technology,100
39,16,6.780278865570561,4.088889640440431,15.699779922001582,11.442933642429248,2.3856354277547602,1.7995367531490278,6,14,4,2.8023339436228656,37.11280505093023,4,5,5,Marketing,85.53174285993806
32,14,7.512191403992342,3.1210413808916457,10.441728024152171,5.89961443114963,1.0584121359518324,0.9197546487907986,3,12,4,4.196988835354638,54.280428430776354,4,7,3,Marketing,90.49347943162095
35,14,7.02323945591785,3.7158540101246498,9.641716133770005,9.627744355132855,1.292854872880812,1.287783006464991,5,33,3,2.7110148137500882,46.96126211091555,3,6,2,Technology,96.57601400340884
36,20,6.920481553192623,3.8044787463436744,13.132351546512893,11.855102680225038,2.14050029219041,1.7380830333743575,6,24,1,3.1027468973930503,82.66946167610435,1,9,3,Technology,94.04976192304548
52,18,5.845676435877147,3.0853432718125564,10.16636385435993,15.997622045683425,2.790556451989261,1.8432976971422195,7,33,5,4.390632410472076,56.296662819803444,5,6,3,Finance,99.83922958804021
23,15,4.633531080882233,2.489701245245235,12.142574632174885,6.0375195244280615,0.8112811955712692,0.639592056585675,2,59,4,5,85.72673250887529,4,10,1,Marketing,100
41,19,4.52533897199185,2.1505491176600793,6.9618848285159896,8.330376038101164,1.202781574888572,1.0168322489495294,4,15,2,2.216582763784683,51.076084930144546,2,5,1,Sales,81.89055993921437
32,18,7.064005367649954,3.201279718316553,8.790117616306794,9.713328546386656,1.507831403464037,1.0333764104700123,4,43,4,3.473310806384263,92.17876507058953,7,6,0,Operations,100
38,19,5.377204294133973,2.795069929708207,10.311898663710558,10.880718304020583,1.9996291587407646,1.4776448151732129,6,21,4,3.0272492744325814,52.46306467661411,4,6,3,Sales,96.70370928040458
38,18,4.1295167043237395,1.6817358312869832,8.528197990423019,11.058401380241534,1.8908815926495823,1.3898933651415815,5,28,4,2.894097377837078,48.64305884803753,4,3,0,Operations,84.92175621266577
42,19,5.5069311834230374,2.2190511010202765,7.241367207174726,12.173171762496038,2.237509201254976,1.471521404697894,6,45,4,4.107097901829653,77.65196100794861,3,6,2,Technology,99.85536425482039
45,18,5.6912589748034215,1.989085845165747,8.077342726269107,9.070030981177585,1.2254409900657832,0.840384891150842,4,34,3,3.922589247794381,41.356287374409746,3,9,3,Marketing,100
30,14,6.173801384526358,3.51288382594898,11.105071912606208,14.857556870740627,2.7563744548301137,2.125267392644659,7,51,3,2.6050404041246287,64.58706762511204,4,8,2,HR,100
34,20,8.445504381933912,4.542556353425901,13.305661302734407,12.765237670809336,1.9262777265108577,1.5014367008841274,7,36,3,2.679945735350344,78.32172205227563,4,10,1,Sales,100
44,16,6.412012678735499,2.9012925977727395,12.774709396095652,11.810380399334353,1.3877055744630062,1.1004141576534843,5,34,3,4.47927238582557,60.803105755503104,4,7,3,HR,86.73554285241059
22,17,14.700519127561778,4.903842381471283,16.765203024394513,13.021244277026735,2.3894965260879077,1.7758784277404973,7,22,3,2.913860021525651,54.79826670304309,4,6,1,Finance,99.99914837550631
39,17,4.961344002779119,3.0157510544883337,7.559314997452008,12.406590251263454,2.0645289901754587,2.094597090073215,7,49,3,4.581191956500518,54.932453944944356,5,6,2,Technology,99.86595823369328
44,17,4.205273251901724,2.2070222521799403,7.9264270090800935,8.98080980931978,1.1743541944043208,0.8588072636165291,4,16,3,1.8033942718125175,67.96394474439859,6,5,0,Technology,83.73623663978512
34,15,7.7773954904044995,3.2127261725363616,17.99016844076855,22.695850785135878,3.5637482840908423,2.5043865846039592,8,16,5,3.484971235696713,56.39675809478316,2,6,4,Marketing,100
36,16,5.113312933645939,2.8008661482727555,11.373055604374834,10.50424294254829,1.6516221605230406,1.2735676084252565,6,21,4,3.8267904021933026,64.76204754390334,7,5,1,Technology,100
53,14,7.368826433329749,2.880538979967983,15.273486495437194,12.244841885177266,1.829418779311974,1.1621855137874841,6,59,4,4.018294903446914,64.78880568555364,3,7,4,Operations,99.98030533355649
37,19,3.995793632847508,1.5736309717037003,6.71845947573414,10.304408606852682,1.4986404985977813,1.3282882876625923,5,20,3,3.408067655683927,70.24967920537163,2,2,3,HR,79.93760973858711
38,12,6.42943914624108,3.580822034388123,13.658571082312005,20.57864061869825,3.5847348527971565,3.1116469187017466,7,34,2,5,42.38699484539452,6,8,5,Operations,100
26,17,2.5323549850876774,1.5961157498667427,5.541052107705128,18.771210791659826,2.8717300507349175,2.440213469659896,8,19,4,3.4904810096037324,78.62552280630582,4,6,3,Technology,94.61679242132934
42,18,5.216816592571157,3.002829632857992,8.731019760051103,14.672014512403408,2.13773266062496,1.6404232700888175,5,32,4,4.28354964616779,44.66124451664694,3,9,3,Finance,99.71576962842994
30,13,4.733593062592276,3.623572949584892,8.951969484174619,4.275724269250767,0.8061649087618794,0.5225269369536908,2,42,3,3.502093539571199,46.65596952477624,7,5,0,Technology,99.9491814973657
24,16,8.052309420189397,3.893237488282463,14.656337385310875,9.820537005643153,1.7077779120533239,1.4556540350728215,5,34,3,4.1994751542783675,83.02001629548495,3,10,3,Operations,99.90135739317131
48,12,6.996516940195153,2.383947675932314,8.179000539596734,16.61318110089314,2.2648348448260562,2.141492425266203,7,42,3,3.3113562210551546,85.42216255735765,2,5,5,Operations,100
37,12,4.366750695472047,2.432574544590872,7.047987347476269,6.8166406458358475,0.8912013874149769,0.6050185717524734,2,32,4,2.4952361152427467,39.92440504565795,3,7,2,Technology,94.91784922046074
44,18,5.021090168582274,2.1065143926574774,8.21828069107459,9.967963684775292,1.4636497075219363,1.6725542152822372,5,35,4,3.269742933004998,78.6545252929396,5,8,5,Sales,99.87885499179816
22,15,4.6676000092590195,2.6699168781985643,8.534890051157145,10.190474942908713,1.5841680730886956,1.5921529514593007,5,10,4,1.3936241156231692,31.35369878146052,2,6,2,HR,99.90269253146008
22,15,4.567315024189748,2.598647825528336,8.705368494852761,19.854344012679288,3.3665349150979855,2.8612362162929634,8,39,3,3.1115889347583816,55.78685408275563,4,6,1,Finance,99.75245815736545
37,18,4.5167028902745,2.3191150617012077,8.561117418588356,8.397982894870351,1.3811320165266143,1.0677475351081653,5,5,3,3.4086686115839897,44.4317932231552,5,4,4,Operations,87.76759546043634
38,15,1.859591383286225,0.8940738250553603,3.1844576877079502,14.664506821612548,1.8750525375892058,1.6853989066791333,6,34,3,3.7981109948291323,45.406554299353445,10,4,4,Sales,81.70685247064863
38,16,6.696918708259396,2.9734457759240187,12.573377734263186,7.32592833024031,1.3482417425068458,1.0967372133092843,4,40,5,4.092090687219159,58.546418211987316,3,7,4,Finance,100
29,19,4.3244946897995264,2.3778080421012535,6.61749762838001,12.560052265111944,1.5907629981672546,1.6179712829100186,5,32,4,3.301318017607459,36.870713101693156,0,6,2,Technology,100
28,13,3.582646851271108,3.2883248183323026,6.029699078599606,11.301159663032537,1.5723663755493924,1.4256903237912464,4,52,5,3.303421697685547,67.55219672950724,2,5,2,Sales,99.74204641711034
41,15,5.590155079034581,2.9121402973411747,7.307789724420711,7.703196710242299,1.3473785237322395,0.9026487814583694,4,50,4,3.501591590171185,41.373725505580715,4,7,1,Operations,100
43,18,2.4265990909167106,1.4094115700885688,4.166632523948739,7.045201257746781,1.4397603011566005,0.8484306517261259,4,59,4,2.9005284856635316,88.69611408592104,5,8,3,Marketing,99.85747386498493
43,14,3.6402499499565186,1.8323438635878104,4.580682805578511,12.261203521823756,1.9172559440876449,1.762432417854605,6,53,3,3.193591565655531,40.731867070708674,5,10,2,Technology,100
28,17,4.5344916470024765,2.096158836397826,8.605289692498442,10.728934412117905,1.2415280941447953,1.3876128695926362,4,43,3,3.691191527242055,50.25313191421476,2,9,0,Technology,99.70417248250702
35,16,8.171177646930289,3.388139040436091,10.84642998685132,7.9782315126591286,1.08049569424565,1.0817340546864356,5,20,4,2.8094113406093983,67.04131715248087,8,7,3,Technology,79.46891366266922
35,18,3.5678795615173167,1.5747907567812263,7.61711608418577,16.23796379855295,2.795635245598705,2.612383441268591,7,26,2,3.0850877438951247,47.7544478582387,3,5,2,Sales,91.28846411798546
46,19,5.083462930493941,4.018736123072482,9.352706650471749,15.13877541376921,2.179043583811891,2.3140729343548805,7,42,4,4.009000228291397,58.164718570720176,5,8,5,Sales,100
36,16,5.586014508730726,2.691142799817782,9.30921793148417,13.267715240885154,1.9219501776044754,1.8634942130478787,7,37,4,3.1709508191856832,51.06030981863651,4,4,5,Operations,95.96907300147025
24,16,4.03969577685867,2.0609680595709343,5.08616981745342,14.612123860170177,2.566750162872004,1.8838696509885635,7,37,4,3.1983322929906497,63.17975784503263,6,6,0,Technology,99.85659954287416
23,12,7.216890817535271,4.5730577467914255,15.909300467586425,7.545237430424616,1.0519221655474265,0.8582456291112593,4,48,3,3.202455748525487,72.74924023825189,4,9,4,Operations,100
40,12,7.3494016961282655,2.814514673181404,10.259636719982241,6.570838898389247,1.1852923942785245,0.6586143374320835,2,18,4,3.7008039341759593,64.13369589660952,5,6,4,Finance,92.38328845313563
46,17,8.252267313673212,3.2306090829022764,9.696373401833426,10.99027719925085,2.2694259626845024,1.7425190667342103,5,42,4,4.493255646200883,47.548728419067466,5,9,2,Finance,100
36,12,4.50787097107676,2.4018988263093437,6.870730525114623,9.471100377881086,1.4774367895102607,1.165146461958053,4,41,4,3.4149450865759596,55.13933340316923,5,8,1,Operations,100
31,18,5.007540152997844,3.417052222856008,11.460904767951053,16.070783550470285,2.617781529259894,1.950568582295068,6,29,3,4.387411142997795,67.29373548669463,2,9,3,Technology,99.93194794015683
38,16,6.226010691427948,2.799177839500262,14.204447281356504,7.987040458731363,1.4774728856865709,1.006396058734398,3,16,4,2.024322487443511,73.14702125879111,5,7,1,Technology,93.5240548656442
42,17,8.775046458479707,4.1136656507946405,15.732263185145476,11.1305797705985,1.930065938466977,1.8863226582044357,7,30,4,3.3849072495763073,63.2523188996596,5,8,0,HR,100
45,16,8.105536222697847,4.8040917711384985,15.024446296435874,10.004889968092469,1.374204505818301,1.1042868164721744,4,40,5,2.68311543963178,60.07496668685405,3,8,3,Sales,100
37,15,4.02200161719581,2.8587787324229956,7.702267469380741,9.552574121696514,1.8953745141091998,1.379143677391265,6,50,3,4.985681321511615,47.098908752595705,5,9,5,Finance,98.20062674602416
52,17,3.293720070206048,2.3141369106430356,6.4584579678006655,10.44053418140042,2.0172854008847834,1.5260407777304468,6,24,5,3.390085971864521,56.22889307232806,2,3,4,Finance,85.98536256925091
39,15,10.772440590898125,5.097024802119854,17.237619876756547,8.06801656454393,1.2254500767440868,0.9355490037831836,3,18,4,2.628894645348464,73.9542531092939,2,6,2,Finance,95.36868059633925
26,13,2.5598080833820265,2.0041576525724274,6.405164834453981,10.485015305745996,1.6055556452116266,1.239961015752147,5,6,3,3.412486108656528,71.33278907367794,6,3,4,Sales,70.69572418911197
35,17,5.914580923336641,4.532940024842163,13.857128475121696,7.839560155504316,1.3868712146043516,1.1209668943758249,5,28,4,3.091054838628728,26.31821341383726,4,7,0,Operations,99.89581537403087
35,14,4.718104161808802,2.4935924671511374,7.9666767939688095,10.222526462860204,1.0457693032642645,1.10812733830099,4,44,3,3.2091129799922724,88.66644767998,5,7,1,Operations,97.77372291180491
42,16,3.6153744078184986,1.3129131872475188,4.8999645811557775,12.164900028939453,1.742324547103144,1.490359528248138,5,42,3,2.817045865477706,59.22656096620925,1,8,2,Finance,91.79707535040144
32,19,9.244436959567436,3.3235840111981183,14.472150322063605,9.36713609794346,1.5154417795251236,1.205045262786268,4,34,4,4.301202652287222,45.94158867645407,7,9,4,Marketing,99.8709811698191
27,17,5.564292119689668,2.347196499930551,10.471611110339483,7.911254242357743,1.1111033344166121,1.1187808374031925,4,37,4,4.2961769438603,59.37010323606464,5,6,4,Technology,94.78167345367928
49,15,5.742015833022708,2.9175260507256686,10.743513388619858,8.046104955735448,1.1236691199611903,0.807773230315755,4,50,3,3.1086072197628636,56.85752093776199,3,6,5,HR,99.99857358522857
34,16,5.16336787476563,3.5001129258191406,9.02886066649326,6.7064070102894995,0.9532880953826639,0.7053508703977778,3,18,3,3.7764208993248083,38.77225062671986,8,4,1,Finance,81.91692175960846
34,18,3.2248063229525528,2.210035123904762,5.781251019293752,9.00209512076279,2.02658525763029,1.5346318375050954,6,26,3,4.090170850779543,66.86947195493991,4,8,2,Sales,88.00109836467337
29,14,3.710298355265844,2.067914191674573,6.607196370171455,8.322873349944958,1.147074673960675,1.021116604841243,3,15,3,3.5979097223254226,41.23917276136201,1,7,2,Sales,76.60291606382836
40,15,1.6316670890712073,0.9642453876951161,3.1132406121711904,12.809541699240116,1.7464716833533984,1.7278669044957764,7,31,3,2.3777497398940306,52.05270497132078,5,6,2,Sales,94.1338855623256
45,13,5.917085543303887,2.284620976175619,8.483642974724575,7.183849628406973,1.3279618942571647,0.981062789822715,4,27,3,4.297186307682728,47.796327582434635,7,6,4,Technology,95.23459654613013
59,19,2.8011591925663777,1.7103710116299742,4.540976137952823,9.971990607866145,1.2473226343778878,1.4392577999089786,6,27,3,4.38620966329585,57.11171051962484,2,6,4,HR,98.58525651206654
32,14,13.99450660548665,7.611472765884851,27.178808041934825,5.5333585858417935,1.0393906539892714,0.7101481990265585,2,25,3,4.296759557104049,63.78108906661287,5,6,3,Technology,90.95988964319294
33,17,2.5736593391338687,1.829929961917907,6.32977910157817,12.110767915553993,1.9698493238305532,1.644759870978764,5,24,2,3.395945501029515,55.53328850787701,5,6,3,Sales,89.93747266833378
35,12,9.806145929857347,4.9896886373574985,17.74411426493814,10.70991778567438,1.4624735641391837,1.2641591537705572,6,35,5,3.7453481465198757,66.15786972332835,4,9,0,Sales,99.96634829429807
22,15,3.0113452945240593,1.7066253923759973,5.879061725450522,11.9909762378189,1.7577583622295656,1.5061627219719556,6,26,2,3.7977157759590363,44.24658767876763,2,5,4,Sales,99.76635993959839
23,16,5.601363257875139,3.714307531694831,8.996734064430898,17.75092105345818,2.2687735062384626,2.300287066950123,6,6,5,3.7212004120605475,69.00606849274799,6,5,0,Technology,90.47503322577269
48,18,5.541817928357518,3.032242608826827,14.608379364747824,14.980066291403134,1.99239377544085,1.758550261050511,6,46,3,4.185649090913093,72.11371102914765,6,7,4,Marketing,100
39,16,9.63662991568553,4.602306070889547,16.0068542581592,10.642569331686223,1.5048172452784503,1.010098401408668,4,36,4,3.607059370778682,67.93999577225736,7,5,3,Sales,100
45,18,1.9255685742529256,0.8857382710246545,2.6312932350858462,7.939182342678367,1.880372772273439,1.4819141994391702,5,16,3,4.384325385505608,90.1969194425492,4,5,2,Finance,89.75543419092412
37,14,6.814923174486048,3.1665000029635912,8.108213663557839,11.305318926839249,1.7239639349184896,1.471011613977718,6,42,3,4.193361513368786,66.74434574917822,3,9,0,Technology,100
32,18,4.414928300970093,2.4890429566350925,10.090307387716003,9.24386448772537,1.2559614794951197,0.9348093688067078,3,25,4,3.3973064054603896,53.09560116351683,3,6,3,Marketing,83.89157461368721
41,20,3.889581901991293,2.5906613240102994,6.628575290327772,15.960652721813721,2.1222529291407546,2.013946642386305,6,32,3,4.097868293549325,61.99585725085624,5,5,2,Sales,99.66969299743702
47,14,5.917930650136612,2.7918676914707414,10.87992539659244,12.750442619952459,1.7229461269400037,1.7215395709970858,6,6,3,2.903395030097958,62.87587444020303,5,6,3,Sales,90.20616156908304
36,19,7.107761164884357,4.5259086352347175,13.827145098222637,8.552174499374745,1.4628053277478226,1.5198691142642975,5,51,3,2.8173831636854727,29.101760950060534,0,3,5,Marketing,99.9720072706646
44,19,7.646012063315915,2.2955479606134634,7.646012063315915,9.208723255146207,1.6891716481204373,1.2732754318535981,5,52,3,3.7297516253234324,46.4424771414409,3,6,4,Sales,100
22,17,5.332847133695889,2.299004018479302,10.209150697244143,15.265239976007905,1.884753821207785,1.8424355047331686,8,23,3,2.9698070496329776,80.3881887355389,2,6,3,Operations,98.51143365446657
38,17,5.1465108795944845,2.183636104127228,8.614821108746368,5.689521232838486,1.2911682875121104,0.935566578894215,3,31,3,2.598875799771599,68.63456740977723,2,9,3,Sales,90.81902962576119
52,13,8.161162140634586,3.877035064168852,20.585529050211004,10.899884434424226,1.6727927797067303,1.7241419833811782,5,25,4,3.916641128647215,60.60265500905916,3,6,2,Finance,86.26455383572682
42,16,8.2166186650366555,2.8865265008533805,12.148924068160184,13.086255183417576,2.668161025070392,1.5938679178460196,7,35,4,4.202761322707188,43.84319942062689,4,5,4,Sales,100
41,16,6.944873370534954,3.188711147629275,10.525397102112594,7.221064979159218,1.36621982820385,0.6982991214946809,3,33,5,2.9883930259719214,41.86955808184258,2,7,1,Sales,99.99908875301395
34,17,4.5412471047078204,2.004574317374257,7.60573352702917,6.521345941141531,1.248675497666721,0.8334207725737157,3,44,4,3.913053533060807,63.85429448821167,2,7,1,Marketing,100
41,14,5.147662924524907,3.074011455184066,9.708877375958595,11.130750959045223,2.215486510208335,1.3667385010082862,6,16,4,4.416947666210408,40.309953049269986,3,6,3,Operations,95.76306352276848
40,16,5.364186356550973,3.87927430053418,11.576099039589778,13.138504315887952,2.0360775324995983,1.5533089780230078,7,31,2,3.0147317830964218,55.41185033846097,1,8,3,Operations,82.03542976643296
37,17,3.561980389590431,1.9165207757816662,9.1702455157119,9.825650498789072,2.154668016142302,1.6636108188818322,6,18,3,4.7119674108582235,52.76208327308672,4,5,3,HR,100
33,16,3.9806878614981627,2.3895256068916826,7.691336800793241,5.625523719832549,1.1472711230649515,0.8083057235951874,3,10,2,4.409072848867433,81.21129609930298,5,6,3,Finance,77.98837940670798
37,16,12.108924752990768,6.129033326214635,19.31788685183485,16.41297557554843,2.2989403325035767,1.9709626803172917,7,18,4,3.5185371094513074,64.0248648945576,3,6,0,Operations,100
29,17,8.830375067858258,4.596512770015842,15.165767616141405,8.487438041455366,1.0107813548548181,0.8781645491655996,5,38,3,4.0794213389391105,46.022310625074326,5,7,1,Sales,99.9634488136213
25,17,4.051989569272571,2.2942329871232023,7.747209165006823,9.658221103415565,1.452726425041131,1.5882880031265705,6,18,4,2.8953448800503954,75.67135151922359,2,8,3,HR,73.089070073778
24,12,9.741832636712893,3.770154299364918,13.70145143199966,4.606262889544619,0.7153488896022719,0.4967518996442275,1,27,4,3.90625080412137,56.698900806084175,1,4,2,Operations,94.28383011747486
28,15,3.390967222378726,1.9747474763698907,7.5089038688341185,3.6013769295830493,0.688763314257056,0.4301913088869103,1,26,3,3.6077782243398793,73.32370205646535,4,7,2,Operations,90.3971078763501
22,17,11.692759657755346,4.228429281321942,14.554579429733385,7.731424619949128,1.2462630670216461,0.7509769884344426,3,26,4,3.697653764172481,42.122190497029806,5,5,3,Sales,97.28130581098945
28,17,6.483207206737033,2.764036954064479,12.09209644147959,10.945349854207915,1.8459777909464572,1.4785529802373243,7,21,4,3.900444426695345,54.130781718604624,8,6,1,Operations,93.24764599092637
29,17,5.221241231680355,3.805002112556651,8.690152218455882,6.871537909805867,1.125400182227088,1.160183674275753,4,58,4,3.493761390042164,64.58235677669897,4,6,4,Finance,100
30,14,3.7908371468999396,2.113732427913327,10.975973755415598,5.13696077697597,1.0359847427444,0.6651147490431252,2,48,4,3.402538130077288,83.6062215007148,4,7,5,HR,100
25,13,4.422581058065196,2.095492160680104,8.849014701757499,12.766664490848905,1.7197138392605835,1.348434908631536,6,67,1,3.5138153019787928,48.921621518820494,3,9,3,Operations,100
46,17,5.078038942280699,2.460144436157568,7.570883031515764,8.91233789249418,1.4382227353972261,0.9602886550829426,5,27,4,4.460609539492709,45.558822447987616,0,6,0,Operations,97.93072363300729
38,16,10.03092377824731,4.198995610819631,14.12745266911664,10.559282916853324,1.9105461221699596,1.8462871771037936,5,79,3,3.903867479576542,44.061201736848965,5,8,2,Sales,99.79892590865141
30,15,3.83410709364414,2.062858481195031,6.808986233298434,9.716426323540276,1.5027242894340789,1.4530321826075963,5,67,3,3.1890357475169218,46.54950785301578,2,7,5,HR,100
44,17,4.625653349782786,3.2519642163918507,7.065748717223974,11.530162700810958,1.6746670782171802,1.6280833834880926,5,61,2,4.505888707096341,78.84314836546451,4,6,1,Marketing,99.93950184637397
36,17,4.119280257945986,3.7018425498759373,9.99144468446398,14.15936728292726,2.296429036824734,1.9450901732586767,7,29,3,4.482068899751767,66.14761262823713,3,4,0,Sales,100
52,16,3.2675622564261007,2.076032317242969,6.279229574965786,8.737601683063083,1.396752498173571,1.060513322115505,5,30,3,4.0777447139393335,75.80061203178842,3,6,3,Technology,98.24277815439767
32,20,5.811834809803473,3.205740479659943,11.40508147096891,12.11415561880817,1.9810610095983514,1.8065228966315152,6,40,3,3.607462803395943,69.32774303561504,7,7,5,Marketing,100
36,15,10.18262337636265,5.78673080054064,15.33820936600049,16.336781223877612,2.2416803835812162,2.0975495267829527,7,7,2,3.6133007358360745,39.877792126240344,3,6,4,Marketing,100
35,16,2.5354202578915985,1.1760226047744955,3.293216553606576,6.796172986556527,1.2285698554799753,0.983927814916349,4,58,3,4.419786854381031,56.74349421289877,5,8,4,Marketing,99.93770081293734
45,16,4.508196178821537,2.656715500239859,12.582366204690267,9.095228815176817,1.2517892869575167,1.2126050208430676,5,38,4,2.6162655139804367,55.457374556124996,4,4,0,Technology,100
45,15,7.672145543947087,3.592173082547283,11.332509126716877,9.058690062183357,1.6983902845521968,1.4232849360088893,5,37,4,4.103916181542359,49.79930217486859,2,8,0,Sales,99.94422570220549
35,18,5.007990917289431,2.4815307164542544,8.338400701350219,7.210952352125501,0.9559947066116189,0.792704751725169,3,28,3,4.77333495299093,48.901728078777,5,7,5,HR,91.03937609305113
38,17,8.245392168860509,3.6945171957953797,17.32710207456354,7.074874178969986,1.2853728132404711,0.9288196339721776,4,30,4,1.8228305674209397,62.34185170366357,5,8,2,Marketing,99.93345455000245
22,13,3.038253561541035,2.2986135909135936,6.447520090989601,14.899465836181562,2.079907480581279,1.8078730330218225,6,66,3,4.006447282430705,59.57074349530008,7,6,4,Sales,100
49,16,3.8899411756123308,1.3385225818801638,3.8899411756123308,6.460828050936825,1.1873419523885844,0.73245630752343,3,55,2,2.3711894777867966,77.68585514598257,3,7,0,Sales,100
34,17,9.213325663344692,4.091855799270235,17.69402229763506,15.181846748971909,1.9656757084091054,1.2299075992632846,6,54,3,3.7073850058507873,95.70758967931064,7,11,3,Marketing,99.98129433024677
43,15,4.677716446516702,2.1944794653310096,5.935537671698184,10.893030099045747,1.5028990838842287,1.2302663743684188,4,13,4,4.495637734995429,83.52723670813116,3,7,3,Sales,85.19874772794103
43,16,6.40966754072907,3.2872381277870604,10.540646819384929,9.541167642809407,1.5867694328546516,1.0555808277778411,4,40,2,3.6838675609993468,45.707952691927986,5,5,5,Sales,99.1772524409607
43,17,8.122411932831927,4.924093489139379,23.79335007012714,9.63904067929987,1.718628235589024,1.360187462349012,4,38,4,3.888246013036049,65.37093792806435,4,6,4,Operations,85.53193906913867
34,18,5.721310711174006,2.123357375580412,6.662827939487265,10.997420432842448,1.6122953491018257,1.3790538675527264,6,31,2,3.5933165218624374,65.28509972548775,2,9,4,Operations,89.44500736163826
45,19,9.154721489673175,4.380217977483733,11.528545059779146,11.150390416259661,2.0757053637393343,1.4805335219114255,6,29,3,2.6781104811447154,68.94433556632804,5,7,2,Operations,92.64956970558886
34,16,4.212924746242457,3.5085095434876674,8.296400234656392,11.312954771789526,2.058441220402081,1.9290943097914908,6,41,2,4.045844086553087,44.44233185727527,2,7,3,Finance,100
27,18,7.352015207663981,2.595207278980404,10.679132232097814,8.197069856481345,1.4793327198939137,1.0195823313896388,4,23,3,3.0138841578137994,64.26956935388309,3,6,0,HR,98.80510525535874
34,14,4.354386598236635,2.5876996349813863,6.337678309693927,13.430550583350424,2.1517375240800045,1.4567738334084102,6,16,3,4.359654583716008,58.74885911948822,7,6,4,Finance,84.33559088982426
43,17,4.107661036745731,1.858643183275692,5.444877910184042,12.43966700570542,1.6931505740338926,1.5898371065613686,6,25,5,3.7015966766307136,15,3,4,5,Operations,99.83396837591627
37,12,7.845049191237385,4.935688485575891,22.24651557332477,21.42558617825956,2.5394428549510715,1.9490866707063492,7,9,4,2.8165630665871717,64.09582851061786,6,5,5,Technology,88.24856282456469
31,12,5.780773659340816,4.793551798820637,14.102464775914326,9.689429855384818,1.443287791173827,1.2489376514720976,5,23,4,4.389081119478725,61.436811224710844,3,4,1,Sales,98.41860766526935
33,17,9.728014622479037,3.5743496181458148,15.123190372295559,6.753326224862143,1.0521128982805377,0.9523498444843255,4,17,4,4.1026272216994135,44.602997392873746,6,6,4,Operations,99.98040368811681
48,14,10.343460447635383,5.9121367911477964,18.192230038342192,11.81150675131641,2.2092942316184305,1.6577956124570623,5,51,3,2.9009946396872204,57.75156319173386,2,8,2,Technology,99.96639023998286
31,17,3.8619828070436393,2.7718639669058307,7.339062023949547,11.252035360624184,1.7593813730055545,1.3564418539101468,6,12,4,4.704251820400315,79.15980943213407,3,5,4,Technology,89.82182424827897
44,12,10.08715827981199,3.931781465100107,18.4004783875411,6.948638224225861,1.4689999254904094,0.8619063052323528,4,32,4,3.4054096370667795,52.78986403219879,5,4,3,Technology,99.6494601046731
46,16,3.2245680500558995,2.4066345877670363,5.7796273347587235,12.527580273165828,1.96187603749606,1.3327614469914468,6,35,4,3.7364205075365158,43.39032932579897,3,3,3,Sales,99.80379005137054
39,20,3.385381647276205,2.2877142219973536,7.094635148934532,5.019661897820883,0.9164677554713452,0.6191294605549583,4,47,3,3.289530787844544,49.326576883136,3,6,1,Operations,99.81945658638004
22,17,6.187283649070247,3.385422420314761,7.19924756894461,9.460393462139747,1.3834490646134168,0.9678689494490023,5,23,3,3.4893633402430013,56.60302814301037,3,7,1,Marketing,92.9770408893471
32,12,4.824128388009091,3.3843893883851663,10.63245572746839,10.712030402601778,1.9898206015168662,1.4199955278335503,4,19,5,2.989363401867119,61.9533095967348,5,7,3,Technology,100
29,13,14.245588185338626,7.74433272741509,29.555184278850405,11.474725258628409,1.4473318722388795,1.4305198688229537,6,15,4,3.6032901411674816,72.17681049055042,3,10,3,Technology,88.71858903508985
54,13,4.173009860516087,3.006508376175356,8.609904757995036,16.905872005135926,2.589751201332877,1.9395454503489358,8,21,5,5,51.164346857751575,9,3,5,Sales,99.8604078445522
34,18,5.233176058267567,3.620646661816093,7.206306656578932,11.024006758695633,1.9974248726331827,1.5905855225786882,6,31,3,3.5043600892989004,75.55457756561526,1,6,0,Technology,99.97696774728207
41,15,6.028658899765202,2.8920309221811067,10.3215887421925,8.232259581662852,1.3232075841059077,1.110899339582099,4,16,4,1.5858364844333994,62.22791890897684,6,7,3,Marketing,99.91021984981136
35,13,7.629623204229951,3.2030846793963947,9.238362811754135,8.08205521012397,1.1831400856784062,0.8701555695168596,4,29,4,1.9945969692205898,68.69807278885972,2,7,1,Operations,99.83269390974176
33,15,9.383997299073224,2.90324790593941,10.530193864380937,12.779659680040398,2.1363790266643767,1.6561234438959018,6,23,4,2.5914468290576034,84.26155666472125,4,8,0,Finance,92.77518502370505
30,19,6.424071853441315,1.949414770817303,7.975031553959669,7.638255760444443,1.4356399294515418,1.0571390037166337,4,53,2,2.3929859137172103,66.93200942579395,1,8,4,Technology,100
22,16,5.215903819641752,2.018468263381329,8.039149882657417,9.729187481178583,1.7486366598951872,1.2280177468730018,6,35,3,4.282618144116908,71.96034215354585,4,4,0,Sales,99.83028442912443
49,14,7.6230951750664415,3.80390124800031,15.583396371350208,10.348331444709595,1.4727759185288993,1.0573584061702634,4,16,3,4.2975272661346855,60.40039881213231,4,7,5,HR,80.65309584822093
29,15,3.9729973573954083,2.5847920467605467,9.970954504377845,9.863553345066942,1.3942284635933835,1.1166812597842943,4,44,3,4.002110810539666,52.22563285823501,3,9,2,Operations,100
31,16,2.5381209764754633,2.102494790817909,5.254733735420588,11.150692699819105,1.7598060357018697,1.5042189187755324,5,51,4,2.9075860370376194,30.080216441629847,8,7,1,Technology,99.90739381534078
43,14,5.45225478902311,2.814338508761036,7.070476268698234,12.031969546232183,1.5629772415510288,1.6190189830536852,5,48,4,3.1894559818069976,63.832154414847516,4,5,5,Operations,100
45,16,5.128913953604877,3.0960235102730036,12.793188924769456,13.913318799357643,2.5010501964879825,2.1281986265293478,7,23,5,3.8146438865898187,19.5757815808877,5,5,4,Finance,99.98747309546619
29,17,3.465975114949214,2.009218516424257,6.912989881396373,7.0789895010049415,1.1660768973521747,1.0364533171819774,3,24,4,4.194604471622061,55.50024498841944,7,7,0,Finance,100
45,16,4.574074719829429,2.6184086177571038,6.7067926714683885,7.584375332786569,1.1695168544265313,0.7141798706767093,4,11,4,4.0950913148623025,40.310468492013136,3,5,2,Sales,93.24938863979509
26,16,3.2121933338103243,2.192543664721843,5.03464833576387,14.247274915930365,2.21972910108727,2.2208536304065665,7,74,4,4.992476619941636,72.65578115008381,1,8,4,Sales,99.86427132630077
37,17,3.7091378579188437,1.723605145823654,5.4521775853541925,8.115064931617207,1.4900061401781928,1.3053772406538489,5,16,5,4.226381094936571,60.61618469651995,5,7,5,Marketing,71.23558742442354
38,16,6.0787495950403665,3.8857492616109166,9.365627939112466,10.090824732726992,1.5485248768019364,1.3600353522247939,5,17,4,3.3887949425560944,53.54933771858296,3,9,0,Sales,100
43,15,3.944078978201518,2.400136283620405,9.07083773991917,13.777862892817934,1.2879200560887538,1.1693321140274742,5,37,2,3.8842775363879087,66.98883232875497,3,5,3,Operations,94.56263884026254
34,17,10.94842664820533,3.90096682355486,20.375073265940646,6.81857606590403,1.060439163043746,0.8605068249761171,5,17,3,4.2939823811072575,53.860067203832166,5,6,4,Finance,86.88383643383065
33,18,15.497701105924332,6.212652602974409,15.497701105924332,10.172017178844714,1.8418531254109096,1.3846798684953605,5,33,4,3.4870487914469184,52.850811116305486,5,7,5,Technology,99.87959738036278
36,15,4.677077335217372,1.913822635341995,4.7356320880011475,8.238283851203981,1.3520391628123762,1.176341473524131,4,18,5,3.6021439979348653,41.32410763520861,4,5,5,Operations,98.10689235916101
43,18,4.44295729086197,1.8719123620788694,8.32312791600491,8.473969658643314,1.5099960657005334,1.2231267418096907,5,27,4,4.018008478505689,47.6252990617951,6,4,3,Sales,89.61432713266102
22,17,6.1731066289286725,2.316442532056886,10.591812149176663,15.297889003318874,2.307993876556414,2.1772013917851107,7,17,4,3.3975997896965255,40.799979299979526,4,4,3,Sales,95.70234936966158
28,12,3.9170742478314993,1.9152121413435728,5.524550423569556,6.115084037051673,1.011605448714888,0.776756695780798,3,36,3,3.5021392602497103,29.20814351221311,6,6,0,Sales,99.9771241832329
49,17,4.549377201853387,2.3156450269660955,7.2886520810023505,14.9477694449806,2.547199828322429,2.3233237101148183,6,23,4,2.5035874032872463,52.37348873015245,3,6,0,Technology,100
29,15,5.975282527032331,2.3911411140913614,10.77375619785778,7.480996077626345,0.9499219716435007,1.2425675166308383,3,22,3,2.1700040115417436,62.6662676841052,6,6,0,Marketing,94.86643750153586
44,18,5.569638215954471,1.8982327206781457,7.093308341883468,12.17967887241571,1.7749876978909678,1.9210662336891027,6,25,4,3.6887280727596288,51.054496103051534,3,5,4,Finance,90.17781695804373
47,19,3.53599777585321,3.508087326163037,8.824626807280277,14.767973902002538,2.596753449717586,1.655191000289074,7,44,3,3.4048255907330276,66.97525803075189,5,6,4,Marketing,99.91058790446472
39,18,4.781079091227108,2.694698753739151,8.96979940130191,21.974434398611596,2.9197808569417267,3.489890514025518,8,5,1,3.113584264383469,50.801878407652396,3,4,3,Finance,72.54069432804987
43,18,3.7817526625254163,1.992033458428916,5.3149127934845435,16.22632782717612,2.334975707512681,1.9579964368548488,7,25,4,4.9128819952961145,49.774881540903806,3,7,4,Marketing,100
42,17,7.262336484081425,3.9330214443883462,11.748735328584635,11.545909199123805,1.6268935340341768,1.3917335020167565,5,23,4,3.2078304457730855,81.9134071936078,6,4,3,Technology,98.25425483494715
33,15,6.403759156909426,2.8130306601651847,10.998806607485585,10.387609794133844,1.536946328214309,1.6783039948426333,5,26,3,2.4965637845050863,48.4995570137076,5,6,4,Finance,88.20554424653186
28,16,5.491501735099981,3.4154302245550605,15.521363560824373,9.953205018713714,1.8232993780210802,1.8923400340128236,6,54,2,2.4774258653246037,68.03615317427317,9,8,1,Marketing,99.89906552750372
52,15,10.628574601330161,5.118620920315761,13.474512589326572,9.632491027244178,1.5037966816039552,1.1412782673414477,5,33,4,4.292290661837898,76.78522825133352,4,7,2,Technology,100
41,16,8.143521525633526,3.293407551944269,13.397528774141485,4.712252004894374,1.109038327105762,0.6332643979921974,2,69,4,2.988985787032776,35.08130596742236,7,9,2,Sales,100
51,16,4.101134633973014,2.025172811556527,7.318098071471506,9.255574221215054,1.7247281490600246,1.294745579134302,5,13,5,4.203672690349233,57.16144273843754,5,7,1,Marketing,90.77075871149069
49,14,4.5173766606292345,2.9163250307189803,11.639234009191904,10.548687199035157,1.35845677754959,1.3136210986507832,5,33,3,1.811370107689662,74.10235589745129,5,6,0,Technology,97.90194611005056
27,16,4.049421051165736,2.117213996492356,6.940864014441508,10.156788975649722,2.113872405704711,1.8929747995042343,5,14,2,3.4771494890126746,65.04939479873387,3,6,3,Technology,88.82633116385996
32,16,5.954587207711261,2.4232142231759433,11.659590438569541,8.064397054400846,0.9631076980873646,0.7160761603082698,4,18,4,3.671649700314543,48.59554447481507,5,5,3,HR,82.15732416555744
35,16,5.835921236355991,3.603512774074501,11.600845336052172,13.817330001020334,2.180962606210338,1.478324660140106,5,34,5,2.907298268397271,79.66079955601039,6,7,0,Operations,99.97429211867914
26,16,5.5398446520470594,4.428303556038499,13.879576212488871,12.356356785972633,1.9996380898995096,1.5526335257317194,5,61,3,3.311161486591055,41.12034277680982,5,7,4,Sales,99.96094375629102
36,17,4.216573790923458,1.8926317305438276,5.2294545887879025,6.072123435733152,1.158209754986545,0.669027054034373,3,28,4,3.3890966446702095,36.935971920091355,4,7,2,Technology,94.7193396617727
34,19,5.044377318757492,2.7393815783257436,11.127938623482105,7.285576719418944,1.1690508129381167,0.9678092285170836,3,55,3,3.3035191176936616,49.79959459567849,7,9,3,Operations,99.68342646568061
33,19,5.507676183361904,2.1118111779581294,12.682937194556917,9.163863425905838,1.0880720120507468,0.8987500269956725,3,19,3,3.4948937631821098,66.89425029129868,4,6,4,Finance,84.19855812637425
32,12,8.352345571796631,2.8150042962135107,11.91407162564267,12.234301149463066,2.10335813547776,1.629648968619383,5,24,4,2.7928062422638726,50.04481871429814,5,7,5,Technology,99.92534153521053
42,15,1.6285863881992537,0.8,3.638959934436466,9.28794662676307,1.5755199371424649,1.4162437200454572,5,33,2,3.8078095827149854,56.60617967827147,7,5,2,Finance,100
45,17,7.222918383952308,3.799020274034664,15.311612789173653,10.977525387576641,1.749595104776558,1.445540096186513,6,28,4,3.885441961321407,50.189332704085466,4,7,0,Marketing,100
38,14,8.692082414610983,3.797611718957828,15.541935289560836,7.692697714864586,1.234008623879868,1.1057816997611665,4,62,3,3.106496345118487,58.40972090921568,1,5,4,HR,99.88441203015597
38,17,4.965210428760738,2.315384859699583,8.722316546576726,6.92651599901677,1.3548759439262923,0.8590049588572123,4,16,3,3.8702372622481405,60.18344486787586,0,3,4,Operations,93.69422453847818
22,14,3.1228958490321057,2.0150315266365895,6.927569785239176,8.720559782254476,0.869903170475774,1.1762624755760507,4,12,4,4.601370265159869,68.40006755898187,4,3,5,Operations,83.44522030290796
39,17,5.787461298808729,2.9748906478982935,14.076751382160456,14.311478589282505,2.1717757654152963,1.906805182639747,6,34,4,4.207134460357592,57.488216454563116,3,5,4,Sales,98.2327530329894
31,15,7.702838349723117,3.078211755290794,9.902726025093612,6.288742084507355,0.9993590772420278,0.9443096620543989,3,26,5,4.091659099006085,62.840815633670324,4,7,1,Finance,99.88036865189457
41,16,5.238514667825017,2.606491824606715,7.576129829902574,13.783688335167527,1.7901265553386387,2.2364169049750635,6,10,3,3.684939668808169,84.04123327868231,2,6,5,Sales,94.30857255946704
34,15,8.463030192728137,4.382269590322073,17.485381599631335,9.78803865221222,1.6601354150861016,1.6321208420401798,5,23,4,3.3193806691928893,45.54272682649053,5,7,4,Finance,97.4725131249156
33,15,5.613002697050932,2.3203366607153377,10.041592167165561,11.079516275625219,1.6588946304172771,1.2782957209072228,6,40,3,3.5947903242226147,86.44371763664898,4,5,5,Sales,99.90548709064839
34,17,10.766447409244513,4.418313775066957,13.722936938755476,7.978522849247879,1.2665547508489998,1.6024776135098158,4,39,3,4.491955506308078,45.99921320845445,7,8,1,HR,99.91398293820002
34,18,6.152081384176059,2.288246473117686,10.37780944524801,10.499947175403852,1.7219234432169417,1.3792944734431867,5,27,4,3.5070746905154166,15.21217666167021,1,6,3,Technology,99.7633990366859
39,16,5.331576838716409,3.1170083476791586,9.917872031848928,6.352072893406959,1.3689031702737702,0.9169531622703043,3,43,4,4.88441173230812,99.79389601012164,4,4,2,Finance,99.91380236114104
33,16,7.288494413316421,4.381573491556641,13.444700446262212,9.870568472084818,1.6455509197888831,1.603401295609054,5,47,3,3.7169356827010205,89.3419765216071,3,6,3,Finance,99.78185957142774
32,16,9.256026383880474,5.196934293767454,21.62971933837934,7.066799126733036,1.0627384791933725,0.9092008729485271,4,9,5,3.30220174234881,59.589955984901046,6,9,3,Finance,94.98170491397882
38,17,8.655819271376734,3.7184320517895713,18.18525131324641,6.775670342988936,0.9610341837234646,0.8648487306136335,4,28,3,4.1009482936737385,51.738996334693105,5,6,3,Finance,100
44,17,7.7975008115997335,3.8826871459733203,11.753517754423726,11.200987402017924,1.8535843170361306,1.561673911849845,5,27,4,2.9124094434340466,60.43116590159858,5,7,4,Operations,94.3816306880575
39,18,5.889416444364807,3.5174762986434924,8.801080750930971,13.108789547202392,1.9464473340386306,1.5836241353555656,7,23,4,2.2889572857428986,50.72904416418405,2,6,5,Finance,100
30,18,2.2774433495866915,1.3782386784818932,5.570372767847611,14.326058583360098,1.9663265576004723,2.495031614402638,6,30,3,4.10780920630282,87.47282641220491,3,7,1,HR,91.91826352282558
33,18,5.007933675458993,2.7923342650418745,11.108568900522274,8.113867784069134,1.2318061520397166,1.2499712841896302,4,27,4,3.7128399289884526,71.39529339864792,6,9,2,Marketing,98.61976623428905
37,18,7.693922981872771,3.105711808814012,11.657183797486303,12.218254935996079,1.5634187265110322,1.4693625339956196,5,15,3,2.4901015804542848,73.57354455135066,3,6,3,Sales,100
32,17,8.329387293100421,2.717654669942902,8.99586070428273,7.41321743056792,1.4219959926845402,1.1007620884817595,5,32,3,1.9976260968104114,83.15572189713586,1,3,2,Operations,99.66960184316433
39,15,5.118213058248289,2.693080133184763,7.3488720729119965,12.357181480892727,1.63621100868004,1.3017423724273087,5,24,4,3.7137681791995876,70.12854609034204,2,5,4,Sales,98.05820083468632
22,20,3.6164363004565616,2.0070082309423682,7.8655611196128,8.626245069292148,1.5548612247750175,1.2038068500356283,5,40,3,4.182003346714722,42.90836122804122,7,7,2,Marketing,99.97312276129581
39,17,4.998500843970419,2.5746768849508617,12.450116827750572,9.659415688058706,1.2990176095942427,1.002123353298702,4,73,3,3.139698786030425,54.913880696729336,5,7,0,Technology,100
30,18,9.788555970889767,3.7119129675199467,17.738088137366493,10.125666539592535,1.4733073266308143,1.22361854798416,5,48,4,3.207712880756275,49.14392657058789,4,8,3,Technology,100
41,14,8.999333099626826,5.690806722104754,13.958010449773676,12.554529571083282,2.085974948461584,1.2923313063973025,4,20,4,3.3624429065591337,74.63152189727964,5,8,5,HR,96.46941650412894
42,17,5.26420326575409,2.704214188404848,6.580353060338998,11.80116425113841,2.19072549582628,1.552399310195145,6,37,3,3.2886723434552843,18.41804967715903,2,6,4,Technology,99.8774498165317
38,18,6.480452168378907,2.3140473467851246,9.61504180399706,7.6911770255402985,1.5780049536869443,0.8646660171283577,3,39,4,2.9928146569718157,65.70404020277665,6,6,3,Operations,99.81152441674989
36,20,4.856156330027143,2.41611237909798,10.104394383204006,12.604842554030494,1.8215287554883723,1.71324468945865,6,38,2,3.3278180274926874,39.4093662952107,4,6,2,HR,99.26148632666097
33,17,3.7407535082546564,1.505836501769079,8.423765723151622,10.920399974894032,1.6359829180220724,1.4918943233667858,5,20,3,3.6158529862747146,98.09421216542316,3,5,4,Technology,85.41681612771812
43,17,3.329849868918975,1.984430652044348,5.689522625930225,11.089925685323013,2.1837306601469733,1.635916376812713,5,49,4,3.8367653465698006,64.29844653594584,4,6,4,Technology,100
39,20,3.940869114498674,1.5967404967737695,5.150943498561361,5.958931339887129,1.1740065068081278,0.7744840015090156,3,41,4,3.506197897821085,60.95247395127163,2,7,3,Operations,99.86809083021814
38,15,4.865633899755404,2.668863727725932,9.700362748529484,8.353161589773823,1.3689211915708133,0.9867033624822907,5,59,4,2.3712036858916345,47.14273249890083,3,6,5,Sales,99.95487807185131
33,19,4.876676270228306,2.542405329859569,8.691786109141617,9.815269714099864,1.5379933105294779,1.3316003857397156,5,24,3,3.2941745832543616,86.12201078435778,4,6,2,Sales,91.3499662510393
43,16,5.119368479859923,2.6253429152458567,8.765257592597772,12.222777356071308,1.4670724882224393,1.7062343040125632,6,22,4,2.0108933061751255,57.58601647557031,3,6,0,Sales,89.97960038639299
33,18,3.527257960577969,1.6745572288388433,4.8038557054896565,13.447672141734962,2.071943603431512,2.064575238320178,7,61,3,4.4940111573534205,82.85166739692625,2,9,4,Technology,100
47,16,6.849432217384418,3.405463252672502,11.851150570881721,10.564664896305336,1.8998740389684283,1.2400159205724974,4,24,4,2.712124626205909,65.94821235708757,3,7,1,Technology,99.95867650040707
35,13,7.244348883627119,2.675830232099898,11.3457715138103,8.40138412191074,1.4976160489933124,1.0695135377040357,4,71,4,3.5742977089778223,86.46702370525975,3,8,4,Finance,99.85754732014955
34,20,4.393522467843118,2.973792701467724,8.591581919201944,9.754295080312005,1.363180567612088,1.3365967849645408,5,22,3,2.595878473964624,67.13581832308279,2,5,4,Technology,100
34,16,11.17013981617383,4.165217591864873,21.485719298940595,10.29814463949697,1.8337207224988077,1.744275177200134,6,17,4,2.396352876965583,52.75114680789109,1,4,1,Operations,94.02079861445233
50,14,7.042166374391871,2.889285450312603,13.021010207709,8.818278190711474,1.5666700233383222,1.3844582937647862,5,36,4,4.73021111751343,59.32885529125066,8,9,2,Marketing,100
42,14,7.4934174607418536,3.5334555551268094,10.229082882166573,20.34262198506107,2.229056781508453,2.248695698437086,8,45,3,3.799427083886033,50.02810261090375,7,8,3,Operations,99.83892562273977
32,14,8.178386086685327,3.3842570146717876,12.88896044171666,7.82045846610598,1.2676996065228419,1.184640437638962,6,33,4,2.284582205949448,50.202072138608216,4,5,5,Finance,90.41150436343314
33,17,2.176261249599283,1.0931293280437215,4.31207059714755,12.671911616366831,2.418910032582156,1.6364548363534728,8,14,4,4.587218278978601,42.215034494088094,2,2,5,Marketing,75.10215471035104
25,16,3.812694843336005,2.216751339232173,6.673600791408627,13.43369781971058,1.9181276373363134,1.4431147220104568,6,29,3,3.5013078630192433,57.2300221591885,5,5,2,Finance,94.92364901730593
27,19,7.777929440510218,4.814567369179803,16.482742002785805,10.519161889012908,1.8157084219254853,1.3407834388048556,5,27,5,3.701275486690098,73.93863930832734,11,7,3,Marketing,99.96013913564627
36,13,5.400764225632463,2.2294713862948092,7.8963966592642665,15.09878427308697,2.1988557583323645,1.9289637472153216,6,81,5,4.10582721927597,50.10119933105011,3,10,0,Operations,99.85937035665414
35,16,9.146438659991599,5.105583782796221,14.741245194464868,8.021723016670308,1.3505317786286046,1.0493037770549694,4,39,4,3.2828074094275457,64.99442333700874,4,7,3,Technology,99.95239158119132
40,17,5.281863326062964,2.7983700955799082,13.317606383096848,12.962365530438856,1.8836940643828466,1.3835121094660847,6,36,3,3.999677500389895,32.59433691390667,3,6,3,Finance,88.69567343368132
40,20,3.3656305154464468,2.2107741493149353,7.200840486649965,5.080609264882973,0.9170529147634853,0.6656386488710914,2,11,2,3.9142470505634055,64.3368564892489,3,3,2,Finance,83.75976363112274
25,14,11.557587147954608,5.8964711948754465,17.565372307843585,14.032441442683016,1.8563091238260003,1.73528523836234,7,22,4,3.9876320312968168,46.170191090615255,4,5,3,Marketing,98.84710852964241
30,14,4.031957608652483,1.6749313026576165,4.946873520720726,16.175012790022734,1.8330529361595114,1.894807577738747,6,33,2,4.113865376419138,77.04079000596195,5,9,3,Sales,95.92275871467109
31,20,7.172883881093247,4.398887718477647,12.5370494803104,10.252784125711107,1.8367399505570332,1.825389287794861,5,28,4,4.611159828091714,58.686209989138575,2,6,1,Marketing,100
28,16,6.601635788849265,3.80813765158603,11.184404665448831,9.531103654685738,1.7372758469486569,1.402070675910908,4,29,3,2.986670810771805,50.711778140295976,6,9,4,Technology,100
33,13,3.1331801742038636,2.60384153920576,6.508903397366894,4.548739680416842,0.6871207397344602,0.5306983185567753,2,14,2,2.8969550589159674,63.80047742534677,2,4,2,Operations,86.59981956265244
32,17,6.4255720843464434,4.424443840230071,17.97457224695084,6.7444408763329635,1.1126348481895305,0.6628800261844082,4,79,3,4.390664419023272,35.608741147478376,5,4,3,Sales,99.81049266178137
44,15,6.633953520793591,2.8725128198397063,11.278503754374134,6.458694335080792,1.2564391675535307,0.7430381490676241,3,7,4,2.9916387059107863,82.14729569058561,5,5,5,Sales,86.14723679546736
28,17,8.382888994057467,3.690562244333923,13.50801526602301,8.825294329934842,1.4104505114633268,1.1688295905225177,4,26,4,2.5321715259760866,54.360345614362465,3,6,0,HR,99.58492874288689
49,15,4.255914952341368,2.9034843126736707,7.306989923264059,21.068522065482668,2.6413576319868617,2.759305620310551,7,24,5,4.084211839725877,59.11644418981777,4,4,5,Sales,100
60,16,7.2714218887162145,2.9905091517123443,13.778644213273573,9.530178596709066,2.02283105600185,1.7237128793762488,5,32,3,3.312237997678109,76.3994510600099,5,8,3,Technology,100
45,20,3.6285810453617113,2.6641886743011463,7.481660418852915,14.055616408034906,1.609142768591349,1.647956539189221,6,42,5,3.3085391869299294,56.77506966597197,1,5,4,Technology,100
41,13,5.003197840385773,2.8917384404671846,11.66651875216746,10.224694470380394,1.6197272670630136,1.2701358971898244,5,39,4,2.9889768898969247,70.95244078051934,7,8,3,Technology,98.47318673905114
35,15,8.386050675385928,3.7878455752434372,12.858830462593854,15.817574345640532,2.6344891929467122,2.165530512023837,6,28,4,3.7102710796160854,76.04689399832016,5,4,1,Sales,99.96291271384577
47,18,4.319736595897728,2.7953192791331647,9.207113882896781,14.804091875628638,2.3343465539931136,1.7721572632896216,7,41,5,4.685812332648686,54.729920754413726,5,7,4,Operations,99.87481648799952
23,19,8.712059813325437,4.1201640125759464,16.842863984879344,7.791841563336329,0.9929183835320331,0.7475062927491057,4,45,4,3.0080659903738547,50.28451573353338,6,5,5,HR,99.93474123911147
37,14,3.3794321713508557,1.8233359939311438,5.10672755526117,12.20662071098775,1.7745461241621154,1.553576754918725,5,32,4,5,46.40559977038197,3,6,2,Technology,95.92343233333114
30,16,8.21352249185175,4.778266176566119,16.378693443082817,9.946850226088088,1.5961029841897476,1.2396907030388964,5,38,5,2.3004973681130356,66.6001580274776,4,7,5,HR,100
40,18,8.091305953224323,4.124385435728134,13.588090795229299,12.165780896858658,1.739316061617016,1.971812714910187,6,69,4,3.0992538647643166,56.31882848120027,2,6,5,Finance,99.94643062500225
29,15,5.7999433909214275,3.2887560649379712,12.382662943270013,11.787756836324064,1.7405507907342341,1.561486969085916,6,11,3,2.8867714310235693,79.7518135174442,1,4,4,Operations,93.22891454522808
26,16,5.998405277834952,2.5182718287762964,9.813967398469284,11.21293202021534,1.5621988038112602,1.471226558661614,5,15,3,3.6913552554575886,67.40177580063077,6,4,4,Sales,85.47457879653099
44,16,4.306539317400886,2.405517442194091,7.101704210759585,11.179241111861808,2.0475542743503143,1.4665250581110432,6,34,3,3.1963388996768978,40.86509962399957,3,7,2,Finance,100
31,16,4.938496729199533,2.4193220689980977,10.007240796182932,18.727340199035094,2.8016796953682923,2.106650878512724,7,38,4,3.4997020576263687,63.15621531261029,5,5,3,Technology,100
43,17,3.278271644611491,1.4734005391720795,7.995809300229753,8.445453813276998,1.2790799373147874,1.0936765378696833,5,41,3,3.3047373337995682,53.60436780156612,8,4,1,Technology,95.96072669311188
32,16,6.888410526113328,3.4189791257798756,7.882623405212382,10.78694000722716,1.7150482125615485,1.2544896152841385,6,9,3,4.592008567253267,79.94472165905991,10,7,2,Sales,94.6886848750969
39,18,5.3175069867922895,2.7028908865582126,11.867752186627957,11.219055114383183,1.7880660750973871,1.444687582616616,6,21,4,3.390656146287837,64.82626352688537,3,10,3,Finance,99.97965802951958
27,17,4.531496697817552,3.198117461919843,9.315393605124902,11.41889861489386,1.662264515107827,1.1420170743203144,5,23,4,2.7087059284748904,71.19506343034894,4,7,4,HR,92.82937995933911
36,12,4.817295291936311,2.609133035231233,10.073968198102332,9.565622210267835,1.448706350208721,1.0450075316285654,4,66,4,2.788459895056907,59.4739074234877,1,8,3,Technology,100
42,18,5.595677023547706,2.0176811022707968,7.977713804046675,10.220236442194317,2.049872600341801,1.14254417522954,6,67,2,4.699151440492726,44.07443398403896,1,9,1,HR,100
45,13,5.680466417738576,2.3190027334568017,8.679321000449233,8.09868659631924,1.634401182074494,1.0195843569286502,4,19,3,3.972011341807931,58.41993442030745,6,7,1,Technology,90.82228750650806
49,16,4.105577015386447,2.499439881979419,8.122093231005586,9.594030759782022,1.4349813451925877,1.1196276584099145,3,19,3,3.393668211965105,33.64067678910126,9,6,4,Marketing,98.24076955369335
33,13,6.957282873191384,3.3884161199177316,11.228335550200818,17.113181174182742,2.0657783746518708,1.7797856141619197,6,31,3,4.290071659449367,60.1819223538627,8,4,4,Technology,100
37,17,7.788393133894653,3.752396964995728,19.751308213041998,14.592602879311737,2.1460810858982007,1.9682316494899461,6,19,2,2.80590631264391,90.25655110061385,5,5,4,Sales,100
43,17,4.025203157205387,2.7848182846196887,8.418473807653283,9.315972190305073,1.622161744547327,1.21314453223081,5,47,3,4.59004396446264,39.49715385663149,7,6,3,Technology,100
31,17,4.563831334954313,2.0233349360524473,9.072641164582402,11.360281903705605,1.8409462225150304,0.9267555006210997,5,22,4,4.317598687678285,45.03670398964017,3,7,0,Technology,100
38,15,12.013551995252238,5.114860869675663,19.908237552706083,15.271052152400276,2.17171430472246,2.5572191584310158,7,33,4,2.9081736886668494,41.86044417854081,6,7,3,Technology,99.91712211402302
31,15,4.587748156194334,3.01520349478961,8.459238463669442,3.765498944316751,0.9073895186718638,0.7693672038639014,3,76,2,4.099751504747879,43.45344925004889,5,7,1,Finance,100
22,18,5.41904596277272,2.8889005271574866,10.50753944664596,8.640386273992016,1.585160340156446,1.2240060257228582,4,21,4,5,53.73491079477271,3,6,4,HR,91.93547648013434
23,18,4.357002223028379,2.272919778930367,9.178716736169664,12.696741897498105,2.2862485300524815,2.0435902673989674,6,39,5,2.1779887790280985,64.62515552824472,1,7,5,Finance,92.40981213854752
31,16,11.909397715702339,4.8998905127174766,19.64256348375735,7.237730915387316,1.18050641164549,0.9722141490044296,3,34,5,4.284105169902686,68.37006626958278,1,4,2,Sales,93.24596183990343
27,17,5.58699363577771,2.6026874957343584,7.912531869521999,7.610294193489514,1.5168565472560436,1.31750444604719,5,18,4,3.086745084749735,75.35845446555062,4,6,3,Operations,94.64503926142847
22,19,4.853511969971236,2.9055467208068055,9.142873259718167,11.871981326811818,1.8918756339607345,1.520728812300851,5,21,3,2.6797391009044476,51.93162691397466,2,4,4,Technology,91.05796813578131
33,19,7.42291275911556,3.105372952831816,14.608802995168425,6.351642844223945,1.4311954177356725,1.008500234968636,4,37,4,3.7997138661657313,71.32336479106675,3,7,5,Marketing,100
43,20,8.445242558574265,3.470792373363124,18.18948374843667,9.04360725929751,1.1773514926284738,1.0128631458736728,4,63,4,2.894378610394921,64.34083361292038,4,9,4,Technology,99.88169142885661
47,12,5.415646030323279,2.998213444629635,10.215749600409623,8.875090118550553,1.1216480993106548,1.0261539830948663,4,39,3,3.691949596491904,35.91438630116446,3,7,4,Sales,100
34,16,5.953170807348326,3.802508057795099,8.12724649930825,17.65166403708339,2.3443314187742557,1.6097822752292041,6,52,3,4.98475666632769,66.29423805895276,1,5,1,Finance,99.95540401653614
43,13,4.972778361810969,2.5739765649243425,9.584482306800682,8.9481575195881,1.2478053622604144,1.0901195277042657,5,32,4,4.2405385802013065,60.829613210021904,6,6,0,Technology,99.94898849174074
48,15,6.222605083971011,2.70508212762581,7.920349496823627,15.814714750905104,2.6773080326057364,1.9864860805179736,6,15,4,3.502832532766136,50.162761724374356,2,7,0,Operations,83.92123184588962
45,14,2.777394091999077,1.8003442282185664,5.306433256396189,12.294524224349905,2.0250923800698493,1.597162494074231,5,22,4,4.097281958483605,60.87415734408946,1,5,2,Sales,80.65864127987899
52,18,4.669345979212037,2.827624142165979,11.414393388949108,12.242795948433905,1.915737573908803,1.3706315549984303,5,34,3,2.78453206594607,65.3497598781372,4,5,5,Operations,100
25,16,4.974668047482072,2.79386055543724,9.254305618085098,10.776926223545939,1.4891891958128252,1.364565400790119,5,51,4,2.7153382853034427,61.591768887511286,2,6,2,Sales,100
47,12,6.89406856369032,4.2005356533253995,11.388046954130735,10.305504707427039,1.7336022166715443,1.328783752782653,5,69,3,4.098200271734211,53.131584597438625,5,8,5,Finance,99.97700151247818
34,16,5.288321397131368,1.7589350975048639,8.394844792633016,8.94555259669043,1.1882726761379216,1.0242312646884935,3,13,5,2.8819108901120853,43.046300616400075,3,5,2,Marketing,96.06355062251681
22,15,4.704953373316081,2.9910573180305255,10.725611165473367,6.951734390900865,1.265788465278556,1.1862625060581802,4,39,3,3.8983504453627233,87.86179245267948,5,9,0,Sales,100
45,17,5.563340081851848,3.2834854295847538,6.488122929369564,6.468019024385305,1.0061988636715944,0.6691384848200601,2,9,5,3.3140082966029287,61.05748587147273,4,7,5,Technology,86.60030993366242
41,19,4.054347526953236,2.7360266266235245,8.33903847085824,8.953252475659438,1.6204310741299548,1.363075118661526,4,17,4,3.2311926780449554,40.79323622594036,4,4,4,Finance,87.78125063046917
26,12,4.953682598609659,2.5874726089203643,8.406395984748682,7.446005032188892,1.3195219358205132,0.9080972305237026,4,12,2,3.7977404830652244,93.46075053747848,5,6,0,Finance,66.94091726095424
42,13,4.608676678419711,2.3101848874817263,8.903202051634796,16.623625144980863,1.9689164694425574,1.836417605251294,6,39,4,4.078252270293069,58.34379637906849,2,3,4,Operations,96.61026345641243
43,20,2.978869624561528,1.8750301886710592,4.2954897197804405,9.941920502220311,2.1783256321910494,1.3779687755224799,5,38,3,3.188344292715932,45.64838752057724,6,5,0,Sales,100
32,16,4.049044604771362,2.0914885744978378,7.38761392130247,22.216059816430803,2.973824931494142,3.3895675995164942,9,31,4,3.6930270901262032,65.66913933196568,3,9,5,Marketing,99.88003793811359
28,15,4.451575250256286,2.9065059661207227,8.662078185417721,9.922897122924077,1.6901538309985322,1.7106913789517149,6,67,4,2.598002043287266,72.52466990619298,6,9,2,Operations,100
35,14,2.5332904485321683,1.6088582444047796,4.258109130666688,16.893323954112656,2.6677923752654493,2.421589535504023,7,24,4,3.779544648159426,69.54138551805468,1,7,3,HR,85.8029843138577
31,16,6.747880693380076,2.7960346107317275,11.096269923624657,7.035043751911866,1.0659706156015427,0.8592010217733376,4,28,3,4.483896639810724,56.90021166344775,6,5,4,Operations,95.62264467759677
34,16,11.528305168809188,4.705495803513115,15.752662274276929,13.421601075287514,1.8219372837299874,1.7548064955759108,6,61,4,2.705516818608646,79.77327786468689,2,8,0,Sales,99.99502697818396
26,16,7.8720833393573555,4.558634553694951,15.343848731627753,9.049515287903368,1.685856919668605,1.2840980482512097,5,56,4,2.2936076928053106,76.61323289483948,2,5,4,Marketing,99.85753191639333
51,15,1.9540129650044125,1.8961069271014324,3.7596263767948113,4.9230918919906035,0.8182698272760163,0.6605121878424417,1,48,4,4.015626249640251,59.97279812299197,2,9,0,Operations,99.91780955699987
35,17,4.806112342090888,2.8654265663715397,7.8115859730968795,9.480548181832578,1.4697271937225804,1.2018742730352356,4,46,4,2.5881880046690693,44.83458248414215,5,6,2,Technology,99.94599536838265
46,15,3.8902537713556167,1.9195768836648464,7.099023655332728,9.997570261229527,1.5522646474696218,1.5303595042714706,5,19,5,2.201369417526473,18.945687400065164,6,5,5,Marketing,97.00245131449462
41,15,6.245438038737936,2.8129922995237138,9.340468594718274,10.748954211365891,1.1461815455859956,1.3869816350738873,4,35,3,2.5925462444540934,71.19717016597028,4,4,1,Finance,100
33,19,5.4440819622488625,2.9592080922428017,12.372505324504052,12.028024093352457,1.8127218317875902,1.5851770577074922,6,26,3,5,26.051977405406387,4,5,2,Sales,100
32,12,5.11162504036999,4.601895684514368,12.524438883911932,4.390758194829331,0.8210659683357596,0.5395382862434617,2,24,2,4.1920120029237955,54.638036514271306,4,6,5,Operations,88.55623331841777
54,14,2.465720768850724,1.3519706670024183,3.5575354625491094,9.647055302504048,2.0822665024416405,1.1232178346752488,5,33,4,3.9877862854644937,64.61305620971272,2,5,0,Operations,82.88797557133985
46,17,6.645136198512449,2.80659952969842,8.933799454652291,11.089765921271223,1.8248861382655208,1.5735482627293713,5,22,3,2.70300862427634,36.15605974430393,2,3,4,Sales,91.84971315527976
37,14,6.2863855877926005,3.5011229624262037,14.916949021347678,9.350983715700702,1.6745471248647823,1.2703560952490949,5,25,4,3.288673990431061,68.47298227173908,2,4,2,Sales,100
31,17,4.671540065714633,2.473699210965673,8.678123680643116,13.270967379329043,1.911027374842955,1.9154783236737598,6,24,3,4.599279696762749,71.58811739424154,4,4,5,Sales,99.91417972582336
37,16,4.404308993460867,2.0750966153368986,8.81093290763378,8.93579339252889,1.5010259681407523,1.149853895824289,4,36,5,3.096611502166283,82.657382738581,1,7,2,Sales,99.93614066626328
41,17,3.468612248420981,1.7994923475716915,6.661140824928608,9.289254857778499,1.834317085109225,1.3061181975667226,4,33,3,3.676607187599036,64.57973071737376,1,4,4,Operations,84.79984827856609
50,16,3.175891015082312,2.050161939084092,5.402963331688853,6.7383395656993335,1.2917695263366615,1.248462886410344,4,58,3,3.3821735958633976,41.982913277581254,2,5,4,Sales,99.94466826258272
33,13,5.275411856860922,1.8943790432468885,7.79757262685846,9.51249282688184,1.4318361341207964,0.980066529938052,4,59,5,4.987690154282478,49.86020956470139,2,6,1,Operations,100
31,16,7.856901144188199,3.509334107433,13.97754741570173,14.829683170403095,2.2003980227948747,2.012118983125045,7,29,3,4.6891140271856955,48.04329869480025,0,10,1,Technology,99.95905818866544
38,15,4.746560312191158,1.9193305722718645,8.05096666956446,10.136941868446682,1.7100500470282507,1.4128834688295864,5,52,3,2.3060929624044224,37.41642352227736,3,6,3,Marketing,99.83979218608523
27,16,6.516248982854893,4.201361738840306,11.05265190391145,11.0389830860286,1.610252670378481,1.4666823393174353,6,25,4,3.8139267366886997,41.65402233190722,2,5,3,Sales,100
22,14,4.798461973531322,1.8999148018854166,6.15527098565652,8.160486475913112,1.2104021533803255,0.9305871463478544,3,34,3,3.8021270010751214,47.73642204094331,4,4,3,Technology,90.87521260463377
25,12,4.570775752995171,2.711409191844931,10.714144708370378,17.569885006565737,3.1636629345882215,3.026062212039969,7,18,4,3.490329843719047,45.70331258571011,9,5,3,Technology,99.93637309358306
32,16,6.251102178745726,4.599939643603799,13.383241912101308,9.758100779883156,1.6605017556387809,1.4874436433838572,5,33,4,3.7109911595133296,84.22504741116988,2,6,1,Operations,99.93303225572816
40,14,1.6,1.362012698256439,3.700627515115629,12.990884860253646,2.0192138177029335,1.6707012954863014,6,42,2,5,75.76972490629831,5,6,4,Marketing,100
33,18,2.945735655129263,1.9245135467614836,6.032974736582808,13.363090217851909,1.9130960307669287,1.72175960060377,5,34,4,3.3027790064590294,75.48224846748127,10,4,4,Sales,89.0123651836259
41,19,5.8489232754780796,4.387091947638244,15.398777780268919,10.479341324460185,1.9150212603815076,1.2958979148706236,5,12,3,3.7152512593724123,58.67653109747669,4,5,4,Marketing,88.1478213862912
47,16,3.8249458443447626,1.503942709365428,4.789251205518178,17.130255969169827,2.6425674254054443,2.020604915328239,7,17,4,3.305756632594132,87.8192582475892,6,4,4,Sales,71.7266170574971
36,15,7.007014499643672,2.659227755007307,10.504679844524656,5.992750490621862,0.9780848849212864,0.7835117179159197,3,9,4,4.021757127258987,85.34460135156847,6,6,5,Technology,93.75998248505842
39,15,10.976375077544196,5.586273607887059,20.494157480958236,9.622426100149795,1.3373629872470003,1.3156308435181026,5,36,3,4.010908240076237,30.376520449066128,1,7,3,Operations,99.96503916350251
41,19,3.8541873034942338,2.0058779027911817,6.5905545301658774,15.805384610565921,2.589702543208444,2.321015941238596,7,20,3,3.220934208537193,42.58887559746576,6,6,4,Sales,74.76744670590507
41,20,8.091177818706573,2.70953146166531,12.857231882521374,20.503745776268385,3.6725686287151675,1.9785630500296862,7,18,5,4.2941054291527845,41.740921860549605,5,5,4,Finance,100
22,17,6.073456112895172,2.39647327988651,10.31496391599052,14.675720412918007,2.525670582293753,1.8615651595057205,6,44,3,2.891476210909966,51.474691633645726,6,7,5,Sales,99.9191248447682
29,18,19.17445724203635,8.099882516697608,32.95682263069112,11.0976184919184,2.242246460380637,1.657841726919236,6,31,3,3.0846967000128833,45.71607185112018,3,8,5,Finance,99.45416027321869
39,18,8.3962616065585909,4.594921407095345,18.088320223178894,8.082116902192562,1.3963320794501293,1.1857976290615058,5,28,3,3.9092312338715094,69.06865846862603,4,7,0,Technology,100
33,17,3.7846610620351147,3.134322420471453,9.20647361814051,7.755873920913319,1.3843442980836476,1.174732323025864,4,27,4,3.5031410663629523,68.30613833441271,10,9,2,Sales,88.13957678833482
48,14,6.785715130483696,3.68017262524613,10.767493520557037,16.416548714454642,2.0904153574026,1.6786854970911538,7,22,3,3.911515350864488,62.32861747252125,5,9,2,Technology,86.2386926251931
53,12,5.65266208625561,2.191023588486117,10.25244280045869,12.773525664061978,2.2707240912186735,2.136713431524613,7,43,3,3.3944539759008787,75.03106135288006,3,8,2,Finance,99.00234923824954
29,13,3.4666565236716784,1.6935286941272378,5.782021449588387,6.969165024884773,1.319659461124476,1.1686469976897869,5,28,3,2.791406860766381,51.919051177768026,4,5,1,HR,97.03816560731815
31,17,9.301837733929665,4.239255483836457,14.145535312863117,16.543954734792727,2.498955046356188,2.0888914423919887,7,41,3,3.4902261117195974,42.906192143051726,6,5,5,HR,99.83894500669804
40,12,3.0385020691037616,2.3225784534551797,5.944825389469403,10.702220177381555,1.297329774673465,1.2691973883162864,5,76,2,3.1056642093641647,92.68889937764662,4,9,5,Marketing,100
41,16,5.572811474139086,2.9105468288107996,8.928771503754652,9.523250911619323,1.3705025848068493,1.0574342389087124,4,28,3,4.086808732236468,60.580458223694805,3,7,5,Marketing,99.51287018398932
36,16,7.2463167457251405,3.7846572105469942,13.813785237527217,11.08034892507729,1.3424029677156835,1.1274397659157167,5,38,4,4.207422555689279,100,6,5,4,Marketing,99.9423122401451
28,14,5.061844263223583,2.4635507423466914,7.084905934880085,16.829364403135607,2.926206261500845,2.400998231220522,7,43,2,3.607457747297768,79.90043137054954,3,6,0,Finance,100
25,15,5.864875306662031,1.9001806465478186,8.598211388199282,8.492883608068253,1.6431382758092612,0.929711916573892,5,7,3,3.8659123129218145,73.704208511137,3,7,4,Marketing,100
51,12,8.788740263246082,5.489289705600683,18.310209236941525,8.074195442002406,1.335934536790128,1.3305232876338131,4,19,4,2.405192958026889,75.38988583224393,3,6,5,Sales,91.05210861837053
33,17,3.60041842065829,2.6067510910652656,7.753147141364243,14.077296291426245,2.2066968105623337,2.1522071871252004,8,40,3,2.3875908449668217,70.55200457012013,3,7,2,Sales,99.92529304832408
38,16,10.21528259216211,4.553405357616052,23.247917768672824,11.534918180636657,1.9313554123536738,1.3899878197207816,7,33,3,3.410676865985138,62.225242666295635,1,6,0,Technology,99.93612889631156
39,18,4.955146257102683,2.284956611848104,6.9889881422659625,10.702634642517491,1.838544325025861,1.7199703159493849,6,27,3,2.494881597642181,65.40006077445322,4,6,0,Finance,95.00487240871782
31,18,6.467293584105503,4.83201801948709,12.419832605727692,6.815177150603814,1.4231524275041927,1.3149623327759827,4,20,3,3.097782010869395,78.11179222511899,1,3,1,Marketing,94.07346844424633
43,14,3.5345046822547777,2.1971331478547107,7.493741947891813,10.769119340663297,1.6563395286108231,1.4856917085387675,6,52,3,3.308421809765994,39.82019798942843,4,5,0,Operations,99.9342240339022
26,17,5.671081553046457,3.4060353586417764,9.346988870940658,10.697735848571623,1.8047983570442,1.2145448049298213,6,20,3,3.417788674036687,36.149927819367136,3,6,0,Technology,93.29940945635961
29,14,4.401474277585278,2.202858792901153,8.779291889428562,13.58188421965063,2.323582093011655,2.16290568783107,7,22,4,2.6126879248069343,65.99517106758037,4,2,3,Technology,92.16882278799997
49,16,6.149235610575599,3.4111063918632296,8.22297311508962,6.50063745058684,1.1368126040609252,0.8195541116914917,4,39,3,2.179551013870387,54.79041375789722,1,7,0,Operations,93.9252643383849
42,18,5.913484187418851,2.398771772307996,7.689160437389191,10.75447222213345,1.6392050967996319,1.5053270572772752,5,19,2,3.1161544765895535,71.01286515955627,6,5,3,Technology,88.47206650093361
31,16,4.7942897132127476,2.111307709793531,9.512928723844032,6.211184274452477,1.216174356267567,0.9206305992324774,4,19,3,3.481186351559475,68.5829116388495,4,6,3,Operations,83.07849123302958
43,15,4.355632625625098,1.4727490928872307,7.961016603735002,6.94023089682371,1.424602265900199,0.9633317730213095,4,18,4,2.799828638425115,73.28888247657413,2,6,1,Sales,95.7460546900868
27,14,5.077856313532148,3.0082430705756953,10.0404837342982,7.938253213177986,1.4541857397715343,1.0483092475679228,4,31,4,2.194586789457388,65.83483080388004,4,6,1,Operations,99.88156166948976
35,15,4.895696898590613,3.213140462964011,7.6992749822046775,11.181154681221184,2.2294147700911,1.8779395904846987,6,43,4,3.7924212451100936,35.843715386102616,4,10,0,Marketing,100
27,14,7.81315249844694,3.9192268816210705,11.664851185237122,13.045120160673159,2.0085596176447127,1.6636454910599063,7,21,4,4.098750515163013,60.0528713579552,7,7,3,Operations,88.59794652014217
47,17,3.3656642273311728,2.3733812700452575,6.643186364561227,6.785592494190164,1.3727490671002343,1.1352557949507842,4,34,3,3.7092957233113406,55.328876029134435,1,7,2,Technology,99.93434449522819
33,19,5.922754619860016,2.9228146415425007,13.267596243397136,12.054692766036998,1.6552281337498531,1.4158204298579073,5,39,4,3.173738750349123,70.09861756746915,2,6,1,Operations,99.95583283624707
29,17,3.460611304897708,2.0693932539205515,6.183047571235429,8.062549669867547,1.077472679286096,0.8818222439722291,4,39,4,3.1733034289648008,65.71902303423897,8,4,5,Finance,96.82775752716805
28,13,7.573780597524787,3.175255335016753,11.85783880314627,8.544469390858392,1.238643485998832,1.0222336809854173,4,48,4,3.828905702964763,61.64437883728391,2,8,1,Operations,100
35,15,3.5347835039578217,1.989043153044141,4.937268084451826,18.72940348793135,2.649769788580368,1.9461352870892807,8,30,4,3.5049215570532857,62.10753698571618,5,4,4,Sales,98.93501803696356
35,14,3.85285164830508,2.388449760049481,6.547292887345976,7.338705046114892,1.0696886587463754,0.7475049428852524,4,17,4,2.209811417751973,66.70628631821315,5,4,3,Operations,84.54043050008772
28,17,5.015344717445859,2.280430210080774,11.3078424641933,10.730111090612242,1.719606060252466,1.1473940609414885,5,16,3,2.913949675945838,87.88745313509169,2,3,3,Sales,83.35384507918481
27,13,7.0195397247061,3.3678355562362037,15.744794869945178,10.682834543771243,1.7970503112295813,1.3041741699348188,6,33,3,3.9183011554900578,84.81142156759873,5,6,4,Marketing,89.97346257188578
44,17,7.790288865187958,2.199560270441161,10.009154498280049,11.059804049739377,1.5695126172732692,1.1290081050551293,5,40,4,4.100602402785955,28.88348594489754,1,6,2,Finance,100
35,19,5.819702440735659,2.901524690010159,7.528157112043122,11.077078457578407,1.4191990921342823,1.2301834013924893,4,19,2,4.115903247255546,46.980678252136066,7,4,2,Operations,89.35473953124672
40,16,7.03154053806952,3.753987456271499,11.845610220512423,10.837541107711028,1.4873814869386461,1.3124176168343231,4,28,3,3.579471712708776,36.98869535166472,5,6,2,Finance,91.5094604503479
39,20,5.15008846931402,2.9768079903220372,8.773717510990485,9.437146791453362,1.71200377558163,1.6200966772476566,5,6,4,3.2984992188115894,46.13651144761186,2,5,3,Sales,75.97562689488919
41,17,6.255809127618201,2.8222775427946445,14.380181959568782,14.390830427592928,2.8870933805897927,2.0383417344250074,7,18,4,2.9732808711541323,89.8185305388787,2,5,3,Finance,86.14473925965993
46,12,8.47494880764658,3.0893023047065804,13.997560302745015,15.473988750148598,2.48188701456901,2.5367857443229664,7,26,4,3.1784675032101903,61.31010509464933,3,6,4,Operations,100
40,17,5.864607270658003,3.482218378533387,10.820517745095145,6.234619630113921,1.0536536137911865,0.706044877335328,3,74,2,3.905869636960135,43.487594458609635,1,10,2,Operations,100
33,12,7.190050851131785,3.91140400397173,16.588894211307682,6.249447708827505,1.3443005652537885,0.691608689534764,3,36,3,3.0845860814507127,87.01685043594145,4,5,3,Finance,99.4043804216167
41,18,3.857836311557618,2.294230878371835,7.123281449132177,5.890724987005905,1.1519459866218118,0.7943957774725933,3,30,3,3.605280995075493,73.5565981415433,2,4,5,Marketing,76.28116073953542
38,16,5.742050072720835,4.065984798463749,11.142712250409737,7.585903113569132,1.4239669109634703,0.9418497968233377,3,55,3,2.5972418682304723,87.4888907301994,1,6,5,Sales,100
44,15,5.736497138960802,2.309285894100118,7.5108524254175455,8.818480532132556,1.189174275848707,0.9211563149293913,3,33,4,3.99762914023613,62.638410655746775,1,5,4,Technology,100
32,15,4.582372224455704,2.6904406413640203,10.160212159344887,16.09178051857961,1.8655444615563608,1.8687826464386774,6,35,4,3.915459220367661,65.99014198349042,2,3,0,Sales,99.91953998468651
35,19,6.298047845675808,3.401443111912737,12.646827269815095,8.872274890723471,1.7419383697818756,1.3405255682155044,5,20,4,3.1011335499999224,71.73158892139111,7,6,4,Marketing,90.8242998309369
29,19,7.8025045105364725,3.0150561534250055,10.242062302469032,19.975762924963995,2.090059612682209,1.969322070432413,7,24,3,2.301744921818994,68.23892901478469,7,6,2,Technology,91.72733005107818
31,17,3.4202583714270953,1.3031398306255253,5.15366562870077,8.741357494436704,1.3246997088802,1.170870668872841,4,46,3,4.107070167276518,47.559606247074,2,7,5,Finance,100
37,17,4.381408115347001,2.408063676329928,9.961917328224347,9.097497990839456,1.1502353277157147,1.2453053134308019,5,37,3,5,76.84858600799853,7,8,2,HR,99.95528629639195
38,16,5.5464116154670835,2.6695003394341676,10.37838280073677,14.34481918357679,1.7215795219629442,1.6310122889293186,6,17,3,3.7011987533655524,50.519430728782105,3,8,5,Technology,100
22,17,13.890913717221823,5.528953520503678,15.923993554609295,13.125507459026364,2.2310479851849685,1.7101758525215638,6,33,3,3.50533227624532,58.418577795392736,1,6,3,Sales,96.25309311746837
36,18,5.342899618714563,1.908487186009118,7.02682536731625,6.592482926874754,1.3452465711973371,0.8576459195982075,4,31,2,4.0077197938308915,53.41746916756631,9,8,4,Marketing,96.5730838613782
34,17,6.782067803738466,2.9445180960048485,10.471185066308355,10.266301410828824,1.499933601985972,1.2756960972313072,5,44,3,2.5765077021560763,30.8099138018879,8,8,0,Technology,99.92358374424671
28,17,7.132633100420988,4.29636789524205,10.174031054655455,9.456143285936154,1.2025153667922082,0.8528985522560664,5,16,3,4.285674487671834,68.45178216948491,1,4,0,Marketing,84.12324098112458
46,17,2.969798045789427,1.5209041995692134,6.022533958028574,10.921724467533632,1.9056381709626675,1.6759297698113047,6,56,5,4.1253693365914,67.71112059152215,5,7,0,Finance,99.93363298293883
35,17,5.139445191756723,2.898661039317719,12.597119567571255,7.839193177186447,1.3541646539419374,0.8856309843591949,3,34,3,2.724935681699497,41.97195808945524,8,7,5,Marketing,99.73622972314246
37,15,12.563595640659942,3.6222686017856622,15.323671075151998,5.412747891050589,0.870564052911962,0.7185482991026432,2,36,3,3.300727126348264,62.88449282388461,6,9,1,Marketing,100
38,14,7.845732176125206,3.27108156549349,8.427542676265858,6.772540460008412,1.2714009997035605,0.9197715643166184,4,16,4,3.710191853427598,86.45279336946767,2,6,5,Marketing,86.18345049119492
36,13,1.956439285871312,1.3685154521421035,3.2907974026482703,9.022918409326092,1.3066690432592554,1.3119917104091297,5,13,4,3.3261259708448887,82.56626807754323,5,5,3,HR,80.76397175829372
37,18,4.666974559883654,2.801911698372941,8.366365360936905,7.750787859782048,1.3614997102777497,1.0062600783697493,4,38,4,4.097034408811528,71.70771929303359,5,6,4,Sales,99.991148333917
22,14,2.548700558686167,1.8103376980649202,5.345124915359535,9.288679442564,1.2283450800531588,1.1334334936820296,5,32,3,3.8912057528916018,75.9743438758023,5,8,3,Technology,99.97519963899367
32,16,4.056000193394575,2.8947638150823747,8.298258874188376,8.776335999907015,1.8681214358662728,1.3431253056399424,5,27,4,4.491442470464403,48.51465517412663,1,5,0,Operations,99.81314897880765
35,15,2.5994807554333343,2.1197805110658523,5.02972937476627,6.967341373627053,1.2873445213535446,1.0229254818627853,4,44,4,3.523332669581667,73.26879767084498,5,7,2,Marketing,99.94905117909306
34,17,8.039393433096516,5.001067029842787,14.660398177500765,6.031392810439687,0.9037247023091662,0.6612507151666359,3,30,5,3.9855775328626954,63.961189722068845,5,8,1,HR,100
45,17,6.343008146055682,2.4888796739345382,10.125903186817604,7.711741528981068,1.192413105789769,0.8413572648760744,4,27,3,4.102055153459375,92.80543944839349,5,6,2,Marketing,96.6245607376233
34,16,7.669791507205943,5.287851958716768,14.733338229894112,15.170822116147617,2.5090189738617656,2.8022802905720727,8,34,4,3.881928632195429,33.32508245507148,8,6,2,Finance,100
36,17,8.288267304234209,3.3737119706068666,12.883379528983106,9.664445479665181,1.5925112451651275,0.9917415380559182,4,27,4,3.5990225146423107,42.33980280756546,6,5,4,Marketing,96.40519170748367
40,16,3.592811595569309,2.386056441796085,6.677448864054051,8.575548624083495,1.3265497610675765,0.9639850125993509,4,44,4,5,49.56570545497371,7,6,5,Technology,100
47,18,9.641330976994542,4.091693841897614,20.152922017740494,7.010950576639309,1.1800656143335093,0.865756541568547,3,16,3,3.985133458005274,60.93899981715395,3,8,4,HR,97.53339074330952
36,17,4.434592315464231,4.151070632444747,14.870658780976528,10.529533529403075,1.7866531462365753,1.3074972055223426,4,35,3,2.884350250968002,73.79175164703801,7,6,2,Operations,99.87969308087422
22,16,7.244830204266673,4.317729301030963,20.932351692241735,9.613938481783254,1.9705413627146917,1.3380111364048606,5,15,3,3.1049465953551323,51.08080411007829,4,6,0,Technology,99.51446240708816
30,16,4.358215940271788,3.313116821503825,10.91058141839122,11.772076902297922,1.9886950174593776,1.4508271663051597,5,26,5,3.8226002265021384,65.33396713624852,4,5,2,Finance,100
50,16,11.220866365072549,4.00466084759919,15.259156894383873,6.320385514794833,0.8673003962572471,0.7124429212996878,3,16,2,3.7919743273342528,61.636959094015694,2,6,5,Marketing,100
33,19,5.548554348093225,2.5608925840997148,8.474487824975807,10.507902302361567,1.4519195371296028,1.108086755795922,4,10,4,3.1884571419600714,37.108625016253605,9,6,2,Sales,87.19418633244945
44,18,7.796491054424075,2.1981619230747556,7.796491054424075,8.760983551430613,1.4769965516977768,1.6191923092354783,5,7,4,4.002166704607438,77.9533533941591,3,6,3,Sales,92.31103281072137
24,14,4.871176186792341,2.459518802916439,9.088314940107018,11.163173661174817,1.7363901816044218,1.3933535598078295,6,22,4,2.7053738237327827,45.45743508745979,1,7,5,HR,90.64378772812303
39,17,4.049202633954757,2.420326232198393,10.131937276741645,8.692146655126372,1.4749929449673997,1.1476455243145827,5,73,3,4.501944542554621,39.13042103152707,1,6,1,Operations,99.90031872675377
39,13,3.3738373334401706,1.5224987935830538,5.239496558490013,9.047208766407259,1.4201927908511205,1.084566433180826,4,12,4,3.5115607288112693,71.10475277374971,7,6,0,Technology,78.32830712144538
41,15,5.414291073425828,2.885410751007849,7.485046976161248,11.506054319758423,1.9486325622240561,1.8030881804937005,6,65,3,4.2975335213738575,74.09516583126293,4,8,3,Finance,99.96762389483473
24,14,5.149224742671617,2.087754343684012,7.805475783033508,9.223050119913431,1.6294426233869868,1.079169697785905,4,71,4,4.338660649523711,63.1241659090432,4,6,1,Operations,99.86697492097302
48,16,7.948543632455584,3.6208934196433167,9.432447785531835,6.823799015505256,1.2613587360609524,0.9122082910230804,4,17,3,4.400943365801322,65.5708729033459,6,6,1,Technology,78.55268632390211
41,13,4.468769914029619,2.726237771422908,8.85891901425176,12.044743469104967,1.9117037024362193,1.6713025474917578,6,39,3,3.076641583169994,41.25523588828394,5,5,1,Finance,100
32,13,5.3797550118196815,1.9821750290725229,5.690529537488698,10.386497008360577,1.5037440519060212,1.0525741233153738,5,42,4,4.894313352572327,62.627490850472554,5,8,3,Technology,100
41,18,3.8586295419608745,2.2162582927082073,8.390383165632798,8.868105952849364,1.435203929077265,1.3408546858206303,5,24,4,3.089221506855914,57.68120358624539,5,7,4,Finance,83.9123028190704
35,18,4.281284348757509,3.0154792559236587,8.461682424866286,9.228023951981472,1.7004529812335014,1.3407908326701234,5,22,4,2.790953345227551,48.82562948056576,3,6,1,Operations,76.88142313638572
24,20,6.753254452733735,3.6166455258606254,15.194286484740324,4.512006850045121,0.8210423892465001,0.6380883007141817,2,23,5,3.6182997514057647,75.12338676789467,7,8,5,Finance,96.10917141994294
35,18,6.769686349601982,3.1305458885644124,13.279908947147383,17.498495598978444,2.7301288341172048,2.201488040801394,8,23,5,3.9607138894846465,63.82708000779963,3,5,4,Technology,96.95034056255771
43,15,4.288481044760156,2.3067029801678887,8.08090682954567,11.27164180439436,1.4929150826767872,1.0369373730088018,5,22,5,2.7905489953952785,38.8575252296316,3,6,0,Finance,82.64025708664933
32,19,9.447419374541749,3.6708457183300367,13.550711950177725,16.736983072431446,2.6716636065732176,2.165399735580967,6,79,3,4.681584081110298,62.70554608065767,7,6,2,Sales,99.98754442333525
27,15,4.278314737928496,2.7009341514869507,8.604429035914583,8.472702414368504,1.4697728161886225,1.1915716395014697,4,11,4,3.3809308671833236,48.67004600995438,4,6,4,Sales,92.0462932533072
22,20,5.725428292521722,4.0974554999767925,11.267951082254175,15.44018231530289,2.023515219716845,1.8617564428445375,6,54,4,3.5775074111607474,63.987555492229,2,2,3,Operations,100
45,15,4.997196672621451,2.441040697989049,8.200835633671531,10.492321378999042,1.6320104793464596,2.042709071193895,5,26,3,4.709494202944863,23.955926436341507,7,6,4,HR,90.75820233121266
39,13,3.9445769187080173,1.4891156432475947,4.523308160104625,6.2126085612804305,1.170480843060555,0.9259074941553206,3,37,4,4.0930415290316375,66.9076718209698,3,7,4,Marketing,99.88754025044489
28,15,3.5022578389685637,2.2148006538519955,6.789016406291536,7.89176458421628,1.3972279928764992,0.928045446783665,4,40,3,4.489376530698742,98.54552295798656,3,6,4,Sales,87.74614505756502
26,17,4.979471253202531,2.0000405780374613,5.56490337441553,10.421886968808717,1.5644232977850683,1.4279905048803905,5,30,4,2.4001601567087785,99.93031064913707,4,7,1,Sales,94.93182367559984
54,15,9.754595629420507,3.815003933745778,11.415715241186488,11.289538448446594,1.924978407250363,1.4193145288720863,7,34,3,4.9129455977883,45.39753349062239,2,6,2,Technology,100
38,14,7.442693431970886,2.430981044345174,10.51997946179762,11.196085627896137,1.6743796258524775,1.2680249868000408,5,29,4,2.5865635297357623,32.8334206998852,4,6,0,HR,98.27843555469774
28,20,3.542859911856152,1.710182491417605,7.250769847302899,10.246467196773839,1.5616968212699582,1.6296777705202925,6,69,5,2.1058486701116306,54.98181257216726,6,5,5,Operations,99.94093054522808
24,16,4.323756878491076,2.0084917750878604,6.231725892860198,14.279005798420554,2.1413263074277924,1.5938886566060182,7,22,4,3.5264094999449873,47.6952374334335,1,4,2,Operations,100
44,14,4.473515223684187,3.4192474757009745,8.548794222749645,7.728200569443318,1.1055015615385786,0.916001886781287,4,29,4,3.5136856096757914,51.45855889842808,2,4,4,Finance,99.34502749567436
32,13,2.692800147048114,2.097699652211758,5.666112460567205,7.783354336157352,1.5173118801438166,0.8531449997577749,4,38,4,3.9861340177157807,74.06285843552504,3,5,1,Technology,100
31,16,7.070634196494157,3.2236689749981204,11.014041508707836,10.201937106298315,2.103178490960866,1.7136477435809436,5,44,3,3.69677340468088,66.0852689146369,4,6,1,Finance,99.85936435282532
35,19,8.43808877084766,3.581021413563737,13.53369018628977,11.99650895686279,1.7183815822053579,1.0520645427640294,4,29,4,2.403649027419665,58.09174010741954,5,9,0,Marketing,89.8177948903018
35,19,10.350803685094691,5.795729951724188,16.90207169963791,8.94344532977409,1.2021211510413772,1.081044389789435,4,73,3,2.6321128813404258,56.34732511692012,3,8,3,Marketing,100
26,16,5.602377090975234,4.687168493117538,14.345767831051758,8.287007924570938,1.364883001638931,1.2796964107605293,5,29,3,4.515019700096121,47.586673623255514,4,6,4,Sales,97.03048853454695
45,15,6.631327459448695,4.130315944992238,10.82825488769281,12.70649154346081,2.4135089025708782,1.699173469377932,7,26,3,4.206628176856998,66.02148615460277,6,6,3,Sales,97.32571835135151
30,16,3.6807465867023574,2.469759281604946,11.266832545029583,12.323715062745961,1.869751253867052,1.6731949605873475,6,25,4,3.098082966882194,80.92869753160643,2,6,4,Operations,94.66275707551338
27,19,2.081810912328179,1.0844792472844753,2.72322420925557,10.759967505026825,1.9555876909931103,1.615338099663178,6,29,5,3.605507664070526,49.867017188502494,5,9,5,Marketing,99.93354625076566
43,18,4.88883899628369,1.76566086428618,5.792445187452675,12.107099791203487,2.183958918382868,1.384551788592603,6,44,3,4.005756843737277,49.734501440787376,3,6,4,Sales,99.98472081672936
24,13,6.6415171394701655,3.1808283791797223,10.676336587084005,6.982375060372605,1.179219642351633,0.9463131621701716,4,36,3,3.00879413041938,47.06766308784398,4,5,3,Technology,99.85566623923224
36,19,7.916887988948929,3.3910634902658825,13.040673340749198,5.232378766459041,0.7523369716114723,0.5942053157970346,2,69,4,3.219248326548292,50.88495626247643,2,9,4,Sales,99.75583512766187
48,17,8.722256903248066,5.117217619867638,21.935194575538116,15.21473365015777,1.6000629536138162,1.689175433600039,6,18,4,3.395635941065612,70.70642906911377,1,7,0,Operations,86.38023911189694
47,17,5.96805143887942,2.0818766655811434,7.25751416437292,14.221753615167126,2.1092121481202826,1.8341589664521045,6,40,3,3.9126944812303424,54.95206305243528,3,6,1,Finance,100
29,15,5.9911136299044205,2.477156242088942,12.753023644880086,11.934153949120773,2.0233175157265904,1.6583800792524621,7,16,4,3.088665532136304,59.09672011421013,3,7,2,Sales,97.29001374141367
33,20,4.695764329125289,2.4314851161924764,11.588471447642524,16.8476809367232,3.074844911809549,2.1942503954756716,8,22,4,2.4020785073160895,56.8347175244925,12,3,5,Finance,96.20868544203587
42,12,7.3244765676990715,2.9205310432428138,11.030443360256871,16.4388470214289,2.2959699232389568,1.6380315820807518,6,15,4,2.7966778262122176,67.04889183260246,2,6,5,Sales,96.35192410961032
36,18,6.75903854567246,2.9148434032085646,8.024375683454409,8.454872311822557,1.5160715600085828,1.0614214411646397,5,38,3,4.987250146273246,62.52297613726594,4,5,0,Finance,96.39125967820715
28,14,11.352550504536556,4.981987134912606,17.381888385374754,9.135714191316216,1.451791369133158,1.0687828609947374,4,19,4,4.392317628351223,52.07301225003654,4,5,3,Finance,99.82659077655784
24,15,7.148178491814389,3.584507481525555,7.293041450992271,15.584703142633368,2.8912050154176283,2.192681272197247,6,29,4,4.075620789440015,73.8265710657045,1,6,0,Technology,87.77742410990781
25,19,2.625338489817257,1.3953621729059067,3.0549340637207756,7.1322173166807055,1.4652206755870856,1.0088758547614347,4,19,3,2.8105576967390737,59.08999146656688,5,7,5,Marketing,78.43866576682721
32,18,5.138130872294697,1.8920671975238175,9.292472302299087,11.278531391780936,1.8163476706405393,1.2158013120132831,5,5,4,3.2078655571468992,60.887025305410454,1,6,1,Technology,91.65549319043059
53,19,9.507699193753135,3.3136966898380087,19.214646954959168,13.86372262886187,2.142111425804361,1.641515276247605,6,30,4,3.2075813886627245,78.95703109761614,5,5,1,Marketing,100
37,19,6.99276716468613,4.002017397027754,9.915623568072744,14.316374355923958,1.8824348025149977,1.5147897563842614,6,37,3,2.889886886038102,77.93177584734963,3,8,2,Technology,96.83001301536311
28,19,4.545334714845506,2.0961194302822066,6.392594049238322,7.710716510453115,1.1793629823069878,0.8049539132647577,3,39,5,4.334728372675858,42.08953016955603,6,7,3,Sales,99.84668154845606
32,12,8.84309042691671,5.781229583800192,14.548536638818202,9.256483255088707,1.5321680152665142,1.190096327270364,5,15,4,4.216089133940214,59.56084776323168,7,9,3,Finance,99.14023985492018
38,17,6.763921667039277,2.814744280450315,12.735180286604097,5.936390256654355,1.0099954607457207,0.839457153060895,2,47,4,3.4725667263630657,47.759028600875496,3,6,3,Marketing,100
37,17,4.878979007325656,1.7951942344453309,8.456348687301794,7.498167452042014,1.2914166299034733,0.9717323497322038,4,28,4,3.697971826595438,71.35430299350271,3,8,2,Technology,91.15716816115899
45,12,5.869201037394996,2.975852505898031,12.398327995640571,15.18318011978003,2.4854944903955176,2.104624377324379,7,35,3,3.310420643227185,62.43879279139581,4,8,1,Technology,100
30,17,3.5063424996728654,2.193059619376215,5.9025684338235225,6.797911917916538,0.9432741504157057,0.6221293733886004,3,10,4,3.6023200825114263,51.93311353830536,8,7,0,Sales,99.87859619811962
33,12,5.517466672372154,2.2169890997635493,11.812026211928519,7.276088716258465,1.4745920977700453,1.1367254239787579,4,18,4,3.1673112630801454,74.99830534353646,7,4,2,Sales,81.26749946865877
32,13,7.371207200345556,2.7289391462046573,13.724291612208283,7.572140749462137,1.4628370922593135,1.0701963400099421,3,62,4,2.981384589133283,54.021496657458734,8,8,1,Technology,100
33,19,4.878753413684988,2.302669719468424,10.25778821823831,7.1407349386554335,1.2425218669814637,1.0927641338893996,4,16,4,4.67604344898646,51.49184700673759,3,3,2,Finance,97.20399195528108
30,17,4.038296565710641,2.603941740324189,7.316457056764322,9.136941703509926,1.8094054328392535,1.4727671451412947,5,30,4,4.193078474427688,84.84368207903687,5,4,5,Sales,99.73650479663323
26,15,4.01028806164334,1.9056498795175187,7.851493882055183,16.39569249464043,2.4018474731283743,2.403072775559003,8,43,2,3.81361007585557,56.58990871280212,2,4,4,Sales,96.28158491752178
35,15,6.095506661053824,3.2008544604066818,8.366327887866314,6.800879156371126,1.3753727653454366,0.8446920815058686,4,50,4,3.839588384794986,70.42598947241683,3,7,3,Finance,99.88540228872493
40,19,6.122768220784875,2.8109277670348836,10.063205968540938,4.6936591002059105,0.7050185271897562,0.5997301289094767,1,25,4,4.107121211692654,77.3703786304215,1,6,3,Operations,92.17673897304459
45,19,6.286954461364758,4.3177837178431675,17.161518574579652,14.090400893251108,1.602889241150063,1.7779526749767955,5,5,5,3.3011887503690414,56.24006812889796,4,5,5,Technology,86.97281159631065
40,17,7.735158320221415,3.1332308771031907,13.311746739692161,12.827186289225166,1.5570894535218327,1.539884033669564,5,64,3,3.885852039167258,71.87948846908135,6,8,4,Operations,100
32,16,8.407177922770458,3.117399763422492,13.557889255136752,13.202308706145303,1.817727456038174,1.7147451069712298,5,57,3,4.102739656245591,55.894311646302945,1,8,3,Operations,99.8307560208495
37,14,9.631369149410485,4.1008294336262665,12.584057064485116,6.97045798629557,1.10968183044962,0.8303988748580287,4,30,5,2.5260169024009658,63.56611112971731,11,6,5,Operations,94.59453209969044
40,15,7.34191121896054,3.9138192557465983,14.83265359021141,13.946123410643661,2.1335983677554387,1.559218196174179,6,48,4,2.4032542087419637,49.2913302565153,2,9,2,Technology,100
35,17,8.626868289249664,5.889368159716579,17.160383916523912,9.411296881665331,1.523814313269272,1.4038989309692325,5,18,3,3.507577528613817,53.096039382492066,2,7,3,Marketing,100
32,16,4.441257044793563,1.8894940374054772,6.84870658132116,13.155874598085568,1.8812375965841543,1.8273703143798279,6,41,3,3.04000146441366,66.62119402109288,5,5,4,Marketing,100
27,16,6.45063956430474,3.0280013214726083,11.0506837842346,10.445023326479005,1.4504622658849369,1.1059573840651444,5,11,2,2.711912254960082,60.69646500114523,3,6,4,Technology,81.68374093835224
25,14,8.795675160823226,4.919791488573639,16.252336224623136,6.598231980127455,0.8449250770983322,0.5365115619898273,2,43,4,2.810603996876098,56.54763881350197,5,9,5,Operations,100
37,14,5.722790587429454,3.091922656505716,11.88354157400092,9.077628264079657,1.3695726819297578,1.5244035208579303,4,44,3,3.0148374039007706,75.7199529335996,4,7,1,Technology,100
22,16,3.3510224140480225,1.6935456454659295,3.7102135396121176,13.93558156017484,2.4120027579587227,1.9451132176963368,6,21,4,5,89.45860513010322,7,5,3,Operations,88.95028021442509
27,13,4.9687545051672135,2.084463690771573,8.839968130992153,15.787452220355481,2.0950518559368874,1.5477740623412464,6,22,4,2.3091154875326434,68.91450216023647,2,6,2,Technology,99.90671752294911
23,15,4.442835096386131,2.8960090158867287,7.596690731123188,15.261976615767532,2.685757700399369,2.4729290904598606,7,36,3,4.373725745604456,50.171924788300515,4,7,3,Sales,99.97638188066719
24,19,5.80476138044165,3.0355453348129604,7.789193604981189,11.71356860066095,2.123785309872089,1.361617859237462,6,40,5,4.008308969383352,48.363833681333325,5,5,3,Technology,99.82063941938772
31,16,6.885279099418033,3.399907016580381,11.356908694191906,14.36129067083524,1.9563860167316456,1.4599233377573375,6,66,4,4.008633098887571,82.126086579357093,4,6,5,Sales,100
40,16,6.932897959930514,3.925829918161174,14.30070091432928,6.97430234242384,1.349554955123013,1.1253601039369354,3,15,5,4.001599805123846,59.617069528030314,2,7,5,Operations,93.82696773804918
36,16,3.3926191913623702,1.9020092224218437,6.234892006508657,13.333093653110884,1.7967874284525442,1.7414082568446059,6,33,3,3.921588649278334,58.143789419786955,3,6,0,Operations,99.80370541045967
31,19,9.3435421050709,4.600917193229823,15.158062022438276,8.567914406287183,1.5013267639839265,1.0101370534295366,4,13,5,4.3872254157308275,71.51127347571301,3,6,3,Technology,100
29,13,4.367930835154083,2.993108878009528,5.866068145201361,11.146538702674867,2.1169635767602695,1.6709033798359907,6,25,3,2.7178789117176083,58.45419210671271,1,5,2,Finance,100
46,16,4.700672157685583,2.6410257634372543,8.162982234874857,5.31253309056445,0.9751629272220279,0.7239525308342781,3,26,2,5,39.58186634775618,2,7,4,Operations,90.28236794310823
30,16,7.7473426677579145,3.6937266725580193,17.917457083054565,11.073430172259112,2.3463698937889945,1.5639576314793142,6,26,2,2.600667412916581,89.72064943189793,9,7,5,Technology,89.31007798556384
30,17,2.2983138902378144,1.1861951281835683,2.3,5.725879321413915,0.9859191057640224,0.766183285378389,3,25,3,3.8906901154813824,77.14670028222228,4,5,2,Operations,81.8939219781612
30,17,4.8377329752829565,2.509134131477923,6.570378855261482,5.668397609825587,0.8409025149658244,0.7520039499732382,3,36,3,3.794373125869232,78.64396057843929,4,5,5,Technology,97.76035620080289
46,17,5.757898086786464,2.9875542287514034,8.514855133480575,11.702492609224867,1.8646595247515336,1.4122538473998363,5,36,5,2.5025325380426544,65.44063883698628,8,7,2,Marketing,99.8701272230392
33,17,5.198378637077711,2.075584309573713,7.810976291647417,9.069033830528147,1.1399593326212871,1.0207844922781746,4,17,4,3.6997241177964635,69.58079109515656,6,6,5,Technology,76.00599456650465
46,15,2.597589902710046,1.2931789402489198,4.096904449287971,17.33127528113499,2.6820398806089014,2.373306433994647,7,27,4,3.7840648758771587,64.10352896391119,2,6,5,Operations,100
30,15,5.833112777798535,2.568129941304384,9.543597838368752,19.563694571645456,2.8711058620430236,2.7575708511038814,8,41,3,2.2630152816697633,85.69914538372214,4,8,2,Operations,99.77917788893943
33,16,5.214774649441554,2.3102971687867377,7.283793562680748,8.05909401965275,1.6002742951641824,1.1813551762514274,5,21,4,2.6936674200943997,67.24252363574703,4,6,4,Operations,94.45350407910662
27,16,4.285320167725917,2.5794684457667927,8.096819934545055,6.041866359131496,0.9347866785274197,0.6720436672466884,2,8,3,3.977670116420918,70.81289584929559,3,7,5,Marketing,88.2741736410135
34,20,2.6640755166938233,1.630081407814579,6.390652452249419,8.289022846362792,1.508022339541931,1.1478866170864948,6,32,4,2.712381463265951,57.83510730314196,4,6,5,Sales,100
34,18,5.35954715953143,2.1204189673682463,7.186132982683214,7.186383583848474,1.413516316547049,1.0435936600971452,5,49,2,3.9887884516240435,70.42612774571326,5,7,4,Operations,99.8635653940991
27,16,6.188665020543626,3.2788293081980746,9.942660150003114,7.143992059595142,1.194587480219476,0.8021998641134066,4,41,4,4.418589833879286,45.32551800501585,2,4,5,Finance,100
22,16,4.4091122435622045,2.1940043481125806,7.9388795944015005,12.441720586353334,2.120082013846477,1.5236729960504134,6,45,5,2.7895087264176093,62.104403092742025,4,6,0,Marketing,99.4963923461074
35,17,9.25407224711374,5.886023866301621,24.799209074140883,10.732246431246015,1.8185664029566488,1.7539145615748584,6,25,3,3.3984787017419302,41.702698316807385,3,6,1,Operations,100
45,15,9.5772483378088,5.7872853043208785,16.88171664836574,11.344676484282937,1.6215936670208357,1.8625304484085594,7,53,3,3.1150898365081816,48.04105572020339,4,6,4,Operations,99.77692952039322
35,13,6.6857340442972335,2.1894680281366043,9.260758234996016,18.87885731572959,2.7548028859126705,2.378601486303071,7,41,3,3.3863776328699204,50.10243601161898,4,5,3,Operations,99.93541764866838
46,16,3.8810739885606216,1.7969725730981692,5.827210281075458,12.75345465085555,1.5196537705180622,1.4011515990478425,5,42,3,3.6053561110137977,63.984196028889436,3,6,3,Sales,99.99998203209606
24,16,6.518247402493766,2.6979230863740407,9.956914907889141,12.166046180251987,1.4983021293685936,1.4922136151879135,5,44,4,3.6032207103202945,68.15170523110241,7,9,0,Technology,99.97825286810591
27,16,6.228650900383,3.5817257457790093,13.58923563278984,7.4038658930818935,1.2304678876956152,0.9544619266863749,4,22,2,4.504151401248785,55.07635474360835,3,2,0,HR,88.15588538882382
38,14,3.7868028119276267,2.2024753892217395,7.156863417753799,14.645713137697495,2.315356119005932,1.9661086364716471,7,41,4,3.007808987033287,59.99128527382485,3,4,2,Technology,90.84894336532597
42,16,3.7411065227676628,2.400498311333358,8.503166582403276,6.708185165948067,1.217540574776232,1.0838649725584766,3,30,3,2.8731616417727843,56.56408605178413,2,6,1,Operations,95.3801562301572
38,17,5.204985068598357,2.0679597604194933,5.729243515256215,9.158786320871032,1.6430490623388578,1.0868447848028788,5,47,5,3.6120831856015663,61.85911414439745,1,8,2,Marketing,99.83266924266712
38,20,5.499687888316403,3.730473655109242,12.434270074681768,16.831693173023268,2.359184193490493,2.5533323220622006,7,12,5,2.69340750423985,79.08658174533302,3,5,3,Sales,99.62806374262003
34,16,3.1039664838419343,1.4886510681033505,3.8593889638044723,8.000160585675967,1.1832325823914829,0.9442030016863062,4,30,2,3.20386940216832,53.016747865734864,4,5,3,Sales,78.05469425369229
46,16,6.6863303387011435,3.1997107165809764,11.082221954933857,12.723181169308306,1.9061025199695552,1.5822490351013294,7,31,3,3.198505074300647,50.44679492928426,4,7,2,Marketing,100
36,18,5.366649545675719,3.023509357024795,10.410137880375222,5.351974877740033,0.9099981844353298,0.6864541264662729,2,42,3,3.6387095459537946,52.85902568684306,4,7,2,Finance,99.9838851281636
43,15,5.4250511838894875,2.2626386605813704,10.476675794018572,14.337586918296555,2.2172614503415184,2.001566761483215,7,24,3,2.7800544610111033,57.98127356210071,5,6,2,Technology,99.99752125134471
29,16,6.3526863494966115,3.516687103123309,11.339356882816741,11.200720321969982,2.081475287470443,1.420171474411398,5,34,3,5,46.16521360996907,6,7,5,Operations,94.57631149905679
33,16,6.320932473002665,3.58882514902748,16.794542286459162,6.507588372084075,1.0030900808522314,0.7342196839276363,3,22,4,4.480149966249383,78.2868372387975,4,5,1,Sales,97.37584088900662
37,16,6.127808549483202,3.089791690463083,9.189184465794964,12.02550206519388,1.6073815230434434,1.3482373924587965,4,32,4,2.5146333008303166,48.79766054517214,4,6,1,Technology,100
38,18,4.496405712402708,2.893617232374048,8.401753991230384,6.757669052770789,1.1012523945876078,0.8251437503244128,2,23,3,2.9069338371937046,80.16055938887128,5,6,5,Technology,95.84857653939052
38,17,9.99093729358187,3.78402186512219,12.397218376109672,12.727981786687787,2.209922896338329,1.478547045069171,7,42,4,2.500132945511073,66.77601551131302,1,8,2,HR,100
29,18,2.4158576270013747,1.3808583520741444,4.475541793566645,17.45335752522701,1.8228679212707444,2.53546972291117,7,40,3,4.0024493391247855,47.52978048905895,2,8,0,Technology,99.71431163283732
28,17,4.703749179069342,2.3100764824688276,9.981686166674036,20.239228771306692,3.218134038309775,2.7616197964214324,9,76,2,4.010901949950289,65.73554160944258,3,11,4,Sales,100
33,12,3.971345528010718,1.828107511672219,6.9672054243159485,6.571123802825037,0.9061958897054003,0.7918930534962096,3,15,5,2.6838258014784118,66.21826951523803,5,4,3,Technology,89.26728362923984
35,13,6.897435193563589,3.9126910227634877,16.65273181059908,18.655891641032202,3.4497556293548333,2.7911090585055645,9,38,5,3.3846692359896404,60.33938967972009,1,8,3,Operations,96.71124274044874
39,17,5.169336389393148,1.789101152083109,9.613560906457149,8.560898980146092,1.302680161804274,1.0092942924848092,4,77,3,3.5229873839212065,60.20329816293056,4,7,5,Sales,100
43,12,4.105394642035007,2.2262489617772845,6.481410394478021,12.34673717178295,1.8668726154613664,1.5849228203068606,6,25,3,3.1914633962160988,56.88585928648164,2,7,2,Technology,98.5513704498248
43,17,3.592818714090449,2.0138731199482858,5.924517467388819,7.791782888753119,1.1242615146083763,0.7817269933589459,4,42,5,4.69190581991346,66.86530994886846,3,4,3,Technology,92.01255327612037
23,19,7.86322078482557,3.93348029439207,13.307525689998238,7.977167481415422,1.3392932885481876,0.9173222535544322,4,23,4,3.6778642119237093,78.54428498130324,2,8,3,Technology,91.94975683326169
31,17,5.201341921557257,3.297097044352824,9.414194107429184,18.052239665357956,3.049799810781435,2.8628241174376106,8,26,3,4.285732349593117,68.61477050750064,3,7,0,Finance,98.97004755803465
37,16,4.7280041502999826,3.0096638768054276,10.64356484543559,15.582916580093086,2.8391375029941877,2.110636323235525,7,40,4,3.481552051367319,62.496420052649796,4,7,5,Technology,99.99512487412879
38,19,3.925634516665093,1.9179108278959123,4.543541122617518,17.707584507169425,2.493724744449832,1.7254030711366788,6,48,4,2.582670360838363,43.74907168877729,8,6,2,Marketing,99.97632563398034
40,18,4.035783813383625,2.524219968607884,7.991559237015937,8.592169803323443,1.2243040099682208,0.8108454093217253,3,31,3,2.9002421931767794,40.0425496216026,1,4,0,Finance,99.95579479863149
41,12,6.2545428119795234,2.7226082319118228,12.589951550948204,16.180358043611452,2.618507221818725,2.733443755018434,8,12,3,3.716950690957343,46.79145716596943,1,7,5,Technology,100
25,16,4.966664892074048,3.1960892829026966,10.907977752582417,12.11327178258804,2.2576659019797782,1.9703226583056623,6,65,3,3.6916598152952234,52.82062791009679,5,9,4,Sales,100
40,17,4.000093924749889,2.7095129632912505,7.293784485479332,8.102608663938144,1.311807547124134,1.13855387327659,5,31,3,3.4076155156922083,75.51637001709351,4,3,3,Sales,100
44,16,8.530474281639007,4.199734480478611,14.846133550783337,6.1566781981920045,1.2458220096571497,0.8957880579552882,3,26,3,2.90322780851136,39.723550208315,5,8,2,Technology,99.47784191704864
27,12,3.9150046956888054,2.616532068760312,9.184878252915114,8.411640268559692,1.1542781673783549,0.9189624732693047,5,20,5,3.495092280391996,60.53434242743673,3,6,3,Finance,88.55821375299969
44,14,8.779031493980238,4.8950625279506,14.098533837262803,10.224965302748396,1.5473059981376462,1.6513445447452166,5,24,5,3.7588198074408483,49.77159526387711,5,6,1,Technology,100
33,15,5.407773522665227,3.014541496661613,11.850409787706726,7.753316695440923,0.8791322469938364,0.7350061259178521,4,54,5,3.4848261657703525,64.7151268150119,1,7,4,Sales,100
41,14,7.410967286962296,3.096158965002837,10.003020598244762,8.449749279362402,1.2965831989815093,1.1926340822878936,5,58,3,3.0053396176668223,70.92774131606399,5,8,0,Technology,97.55158919296743
28,17,3.9513554779824305,3.186142086461952,12.79388278829032,11.07311931663309,1.4691522270367559,1.3668540355240548,5,16,4,3.5792492898997184,63.44023910769321,3,6,2,Technology,85.04883700396611
55,16,3.8476756090857744,2.706104029668317,6.53561516803247,8.018861817767283,0.9786625213956921,0.9249141896549105,4,18,4,3.615346773809383,52.547895113024545,4,7,3,Technology,82.52962458783377
35,14,7.647544120742217,3.6926221271240824,10.261924243076368,7.845613172308186,1.3725582868239068,0.9395420734935538,4,16,3,3.206330841382711,50.547956572471996,3,7,2,Technology,88.00319517282202
44,12,6.5729979120308535,2.6090256302099744,7.905542809552648,9.28782343211042,1.8787541608753544,1.6259497244417023,5,39,4,3.6720191455116042,88.55767605923485,6,5,1,Technology,99.94060510591785
32,16,2.5698321849940955,1.7055676758688965,5.196100682854267,12.081381976562835,2.101710259960583,1.8240963725948096,6,13,5,5,68.4553567072701,6,6,1,Operations,93.06158853359321
36,17,6.010816431213904,3.538490116551373,6.010816431213904,9.241323332362407,1.2265677676641265,1.2976613226999818,5,20,3,3.713229735662833,80.715120707441,3,7,4,Finance,85.68472999326275
47,16,5.289597333019782,2.4076011754055786,8.791105174482459,6.775177380408503,1.1576167961477424,1.0041686831165402,4,40,4,3.7197200546166815,43.22952502339582,3,6,5,Operations,90.58725539018087
28,16,3.907753463729483,1.511660059433373,3.9180345627324678,8.593264191825924,1.737006532333402,1.0292680062375932,5,27,4,4.002893036059297,63.76106798666076,5,8,0,HR,91.204753552093507
44,16,3.7823921839080272,2.0001712595456205,7.6321629075153945,9.726766301405961,1.5701805483233737,1.4397816208825873,5,46,2,2.315621619595054,61.591327542982896,2,7,3,Marketing,91.53093596284849
47,17,5.769371675161288,2.786770428150942,10.28213211471919,10.334700157496831,1.532897743756889,1.4739238740241465,5,34,4,4.610977640245445,64.34806766996681,3,4,2,Operations,100
28,18,4.473953586309953,3.076969505395772,9.297413088821433,8.585133929034907,1.3636857057921088,1.0836988793559104,4,35,4,4.201412944855074,74.24026555014197,5,6,2,HR,100
29,17,8.899008975262225,5.292576436986705,16.971684995632007,19.137867989673854,3.2599259544932564,2.421000076981754,8,81,3,3.994756718230846,59.720244227099094,3,10,3,Sales,100
50,16,9.907543450500768,4.123971394368237,18.00980748192047,10.607191329513594,1.6222671538083735,1.239729453149459,5,50,2,3.612091682212544,36.20870590344049,3,4,5,Operations,99.8922525192644
29,14,8.560876449053566,4.0807808357114155,12.183073746426992,13.209057726192599,2.65608578714762,2.0698348516049223,7,35,3,2.86949056199876,57.77418036347299,3,4,5,Finance,100
43,17,11.236446562594963,3.7725460236202952,18.837634849369188,18.582495632321006,3.1955906849579567,2.563442135470391,9,55,5,3.4940023579286628,63.78111187182446,6,7,2,Technology,100
32,18,10.195804661368332,2.5401286368591514,12.169460935897662,8.202331315561922,1.3032062020783028,1.1783323802047925,4,29,4,3.5849987822789853,61.3636068628424,3,9,3,Technology,99.9071688561147
39,14,4.293056121899281,1.891739106959103,8.508392692512853,4.202264391671523,0.9328307514873047,0.49400577581652416,2,17,4,4.481564339148023,62.688885179890455,3,5,4,Finance,88.91875102952658
43,18,5.9576844566673826,2.894028134092107,8.03692597228769,6.774414136610102,1.2414534599342308,0.8949942706351672,3,33,2,3.4111787905547066,56.80427687760935,8,9,3,Marketing,99.12316410496271
26,19,7.531658456524309,3.3186878116506224,11.320642757777021,7.84004616972921,1.2826740660149878,0.8694436091587469,3,39,4,3.1078478075196165,71.1268655325466,7,9,2,Operations,95.98722874480654
25,13,3.8834075195688778,2.319026967103656,7.3927688245897905,6.73167061779033,1.155680324418122,1.0169221041867216,4,27,3,4.50845674033044,32.77662015580464,1,3,2,Technology,83.85952986187078
42,18,3.8590010725092174,3.2191446953906233,9.293353346657161,10.71320901358685,1.6336597427180701,1.334063044975471,4,38,3,3.500775301548465,65.00319693493059,4,8,1,Finance,99.95176639105956
29,15,6.528015147887555,3.6352216413123184,14.110800495761813,12.294800076909572,1.3253031585757353,1.2633912852544065,5,29,4,4.682716635442102,56.98872824531925,4,6,0,Technology,100
30,16,5.200828517610476,2.1979966343794444,8.266692190549097,10.462456273992329,1.4227566705185446,1.4086966475192122,6,54,4,4.08138025153695,75.77762656671075,3,7,0,Sales,99.82346843624404
50,16,6.868462072301618,2.305985540356966,10.697833164965907,9.801739427546941,1.4585901828067678,0.946551402511513,4,11,4,2.1909297083675177,46.50009436086868,5,9,3,Sales,91.71501754886131
41,14,5.786185421167103,3.3084222168457544,11.514531122933008,8.40725074909946,1.0895417300692103,0.8640707290660343,4,65,4,3.5045524826581618,54.81959932108298,4,7,2,Operations,99.77274169408999
32,18,3.0200757087720236,1.935810993389422,5.039154709104217,6.103591765504846,0.8934591968393228,0.8635382350402929,4,44,3,3.6129771885528608,60.73544093316705,3,8,3,Marketing,90.07794738836837
22,13,6.130841641439156,3.7572555605858087,13.09571732646491,14.256429758504542,2.215377455844083,1.6863260692835496,7,26,4,3.2195424127590884,40.23638967648483,3,4,4,Operations,99.9077172015357
35,16,6.4159295635911695,2.7973263595460476,12.717588208026436,8.600133131410278,1.236616775500223,1.0534202772054344,4,58,4,3.829516061911304,71.13209833592468,4,8,5,Technology,99.97361471664755
31,14,8.712108287640682,4.996190618269497,18.094419535907605,7.220990593110815,1.0877720684637413,0.8927765565877852,4,40,5,1.9120852033276312,61.302895742416496,3,10,4,Technology,100
25,16,6.418035855793712,4.804874049397889,16.584016260608482,10.017472750670766,1.6614573789307379,1.1427952410218325,4,92,3,3.7092399265760645,37.841248898362885,4,7,2,Sales,100
49,12,6.148454005923849,2.474782764649511,14.262902447437549,21.484600189164244,3.035865579011641,2.6243700694674916,9,61,3,2.206634651222892,31.338500804350225,3,7,2,Finance,99.75775187730697
23,19,4.335419530608984,2.800357645960304,7.954660122807211,6.8889918172609175,1.022452718333298,0.7060918161033077,2,40,5,3.190701045190565,54.26881822304947,3,5,0,HR,99.90240022436831
31,18,4.118107423663737,1.7259398966575619,6.086558522723145,13.804107429704256,2.736208912534307,1.9879299995140103,6,16,3,3.228405896536879,69.3602563392886,5,6,2,Sales,94.2164484734758
27,16,6.741830124873855,2.510033413109371,11.999158008154858,11.549850911137382,1.6802366102197537,1.2279705933661742,6,17,4,3.37796982656074,53.928492634294365,1,5,4,Finance,97.48689181584864
35,16,5.128168346181392,2.607302637739335,12.256700814153849,6.1255244675205995,1.0093110281741287,0.9798252487207292,4,44,3,3.5895426085187565,98.54249315516577,6,5,1,Marketing,100
60,18,5.295941610858084,4.036364349166129,8.276005698429445,6.229623731966461,1.0986135253673284,0.9868363213570811,3,40,4,4.089300473981707,46.49703564787202,4,6,0,Technology,87.59976139433188
48,14,3.344997273942316,1.7039732766141735,6.434166556423641,8.77505360525401,1.3400843798788948,0.9926977330652668,4,21,4,3.625407573884776,78.45483484598044,6,6,3,Sales,90.24347940075423
31,13,4.6493971470017925,1.913453898041395,4.810702434542737,10.922739119907844,1.8264370569677961,1.1446890201879631,4,45,4,3.1963621084978913,27.083171469342155,3,4,2,Marketing,100
30,19,8.04482964455659,3.002045913105193,13.873051264578203,12.133303210051666,1.3534768403849198,1.203567836670158,5,41,4,3.41428381656412,67.49568629491947,6,7,3,Technology,99.92389942888921
35,13,4.310331214895371,3.1151412315647007,6.17423596445999,7.224007463881054,1.1772678752256112,0.7189202655361798,3,32,2,3.118955198581376,58.59247024904923,3,6,0,Technology,93.34753815392007
31,16,4.670171093697003,2.2104929694098985,10.018857149848586,12.324547750441956,2.1807399204572375,1.6465273182916684,5,14,2,3.509884683846228,44.192181715088196,3,6,0,Finance,95.02779649305828
53,15,10.16631183987528,4.818105634169793,14.97616777413389,9.907147871150022,1.1295937031711327,1.1322833833471784,4,38,3,4.905005950123362,78.29847904434557,2,8,3,Technology,100
44,14,4.029753628798174,2.4030775587849336,8.787333251902036,16.440932786196708,2.965361732055348,2.096988944301839,8,25,3,4.049980374295857,76.8773777389393,5,5,5,Technology,93.07581966102676
48,16,13.278802039645049,4.862938554863005,13.278802039645049,7.9015427956444855,1.3168013946762231,1.0558930608704775,3,11,3,5,51.626233665093075,2,5,1,Technology,99.88481428541725
39,16,5.462395299082194,2.6810687463303147,9.54523118340743,8.745024545950226,1.3637902711438867,0.9757387658815873,4,69,4,3.3980261470499453,49.93843150943634,4,6,1,Sales,99.95321828522157
53,17,6.488477035962112,3.280633929400592,7.045669653910962,13.214760404457047,1.8910071977397818,1.4236433318197503,7,20,3,4.119457992694237,68.05051032892527,3,6,1,Finance,90.91233479286133
49,14,5.98657421467671,2.194487594429428,8.182798728487132,8.014374724360518,1.519050625267383,1.2566125797243184,4,24,4,4.087973579375508,73.6433022247451,3,8,3,Marketing,88.2227645812959
34,14,5.758260820593275,2.559000846682743,11.963420438960279,12.775921501061829,1.767119078329691,1.3163095874793465,6,33,3,4.083372862098459,53.27454895799818,5,7,5,HR,100
31,18,5.153915120020496,2.8101120655396756,7.108276460069651,11.446349567048282,1.7384144975027538,1.6187490456633922,6,33,4,2.612574421402703,44.8244439654798,1,7,0,HR,90.1300129432378
40,18,3.1168815804303986,1.4981150551606164,8.242624430550409,3.9282699246730095,0.8456590267787535,0.5439169285933056,2,12,4,4.695558265092392,35.890786309220076,4,5,5,HR,82.21977935279422
37,16,7.474823671947616,3.61786002620217,10.109629225481683,11.326885059628491,1.619259706359545,1.172856214388684,5,25,3,3.605588286707375,87.38867667366425,5,8,5,Sales,93.7223810880941
33,12,2.8721323505714498,1.508223483521485,5.183097860629518,13.172392323253082,2.302203166784602,1.492703871882335,6,20,4,3.2020867882923443,57.43540262634454,3,7,2,Operations,86.8873954387453
32,15,5.034291167177626,2.185873113689552,8.203623438485513,7.05785816668925,1.4988677713812968,0.9540730957778487,4,38,4,3.6050582525666064,78.93922475386515,5,4,0,Sales,99.91995903616827
46,17,12.928448929892367,5.77780611678113,16.927714661100193,8.839674968314522,1.4631959532959293,1.0048320392421553,5,47,5,3.5004981293815285,74.13997351788247,4,7,3,Sales,99.8923278423474
47,16,10.5731057888141,5.703101979478329,17.85788254227029,8.081310832576488,0.9088637417514469,0.7828697099579868,3,22,4,2.8031718214269206,70.25523479387125,5,6,2,Finance,87.15255528062055
48,18,10.02768934623468,3.533890943409182,13.247114027343029,15.586280814483676,2.2361940713948507,1.9692118522687214,7,54,3,3.703190338786121,78.40789478559205,5,8,0,Technology,100
37,12,6.227923097228229,3.6245953257212173,16.969354280447003,15.226805033449054,2.5951605833518854,2.0553078730912224,7,22,5,2.692325278359765,51.27665900630209,4,4,2,Operations,89.78251874094289
29,14,5.512277339114675,2.8234425492259243,9.47703638059645,14.941140316098291,2.7514459724933644,2.0596560447702768,7,38,3,2.867949351863149,38.500265999153534,6,7,4,Finance,100
22,16,3.7800129688512447,2.512824018958459,8.823262441297413,7.867504752532931,1.220664897405601,0.893390591460026,4,43,3,3.2021963536756024,62.00914698756991,7,9,3,Technology,99.91041707068199
30,19,6.225897199411248,2.8774991983904403,9.94946812106025,7.888386768210321,1.310531464142959,1.0839236140694484,5,23,5,3.4911912823558846,62.32343466131113,2,6,5,Technology,99.97201920827278
45,15,7.333222243070373,3.2137172334897155,10.027062123508896,8.45490573622117,0.9262061992764651,0.8406808287639856,3,58,3,4.306430950727824,58.7039805496589,9,10,3,Sales,99.92189321474012
26,14,8.064293098684942,3.3086843173400293,15.460220665551514,14.473721123257109,2.595766174466327,1.8696012187665139,6,56,4,4.39613663136939,69.42356773751894,6,7,0,Marketing,100
38,19,7.233445496461376,3.8016463882807594,11.241819903009302,7.960917064538377,1.675522814547911,1.0663231392768744,5,64,4,3.00094371283165,67.5366753850907,0,6,3,Finance,99.84836690569672
27,15,9.762562903842989,4.2911003407642205,17.4351012618442,8.425075305853127,1.2172040559020207,1.0969832859103903,4,12,3,3.603210678157187,61.190281473436286,5,8,0,Finance,92.27582639917387
34,18,3.402799202977249,1.406807681994533,4.767846351886585,13.37797409706061,1.9407442837753388,1.3900653004835974,6,16,3,2.812993092859139,80.29383437616507,4,5,3,Finance,78.77154947929786
42,16,4.757937187267087,2.1285431861493627,6.726508369445878,9.151891667029295,1.4167634767358306,1.309133987029842,5,37,3,2.4866125011376705,54.59953013316826,6,7,2,Marketing,93.97217996571501
32,13,4.4813105146031464,2.013042684652482,8.66985700345995,9.015033446605543,1.5428628045525525,1.045138640799583,5,39,4,2.5267024897084105,52.25010385152995,1,8,0,Finance,94.30670998287829
35,16,3.696577611620764,1.990743750154529,7.728557346594953,6.7610767817291775,1.3765072355059762,0.889797468221716,3,52,3,3.8198784671622863,46.539946035062215,6,6,2,Operations,100
30,16,4.508162751685473,1.9877659744333758,7.920455286497444,11.17044450579919,1.8416045689114136,1.50357015347727,5,26,3,2.6792466909061616,28.194313095860593,2,6,5,Operations,100
49,17,3.5291865552316453,2.0220433741322665,7.311499978102921,15.5201727633054,2.1544658980146036,1.6392338183682396,6,61,4,3.506399288212887,52.46854328946976,3,5,3,Operations,99.78627797003743
40,18,8.036440510544681,3.9529272034089513,10.642803306588128,6.431876277256618,0.9160629139653415,1.0694479351460222,4,40,4,3.3064754839262056,51.4061418260741,2,9,5,Operations,100
38,19,4.152390789924413,2.1516798133172568,6.156723261596235,9.010603785357086,1.3915921271871945,1.2593165684558758,5,39,4,4.721608492701193,51.0832744536519,6,4,1,Technology,92.86594980950808
39,20,4.556139367333295,2.8000355715605663,7.101808604539334,9.873087010714839,2.163799110262432,1.2960028071732963,6,44,2,3.685755307058838,84.23792109974013,7,6,5,Technology,100
42,15,5.366628841758999,4.201257697659303,11.80315867596053,11.059105801486462,1.5106065286267916,1.3999021889312064,5,34,3,4.503489733153675,58.08745411544635,5,7,0,Marketing,98.113498600348
35,16,4.394279851145262,1.9240671495589559,8.12972011941626,10.200204341020962,1.4346636137004234,1.1322819977348249,6,36,4,4.083528027443107,60.79401859310286,4,9,3,HR,99.90148708243196
44,16,4.969674829518549,2.6113606735209767,10.255138027318795,12.950618326217544,2.155897277612137,1.5366992374337485,7,23,2,3.487933734726357,92.6106194149324,1,5,2,Operations,99.96319770436035
27,12,11.761453604847977,4.701408698417497,24.549901252713536,8.550129181052515,1.4670565599063028,1.028358368813831,5,36,4,3.3283211825367984,87.54994013955731,4,6,5,HR,100
36,16,9.517619561676282,3.0985060024118076,14.987669576498133,9.569899828125255,1.7070277191072594,1.154080710354196,5,43,4,4.112462946545546,71.93684088013013,1,7,4,Sales,99.91722229364846
33,15,5.656678519400493,3.4098925659725543,8.96727302634067,19.54198904648443,3.3060805910554367,2.7607683551340982,8,24,3,4.370684070544305,55.671803253345935,6,6,4,Sales,89.86225685989689
29,15,4.6752406355034095,2.6015778199634765,11.21664042187342,11.207020565739265,1.9907332643940379,1.5891777405557947,6,42,4,2.7952065922631855,41.95663654377245,5,5,3,Sales,99.93477714339619
27,16,3.9681794710667297,2.569344156434465,8.185577629462674,6.898079714315584,1.2082743559231397,0.8806595676856591,4,45,4,2.305622976422705,94.73821851926935,1,6,2,Sales,100
28,14,9.866661482491542,4.090054564078536,14.143152506825144,13.71229981981371,1.965016064454198,1.6797810966570095,6,37,4,2.38377028726517,55.83462339942325,4,7,2,Sales,99.92608773420996
33,16,5.526432900734499,2.0986674534300587,8.663026963364452,9.879595048928815,1.8932407722922706,1.3466863887086455,5,54,3,2.8850614837343422,66.38863074409393,2,6,4,Finance,82.96056295817276
34,16,9.373135756539428,4.989827624783389,14.648015874984477,9.666963723926761,1.4207737576473543,1.200981734453645,5,35,4,3.606903846513666,73.66843967737555,4,4,3,Operations,88.81521784198716
39,20,7.826098290510251,3.6101877159943694,15.969427239381215,10.106881767705426,2.0627661993788906,1.3696181895584985,6,32,3,2.7004803816612517,47.7842447010138,0,7,2,Sales,99.86082062274872
31,20,5.562647956988103,3.127109873926254,6.836238931629352,8.322528218454448,1.5471651297154358,1.2782997137394443,4,24,3,4.152223555590318,83.637354329712835,5,3,4,Technology,91.90630366650693
28,16,7.703560181069016,4.496548175103571,12.137476070140986,17.378752245447416,2.5089694192700316,2.141234090252781,8,7,4,4.08441627697251,65.06041804161906,4,4,5,Sales,85.36278655562396
30,14,3.1280634895106476,2.2718572085380835,5.738105766554675,8.146204008320629,1.667700123704679,1.4045004244063992,4,32,3,4.994271908274128,62.66811456359253,2,5,0,Marketing,99.90867018869719
29,12,5.170278850641369,3.0792659240205684,11.336610652040347,6.669738506527806,1.2614628145141784,1.0287078284200541,4,10,4,3.7984196709793516,70.81530363074643,6,6,3,HR,87.5972370906577
32,15,8.09697318396145,4.290078684054896,13.194430429815819,15.619993377689287,2.455368841528008,2.4484465976702636,7,26,4,4.185161905939419,82.23002249344177,3,5,4,Sales,99.1220919266765
30,13,9.885681048666408,4.476791856100607,14.450631018577596,6.98851107894343,1.0856008134449713,0.7592723828115411,4,29,3,3.5120143585035675,57.426328119158256,7,8,5,Marketing,95.58393665163993
35,16,2.849757042088742,1.421810589344739,3.8671162884116206,11.292045005128239,2.4125589164799646,2.0018458224343645,7,82,3,3.7234730492120396,64.96297111630437,2,8,2,Marketing,99.83308125295336
41,15,4.13401360220283,3.6325635998581904,10.08820268503432,8.735183614094469,1.6557025445634193,1.31392645715087,5,37,4,3.7937431689967855,56.339549425689704,2,7,5,Sales,100
40,15,3.2274607436405245,1.3381341096816866,4.619778664920098,11.456418607552834,1.6473598077144183,1.854546524531182,6,5,4,3.936842122943761,50.720879835190885,1,6,2,Finance,80.79937303042999
54,17,3.40752679223426,1.5675512863704373,6.6343231308865604,11.0089027395369,1.6140002920174603,1.6489520890649139,5,35,3,3.193385837761852,61.14908335883199,8,6,0,Finance,99.87902643916132
34,20,7.562278305542099,3.3974783955079593,16.97437580292697,10.204814820580546,1.6444562213292777,1.3314453595001838,4,46,4,3.9282617286593142,73.92371777212645,5,6,4,Technology,100
45,14,5.301664094595879,2.844321002506786,8.276927906138981,10.749404040899085,1.62062727828179,1.4197475358066698,5,32,3,3.0855494502584295,85.79084051443732,7,6,2,Marketing,95.42671045644558
37,15,5.2420835615304044,2.6921805634617577,9.576242040332962,19.65553486888011,2.3848757866861443,2.3318916116558364,6,18,3,3.8097315338154796,45.288262021847174,8,8,1,Technology,100
45,16,13.71240464427242,6.586089688698793,29.396871818771956,6.710346405842539,1.1078027216626265,0.7873917247817143,3,34,3,3.4863281281543417,68.91633272346625,7,9,3,Marketing,96.68304478132205
39,18,6.265268512202789,3.2068873336495987,10.615339373078392,10.98318896849443,1.3752110232317647,1.021739734292342,4,34,2,2.715176390371887,51.04499359185388,1,6,1,Sales,86.97068010714085
22,16,5.588580339524372,4.3023319251762775,10.088900993079426,7.27495279761126,1.2271259756196768,0.9268271467157594,3,22,4,3.1023774506598985,59.08206485949047,3,4,5,Sales,98.30410742828084
40,17,8.087763652101543,3.9997053141764938,16.3364876441725,5.806706318618411,1.0507060163564295,0.862216684402568,3,37,4,3.598229969823852,81.25587563209699,3,8,3,Sales,100
37,18,8.150761928284458,3.7037819721706944,15.023837950178255,9.129883099358258,1.1631920890357361,0.9026371379708081,5,28,3,3.0100229548675497,62.195169726952635,6,6,4,Sales,85.18411022295481
35,18,10.404035904703683,5.59058087201809,14.808961900972202,11.131336894285667,1.7940002880288215,1.315939159454346,5,6,4,4.108505252803268,61.626123982874994,4,8,3,Finance,99.90734075532139
31,18,4.841087259948988,3.0044633935425664,7.150061173965121,6.682984535734533,1.2451791850700917,0.8491006613968719,4,12,3,4.090674530013695,77.85004777113939,6,4,4,Sales,81.95175311912786
47,19,4.985828930323275,2.195284130809269,6.770036137288121,11.211739150582025,1.64666082300844,1.494714847970246,5,26,4,2.206680133703882,62.65219397952377,8,6,2,Operations,88.17417430651011
29,17,4.726620542677863,2.437143825932465,8.843156025856908,9.14574146856722,1.3015066763080543,0.9290138015951578,5,27,2,3.4034093085048687,66.26327601880108,9,6,2,Technology,91.79351948917738
25,17,3.7496090067513532,2.4061423734016447,6.312191131797963,8.753531585021468,1.5063468909952258,1.0508625151444697,4,17,4,4.712326904775448,45.04434331303503,3,8,3,Finance,99.8204736999316
35,15,9.164689848602755,4.881451267172575,17.45957786775417,13.20827157068402,2.1110680117411,1.6824362381419202,7,28,3,3.5651503803389026,62.78138838621663,6,6,2,HR,99.86942676422107
36,12,4.756437737433718,2.68839217009122,12.016210941837985,13.305980862305175,1.812988231092594,1.6045483475451576,6,56,4,3.687722433286616,43.159339748450016,2,7,0,Marketing,99.93724261314087
42,17,7.594910029236158,3.2361226151735356,12.462068967466061,9.515113827773286,1.64519799331232,1.119676525547037,5,16,4,3.197331850246124,58.49815479419006,2,5,4,HR,90.66887498253257
45,16,4.426621014680299,2.914536295020418,9.938369040710125,7.87736226574617,1.1753104031858428,0.8904855564824131,4,39,4,4.510876017717498,38.38122226526124,3,5,2,Technology,99.88756958884075
28,16,5.124434778496776,2.626699158114339,8.840832891605729,9.558183452831855,1.663760631241546,1.2392577329314376,4,27,4,3.404335760058897,32.73431025785477,5,7,3,Marketing,100
29,17,5.9186920986055664,5.029691685356358,12.10450191925536,8.707183345560413,1.3123476578448499,1.0000691336668541,4,36,4,3.208066765055753,65.37331243637293,3,8,3,Technology,100
48,15,7.570075613636238,3.7029105877672706,12.694361720541911,8.806467751790828,1.3368367964501326,1.0225700821216717,4,42,4,3.897751224574023,36.02306637314493,4,6,4,Operations,99.95762736252932
49,18,1.7205826065711085,0.8842355235732912,2.3,10.63418151039779,1.577144659376806,1.3514539287418414,4,27,2,4.471473368002033,72.13649804679163,4,5,5,Marketing,100
50,14,8.80019494150188,4.4178096545815455,12.073638666252796,13.340440977474909,1.6277928751628514,1.3211969861455801,5,62,2,2.982922559805875,41.27543720621563,2,8,2,Technology,99.80735629050088
41,16,5.975794620621105,3.487988333928004,11.267903813415858,12.19217605911628,2.0003311898477025,1.5064749849624315,6,12,3,2.6061144863885652,76.79411357541974,3,7,5,Sales,99.78709226393387
37,18,4.30452442314931,2.908611436320389,6.867179121044392,8.526969399748303,1.3364821918321976,0.9724135583065681,4,28,3,2.711248153349477,42.75537098326464,3,4,5,HR,96.08595274407188
32,19,2.1036443155801137,1.2384543435128523,2.82325698414761,9.040583043563247,1.4016892719839327,0.8671392111246645,4,13,2,3.482721984964559,63.0465910580619,1,4,2,Operations,78.30663870263696
23,19,7.485219311761175,4.827380452286927,15.128108764083349,11.349216860657956,1.8926963410409396,1.5126598725845721,5,13,3,2.497180396095063,66.82117895464931,2,8,0,Sales,99.9700225286361
47,17,9.405046817667248,4.307010118638447,20.244089790928093,11.752827178535757,1.529602689754706,1.677811541812034,6,28,3,4.304684964768757,87.30638532004134,3,3,2,HR,97.11603482548864
26,17,3.760428881790662,2.311227836592896,6.604341079920559,8.46018631297606,1.1631236169700465,1.0295117805341996,5,16,1,3.5887349625919795,95.67531299901599,7,6,3,Technology,85.53680457740471
45,16,3.7373062128257635,1.6552129588845081,5.207900022267715,10.198607844177664,2.0507884562460914,1.5749537172748131,6,55,5,4.083478513902624,67.18265220915958,4,7,3,Operations,100
37,17,7.9089216929691135,4.385569628616355,11.690706795337404,9.524083618569609,1.3268787683625347,1.1169031767370987,4,64,4,4.791318641908974,48.657520608150776,4,8,3,Operations,99.92068122712263
39,17,5.044346960729653,2.0911126825143125,6.209836113224667,5.86009015956823,0.8944404085847699,0.7422122185868603,2,19,4,4.102392732953629,62.647692167655094,1,5,1,HR,90.2329819538038
31,19,5.394546149069455,2.4876237994047794,12.077181956173193,12.618558448860886,1.8296964864214458,1.792279031718418,6,32,4,3.80076812743948,83.51793099961695,6,6,0,Sales,100
39,17,7.698632839114844,3.0910749755366433,11.179266048292687,12.640650153874168,1.9666525902019887,1.8462455463217957,6,21,5,3.922862294363342,31.927608875016446,6,7,3,Finance,93.5614009829076
27,18,4.096488751298128,2.806049257382628,6.780603215214021,17.414954696351344,2.033823094256784,2.0886614497764535,7,22,4,4.0045247356926374,37.51591973410255,3,6,3,Sales,100
48,16,7.534773238314881,4.654087489405829,14.613178564790744,6.896827985450544,1.4980283521895423,0.9640373999119897,4,46,3,3.907135702350053,59.11206284393984,6,6,2,Finance,100
50,16,4.634258532462071,2.404546407081849,10.434120110101693,13.723781665975018,1.7594694547045475,1.6472328239020904,6,32,4,3.5852632391641066,52.92462637225878,5,7,2,Operations,99.99050656927707
36,20,3.419575468072843,1.5875962316512133,5.479526888335754,8.113183076224217,1.1005249211420374,0.9634733654963219,4,21,3,3.812643039377923,80.38699084145625,3,4,0,Finance,98.50039315678713
29,16,3.3740065650835565,2.1966977824348115,6.302703758798933,10.550915588604969,1.9576011914747766,1.1844448670113312,6,27,4,3.084212425660729,80.73190705283085,2,6,4,Finance,90.59826814037282
29,14,5.382334478823092,1.8141221742431608,6.023248110762763,9.338448372357485,1.403908911128693,1.058885481641862,5,29,3,4.4752647417593145,78.90880100261683,4,5,0,Operations,73.09214167771762
53,17,4.701952229855287,2.3266366302910026,8.719645156890534,9.19950224946264,1.527194494648432,1.0566098765023761,3,28,2,3.494522079647416,58.822014529721294,4,6,3,Technology,82.25425225608372
43,14,3.876413315590865,2.826721161211927,9.567387739256528,11.424701441578168,1.9641138545682515,1.7256723285779938,6,41,4,3.0979243399929794,77.16800501966843,3,4,4,Sales,100
35,17,8.12467115880515,4.085703671822904,20.23377975544403,11.277170444016116,1.9841810610729833,1.7209096091191594,6,23,4,3.8889081179800042,58.14180646245344,1,7,2,Operations,100
44,15,3.032838663245912,1.7832000804075978,5.422523423497172,8.620932040858806,1.429928985294898,1.167342056683588,4,49,3,2.3173472081261126,62.87402338517037,3,6,0,Sales,100
42,16,8.771972756006347,4.977325788982256,11.392541364160142,11.636668471263851,1.7798222109382926,1.5223708709596986,6,20,2,4.008980765401669,65.28584505754846,5,7,1,Operations,76.40610560213142
39,15,5.577358070801272,3.2516493076714963,9.381659453836305,8.377658985348459,1.6402821456158494,0.9923782653897859,4,20,4,2.219144007981063,60.44474511510945,7,6,1,HR,87.06624159083928
35,12,3.910231239590437,2.381918251511494,5.45062676677526,15.603494576094153,2.254949624651059,2.302251742255209,7,41,4,2.6021215842920835,61.72336341881217,2,5,2,Sales,92.05116416805043
33,12,4.576123827246471,2.0587374253205457,7.465739165348835,13.449270851644826,2.0703705235289447,2.001556756770947,6,15,5,3.679758056155333,70.70561595843081,1,3,1,Sales,84.54192167644707
27,14,4.239692501235162,3.0926410217922764,9.187000425640825,16.83094167408828,2.6920109841322946,2.7427108872284247,6,25,3,4.398610784187133,59.26567127195148,5,5,4,Finance,88.71242905079495
35,14,5.1264668008101975,2.073177741530928,7.58063784838357,9.735297578024152,1.3784053904154496,0.9986505468778115,5,22,4,2.7986967142767862,37.846582422143776,4,7,5,Operations,90.70073570551826
34,15,7.821656533414964,3.9876378048572554,15.68383440478792,10.368570541367069,1.5061458110480253,1.3354267457582982,5,70,3,3.6052768789623046,54.77168041944658,3,8,4,Operations,99.77222119801999
29,14,3.2744327086632508,1.6826770719190982,6.589339395013394,9.31397216222616,1.557856098828173,1.2401455437265654,5,15,3,4.02081326454136,48.38447234665116,2,6,3,HR,91.07078035459463
44,15,5.361282402836065,3.1096465680228684,7.649236968627757,9.31352454982456,1.888380543614839,1.6527977077952478,5,33,2,3.8880021892928425,39.26432292685724,4,8,2,Operations,99.92987475621483
36,19,5.166802215456886,2.6389336378723867,9.409663613817523,8.83912235657512,1.5525734782142888,1.213123433181215,5,36,3,3.9971632982532723,28.058705535581485,5,7,1,Sales,99.98358672401298
31,15,2.5611216582794833,1.4938106566233877,4.306016030492583,6.702114790423285,1.0993182669037334,0.7616007621198153,4,17,3,3.4222752189847636,81.63923254413127,8,5,5,Technology,79.48923318935961
37,14,1.876965229029716,0.8793450671975183,3.668223771101333,9.500123170940125,1.9632365587270608,1.1904852693495853,4,26,2,4.318108570437153,65.4564629320434,4,7,5,Operations,91.13738387321531
35,12,6.874388652631306,3.6129726339910313,16.037452989751355,9.155077191840867,1.9218500906377682,1.264490369553187,5,41,3,2.626078675048813,51.66756054290359,2,6,4,Sales,93.44824817261258
38,19,4.996598446961354,2.6039178653612463,7.729912681865598,8.848080937542774,2.2278696320729368,1.1648900058503733,4,24,3,2.299923436168519,55.066255975277024,2,6,0,Operations,86.80327607792947
29,17,5.2324209683322644,3.5052108547027547,10.036819754234987,13.289915539101086,2.3421804808740063,2.3682327991288177,6,23,3,3.898606515559054,53.14491302233522,4,7,3,Technology,91.4921244140759
30,16,3.457963631110048,2.6931987367778176,8.197427128403193,12.412328574608342,1.7019248510179503,1.3435173229460107,5,11,4,1.5628607935783156,68.76659628866977,4,3,4,Sales,80.1382433869421
22,14,7.697773476618064,4.299038187696226,11.525589914208965,9.0091908600148,1.5267430190978486,1.299916370511925,3,32,5,3.1916616279268393,43.963137089471,3,6,2,Operations,100
23,15,3.381727656335869,2.1373799562458857,5.11607453493192,14.810523681413754,2.372252541068296,2.151306179835674,6,63,3,3.223866693567946,57.60466347783602,1,7,0,Technology,100
41,18,2.761797113433506,1.3733767108513664,4.925469891822481,9.472884305404275,1.423141192966895,1.247843519110706,4,88,4,2.9858475620365623,38.593452962149364,7,6,3,Marketing,99.91877168768539
41,19,5.868853914415791,2.1334996198467393,7.7565022488326125,9.345668141852922,1.677788860292637,0.9643209077958503,5,54,3,4.595118368768237,67.94642533507754,2,7,3,Technology,99.98238183192984
28,12,4.724751558218449,2.3020409617056585,8.054921082982508,8.187591479026395,0.9517333103537667,1.0909698276623578,4,16,3,4.388681164414019,74.20341042229428,4,5,2,Technology,72.58845600394761
39,17,5.4251091853261455,3.109424010999065,9.449460186533123,11.98436088215313,2.5055516543316627,1.7067418238504686,6,34,4,2.814927085112874,64.72882053506504,7,9,5,Finance,98.7603535066007
22,17,3.011289844438218,1.9930482572801007,6.731566032656821,11.346474688110975,1.9874136702811969,1.6617897493935425,6,37,3,2.770435570584423,61.63122722400217,6,4,3,Operations,100
42,20,7.23125126522188,3.922429786932483,18.53257498425718,7.442391144754525,1.0585463730971223,0.830859249221447,3,33,5,3.290099724973932,49.429745803761215,7,9,2,Technology,99.90409634849736
36,15,8.419724673135406,4.970661521846005,15.427955881944229,17.243597448803218,2.611685628579001,2.0362610608038065,6,31,4,2.297782310966523,44.12344969867195,4,7,2,Marketing,98.15278501249395
41,16,5.775186768605839,2.9415031274579193,11.006868343234594,7.820016865884091,1.2294205919794425,0.9702195777210592,4,31,3,4.277393299799463,71.76376307149067,4,6,2,Sales,90.86096980937026
50,17,5.443950352394422,2.8866611150225947,9.432190026114526,9.106850351584153,1.379108393586594,1.2188742515451148,4,32,4,3.8275504798020528,62.50959252415581,5,8,5,Operations,100
40,14,4.974823479130968,2.8146859186703823,7.274652993371535,12.31763839760975,1.9725345698059131,1.5964867372231308,6,46,4,3.990951090963621,59.207443841143764,3,5,4,Sales,100
36,17,6.358093961653419,2.785384612009728,7.82261540505966,16.005709523333664,2.127371602835129,1.9006455537081193,7,32,3,3.8636420003311973,72.95515124618827,4,7,4,Operations,86.54416849319131
48,18,9.513110216142158,3.000669202573737,13.574842128365264,11.577279767832739,1.557700103698981,1.4541562378629718,6,45,3,3.8967308909600935,47.15620796934628,5,10,4,Marketing,100
40,13,9.859324950634331,4.030581091565074,19.13310229133458,8.552046483889994,1.3636878235542378,0.9113011369758909,5,56,3,3.4111479486033343,52.569135565077005,2,7,1,Operations,99.89816669155229
34,17,4.610934761463982,2.032045363680316,7.463694857581882,14.661678071020821,1.7085116494384285,1.5937248371705883,6,46,3,3.8237009910063557,67.98860668530679,4,9,5,Sales,98.64900673251505
30,14,4.677633626027844,2.2971242843246835,7.996758775043193,10.088347185499673,1.5497867102698655,1.2766537437858592,4,26,3,3.3916910015446633,57.232541621867746,6,8,4,Technology,98.29998758572326
30,17,6.117766087597843,3.2877057518937396,11.268686557355553,8.170017952520105,1.0392906959574517,0.7568943208219842,4,22,3,3.5928646297918583,45.60910747012878,2,4,5,Finance,64.26920680860877
49,17,7.491238433874541,4.189883225011096,9.456261192437799,10.547870973735444,1.6513402050854296,1.3600703866231736,6,36,3,3.917210429054073,58.98675209226242,6,9,3,Finance,99.81621295420699
27,12,9.225764913640749,5.3833551612591615,19.311788576198623,11.781507106993953,1.5770532114897453,1.4304788901485832,6,13,3,2.8062331578219784,58.80624013516857,6,7,2,Technology,100
29,13,2.6005504289228187,0.9970241485941479,3.337078060459113,13.029432125312464,1.8695929049812534,1.804883587216179,6,30,3,3.2123732147559267,49.178671643894226,3,6,2,Technology,89.04683635620165
42,16,7.884134747386354,3.671541323280954,12.448031433836517,7.9381017518780705,1.1939342607700703,1.0635947295502395,4,22,4,2.0035634118451893,66.31953698834799,8,6,4,Technology,94.92304644871616
37,14,6.636373478301103,2.9080362252595333,11.511758012101126,9.385668078892776,1.7525104277377068,1.4067209489877588,5,9,4,1.3827907754999544,53.3375418000419,3,6,3,Finance,87.63090704875005
28,15,3.6403861192299027,1.963487387465258,4.661057684606678,8.115791892481603,1.500734863819902,1.127761820201705,4,18,4,3.7947121544311875,40.305090883458526,3,5,2,Operations,95.0739979606987
29,14,4.0294390874647865,2.320532385201782,7.373088839930412,16.213382954765535,2.0535642776074807,1.7293953203234311,6,55,4,3.2324501725627677,62.170305325769746,3,5,3,Sales,100
32,18,6.377258906485103,2.6957731190572556,9.235932768336852,7.66957547228909,1.3131528511598896,1.220545811533366,5,41,2,2.496820633803796,65.61713676506992,4,6,3,Technology,100
33,15,4.761844325162135,2.5255750049875507,8.944052147697622,8.467240273280602,1.707786408017919,1.1684768986429983,4,34,3,3.7247622807747742,66.91624566716857,1,4,1,Marketing,99.08520811355785
48,17,6.269080923592278,3.202123623700096,8.387420249282037,9.000916534766084,1.787695149864248,1.2021581533530281,5,47,3,3.6223692758499557,52.6547102622287,3,7,4,Finance,99.87711973457016
34,15,6.96578977604042,4.715664081259484,11.059904596387565,8.843724792151187,1.7318439193836817,1.4006883639569747,5,21,4,4.181904273143607,53.52900724416169,5,2,3,Sales,93.24060421283865
30,12,8.761172541759386,3.592422695130656,10.457294670095873,7.569168784751958,1.421954955781082,1.1517694249393433,5,23,4,3.3931670497405597,62.58903536991559,4,8,2,Sales,87.3249107278993
34,16,7.978384088981295,4.2030138943277535,14.379159662294704,10.482227181666559,2.084228878467331,1.9362590822044412,5,17,4,3.413314876120129,77.5664881530557,3,7,0,Finance,95.58404527681955
39,16,7.197072686413662,2.8237196745970206,14.413227738500197,5.595326039520331,0.9891999760186292,0.7778199167016503,3,11,4,2.282848654246819,41.424549295467926,4,6,2,Sales,91.88299944236825
48,14,2.6419338646701123,1.4274000746659985,4.880926798023805,6.524418865848124,1.198062025706962,0.843719664005716,4,26,5,2.6919821531672525,54.612668086378534,3,7,2,Operations,99.94879920411809
36,20,8.51803807357034,3.6881649489223283,11.670132584394324,8.053391295449112,1.6329140030345217,1.29597350450259,4,65,3,2.7808625280968657,41.757947278756575,3,9,2,Technology,100
35,19,8.321359358248671,3.8089489696475414,16.666280663698807,14.463976634905345,2.8517687752699787,2.2433789954694885,7,51,4,2.403091831115757,90.24052741001618,8,7,2,Finance,99.91084885222729
28,19,5.866113273294727,3.093795510036,11.832459469529699,10.589025203834748,1.59558214388702,1.1932914924939648,5,34,4,4.601687899185326,46.560141517548224,3,4,3,Operations,91.06343110626115
49,19,4.993683067615706,2.1630225123008855,6.933024980106279,11.569547207286641,2.113943032967546,1.8478931956485756,6,19,5,2.479307278455977,52.38203071130757,6,6,2,Operations,82.71266647180913
31,17,8.088381897295859,4.091628164290246,10.977236226370609,10.329341282730988,2.031530344657964,1.3393558101929959,6,33,3,3.4955797383605085,55.222684801783615,3,7,3,Operations,99.98527654107275
25,20,10.179839266264668,3.973581069560508,12.987792363192789,10.337454053949385,1.905136240763314,1.0529565844056412,5,23,4,3.786114879832793,72.08852686770668,4,7,1,HR,90.48096034033614
35,17,9.706532436768027,5.723834539661133,17.952823426736394,5.302392725708869,0.9700579130851326,0.7225659567667644,3,6,4,3.9951355060882836,64.81859139110969,6,7,1,Sales,87.63345011610717
38,17,7.3557216017123475,3.993044789796668,16.37744608651625,9.74378349586204,1.5885170241486337,1.5304868520927735,6,47,3,4.422340328222206,82.6925570844787,4,7,1,Sales,99.8312166764127
49,12,5.046929972903613,3.1140822552122738,8.513408673423097,10.541471566478839,1.9098505904218055,1.679504750746686,5,28,3,2.7096987890504822,48.47265842541979,1,6,4,Marketing,99.9030665618099
29,17,5.629015648308384,2.1844093956119464,5.905442429264984,12.499200665608802,1.7202706808395278,1.379236758351125,5,26,4,2.889315785318745,63.70783706427057,5,2,0,Finance,99.89141660362478
28,15,5.034658694987918,3.3038665737490573,10.519477976442609,10.096273159144333,2.006589920068367,1.5420578421396156,5,47,2,3.805474041604449,65.54219992949267,3,7,1,Technology,99.94713822335916
38,15,2.7442942415247424,2.109365782296696,5.9532608658892485,11.128319988132601,2.4403491753556166,2.1648016735745954,6,40,3,3.9044944093442986,20.171173561468017,1,6,3,Technology,99.8748564423296
43,15,5.297118854947661,2.3850032639322207,7.030481711408444,7.776166039462062,1.5862131105817663,0.9866443776428528,3,35,4,3.5282372718048007,60.642283871979814,5,9,0,Finance,100
37,13,5.724408263728625,2.5980627712366915,8.40386839000706,5.1782785228128425,0.8247516713463482,0.645942234952975,2,41,3,4.392092800110835,72.79812144246733,4,10,1,Marketing,99.94350377001612
22,16,9.75839097606924,6.212774670209977,18.045969564926832,4.865670839529077,0.9999949860299254,0.8259840902389323,4,29,2,3.711985737960531,59.25910287570583,1,6,5,HR,98.19821157846565
46,18,5.270727344009488,3.3999318771203133,11.174045976760848,5.876157978806872,1.0952367950209443,0.7189737749832276,3,22,2,3.404487489642477,58.005498427339646,3,7,1,Marketing,96.66733908763878
36,16,13.746090244080792,4.906016592031812,19.26196346592318,12.606801200532376,2.4527525447319927,2.513637400159459,6,43,4,3.47501126323702,64.13042110821456,5,8,1,Sales,99.94165414325668
24,15,5.558973572670766,2.793459948886079,13.649923903792955,9.492144740225665,1.788184283979227,1.6636954786098461,6,48,2,3.8071321108036273,70.64322784922815,4,8,1,Marketing,99.92802236717874
34,16,3.465211769382775,1.6185802091930497,6.112895960686245,6.713233753483825,0.8253085601119482,0.7158553089441192,3,78,2,3.501758779988935,41.48954915249395,3,7,3,HR,99.94185725754643
28,18,3.0509417475071943,1.4104251957709293,4.588829370621606,17.42218269395404,2.026359051675154,1.941180574052023,8,50,3,2.796554398008764,42.92655936439648,4,8,1,Sales,99.98965641553801
50,16,3.529680585080409,2.094720767403753,5.362512910214161,16.42107887528466,1.9251505685627757,2.1410759430230293,6,21,5,3.303300943585883,75.0977410144221,1,9,2,Technology,94.4265437509135
42,16,5.788623646113578,4.71232285441598,12.788936611221098,9.914741667626723,1.758642578438297,1.2138815787831991,5,33,3,3.306681294575027,60.34488087220794,6,7,5,Technology,91.89347802226949
34,15,3.5317098241220783,1.6026858854422368,6.543228296899038,10.025786811557559,1.8313856772126784,1.6574326137729867,5,50,3,2.388986736645447,68.60295474369471,4,5,4,Sales,100
33,18,7.262036470191182,3.2900178213568174,12.785955342031835,15.79043410276589,2.64386133872981,1.8344915423726167,6,52,4,3.7852328013435557,77.8012575279336,4,6,1,Marketing,100
34,17,7.331747613785314,3.488388808393669,15.887213318876757,7.693286987917523,1.4586614129685513,0.7459018743119947,3,31,3,3.402210897043119,48.060888280442995,3,5,4,Sales,90.8428859286104
24,15,11.119451627167697,3.3119693599470703,13.011422346054275,6.095816487785071,0.9551441705218396,1.0601166226630234,3,28,3,2.3775757762087975,62.59004991438294,3,7,5,Operations,98.76815894649114
31,17,5.848148589572034,2.8199199678020923,7.859829596882581,11.815447507985661,1.6971598891990476,1.3116971817932146,6,55,4,3.634877268311899,71.11384877710266,3,9,0,Technology,99.8800962227016
38,16,3.0550509308348253,1.6985955507787942,5.274358224679615,6.835882170270856,1.1969609153121397,0.9597644063396419,3,17,4,3.288511495907624,60.072280785336,7,7,3,Operations,81.11488370514702
38,16,3.950019158967343,1.7950661634929386,5.3844101058712965,9.800327113203128,1.1941551706632727,1.1833667291431162,4,24,5,4.995162947167827,42.2046542100872,5,8,2,Finance,97.10678293684019
22,17,4.713442023343884,3.595038490578434,9.742392137886956,10.215838070787736,1.602774499275371,1.3103099933467275,5,16,4,2.8979628812606837,70.92383357227065,0,5,0,Technology,96.4232291148382
23,19,4.616117500652737,1.992042870956937,8.653975499290754,4.807480827799114,0.7534582287035458,0.6146719241874234,1,36,4,3.7037814793436787,61.041008535271246,3,8,2,Sales,100
37,14,6.83143552174138,3.5949384545799905,13.11891276538575,14.939005004752078,1.8394542794573983,1.5100042830925926,6,69,3,4.215766892344306,52.712901201002005,5,8,1,Technology,100
28,17,4.879386742523276,2.4412130141250663,7.698737929749402,14.210237800131283,2.883272813741016,2.474735373466894,7,37,4,3.52754159771935,65.00382067730445,4,6,4,Finance,99.9337156362358
40,18,10.416900088149575,6.2092357040502595,24.56509281044692,8.034425902903628,1.1939375640525272,1.032509485026066,4,17,3,3.423947607561478,70.02987424923141,5,7,2,Operations,99.53738192623665
35,14,6.355254571686598,3.3618894638430676,13.282753502199649,10.437185816381218,2.225846408777414,1.4758773041263202,6,16,3,3.910302221087334,74.1424834664909,4,4,2,Operations,98.80294925631702
24,17,7.170323955271522,2.2791411675219013,7.691690494042624,12.626895130828949,1.583815586111911,1.6611312488388978,6,55,3,4.01488297725073,70.6369424872084,3,6,4,Operations,100
40,18,6.1392502166937595,2.8939033198788806,11.366236809874275,6.174549588500478,1.183382946397617,0.6999348727289192,4,24,4,3.2018789596585053,63.52411045630219,5,6,3,Marketing,91.38732391553899
49,15,5.793833248066186,4.1131217654970325,17.049548436306253,5.732765703062362,1.0576974171267197,0.7941477148106352,3,41,4,2.887022993884833,59.65736660477517,6,6,3,Technology,97.40669445214361
32,17,10.43963119146025,4.680871059283528,16.887980814147355,6.545878474283812,1.0014619615795097,0.6899906611886727,2,53,3,4.117289388056258,54.74669159168133,3,5,4,Finance,99.93871667700076
41,20,4.408150828033207,2.017042696011202,8.280506818351494,9.172031071304204,1.578375546863408,1.160977707663243,4,16,2,3.6053406263375316,54.69669060832583,2,7,3,Sales,91.57237412406046
39,12,3.639900638881086,2.026281653101543,5.094524033976347,10.675655722022123,1.9176876146385429,1.646240997412528,5,68,2,3.2982550166411793,44.97064098761385,2,8,3,Operations,99.88079717735447
41,17,4.410944431273692,1.5999626787372785,6.7794704180443075,8.856723163392644,1.4589841965747172,1.1376167986910772,3,18,3,3.000677960833858,68.93349328780474,3,7,3,Operations,94.81166741157529
36,18,5.9177351238313225,2.8895650780608633,8.204481424355277,8.256798669633579,1.5510517697681683,1.3245160447233566,5,56,4,3.612749087506056,61.37958093228261,2,8,1,Operations,99.90630693060412
28,19,4.712546258764115,2.4149199805429116,6.890911349379339,7.64856989258443,1.5730244728963299,1.2272208945243,5,49,5,2.304927453329356,62.17058550875301,3,9,3,Sales,99.97623502478973
40,18,13.181350165410601,5.908721142603397,19.384038638838817,7.505497532643503,1.4192871239786384,0.891493426116676,4,14,4,4.4271416733700795,55.301765590064896,1,7,3,Finance,100
25,16,9.11507072823415,4.491950177136915,18.086638127817455,9.460411760606293,1.2401505805855417,0.9617865511241336,4,38,4,3.8899812152871385,73.05485066214925,2,5,5,Sales,100
45,12,12.81454924194409,6.417569899517207,20.364279818180442,6.75699842557186,1.2930758108897527,1.1876792486810108,4,65,5,3.883162394608452,57.71510037840994,5,9,3,Marketing,99.96751114555171
37,17,5.515823668072966,2.987957438759963,9.257712020548913,14.514896875084215,2.5974842939208687,1.3573038263735635,6,13,4,2.2108758470938774,48.65897514208845,5,4,4,Operations,99.98218065880135
35,14,5.767952451251235,2.5719184034742026,9.75988090774154,5.184341259353803,0.8451229000181523,0.7599591021743988,2,23,2,3.986839509783287,42.49833322436328,7,8,4,Marketing,84.36988648476691
29,13,3.795717930345411,1.8056174981928326,5.926188597135665,10.616426964436819,1.4169176601873303,1.1861467521378732,5,30,4,3.379268819707882,57.11593994839244,5,5,1,Finance,99.23435877566331
35,17,7.349020251884808,3.76409313633047,10.790175379423431,8.837104349675144,1.3020563277289015,1.394689323654128,4,26,4,3.4007030573542045,75.50346223356688,2,7,5,Technology,91.9601273882686
41,19,4.883169543003079,2.7956605395875753,11.351567839555516,16.059561915117605,2.481063299202239,2.1220130577538363,7,21,4,3.876627876788441,80.4711703728759,3,7,5,Finance,93.66946310274406
33,15,2.397338425390407,1.306526405055649,2.7939053672885836,13.963504212404855,2.1773974269825285,1.86479424128796,6,22,4,4.801479232309579,45.78478021806618,3,6,1,Finance,97.48089525268655
43,16,2.421481704850427,1.3356865572512562,4.36952793692524,6.597834547633645,1.304628388678568,0.841955254351886,4,34,4,2.5007971096940986,55.36970556568484,5,9,2,Marketing,96.14854409275085
40,18,4.5214294240385575,2.0950542018370473,5.558709536526086,12.311349422274509,1.73521249893808,1.714978366031713,5,26,4,4.619137109737594,56.438117618242785,2,5,2,Technology,100
38,15,8.592022498031481,4.60776564781432,10.941409745683135,9.75866652437992,1.594356456876365,1.2607867512017168,5,47,4,2.5107482596383655,41.02515632344068,3,4,1,Operations,99.9731543861543
45,18,5.259783453032183,3.2995684571529695,11.207465185836723,6.115391336558144,0.796159041587799,0.7148279246842154,2,18,4,3.310678404826516,56.29796642074388,2,4,1,Technology,73.27154699396968
29,17,9.252476933665825,4.233683895244513,13.846670703567371,6.46410033103737,1.0883084721333862,0.7759587864601868,2,38,3,2.9930183619295674,56.47715299313826,6,9,4,Marketing,100
47,18,3.9265034630796936,2.3901632760104174,7.753181628288085,10.877708440902135,1.5118014608037196,1.576922743515154,4,35,4,3.7772361798457235,37.45643055248864,4,5,0,Technology,100
26,17,9.579488030465956,4.91556949037985,20.74060612904676,12.621746199604262,1.8665554885591655,1.4893553454073887,6,22,4,2.9683228280013827,49.41462164016691,3,4,2,Technology,98.14518706831089
46,20,13.917269046041044,5.492371174614633,23.63822111398942,9.641623288870958,1.6838436540777968,1.1992611919195677,5,15,3,4.707084275727605,40.606925669050035,2,8,5,Finance,100
34,19,4.39948178127588,2.468781501986202,9.91866619046563,6.643137086973725,1.1361115315558892,0.9385319514384459,4,36,4,3.1207389559552685,55.66708370247707,2,6,0,Operations,100
35,13,6.041244838429302,2.310531920618621,9.904183560860039,7.536426306422575,1.1617348156599292,0.708700139149619,4,16,4,3.308733146653743,68.96300557061558,7,8,4,Sales,85.20791701604026
42,18,4.8933354770123065,2.6030897972593845,6.355952002127603,7.456849948595877,1.0430150650891516,0.8081091919775824,4,29,3,2.7128472878322594,55.931358604226396,5,9,0,Marketing,96.43432177082873
31,19,8.28549497935282,3.798100794132498,14.012067576165336,10.382379185187714,1.6124390448048629,1.6029636451329934,5,50,4,3.0097385473801226,80.76623982607445,5,6,0,Technology,100
40,16,5.924711401690082,2.2820857263904806,5.924711401690082,7.012052065891533,1.2404504137201795,0.857191181991981,3,19,2,4.012966597908157,57.809908279504306,3,4,4,Marketing,81.72411541135722
39,18,7.16855529255735,2.9106526024726342,13.487157055334501,7.585524737080803,1.3218614455312592,0.8767133596216344,3,24,4,3.999655995891315,59.98994534281601,5,7,4,Operations,92.21666226305167
40,14,7.1847442973252145,3.727369736798934,11.64059676235505,7.4195816455048895,1.6088666456497274,1.0720938939391012,4,39,3,2.8207807004436596,71.58584069773167,4,6,3,Marketing,93.10791279946976
29,19,5.186342851953637,2.375472070867405,6.4821166556773315,5.646768037553871,1.0676073769384877,0.895490162906415,4,26,3,3.7948400792725443,62.167007659940865,1,5,3,Technology,94.14724421409639
32,18,4.024815070584825,2.2659591131843873,5.999334019527895,5.482641656751677,0.968238371425506,0.5213331353780091,3,34,4,2.7063001444409664,47.89077191707187,3,6,0,Sales,100
29,16,4.118572006760016,2.069829032580561,8.328866183861116,7.48972395623009,1.2727247297241997,0.9040635766188329,4,32,3,3.5965793683494196,71.5628619439554,3,5,0,Finance,84.44583708644619
36,15,3.7812917705079605,1.4832365681745314,5.564768585235885,3.4251708128540543,0.7894918981384521,0.5222942349191,2,23,2,2.08989735427891,40.6767723346525,6,9,5,HR,89.48011174462845
47,15,4.47385951619538,1.9133440486177062,6.15032110574139,14.1905075190921,1.9872906171133338,1.7839234730088376,6,17,4,4.665617816766411,49.52938625219115,3,5,4,Marketing,99.91882237205968
28,16,5.235968694286219,2.486955099948531,8.92081332152483,10.862681872585027,1.5690176440572257,1.2578059378044155,4,17,2,4.719712569614203,60.61489646034401,1,4,4,Operations,80.36416704533028
37,19,2.5721178619417318,1.9934475826650397,4.683748982392593,9.649205193340164,2.0292056793717874,1.3347651978401607,5,34,4,3.483251315359868,76.17724098496926,3,4,4,Sales,96.72085559643783
31,18,6.505288028587272,4.603003496968978,14.972517088127184,7.0897328484700814,1.2757996623960517,0.7991660719336071,3,58,3,3.228440287153237,36.82098332798406,8,8,2,Sales,99.79966671277025
39,17,6.460807765105722,2.7116566245526212,7.057660599975231,6.773373950622099,1.1914502025681595,1.0041266662774762,4,76,4,3.4934561017455246,50.45410068872749,3,6,3,Sales,100
36,15,7.748431586611987,4.071699554898826,14.487582067969416,11.932717753982066,1.8364852971132484,1.25919822386461,6,25,3,3.1954258476433997,71.92558041069297,6,5,3,Finance,92.91808237867812
31,20,6.785829259714095,3.7295963522714684,9.1880289402772,9.595960344219762,1.8106165964111165,1.5297775360867512,5,24,2,4.117854879423167,85.96325638551434,3,6,2,Operations,91.41104862192356
30,12,4.027742579833188,2.37643398647703,10.077186264752111,8.766638047851439,1.3602341901330914,1.3548120388931797,4,48,4,2.5938746938474093,61.98065095206376,3,7,2,Sales,100
42,14,4.967864558486786,2.452190669753797,11.063414330598656,6.3309444611746635,1.0256264549797989,0.9301280965113514,3,22,4,5,56.530669295904225,1,7,4,Finance,94.82821238623795
29,17,6.133998539800517,3.399538197343355,14.064967686904936,9.586277688562616,1.4620048029177108,1.1604012676065423,5,17,4,2.9797073401163754,48.06660238692133,4,5,4,Technology,81.28781589752941
52,19,3.7045599706085275,1.8286324120301316,5.812549714875485,12.04993195081761,1.88196552999804,1.4476242022651655,6,52,4,4.985396554514914,50.81726625018439,2,8,1,Technology,99.96254200063312
39,20,7.157669075706636,2.6894872696756504,12.414567459386014,5.941724983579104,1.0964254788525136,0.7684029957841766,3,27,3,4.7939526657601865,52.12114147789211,3,6,2,Sales,99.95632247957103
50,18,5.205147864365526,2.194524668891137,8.273981958059883,8.223448403190865,1.4942213310290249,1.268090989824871,3,12,3,4.690009139616747,72.70735158624129,2,3,1,Sales,79.22883601568971
43,16,6.764731831845582,3.014975171135937,12.4802654262616,7.796152100344747,1.367930032614818,0.9257731418935843,4,39,4,3.7534113545842587,52.92016654439234,3,8,3,Sales,99.9434691729989
32,13,7.601529679586142,2.4898303686412984,9.323362069338526,23.354308318980795,4.46,3.4991538950793055,9,24,4,3.2897916497921997,21.91744468797755,4,7,4,Marketing,100
37,19,6.0076210744040255,3.0960393912899984,11.674681677724289,11.930575382517645,1.9153318795197856,1.5309534377426235,6,36,3,3.5120209203879926,28.01531806464105,5,5,0,Operations,100
22,16,11.281582848168066,5.430463487086796,23.094033325999305,14.428886341148978,2.4608052456475535,2.0931938830864127,6,26,4,3.3124427949558015,49.901890793955126,4,7,5,Finance,95.79657933954427
43,17,6.349829100749817,2.3176503530092036,10.249685345679381,10.606362036833556,1.841394057446033,1.316690494274784,6,31,3,2.3141783329496013,71.42790466101674,6,9,1,Marketing,99.8791968639574
34,13,3.276749835998785,1.5798885996006378,8.077386886995727,8.770367782000523,1.6263285930853106,1.359346872006015,5,14,5,3.5957758370126434,56.94118215095636,2,5,3,Marketing,83.50485932269724
31,17,6.327088754162996,3.2817762740367398,12.297141194582192,7.025807402496234,1.0708336221417802,0.6968397859631232,3,70,4,3.396380431095949,46.60595515313817,0,9,1,Sales,99.89195409546555
44,17,3.0988676729877214,1.191561595910405,5.467031011320252,7.779023898563779,1.258926987690804,1.0798331189083625,4,23,4,2.9849589436222623,82.75078130802854,2,6,4,Marketing,93.6547908083651
29,12,7.829391325444001,3.9096113526286325,13.022271885786186,11.984199090936796,1.8729715950307066,1.856180107347636,6,25,2,3.697588478724065,65.69607301878537,5,5,3,Technology,99.2159611620451
46,20,3.539667136887273,1.7961893714041897,7.574775830426845,8.162407853253839,1.3604881044283412,1.2223145324456888,4,18,4,4.607884217400836,51.06800719375989,5,6,5,Marketing,96.13781626702816
39,16,5.782354715730924,3.298633021354261,10.946199447312049,14.654849673524954,2.43933178468675,1.9703711040366718,6,36,4,4.797105804732949,57.305542811953124,8,6,2,Operations,91.98505613695971
56,18,4.262755798653995,2.9729821639172065,12.625369060629119,12.572403974395883,2.1042778072443338,1.9601851305471423,6,28,4,4.385337274991137,66.71204462971961,8,6,4,Operations,100
23,16,5.764100100480553,2.955277631700445,7.750231431091359,12.995062334020304,2.1788106785203385,1.9841641895146236,6,59,3,4.901701271126934,51.79302315538957,3,6,5,Technology,99.84341028569474
31,15,5.727778846007419,2.7198002730748234,14.607465537402746,7.359782353453192,1.1489758660101796,0.7346773344284117,3,39,3,4.211857268292524,54.04777228664268,7,2,2,Sales,88.78343500552103
38,17,4.849480059479078,2.81401417810788,9.158399309078229,13.054091246186522,2.1173724253698443,1.865025702595494,6,29,3,3.387277544319011,68.80643499700335,4,5,4,Technology,100
30,16,4.901842957305553,1.9955880448798022,6.887907951071659,11.851993774723217,1.774017233730226,1.539551438444961,6,21,4,3.914830591900666,64.82312894365107,3,7,3,Operations,94.5620464743101
32,15,7.14467427023925,2.5515177086513443,9.569523179034759,8.844146696543403,1.2346015882852672,0.8909834362226399,4,10,3,3.299354967692718,71.89104075323034,3,6,0,Operations,86.64244355590778
47,19,3.283891951534025,1.9136346461250995,6.618331415120849,13.756192943426008,2.1391139498001106,2.1107449226384993,6,23,4,4.792419049550454,99.62576187190365,1,6,2,Operations,99.98312395112559
37,20,2.47280559073202,1.50808381397609,4.87591228921026,15.966353108414609,1.904622064106794,1.8493000385224392,6,18,3,4.790115498105089,51.49955832749196,8,6,3,Marketing,88.30377622658195
39,15,5.031477881753124,2.3158190933015974,6.771612333951311,10.956230541812637,1.6657833286994963,1.728671839272489,5,9,3,3.908988123778887,81.37798286592962,2,6,4,HR,93.14976056570168
43,15,4.984414566498199,2.0933087383498057,8.199571785481142,17.656356783551754,2.542727161722458,2.1269888832605957,8,12,4,4.399286048595557,61.730257824602816,3,4,1,Marketing,96.23809701741826
26,17,5.625065468966377,2.469329730396563,8.271082188365979,14.549277866368714,1.9641260414898645,1.895626351721116,6,40,4,4.096048434983934,55.57289227837705,7,7,1,Operations,99.97148553972217
35,14,4.472660516335416,4.472660516335416,10.148577979664182,13.690334245791416,2.3629984632221,2.0502626942592177,6,27,3,3.3647328633349556,29.59766046466676,4,7,4,Finance,99.93543786219887
37,12,8.144775183643883,4.322312897714482,11.871884081020141,7.687052651750162,1.3490300458132312,1.1053210542976637,3,47,2,3.3873193716448173,38.4944524310333,4,9,3,Technology,99.91034222473766
54,17,4.9961480326674685,2.2036194578521884,6.104477879393784,15.039408065101346,1.949867867803321,1.7751449495255542,6,43,5,3.3106441362129315,58.74637724866319,6,6,0,Technology,100
55,16,6.741266078600255,3.78015010073568,9.880636607727764,5.966586979386394,1.01921088124718,0.8654952365510495,3,20,4,2.386983658855231,60.42932855105541,1,8,2,Sales,94.55800370491052
38,18,3.786212327140656,2.323454675596432,5.760840545731846,14.740343955403645,2.5112431221173814,1.9794031655630504,6,20,2,3.805031991704692,54.88377287801879,4,7,0,Marketing,99.96647881673063
36,20,5.742321573731349,3.3032252645193823,15.291983579072177,18.525304977986842,2.600787333913428,2.47521268912117,8,32,3,3.0008337469545316,59.030551634586246,1,4,5,Finance,100
37,16,3.4200520525711395,2.401594591307799,6.976421249450144,8.758134067880967,1.7113489390095953,1.288059553888643,4,21,3,2.610681517811623,74.89903488860415,3,8,4,Operations,88.60610285608028
32,17,6.391506332476996,3.89450317083406,10.098551378643567,15.290102356345747,1.9577037537316457,1.7304120267884804,6,29,4,4.079742178367402,51.26267843530638,3,7,2,Technology,100
36,15,6.930695796052788,3.7911600078887986,14.37666418941472,10.65993773027348,1.4749049319452798,1.1923343829337836,5,19,4,2.683165755801973,38.406039777928335,4,4,3,Operations,95.098099759768715
22,18,3.72908779151357,1.5051382596130594,5.561765961564703,14.05175512817822,2.0717379924734316,1.646095855394961,7,60,4,5,56.03902656220617,5,9,1,Technology,100
37,17,9.085009828307513,4.630813872621724,24.26563093169951,9.575358687936342,1.5439731995721473,1.1400600936652125,5,32,3,3.99074633864523,59.40975997124636,4,8,1,Finance,100
32,15,5.190801238179453,2.7826868938044185,9.766629583001926,9.272247950300436,1.3052912460020958,1.3604677041035143,6,23,3,2.674594139481527,44.90735057418208,3,6,3,Operations,89.54627851794785
44,17,9.561742912232553,4.417738788113848,20.17711033684435,9.114717360830332,1.6630820373440776,1.2949532173744278,4,57,4,2.583133344445828,44.46943676941015,2,5,1,Marketing,100
47,19,5.265932771915369,3.294132557189362,15.10611518074861,12.183472334868767,2.319320980621749,1.5048389247363245,7,31,4,4.300928985545643,78.71736722478893,6,5,3,Operations,98.45903028703452
22,19,4.379132163351953,1.6043552146778457,7.6847701047714,5.502775919472535,1.0235377324898136,0.672330523535405,3,41,5,4.198772615539598,47.60937998983642,2,6,4,Technology,99.92813722280117
48,14,4.69019626054833,2.806023130726215,6.7466591870953305,12.223813428588027,1.7070234375911204,1.4193098083804787,6,39,3,4.126049512557138,39.067043375598814,4,8,2,Operations,99.26882455909096
30,18,3.4564757187418724,2.8785944554837375,7.931504638625961,9.45134899225776,1.377701255556076,1.1737855388734224,4,15,3,4.001502095172797,78.27029292068865,3,7,4,Operations,83.91525732824208
41,18,8.650621913363835,4.264422226051008,13.70594242880066,7.580676814170656,0.9527609221892308,0.8627169201288463,4,27,4,3.09688153530992,59.19967736468643,2,9,4,Technology,100
27,14,7.465644517081964,4.924004087327672,9.812848806885588,11.273618161358316,1.8412305996943972,1.6102110988176705,6,40,3,3.586119784007135,55.02834417944338,4,6,5,Technology,100
42,19,7.018365230996073,3.289446740073004,12.820314097123504,10.906804450183357,1.424927958401825,1.3005454730027268,5,23,2,3.009831238651769,61.552256906039254,2,8,2,Sales,95.15354054695085
42,17,6.140775903046415,3.3971536759671177,10.012844090074685,15.316971437289745,2.245767657817545,2.120241672893016,7,48,4,2.10568383313154,52.7850148663547,5,6,4,Finance,99.92548240644811
22,17,5.292730490654847,2.7114744317775257,7.44811740018168,10.0178759570267,1.1225516422616983,1.2222354605047165,4,30,5,4.602085334004761,75.87321101565661,3,8,1,Operations,99.99697169528714
33,17,7.3846201817865085,4.395302769243175,12.912995391271947,11.336533477638131,1.8208670943051248,1.2480465867905868,5,49,3,4.896656320490324,74.57457635437494,9,8,5,Technology,100
39,13,3.87784378980668,2.0430862153408884,8.019275709541931,10.388953522209986,1.904314144944342,1.5173332652009284,5,24,4,4.163064960766507,72.38181325436253,6,5,4,Operations,98.84774795686724
43,18,6.885321726401286,4.599317494539379,16.28341610116001,19.61753016526877,2.482004147675744,2.2707284308576012,7,32,3,3.5011202182404815,80.50586572283137,4,7,3,Technology,100
45,17,5.721505053915179,2.703013498671634,10.585494294626022,17.823657384735057,2.7654447448158184,2.734014728493843,7,5,3,2.7103901622119992,50.609716122002546,0,8,5,Operations,80.9333095172462
45,14,5.563338788575751,4.889075471512848,12.350610989692909,13.13486254034543,2.012293278211001,1.7636281700914,6,54,3,3.5950982666065276,69.93467400485818,5,6,4,Sales,99.9586228332075
36,16,5.367423185657257,2.683524049295523,10.24419766988461,8.557915621408391,1.5164679351016903,0.9828004153216234,4,32,4,3.413294911976471,53.92149153144979,4,10,2,Sales,90.17568447043446
33,17,6.361097585912328,4.302761723174932,9.907974289440947,13.84045299060774,2.285027647319095,1.457871751707363,6,79,3,3.787018110848627,44.74735354449589,5,6,1,HR,99.80116457384857
24,13,7.958065622416463,3.704809231766163,11.905482696635673,9.555014892153569,1.2618808319446773,1.2389983714434458,5,36,3,3.9932281282555686,67.6519504859578,2,6,2,Finance,100
32,17,4.870754676595991,3.295213434519031,9.538944901378994,8.004104421712581,1.3423592574676138,1.002932080292762,4,30,2,4.897412537720964,40.28622927775819,7,4,2,Sales,86.48596776419096
35,13,6.524836561995071,3.707805611415152,15.250592169177565,6.493019821980029,1.04936647787746,0.8712945937071975,3,39,4,4.518998904980095,64.6507735772816,3,7,0,Marketing,100
25,18,7.561892149818706,4.301980382038817,11.373365043584808,9.102778361434995,1.81081611051057,1.6103596293287379,6,41,3,4.19572196168521,58.23609874721453,10,6,0,Marketing,99.83719825005868
33,20,6.728362719784298,5.641670340469537,11.861215119964168,9.592014246316708,1.480268346496993,0.8795891493304575,5,29,4,4.983040732323891,60.1433947066493,3,3,4,HR,95.5529829115504
37,18,8.108471534760174,4.816144123181667,17.405981042451074,14.700354440633518,2.1485881427074,1.5895218250043337,6,27,3,3.297668835892575,76.65914197014575,6,5,2,Operations,86.42109103330566
29,19,5.577022323634671,3.595232731113131,13.102481779155625,14.628938665917385,2.1412017331473194,1.7946825018505204,6,27,4,4.013448965514154,43.666430121338514,10,7,0,HR,100
36,19,3.2799804312637484,2.0111056754014043,7.377374657980798,6.476768352869142,1.1988816564099762,0.8503914607066655,3,29,3,3.8072252276971184,55.38500992680517,7,8,5,Technology,99.07706751199004
46,18,4.782857777613826,3.286332158847043,9.149131971006035,19.40807725437778,2.854213410507075,3.99,9,26,3,4.107424544814087,55.5590396362561,2,7,2,Marketing,99.90517266762116
36,16,5.896392985082887,2.1039634840032133,8.159422804179787,11.157823154966156,1.5117204778611195,1.227946877016047,5,5,3,4.83180527916063,64.56688613309804,2,5,5,Technology,100
39,17,12.745080654043553,5.5742083403460425,21.929420515678036,12.763107971094241,1.8079427488679878,1.2994035400030777,6,40,4,3.66025139317758,72.57775940403408,2,9,2,Marketing,100
32,14,3.2523852447418125,1.6300156560836392,4.328082551661702,11.990403864661046,1.6996579967395578,1.450851544600592,5,14,3,3.7011889308961172,54.464517323361655,6,5,4,Sales,88.44660746835456
34,16,5.253277607509983,2.3904025771847586,12.975407870245098,10.928924466181162,1.34429564777607,1.2055433870175916,5,30,5,2.606406890660306,65.60713243206044,2,5,4,Sales,100
28,17,3.74627241211406,2.604169291920482,9.642104777892369,10.817008479782087,2.0393685645962485,1.149942835144681,6,52,2,3.0951932147768915,51.05150955931575,3,5,3,Technology,100
29,15,6.1087976695102215,3.2165316577133787,11.502903586789676,9.436945680527277,1.3863878330162795,1.1199096688652697,4,54,3,2.6883210386806016,50.58047216800175,3,4,4,Marketing,97.35605988925347
45,13,7.506662871463055,2.700485517751268,11.891990521936389,7.556169917692459,1.1493667789730067,0.8849571148794425,4,32,3,3.579697973475797,54.73399607065556,6,5,4,Technology,99.94929618396277
26,12,2.858785414282991,2.858785414282991,4.9312938864316065,8.6850286583952645,1.7383388818355545,1.167380476742523,5,27,4,3.730328325363366,66.78045557241747,0,2,0,Marketing,97.92896830769246
36,16,3.4039555729621958,2.415953932413905,6.791488029678986,7.114373568400935,0.9987850888552785,0.7853982378139466,3,36,2,4.698136053631833,52.15971659936055,3,6,3,Technology,100
40,16,6.450791752667037,2.8565040942176885,13.610510351293676,13.31086343132533,1.949248081281592,1.7226325755423273,7,36,3,4.996358722769259,43.79330385049784,6,8,5,Marketing,99.97890204922848
32,16,7.966336531556357,3.5562962499785487,15.435268190859754,13.710308604301161,1.7459384882374929,2.499753810781795,7,40,2,4.003069153395521,52.45296677047423,4,4,2,Technology,99.80296811873424
32,19,3.3251606676295973,1.7953795962812953,5.244564660883433,14.196428257564977,2.493220262262131,1.5377460877574773,6,21,4,3.485776285669645,73.63086422447239,7,8,5,Sales,88.36378737440482
44,15,5.554020353193264,3.600261713963975,6.792525414691393,11.831891580287238,2.1765646301547714,1.7745717422116365,5,20,3,2.9107062210776347,64.31483340937943,6,5,5,Sales,85.22427337311629
32,13,5.016191147447836,2.9079952999381256,10.260804058821265,9.383116655250674,1.1922363976830548,0.8886260625003249,3,36,4,2.7771361076804446,71.57547463112074,5,8,4,Marketing,100
41,18,11.329662138738726,4.817300378045473,14.370083013085008,8.748691446634075,1.590061113887721,1.2119320031658578,5,24,3,4.805702349266896,70.32153293771903,2,8,5,Finance,100
33,17,4.419177546147696,2.12650394306916,6.812810662983433,11.01261751595482,1.728783830872375,1.5226255443996257,6,10,3,3.121527463362749,47.60327487900621,6,7,3,Finance,99.20018357811635
49,17,4.965449378143351,2.3910676883183695,5.661775951635194,9.164390022111826,1.5688450993157232,1.3943402910953386,6,20,4,3.2993628346696706,65.74249416483708,5,4,0,Operations,93.0100672599215
34,13,5.163289395031823,2.636167132218595,5.980026436083058,7.465719744721393,1.2925666049679272,0.8703435079981793,5,20,4,3.611459137338568,53.656717498368735,3,4,4,Finance,95.38385839195259
22,16,7.949924498226541,3.387440356047004,14.895643177443207,7.916333065298187,1.9304464347882118,1.351251006734592,5,63,3,3.825631026089624,53.63003922360267,4,7,3,Finance,99.9917344021925
31,18,2.823982765517588,2.1215936717735895,5.797698991531932,5.74978372708873,1.053637761511214,0.7720431333109788,3,17,2,3.4995181830174,44.85420626770565,2,3,2,Marketing,67.87216622721049
36,16,9.070407510116874,5.693638474342286,21.321749562686268,8.798692100721627,1.6953802723968308,1.3157840861207317,5,61,3,3.6678170756713397,62.67231844254688,5,7,5,Technology,100
27,17,6.042869394665426,2.501044466523731,8.14702206064015,13.648515218950958,2.3243926841653617,2.016240911629251,6,40,3,3.765324302116246,48.15230918324325,2,7,1,Finance,100
36,20,5.217902973439905,2.6512879805740006,10.218449524666173,9.902116169611478,1.5819012485488448,1.299111913396587,5,19,4,3.792001141438459,51.93932065121407,4,6,3,Operations,87.45962195872056
28,16,3.8282774477959194,2.2974054886513438,5.771361149134914,9.263354990744622,1.4114486898951915,1.5287022035893447,5,55,3,2.7794708557702874,43.96221420676492,5,7,5,Technology,100
39,16,4.018374272380688,2.1115955160544093,7.96002925076451,14.615316759804802,2.3383752756381413,2.161617289153141,6,45,4,2.8235950622706385,51.99146978152664,2,5,5,Technology,91.4186538596723
34,18,5.343892696158933,2.390811403261665,8.298258787907491,8.271162474120867,1.373272875817244,1.0577816572363912,5,25,2,4.694063266344969,78.06321341894787,3,6,5,Finance,96.76579484840028
35,17,3.9488693815447737,2.6352508354862514,4.83034347538721,9.66427378926462,1.3229651338368689,1.0743201329610206,4,58,4,4.517284529148145,31.623911128249347,7,6,2,Marketing,100
37,17,6.563796266607236,2.470940456581053,13.195365987002283,17.75349103016326,2.239023740444345,2.1675735290182687,7,26,4,3.9783760633861895,67.2137068049746,4,5,5,Marketing,99.95701618392386
27,17,6.970553064330099,3.4801222785374417,11.893953754803363,10.765228924809884,1.6930293081827352,1.563709175295615,5,28,5,3.878964681804043,59.100460228300804,2,5,1,Sales,100
43,15,5.127127071716189,2.888637964268758,10.679267467242298,10.50478836884713,1.3174734784209177,1.3506823944917707,5,40,4,3.5196314814185103,75.84512614317366,7,5,2,Operations,100
26,17,7.7228118893029505,4.089519988147171,17.790726751353343,9.882612703766558,1.7250512310897181,1.4101612541686046,6,23,2,3.2913966547339437,60.61426269400881,0,4,3,HR,93.91085694620335
36,17,6.3785803767825024,3.522327213484439,9.61357662146637,11.594851841418482,2.203112956036247,1.216366963876547,4,26,5,3.0818641631296817,61.14871902045221,6,7,4,Sales,97.61505109019134
22,18,3.257812439431876,2.3137204051536386,7.428259397153661,5.6453388400108135,1.0083689951759662,0.7490061274011492,4,30,3,4.298388025064056,51.91522973584852,2,6,0,Operations,93.38630344135824
22,20,6.147651213864088,2.619292975510491,11.41560437523492,11.325257260058907,1.8918043876045219,1.8547069691381108,6,46,4,4.186895334940173,70.50979906577274,0,7,3,Finance,100
26,16,6.626378120372305,3.083808013648663,10.522730703333806,13.300557832600472,1.9285216423114526,1.6089056761243261,7,22,3,3.0118073020961775,46.51518729487888,3,8,4,Operations,92.55499317757106
39,14,6.666572373244829,2.967906231986004,12.699697803645869,9.501126850227898,1.5357205253527344,0.9681397872944437,5,22,3,4.29201647977036,53.934714879737506,3,8,0,Marketing,100
41,15,8.282259887027163,6.774596280542806,25.115255437822423,12.073152699688894,2.091373372585658,1.3796321079867533,6,15,4,2.6871057391542186,49.32803362042547,4,8,2,Sales,90.84545816975272
32,17,6.15375129148042,2.408578389554002,7.958174325767034,11.563865071144312,1.4935386428693678,1.2803070879577505,5,38,5,3.307608438703245,42.9172937920764,6,8,3,HR,100
29,20,3.3332278131869835,2.4629054061942584,6.214957156550776,7.806226861800621,1.2497338473566189,0.747646408188913,2,100,4,3.5919350252300766,58.0110089565738,3,8,4,Sales,99.85835342912229
33,16,5.829428820386434,2.810221534492465,9.670119236410718,15.361492605736437,2.7377777117967894,2.19301008016493,8,26,3,4.408478206219341,72.30041681647951,5,5,3,Sales,99.98320282944881
28,17,2.717116182472001,1.7976345046164963,5.898471098148916,14.793144847644607,2.1549471087516294,1.7083038188656001,7,22,3,3.3704311222903662,63.53594877954503,4,7,2,Finance,99.91010726746734
41,17,6.68390104243291,3.0854658119196774,13.909451675655987,6.605477253647725,1.223941901201575,1.123160568639584,4,69,3,2.8958728125714446,30.22195138977156,3,8,0,Sales,99.93535782143584
48,16,5.0230778054439895,1.7085306056492275,6.070739119484,8.453406949758483,1.2355398896841632,1.0503685856605254,4,32,3,4.215523799291242,38.052940151635056,8,9,1,HR,86.81228130004136
32,12,6.7553762534586115,3.4314071284075998,10.14071708952925,5.796539962141067,1.0594965352201378,0.7322413209409385,3,41,3,3.4903753505684816,35.16567440463959,5,7,2,Operations,100
46,16,6.010653556807867,2.932761780357142,10.795099143201028,8.506884281175651,1.4895713502690453,0.9605669556483467,4,13,3,5,67.62922453055312,5,6,3,Marketing,80.80339840754095
42,15,4.931106363735286,2.1037275283810315,7.518723354399071,8.933557933056134,1.0041053161409135,1.2790099169199827,5,28,3,3.5872801650489587,79.51811388692728,4,5,4,Sales,94.55436592404679
30,12,7.403915337426145,3.2027593419426643,12.465149716382056,7.232624467798068,1.2160599874168965,1.0922351497579936,4,24,4,3.6145738990715275,50.004997630398165,5,5,1,Finance,97.28530822680413
45,18,7.929941848258604,3.201480076695327,9.652269357157811,13.976460947914124,1.8721965744133398,1.670823416589546,7,62,3,2.6792642526951154,51.73865104258936,2,11,2,HR,100
31,18,5.6806214886336,1.6894380862421479,8.912293178417523,10.923803513675148,1.5015693996039854,1.1995261510978046,6,48,4,4.984427896186681,69.67087975283356,6,7,0,Technology,100
27,17,3.0956412619916582,1.197751610432513,5.417064933676909,10.493619561915061,1.9364393157776498,1.3427549461096722,6,42,4,2.907553049543661,25.886469881827598,6,7,4,Sales,100
31,18,8.08438526237591,5.109472091621971,13.336314708906087,8.278440168481403,1.2373685651490027,1.1278271031443914,4,12,4,5,63.80761793026704,4,6,0,Sales,75.03429142982434
32,18,12.507510161021012,6.674098996830242,22.61269893721454,7.194853049513293,1.4636837481234133,1.1591642771906556,4,35,3,3.619464882461219,60.78320216112669,6,6,5,HR,99.99871248913385
22,20,4.9406949217074825,2.705898214031179,7.9054973553489045,9.17244000276001,1.473202582585093,1.1303202887392738,5,50,3,4.69597688310379,66.41678192430427,3,6,4,Finance,99.9968230056301
27,20,5.958142529328189,2.5052516110475906,10.232389265239469,12.142089156853372,2.3947886026936662,1.698455390896221,6,38,4,3.8958528480081065,68.4909477290566,8,5,1,Finance,99.863151759463
38,15,3.277023897921221,2.497715669731772,9.642541181259615,10.071941706965022,1.3932054203257453,1.2533974419613214,5,16,3,4.022850361440777,79.05522941034322,4,9,1,Operations,90.30037046666791
43,18,3.0369571921088423,1.7792003588705345,6.598661732832062,11.913483743521297,1.4218164982212627,1.747624996298965,6,14,4,3.902604498859511,40.437701576776306,4,5,2,Sales,96.9155061277727
55,20,9.305581939277975,4.4179642798051635,19.20142836609695,12.147737143209117,1.7641608922947882,1.227833611369203,4,45,3,3.4986955582330093,80.99893015458582,5,9,5,Sales,99.95297201190769
45,17,7.116583033281138,2.9818249017905147,8.358958071205233,10.86956865178763,2.2265771852820624,1.5143210946737486,5,27,3,3.6865332276753198,55.97238716801316,6,8,4,Technology,94.00962921499996
43,15,4.3014534120979,2.090302810354312,8.23754740822065,9.062237065978177,1.4506689132841328,1.6465720169931553,4,43,5,4.294377823658252,57.65400080342522,1,6,2,Sales,99.76743311522135
48,19,4.183353540553668,2.4203306386458374,7.285012503846838,12.793576865030142,2.1418632950101246,1.6654035324024523,7,8,4,3.307726544276077,40.66586787806172,4,5,4,Operations,94.81963695466933
47,20,6.99330226310623,2.525251466175395,9.97718882364708,9.191850537705669,1.9106779851072286,1.6510607714275585,6,32,3,2.817508896397174,87.85922769847825,6,7,3,Finance,100
36,18,8.94144106809397,6.40301604302965,20.421504201566865,10.437217212606015,1.5725095617522982,1.0754051092376757,5,31,3,2.5893376727022726,41.57802485702532,2,8,4,Finance,100
49,16,8.030421004891357,3.481928787615419,12.204953787522141,12.30746905441115,1.5471274332052818,1.2406364074082208,5,16,5,2.5723313222799833,41.896716117722306,2,6,2,Technology,85.24134258976872
45,17,3.524820526481091,1.652259523437226,8.516208530537758,13.41732517552119,2.230711049170944,2.182222941912709,6,21,3,4.806537132996226,47.88667697239591,4,7,2,Marketing,100
54,16,8.183228693853996,3.561679545509949,12.442996668261436,15.757928509003994,2.9430098914784066,2.1523677924560456,7,33,4,3.822334438470179,58.02307696518199,4,5,2,Finance,99.56007920976307
42,16,4.435547806475535,1.882173092905083,7.669594125369356,13.258601280740532,1.8761539741228683,1.417489120024651,5,46,4,2.417021005270225,72.59756954508539,2,8,2,Operations,98.55392847587167
46,14,6.494418283337273,3.3658628108138684,14.497307381150698,12.898287965151313,1.9248551116171924,1.889911528797519,6,26,4,2.59774847579432,71.85514185692794,4,7,2,Operations,94.1466315251551
22,18,6.892187935244392,2.5853941275523042,13.710431633041052,7.589816124023545,1.621528781880905,1.3074466023431073,5,56,4,3.8159349284051944,81.18797363782258,5,3,2,Finance,100
22,13,4.291374489325389,3.177896438484775,11.128300038643225,13.354385312018024,1.8450360385353173,1.845003908802258,6,30,4,2.7925629640540746,49.33534956347948,6,7,5,Finance,100
34,18,11.448714425363693,3.5347166132520003,14.213963131274907,10.493248972104846,1.5112619880161913,1.0468184445476807,5,38,3,4.214693290686695,62.84144204208458,3,6,1,Marketing,100
22,15,5.201822748468632,2.8268409305390323,10.63461322916966,5.317787641003201,0.8015881717576803,0.7017630599187149,3,20,3,3.6096688786638502,52.33948503353013,3,6,0,Marketing,88.91436116233123
28,17,4.6225817378956915,2.6085161795203695,9.982489052119094,13.058779240861709,2.3767741982532526,1.429101454006806,6,37,2,4.2940708270316765,73.58627488221342,5,5,4,Sales,89.01038978871932
38,16,9.9002697852683,4.8030041910768935,16.011439077172852,8.336517218673976,1.4517270708103434,1.1800651042167933,4,29,3,3.3731665530909276,73.00751641194265,1,6,3,Marketing,99.94097232908726
38,17,3.6518269883859094,1.968972724171302,9.186196671369599,9.040941176993181,1.4675556931306195,1.2413240153902378,4,11,5,3.795427977906167,49.24578978758505,4,6,3,Sales,92.30491818313301
37,16,5.248824605793845,3.1970503465149522,13.138099655950406,10.576898313786007,1.3191383863854993,1.4800272258697065,5,6,3,4.417250391702243,52.337936484634135,5,5,4,Marketing,99.15588208610298
22,14,4.661518044567606,3.3043201931622823,8.634123063854284,6.406155157554745,0.8687135946656989,0.8410529035117168,3,13,3,3.1028870036428136,53.71455405499563,3,8,0,Marketing,90.68142355950943
40,18,20.69250565381911,8.315660085283808,27.67725265024654,14.819865818663825,2.545465252207737,2.1876135634189064,7,29,4,3.0838731253486285,76.80899001566587,5,7,3,Operations,99.9570031156128
33,18,6.436487799472596,3.7001028597197094,10.438300803725456,12.395294274067657,2.3117323287977536,1.4276821555711314,6,22,5,4.002386276310255,43.51355353739907,6,5,4,Marketing,99.9670856674645
53,16,7.149467178058318,3.8046353233303742,12.382665371473667,3.480439259603021,0.6198521579249923,0.44206099923793707,1,30,4,3.7690449270853095,57.42038469544415,1,9,4,Technology,99.99701791426266
29,16,7.010227676883166,3.99310433494444,8.65200039519694,16.62994803352714,2.36529449746466,2.179257563857583,7,46,2,4.001470291224306,67.42488053859846,3,6,3,HR,99.94546901643777
23,17,4.366476858159869,2.1905173856211886,8.284038099320847,13.368616547919316,2.400078025332507,1.863165964067588,7,13,5,3.8196297198005302,21.167575749697153,5,4,3,Operations,100
52,17,3.9056889464184645,2.1184709085165165,6.53175043634228,7.818886912312447,1.313235176759052,0.9012409250737667,5,30,4,3.0854466497668143,54.94959157184595,7,7,2,Finance,99.96268967331434
41,20,2.456282077107746,1.454448610934679,6.181212387581972,8.9688993174300915,1.3416050907729216,0.9815702977609192,3,28,3,3.3008278493531664,25.247844496725822,3,7,4,Operations,97.30637675308512
23,12,7.967505723587528,2.763128760949675,12.700793669506265,16.572270359253896,2.7470114208736796,2.6928497880426283,7,56,3,3.5908750271792096,36.024602816601934,4,7,1,Technology,100
45,13,4.701403375951125,2.2970749766429064,9.046396148724366,14.17045751084239,1.9837182860038238,1.635101757643557,6,63,3,3.4035210732648533,68.18209683597486,3,9,2,Marketing,99.95338559760742
25,20,5.607359234808903,3.072969092568512,8.141156162910766,12.779754689852728,2.067037235723141,1.3043817783649339,5,15,4,3.60475139923355,81.70237314831472,2,6,4,HR,86.79191329000123
42,13,8.582647662721476,4.709748893665111,13.347133261984553,9.001528644740482,1.8007509065196736,1.2521951095745487,5,35,4,4.2107272499496045,43.06613567143366,2,5,5,Operations,99.91736037459263
35,18,2.322846722318423,1.176506654488259,4.653008613948358,10.390774058540172,2.1107994063118514,1.4189833804624465,6,63,2,3.6253446402584455,60.24563082809645,5,7,3,Finance,99.9150399026099
25,18,5.413695958532121,2.948659719335848,13.612740622376998,7.622640269469101,1.4688567188687667,1.0673577972599568,4,10,4,3.5117895329918203,60.05212054228797,2,5,3,Sales,83.41693752901922
35,16,7.426616828476011,3.2350940753437443,13.075105374316195,10.769841772907776,1.7634098535544294,1.3459082225997256,6,15,4,3.085845258085463,63.394149873737994,3,7,2,Marketing,88.3009869395875
38,17,4.712605260405059,4.712605260405059,11.586465378383151,9.277972144879039,1.5973727061452556,0.9915406098995772,4,34,2,3.604630650743165,60.69301376027399,3,6,1,Technology,99.90929871228052
45,18,4.464862865451832,2.2123866438987663,5.9668054526732135,5.182084113898981,0.912019587228529,0.6570933819436355,3,30,2,4.106009613189358,59.33800199705866,2,7,0,Technology,91.27814408833575
38,16,3.8302342125323823,1.802976351018927,6.573262567458954,9.615656632028086,1.4146147465698995,1.0738727657004286,5,26,3,2.521123971661121,82.40039033328044,5,7,5,Marketing,90.45642644204429
24,17,5.84250742750969,2.4255311579250676,7.915056432449836,4.966383237467369,0.8084483345691522,0.5839116445929553,1,13,4,4.290225644092951,52.58012077133398,7,7,5,Finance,84.55533700967798
32,16,3.628062332162887,2.3654967178227317,8.791893418965408,11.20856541112934,1.5390133729571298,1.5529190407756952,5,39,5,3.7229264705492406,50.53687153517329,9,6,3,HR,94.9440446633713
43,12,5.427370387401184,2.8150526640013043,7.42882642479762,4.59259239554961,0.7228974356220963,0.5330281877558681,3,52,4,3.693389236530412,57.16042978880013,6,9,4,Marketing,92.02518698972561
39,13,4.4678463269205,2.910168204153286,8.138915122840322,13.971297271921419,2.064719135371303,2.173334102069616,7,26,3,2.8895516886054686,51.211776947398704,5,5,2,HR,95.52368662124734
39,19,9.187745277785213,3.9183804009663845,19.397896536262927,9.89296688536124,1.4888851398028273,0.9245136883222601,5,20,3,3.5203727502131437,67.67965431605272,4,5,0,Operations,92.36117854122345
50,15,5.232949450397643,2.498771094325868,10.549761724814418,9.901510112579741,1.5466403292127315,1.1865694631580814,4,19,3,3.285329821106354,42.13067379791557,1,6,2,Operations,94.79986963385923
38,14,4.623813471209064,1.8992126409025754,5.671926492957909,8.289117767846685,0.9468243303723466,0.8589530370062965,3,12,3,3.4142821585412273,63.80699336976977,3,5,4,HR,76.10902073022136
22,16,5.044670479964647,2.0838612606020215,5.824918894670661,7.759575118037559,1.1184909857244474,1.2112350451996141,4,58,4,2.6824880630779435,65.48282910638254,9,7,0,Operations,99.93115000144525
50,18,2.8350160773671442,2.2734030547558186,5.886889723381215,16.576323387467255,2.515894415378773,2.3454669267478967,8,22,4,4.216132054135098,60.574404193386634,5,8,0,Operations,99.99443532195461
33,16,4.220634862681929,2.8221115611876857,7.152427338773883,9.862129245374172,1.6008003347796629,1.5089010873090438,5,32,4,3.9958659796877787,77.9714058653297,8,7,3,Sales,99.90481203140932
43,15,6.807083955947042,3.2222427682234853,12.316343490818788,7.063896930137217,1.4507831033336678,1.1576639829348525,4,16,3,3.307942904938599,81.26825561214605,6,4,4,Marketing,85.97328939655871
33,15,6.994375548330334,4.4145417074100735,10.661184250988196,8.950116371369836,1.461554444791452,1.188289651660334,5,35,3,3.1798389526041446,69.48690650006273,5,8,1,Sales,99.87143414080369
28,14,4.273350560835265,2.1770654252444914,7.425896289436266,10.442877258640792,1.4871984527593995,1.1520411124700727,4,62,3,3.58785208731683,66.02039269807065,2,8,4,Operations,100
36,18,5.283103450830769,3.7264731749285227,8.752585855741232,5.4429620056742785,1.1103300062867136,0.6178070755018191,1,10,3,3.185228695551956,61.61116002910842,9,7,0,HR,73.08010571087007
31,12,3.132507166796425,1.4833833815828945,6.361800409957909,10.905004251666375,1.852906961005735,1.6061641551733743,6,27,3,4.057361431378307,85.13788932631427,4,6,1,Sales,89.8551396493169
44,13,5.707865099474857,3.0634360806069747,10.920464991983138,8.850060377065862,1.5131018717544886,0.99731035603391,4,22,4,3.917448916005664,60.70233792357141,6,6,3,Marketing,80.07053432865509
30,20,3.306266248855631,1.7141607492527473,4.118858612903848,7.535585247777856,1.0762183394067544,1.1638625221985053,3,32,4,3.327794964568315,66.73114704683158,4,4,1,Finance,91.15144677938224
36,15,3.774361866590438,2.387213285902083,8.801106192454727,11.643352496323356,1.8144250945754066,1.3858218573399295,6,30,5,3.101332008849554,39.623962224469444,4,8,4,Sales,100
25,19,7.057293033072075,2.995473540310643,12.514878065150889,16.864726585004046,2.239428888474925,1.7867971265662148,7,43,3,3.3018808530437376,68.81477404914106,2,3,2,HR,100
45,17,8.017567527792712,3.7329312193679764,13.869343995169311,9.023872431772455,1.3722089990130943,1.0755147042057196,4,29,4,3.6131876899083344,71.4199102824984,1,8,5,Technology,100
39,16,8.37886251542474,3.5491879512316844,14.271047822349267,16.84086716278001,2.2791328899567964,1.927507303732016,6,42,2,4.896673711825979,50.72317236115836,4,6,4,HR,99.90070885645135
36,15,11.210634553278329,4.078332628210338,14.583034075575295,10.398585101155772,1.633248451513069,1.2732007996770833,5,34,4,3.4111125492690224,43.718757037902854,6,8,2,Technology,100
40,14,5.71406465454837,2.62242803175818,9.294023877013817,5.7893425198101625,0.8783405839702342,0.8997903563914689,2,23,4,4.165427116651121,41.86515534736252,5,6,4,Technology,95.67111889083245
46,18,2.8440901307800868,2.019660339405462,5.851719196994853,6.385667584355392,1.0024213969851934,0.829497273165332,3,39,1,4.8963192665807584,51.846367345161646,4,8,3,Sales,99.86335429548414
26,16,2.712586704107641,1.392380299611516,3.9201343401280133,15.691261402215803,2.0705881743273133,1.2745750304358712,7,75,2,2.8973556272949184,58.275082352502885,2,7,4,Operations,100
36,16,5.569678400837368,3.309050766977962,9.004083427347844,8.49673831559325,1.2859590157408327,0.8077521272183921,3,29,3,3.6935548857180196,67.93187217872203,5,8,4,Sales,91.81938333268529
38,15,3.6020648564700037,1.5697373147232527,5.898269685342485,7.019609794946262,1.4968402108284413,1.1929991570955862,4,31,4,4.8022082053745345,36.08699394303166,1,2,4,Marketing,91.9182689513187
26,20,6.8923613339014205,3.2788618744190634,11.786199940820618,11.970132947699428,1.4960434460689935,1.3641303959824518,5,15,2,3.5066367614860696,72.43053350810075,6,5,2,Finance,99.91451146646156
44,15,6.525947641700186,3.5060635543347622,12.092583718071623,9.81629656137442,1.3192370992735878,1.2852068281565512,5,28,4,3.504664260374043,72.64326267966776,5,4,1,Marketing,96.06071635436041
43,14,4.115911543529586,2.569836873730032,6.641351798605835,7.071578360964754,1.4661974674217007,1.0314229836006301,4,29,4,4.330731364579571,55.36235711231051,2,3,4,Technology,96.07497519834313
35,18,7.0177137145061295,3.755020413175749,10.761462781277611,17.536443825318596,2.7810825443372993,1.9682598661549817,8,26,4,2.7838182832442855,61.209112161759336,4,5,3,Sales,93.28674211769138
44,16,4.84812763528338,3.054883602070623,12.743676509946338,14.264830183894537,1.8413273894733588,1.4711507922768565,7,19,3,2.509457574900419,72.72366457483021,7,7,5,Finance,99.63035918029563
44,13,3.3912111880801326,2.3895374787071706,6.338797036815253,7.936739791275593,1.2225335475750743,0.7654754682092008,5,37,4,3.9923405571407256,85.87448774286713,1,4,2,Sales,95.29132653054911
34,17,8.756546334730114,4.485682453715187,13.532007386495998,9.180586446468642,1.8195888133346636,1.0798346293668315,5,22,4,3.903313169418661,76.48460684026419,2,6,3,Sales,87.01992622323156
41,17,5.815076818792552,2.199220880968276,8.553409000858794,11.287006310049103,1.4408568103071695,1.2516382355510904,5,19,4,3.6099231965162337,33.23713115040285,4,8,4,Technology,100
24,15,6.80688628680286,2.922772029517725,11.540296873839665,6.569372193385913,0.9557962528595783,0.888159924004988,4,29,3,2.7008733558326106,81.36817119299553,4,6,3,Operations,99.29676883553334
35,18,5.052071286430401,3.8871573639079298,11.692415383207473,12.114055683803127,1.878734107416205,1.6360959552485455,5,22,3,2.917004590640863,48.09959590744656,4,6,1,Technology,100
48,13,4.864142520105154,3.090486568246051,9.751371880534156,7.757637908699186,1.480538572737402,1.3077352214907834,5,19,4,4.112269935097816,58.769535916952854,4,7,4,Sales,93.00185010293443
29,13,9.020806735551867,3.681427595863995,15.784592033135896,9.13110435677053,1.8528295147798133,1.3713192647624874,5,14,4,5,74.31943964282024,2,7,5,HR,91.60752363315315
45,15,3.6835013054011196,2.2663507289416973,8.766663168659903,7.207495253176704,1.4084454374963051,0.9536063961342683,4,14,3,2.194907538704222,73.09234851329155,4,7,1,Technology,78.3689055096383
25,20,3.904556861405126,2.1062997003149198,7.426652888704115,23.200184980949675,3.0349353747791885,2.6055450482482394,9,32,4,3.1106614068306833,91.16556811170149,3,5,3,Marketing,100
28,17,4.958750652697574,2.3902690751715703,6.859895028347427,9.513554232308937,1.656369476246235,1.1695072654329,6,46,4,3.70424022247538,56.030084839145715,4,6,2,Finance,100
34,13,4.503749574189201,2.8167316529732167,12.146218880823389,15.608386126318507,1.8691086492297064,2.33755312691687,7,61,2,4.882788018330441,42.83380375302858,2,8,2,Sales,99.99932672607282
39,15,9.854736101015067,4.519718852646049,19.00716800472934,9.916627748389939,1.3109588076591894,1.122683791966698,5,49,4,3.598669313980952,50.76557828106744,4,7,3,Technology,100
44,20,5.568728914409288,3.294993844575001,5.878619584323283,6.879325948152885,1.5553250709804356,1.0098359044572136,3,39,2,3.6094697056594542,32.764693016145365,2,3,3,Technology,96.89336338647803
38,17,7.593786468387728,2.2989064883240644,9.085768138640034,10.546229472791177,1.485521643724398,1.3562675298002018,5,33,4,3.5924393289417837,67.66761250945838,4,5,1,Operations,95.93519904827947
26,17,12.572082691083148,4.894533724514165,22.29954076874892,8.129098467991136,1.0640041375465845,0.8680618554053635,4,33,4,3.1928653687963617,69.45689958412278,6,8,3,Technology,99.69808668858904
42,12,5.587560392674996,2.750003943306235,12.948810765410197,7.893028993903014,1.1848603556779551,1.2364190889869724,5,68,3,3.2293153771453644,61.45882337197211,6,12,5,Marketing,99.99736399247828
46,20,6.386569350718079,3.620641654428825,16.592396070173184,17.255458802386677,2.330940595722709,2.632611523859934,8,72,4,2.902586796919883,46.207084409458254,5,9,3,Finance,100
39,16,6.515655409025223,3.7289763287776494,13.707712813884536,9.125429681746475,1.2149641455834073,0.8474449222858567,5,27,3,4.69146330587024,50.55126923740674,2,5,4,Marketing,84.01672861855609
22,20,12.196965751949268,5.279374750394849,18.496592075852075,13.610481803013139,2.1364114249068034,1.734743271910377,6,20,2,2.782961071050026,65.4984465640299,2,9,5,Operations,100
26,16,4.119423936039838,2.170913308008884,7.6817407095382615,13.431716801869925,2.18447103167917,2.3039364086963574,7,23,2,4.317870595355082,58.09097466816615,2,4,5,Operations,83.0253823123019
46,16,7.383152448386113,2.3920040672496925,18.64944607139402,15.506007873838493,2.011269606610425,1.9144582762155282,6,17,4,4.5238067225542,35.22630145668226,2,5,3,Finance,99.93695554148114
45,19,3.5718345634685074,1.4890316859086181,5.998469857908734,6.638415547238923,0.8300534943728268,0.9773205030778087,4,19,3,3.110183375579068,69.66414785756113,1,4,1,Finance,70.03715564553947
29,16,4.005144639124406,2.002693052617514,7.8562043364012,13.060104174740003,1.720449522134606,1.4850181906760433,5,18,3,3.5902460308977093,41.84804473303134,4,6,1,Operations,97.37232553008505
27,19,6.327445607002971,2.617542852260154,12.866453165707565,10.199549842418572,1.4164739112982603,1.1904267777492479,5,31,4,3.199037412545571,67.69084499784633,8,8,4,Technology,100
36,16,6.110094750653519,2.542757088084278,12.588566324990952,11.117834778878578,1.7258403914656095,1.4205604270699708,5,37,4,4.192380547522892,47.62500473354158,5,4,3,Technology,100
30,17,3.322879767333963,2.5862439540814663,9.611533531331355,10.91111007113109,1.6959637871656164,1.198828942703231,4,83,4,3.2006343493804876,74.21490278775666,5,10,1,Sales,100
36,19,13.809217426000984,3.8813521959686788,22.07942687537664,16.28782092683571,2.051767091381631,1.5448653070515437,6,23,2,3.5281540115083154,75.4764489100041,0,3,1,Finance,87.74891049071869
29,17,4.985694506709794,3.6085074448143035,13.347322753786115,6.191694425097453,1.1525148809888364,0.8050301960687498,3,29,4,2.8110550966285732,71.80539788476587,2,7,3,HR,87.45317954195727
38,17,3.679628357367177,1.6040071434589367,6.913439710037003,17.648046822856745,2.1522154139639094,1.8852162975159423,6,20,4,4.99480819798877,57.98696677830052,2,5,2,Technology,99.92627031737192
39,14,8.198260995767964,3.5166420119919977,15.54774624455334,6.103837255931728,1.002723165903819,0.7409058382321658,2,34,3,3.3036159117464075,58.57415376359806,4,5,0,Technology,99.94683536911508
33,14,6.207931069335985,2.7561699988322297,11.761720092156146,9.399775349497837,1.4516054525843822,0.9694833602846914,4,64,3,1.6870048988685709,66.99266146091932,6,5,2,Technology,100
41,16,4.88540710277225,1.8299793994319933,8.264095550994613,9.878164643266855,1.7677976546411016,1.2428042004953779,5,42,4,4.4962419865849474,100,2,9,5,Finance,100
35,17,11.750877274158414,5.6920865610602105,20.453003270456545,13.422480689525496,2.376723833448225,2.0923323182108358,7,48,4,3.579219829130963,62.124871411829076,6,9,5,Finance,99.91739905250871
27,20,5.668649023255442,3.3768505349249778,12.223759290655792,10.252660063732595,1.7743984520223823,1.4255762712645252,6,26,4,2.9966817601272355,73.93798477464694,3,6,4,Operations,99.70524348282844
31,20,6.980695525162306,3.3080221214488077,13.168619895075631,12.012504637787087,1.6567509118484876,1.5642949540678177,6,21,4,3.895581712302554,77.44077261328796,1,5,0,HR,95.3091071912379
32,13,8.205683841184648,4.517915248636909,11.571088679299315,8.47855737360179,1.2482550169387312,1.111616781141248,3,54,4,3.4911828246859535,34.87987520289683,4,7,2,Sales,100
39,19,9.156160648296398,4.527569264004109,18.18992064080737,7.8824755293280315,1.5386074783624317,0.9096702946374224,3,5,5,2.8091364206415324,24.766378310345758,6,4,4,Finance,79.44155539511391
32,19,4.405238159908634,1.8102062664493859,4.756962589145058,9.901729908048777,1.5973880094612822,1.5978533837969897,5,27,4,1.8122407802989255,50.63882416588832,4,6,1,Technology,95.92796102328816
45,16,7.834865873935598,2.667573308535668,16.65666440845916,10.178482679485564,1.9893494486108814,1.7050333852732729,6,24,4,3.0206798959735113,50.474062954620905,5,4,3,HR,92.66500685199541
36,15,4.864041838480314,2.3326082256998824,12.218005170447254,7.60583545305426,1.2334462238533703,1.1858475446124406,5,13,2,4.9924218168187675,75.4118436161398,2,7,3,Operations,92.82697983882356
34,16,5.342565971291826,2.1883679486738306,7.176971151437742,14.264269294514028,2.2247693977522722,2.1197892933986493,7,32,3,3.7841836969797176,50.72485412659021,3,5,2,Marketing,85.85154607332481
41,15,2.9750550076888453,2.40755116770669,5.764715154704224,9.413467375016017,1.7786569375561851,1.3761531736184356,5,100,4,3.9861051637600298,86.99087686019985,5,9,3,Operations,99.783897617506085
39,15,4.6927586626139695,2.224327849058739,7.228031923268011,10.120669824286523,1.5926729908638662,1.2713333653771584,4,13,4,3.679033838115737,74.43138077928083,6,6,4,Operations,86.14260122010722
37,15,6.857132454179736,2.9967351439750787,8.953533419916628,11.892668378519724,1.8027477683615676,1.6583031592687267,6,24,3,4.188021596262931,61.533175366070566,7,9,5,Technology,89.938873261571
51,20,5.59360115828643,4.1096209486822035,9.146838245158861,7.040882348614395,1.326298461628937,0.8348681921313899,4,21,4,1.9963496470907625,63.49487149299119,3,5,2,Finance,92.31681830941515
52,16,5.21386587745666,2.443663455696358,9.840089077092113,8.425811530972585,1.2618445469627282,1.1030040320414838,3,23,3,4.090288814672807,54.5673545567683,5,6,4,Operations,98.40554626606755
42,18,4.94203199929435,2.3940159990161187,8.427911365204242,13.058090027614222,1.7112950990947726,1.595870525990247,6,52,2,4.193470856118612,33.508862377546,3,10,5,Marketing,100
27,19,6.483108201312753,2.911730234541509,11.839439493609017,14.476951937548053,2.1207648762583458,2.154626775483899,6,59,4,2.8137941729968157,46.989262269597695,7,10,5,Marketing,99.94322731111754
44,12,6.177422570991453,2.9113605074478635,18.810200293735363,9.478888651920062,1.4056735903928017,1.3803831629881582,4,27,3,2.778230125412917,77.73803391804162,1,6,1,Operations,99.70506916335927
32,16,6.901097046109774,3.8029542928575832,11.838796632186456,15.77481197414254,2.241138488957742,1.7704744036336275,6,9,4,4.122252174184864,50.263542808947506,8,3,5,Sales,86.23010248240183
49,16,4.008608933797022,2.067939482956866,5.9344207917543965,10.078976787800489,1.2575462349756812,1.3648443414397053,5,53,3,2.6065957050582798,33.44968298577067,11,10,0,Operations,99.93450067802546
40,18,4.095832703719672,1.6200363223747207,6.10643704920145,7.8928421005503475,1.2857208190463596,0.9929952418819896,4,49,3,2.705538149675698,51.7266336112246,2,5,3,Marketing,100
45,15,6.411148198494651,2.5100864112116263,9.108476880630521,10.19672125006571,1.5343238978710856,1.445242699623583,5,29,3,3.4175360686869882,59.84871173467981,4,9,5,Technology,100
40,17,5.770297720331564,2.996246890922842,11.594799088657794,7.248084978280936,0.9554589973529786,0.79939178918532,3,10,3,4.626028319754801,75.61650688244363,4,5,0,Sales,95.54823522879538
22,16,4.203644448059988,2.0911163566327544,6.599136833043156,7.4136928678337535,1.1736884761163253,0.8688874779830675,3,23,4,4.417640737590445,31.15682649607789,8,4,1,Operations,89.74962678323325
33,19,5.9958674363950815,2.9770897900337228,12.616483421938472,18.772217603438683,2.8835037287607537,2.2005165661900374,8,13,4,3.015074020654525,69.33330901870315,10,4,3,Technology,93.88366767087048
37,17,3.6685879678609363,1.5930577888949475,6.838174188816426,9.219295054380712,1.2336385276265263,1.0596533433378998,5,18,4,3.4950993520307287,75.35525402130318,5,6,2,Marketing,91.2150316629087
32,15,4.178579075003749,2.2519426471872963,8.219141961550248,9.936402282246242,1.4726554080199135,1.238650386766283,5,14,4,4.780908884307104,64.99240063566265,3,4,4,Sales,95.46893871980875
33,18,5.734146425864394,2.2063457235123334,7.384080030012233,12.723316646043154,1.6727641620196791,1.5279183484126921,6,41,3,3.3854790733008073,55.6970533008534,9,7,5,Finance,93.20396278984676
50,14,5.222509900195769,3.2087901378164525,10.233676721007503,5.922252455195678,0.9492390643208689,0.7294173179401182,3,14,3,4.700016545487986,55.20693768766407,5,8,3,Finance,90.62951415432835
33,18,4.8525945830854695,2.5728077097836737,8.682880681857535,8.974922276060212,1.2796925662559948,0.9392473161428182,4,74,4,4.305698389317919,71.82286015572495,4,6,3,Operations,99.90216839286681
45,16,6.001325076730451,3.9087080642535916,16.561979541423653,7.483310503960159,1.0638862726920657,0.7055793233565264,4,19,4,3.413535814324006,69.07097539694696,4,5,3,Operations,83.49564387995373
44,16,5.701713389153622,3.216008310372966,12.525437915543737,11.970626534140932,1.838960837147762,1.7735728666707773,6,38,3,2.38719342818356,43.00609829949606,2,7,2,Marketing,100
31,12,2.827790808646995,1.167274530835372,5.121149489971957,5.277315957764344,1.235758206605738,0.6647980511933298,3,20,4,3.4940549426137153,58.250094189565765,3,7,3,Marketing,79.56332628082276
51,16,8.570193047830683,2.814665627022632,11.515565186883531,9.082042878684657,1.1803947966874413,1.1652254012810332,5,58,4,3.6941447825336065,90.18972727793245,3,8,4,Technology,99.95705296018224
37,14,4.721018509449768,3.0876385706474703,9.10713810070831,10.069375043582674,1.577932026372395,1.4555288777155988,5,44,5,2.9892279254152987,61.80730196948102,5,4,4,Operations,99.9148465915785
40,15,4.403201546667724,2.1952440738212053,6.437822681993803,7.50464387893756,1.4006250549235213,1.0753129781523552,4,20,2,3.584607731343964,56.259852384669124,3,5,4,Sales,81.99329860028625
24,19,4.724291163726579,2.282669962625119,10.093443329318333,19.11347641520143,2.4894344857639052,2.2893361328708792,7,46,3,3.400591236465599,83.55141777454648,6,4,5,Sales,99.89687435131863
32,17,8.754927468788562,4.208341642702056,13.421521013674719,7.5068784809262485,1.463434447254985,1.0309493006524961,4,14,2,4.394099209211061,58.97636001836614,3,5,2,Operations,91.04637647131688
36,13,5.7980852060221135,3.7037200004154336,12.288757184314992,13.907667392339643,2.638940430299239,1.8365432080604185,7,38,3,2.4828516703553514,80.91264271588909,4,7,3,Sales,97.67357862295592
38,18,7.3138683600647365,2.72591711221746,14.68104115605517,6.407916841556229,1.4183554934745215,0.8808968847377494,4,23,3,3.290230901327109,53.78006960720554,6,6,3,Marketing,77.14625103355282
35,17,4.052472440945134,1.8006413609001843,5.888313382306653,17.50494709262601,2.3316022811015684,1.9249465107972754,6,49,4,3.393479501148555,57.33173502034077,4,7,4,Technology,99.90688587646963
39,16,7.162829468833184,3.495453960781755,14.745119154399333,10.419346041123761,1.7954448642002023,1.3175196585002367,6,32,5,3.5169814663143355,62.46813305132395,1,7,2,Sales,87.15107959163645
40,20,9.916264804844836,5.796113938637671,15.89091994900561,21.59998351140274,3.22978517245656,2.959309715307793,9,31,4,2.8100263801653917,57.76688868431011,9,7,0,Finance,99.99290443479985
34,17,4.104235243297166,2.5843692600343524,9.970675383250347,8.485191497901614,1.3801210153256938,1.2199131079404388,4,17,4,4.1976640435211445,59.18354231126997,6,4,0,Sales,87.72122196921052
31,18,2.3169894641061415,1.4295846352982498,4.3027662984755795,16.428953825320164,1.9793654886796568,2.279107486280885,6,8,4,3.8779590438926608,49.83994751078437,6,5,4,Technology,76.50715924412415
42,17,8.815975832659852,4.767342777423503,14.92190043236265,10.743198308170683,1.2324160088708782,1.0576500456114082,5,21,3,3.6011903969545425,33.47690097083663,5,4,2,Operations,100
40,12,8.688550818412928,3.793757274487948,9.43179036327133,7.013168358191558,1.5595702899846557,1.0734526504074549,4,45,4,4.866318084505377,73.65621384976876,4,8,0,Marketing,100
52,17,8.128141556056104,2.7034993409731958,11.920678153938692,12.68860956356766,1.8715995244549597,1.6324402236187794,6,13,3,4.2041594045992445,65.54824047865569,2,4,4,Sales,99.14154688071152
44,14,9.913857025346884,3.433769260851159,13.620972723930576,7.71118708486076,1.513962668094787,1.0676413140335173,4,34,3,3.2056787075227793,75.38499781437389,3,7,0,Operations,100
26,17,3.643651853969203,2.517049590428833,7.509499971446927,7.0014864816080955,0.9847163165583789,0.8188075380119184,3,54,4,4.784931725113463,60.24298146387012,7,8,1,Finance,100
35,16,2.5215166036927825,1.239275991331228,3.6844967694919126,8.234855967725847,1.678712464762787,1.0555052335790216,5,17,3,4.301885047578544,75.67602265573714,4,5,2,Sales,79.51026527322237
35,19,4.400682210152548,2.0957196262710602,8.129543604272603,10.631972106922102,1.754282684612711,1.3281015914799175,5,35,4,2.8265882646600144,51.97580350475366,2,5,4,Operations,91.0069102754211
44,16,2.8200239034431553,1.611952237438335,6.9040693452945066,11.790787986665833,2.256101716131329,1.6232520807882536,6,17,2,3.2926429238332053,59.903860100432475,4,3,1,Operations,90.05388096109644
28,16,3.7019506818111383,2.486146736318064,9.072743867394674,6.959686462525717,1.2021414687164267,0.7479847264569949,3,23,5,2.400971594909192,76.51273085356928,4,7,3,Technology,90.88164501852076
51,17,6.420019806180929,3.286971722774462,14.160022973163574,10.301357798312235,1.311519082758488,1.0677311968556593,4,27,3,3.781180284733371,62.8811408813045,5,7,3,HR,100
31,15,5.692212406200855,2.4023456168271227,8.923007562949847,9.307732684882836,1.7490031054528483,1.0465962134519389,4,20,3,3.3144329194776447,65.56978749252393,4,5,5,Marketing,79.38678932773279
38,17,3.4047107731489255,1.6327258387618957,4.26003883659501,6.035098146522971,1.1084793232973562,0.7183535441410567,2,35,4,3.485642848701462,36.132755810169684,5,6,2,HR,97.42715583830157
30,18,8.839125722740059,5.209810598048571,19.99198083892868,9.993455311486223,1.6944706126369196,1.3516312334438434,5,48,4,4.383170950674179,61.94232369238308,1,5,1,Operations,100
42,18,4.98326789313793,3.305821480068013,7.334399876083503,10.08910354643474,1.9208174746080406,1.221890047503837,6,16,4,3.679387976650878,45.24112719307623,7,7,0,Sales,100
50,15,2.960629359273078,1.629986696540142,4.721206522264084,15.29678315947616,2.1497414688411705,2.3174612076485537,8,14,4,3.909593084214531,62.025653390636386,3,5,1,Operations,98.137927073668
32,15,9.037826839323436,3.806496772195547,16.031164078106926,12.398962680925194,2.0433095198876607,1.8217734453118746,7,50,3,3.6834406397494415,55.116101794784505,5,8,2,Operations,100
22,14,2.794612889514733,2.1127271734354243,5.1413159402920625,16.457511263304713,2.4269247275976182,1.792331324996248,7,66,4,3.229787131996723,62.515420261561765,7,7,3,Sales,100
53,15,5.572752572532665,3.0063149034233367,13.331084765398396,5.291487902905096,0.9622014151672823,0.5052151283368773,3,7,2,3.9124367583161517,94.35939648606055,5,5,2,HR,87.1165287365894
47,18,8.940767436541968,3.621421100930169,12.634240331925492,11.51471257600523,1.8208980029142092,1.4265926147311945,5,65,5,4.19918964723897,65.6561904677448,3,7,4,Finance,99.91331060381621
29,15,9.055994158352696,5.138233265923965,14.800000738038793,14.126539103932833,1.7501673376100013,1.7320496663204752,6,22,3,4.477744913017179,60.30957342217378,1,5,3,HR,98.56599022837405
46,12,5.02649543600319,2.4970589651562523,6.453250619356287,11.20664969962909,2.188301734707399,1.6884980715663076,6,23,5,4.102633814311026,75.63426227807722,2,6,3,Operations,99.99467894787078
41,18,8.24870119396504,4.895020727820413,14.262085858518246,10.246518981946785,1.8375170613770773,1.7315009527734013,5,14,4,3.818784189614138,93.68960399607484,0,5,1,Technology,89.35444330332408
22,18,4.5170534479941855,2.313088524478573,10.734950369420318,13.086203455311816,2.096907501449211,1.9690430538092385,6,29,3,4.313416413198449,73.8041783211317,5,5,4,Finance,97.76298302373378
35,13,2.7415816447877557,1.3070182416015426,5.307329325978846,14.891419680705388,2.2706832753872197,1.7352427130950703,6,45,4,3.978929384464202,60.23370584127392,4,9,3,Finance,99.9273186703035
45,16,7.255665235866693,3.5759260236407333,10.395868678851343,13.3917587943935,2.252748148908876,1.8107181495746465,6,30,4,2.309312968047418,72.88180652265241,4,6,1,Finance,99.06234126968506
38,13,12.603251637220568,3.793990979489626,18.858229412036554,10.5252573012154,1.6345539784641958,1.2812863590272363,6,42,4,3.202352738589875,72.95627513991789,7,7,0,Technology,99.97642010955795
44,17,5.176843209710973,2.883550513009573,11.47050620146877,9.300337115954166,1.5849806772292687,1.0410557958829088,5,24,4,2.721922062582384,59.9213236294871,8,5,3,Sales,98.42172847191291
52,16,6.652990744655008,3.6126111513967776,14.832728210151084,8.617533169658241,1.4250372882397044,1.4054749729772469,5,65,3,2.973393853929575,63.0191865400654,4,7,2,Technology,100
34,16,4.538365878979052,2.105071341215358,5.35386540034096,6.904837299970083,1.1124629163502564,0.91048529298517,4,18,2,2.6045409825357773,57.2013352133264,5,6,0,Finance,94.42028470318357
48,16,7.0050188473978015,3.0397821124964275,12.856078726242606,16.11336579094883,2.901796955619334,2.640887460335072,7,26,4,3.3886495623014685,60.278570050478635,4,7,0,Sales,99.94799516934886
37,20,5.901121020192751,2.5693103548888936,10.783682008309263,11.608756856071663,1.6157349521233157,1.525668802949566,5,9,3,4.196728321099644,52.63736727044093,6,6,5,HR,89.1226997297349
28,16,10.12776664642734,4.686327650216349,20.31097302207817,11.720724567384936,2.26490051695319,1.3166985524074586,6,31,4,3.4942772479591375,73.35324609825616,2,6,5,Technology,94.93657630979745
39,17,3.1914446625648702,1.9406118821026264,5.939508657019798,11.93375872022505,2.036396289221935,1.4755678564294321,5,17,3,3.920698417020999,65.31811395871158,4,4,4,Sales,91.47432622586051
44,17,8.670255050140673,4.288773551756277,16.756906156575756,15.587304272703243,2.3423156986509257,2.064178154719095,6,33,3,3.893009039337151,63.60689381490383,3,5,3,Technology,99.90444748054412
56,16,2.8777926402164553,1.1981384653786453,4.254240729894157,6.6215140019831065,0.9972234737771278,0.8468985598189723,3,32,4,1.9117160290292854,80.894309470254,2,7,3,Technology,85.76616693221631
39,18,6.071176673121729,3.051518469312361,8.694327660144186,6.7746385007224506,1.2329489421944575,0.7767973662456272,3,26,3,2.886490203057412,62.99129329473362,3,6,1,Sales,79.83952426293153
32,15,2.871018974654631,1.503398228146963,4.151961181446937,10.670877438010939,1.5373162422265423,1.3074936830572828,4,17,3,2.3921926731701664,69.86363917983563,3,5,1,Technology,87.8915993247777
30,15,5.012611576996422,2.9103243106415495,7.664758194709699,10.386691096590313,1.4467867559663368,1.3229727724569624,5,17,3,3.9705034511827284,52.804218225347526,7,8,1,Operations,99.85558359451231
41,15,5.083211392851119,3.0248406267600805,8.602320555575986,8.134878983917934,1.4850376369715121,1.3989548193048038,5,38,3,2.4992319228653814,45.35031391631766,6,10,4,Finance,99.99425184390776
47,16,3.7448880736479464,1.7830709638299975,5.950804653214394,8.392868881898677,1.3584460066614938,1.1495947234327937,5,44,4,1.6092558415542857,52.465671471134,5,6,5,Finance,99.88979133267898
34,18,3.420010472963362,2.3017212560980003,6.39884738572578,5.594377304348556,0.9750124702699372,0.7076436835586345,1,43,3,3.0817323190240686,48.532506440444834,6,5,0,Sales,97.33076118739038
56,19,5.619414115859447,2.7366521673116067,8.855687360907895,10.325894116564278,1.7540595254674352,1.3986996998666574,4,6,4,3.8024315307750713,57.729363664003415,3,4,1,Sales,74.82253610751421
29,18,2.5304204719239998,1.5043722777881048,7.161256449802354,14.287778362215631,1.8903654920791158,1.7411372717499136,5,44,4,3.2653197031247014,52.2571570213575,6,6,3,Technology,99.9155720928982
29,12,5.711264849027033,2.7050728067369243,12.061721151339617,8.173150006378831,1.232418137644414,0.9471952954029699,3,50,4,3.2915329555000845,41.525708555788086,3,6,5,Sales,99.99594455442225
50,19,4.494270141082921,2.7347472341990704,8.744981458390093,13.895066639717518,1.6085550525600927,1.7097290298127101,7,22,2,3.8080358304095125,74.55026160843818,8,6,2,Sales,88.0921309481214
36,17,4.500277765717398,2.5104235653369997,7.920647808957419,6.273826292254061,1.1778708043505866,0.9897869502131479,4,22,5,2.9959710591155955,72.18976666514055,3,9,1,Marketing,78.18508956439615
32,16,3.2957947780176915,1.4233954689536013,5.6020163900554465,7.250376330514424,1.3778997752437618,0.8998879483176219,4,11,5,2.7814291956339177,44.45870469339447,3,2,4,Sales,76.14244678507848
39,18,3.8577488031864666,1.6633935929699293,6.291323592988311,6.240103192848744,0.95364200773794106,0.8701929763476954,3,35,3,3.708212926785852,59.46761495760932,4,8,2,Technology,92.10852458874497
29,14,5.019845813004391,2.074385341873438,7.41998313324281,8.988695307810648,1.827315438236145,1.2692875996756967,6,30,5,3.516134021957088,71.90775060565318,4,7,2,Technology,100
33,17,7.487983148976457,3.4881417630176776,11.680305572585063,8.77590299414927,1.3498841808932958,1.184669024898204,4,13,3,3.1357045324648842,61.99664922731775,3,4,1,Technology,81.47193949889184
40,15,5.580670013422683,3.105058112100082,9.772916552695014,13.788188382771908,2.785219610207557,2.3522205750246004,6,30,5,2.8125736573489704,78.49115628011248,6,7,0,Finance,94.28506169640272
43,19,4.8746046242114796,3.1050570437009823,10.048399291175555,10.101883215094496,1.4881925053564118,1.0170384016733585,4,45,3,3.6013821791534264,63.42716398737855,4,5,4,Finance,100
39,14,8.558800357113462,3.327130839462734,13.571665284647844,8.585345476788826,1.3289833815065364,0.8978436091398131,3,22,3,3.6802226549240955,49.5096453694107,2,4,3,HR,100
33,14,3.4559302268924537,2.5349292274282296,6.724512681779162,9.55721214655023,1.6054922858490681,1.2490504048637538,5,38,4,3.6807064553652453,85.70106553452919,5,5,2,Sales,98.55146447411543
46,16,6.457050395289521,3.407709464211573,9.458791264682286,10.699722090596808,1.7955715847856724,1.3301492732510585,6,41,5,3.498964149282094,69.85834738749872,4,11,5,Sales,100
38,15,11.879215268771517,5.4955988020422515,16.874545280859806,16.12785552005496,2.7597318712528596,2.653590619330065,7,13,3,3.524190724347034,61.02093100535834,9,8,5,Operations,81.20529337738607
36,18,9.655721499469808,3.797264376933142,13.644524712884337,5.538202498059254,1.1251413124543062,0.7231547160969458,2,24,3,3.57566214894483,60.71174263976044,2,8,1,Finance,98.37321291609786
22,14,5.631811028276739,3.002140871417057,10.880495363593349,6.750529310415808,1.0117139954803636,1.0950172013064807,3,29,5,4.616828409268663,99.77546524692275,1,10,5,Finance,100
31,15,3.211615567412364,1.9932013723331785,5.616494530925843,6.185163556622072,1.3063676581291692,0.8255702687221761,4,36,3,3.294004639908209,59.5354456851532,5,6,1,Marketing,100
39,17,6.138821948659139,2.6921431002626437,7.2701371925277956,11.983451369994752,1.67563954041189,1.574718677898735,7,27,3,3.2286239644045502,53.435037984623584,3,5,3,Technology,100
36,15,7.453794046155425,3.368604299443068,13.021718575987604,9.228961889968158,1.3205642996594054,1.2527163790886027,5,44,4,3.316074477558015,52.62681199592445,3,9,5,Sales,100
36,17,5.466679806723091,3.1734713452334824,10.674081372257515,16.898959196934683,1.8120889142296501,1.735870969094252,6,33,3,3.321945496260068,28.53304193914037,4,6,0,Operations,99.8599452733308
38,18,2.73962803351596,1.9851336039333864,5.020025589534468,14.75160521742916,2.256235622445358,1.928604162876535,7,22,3,4.005394178280411,84.03558752468248,5,7,1,Marketing,96.90302143496011
26,15,7.068088549067225,3.332181649692274,12.891912791099331,8.486869106024862,1.4754964290687629,1.222669138480193,5,45,4,3.395942326391169,67.46111002862692,3,6,3,HR,100
42,14,14.253204042104542,9.11613410912779,23.229291079014875,7.571867144536378,1.3710419144744548,0.9186752943381322,4,21,3,4.410060404904712,57.88225816039797,5,6,1,Finance,99.96280642700911
41,20,14.11102484543328,5.993571170634714,17.38763239195511,18.009859317740954,3.46128052056339,3.1809012002119363,8,38,4,4.189743249003769,53.53235485605668,6,7,5,Operations,100
42,15,6.489916026073103,2.740350470995749,8.424473151327069,6.786885562253411,1.5659748078867894,1.5305768722392612,3,37,4,3.1946629625098786,55.59928515288687,2,6,1,Technology,89.99928108941499
23,18,7.5843326698877735,2.8900079753598256,7.746979300961633,11.45747912474272,1.6450312500228665,1.3003762319933359,6,46,2,4.113663928694609,64.43774700958987,6,9,5,Sales,100
22,15,6.0895603655288,2.6148118043063646,8.627612176857278,10.053521770645398,1.885175607958722,1.2683866898395688,5,35,4,2.3798657686916203,60.55309064155105,2,7,1,HR,99.84049213235643
35,13,3.554639923387642,2.1113268736185136,6.77190562660497,14.392836498520449,2.5046731549238226,1.7382997112767502,7,36,5,4.086023851709755,83.03838093711384,5,7,3,Technology,94.17859671277577
33,20,4.783788784918575,2.2634507617652595,8.231942203593944,9.763996939430685,1.5242817032055935,1.3830047314732872,4,50,3,2.512214820993379,67.42395792417301,4,10,2,Operations,100
44,17,4.167492342056532,2.28989978657748,8.978851981360208,11.94499148583931,2.3282869457139315,1.624857779295691,6,15,4,3.199882141498176,37.038540697214295,2,8,0,Finance,99.83919975144235
28,19,5.662827797227943,3.9109614136854822,12.880238907119157,8.868936264143944,1.3925696936472889,1.103407262512645,4,10,4,3.5935017924770687,48.4871744897848,6,4,5,Operations,83.36752364451279
41,18,6.467704576531918,4.061780107145077,10.21096385781022,11.381096324298323,1.9590665335218824,1.5315865738603274,5,16,3,4.722916100894787,44.93981225988043,6,8,3,Technology,100
32,15,7.1634333075179075,2.9111166835867603,9.805673296381757,9.482783601608503,1.6458960969322762,1.61738543076421,5,49,5,3.3794314218222725,64.78071534353296,3,7,2,Marketing,99.82986146359883
33,17,4.412930414136057,1.8897670557377502,4.850307013538321,8.225643744805591,1.3556837601028513,1.227913397819242,4,47,3,3.4902656733073996,72.38543196972887,4,4,5,Finance,98.00746674468326
40,15,4.356573179408108,1.6794404203073152,4.772060378178167,5.599895658979553,0.8836050279995968,0.684069880876918,3,33,3,4.5688801244750294,48.6327898635685,7,8,4,Operations,100
33,13,7.328722308244558,3.5850823176685065,17.52017001135125,5.823606914533225,0.9155771717756818,0.7638960349462969,4,59,3,4.412699413528734,81.7866922454504,3,5,1,Finance,100
43,15,3.5629536918736675,3.5154034775805347,11.192141714876897,12.559266982498768,1.9318397144512345,1.235815946178059,6,30,3,3.597581403069839,63.76362438324894,4,5,1,Technology,100
35,16,9.625219672860181,4.2649248436216265,16.1850631572927,24.52891740625315,2.8632673350328877,2.493023376729954,8,15,4,4.202868659192349,28.61760015094713,4,3,2,Technology,99.19136192421924
42,15,3.4317881056670663,2.791558762608808,7.840287151792426,7.1323684308615665,1.4035160762397982,1.094850688772,5,31,3,4.81562044379294,58.338224640463665,2,6,1,Sales,93.02837314914746
33,15,6.350120465079973,2.704392611474082,11.629704785205831,8.814523906168596,1.4396751777371433,1.2614252895456923,5,50,5,4.211729921533899,71.42623103496481,4,6,4,Operations,99.96728676192332
42,15,2.149276722157525,1.3864497999409144,4.168119925284719,13.582403364388435,1.5804195069162497,1.931565228465511,5,42,2,4.471881278634009,62.910179808467795,4,6,5,Technology,99.91822474698162
26,17,3.571454343243866,1.6248854343711867,5.161512914013907,9.997922270725406,1.02207509716068,1.302707161224979,4,47,2,3.906920444283282,66.07851688856114,2,6,4,HR,93.27716226069879
32,17,6.901796262879819,2.2034101725333057,8.589677493787537,14.088792511384387,1.8844081421397554,1.4355406444656862,7,25,3,4.484378310046408,59.26702835087339,4,6,3,Operations,85.78783267165235
22,16,3.5061735792659263,2.2161177838081465,5.926964786792535,8.701482763080515,1.2981044822818533,0.8915354782373819,4,48,4,3.629180865117261,51.110851190493,5,8,2,Operations,99.97604055570183
34,17,4.516324789290438,2.8772975445499536,9.384986422309584,9.670752646738565,1.5652266621712636,0.7945373176905748,4,50,3,4.511016870445127,27.260207288890552,3,8,4,HR,99.9724405587724
50,15,8.875751198369173,4.13005298928622,12.847663476551954,11.802730651364113,1.3565470938061508,1.4901614201504512,4,82,3,3.0266969591157897,62.970948614229805,1,7,3,Operations,99.9743290739582
44,15,16.481918184435457,7.365619947552437,24.121052344193796,15.381411096060043,2.0091201672850176,1.8246840512930524,6,67,4,4.405746702733603,69.78517316602795,3,8,4,Finance,100
37,17,8.063646776693384,4.314113491857695,19.92959597749823,13.44940677771586,1.8035606306678365,1.6412138131719114,7,49,4,3.4008510622704375,77.42489603409939,3,6,1,Sales,100
22,16,5.074473887382783,2.8176210532011274,11.450562142501811,10.845528010127683,1.9092714660934043,1.5794433754473178,6,36,4,3.5029761200703287,49.106526521173,3,4,3,Technology,99.95504976989027
41,16,8.30372203912112,3.8004149700356535,14.677214892758387,9.386837854213326,1.7676272723329964,1.3553737970320305,5,51,3,3.7849519435880414,38.631295213814376,7,6,0,Operations,99.98766802658831
33,16,3.7412275767957817,1.7820249105116994,4.900842198735199,9.905974276140602,1.9961168313292224,1.624268664892584,5,20,5,4.309208815461826,68.71136421999485,9,7,1,Operations,86.60566799320657
22,15,4.638143861754915,1.6973360209220747,6.238887279970284,10.569134528573608,1.7147602985750472,1.3686609207622316,6,12,4,3.8855663996875935,50.76003221434417,3,6,5,Technology,81.86873759613441
40,16,5.274766667402006,2.296484786433538,14.494287198571481,7.915817145173761,1.2515554920675913,0.7570287407160194,4,17,5,3.291350780348203,29.863398077255866,6,6,3,Technology,95.94134940348246
37,15,3.43258099962305,1.5674173917849235,4.646899943583956,11.123453985355308,1.4976389904319685,1.1761649241114047,4,15,3,3.4888881400028677,56.26273739442612,2,5,0,HR,72.61111411087262
29,17,3.3178591435551374,1.6241831859523883,4.352447831980165,15.650952249656942,2.017553051878326,1.9092083652446619,8,24,4,3.003046224808019,77.72254588978997,6,3,5,Technology,87.72522735621251
28,13,6.130551033294138,2.074852190745431,10.22254653275784,16.061280497919615,2.2718108204564538,2.144061847139852,7,44,4,4.67765317955002,93.9195551439011,3,8,3,Finance,99.94908772384942
34,14,8.243625675163589,3.8784865253772596,11.91235781819625,9.613582101277391,1.6968790861889254,1.3913140101089427,5,44,4,4.989303851682582,39.12871389117085,3,6,0,Operations,99.92888335237468
48,17,6.032196694275909,3.583094717825325,9.884022593604687,8.170668486026907,1.4989992545942405,1.2248728077272777,5,53,2,3.521226664262767,82.9656347099463,4,7,3,Technology,99.98816105258098
42,16,8.145432543640057,3.3102043329342408,17.426401778220917,11.747405939413744,1.8936147051918157,1.4850343564141666,6,20,5,4.194747513052566,44.76543866696911,3,7,4,Technology,95.69959130637926
32,15,11.933763143565571,5.407618941879543,18.70222844588664,10.991666278735897,1.5392902670012676,1.2755167118517396,6,18,4,3.175776683440762,86.35651350589846,6,5,3,Marketing,100
32,16,3.21675647432732,2.1837127566112056,6.734481481789913,6.670310942529519,1.0700468237177738,0.6265349273295846,2,34,3,3.6208690966286645,58.04786392412141,4,7,4,Operations,98.56629929839134
35,20,7.436283219801659,2.7051037253647827,10.747942842712519,6.920316520179419,1.0187019106603235,0.9905436161787838,3,57,5,3.5047999256689044,90.38200890301336,5,9,1,Sales,99.86690302263202
36,15,4.700391442267975,2.005240343690453,7.879412133763882,10.373693601990425,1.2802848603925052,1.0654486897371276,4,18,4,4.086337549375861,45.89889613015902,3,3,3,Finance,91.98929486958006
49,18,6.495543710894906,3.9919378686800155,8.815547321803242,8.272178812264224,1.23649621321032,1.1320842741162351,4,40,4,2.7919328505693515,95.60496133811773,3,7,4,Operations,99.90232650263516
34,13,5.133202851375866,1.761725032699964,7.234291084476861,11.127759029900151,1.6059164226319393,1.628545818309411,5,40,3,4.193176275427457,30.188344305601984,6,5,4,Sales,99.98952062520607
40,18,11.851222335130839,5.068854514407505,17.1246968628986,6.957467242837705,1.2598482737415693,0.9324006006378259,3,16,4,2.9929149881806785,70.99111557575704,6,8,3,Sales,99.96908619177407
34,15,7.093198657995656,4.31664124921222,18.21878257149538,20.766535358623504,2.8391332117434787,2.4494068735529724,8,30,3,4.01397154094026,81.49481993945336,1,7,5,Finance,97.25273884089643
44,17,7.058951972309425,3.0089863682818554,7.98804020635745,7.069520061214227,1.3286707488265925,1.028342854284234,4,14,4,4.878071702890278,56.409665665230385,10,3,4,Marketing,83.58158606476142
44,17,10.284120366181924,3.5079214214864125,13.301222668302628,9.200333383449362,1.54614083326924,1.461201271572738,5,38,5,3.277741481225839,61.009788223950224,3,8,5,Marketing,99.95483235171243
36,18,5.95446950915161,3.677600511834194,12.477868624579534,6.214747111243803,1.061974263584339,0.7469982137509997,3,32,3,4.7998701188719854,77.55047343544743,4,6,1,Operations,100
22,16,6.346102941375956,3.776114195221941,14.580617434241708,10.935704399970215,1.9564556159626427,1.1365322964479478,5,46,2,3.2207245242586895,59.06384797061727,3,6,0,Operations,99.88326055034277
30,13,10.451850225063241,3.499785700249942,14.365651119563287,10.406777558252854,1.7230436888310394,1.3432834313858888,5,17,4,1.6992569942049498,49.014040526530785,5,6,5,Marketing,100
37,15,11.48927331769748,4.304646564052728,14.671205605480141,7.020427253477312,0.930053628859848,0.6826980692917212,3,27,3,3.9982367203935856,25.45671366526907,1,5,1,Technology,97.51814777495483
30,19,3.9512977792793222,1.8274114431932422,6.386382727689952,9.303098348742278,1.6951004666037284,1.3770352671737787,6,17,4,3.297489411142833,64.04746053347216,5,4,5,Sales,100
24,15,7.059070329623404,2.791473250272655,13.153525292606865,4.224318561489253,0.7600783589231169,0.5911867743001268,2,53,4,3.490390788687247,60.545312731375454,4,9,0,Technology,99.98052687546458
36,19,11.679000928169865,4.3951194826384326,23.828614797189807,10.917919726591816,1.8948775966878706,1.364105999773297,5,13,4,4.40509821619649,64.66010754470322,1,4,2,Finance,75.66386260010115
36,18,3.278098282770639,2.099655036290724,5.071506499436651,5.80307039208838,0.9913606178930083,0.8459746170383121,3,31,4,3.21383030511615,24.047021442798375,7,3,2,Sales,79.39794149181604
48,17,6.879679854675987,3.6235550530321876,11.419069087468046,6.1690868937949,0.9339451752734574,0.9446343425459609,3,13,4,3.7065990306021925,72.83453822240824,4,9,0,Marketing,99.17885988028704
24,18,7.1874811687288656,2.902231897523999,7.964390351524739,8.589508216044553,1.3153332898861114,0.9600030381325401,4,63,4,3.4698223763162095,79.17865589594867,5,9,5,Technology,100
30,18,5.171130070627379,2.1852740294943116,6.4126519332075524,14.328497037799034,2.806152613339041,2.3009102454520782,8,25,4,4.596127237023924,64.02762208213726,1,8,1,Marketing,99.30356369437573
40,16,4.21105479021655,2.992961091892448,10.78466598203051,10.966566226786128,1.9678000984324637,1.23868271079445,6,25,3,3.494316207431622,79.9258018257516,3,4,2,Technology,80.75150001633975
30,17,4.042024842358947,2.8841161316681387,5.444281007876475,7.729031379752524,1.4919394785711668,1.1824163688279414,4,14,3,3.310405049225286,54.36194108323456,3,7,3,Technology,83.31139033526486
33,19,3.280996920978365,2.4209514821407163,4.285284660895225,8.792350524467222,1.5846259006538166,1.257455261201291,5,32,2,4.694820539785628,76.98087862484972,1,7,5,Operations,89.28025746864829
35,15,2.482774892315645,1.7293250971760001,6.141409072960107,9.0214375270283,1.2658881342956207,1.2707860771889066,4,24,4,3.1005322563637137,67.59310637638836,5,6,3,HR,100
31,15,4.071690200013656,1.8437459940698986,6.824777814393863,9.850328851621772,1.4222289191166009,1.5699093659067935,4,10,5,3.5736623635988454,78.3223168582291,6,5,2,HR,83.7354872749576
35,14,7.627058163662919,4.085191629397085,11.73798674182899,8.51004212809199,1.4818079355492364,1.1502631163626067,4,19,3,3.50806777552983,64.51810286240297,8,7,4,HR,82.29375407562786
37,14,6.481443954789155,2.8157473234906973,8.856805255576147,6.415338518115547,0.8018952558157072,0.6342727086084732,2,32,4,3.9087663548806035,83.02629943222806,1,8,2,Marketing,97.0559989124527
48,16,6.208356848995906,2.616982165663252,12.163087434951585,14.169493763177757,1.7928246291873113,1.675705424344837,5,5,5,4.889494343260461,54.230532386556604,6,5,4,Marketing,100
30,17,6.3098089719149915,3.9962638202104,9.71779619308444,7.470262837126141,1.4230322192489515,1.1438959679386351,5,39,4,3.9121642938321792,93.4340613178131,5,7,4,Operations,95.2453810333547
40,16,6.314972039777956,2.3877069773779986,11.03855426670208,15.247508940049553,2.5441553191734547,2.1180816478552096,8,22,2,3.883746877995204,66.49439806721097,5,3,0,Sales,90.85121966408748
51,19,6.25993898542609,3.5197295529476467,9.14976185506522,5.729867669567411,1.0619550963698499,0.8251033952502781,4,37,4,3.9940239867049696,77.59973015248279,1,6,0,Operations,89.8324755838865
42,18,8.328852721242637,2.6057997471481857,12.296038162241265,10.292800724597978,1.5062740579873477,1.14999916551928,5,24,3,4.821756581143206,55.30371928019002,3,7,0,Sales,100
43,19,6.102844771351756,2.708850410702673,9.471920702498359,8.459618454009405,1.2372048831691322,0.885624435116277,4,10,3,3.218029053458,60.25637316013146,3,4,0,Marketing,81.8517437706342
45,17,10.453141570717701,5.503914522730959,15.01313358157093,8.851532772718828,1.7059122205192083,1.203000222282673,5,28,4,4.40082198236031,58.69423810932751,3,6,5,HR,99.95920152415754
42,18,8.938604367050987,4.4753202765540285,12.829445648269107,7.939098046631601,1.1981213393830588,0.9447150704934234,4,13,3,3.821443506044169,69.97581239685714,3,3,4,HR,92.01693587445294
39,17,4.176167408431976,2.3801427891857494,6.573716746064786,6.167561893061093,1.1683552673929078,0.9196196288379229,3,26,4,3.9107872393426453,66.31022188094767,4,5,1,Finance,93.55470538035112
34,18,3.958629738167837,2.3178631546739137,7.243473927684024,14.138908537713178,2.371689648913546,1.885742730235447,6,40,4,2.879812582324518,80.88911118347795,3,6,2,HR,100
38,16,6.708145772747785,2.677891467450054,13.426593804291633,12.796249035625586,1.763425937325265,1.416916213502011,6,17,4,3.603158979789188,68.10957089818375,2,6,3,HR,96.14457784497598
32,18,6.7680865726464114,3.884875871126759,14.680877845198522,8.822108038740286,1.6896172753682697,1.5793819384088525,5,26,4,3.8913553923037267,62.138172489504946,2,4,2,Technology,99.8549439844157
42,14,9.451164245400445,4.504523634023704,17.407364215607885,11.232764657004761,1.5209813771681997,1.4832834614943509,5,27,2,3.892770386847799,56.47488410508499,5,6,5,Marketing,100
44,13,5.033023138367805,2.516076695054579,5.119861686312581,11.217052874977238,1.7760323725301217,2.3481784021321337,6,22,3,1.6198507454717834,56.5138393806362,4,7,5,Operations,77.57332100482303
42,12,11.279668340837693,4.343040429068789,14.062907075264109,18.016183943491246,2.8705082290842387,2.388838220618595,7,59,5,2.6159100817335603,65.7760202160113,5,8,0,Finance,99.84766855293616
40,15,6.871127508803904,3.424443113577186,7.062991083004276,11.392784872842334,2.25524794800257,1.5494570809925283,7,20,5,2.8118251040863305,46.209485597852286,5,7,4,Finance,99.95690922772414
41,16,10.75013427630157,4.726300765453814,14.8633958273679,15.487499238986931,1.9808910437148652,2.0119277633272237,7,34,4,4.103537689369581,50.586289211129376,2,7,1,Technology,100
27,18,4.7767019022069155,2.094037599392463,6.855320161393813,16.444894275445044,2.583943899214392,1.7054654132185965,6,68,3,3.60763578642732,82.23148524164228,5,7,4,Finance,100
39,15,5.6242107016915766,3.6295952018969087,12.14105194022342,5.05303803273706,0.9676373052869123,0.6817138917304886,2,30,2,3.8028875126137294,55.78644524756725,3,2,2,Marketing,93.64234362465842
44,12,3.620464731929101,1.6798820084358292,5.1190526507817795,11.414383555940047,1.4270690625477305,1.1515010035236242,4,30,3,4.999169299109682,70.93535773651337,2,6,3,Operations,99.06848846156566
45,20,3.917526472210525,1.8615284784157033,9.165062080758469,7.9557693721428775,1.4158097209592932,0.8824901649147552,4,24,4,2.821433468336046,38.913902039448736,6,7,1,Operations,100
22,16,5.316190315555944,2.305973535950756,7.3104238352137045,7.687941484927094,1.1795683817121065,0.8508203395797572,4,32,4,2.485536302378701,72.35793910770093,7,6,1,Operations,100
41,18,6.490703987566418,2.7997202344481367,9.267778253086734,13.612127998347729,2.1956771752448727,2.116194345740418,5,20,3,2.1063368583504927,51.12732676134313,3,3,2,Marketing,85.67755544175938
41,18,3.56377322050229,1.7264109427296896,5.028405098989844,14.062467648499263,1.5922579776235795,1.508309687066482,5,73,4,4.318688781016236,66.56734044988185,3,9,2,Finance,99.88144630953234
42,16,3.5796615167684442,1.5692498686449612,6.683392375162885,14.243122763911149,2.1889696555776603,2.0551631422842824,6,37,5,4.624838210806445,33.94483716086865,3,6,3,Marketing,94.63963266933911
31,15,7.301255739862238,3.694867582590601,12.910694318346382,9.837743218130646,1.234081362013335,1.2026403322065207,4,37,5,3.6094222692461413,53.973965324753806,4,6,3,Marketing,100
26,14,10.115069555243535,4.826053882878202,13.804628369351805,10.843856557526887,1.7013788587929777,1.479080591987533,5,30,4,2.29194066511001,71.4985540244076,2,7,3,Sales,100
40,12,4.555844051688241,2.1976079785578855,9.834516741079234,9.388903700997457,1.3484091770681499,1.1176535613022576,4,42,2,2.6867452150270346,53.00508516464158,0,4,0,Technology,96.31178419131031
40,13,5.328245338131769,3.3106800130954577,9.353045998867213,10.549714741658024,1.6062510182132677,1.5589106184364496,5,25,2,4.212940333357118,52.62564234938846,1,5,1,Operations,93.82387479184683
45,12,4.76589033240854,2.659942377753525,8.300445954422301,15.783998047924758,1.922747940140061,1.8078360759952348,6,32,3,3.809091203929627,49.52746084544687,3,6,2,Marketing,100
41,14,5.557230754430451,2.9912065407076316,9.11607679111782,16.188556658943682,1.756620510721839,1.4525909375492239,6,47,4,3.496544161995141,52.91928621789109,4,7,4,Sales,100
52,15,2.591925621000987,1.1083866253745194,4.231544867994848,12.540572231095739,1.4628473843529732,1.3780334245890775,5,21,3,3.900859049195296,61.516156585856315,3,5,0,Operations,87.75946981553696
36,16,4.988495830669934,2.470107788120497,7.259761901073975,7.598174727182072,1.458438414436934,1.1851331074675393,4,33,4,4.10698043586148,49.18713606388853,2,6,4,HR,99.72008394364367
50,15,8.055825119418996,3.7871411838126163,9.459994796236069,7.497377051623738,1.28481177176114,0.9274076769532608,3,33,4,3.9030648636844947,39.67601970213165,3,5,3,Finance,99.91718772455069
34,15,5.6681054335199725,2.1434665786251816,8.683639910209257,8.37157689037443,1.457741732442409,0.9170674030023583,4,14,4,4.195201971608403,52.37316679150087,4,5,0,Finance,99.90660216957656
43,20,3.9499801911668055,2.0995729873071736,7.230588396979257,11.11341655090859,1.8965919548436208,1.0672273440362428,5,48,5,4.431157363142385,61.5585442164036,2,10,3,Technology,100
47,16,6.653546122357805,3.0902851188971736,7.26563180366046,12.314873003810943,2.637139434968238,1.951230338044576,7,17,4,3.9018560577515835,44.86089531414514,8,3,3,Marketing,80.92432040032843
22,20,5.347113691080687,2.586259486630185,8.795129427852949,15.095803777813591,2.67708615231456,2.452654261300056,8,14,3,4.094030590323907,73.22933803327649,1,3,1,Technology,94.45110114349599
27,17,6.163349470619146,3.8914746048918154,16.079517560863238,10.177537730137509,1.4836705161223132,1.4958624800511011,6,37,3,3.2792788201194227,78.27695837948134,8,5,3,Finance,99.8009466831956
31,15,6.790363448521434,2.487939968454952,10.712927479641708,9.629691389216637,1.4947114705713749,1.1781283075317246,4,22,5,3.9006499575517974,59.74222251008134,2,6,4,Sales,97.62343954248605
43,15,4.455366190036463,2.5723167813416765,6.877264306317177,12.657941007708395,1.6643181701023753,1.1697995003927544,5,29,3,3.687529802264255,54.0515079712091,0,6,5,Sales,100
31,16,4.3304388883037035,2.515955099723786,5.7527971786300345,7.1429933158262315,1.3128595099682663,1.28833725386881,3,24,3,3.586045984200148,69.59970935372624,5,8,1,Operations,93.9985456526416
34,13,6.380864651010596,2.885086221488499,12.56820370375358,8.455229266355474,1.2398725768924326,0.8380725483834995,4,65,4,3.498541164752612,61.7151244984303,1,7,3,Operations,99.95748525185296
31,16,8.330017038552086,3.8101100712831624,16.025636446058193,15.055313208656536,1.787716267280605,1.7620667098086078,5,39,2,3.2828226646544936,63.005900805207574,3,5,5,HR,99.91510585426668
45,15,3.8132488698255824,1.7656641565587259,8.129866483849156,6.5378560168185516,1.1331534776899734,0.6230847240537749,2,19,3,4.579585817527671,42.7532342134557,7,7,5,Technology,95.90457296088519
40,14,4.737994423899358,2.5599726815912023,6.017007892662511,8.394799223797461,1.1150214910461858,0.9905173417919055,3,38,3,3.8014054863356366,78.30979352749068,5,5,4,Sales,99.90453796665588
26,16,5.205340353847825,2.76001877849659,10.306284697574222,9.500095540904413,1.5389353146219409,1.051003372364579,5,14,3,4.566907957783735,90.88613764072556,5,6,2,HR,80.28174950717553
35,14,3.702411805398708,1.9882281749629405,7.008183796703664,7.869575278604111,1.5001764636689592,1.0958696790232494,4,61,3,4.695744634120108,66.16929239483132,3,4,4,Operations,100
52,13,7.307961054357218,3.533858987353982,11.97606961233243,15.864552434925933,3.064856634543299,2.2172074202700203,7,14,3,3.0340361002892173,53.02817163154615,6,4,1,Marketing,80.16532200877994
44,13,3.7224429743330902,2.230862129132581,7.157046207513233,14.194741505188775,2.139942909763564,2.0314985013968463,7,20,3,4.3070423674784815,57.30085101877528,2,4,0,Sales,95.09795120037789
39,12,5.336564044818889,2.998268866042698,9.934760647987979,14.181709355495842,2.126902660162313,2.8015894195678914,7,24,4,3.595757877383948,41.28993952796891,1,6,5,Finance,100
38,17,9.823472563412508,4.997295806661711,13.359931334080937,21.013513850834283,3.4594933708853035,2.837678042540788,8,7,4,4.604588758416057,64.89124239442195,4,2,4,Sales,93.77220282503683
40,20,4.199945954719166,2.292132576359304,6.3155655038762175,6.956163889358899,0.9915591131804841,0.7074299867718553,3,7,4,4.412471826475001,47.16391995315341,1,5,4,Operations,82.96727888931191
27,18,5.1317233319968985,3.7740791824901327,11.106726815911344,5.645672668394301,1.0858785893169514,0.6868077933071238,2,9,4,3.80675045405055,55.049010649230446,0,4,4,Sales,81.75980953319396
42,19,5.7972808762828745,3.3907754715641216,11.672073177016303,9.342854318908,1.3386597400650935,1.071556023633288,4,27,3,3.9957778977867546,38.70196154495453,6,6,4,Technology,86.52700376466068
24,19,6.082573267586202,2.790478903120929,10.999168290061395,9.883411992961651,1.3140043689710845,1.255056462696957,5,17,5,2.888957574368215,79.35548743439449,2,6,5,Sales,89.4010748910627
33,17,6.070954568503012,2.7814240905727496,13.30275950188465,10.948183928947794,1.5724291761949019,1.3193035397479245,6,11,3,3.18959872615637,45.44679237401973,6,6,1,Technology,86.78429233916579
35,16,7.642569139520187,3.8194135308775183,10.399578804512016,13.362408650130197,2.15656577717963,1.9064469932509809,6,75,3,3.2004366277494367,67.51929307284993,7,7,1,Marketing,99.99858702686902
47,15,4.984477168887034,2.3915016006408214,5.614547596437023,8.772427667737649,1.5199271152788514,1.357896389917624,6,16,4,4.39002020167801,36.787966718357694,4,9,4,Finance,100
35,16,4.4374624237056235,1.5843292026377753,5.928800273212296,14.904999124947112,1.9983292395890975,2.06085993130782,6,18,2,3.7807736270850913,69.57779145539435,3,6,5,Sales,98.67376562102686
37,19,8.403211200503668,4.2354367352761875,19.910265692681214,9.275311398826126,1.9695653512896663,1.5152125389729296,5,28,4,3.3975991382725867,64.04377156696337,2,5,2,Finance,99.61534095851565
31,15,3.758135387915392,1.802230552072107,4.377233034194798,7.208449614515293,1.1423496259225092,0.8668564454381966,3,17,4,3.6922296051885763,40.20537553666903,2,8,5,Sales,90.16082861297319
33,15,4.622207488065647,2.1119178761908266,7.47454881660413,9.529677789604373,1.6811115513038952,1.2818025672556774,6,15,4,3.63460904502779,72.5363387908967,2,7,3,Sales,97.14192834555784
26,19,3.5042967115543817,1.9786211967974208,6.225756183307604,7.387695977005288,1.2815150684717285,0.9712262254467582,3,22,4,3.7072054773938,47.564945292665854,4,8,0,Marketing,99.57679660504819
28,18,5.439254577737379,2.618073262855794,13.591014832770771,8.877277549971492,1.6586905684176123,0.9621195883906902,4,23,3,4.527051933950435,40.43662103228834,3,5,1,Sales,98.31180941488643
29,15,5.132196289389013,2.7271555978495337,7.855068608701729,10.452320434839143,1.3844627785101131,1.0616109472513418,4,32,2,2.598789172007777,40.523259722102296,4,8,4,Finance,100
25,14,4.994279004164599,2.0233182774162772,6.690891177044107,11.540303792272596,1.9150012088603368,1.4122091235084093,5,20,4,2.2891801646220653,53.672697096706436,4,5,4,Technology,99.96760996358563
43,13,7.113535650255503,3.7990268966544343,11.215332875786805,14.166268706787523,2.0094090676234933,1.9478356870149989,6,22,5,2.4089640246719277,68.84045132390617,2,3,4,Technology,91.67970551978902
44,15,6.239762607572204,4.1109216550192045,16.27005131249445,14.453950359789413,2.245209210184302,2.1659129890759363,6,57,4,3.5018275537898433,21.971553731649173,5,9,3,Finance,100
29,12,3.9466465374319295,2.062937726299647,6.662579587140073,8.411810377986212,1.3984753575461197,1.002688680430065,5,17,4,3.9850945697779543,30.18244936120348,2,2,5,Operations,83.13777851629332
56,16,7.66324713268222,3.083217689371498,13.018193397957184,8.691255194707303,1.5198313510977708,1.161252227521562,5,49,3,4.4046836551106985,24.43408648382156,5,8,1,Technology,99.99377703968696
39,15,3.613532272013596,2.3735352994883794,6.780883958972055,14.656656016991448,2.6458049547240163,2.3019969889379808,7,31,3,2.380153563772732,62.753240630102795,4,7,2,Marketing,88.6166731699576
43,18,6.345629917649687,3.9109493020653487,10.346739135306217,10.721990979286831,1.8834135887774581,1.807124412726814,6,27,3,3.7157176780658463,77.68988039373515,5,5,3,Finance,100
40,14,8.155194637410611,2.4034123778956507,10.644829282404759,7.249535462471171,1.2887512785508766,0.8957736880209307,5,38,2,4.984989388138353,65.51212551377796,4,5,0,Marketing,97.23969890596766
30,17,5.136663312491681,2.3796396699659645,9.18873026281365,7.345591064004542,1.2356268701227535,1.057486705771954,3,22,3,3.9177934395283724,46.77306632125509,5,9,5,Marketing,100
32,17,6.289984964811083,3.380141983551006,11.240950157670369,10.247286125480155,1.5607960310479154,1.554703227669265,6,13,3,3.1037956581482056,91.83896451193725,3,4,5,Finance,80.93489160391336
32,16,2.4680426974198992,0.9770814258715051,3.7527694241318237,7.82706138238021,1.286575018451101,1.3878627127130472,5,38,4,5,49.817181279890775,3,4,0,Finance,94.43141689597674
32,17,6.043761680694973,2.8105256698132757,6.117335229619669,8.570184305482094,1.356385909604657,0.866180571427667,5,23,3,4.112790988624067,49.102922162616295,3,4,4,Sales,95.48435280537655
26,16,5.871219777136584,2.9988257255668973,10.691561056803438,7.263832568713828,1.4642064295833268,1.2670938240196743,4,18,4,4.870964091326388,94.94434839384238,3,5,4,Technology,76.3250657752784
42,19,4.6226728469486735,2.1927897822470324,7.218785556780166,9.384925473669755,1.7142570329558264,0.9037612312394246,4,51,4,3.510007918062176,81.06120907178276,2,8,2,Marketing,100
44,17,5.367767065261021,1.9983012777588027,9.008249529740313,6.7416388705451675,0.8340792985751583,0.7836134859307878,3,22,3,4.5300269165370715,55.08668754941957,4,5,1,Operations,84.72341000775153
43,13,7.889681700507188,2.677636214744079,11.852672930598269,12.608791705642336,1.8085477489181112,1.409072174695821,6,60,4,4.39480230875251,67.4747040543365,10,8,5,Sales,100
47,17,4.1474201257905685,2.5695701417758023,7.1570627597739795,8.53853404326186,1.4361072975887186,0.8590550161089343,3,11,4,2.604432590623176,58.592966999873575,7,4,4,Operations,87.36075753732064
38,16,9.65689079328868,5.318201953398085,21.30009855427762,13.947261878561921,1.7082837103279604,1.293821773939744,6,37,4,4.312826563718274,76.8294080292457,3,8,5,Finance,100
43,14,4.549231814623077,2.675708017050392,8.026022916532463,11.622517292106203,1.6464618823337058,1.5287477567944894,5,48,2,4.075510588538757,72.12272063878287,5,6,5,Sales,100
36,17,3.4252977283925534,1.9913446808904232,6.830473360941587,16.402988366732853,1.9543604970999764,1.843273249901102,6,21,3,2.8931975200550384,49.67408306737845,2,5,5,Technology,96.51500740805214
27,19,3.469017553005354,1.900349237139004,9.387913429471874,12.279978110848052,1.8209204514267967,1.6013728858138174,6,51,2,2.6214272632668587,70.99568437952487,4,6,3,Marketing,99.99437977191964
49,16,7.883129811722847,4.244698229043535,13.998980796786022,15.71518033208589,2.1520730314130025,2.161169208773973,6,35,4,4.112683745196509,54.47552895732676,5,7,0,Operations,99.91511072602317
44,16,8.47147959033847,5.348890704911297,15.239170500687697,9.446513941964678,1.3947073790402043,0.9397273185723574,5,25,3,4.314460955504215,56.89929492249587,6,5,4,Marketing,100
31,16,14.313342466281723,6.913265174743894,28.257420830635244,6.14109039003054,0.9324563170883052,0.7513286006125365,3,32,4,2.9919509045402566,48.30856131459381,3,7,2,Operations,99.80324871438478
23,18,9.54412034875155,4.872876953475918,17.981239180642156,17.029304356023708,2.566296852398107,2.239150840333993,8,57,3,2.099737831927431,77.98926223835406,4,4,4,HR,100
27,18,3.3032951311975656,1.79315219571271,6.609239166888873,26.345532155547804,4.253505837079729,3.3077308459838406,9,31,5,3.306476837998514,43.838563526941755,4,7,2,Sales,100
30,13,4.6631039317873535,2.3963991521463606,7.224478979985336,12.174686928626206,1.9466182468565612,1.472143285307672,6,100,3,3.6055555208901287,73.15001798630695,5,9,1,Sales,100
37,15,6.149805237691475,2.7938123526100163,8.884393706945499,12.301269439471733,1.9826391730437813,2.323842596747115,6,47,3,2.8051495447733954,73.01755927493893,4,6,3,Finance,100
37,16,5.0046635835799185,3.411687983670233,8.898873423303415,10.825288457297784,1.7835877623874794,1.2275777881679322,6,26,4,3.198070631820335,57.41982640765878,3,5,2,Marketing,93.18678393083363
