Age,Education_Years,Department,Tenure_Years,Years_Current_Role,Base_Salary_Lakh,Annual_Bonus_Lakh,Job_Satisfaction,Manager_Support,Workload_Index,Work_Life_Balance,Training_Hours,Promotion_Last_3Y,Projects_Completed,Absenteeism_Days,Overtime_Hours,Remote_Work_Days,Engagement_Score,Attrition
29,12,HR,1.7162968239422236,0.4760226654424306,7.162329252587698,0.6357331197734122,2,3.5126988358869253,68.08475060806558,2.2764297235525657,21,0,9,7,16.985540883095904,2,3.766934150971094,No
42,16,Sales,9.70083466422623,7.0593405333816746,14.687859251634196,1.1395742235407256,3,3.984434505907168,48.80816905347805,4.7287055398122435,39,0,10,5,43.81563120425273,5,4.6335566890592625,No
39,17,Marketing,7.188920677309564,7.188920677309564,16.177085633664582,2.0477429478348848,3,3.4022195170627114,84.53685304992086,3.977825613201713,26,0,5,2,12.928975571364669,3,4.247075988876443,Yes
55,16,Technology,24.41642873268243,5.1834473413098525,30.52504531742601,2.7990731055689597,3,3.99840344260374,73.98863442697716,2.2842549355468926,43,0,12,5,39.23274898428841,4,3.3589499843040143,No
51,20,Finance,16.050615775715404,4.423854356472707,23.111765208684513,4.484058183471017,3,3.28892190312938,35.62970669885458,2.811191821370433,14,0,6,3,61.956926811962454,4,4.428065857979188,No
40,19,Sales,10.478106993991657,1.9137821068519658,17.003982667793633,3.3435090046185727,3,2.700560581390734,58.6647269795594,4.132212829354422,44,0,11,2,43.5935099535408,3,2.6263310306902636,No
37,16,Operations,1.0711879999779264,0.3,7.137052137856877,0.77658871033777,2,2.5968470416413907,52.32984836114609,2.82023024118921,47,1,6,4,40.53632238447949,5,2.3741655540314226,Yes
49,16,Technology,2.6556294414061075,2.6556294414061075,13.893439589355838,1.1032629963753209,2,4.188140097835583,36.20859267439239,3.3046144035768172,35,1,8,4,35.66548140856918,5,1.7097702402587234,No
36,17,Marketing,17.306387630325656,7.044123120322122,16.42369182290392,2.676047628862903,4,4.31096084240762,86.17645416198481,3.8925207322008872,9,1,10,4,24.990469302453228,5,2.4533105302784146,No
29,19,HR,1.973568469588475,1.973568469588475,14.338071084783376,2.411194615927012,2,3.5698716624536555,67.6076533755954,1.0075294737986147,28,0,5,4,17.07077617095364,2,3.513068390052998,Yes
21,16,Finance,1.8936112079314391,1.8936112079314391,7.968990914832432,0.8659388435797176,3,4.318518226091294,60.18445405569647,2.4878984368150854,25,0,7,5,36.53793146838937,3,3.2318227516597307,No
35,14,Technology,3.1825237975185083,0.3,7.430992862104666,0.9403771389182366,4,2.99870373334646,60.349318207682494,1.0127598211703246,19,0,7,6,19.38271749457389,3,4.807534666676515,Yes
21,14,Technology,4.077832189024225,2.2186909110685624,14.746835162365123,2.148081501427867,3,4.010909350890947,47.806115454649685,3.109685465567645,39,0,6,7,34.1265266552123,1,2.573006754348239,No
29,15,Technology,4.283007587498692,4.283007587498692,10.040544101703233,0.6957945218601896,3,2.0050998526120924,67.09158116702069,3.1179638611136853,26,1,6,6,21.30354863405205,1,3.2252540687651026,Yes
30,20,Operations,12.22008837739221,5.64142343608178,14.319484747671185,0.7799992024934528,2,2.9784447171013273,74.12577619499473,4.099616532153664,28,1,8,5,37.81358428622548,4,4.231411815977245,No
27,15,Sales,1.4055619535700987,1.4055619535700987,11.791162665211933,0.6357365921702828,2,2.49584089059193,65.80524053775044,3.512964273781857,47,1,9,6,10.62144445001741,1,4.042012913881747,No
40,17,Technology,1.3811882403592888,0.9577643471180155,8.169941971941723,0.9195555688477123,3,2.4242575726349354,43.560895179718756,4.490552534345819,46,0,9,6,34.814913145108115,2,3.9036512958574616,No
23,17,Marketing,0.3,0.3,5.627449436615849,0.9529898173424477,3,3.12502989512231,29.673982529855394,3.49082553313428,27,0,6,3,19.707682635322517,3,2.604045951809332,No
41,17,Operations,1.2666721873462783,0.4386068787596085,15.476038033342334,2.6583457596235336,3,4.282593095304795,69.65684368869087,1.386484767493801,30,0,9,9,34.16209244895519,3,3.1256785614559015,Yes
34,14,Sales,3.612287893315444,3.381877961749471,6.917419479756071,1.0340762445189917,2,4.208165137262264,57.078187908820894,2.5301800048556653,24,0,9,7,54.5005230183772,4,4.6876124035515865,Yes
35,17,Marketing,1.0734333039093888,1.0734333039093888,7.764664490548294,1.3269377262756572,3,1.3032398110066867,83.46201885956089,2.458827481284486,15,1,5,1,15.642856333022436,5,4.668399647679264,Yes
40,12,Operations,4.952038702041414,4.952038702041414,13.647683351781508,1.5724616450337408,4,3.483754645667306,74.97709368375696,3.2012699298387655,8,0,6,3,41.408633064005485,5,3.8561795117357356,No
33,15,Marketing,1.0922129713368587,1.0922129713368587,9.863990710794393,0.5153506002805162,4,3.001712087341761,72.01463114488931,3.377762648124645,33,0,8,4,17.69569509448836,0,3.81048677777818,No
27,18,Marketing,9.052599867866578,3.6955348231151963,12.773651511967786,2.135081350528797,3,3.5879054588762394,59.9039786996545,3.266061920237165,19,1,9,7,18.994162754381225,3,4.049616315023487,No
46,19,Technology,4.221994634270899,0.3,12.04473640731675,2.415828160769993,2,3.9678931884653528,44.58133952518943,5,44,0,11,3,6.908092024798661,2,2.640287691822828,No
34,14,Technology,2.6297445976734903,0.3,10.226326876314372,1.5035740488586935,2,3.6881567276095804,45.924193221927766,1.3907318145918144,45,1,6,9,80,3,3.2864673298236737,Yes
34,18,Operations,1.6952086536653816,1.6952086536653816,10.061101725707122,1.528144063059315,2,3.491477302060458,57.243965436894655,3.21679007327295,12,0,6,5,25.33792635295078,4,2.6727998637009387,Yes
40,16,Finance,2.365638859678583,2.365638859678583,7.465153335588351,0.650005988435995,4,4.271472559625936,63.68189066236074,2.7285023611870627,34,1,8,10,16.636193114690393,2,3.7673797228329557,No
38,14,Technology,1.5738970209707799,1.5738970209707799,8.54466420240764,1.5037505852043305,4,1.9902736744056382,84.70746142913409,4.00327173388382,31,0,7,6,32.55172456473543,4,3.262810643500203,Yes
37,13,Sales,4.045340709525488,0.8192542141191111,7.728606323719994,1.1324689503003742,3,2.7019599883958496,50.68800699903218,3.176322862394429,18,1,6,4,79.13479708162092,5,3.5142919832822925,Yes
31,12,Technology,5.667654178186921,5.316607761709411,13.260227314392855,2.5845277378378335,2,2.9049834669259784,68.67236862096902,2.809194774879849,40,1,7,6,63.85246301714104,1,3.0258965416475476,No
21,17,Technology,12.198368110867214,4.262871196172754,19.583611843041876,3.692782448935573,2,3.6138633655788626,64.76301088957187,2.6247696215078125,56,1,11,3,2.1907993590644024,5,3.9134622050921823,No
53,16,HR,5.252819883014707,3.919979915382786,8.901974735453674,1.4027510655689495,3,4.000920355920115,86.71069827392199,2.394522214395478,45,1,8,5,18.011118804380263,4,4.437736042705024,No
40,16,Technology,11.647501685920695,7.99939425775292,21.623238849748223,1.3739929430043476,5,3.6026017456817767,38.27124002119206,2.523915842404738,42,0,7,3,22.45837338125599,2,2.140503771223843,No
26,19,Finance,3.9938074597299,3.9938074597299,10.530477516186457,0.6571042993288626,4,3.0875286227508796,41.44376898921763,2.9028074532267523,22,1,7,6,70.64975757118256,2,3.947685916898083,No
44,19,Operations,3.6045898356619106,3.6045898356619106,7.887759107945311,1.0977629252523724,1,4.279585853583329,71.71509709733401,3.9078108579841326,39,0,7,3,62.1366745717833,5,3.7219348068657174,No
29,15,Finance,2.896649268241578,2.896649268241578,9.493474529813184,0.4991656379589969,4,4.888721693847355,40.727742091966945,3.886636758662431,38,0,10,4,34.241829376029514,4,2.849170006472791,No
26,17,Operations,1.1560936535461672,0.3144782478489899,6.8849396137928816,0.8578018529945123,3,4.1958748547149805,46.350733004386804,2.3826315283542,49,1,8,0,29.992678467902866,0,3.0094513748954466,No
34,16,Technology,0.4494933832871599,0.4494933832871599,3.902917069339679,0.726219128076559,4,2.706385267955576,38.221150115970666,1.7835687347469735,32,0,8,0,46.02119291760369,5,1.7751638456934187,No
28,17,Finance,4.869500382085002,3.3173819240606197,11.164663733622971,0.7768030185799375,3,2.8068699147896323,31.114423211422753,2.6988846743242703,18,1,8,2,37.2298392397079,0,4.088332538610988,No
35,16,Finance,2.44283554637958,1.5250931898902806,10.610558262561044,0.6329862657765307,4,3.6066491625312183,69.68667222223084,3.4714770104691026,40,0,9,3,79.96182574453177,3,3.7566199702319722,No
29,15,Marketing,8.999468905208706,8.999468905208706,19.736476694024113,3.1536231372303942,3,4.665928549044013,59.828873847241475,3.9391010964373017,43,0,8,5,1,4,3.245563036253616,No
36,14,Sales,0.3103399414571633,0.3103399414571633,8.821718678733331,1.2396784082497143,3,2.508040748830035,61.64601398265293,2.8726406977850676,7,0,5,5,16.245348332966785,1,1.8078301260611598,Yes
32,19,Operations,2.5429805681093707,2.5429805681093707,10.25679841854645,1.496225209806858,3,3.3754484182066316,68.78499927876268,1.0815047242018483,17,0,6,3,33.81931876843073,0,3.7744273280946445,Yes
30,17,HR,5.343965396478811,5.343965396478811,14.29476411462136,1.0547137532940192,4,3.5096643828251484,30.983561532311548,3.1055090461072403,17,1,7,3,15.569986160825817,0,2.4228851848337936,No
32,15,Sales,9.509540048800627,6.937721337581152,10.353242211702787,1.1075282199184942,3,4.8065066069879885,52.10217446599926,3.4205113185416542,46,0,7,7,14.803896306539766,2,2.9175020695573823,No
44,19,HR,0.46854285837920984,0.46854285837920984,6.008851699932681,0.9301122352439871,4,3.627509805780212,69.99818814107564,4.790964342952913,22,0,8,4,71.97408321084332,2,4.074795664142003,No
47,15,Sales,0.7689172180505,0.7689172180505,7.673610617839528,1.4435224586506052,4,3.4080141152756256,40.77110578603648,4.3352896295324115,36,1,5,3,43.044728930971814,0,2.8109836165168876,No
23,19,Technology,7.6315027840049945,1.9628304127908867,8.384062655850242,0.5504962460713659,4,3.0808205357643015,53.97349062354605,2.5995444796534373,48,1,8,2,34.82079646070194,4,3.9807617348780324,No
43,17,Technology,9.393311258955258,7.110167559758688,10.984153019068856,2.1590651147515696,3,4.201759572539376,70.51702074943658,2.832760037835952,32,0,11,7,31.476724780336077,3,3.534728451672268,No
40,17,Finance,2.1627940358335023,1.5652669171808176,12.693958885390382,0.9903881565986582,4,4.707755025092238,98.41797157985299,3.3916692464060234,31,1,5,5,22.6721947856549,3,2.6230687511731716,Yes
29,15,Operations,3.6523673239439494,0.3,9.837916806447604,0.5589101683222832,2,5,22.44572547460165,2.795536070026954,48,0,12,5,45.95924355954428,1,3.4175820642857113,No
35,16,Operations,0.3,0.3,13.27521476039778,0.8941976331574985,3,3.5243458058767883,71.22302832621065,2.291308469477329,44,1,5,4,12.429950641171407,2,2.625038349709186,No
38,16,Technology,0.3,0.3,6.0707468367805335,0.295938725087886,4,4.775834504642934,51.96263930189907,3.1132633150436475,15,0,7,4,39.88101981648848,4,3.8777670496136247,No
22,13,Sales,8.314357935025761,2.448033098408126,14.99495258416647,1.4132994363484193,5,3.3845653465922196,53.82088739717587,4.531138916492508,30,0,9,3,27.14031999813318,1,4.210469070645119,No
22,17,Marketing,9.157094633292946,7.919467338547123,15.556616434986758,1.1390507481307235,4,2.8013684483270516,63.52138309957167,2.00819557048333,7,0,7,4,14.358849978760803,3,4.11202921043598,Yes
36,16,Finance,1.986674777251859,1.986674777251859,10.74573361788892,1.723698282706914,4,3.4117845108490945,51.60973657941503,2.5257578684732946,47,1,8,5,48.787368562724126,3,3.349386143610837,No
49,19,Sales,3.762208849389867,1.0459450227981397,7.602325727166292,0.8202759059591326,3,3.431580350195306,62.56557503903975,4.097625924065216,43,0,10,4,38.774739164294935,1,2.994230427600435,No
35,18,Sales,9.561347531241108,5.8783363154703725,9.892312396983487,1.7878479772139415,5,4.003071531198229,54.67938357776193,2.9694433405820155,19,0,5,5,13.299303746890693,4,2.7970282554814974,No
29,16,Sales,3.486886407955879,2.219169022914502,9.54934878374854,1.7823725507542525,3,3.7945493091007214,59.02613642662285,2.6763915842460793,15,0,3,5,17.170687796925776,5,2.654551063542678,Yes
27,18,Sales,6.2963934823259,2.3169935315368755,11.075707781103212,1.4995395731234364,2,2.501819869854342,47.156344877335144,3.129657523852389,41,0,6,1,19.174049294155765,0,2.183599843558511,No
29,17,Technology,5.434352149284183,1.0575145688085674,11.045337435057341,0.5756304985720148,4,3.492539584452764,79.32263900191455,4.47838384159307,17,0,5,2,24.55676496270184,3,3.23919732946879,No
40,14,Technology,25,10.32033254436222,37.96470474349168,6.299480992510998,4,3.9192327550398605,76.25461245260385,1.315759630321934,26,1,10,7,49.899226988647364,5,3.9320385722631257,No
35,12,Operations,4.322418539846624,1.6926936184156498,8.74648132032082,1.6579672968935795,5,4.374891727370814,54.05024628757297,1.791554708816381,23,0,9,7,13.36556092144215,4,3.34404866468406,No
32,15,Sales,5.930066004336966,0.9071248626966837,14.037508847521133,2.4496674597769688,3,4.108798039683663,59.748831919959876,2.8808762946797617,30,1,7,2,20.597511944696596,2,2.8708354707572035,No
28,18,HR,5.124005953726346,3.8513565382753394,13.416927006492248,1.1695035124236886,2,3.3738060178389615,68.74506699660546,2.001295230079997,40,0,7,10,38.28639733910151,1,3.1760276351094743,Yes
45,12,Operations,6.908613504716206,2.5361290093974107,11.646909921569463,0.624169769358936,2,2.2719069599959574,52.72233875147933,2.4948594669084168,46,0,11,7,20.438523201847318,4,3.8498188815846315,No
22,14,Finance,10.251739287824108,3.4515319195194425,14.125153526211976,2.5372869913303595,2,4.526460664310877,67.62229529881812,3.698453288914727,31,1,9,2,33.8228034861009,4,2.3138006938566127,No
41,17,Finance,2.044703912111535,0.3,8.025413325098727,0.8758891718602383,3,3.2802393041780227,64.1398644289676,3.518788770856371,19,0,8,7,20.356946677628777,4,3.5917521464139726,No
34,12,Technology,1.6969097818772145,1.6969097818772145,11.266286015553936,1.291823573335762,2,3.20116613957646,47.354271056613065,3.4197703127494363,16,1,7,4,28.971456574634374,1,4.396032989824294,No
49,19,Technology,3.971859039581912,1.552493087636452,8.934160413635379,1.7979993340184877,2,2.7031469725340327,78.0806109230441,4.546812487748665,10,0,4,3,29.3708248764209,5,3.7581816996133646,Yes
31,20,Technology,4.59154023019259,2.8982450878824997,12.328795597539973,2.2250025403247125,3,3.513181276090913,78.33084870768182,2.978228254860367,47,0,10,6,40.90700716185658,2,2.9764003089337363,Yes
31,15,Marketing,5.084378841886534,4.633906818698981,14.23100776077446,1.8155990423353114,1,4.306081296366972,44.728303594719684,4.697038997217048,42,1,8,5,14.073175821783028,1,4.384571361320051,No
35,14,Finance,1.630691937060177,1.0310914919007839,6.789648507719705,1.2139478859737853,5,2.6007120811240174,46.9172379242325,3.2248399222664013,17,1,8,7,8.378905335307483,4,4.322244617589651,No
46,14,Marketing,2.6197424290106635,1.262782144614643,12.288381302310093,1.8875741127499401,3,3.8952565953396867,57.42119731401408,3.088812384218267,18,0,8,4,17.898727392413978,4,4.176870824234305,No
55,16,Operations,3.6302612019573615,2.5009009704287646,10.818223503647387,0.8620856160749111,3,4.833832392490578,47.836116810103306,3.8964245476798105,23,0,7,1,27.80692899206975,0,3.281946073521878,No
27,14,Marketing,0.6614569005399986,0.6614569005399986,3.6126660088148546,0.3738528035386805,4,3.693684743202791,77.84680520852372,3.396232658823055,40,0,7,11,65.76586099140575,3,4.781637131671388,Yes
34,14,Technology,4.107658406216957,3.8016532455514715,12.710726859961046,0.7282124949891386,4,2.962696992353993,88.21190917824761,4.182538663091513,15,0,5,5,40.66797461595613,4,3.5313540136201,Yes
37,18,Marketing,11.936252294259187,2.5740322717310664,18.419743664153557,2.9140900790333273,4,2.456607393184945,54.73646347070179,3.3040385644362935,57,0,13,7,23.39629187310739,2,4.102362028096094,No
40,16,Finance,0.5428445399737677,0.3,10.313848907277853,1.6859307460584405,5,3.108988695398867,34.825914884581444,3.1974136100321653,13,0,6,6,11.572018573752786,4,3.7828798414768725,No
31,17,Marketing,24.894344217445592,9.68861696771918,24.05702725855494,2.3656923114274844,4,2.590230951430312,62.93435020275495,1.69643433857218,15,0,9,9,10.52995776867199,5,2.644584217505909,No
43,13,Marketing,2.518980087064798,1.805268310065691,8.422137952861304,0.49852594194969324,4,2.7923089262474488,73.054910237778,2.8101112493853746,50,1,8,3,31.943076638795407,1,1.756982898200337,No
40,18,Operations,4.117490159967951,3.316473221437983,8.667305228177696,0.7441672221925829,3,3.6100272939982405,65.88529290106194,3.6990770027936986,47,0,11,5,53.8861859716828,2,3.189755194142668,No
41,16,Sales,1.8854258378543922,1.8854258378543922,13.00292244398211,2.3994854397561496,4,2.2680736113944286,70.43792340684892,2.7054884514669952,13,0,5,6,26.632378380992513,3,2.570568803919355,Yes
48,19,Sales,6.24011168128123,6.24011168128123,9.955233477505008,1.5128217116771712,3,3.7575444271396425,66.01166048416562,4.114630866660769,28,1,7,7,58.255164263283206,0,2.2571760478521656,No
41,17,Marketing,0.3949621112549696,0.3949621112549696,6.977873187659065,0.6496626045290463,3,2.9156373642734574,65.08959143490861,3.495548262152413,28,1,9,3,50.47589014777105,3,2.9771418071916966,No
29,15,Sales,4.879991394480591,3.8082059115493614,15.21560650506461,1.6844614250012742,4,3.4867935509892836,76.13445201574483,4.107693234404752,46,1,9,6,53.818380304489764,2,2.756340753908761,Yes
48,13,Finance,1.8346046784530317,1.8346046784530317,10.821150551588103,0.9610273657548997,4,3.8895864335711807,81.86635950071044,3.403295089207971,19,0,5,6,71.65253485360476,2,3.6139652660600228,Yes
40,15,Operations,4.833157177021401,1.2516658141805244,8.38890884083809,0.9830365847328668,4,4.318622734744599,57.08976320920027,4.013272697523564,82,1,12,5,33.866035487839596,3,2.4446066975991005,No
40,17,Technology,0.46437326778850263,0.3,7.359602812459387,1.306597408677166,3,4.209592821854295,89.0877890818769,4.990433742817876,24,0,5,5,11.307640632307699,5,3.3503994319362693,Yes
28,13,Technology,9.984099136101499,5.208344683038644,16.38988283778632,2.086994684908183,4,2.513335793313671,47.05133729497894,3.0066049775147667,47,1,7,5,27.697296946023506,4,4.211310726394597,No
40,14,Finance,10.925827928452268,6.115863768656362,22.677952765218855,2.0081814877199857,4,3.758415577276987,38.100053383093496,4.885005688097363,12,1,6,2,10.783469905714432,2,3.7236931125202353,No
31,17,Sales,0.3,0.3,8.436877921694403,0.9140642230822136,2,3.22545461756821,42.73466387147845,3.670767398023586,30,0,8,2,16.723570601527648,5,2.3536070943777787,No
33,17,Operations,18.980831744644178,3.59915176206186,22.781232643385273,3.61357626311168,4,3.4985915628461117,69.74016864695069,2.9118356527397644,9,0,7,6,28.728942979400816,5,3.9260961802733547,No
27,19,Finance,0.9675537976034805,0.9675537976034805,8.300345942829919,0.45900969338697406,4,3.3015300289968743,66.04125656576215,3.1233576057821653,55,0,11,2,25.93018297471567,3,5,No
30,16,Operations,4.577539097848627,4.577539097848627,11.552924625513588,1.0561025244768223,4,2.399036501217776,63.70340364085634,2.791147041083675,35,0,6,4,40.75992084852721,5,5,No
41,16,Finance,17.732720344874913,4.147228389980599,23.99417183771627,3.5222818013623964,4,3.869631801495434,71.994316750703,1.9963806148800365,20,0,10,4,21.507718531869372,5,3.0601174148806045,No
31,15,Operations,0.5097347654343727,0.30142072065168296,6.456868720148548,0.4738881800057866,2,2.9040562103930574,76.4054728348898,1.9160962152989895,74,1,11,5,17.00265474557936,2,2.093102679511083,No
37,19,Finance,2.990470205241429,2.598842168838257,9.593912015768801,1.1844086843703043,3,2.000736177590977,68.99994727550754,2.076440957854224,16,0,3,6,19.478612383705418,1,3.2274223556045967,Yes
29,20,Finance,7.604772182226517,5.115037066316501,10.75879187487887,0.7070585812848383,4,2.8080126024571834,73.51131947536638,4.396164639798093,39,0,8,5,12.491174733557648,3,2.929636227614447,No
46,13,Sales,3.9064137184947514,3.2444844850970793,10.172298760092108,1.220556766542184,4,3.9053718614956643,86.89382322370106,1.2399765121713915,29,0,9,2,20.83148674041858,1,2.3113040317196316,No
39,19,Operations,1.4658249706190314,1.4658249706190314,9.573353534700622,0.9490797602422131,3,3.992337803945569,68.11919158662103,1.4002287586995672,35,0,7,4,36.335985347786476,5,4.4356296003284825,Yes
28,19,Finance,4.670817668245385,4.670817668245385,12.17265877895037,0.9458449427949671,3,2.5579893976092314,58.12286988315732,3.748756029429383,41,0,9,3,60.609607427974666,4,3.3297073888455366,No
51,17,Operations,0.8923609849834389,0.8923609849834389,7.510065546326003,0.9133845088650681,3,3.598491562819455,72.15663622501829,3.5849453994967635,12,1,7,4,44.855363170263324,0,2.2010257238163096,No
29,18,Sales,0.40694797931957766,0.3,8.933725195498232,1.761359809183539,5,3.5944501178410113,64.89390910106627,3.311487602336311,11,1,7,5,11.507683200902605,2,3.9639061862717035,No
34,20,Operations,3.3650699676795552,0.3555368869677261,9.119549234093306,1.577202525534125,2,2.886662481862293,21.82734373384141,2.281856353791095,32,0,6,4,44.777117878151905,3,3.384150965147051,No
34,15,Operations,12.7950621044765,4.292988937292402,27.343933143312295,5.194957702297242,3,4.207499071903328,51.77769871857023,4.012088689168441,34,0,10,5,7.536773643894593,5,4.989662671857184,No
51,17,Sales,0.3,0.3,10.37904287987688,1.6279008855929635,4,4.113754370637089,73.99898687172174,1.9840163547988336,30,0,7,6,77.80829835385752,0,2.402966016363168,Yes
36,18,Technology,2.3000072390881394,2.3000072390881394,9.02387851000571,0.6489037009343851,3,3.294815966891165,78.66356576705209,4.7973484554501615,47,0,11,11,17.326519437197,0,3.0693841573917378,No
34,19,Operations,5.4131850072763745,5.103550011526529,10.0417669362148,1.7265517955533216,3,4.798022335157223,71.09294583936854,3.697946328029212,18,0,6,4,80,1,3.2706517082025495,No
26,14,HR,1.9219407876227301,1.9219407876227301,15.120375639981178,1.9369755920373564,3,4.111082121534853,68.58360690058387,4.618127677414415,50,0,10,1,9.549124594645969,4,4.810299262965525,No
27,17,Technology,3.5293834301428726,3.5293834301428726,8.916317166640663,1.5712555053966413,2,3.219902545704175,65.76227019764264,2.8168652537023844,23,1,9,7,21.858998340020765,1,3.5443945436671904,Yes
43,16,Marketing,0.581207329421623,0.581207329421623,9.15807352787261,0.6857980182956037,4,4.185752888733766,35.79937538871215,2.997607648547752,21,0,4,4,24.85597502365343,4,2.513116981315147,No
41,15,Finance,13.191172696261212,5.510479680392236,14.572608100860512,1.2041848956826886,3,4.272219145463385,52.37961932615348,3.201869027979303,45,0,10,2,12.278042488280684,4,4.468684325058467,No
31,19,Sales,12.482011881026146,2.918519628341979,13.790563328681007,1.1334698948746271,4,4.490141828202377,42.00683382414216,2.892327825980138,22,1,7,2,28.169332304459918,2,3.723914315725197,No
40,12,Marketing,0.35532477566536186,0.35532477566536186,9.787007960867683,0.6450038587129315,4,3.8871248144770685,35.12733657874307,4.095297260931421,41,0,9,3,29.962993199717484,1,3.5393408006179174,No
29,16,Technology,1.5459967207586607,1.5459967207586607,6.821566080432566,0.988759456632456,2,5,63.95716285984346,1.2930587339950004,34,1,6,7,17.141804194553934,4,2.618208870343719,No
37,17,Sales,8.359017815223051,6.0115864082577675,14.143392104818984,2.7495118050022795,3,3.104318063364015,65.04657407529754,2.0944084772439093,19,1,6,4,21.832440040771758,3,4.8937439513115155,No
28,17,Marketing,9.25083222387816,4.731887443105233,13.529963584197331,2.267503633538694,5,3.0616795153150465,25.479888129720642,3.031428343736439,16,1,4,5,14.479208203876416,4,3.426593924338891,No
41,16,Technology,0.6298118614106027,0.6298118614106027,7.735733204849779,0.7534289177203836,3,4.099676421306123,74.49343384876784,3.603056983044177,34,0,5,5,68.9518887519454,4,3.9350374470898206,Yes
42,16,Technology,6.919434391728243,4.436475937515672,12.772863798470388,0.8581036629347794,1,4.0982008890372885,42.61196470051128,2.600115743675179,16,0,4,4,24.61832843910303,2,2.6252510411534415,Yes
40,17,Technology,8.510284233797831,2.9094404518185546,14.938249293897957,2.3202227118313776,5,2.435155816825844,72.21693399233564,2.8275815495548042,21,1,7,5,29.54387025851069,4,4.100880072009962,No
39,14,Operations,16.21569795878942,4.912944615954437,25.260391602231547,3.0524194066070596,4,2.6123926790700422,55.941264016380636,3.4725988512304853,11,0,8,4,17.2230007831269,2,2.3824694011420484,No
30,16,Sales,8.507896413414885,4.16287066361177,15.56114299795279,1.2914835632442143,3,3.409726464573876,37.68520881679794,3.198562173063357,34,1,9,1,28.28510328179284,1,2.735528620025475,No
26,17,Sales,7.223042825608501,3.9744033740349223,11.672165296100653,1.095068602866824,3,4.893964885833817,86.86406479328909,3.68869688384057,50,0,9,5,43.3095092237286,3,2.8623865139806357,Yes
33,14,Finance,5.739202711875371,2.2960253983370293,12.10943360096559,1.9323558711282576,4,2.2351590932304846,58.524423086078,3.9950753020332535,27,0,7,1,13.998053039076453,2,4.113924848127509,No
26,16,Sales,1.8671038514857272,0.740069134838951,7.619959770864488,1.1098043656568903,4,2.620561810453359,50.57661287654255,1.9883131198381894,21,0,10,5,13.883491528552018,5,3.416132078118495,Yes
22,17,HR,3.344820593408481,2.9640148569635296,10.09622231187717,1.1259348309914752,2,4.033768436489943,48.89605836719638,2.509979463290817,29,1,11,6,23.13165119365908,4,2.7902620763722177,No
30,16,Marketing,2.6859053342766486,2.3592632099025805,8.91035856774401,1.4172299885186186,2,4.578312720470144,72.36501821569968,3.085724959724956,51,1,15,6,47.26106341381446,5,3.4625780256704535,No
32,17,HR,9.620304888108901,2.905971729999957,13.233099780807553,1.2347973354117612,5,3.804280310125194,66.97280137492245,2.894963477852154,32,0,6,5,49.20868541434213,3,2.373006811385096,No
37,16,Operations,6.78229518755131,3.251235586557751,14.505638507992249,1.9309560421843768,4,3.1948423055314072,82.10521307549413,3.9697970011124823,21,1,7,3,39.44935169999488,4,1.731979590964997,Yes
41,14,Finance,0.7582620739288097,0.7582620739288097,8.324032635772765,1.6238763687982694,4,3.491348124290411,46.318539499662045,4.2020427538989225,35,0,6,5,42.7506411867072,4,2.759668651157269,No
29,17,Marketing,0.3303140652468592,0.3303140652468592,8.442605620199846,1.2587255690595467,2,3.1154747770642275,66.43221276738207,4.570418543759281,16,1,7,1,28.922206066036836,1,2.8526311734224707,No
33,16,Marketing,0.7162335378042769,0.7162335378042769,7.157671547784478,0.7373185302315568,4,4.408644411877594,63.45749746632345,4.4178317232147695,30,0,7,1,40.801187044082475,2,4.152201714023672,No
26,15,Sales,2.632372199437767,2.632372199437767,9.37904238426475,1.161612818737801,2,2.2922430912873804,58.9279901248427,3.3034361781012853,35,1,9,5,9.70093186995129,0,3.499350169736131,No
36,14,Technology,5.480036139648691,3.3746136440986723,11.248892013333952,1.9432096566422874,3,2.5013797953160144,77.25237866644845,3.610284981408017,23,1,6,4,37.77301634607143,5,3.3215742614614032,Yes
34,15,Sales,4.879668517538786,4.879668517538786,6.498010064907069,0.6011400866924993,3,3.4315039636750906,86.79885103485324,3.517721113792331,11,1,5,0,34.803112196981196,4,2.075228071944289,Yes
33,15,Marketing,1.1785944609560033,1.1785944609560033,9.771253616842092,0.6408335707032878,4,2.8202248849820744,56.430510619175166,3.597875973997504,17,1,4,4,36.52585405496787,4,3.4599359954276863,No
31,16,Technology,5.99185288459346,0.9163528597593948,17.45760577375926,1.7612694729294471,4,2.194993017615154,49.65544266878162,2.0845769060542065,26,0,8,6,30.689347105883858,2,3.7918860499418146,No
37,16,Marketing,17.55725574841546,10.608582768049724,27.92158828778184,3.842482622218962,3,3.60473789371353,36.64903269516956,2.7990377096648333,22,0,9,3,19.86979763124675,3,3.098722750521951,No
41,17,Marketing,0.6289553576442745,0.6289553576442745,7.8564319229208595,1.45233204639939,5,4.0924810514150955,72.99435600629073,2.7976102131160987,23,0,4,3,42.57806996309579,4,2.550322389534724,No
32,13,Marketing,8.830282597547138,4.224434835537669,12.431084712778226,1.5013159250528463,3,4.923762951350738,71.85070924091744,3.778741031441236,28,0,9,3,40.58450361826548,1,1.510641309847643,No
28,14,Sales,5.280764801872518,4.35862276337393,12.711935085088566,1.8847868044846792,4,3.3935744784845787,42.07844834562058,3.4020886576020732,72,0,15,5,10.065959365417092,3,3.504545560028255,No
35,17,Marketing,3.5205617770615407,0.689039628758089,12.043083631497081,2.083133939762931,4,3.4793533606976976,92.59496666472884,4.005000476095142,35,0,8,4,52.06389585613139,5,4.032758066519578,Yes
39,19,Technology,0.7317410614378459,0.7317410614378459,10.675227117946603,1.3374501099846403,4,2.6396538084243732,42.90924069873962,4.135242394507467,44,0,8,8,51.63064505556822,5,3.3785700484186907,No
31,17,Sales,1.3629699453115562,1.3629699453115562,7.675592113617228,1.3325026714753037,5,1.878230569723878,31.573594371351856,4.319627741827906,38,1,10,10,15.783612320419206,2,5,No
21,15,Operations,0.5453962695373484,0.5453962695373484,9.037191886791263,0.510333753798271,4,4.520803688626149,52.09075695330852,2.4776174117717753,40,0,8,6,19.950514922474333,4,4.2018956071591225,No
36,15,HR,5.927103313954574,5.779820819744028,7.784413640366634,1.4469354718171075,2,3.7857646050154665,64.69273762592171,2.078435259625029,46,0,10,5,34.87046397680302,2,2.2427231856466725,No
34,13,Finance,4.998767375340747,3.972309521741255,8.315142016494905,1.445928688604369,3,3.1882036633806212,52.87560029880042,1.6904847946387966,37,0,10,1,9.59123045298528,5,4.951354128772628,No
25,16,Marketing,11.56326706101888,8.72831056717148,18.247852207479628,1.1023132861733012,4,2.7923019539394773,40.88967374374374,3.28526949522936,21,0,8,7,9.801149171954616,5,3.2982227045777113,No
36,17,Sales,1.5800988086199739,1.5800988086199739,15.04986963776268,1.5049246578003221,3,3.5170636460133315,41.3168220324499,2.7828564916240395,15,0,7,7,50.15091347280442,5,3.546801650996964,No
34,19,Marketing,5.272176968624762,5.272176968624762,14.576867288842392,1.0897360605786077,3,3.19816961543908,71.01019690588679,3.508188108871686,20,0,8,5,34.86257730623024,2,4.881894568817234,Yes
42,17,HR,0.4494091772874542,0.4494091772874542,4.93238265878314,0.9320350379430385,3,2.086498450063469,79.74340004170062,3.480650149233295,56,1,10,5,39.332334227338734,1,4.886508070884447,Yes
38,20,Technology,2.2350849415924663,2.2350849415924663,9.04485367623996,1.0650121654568874,5,3.3933132768940117,71.96131012666018,2.2959070024526937,29,0,9,4,31.164337540303748,3,4.523676920340601,No
38,15,Operations,12.35959202010659,2.0332959660439327,13.681645391575815,1.6501056122706999,3,3.9095876812216805,87.89209098016346,2.682904458840352,62,0,11,7,25.100222783847528,3,2.939498552088687,No
33,17,Operations,5.500451786113408,2.7700798902542356,11.458236715785135,0.9366113142470719,2,3.4934554128930313,88.14374485312447,2.887589510771553,54,0,10,5,34.385315901902,5,3.931072129776336,Yes
47,16,Sales,5.769276831237948,4.504136667798868,8.746942295830394,1.065170367782529,4,3.7140215687188127,53.83119813043448,3.592973614916656,19,0,5,3,17.0897296493655,2,4.124430057691236,No
36,20,HR,3.0102064915947153,3.0102064915947153,13.392914115232811,2.162610433634157,3,4.877960623756611,60.82496718092849,3.4835455966001128,28,1,7,9,45.65464605601297,3,2.8881219385637262,No
36,15,Technology,5.362933206472487,5.362933206472487,11.082549859384098,2.2148658603155487,3,4.0834739702941985,60.87219515309285,2.8080452207078874,12,0,6,3,38.06888430297175,5,3.10991453321012,Yes
29,13,Sales,6.450209267164272,3.0732585605736054,14.121930952624352,0.9288710035617134,3,3.4959261734681175,76.21074660314025,2.6114231893304667,13,0,6,3,21.549681316512764,1,3.02493583080781,No
30,18,Marketing,7.442506149049699,3.691013946395116,20.932256862508687,1.6346499052807029,4,2.6809973259267608,44.565897425164934,4.0887610761447,34,0,9,2,48.38511468602813,0,3.5527512945629582,No
26,15,Operations,8.338632261663111,3.8742436305921526,11.621758429325089,0.753579276658991,4,4.075316549936164,55.35261946575585,4.030013028172901,70,0,13,0,30.583975858280052,4,4.88310242861562,No
42,16,Marketing,5.796781836537435,4.393779513594817,10.469745252743664,1.9698867707431322,3,4.991494840487481,51.767575632885475,3.3865623789093764,59,1,11,4,34.05973423311171,3,3.4400530694565683,No
38,18,Operations,4.357966178221072,1.8118480267187416,8.951485984491534,0.5986464398373094,5,2.869180435425069,92.67779701200963,2.6933319861434093,32,0,8,8,51.782909428003464,5,1.7634313195640554,Yes
47,15,Operations,0.9903551420859626,0.9903551420859626,9.655715321893448,1.2369102353273556,3,2.620896901937116,74.08220099372421,3.204088775380569,30,0,9,7,16.640210066802798,3,4.780071711048347,No
21,16,Operations,0.34432108160681313,0.3,10.51213507726205,1.2737326506211029,3,2.4932812233953383,64.58054364139639,1.007889591553946,69,0,12,10,34.75844880320164,3,3.4062277353283337,Yes
48,18,Technology,2.478077726056161,2.478077726056161,10.011495805775526,1.291093088878411,4,4.991881776054716,79.75299787698185,3.489947894892728,27,0,4,4,30.841717744854705,0,3.9534447614149406,No
40,16,Finance,7.097334310553131,2.4535155802045034,10.844176170671833,0.9730752180661332,3,3.0778869600602126,46.09438885647449,3.7714525329397675,43,0,9,4,10.012309841415858,4,4.265563504826222,No
35,19,Finance,5.1476877647029,1.7703557072051073,12.94800092611362,1.098052719848063,4,2.794975938300092,59.29141434544348,2.2846455670218084,20,0,9,2,27.62584471057069,2,3.6219215091497565,No
30,17,Finance,10.803291282641641,5.587929192214502,17.039820183228137,1.6028031635124675,4,2.8949661463939558,65.55327096507757,2.9021628050434014,20,0,6,4,32.38202766395302,4,4.5321310362574945,No
32,16,HR,0.6823174084860388,0.6823174084860388,9.921792466862543,1.336218120066624,3,2.998354252776017,56.168796243426605,3.6031553125362272,30,0,4,6,27.214641750079966,0,3.599200216480273,No
43,13,Operations,0.3,0.3,7.146679825489582,0.8107578191312764,4,2.320601781411813,69.36035430561607,1.8839233296536888,52,0,11,8,64.2203954346919,5,4.0327288345133665,Yes
30,20,HR,13.22646160897608,8.010551162157006,18.87553241098299,3.070169571623741,3,4.001606457426562,70.58530762495869,2.873927041103193,45,1,11,4,24.021571934903687,1,4.939886778985646,No
21,18,Technology,6.110293885128817,1.5303339584670868,13.308687010015118,1.785712627413606,4,3.496439147643803,55.18368686613039,3.295721318410371,22,1,8,10,12.388254637425952,4,5,No
32,18,Operations,10.963871286109516,5.58933969770133,11.171448802696416,1.9645343919267617,3,4.607773383867118,70.62867438540101,1,22,1,8,4,17.581853480759502,3,4.632977092419537,No
54,12,Sales,0.9377243305400521,0.9377243305400521,10.051412620606834,1.2420315917336335,5,3.5182254501661063,48.61953681826246,1.989710178948399,13,0,3,3,9.550996657023694,0,3.9287745569713897,No
24,16,Marketing,0.8385401074715955,0.5750753467916081,10.55823394218869,0.6390289660916474,3,2.913037290272567,62.59195081766012,4.393418898425719,35,1,7,3,15.42074382097744,1,3.074976470323495,No
29,16,Sales,4.10484133944752,1.2122405067782251,10.697513558894014,0.6541011187104437,3,4.1729703778513265,50.96520963313039,2.0167120516067696,29,1,10,8,16.53904819314677,3,3.481650344714895,No
34,16,Finance,25,8.19440174775635,18.03739090803368,1.4122361294403587,3,3.493151694585342,60.61019728192197,3.489518991331915,15,0,8,6,19.77337441293449,4,3.7498906396803773,No
46,16,Technology,1.9266609625676463,1.9266609625676463,12.388520784321116,1.1105814493770738,3,4.211304142794032,53.88029864018583,2.8890867208859112,24,0,5,5,11.810828917687191,5,5,No
36,16,Technology,6.254680696671348,0.8098864168370433,9.78495405779514,1.6776064574273215,3,3.508429028251812,73.34594583026774,2.8891077467938024,42,0,9,6,8.402074271034557,0,3.8870700548638952,No
24,16,Finance,1.558718950740663,0.9541328485110557,12.883405308367326,2.0223282371678613,3,3.0017279975991555,52.71989306323557,2.8149026710148473,60,0,9,6,36.11344748235674,2,3.2044048397867835,No
26,18,Finance,10.558076614365284,4.242227872407733,11.621535728079586,1.995729412929486,4,4.412877978567996,58.27744766358454,3.09774613691353,31,1,8,4,25.75393118258641,5,1.697314057895347,No
34,17,Marketing,6.933457525494781,2.8305929664480884,8.84161632442278,1.1558937682017139,3,3.0772540084912716,55.232219243763886,4.583872343795437,39,0,6,5,22.473540189623503,2,2.3714577188141304,No
52,17,Sales,5.851040317379104,4.178696244596074,14.398270246431334,1.4602591163792298,3,4.722965360964863,80.26763196302302,2.8974414990769115,52,1,10,6,67.39439841193462,0,3.3768259201941486,Yes
36,13,Sales,12.810320308264908,3.076394995305674,15.688733392001284,2.0576408177248835,4,4.0004661481888615,55.09654329233253,4.988129962046484,13,0,9,5,63.5593896853967,4,4.295920754140313,No
21,16,Sales,3.49862155894245,3.49862155894245,10.489384457264444,1.744019678122848,3,3.1076784103918023,91.24505086567876,3.887482139918439,41,1,6,5,58.907829093988695,1,4.541988349188303,Yes
28,19,Finance,0.3,0.3,7.601191965277356,1.0632404401267541,3,1.8071504702105505,58.527764893257384,2.8010411898568073,11,0,6,7,37.956187486458575,5,5,Yes
39,18,Sales,1.0324556396471565,1.0324556396471565,11.870835782412364,0.6150975086628353,3,3.015940854607665,64.09464732786776,2.7005465030054414,36,1,7,7,37.169152147688386,4,2.460665344453817,Yes
37,15,Technology,2.668864344722772,2.668864344722772,6.521310531424182,0.8161032065585389,4,2.888539986828758,74.59048408387021,2.3027596174911933,44,0,7,6,39.4490039819609,1,3.89277459642556,Yes
42,19,Marketing,8.016840110141128,4.623456282335551,17.720109543145544,1.2440365633646586,3,4.085938140490473,49.01795510469172,2.127627259728698,15,0,7,8,13.637202699019634,4,2.5117796738240408,No
27,19,Operations,6.061049836312992,4.194602560724145,9.637847984972499,0.5364042603931477,4,2.803598228128498,71.86660750738619,3.4073578209352178,42,0,7,5,25.353982414858564,3,2.294840589930859,No
41,16,Finance,3.837888874645036,0.3,8.054705935761648,0.5968105685008586,2,2.6190219078768227,59.3496125757532,3.6946587592443585,27,1,6,3,79.54471327869683,4,4.21525398383717,Yes
32,16,Technology,3.7177161975915447,3.7177161975915447,10.655684544899687,1.9087904582354638,4,2.8931992494183847,34.47904110217782,2.701158416575618,8,1,5,5,36.29067819790831,2,2.508656577782634,No
32,15,Operations,1.6531287957113348,1.6531287957113348,9.21011602397052,1.7478223334487386,3,5,82.21630967050878,4.418351079363963,22,0,5,3,28.84447646730674,1,4.103909903766415,No
40,19,Sales,5.454502466042424,2.68668598570765,9.758368977937458,1.6192398010117173,3,3.0023752677699083,57.23311423933127,3.4297854242851082,33,1,11,4,16.835552603589637,2,4.495991398422522,No
39,12,Technology,4.618137323558854,3.358283244127331,12.012162034475546,1.3565748374467355,3,3.7776853551496923,87.38525501327172,2.9070532094646575,41,0,8,6,29.530748886244094,0,4.438293837031205,Yes
43,17,Finance,0.9418829097076074,0.6854860196601865,7.604889639473032,1.3074136071172646,3,3.7063645787925434,58.86813989662419,2.9033049647330587,30,0,7,4,13.270592812187152,3,3.7822285975914602,No
21,18,Finance,0.4855169574669491,0.4855169574669491,10.432305904728748,1.506828758891039,3,4.796323835611683,67.83767049123692,4.219597417318804,16,1,6,5,11.248927013078742,2,2.956842977081714,No
33,17,HR,0.33570806139798454,0.33570806139798454,10.623139960746755,1.0668133855419888,2,4.69588636621932,38.32633319574048,3.4012644894149187,43,0,6,2,20.25731433059082,5,3.0666042242524894,No
36,17,HR,0.41804112468670196,0.41804112468670196,10.186055283929901,1.3210962470364136,3,2.7301475176665484,52.997504491441596,2.912070219695481,38,0,7,3,9.630852561429892,5,4.061191945048524,No
37,19,Technology,4.108195720973379,4.108195720973379,9.665971234284354,1.4493150681145517,3,3.392237958152807,84.5782342060479,2.406450314341091,26,1,7,5,28.88674499987597,1,3.2309760361908304,Yes
46,16,Technology,0.7157386089699882,0.7157386089699882,5.663901898968533,0.8901027289510572,2,1.8140275937599077,70.55251676829958,4.3040074855314545,15,0,6,6,14.377246427774095,5,3.7226137344648,Yes
27,17,Marketing,0.8899695562278097,0.8899695562278097,6.165072031481518,0.47037707233464277,3,4.012202625144416,75.59329084478232,2.8174169461327865,52,0,7,5,60.043790345020795,0,2.9778467505842965,Yes
31,18,Operations,11.523816688722352,4.342421248209984,22.181211594346415,3.6164513214505405,2,2.0031432407787606,63.80967131753305,3.008739593925025,98,0,15,8,23.349973710925962,2,3.1833994460560464,No
31,13,Finance,4.567549042785344,4.567549042785344,15.034416424665425,2.689959745746326,2,4.8033866828904825,59.508921783496014,4.0890119818478565,26,0,7,4,75.4918651615933,0,4.977823898338183,Yes
32,15,HR,6.70726266196254,3.036317260485544,10.918852009487793,2.110431111629327,3,2.489805870543195,69.50110976763426,4.306372771476933,40,1,9,4,13.29177854499017,4,4.41004782132989,No
56,16,Technology,4.614452980857362,3.169944930455934,10.960035708791224,1.4080728386538386,2,2.973015690061845,55.60656034051498,2.696955804111961,28,0,9,6,67.6120456235916,5,3.581999347732626,Yes
49,17,Sales,13.469682647631691,5.510761825598971,21.259085897121327,2.212400570582514,3,3.3032368449187057,76.90698765286508,2.408000783833515,45,0,9,3,61.97628673238388,4,2.667923833743914,Yes
45,20,Marketing,4.4636685582142634,4.4636685582142634,9.56400545176076,1.5564272056763262,3,3.584415583726961,38.92681681371906,2.9114303047903385,39,1,9,6,34.494004613835536,5,4.093515718773534,No
21,12,Sales,1.6413022317073265,1.6413022317073265,6.590182577347727,0.7906546394295653,2,2.6008886140841283,71.89378948820544,2.1929719406090524,36,0,9,5,21.435012990850442,0,2.583322484475362,Yes
36,19,Technology,9.376240309767876,6.933138919119718,16.0416524237939,2.841302678407139,4,2.0107100816976753,47.93678858898293,3.9984640249368026,16,0,10,4,18.310400424759028,5,3.248550867644315,No
34,15,Sales,7.532891984076046,2.2647924719697112,13.864104944996585,0.799094773884048,3,3.588449273678511,46.2539150045335,3.9315010213368113,34,1,8,4,41.6336804874614,3,3.7593071624652294,No
35,12,Sales,0.3645579618597928,0.3645579618597928,8.745966408121133,0.4721169917295058,3,3.7038397138619295,70.33309668816173,3.4132499278668873,26,0,8,4,22.749121961054612,3,3.926104888622189,Yes
37,19,Operations,0.9176665356833857,0.9176665356833857,6.393500238675411,0.6886008119108474,4,4.725705320203991,46.42341093764307,2.9030861656465596,9,1,7,4,16.10483542973919,2,3.6313512602946743,No
36,17,Finance,3.9889047927366135,3.9889047927366135,10.096662728356034,0.8285751158551969,3,3.096970487238519,63.207805125558416,3.4098882674791184,36,0,8,8,14.249586562418587,4,1.8768702365834216,No
56,16,Operations,1.118932100620074,1.118932100620074,8.352731083596689,0.6297611135048989,4,2.3303260644948356,52.58660796228625,4.367925668477089,9,0,4,5,44.66634167418056,4,2.470269100906477,No
28,17,Technology,1.271203741233443,1.271203741233443,15.307205367224942,3.0406101015630274,4,4.025635849581174,78.60761609163157,4.113428688738437,56,0,8,4,37.71253554892907,1,5,No
36,17,HR,2.8432600082831003,2.8432600082831003,11.427638746530723,2.149145935326116,5,3.7992949965852203,65.41119188972101,3.317760666379171,91,1,14,4,24.208176561228225,3,2.9744056706265662,No
36,19,Technology,9.361104479867905,6.367447571055538,13.409726929063966,2.626566985919619,3,2.410975296247151,38.581148686372366,3.215095114514919,14,1,7,2,51.72482089020154,4,2.099957219980225,No
42,18,Marketing,1.1244596704981458,1.1244596704981458,7.0211942146557185,0.455615063491245,3,3.407058056734303,85.14086276537456,3.2163894301154627,21,1,7,4,29.294596973339452,2,3.793958856792777,Yes
24,14,Sales,0.36174770740926854,0.36174770740926854,9.604292253584244,1.8180310901547758,5,4.600941005210092,35.82981697957427,2.8102573120638126,42,0,7,5,45.242742998866945,4,3.41599972930039,No
30,13,HR,17.485293388348722,6.481830590300425,37.676069212470644,6.671276537238545,3,3.806669279117985,66.16371924828918,2.0831770706505686,45,0,9,4,62.104553114697524,4,1.9000553721115103,No
26,18,Finance,7.9324945329526795,2.8708406148370256,12.913514253356011,1.390197882656433,2,4.399732112108975,52.77337947205191,4.172204075191237,26,0,4,1,12.620798290645968,3,2.4441112024821856,No
42,17,Finance,1.7290079587743428,1.7290079587743428,10.408044599419439,0.5227469002638129,2,3.3188096364402457,96.94556916554427,2.698847594575432,30,0,7,0,6.640630858783824,1,2.1466578081283916,Yes
30,17,Technology,2.4673879672242984,0.5845468140059177,8.563535123591624,1.1754440556738026,3,3.0897488834159725,33.809866187048705,3.1257578754119186,16,0,8,5,37.95597957462023,5,4.053426960526073,Yes
30,14,Sales,7.319079193810977,1.3557132632224596,9.275687718547296,0.5888219948064902,2,2.5941812574014786,63.21789750602913,2.8875378954926516,60,1,12,4,25.539304428415317,4,3.518126942685074,No
35,17,Technology,4.799088190716042,4.799088190716042,7.883926021686792,1.4276096365692856,2,3.1631883060791695,70.75881921917396,2.9157565363120703,29,0,9,8,54.22699061861972,4,2.964414751106898,Yes
44,16,Technology,3.0637409453228615,0.32836234293879285,13.090518929584634,1.0065840279499698,4,4.695501202181117,53.00095614233312,2.3086205440140093,11,0,6,5,13.263684420249744,2,3.445205667573419,No
38,17,Technology,2.7127125260421443,2.7127125260421443,11.766517557304596,0.7807120879308023,4,2.114262851212711,49.03381312966687,3.007758140421842,25,0,7,7,79.89597153712451,1,3.407029801637398,No
45,12,Sales,7.618926367871484,2.3766253921988834,10.075853418716683,0.9098565516310275,3,2.0980944205582914,74.43793611978595,4.204745717858072,18,1,10,5,55.29163788252523,5,2.475261204600919,Yes
32,17,Finance,8.271525626824317,3.597024277500018,9.924403644246635,0.7352292661730538,4,3.5967249108109964,37.635295600137894,1.7010667433392141,36,0,8,12,45.91476168654009,4,3.2801699159058453,No
31,16,Finance,4.788835917196727,1.0846196358192945,7.3072072989876,0.989415953674515,4,1.8983219687491752,31.22143518220178,3.367680076955831,38,0,8,2,48.77646498816287,2,3.0190700817165337,No
36,16,HR,1.0333213860519426,1.0333213860519426,14.931229268216276,1.6378085835729703,5,4.229411395830299,44.863571769245624,4.119102396396041,14,0,4,2,23.358869168997135,1,4.07619267869067,No
31,15,Finance,4.069446171260929,4.069446171260929,8.581857737066453,0.9842864309964345,4,3.6778703310965315,66.86670578468807,2.6826037491251276,19,1,5,3,45.29084043179983,3,2.479934979542929,No
31,13,Marketing,5.652249926580782,3.8681257004984997,8.55788472929506,0.5891719566171137,3,5,71.547954117716,2.3082012727953294,27,0,7,6,12.242919667683053,0,2.722996087463549,No
52,15,Finance,2.8032831058690273,2.8032831058690273,10.313437629930835,1.2677378580403331,3,2.6102871658183804,58.47017094339776,2.99722032131955,15,0,1,4,16.761984641136184,4,4.974235260088463,No
44,15,Sales,10.396288720342236,3.4409322746678135,17.52453607898682,3.3126183602776593,3,1.9952682809993112,65.9925420673745,3.6166930280640286,28,0,7,4,16.210684074758476,0,4.073040268686323,Yes
21,12,Sales,8.81246184707663,5.208234332604444,14.21303413339709,2.0677094455585956,3,3.8794229657579704,64.99406764710005,2.0952519238348377,23,1,7,8,42.13292340850567,3,2.6888306163849696,No
39,18,Operations,7.407306603276519,6.558476871936424,13.88136638254919,2.657021325138625,3,4.197737223902959,52.80922710791579,4.5901035810059225,20,1,6,2,20.96617187362029,2,2.73078731951538,No
21,20,Technology,2.966115200809599,2.966115200809599,11.28636080344139,1.3181984592496092,4,4.401597083903174,54.46942493782812,3.1940998271061574,36,0,7,7,27.63571813325902,4,3.2473070002017677,No
27,17,Technology,0.7831611686830847,0.7831611686830847,8.795392073348564,1.5934934211511889,3,3.1044204992064994,80.38227099617964,4.388295775115949,22,1,6,1,49.87721247105641,4,2.635672663953253,Yes
51,17,Sales,2.82593031768599,1.2912513368384941,6.265054524040134,0.8063765044253456,4,3.409186375126248,48.70304114686631,4.176891917425764,11,0,7,4,32.43258754905545,4,2.8722572783659315,No
32,17,Finance,5.242882666353363,2.847216503542259,9.288087105697258,1.5635957926469592,3,3.6899824081853976,38.2286641713748,3.78443046359278,40,0,10,8,31.288638354773372,3,2.814134551514431,No
44,19,Finance,8.298215115502725,3.732338076611252,10.622982581453078,1.7379372220733837,3,3.4842623178027265,58.33378144691175,4.49454910555276,35,0,8,3,19.355503720304707,3,3.5369856389595937,No
21,12,Finance,3.084103413624014,0.3,12.04835807332567,1.0281657875134371,4,4.289118950290873,47.29872334209047,3.642090183853576,35,0,8,4,16.531604605591053,3,2.9066644338923435,No
32,15,Marketing,6.171773018941764,5.237721189076085,16.252745079853103,2.4567953782780934,3,5,32.0843120512722,4.51535929481199,49,0,11,4,13.422801570264456,4,2.5117788690104916,No
42,17,Finance,0.6746567031176058,0.6746567031176058,8.317385790312047,0.8107047157127996,4,3.28229171345109,43.15668496488493,1.9958414688382486,49,0,8,7,48.987368030095055,0,2.317615574591034,No
36,14,Technology,9.14493827352118,7.053527822747682,9.716936803231299,1.1572173968147144,3,3.51641478171636,57.40275216397325,2.893890365893427,58,0,10,6,21.64866135003442,1,4.0372333878435835,No
26,18,Marketing,5.342819563214524,2.3774283287355615,17.114018226052323,3.18341156022569,4,4.133759676117337,70.43689552575347,3.487073356798906,21,1,6,5,21.07510480704593,2,3.9562902396681037,No
32,15,Sales,4.018935027509124,0.3,10.63275144978566,1.0921978382262822,3,2.6749148549075965,45.84125862035653,3.596498213820374,33,0,6,3,28.68633053057515,4,2.248926573131697,No
43,17,Sales,1.97607594651482,1.97607594651482,11.93442106031228,0.9026931554243613,4,4.592703488368468,49.71544704784762,2.510429395667994,10,0,4,3,14.327842698649704,0,2.6668140206714006,No
40,14,HR,5.791771414858832,5.791771414858832,13.88798607196422,1.7144638000280519,3,4.328986777627589,36.92842021391047,4.881766868566955,34,1,10,3,16.093648040071926,2,4.359039736974995,No
30,19,Operations,3.073671330961302,1.5704637533602037,9.979019796664666,1.6257388525308045,3,3.5062678478214697,58.539092981002725,3.9153565648385196,20,1,7,7,9.308568845328734,1,3.331839600149282,No
40,14,Finance,4.775252929884965,3.6562597535723897,12.998618749758021,1.405158274118672,4,3.082134650119841,39.242307670542964,2.3947706076912825,43,0,7,1,51.976690090550264,1,3.795566656015028,No
40,16,Marketing,2.4015733109709085,2.4015733109709085,8.433300337992028,1.0408456437391382,4,3.8157254579817677,93.76496535312768,3.001477890002119,33,0,6,4,14.515598360690499,5,4.093898569299633,Yes
23,18,Operations,1.3454335946730471,1.3454335946730471,8.890137279227789,1.644547374786603,2,3.8959665255750906,46.456307545023236,1.6182419464868336,27,0,5,7,19.62842225268774,3,2.9208121127930187,No
41,18,Technology,5.716188177004434,1.014827352493291,9.609403794098906,0.8363962416853709,4,3.907771734686441,75.89850127319737,1.5883672151357668,55,0,9,4,34.03587962368444,1,3.373057434125108,No
32,15,Sales,8.939232806655413,3.7914991668344684,14.182218873978986,1.7304939720099233,1,3.4006666295975556,66.91226372101876,2.4928561253612256,38,0,9,1,23.065567701169527,0,3.034125686072228,Yes
44,15,Marketing,9.002268665752135,7.683870899544481,13.412960121718577,1.1315889639275354,2,3.2674499053952153,56.08762510616938,3.512468118253113,83,0,15,4,56.95843556842763,1,4.052426648064373,No
36,15,Operations,0.6038476223657571,0.3304067415950812,7.039703376238309,1.1083332018323273,5,3.1163199055834525,64.4852402491521,3.6091044364232343,26,1,6,6,21.686870680198318,3,2.385042796476295,No
32,15,Operations,7.163140652961096,4.769511646708571,12.319008334838564,1.183910523629825,4,3.7106857804602615,40.11772479869884,2.1954323671184057,25,0,8,4,32.088926317990705,5,3.231334746008726,No
30,15,Finance,15.415912279459514,8.906954176464534,24.669638886964407,3.5122707236299138,2,3.0897943228763936,48.8367394270063,2.4827784616358293,19,1,10,6,30.75804273385055,5,4.174716054814661,No
40,17,HR,0.43667491947201786,0.43667491947201786,9.468440776342327,1.6785726783951858,3,2.8173441207997016,78.87862370763814,4.706730236879338,9,0,5,2,31.520407786092097,0,1.9244577646614427,Yes
25,18,Sales,4.577830420336796,4.54866408181872,12.475982892549194,1.380781605261919,3,3.516593992399461,69.58156229730143,3.350415779058339,17,1,8,5,60.8799123959444,3,3.6054998179458724,Yes
32,15,Sales,2.862201519111506,0.3,9.04886508204518,1.4398015306600853,3,3.914064664042341,42.87304427747964,2.1723381991786406,8,0,5,6,44.67230674411611,2,2.1648895663526617,No
48,14,Technology,9.288622050294572,5.432413759183681,13.910141106512732,2.616487635140611,3,1.0063183129168722,53.05531173964177,1.1168240214779754,22,1,6,3,46.60936429569914,1,3.8956187662404322,Yes
32,16,Operations,10.259203558606888,6.230457614417067,21.582896825434027,2.587949632960164,5,3.587413284507378,51.28351613941802,4.01349090327607,33,1,8,10,14.441487608806503,2,4.232358183913433,No
41,18,Finance,2.536110488439349,2.536110488439349,8.229881562235141,0.9606100373925569,3,3.3917953493234383,47.81878286752812,3.983873770691709,15,0,7,6,25.61275857918109,0,2.532966828402751,No
35,16,Marketing,0.9905125624838852,0.9905125624838852,7.3589466966528185,1.393833394400412,2,4.412086423183228,34.758000157531235,3.428491208611748,31,1,8,5,76.58247950718093,3,2.584980430427464,No
33,14,Operations,8.173889320709565,3.9614631596157355,10.039854397533272,1.4351054900655469,3,3.6872935411007988,51.99169590286055,2.4175396178625634,22,0,8,6,51.91371518268817,4,4.224992374438857,Yes
33,15,Operations,2.1130445894574694,2.1130445894574694,6.984360344893575,1.303041445976855,4,4.082388343748571,20.965394533208478,3.0091609626111957,80,0,11,6,39.61969170632255,0,4.144919019501316,No
42,14,Marketing,8.204403373459051,5.535554506064659,14.026748985191341,2.3143890061020174,4,3.023343826412341,61.64883356467017,3.6026081024303878,20,0,7,6,34.07011068130271,2,4.0932889766496166,No
25,15,Finance,3.0941587203266305,3.0941587203266305,8.360185483313533,1.3070220151905219,4,2.2865876552285114,58.68337247778908,3.028307665005573,31,1,8,6,10.553669019760989,2,4.04926890189862,No
44,16,Technology,1.6729512080773743,1.6729512080773743,12.753414105848892,2.2045220343664957,3,3.226053667503262,44.09234275545078,3.7019497259775855,34,1,5,4,19.773792230087675,4,2.9793867666293763,No
40,18,HR,7.902960848949089,4.737755016794856,14.722166726778966,1.0856009636281305,5,4.097547137506693,65.19099172779832,4.224398890912137,45,0,10,5,29.84240066961528,0,4.941179343271697,No
23,19,Technology,0.3,0.3,7.623043780430725,1.3264647482626648,5,3.8678930057541567,90.88324030558103,4.591787514231899,32,0,6,6,28.939553507600927,3,3.1927462017206762,No
50,15,Technology,5.689699501356967,0.30187569222925725,9.24525436191422,1.7260897756402962,3,3.348813539607842,54.35561994194461,3.897457454885815,28,0,7,4,55.14025395064611,3,4.233554746239405,No
27,15,Sales,1.4694757701664152,0.7305697297938896,6.065688182978153,0.9441283025475214,3,2.523388246558104,72.89818184937289,2.301387943421827,14,0,3,4,60.47358000516567,5,2.86904058596534,Yes
40,12,Finance,0.4836269880285259,0.4836269880285259,6.283723518058633,1.129761869999377,3,3.988720837262572,60.11491053504521,1.8992005134234515,51,0,9,4,20.64101983676879,5,2.4558976378079556,No
38,16,Technology,1.96185579636472,1.96185579636472,9.141129351537803,0.9440260224247469,1,1.7133626847362213,74.77048930967173,3.2964428232863527,75,1,14,4,6.39688746400571,0,4.006249470337339,Yes
36,15,Finance,5.289676236166144,2.882910937389251,12.155741520899003,1.1315093257980617,3,3.8122350122116395,73.07003367922978,4.307950275508037,48,0,11,7,28.845755322887392,4,3.1742699316498975,No
45,15,Marketing,1.6471779234521848,0.3,7.181548997618562,0.7066888743237729,3,2.805280434136675,61.3907293032729,4.194744524681865,56,1,13,9,38.25512781799639,1,3.584568081587943,No
28,12,Operations,11.809510821438225,4.7388544687724945,17.418468285792358,2.0753539613069467,3,4.125435963108767,78.3161394194191,3.470389876859015,32,1,9,6,33.831963756072604,1,4.605746799922572,No
35,20,HR,9.482163234186649,3.712632812682981,11.978303412930071,1.3077207110479523,3,3.0267037675051665,50.11406709532256,1.5202341593257478,69,1,15,5,13.000785429929733,0,1.825636577118141,No
42,16,Technology,0.821486161206068,0.821486161206068,10.305605538901066,0.9622254512336976,4,4.0898804779157185,76.06578901347501,1.9684462343811895,40,0,9,6,21.099232409119764,0,4.285010203478872,No
33,15,HR,2.313770690865292,2.0069038842832527,7.779239775595503,0.5651108007309726,4,2.8712356258260963,22.7809122012335,3.1814210879726255,13,0,7,8,54.264952559016805,0,3.3026969842904093,No
33,16,Marketing,3.3650962858753415,3.3650962858753415,10.341033135675442,0.6950342648975641,5,4.866904964442861,71.25389981214994,2.9126628364173137,46,0,10,4,40.85001420417549,0,2.3880502505468435,No
35,17,Sales,7.872652405076154,6.202047801618395,11.587639504155748,1.890062693225955,3,3.389132425046382,29.044143655354553,3.632311831609924,14,1,7,7,23.062785312033242,5,3.3210170348382597,No
34,16,HR,0.4194012102344547,0.4194012102344547,7.889460474646034,1.4140546059466579,4,3.1081678732131515,68.91351461369437,4.385747544661207,45,0,7,2,20.286762559764426,1,2.633987886463669,No
26,19,Technology,1.667524678287967,1.667524678287967,7.813510184587961,1.041517199692742,3,4.195617195168877,72.94628046832848,4.045330967636851,36,1,8,6,50.76241727371547,5,3.6419674929967303,No
35,14,Operations,6.049900715773138,1.919754453795134,11.447917113991428,2.170269239270064,2,1.8111617559152262,79.36609685409384,3.108421132518297,72,0,14,9,17.66592356219354,1,3.4705483265528825,Yes
47,19,Marketing,3.3058894499633746,3.3058894499633746,12.191783900503713,0.9302717139412563,4,1.9963337462818702,62.47415942358805,2.825647932874524,38,0,11,3,12.014225103227352,0,4.974070711620173,No
31,18,Sales,7.466600925995791,4.115595732432624,15.025209450032703,1.7356761374239027,4,4.199248930392495,55.905393372067984,3.014049199936594,26,0,10,4,18.105009621393066,1,4.274238533582361,No
51,17,HR,4.122159583594256,4.122159583594256,8.55996721329874,0.9638434025799876,4,3.6331748096446588,64.70222534840276,3.815156615808523,25,0,8,5,22.3536782256857,4,4.14937702447423,No
28,17,HR,3.0275318486150264,3.0275318486150264,12.9412034223962,1.4040042751793045,3,3.1133946590382116,54.179967131552345,3.1820755714217808,24,0,8,6,65.61574268012924,5,3.3777844139031923,No
25,18,Operations,25,9.044176217191993,25.07690157312103,2.5782620423745626,4,4.6953408244162125,46.91766415998412,3.2933075394386324,47,0,15,7,29.435158020061326,4,2.9230182109632543,No
33,18,Marketing,5.868705068478392,5.868705068478392,12.885610178967577,1.6916552711828006,3,2.3848765952702435,73.66293508926837,3.3031185503725182,25,0,8,2,40.38491156916283,5,2.8287037662995025,Yes
36,14,Operations,4.305912720516106,2.1888159110926217,10.915537569017754,2.0976012933222603,3,3.888190638744049,68.31915727266721,3.0326647776372564,18,0,8,2,30.937440262855546,4,3.5388844816796583,No
39,17,Technology,0.8604739291553921,0.8604739291553921,11.675559921695191,1.2109978438583031,3,3.6886600786419974,45.47777408076102,1.512264705203284,22,0,7,3,14.205260231420116,2,3.1164849652071687,No
28,17,Technology,6.22609381314915,2.6724008292369086,10.036817316092886,0.6217221327814126,3,3.604319845656145,44.76406913078266,2.2015849772903078,27,0,9,5,6.010201184651916,3,3.6497716748423548,No
29,13,Finance,9.155413982746529,6.572488939281622,14.851201626900195,2.3795748799655527,4,4.308195045700981,61.10376280279301,3.431588597667587,32,0,9,6,40.54495668682633,5,4.041479314186828,No
46,15,Technology,0.31282243467195125,0.31282243467195125,7.206477953689396,0.9104159505610553,3,2.890256554649215,64.10107795708039,3.903131840415206,44,0,9,5,43.55288295454706,0,1.8536718802276597,No
32,18,HR,0.3,0.3,10.49192524365287,1.543921375910596,2,3.7887655991859286,90.43049053121439,1.9996043061190896,47,0,7,2,63.323167431416856,2,3.3136649419213495,Yes
28,18,Sales,2.1507599847623298,1.8850957111088442,8.487652053390642,1.3626569383632006,4,4.407918736334181,74.97356722212253,3.4365879314763466,23,0,8,4,13.716530398867842,4,4.047119883871922,No
44,20,Technology,3.7615780723436223,1.841038416083044,10.259206750015423,1.3497689194783498,4,4.477775271833774,58.91315523454287,1.8889481362815086,23,1,6,3,14.922778745314996,3,3.7298297509077623,No
28,15,Sales,4.786366807211835,4.786366807211835,16.44039144635748,0.9336979785339329,3,4.997662107472505,73.81208814569209,3.9220677472279055,13,1,7,6,30.736772284920853,3,4.185271618564976,No
40,16,Finance,1.7461741439622616,0.8625802362055811,9.868590539930507,0.8773941458889877,4,2.603312223203142,52.94955207845999,4.287213571568294,32,0,9,9,47.08398363776976,3,3.9732886909686798,No
34,16,Sales,9.657364073393559,8.132979143712712,10.578918874844229,1.4102178910331173,2,2.391765418397779,78.80271394223443,1.8916362535645599,13,1,5,3,10.3667078262254,3,2.7081176999084566,Yes
21,17,HR,2.944027382539271,2.69655721059402,16.956850809315014,2.923667623004973,4,3.690408161758983,48.96526550514647,2.0588120894877324,24,0,6,5,28.742561532122597,5,2.1742503032087477,No
31,15,Technology,3.5651476496074297,3.081422937580298,9.113382951430877,1.4688622275532501,4,2.9881565050368684,64.87844565089826,4.987848387928341,42,1,7,2,23.13918407440798,2,3.5221069981151714,No
23,13,Marketing,8.042603858088597,5.6902771157256,17.202596481533586,3.443433793028525,4,3.929963809252349,81.37810639011687,3.50135396847364,22,0,9,9,15.044411639744657,5,2.3789500108402635,No
37,15,Finance,0.3,0.3,11.104373929592336,1.181721452947635,3,3.089418169776376,47.004191193023914,1.516211585542268,34,1,10,5,19.593737183849584,2,4.420738738561174,No
48,17,Operations,10.373330707559425,2.749778426748029,11.702272641524539,1.5773966310129373,3,3.91063151587469,66.47099591248926,3.284607805789837,24,0,7,1,12.512714582408735,5,3.5610831904355615,No
43,17,Technology,20.114582398304456,9.226192643692448,28.12566607918761,4.688335345612541,3,2.9101355437847443,51.26908680516476,2.907816817824358,38,0,9,3,17.77356338134228,4,2.3059090000353635,No
40,16,Finance,0.8732620539929459,0.7925827836852225,9.336065144002417,1.2766177913259338,4,3.190322636219531,35.27419008458097,4.067573166685653,58,0,9,5,19.943660165026817,2,3.7817495406635593,No
31,12,Finance,3.1426891850476824,1.948754667684804,9.181054403546383,0.792900183287798,3,2.882992189757063,63.73439254070973,4.900404584806151,21,1,5,4,17.593088238539092,4,4.040590770437268,No
39,14,HR,1.9707837163922137,1.9707837163922137,13.369369892758023,2.32591785406788,4,4.017159737317569,64.56200682202692,2.58884665380594,19,0,4,5,29.162397085602787,2,4.048385166406305,Yes
43,12,Operations,11.753491790905779,4.311855203376962,14.052028610079612,1.4901248807092569,4,3.615951961929235,85.77018548347445,1.8093829336574165,57,0,10,7,17.87546428326058,5,4.894299599032651,No
42,19,Finance,0.6274699407434055,0.6274699407434055,10.931482688046765,1.3610946320451573,4,4.091550764376031,59.19727634142599,4.586828317110544,15,0,5,2,29.577124636789623,3,4.176916429985369,No
24,20,Operations,0.8342919035651475,0.8342919035651475,8.879143401235401,0.48064561281695894,3,2.890525222802264,78.00083934781658,3.8222176759157893,16,0,7,5,37.99689589696113,5,4.893118904816194,Yes
31,16,Marketing,8.275641299676483,6.474943622186308,9.994491349764845,0.7340047204034981,4,3.806436596001676,53.02606628396034,3.7154410263392403,35,1,11,8,20.12558706681629,1,4.671596634713453,No
30,19,Finance,5.733443926690743,2.394308954735658,11.997493864877672,1.1046959036255692,2,2.870475259081609,68.48159420146285,3.313808234917712,21,0,8,5,30.649767568131676,1,3.317509086686354,Yes
31,18,Sales,8.123137028295666,5.196819699973762,15.300059594501608,0.8071800215882977,4,4.0798451445339,65.12736038543558,3.6947712031865194,11,0,9,3,40.673781285141665,2,3.658126697714515,No
25,16,HR,2.3975442354114924,2.3975442354114924,8.031698971090947,0.39787506793884353,4,4.406659621124162,45.33185280337722,4.291475074072127,7,0,7,4,12.28690474641383,0,1.5097124624755387,No
31,14,Finance,6.42668098936957,6.382933100486521,9.995027893698067,1.745243492673832,4,2.5107531058608696,81.32738213139653,3.5843432102525266,9,0,5,4,21.190558539975253,3,4.275024621228489,No
38,13,Marketing,12.992702583110104,6.4196758007154875,18.353269416609034,2.076610328867798,4,3.794069652660942,69.15141106496174,2.897540445965008,26,0,10,3,32.54802114919308,2,2.689315735547683,No
22,19,Technology,4.538636684312871,4.322384717614337,13.907156837843685,2.0090425371346763,2,3.015641154122631,79.58950183094296,2.3124934636661645,32,1,7,9,25.07562111948374,0,3.117398744387316,No
43,15,Marketing,1.7740797003920865,1.7740797003920865,7.59296428799758,0.9946361294764676,2,3.9023148717685583,49.480893567713366,1.6556841916810514,13,0,6,2,33.023870818423006,2,4.300385609122391,Yes
54,19,Sales,7.776967462766292,3.7492234318741238,11.253382380964108,0.5999704878184106,3,2.4091205973558716,38.91039545934677,4.40345845637854,20,0,11,4,61.707356518446055,3,2.017498544153959,No
43,15,Sales,9.167950866441602,3.98943465957615,14.272387060384963,1.0263135568027226,2,4.042021683914873,76.82170261318838,2.923839122850115,14,0,6,3,31.199132694046895,2,3.7546069061021132,Yes
24,13,Operations,4.218123415712287,3.596370083763623,12.120375303646496,1.8444038852054347,4,2.8831203079702443,36.586937612790614,4.124966805188011,17,0,5,3,32.01933710692796,2,3.4653127183063304,No
32,14,Technology,3.7673361143127604,2.733709186931823,16.709382128112193,2.8398323324098436,2,4.110157495400733,47.63140116588264,3.7214848393481916,13,0,9,4,15.09188446193051,4,3.5494624709839444,No
31,18,Operations,2.8244435009821327,1.5490428444406925,11.275587464881106,1.7762226841409023,4,3.488954364824845,31.22787615122525,2.70607237349615,21,0,4,5,29.93856188724379,3,3.078394237437325,No
38,16,Technology,0.9761769494585366,0.9761769494585366,9.080541573941588,0.5526649050190662,2,4.501905318419927,69.12590166899875,2.881148343990248,40,0,7,4,60.309074519822794,1,4.1732268685882,Yes
28,14,Technology,2.17070455785299,2.17070455785299,12.7281185849258,0.6472768593048962,3,3.0918351125328036,82.61329532119983,3.7168804322838693,43,0,6,4,20.545611172098663,4,3.7590409541658762,Yes
27,14,Operations,2.0834727664690873,2.0834727664690873,9.489514270294364,0.5096514786597105,4,2.395755657853472,65.01981067466761,3.495250842164636,38,1,8,7,37.36967415127999,2,4.269619484287841,Yes
30,16,Marketing,9.034056244205651,8.936514264619285,16.07620249622159,1.2742976116611133,4,4.289104174558606,81.59025354178097,3.607986917164615,40,1,11,2,14.993245269326346,5,2.3985509233232585,No
38,15,Sales,1.2243811571459111,1.2243811571459111,10.750213746878307,1.3297514723547352,3,3.1134227860735475,77.81070251501728,3.194472345334637,16,0,4,5,32.57744105970086,1,1.416050904362542,No
31,17,Sales,4.113169407543394,4.113169407543394,13.123055673000374,2.3218287595325067,4,3.790009729690935,39.02989386813184,2.2544108663378486,15,0,5,3,80,1,2.8016990564107274,Yes
23,15,Operations,2.861849273297076,2.1786404780812436,8.332702462059435,1.2973487795530254,4,5,53.677122317653286,2.900668583468903,20,0,6,0,54.402569202362,1,4.413830651556198,No
38,18,Sales,5.264067321434553,4.232899544405478,20.50742544190638,2.7138064943937006,3,3.2659991416847336,66.76526621572576,3.6080740720064584,24,1,6,4,18.841691518262927,5,4.582309998458903,Yes
31,15,Sales,8.936234985913122,8.244845231091388,14.612018631049102,2.2385407571812475,4,4.194250690167701,61.967420854002924,2.19101573855091,64,1,12,2,15.10054422013301,5,1.2452223621046257,No
36,15,Marketing,4.186638549455204,4.186638549455204,7.579339133765867,0.4922938237184854,4,3.633460714798002,44.16377493223585,4.20071140607706,26,0,7,4,34.629127753508804,3,3.433262561656073,No
47,16,Sales,18.496510747875462,9.519374425146001,28.407360935946652,4.70792591641036,2,3.318931110509631,59.99454428840211,3.3313882763785765,50,1,12,2,38.437584230122916,0,3.027241385474151,No
38,18,Finance,3.1459980801606044,3.1459980801606044,12.91405465833553,2.0505225646507492,4,3.3220270819098987,38.89899636638028,3.690249992202852,44,1,11,9,16.106200577980548,5,3.630587394545159,No
30,19,Sales,0.3286041153599782,0.3286041153599782,8.92844184146617,1.6789153141514077,4,3.813755521439422,66.01505832872478,3.203681497572587,23,0,6,2,29.9608653177098,1,5,No
39,16,Sales,3.4299115289526303,3.4299115289526303,13.267527138127829,1.0037631458429472,2,3.9830201877971154,17.579648725784878,2.721838140630213,54,1,8,2,12.378316336225168,3,4.558050220806035,No
35,16,HR,6.8512156212120505,5.102361981589946,15.588391135615305,0.9409925279702176,3,3.8085804435722426,62.9892858272509,2.1039973956556217,32,0,12,5,40.49102681624487,4,2.2970604114428665,No
43,16,Sales,11.468187998007801,5.6242022612104225,19.349038360023787,2.7248789220473495,3,2.706135007992355,94.90296713431748,4.820648504668873,40,1,8,3,52.08010780938576,3,2.3664967250116544,Yes
37,18,Finance,1.7906560131498794,1.7906560131498794,12.732160591832002,0.6841344439716126,3,3.808008750415962,45.09847149227115,3.7143985825312757,36,1,8,5,13.535605432350652,5,3.776476828112568,No
31,18,Sales,4.177866649110333,0.7817829859274326,8.633502890107163,1.6483819628923595,2,3.6108424636763212,88.71124787798375,4.622121543897172,41,0,8,9,24.639126103682806,0,4.702714291283013,Yes
39,16,Marketing,8.301247696634462,3.8577224177452094,12.486333129417448,1.0774102451185639,3,2.2929439827471887,68.14597313838749,4.609260195465362,24,0,10,2,31.73515442489505,5,3.8558954503091045,No
37,17,Sales,1.6309780022481866,0.947306160732183,9.831191553157218,1.6340887965460638,1,3.0855592272135093,95.13607688429653,2.317037390440759,24,1,7,1,35.72991381551008,4,4.200448402827254,Yes
31,16,Sales,10.554057371583104,6.820876848549152,11.32854220436078,0.8091179069804496,3,3.510158179267145,42.03499326096253,3.2671999104996994,76,0,14,3,15.396488170439904,4,3.788702476530495,No
34,16,Marketing,12.949485306078042,5.55483605190537,15.447281349314762,0.792076234982803,3,2.6227567450458036,89.44250243246148,3.7475098396867526,46,1,11,6,28.251967315118655,5,3.5875298770142487,No
47,16,Operations,14.102069404427345,7.036372774525738,18.60430685197953,1.7407778360639128,4,2.4102865532307107,54.22003175833368,2.7136235020988377,68,0,12,3,37.04639601354946,2,4.038248144835614,No
33,19,Operations,3.337340006524377,3.337340006524377,14.478792345813915,2.3977825027027877,5,4.113147471476634,65.0517604796461,3.5933969902868585,16,1,5,4,76.9335147656746,1,2.6040580949647736,No
29,14,Operations,1.5450342304398057,1.0775547059121318,7.393387507838915,1.1973660838886324,3,2.8073392111904036,46.78461211215694,3.108424388055393,19,1,4,5,21.2704603432069,5,2.968603742284883,No
28,16,Technology,5.736318274665111,5.736318274665111,12.176460740465936,0.8117816473217918,4,3.1052868277235546,51.69851758324658,2.38333364532567,15,0,6,2,71.27089548087973,3,3.4915841753681756,No
33,18,Technology,6.026771383453477,4.5560136587682685,8.085942199408397,0.8329908232774442,3,3.0069002096918283,67.07975562057223,3.801068409352105,68,0,11,7,34.198598188061304,3,2.4649623671384124,No
22,16,Finance,4.055934465407891,4.055934465407891,7.700672681544532,0.4359914895004671,4,3.3124689645252468,69.29374560028664,3.993400212529853,34,0,8,4,15.694911943209242,0,3.826439763094281,No
25,14,Sales,8.784790124274258,3.4745207390550417,13.984252585612866,1.156167845034984,2,4.574153533818522,76.37322258759265,3.358697993316921,36,0,9,6,52.19146090251526,4,1.2658489186573858,No
27,17,Technology,8.783371191496451,7.053457311737559,17.08617815307645,3.038494891639729,4,3.2630445427464925,53.33085269138643,2.3772428765989604,50,1,10,5,37.72378231680156,3,3.09353045832486,No
37,13,Finance,6.057129693480167,3.574339956770462,11.828001861609373,0.8208911242873599,2,2.137481705203009,59.55909214484022,2.8264508852127848,23,1,7,3,12.900644775598789,3,3.1247840112620238,No
32,17,Technology,0.9675263582308993,0.9675263582308993,14.291758781893938,2.325391383555524,4,3.524762202356236,30.93225113995727,3.2119523783167643,28,1,5,2,15.42406104425731,1,2.2712322922551493,No
26,13,Finance,2.228236594105514,2.228236594105514,11.276761371341395,0.7888559123541798,3,3.092814711530721,62.11662803733897,3.673162826059241,21,0,7,4,17.905829246617028,1,3.530571715693878,No
36,18,Marketing,4.135203625319751,0.6724309153965523,9.318850427303794,1.4368561954922319,3,2.7954692873578977,66.52205530451103,3.405653491170236,33,1,13,5,42.47086173853252,5,3.1819876907545868,No
27,16,Technology,6.709653619067888,0.37440037406862836,18.4469633454289,2.32226276745482,3,3.0030312830406536,44.884493141446185,4.301776952242051,30,0,9,3,30.458292666612845,1,2.7499742362877386,No
29,17,Technology,1.1652971593254535,1.1652971593254535,12.450293845954254,0.7084196451467938,3,4.0935223025872105,67.68486253607003,3.0092821953402384,10,1,6,7,31.927587620565475,1,3.8008499186819185,No
38,20,Sales,1.4591532986088733,1.4591532986088733,5.696353589301469,0.7618936560686761,4,3.188698841841365,60.452714164912386,3.8651420314260103,26,0,8,2,13.68788336878156,4,2.5521549629135443,No
42,19,Finance,2.922858799905733,1.4660744494585096,13.072200136171132,2.5778667713107835,3,3.5869899244427335,46.89385507850057,4.2000970991213,35,0,8,8,79.30263004164954,2,4.802164295201918,No
32,13,Marketing,0.3,0.3,12.136434550904422,1.6664187234007835,4,5,63.14184758703357,3.866724938334248,20,0,7,5,32.70134055430799,4,3.440441273964982,No
21,17,Technology,2.489382664283709,0.3,8.712108908458008,0.8455734400890976,3,3.491378012445351,68.12331584467752,3.5056834047154686,15,1,6,6,64.25709626535686,4,4.355784686775252,Yes
57,16,Operations,5.119852671466735,5.119852671466735,8.753201136006867,1.3380907537660789,5,3.7045522086542344,64.10937279006212,3.5110235703182044,31,1,8,4,39.805129735383616,4,2.485384258945297,No
35,16,HR,3.582134708660702,1.6817502631830121,12.823689048090616,1.1505940176860694,3,4.404992173335003,70.35376264683707,3.110697825110558,18,1,6,1,21.867200766179177,1,5,No
31,16,Marketing,2.1950285358070323,1.4871628122472036,9.829937797612317,0.6914886771855309,4,3.885893668912586,84.42284951039676,3.4002231418076985,8,0,5,3,41.75651548073547,5,1.9928673811176651,No
25,12,Marketing,2.4590512921299186,2.2463529099892603,11.62667382965427,2.004677144274291,2,3.822196437535799,58.78829314685739,2.8241850409156912,44,0,9,4,17.9837196109217,0,3.516445741352926,No
39,13,Operations,2.6053470030707637,2.6053470030707637,8.964797363756123,1.6229308635422952,5,3.656651572576851,93.86457651103993,3.515358003466949,36,0,10,3,17.93897706431716,5,1.6138776548250604,Yes
42,20,Finance,0.5747904368871714,0.5747904368871714,9.289215924969355,0.6471508994996769,3,3.7740798502537247,42.248351626942195,3.0968356476697405,50,1,10,2,49.29244886926016,4,3.878241325020208,No
22,12,Technology,4.1694262250883485,4.1694262250883485,10.681752460427022,1.8031571718309367,4,3.0912738825405026,63.75334253299884,2.5052983862572815,73,1,12,3,44.45754358003398,4,4.063302420512064,No
33,12,Marketing,1.7083791280485434,1.7083791280485434,11.024523878895986,1.1109568422056848,4,2.0741565343485213,68.58717585668616,3.0930905988985953,45,0,9,2,6.1642221573623255,5,4.9932861120875085,No
50,13,Operations,4.508331934111787,2.9531909721469205,16.256882120474764,1.3296839489297727,5,4.295275935859642,84.2870460969061,2.3303192323367545,13,0,5,9,8.939565770624878,2,3.962879850845103,No
39,20,Marketing,1.065221673052953,1.065221673052953,12.009567677128649,2.160405165887123,3,2.793661102160406,50.04602708121049,3.714995048755516,51,0,11,4,17.890372925263893,4,1.8614258577456009,No
27,17,Operations,0.5870371079640974,0.32062345410473503,7.567556245376467,1.5040936162099596,4,2.6871598553133924,57.11673016893831,3.0928509623176295,32,1,9,5,18.705270341104278,2,2.923351812439408,No
32,16,Marketing,3.1516960960181937,3.1516960960181937,9.679813588505118,0.513906252921903,4,3.607835648278859,60.11073787876849,2.694443108201631,31,0,9,6,23.537146392206466,5,1.6091161150510567,No
30,15,Sales,2.0133128281251604,0.3,13.86322574595051,2.213194388790688,4,2.4273695636131234,80.6962715122102,3.7126225660087875,43,0,9,1,41.603227904485934,3,3.111709058599987,Yes
37,16,HR,0.5039097184362737,0.5039097184362737,9.645650024013728,1.387241431787052,3,3.1894856135972294,56.464180304215176,3.0005361012412486,28,0,5,6,20.392153387066227,2,3.857792016317183,No
31,16,Operations,1.1275171046755978,1.1275171046755978,7.11712490080912,0.7817638681385112,2,4.7885261302047155,50.485790454350465,1.9997607168051696,18,0,5,2,66.66037117137282,4,3.566621720245362,No
25,20,Finance,1.1810709219659428,1.1810709219659428,10.77762172087781,1.5702625084107975,3,3.733983223986166,53.58530319090733,3.303309429218318,42,0,4,6,34.4111128619806,2,1.1726166586288216,No
34,12,HR,1.9380818305256002,1.7041772741368548,10.655013615885805,1.0445867777251119,2,3.5916419920112572,44.27867595452723,3.2958591854749386,52,0,11,3,15.554572745212406,4,2.773850635428221,No
34,15,Operations,4.002199614377117,2.4794184509878554,8.929182476959275,0.546421067844891,4,3.097976990048924,53.977784445024035,4.228170352818977,41,0,10,4,80,0,4.995907795348207,No
47,16,Operations,8.745426922952964,6.480468946272726,14.248980431177523,2.3179489631345183,4,3.5032869349628957,53.08064047898749,3.396445046119574,61,1,11,5,20.590677524403556,4,2.7826934480314898,No
42,15,Technology,5.776482561815911,5.036258925284243,9.026207290280865,1.5056050766565015,4,4.336712797136188,75.41482302472268,3.496128059266082,54,1,12,5,31.442414950833268,4,2.9632202281965365,No
43,18,Marketing,1.982289709301733,1.982289709301733,12.610868221003178,1.6179142897811816,3,5,57.57312035936355,3.693037070833245,17,1,8,6,9.858711304003032,5,3.6308625780480477,No
21,12,Sales,5.099944231062404,2.2424827297153382,12.540151169873239,1.5753089311170532,5,3.6021805156752538,82.91408585994203,3.5010261404880434,36,0,9,3,15.401430867898407,3,3.585362382453666,No
30,16,Operations,24.09878030331036,7.457619854690674,32.214379325230794,3.0646448582485997,4,2.492401154768073,44.13549263470258,2.280290627060801,36,0,10,8,10.357734500572056,4,2.773759266526866,No
41,14,Marketing,2.981367284221714,2.981367284221714,7.942324709355175,1.4103258833935868,5,3.411737027606429,63.493975517435295,2.263994537728025,10,1,7,5,32.44009304988561,4,2.7736695153580517,No
40,18,Technology,0.3,0.3,9.272692734871683,0.611392886768767,4,3.595376062953682,35.76882288537679,3.530590654913172,7,0,7,7,8.56289998678535,4,1.5043332935471543,No
49,18,Marketing,3.097323155308866,3.097323155308866,6.110666428429564,1.0965878922476258,4,3.3285392064580757,50.05113217892205,3.872008228033109,19,0,10,4,41.18545672066223,5,2.699927356886024,No
38,16,Technology,2.522361833902964,2.522361833902964,8.646400876544012,1.3224658219305108,3,3.6016747732451426,74.62003189655756,3.103036665687579,46,0,11,6,16.59401128046246,2,2.9749448967117216,No
36,14,Finance,9.603981624378344,2.7386469813317835,14.536805331509964,0.9736903914773332,4,2.396455373308177,54.92878950576229,2.820447605057595,15,0,6,5,14.461853506017379,5,2.1787057388211752,No
27,18,Technology,3.4058718876211103,3.227543599500706,11.919475405030578,1.4648752992356568,2,4.99831858940624,48.92055979465712,3.1926200890613066,39,0,10,6,73.4532390978113,1,3.2380364772678676,No
21,15,Sales,2.0258823558523917,1.71120340661926,9.936686564394073,0.6695761577977251,4,3.183205407815929,85.21620479176934,2.984160243916649,34,0,6,10,14.446440479731399,1,3.2022631691381767,No
39,16,Finance,2.397559431457422,2.397559431457422,9.437843012441927,1.7648678055593263,3,3.0873503155072037,52.930164072045216,2.8283068224290533,28,0,7,5,31.70040036706682,3,3.6677907317572207,No
21,15,Marketing,4.506099228489182,3.5445545714688493,14.74525430166386,2.932905547804756,4,4.790480070518474,55.674309974195594,3.07340665763921,65,0,10,5,29.664209056528634,4,4.296086681821007,No
44,14,Technology,5.518048690791567,5.518048690791567,12.04200388182379,1.1143221977222069,3,5,73.94412414148222,3.103083920770691,46,0,11,4,35.0592012841677,3,2.7285047807840677,No
41,20,Technology,3.0876689494093807,3.0876689494093807,9.27682956035533,0.5736173244219815,2,2.6963392190019304,40.27613111419754,1.4033491699327547,43,0,9,3,66.59299112894368,5,3.9326296185539187,Yes
47,12,Marketing,1.2366631369084644,1.1763391867945863,10.604262336834767,1.937597616747254,4,3.4200043384712937,51.70850299732982,4.0291984582815585,36,0,5,5,50.314063600719045,2,3.9612576049562978,No
33,17,Operations,0.4348339949397214,0.4348339949397214,11.544021083936395,1.3618994485607003,4,4.547647205790501,34.16229889191941,2.791811262460605,21,0,7,2,30.28853834104085,4,4.186506540523258,No
46,16,Sales,0.4851345741547554,0.4851345741547554,9.026531501204579,0.9142472998247084,4,2.3992912893733336,66.92372299818048,2.996379663986437,48,1,9,4,1.3018279954049956,3,3.3765946270790064,No
32,17,Operations,6.244684661823692,6.244684661823692,8.947552213748205,1.5464213924577417,3,4.105251465230655,67.83256102350184,2.9171188589655817,15,1,7,6,55.43899291819342,3,3.747919377677437,Yes
48,13,Sales,0.3,0.3,8.039005602626238,0.9060858549185018,4,2.584434047691543,43.41666345310416,4.012081227136982,35,1,10,9,32.562853083693064,5,2.9964735430089804,No
27,16,Finance,0.7661089695691257,0.7661089695691257,6.288134084621735,0.4950235032995856,3,4.378353745766371,71.64828539523627,3.0977716772413024,25,0,9,3,14.910875747541954,3,3.913324327308521,No
22,17,Sales,19.077140622903244,4.202890257865362,21.89790231163712,3.1724749807707004,4,3.67935956167687,71.74970722759109,2.3018906997412105,30,0,9,3,11.439194346484616,4,3.797191238123177,No
24,18,Marketing,14.096396884153684,7.693923867191138,15.71172834656406,1.8706738669308647,4,1.9044889575754032,60.19406422395074,2.3773690758256603,24,0,6,3,57.545224351899556,3,3.441349826303904,No
24,17,Operations,5.463898963378237,5.463898963378237,9.391318195748909,1.6466817144298838,3,2.800398644990852,48.05603954144787,3.789098936320537,22,0,8,2,36.72658359415747,4,1.92822873422014,No
46,16,HR,0.31141763952611834,0.31141763952611834,7.042351334336241,0.8038872087361121,4,3.791699810872482,66.94340494115923,1.8172120039167594,33,0,7,5,16.148343564787115,4,3.059118454975353,No
38,14,Marketing,8.180002680804606,6.45040609408314,15.014266749867518,2.549475440891449,3,2.5938585142348796,28.37602003157296,3.307577179616344,20,0,7,2,25.382002326521995,4,1.8821373544475593,No
21,17,Sales,1.4891558140279022,0.5305932356036609,7.288710869274159,0.5109643544957263,3,2.914347353407824,34.004060077674836,2.3452405902907083,59,1,12,1,6.391131367023538,2,2.8541022593970253,No
38,15,Finance,3.007828199352272,0.5141067852388067,15.879671862109648,2.641122679044436,3,3.895830183760841,54.18200529351795,2.7053020478156253,28,0,7,8,12.883434494373587,5,3.6318135976600754,No
31,18,Operations,0.3,0.3,10.199323521463244,1.6640907641996414,2,2.305605519675393,79.35671636101425,4.080922891329682,6,1,3,9,8.064384852152145,3,3.326092372205528,Yes
31,16,HR,14.120147342779687,3.940645773238806,15.104792002904123,2.4315681554734363,2,3.0025457932535597,65.51453104733064,3.3972233753651855,47,1,7,6,16.350342546499157,1,2.917237902287166,No
60,17,Sales,1.5815196405040046,0.7644505406010147,8.402091484036326,0.9269260794241467,4,4.706588289754404,70.46683136943587,2.790684650129037,27,1,8,2,55.2240205804868,0,3.960427606886815,No
34,12,Operations,5.953052570101284,5.953052570101284,10.463099224996514,0.9209547305057898,5,2.9089588349520414,48.43003985441312,2.6921507222363577,28,0,7,3,22.563481826800547,3,3.022434164479475,No
50,16,Technology,1.9510517353809063,1.9510517353809063,10.066877478183365,1.6248325588352808,4,2.295756497994163,49.18875292823336,3.178409516189235,42,1,9,4,22.591307810681673,1,4.755723008067643,No
55,18,Sales,0.8102425829656321,0.8102425829656321,7.902809477102282,1.2468172568095612,5,3.2003961228068794,58.75329091361759,4.611362955910821,27,0,7,3,40.10077940345225,3,1.313255739908578,No
38,15,Sales,4.16755166123428,4.16755166123428,12.642368696204532,2.478017113259306,4,3.1181456498700917,60.161102350505026,1.7230677447603178,69,0,9,4,6.36251875956055,3,2.454385899208254,No
21,13,Operations,0.3,0.3,9.845412627686269,1.1687808945752294,5,4.213623841908998,99.95461661791639,1.7097667515078057,39,1,7,5,22.448083524287494,1,3.22355332432694,Yes
53,16,Operations,9.779807881856916,2.9648437292539582,12.406051818280117,1.7541449286503354,3,4.700405693540959,64.1175950773703,4.117262387711166,35,0,8,3,32.885322679652376,0,3.3851791244038143,No
27,16,HR,0.3,0.3,8.15879407349923,1.6172112761397466,3,3.779273472940078,66.23604635289308,3.1092900718336596,35,0,6,3,17.936672164168844,4,4.811162738875806,No
30,16,Operations,1.6561568744822328,1.6561568744822328,5.481104985483328,0.36848995722383615,3,3.2236790701643807,55.65733287331893,3.087135415717119,25,0,7,5,18.939159390778048,2,3.584041530659548,No
28,17,Operations,1.5542085098635146,1.5542085098635146,7.791783291264489,0.592195505485585,4,3.976362940956486,80.1526613932115,2.4243899166386704,59,0,11,2,24.001091317176275,2,2.0033402041579635,No
37,14,Technology,3.150261378424401,3.150261378424401,12.891759639018991,1.0121335229835082,3,2.292493540034173,60.43892262163145,2.6041018047417768,11,0,6,4,39.876421443745876,1,3.14529164308109,Yes
26,20,Sales,1.6475579982207946,1.6475579982207946,8.324486348809888,0.8532344149869802,3,3.0857153408895113,49.028258996962364,3.2190511974599056,48,0,8,6,52.33868062295299,5,2.6870054809981228,No
21,14,Sales,11.151366955010374,5.025422728010482,22.515622291296282,1.4829441995962493,4,4.292221213448066,52.8859468165342,2.499287536294012,28,0,6,2,19.574572465762092,4,3.039573379438025,No
42,15,Technology,0.3,0.3,6.864786007123784,0.9882632081996666,4,4.983842696288146,86.80462800349893,2.405637588566213,35,0,9,6,79.9947625479279,2,1.6532065447390478,Yes
41,17,Marketing,5.246210654731539,0.688722073383954,8.537419049421255,0.5146908949772695,3,3.622278165391478,79.3246896341844,1.8997681692169353,15,0,5,5,11.851358222384105,4,4.294633339515047,Yes
35,15,Technology,8.453477156359371,5.659606091834016,15.580493604000905,0.9929686937638429,2,4.809997185794506,99.63377462271048,4.7254712163867945,43,0,9,7,32.63043628541727,4,2.8652576089767567,Yes
28,12,Technology,3.4094709225996462,1.1627444019357989,13.372404608387479,1.5113138841658185,4,3.604921617373515,69.6379564516841,2.865819688549823,42,0,9,4,4.652281309194415,0,3.472873006996969,No
42,15,Operations,21.16623529582655,11.667054599310807,20.2855906956802,3.5556407960529692,3,3.3151064317559213,79.01704586798587,1.993667404540737,32,0,10,2,9.990564781085155,1,2.104468500854706,No
24,20,Sales,5.769048114446041,1.708216473596904,12.617740751508336,1.7170711464366282,3,4.282768979545476,89.43754407257308,2.5741533925234505,11,1,7,4,68.71503111826581,4,3.5606386066784554,Yes
40,17,Finance,5.930144090254966,5.930144090254966,10.685014961674392,0.9202269044786875,5,2.1018150641970736,46.70500674338902,4.224662468249555,31,0,7,4,46.524513119313156,5,3.0440340457148407,No
32,16,Sales,0.919803539268079,0.919803539268079,7.931059306660128,0.8322825816243261,4,3.775483354335926,44.43026048036122,2.2924368429393986,28,0,9,3,26.410515230213004,5,2.1523967112429556,No
34,14,Marketing,9.849728870816724,4.142750337926559,18.614441488014076,1.1179970915464732,3,1.8997644286679078,53.78465843226488,4.2831691202535485,43,1,9,5,12.99288617610009,5,3.46182645806644,No
34,15,Technology,9.590779984785861,6.060874389743085,14.559826591757155,2.4217620358452545,2,2.699456582849088,59.92816793120745,4.178759770458404,29,0,10,5,34.87972617940619,0,3.024247052791198,Yes
29,15,Operations,2.531895381616501,2.531895381616501,8.964237089376283,1.2729467965443846,2,4.676455786160972,75.90694789779896,3.5963806024099547,15,1,4,7,8.188679270405924,4,3.506216626166274,Yes
34,18,Finance,0.7733537041125996,0.7733537041125996,11.271382693177905,1.50083771259353,2,3.671501403322416,56.55426296177136,3.209657091563546,62,0,9,1,22.829477844054594,3,2.5706034693469078,No
35,19,Finance,10.75998320313264,5.519078825130154,15.084770089622852,1.8341431802574182,3,3.367687283196608,56.42564961834531,4.225102115993145,41,0,10,4,41.94751254070988,3,2.899205708494932,No
30,17,Marketing,4.485278831670044,2.295638332709268,12.105604537961794,0.9632541915437083,3,4.5112578390116616,65.21978040933148,2.6751364538864832,17,1,7,4,35.49026242904127,2,3.5115157320163948,No
31,12,Finance,2.6353201818818675,0.3,11.90531914375957,1.59118287764463,4,2.6090334992753363,39.21045472119512,3.003280620377884,26,0,8,6,29.905754240514757,4,3.7291737781343226,No
32,18,Finance,1.363988161012367,1.363988161012367,10.326930049279794,1.8628468773715379,4,4.092736454486097,81.28145088986935,3.2949920350139097,17,0,5,2,12.78539818292427,4,3.3430196477194922,No
36,15,Operations,2.8994106766716476,0.3,5.46088640413275,1.017929424149973,4,2.410191788056356,69.36098873034204,4.987330754202949,37,0,8,7,43.32898620043165,4,2.6996305653666712,No
49,17,Technology,8.38697209897737,4.315910415686527,16.76201672275038,3.088911293556879,3,3.399997695990604,56.40285405214561,1.9096163585792867,24,0,6,4,22.687610602209162,3,3.1198282639185275,No
38,16,HR,4.116071972394065,4.116071972394065,9.229554041168601,0.666543702482134,4,3.0842226649732436,70.5268503241579,3.499646338833669,43,0,10,2,26.324296911388377,0,4.554001703088824,No
33,16,Finance,3.811468579238087,2.823946911183586,6.337959211733703,0.4568774515412139,3,2.391773742825373,36.98029333966013,1.9133229411066597,36,1,10,6,28.15918925600871,3,3.271691568036565,No
41,13,Sales,1.6122528760484678,1.6122528760484678,5.953550200027477,0.8241064380798064,3,3.5195369082696404,73.64034494577416,4.903605784234981,26,0,8,5,28.749930871313715,2,2.379364031119498,Yes
41,16,Marketing,0.5697827741643717,0.5697827741643717,9.431933507802409,1.1707733226135923,4,4.281638327553776,67.1999919573988,3.8142253452134707,11,1,6,5,19.161206588313146,4,3.470855249554047,No
32,12,Marketing,5.909114206682945,4.495163309364292,12.110937205985497,1.166256965217998,4,4.307086222431765,40.39488755686584,3.816205044713032,13,0,6,5,39.92543506228508,5,4.801249335799024,No
40,18,Marketing,0.4131436919920641,0.4131436919920641,9.541713570856869,0.817981647853086,2,3.3946528191524887,56.99624215756265,2.628834780385811,53,0,9,5,54.986025876957086,4,3.7807215789046045,Yes
37,13,HR,2.341507403191119,2.341507403191119,6.91753615666972,0.6566969461761066,5,3.1924828467560995,55.71314959445889,3.5055315885239557,53,1,10,2,10.469545796066198,2,2.720130846235981,No
41,20,Sales,0.812381559365535,0.812381559365535,8.45817911025438,1.3672364154715209,4,3.811336823870291,15.015378676564678,3.780604659500211,26,1,7,4,28.035167693650617,3,4.6731580564757484,No
33,20,Technology,1.0118445629083357,0.3,8.5334664436092,0.6824527489551995,3,3.300321655849698,51.12670007922767,3.198733321499522,31,0,8,5,28.32676171602288,4,2.6922894169900506,No
31,18,Operations,1.3051186565207082,1.3051186565207082,8.530270333267358,0.7498113297114526,4,2.777150142752285,41.35830564502181,2.7004140329109863,23,0,5,5,22.542241656185873,1,3.966388193970328,No
27,15,Operations,1.6008093391511324,1.6008093391511324,7.605816129396282,1.2988680494072204,4,3.2070944754019663,67.5648958462957,2.534957985133579,46,0,9,1,11.451529064800864,1,2.8934360301970883,No
28,17,Operations,0.9837966934181261,0.9837966934181261,9.89221015506727,0.9737528336716477,3,3.708710256483076,58.428610475364835,4.507457306057028,61,0,11,6,62.238941441884414,3,3.3590422375948354,No
34,17,Operations,0.5619781832683007,0.5619781832683007,9.907832236449565,1.9295278770580566,3,3.303227824983509,80.38847453417712,3.206678524556013,51,0,10,0,6.212235356373912,4,2.1493518230749347,No
38,16,Operations,6.273041618952364,2.6843015634879337,8.054572269576381,1.2879468868528974,4,3.6949210340025656,44.8293472648308,2.982212762950555,19,0,5,7,27.506995462296835,4,2.5708050113280567,No
21,14,Technology,22.729400413170005,7.336059391856693,26.986419229353128,1.7080483320950706,2,3.0083256977469244,51.621180143976964,2.792091311563472,18,0,9,9,57.21515034396506,4,2.5642683106042354,Yes
21,15,Technology,2.4207473765312106,0.8371258347247961,8.807202695076503,0.9380206341323487,5,3.3823628861314927,37.80140605277713,2.5998727846942145,26,0,4,4,26.45813791686649,4,3.5187889037438764,No
33,18,Technology,3.2551625853216857,1.351655163809417,6.353698711990975,0.4210802929671407,4,2.406514793098134,43.73904955384505,5,10,1,6,4,22.669446574660405,3,4.5727685699588205,No
38,15,Finance,12.365344506063531,0.4891602325079455,23.706765940577494,4.5866760541599145,2,4.436018750967781,67.15029001804623,1.9880109612850358,24,0,9,3,38.86343487276282,3,3.761912918826177,Yes
50,17,Operations,2.4128090973207814,2.2798464480169667,8.842617784615621,1.7026938098782813,2,4.581507013867497,81.04822892325784,4.021895306227472,26,0,6,3,66.49005662441361,0,3.6514004199417225,No
40,20,Sales,6.848796989472435,6.386436017378405,7.85760822195706,0.9710611859746691,3,2.3988310726101565,69.49377778767126,3.5091894566828308,12,0,7,6,20.72796640874412,2,3.248622214275975,Yes
38,14,Finance,18.02471139150496,3.824253593233035,29.981504722666617,4.327382052232486,3,2.7853384753215518,65.67722524454632,2.1025960597613245,30,1,8,3,16.72928616521447,4,2.206406544318512,No
39,12,Operations,1.4940075824989456,1.4940075824989456,7.262090207509016,1.2017237470367734,4,3.2954695808151113,68.37126458675532,4.240537711989569,28,0,9,6,21.898638872938175,3,3.891762511615374,No
31,16,Sales,17.11757642849003,4.953191703899248,14.472070836280393,2.168572728324187,4,3.9084995314420645,52.51248009684178,3.7140502832472992,9,0,8,5,32.22506620269532,3,4.3719040382065355,No
36,12,Technology,10.829239911845422,7.304539560210425,10.435469551225394,1.15904776459186,4,3.1077630342770126,65.79793957542535,3.376385794424119,13,0,7,6,3.0629833099968367,5,3.0220400801413403,No
36,15,Finance,8.571396849526204,5.367989773866933,9.758692608329937,1.3239894661162441,4,4.590914690103345,53.581100027920165,3.2022841508255255,19,1,5,3,11.195289722497247,2,4.199700683147341,No
25,16,Technology,0.8456018194129844,0.8456018194129844,15.684577054842759,1.904553062833482,3,4.381193101865338,77.8448573686025,2.919517304812857,14,0,3,4,14.841154805509431,3,2.4475645909494443,Yes
38,17,Sales,2.9355361672972218,2.9355361672972218,9.865841105611944,0.5619856397581112,4,2.2816119846668386,51.727117495521384,3.1355261279113473,47,0,9,2,33.114879723372574,4,2.4101479363916556,No
30,15,Operations,12.338077293732614,3.8911616796972375,15.684150802991509,1.8156186007254165,3,3.296023829227157,73.74683211392143,3.3143695755914417,21,0,7,6,29.9816610688458,4,3.140568918630724,No
36,13,Technology,0.5362954102150371,0.5362954102150371,13.4427053431532,2.026076678765465,4,2.697039678653134,21.037214743207528,2.8144315749472586,82,0,11,8,20.279952033621544,1,1.6193709816373156,No
32,17,Sales,3.093826786706272,3.093826786706272,11.786230132988807,1.785764247817035,4,3.6170044706207944,66.16027830201693,2.71648452963582,55,1,10,1,13.841817409013238,3,2.7509708578202967,No
24,19,Operations,0.3,0.3,9.806331889571295,1.2256450117996078,4,4.303649773475034,50.694694638205,3.508871105157499,72,1,8,3,63.34928176158206,1,4.991324626525624,No
32,13,Technology,3.8556343074136863,3.8556343074136863,11.179836746489732,1.6511727923351138,3,3.1914886654407715,76.2039548776199,3.0087634773289285,13,1,6,2,44.01435450766956,5,4.243438445685052,Yes
37,17,Technology,11.196083678028815,8.553576314426158,8.094045542948715,0.8471172424911304,4,3.7014998834791872,53.722629161119066,3.515368350259129,41,0,10,6,16.758521984872793,5,3.564855943481732,No
27,19,Technology,0.657376405109623,0.657376405109623,11.538391034957694,1.3158236634890204,3,3.0215321062095644,82.96500445825443,2.4986638199416698,52,0,12,2,29.33567256982228,5,3.017121178101541,Yes
21,18,Sales,15.81762621088442,3.759924627508362,27.16049362381705,3.5743598715137748,4,4.929079187617301,62.17558867043854,4.10654593043695,41,1,12,5,30.03875506971326,0,3.7708880052951432,No
38,17,Operations,3.507376004380207,3.507376004380207,13.970014718424217,2.6162215062994054,4,3.858802062198281,28.539115490953705,2.4013482030802673,19,0,6,5,31.510239805506693,3,2.5652959090140803,No
35,13,Finance,17.13435019031562,7.1245958893527765,22.22523249855479,4.175014786880146,3,3.996221630697611,59.641621665361825,2.316178790377386,16,1,9,4,55.78237077875932,4,3.9555848981421864,No
32,19,Sales,7.165238187554961,5.612019765804091,16.257519631050748,3.0001626841018467,1,3.722464524183634,63.9401925872387,3.684001382148603,18,1,8,6,33.29358309325867,3,2.5667655814383563,Yes
51,15,Marketing,2.0355565544122656,0.3977714195856041,10.171319511345075,1.889443087743778,3,3.9275536888366083,24.997433685489586,2.8961954912973638,15,1,7,3,14.886228183801009,0,2.550272495657418,No
24,16,Marketing,14.799110157162337,4.019607059077058,15.676789414815,2.1275144400427703,4,3.588849232194014,57.00765416507962,3.891300229776729,16,0,9,6,11.44883805451015,1,1.7352237627571871,No
27,19,Marketing,5.436613243850951,5.436613243850951,11.543028900079038,2.0201423430953667,4,2.90040848128297,40.44592388413695,3.1082321743308885,31,0,8,3,16.078995475850043,4,3.7339312824653734,No
30,16,Operations,7.084007535995551,5.664951704663873,14.382025340959999,1.3913611960111798,5,4.795815177971477,51.468092835966175,2.60788285761698,49,1,11,3,75.02240950573925,2,2.340717874121362,No
33,18,Technology,9.730233479653647,3.9039841851936714,22.860757632336902,1.7516781336898548,3,4.806360004413083,37.05598848071665,2.299006435104817,44,0,9,3,45.79930330836827,4,3.3337606168521243,No
31,17,Operations,6.8459212730645405,5.9368714082294,12.639364404379775,1.9896043603436488,5,2.492663579972145,80.89026387761231,4.1996536400064715,29,0,12,4,32.54217095945289,0,2.973939253774745,No
34,14,Marketing,1.080540673310154,1.080540673310154,8.005558849747052,1.0291998436753085,3,2.9929376377116044,48.79932550739217,3.5260058502438447,26,0,7,4,15.850427658219802,3,4.484168957221859,No
30,15,Finance,5.297434722475486,3.011898533908124,13.281191290100113,1.7898742546233586,4,4.41395514839656,59.265043242946035,4.591512536043124,38,0,9,2,37.8681804617946,4,3.8822824221643892,No
39,15,HR,1.0060048127435275,1.0060048127435275,7.8760998006866405,0.5008288948895819,4,2.8069686729504464,48.0017213863747,3.3229371551755147,27,1,8,2,47.490043999568975,5,3.1362615775890275,No
28,13,Technology,17.45437296090264,6.673778420163769,39.47808488130975,3.5496954629861737,4,3.186725045376066,75.14735979332823,4.485897539887262,18,1,9,3,47.72497698121476,5,3.823417030968452,No
53,16,Technology,3.427066049079365,2.219097822093711,10.311812628805832,0.6528878392541431,3,3.5881289427784346,63.58608944308246,2.2099352978896687,42,0,9,3,42.634955767254134,3,3.6299465591451763,No
31,13,Sales,4.231690267920785,4.02080526514647,9.62076705081225,1.5590503158372406,4,3.291536268975474,58.33005391900709,2.9856389286167664,10,1,3,3,32.01269099971962,2,4.080241249262141,No
36,12,Operations,0.31791614217672526,0.31643320854757373,7.466765472069222,1.2145385717940052,4,3.8028149496224644,82.8719012646944,2.566063077432345,13,0,4,4,4.4759297364998725,4,4.00973604359707,No
37,16,HR,7.824814920126104,5.023433737523335,12.442510557705736,0.9244023178187808,5,4.305433091296363,37.80132253128866,2.9829984324538126,27,0,8,2,23.377753571550702,2,4.23766265681965,No
21,19,Marketing,13.01988011589312,7.9328797992789895,25.185905876836607,3.937726299326578,4,4.133813739229858,57.11865402557758,3.422965019305182,94,0,17,4,21.184172797771737,2,2.6295261954721623,No
45,16,Technology,19.477224027287985,8.869649207223826,25.226202496411506,2.096786403401513,4,2.3821326319909257,57.70120503040488,2.1835373497628896,27,0,10,3,27.012127890104367,0,4.417482686618429,No
40,16,Sales,5.9668045743772,4.4255188017215,9.192391170201121,0.6061823447858673,4,2.5953154298783607,54.61132776017678,4.215296826591956,81,0,11,4,15.613418930287189,3,3.8024751212678884,No
30,16,Operations,8.026264821388807,5.669927692283134,10.664668458282256,0.96823953574635,3,4.208550361463913,51.47453784333262,3.107953191136327,21,0,2,4,23.79439883154805,2,4.220025230011056,No
31,15,HR,4.101416083910994,4.101416083910994,8.008495389779345,1.056463512208949,3,2.4811785097065986,58.68840255604641,2.812554207450605,48,0,8,4,33.06287807715638,4,2.193561226651895,No
44,17,Operations,1.919074173545659,1.919074173545659,10.547650881382298,1.3427427556110088,4,3.105326184226238,40.533760592622784,1.3092344779269474,50,0,10,2,24.53365351832803,3,2.5359139365534977,No
30,16,Marketing,0.4428144608567672,0.4428144608567672,10.169468368459572,0.8314096899674548,3,3.068079968383508,57.78813796983355,3.707811830707935,66,0,9,2,52.068690952487415,4,2.359712768041773,No
32,16,HR,8.322236136695146,0.3,20.38730143724861,2.0495988621908467,2,5,68.17272543901427,3.721771102646863,21,0,8,4,40.3372433291673,5,4.536466108000391,No
40,17,Operations,4.2993752249084825,4.2993752249084825,6.088616124207723,0.3052955632796316,4,3.7216899443103983,33.878495507255984,4.20228051775445,40,0,9,6,55.12351195375316,0,3.925073097385735,No
37,17,Finance,5.541123222218769,2.0037831955442647,7.0692147271527626,0.4227082366906107,3,2.524682890653588,54.00844893844702,4.298072792516833,28,0,9,7,33.06614400665515,5,2.9160340408362075,No
37,16,Operations,1.8991512846171803,1.8991512846171803,11.112431342370181,1.0314267465605906,2,4.074089772369542,70.1311989279269,3.225138030381709,36,0,8,4,10.534716510497962,0,3.722925483787181,No
50,20,Technology,3.514685506296512,2.4778179036350885,9.458200480854739,1.5349316890220857,3,3.0272890670203867,35.7270592022741,3.0884232834168195,46,0,11,0,16.1591228741179,0,3.181770579484011,No
39,14,Operations,7.541719597640219,5.17428070540042,8.726300347769719,0.6133220827286499,3,3.772109446726111,22.721558489358323,3.2833612921500914,17,0,5,4,22.331998608811553,4,3.682345726166976,No
36,14,Operations,1.4615491805724297,0.35029679334423725,8.045278460346728,0.8395254715847346,2,2.914288585025437,77.9697275622103,3.6049456116238994,46,1,6,4,17.55816884091094,1,2.509671920723628,No
42,17,Marketing,3.886569306169085,1.6705150199451602,11.958933739980978,0.9924499357714137,3,4.684608835356468,71.84034813264189,3.5705185627288536,12,1,6,7,10.995941908655704,2,1.6035141488332296,No
28,18,Operations,4.21465234730536,0.3,9.71253587667632,0.6764510244224164,3,2.9061449446111074,74.259449288581,3.0851502208145702,35,1,6,5,3.708602259565035,5,2.067779173240264,No
24,14,Technology,1.4015214732367889,1.4015214732367889,11.365892067056256,1.9698936854089817,3,4.417276682598494,58.26122034224265,2.436883142700971,49,0,12,3,21.87430893396486,3,3.2408575473292784,No
40,15,Technology,6.257208629466037,6.257208629466037,10.843264750063454,2.1116977854421735,5,3.5863500373048454,73.17775782330438,4.617155631109759,34,0,8,1,15.421617655292998,0,3.1403679730145977,No
53,12,Operations,0.8162208565181953,0.8162208565181953,5.69726956230747,0.8084346332323026,4,3.998830781651992,73.67073816345723,2.920853666066362,44,0,9,4,20.382391094017446,3,4.378631632816125,No
31,18,Marketing,0.47209738424737685,0.47209738424737685,6.689092898328994,0.3146232175805772,3,3.3774922264731986,58.42684926492112,3.3919369404274,31,1,7,5,27.50407264503496,4,3.6355100830886227,No
29,17,Technology,2.966912243158349,0.3,6.821002679905214,0.6001960342842546,3,3.491829095335911,52.42343651169475,3.9813479763761266,25,0,11,7,19.895040691960183,2,4.163763232568148,No
43,12,Sales,3.7445811806407865,3.7445811806407865,14.965816567252412,1.2751307037253266,3,2.9143088874964733,55.533127140206055,3.504262268577146,51,0,11,7,32.70022668480308,3,2.4876559180986026,No
24,14,HR,4.466138807596062,1.9943169261295426,10.510691033491865,1.9222592420013724,3,3.219201014181325,53.357378601287785,3.505422666728849,41,0,7,3,50.089213506469626,2,4.9887992594558455,No
24,18,Technology,8.301588884904012,2.8273100256260157,10.646164124750296,0.8037391230869531,4,4.40839336397865,50.37165242988909,4.502961850175678,73,1,11,2,61.531015037962185,2,3.674132318615123,No
21,17,Technology,5.218724354439753,3.0839060708568278,14.150648327730206,1.7805592232177523,3,4.3162846577978105,84.666840813583,3.0894987776591214,19,1,9,1,5.321765686811548,2,2.2139379087074658,No
37,20,Finance,25,3.8850430674047907,27.40661645974524,1.7644804292373055,4,1.6910630198997132,27.237921178195542,4.398538350457818,17,0,7,4,14.231454160810554,4,2.1650108552878367,No
35,17,HR,5.737785545068473,5.737785545068473,14.819594633126572,1.3781952049300474,2,3.4874302646693676,63.383316845474,3.277421580739746,23,0,6,6,35.35734767498927,4,3.347744196700281,No
29,17,Marketing,0.842075883428973,0.842075883428973,8.396740522145924,1.421044959359894,3,4.063493864624558,63.36563255722366,2.4731260197553215,29,0,8,6,14.065149136631753,2,3.609549370363928,No
39,18,Sales,3.0169741322014265,0.8917893460473504,10.318602503501854,0.5319204343545406,3,4.90887365651859,43.54702305173211,1.5081148525449988,48,0,9,3,6.539233739727413,0,2.601949743380186,No
43,18,Technology,3.1696268081235006,1.5385023905746034,8.420042593157559,0.5575473714927992,3,4.018017632652929,45.12913219660183,4.524993944530922,41,0,7,11,9.253291138386192,5,4.826654259248437,No
30,15,Finance,21.38069811638269,9.504172038724015,22.475677023422257,1.6009094796075434,4,3.5674046092749334,23.757918747245903,2.6002088673208372,16,0,8,3,42.30357336233241,0,4.371665951070522,No
37,15,Sales,1.890024510030697,1.890024510030697,8.090021289580802,1.0629258634925376,4,3.194950384533317,35.45253265054021,3.104359917230473,17,0,8,4,79.7705508327473,3,3.9359301850977757,No
27,12,Technology,9.981695741599218,6.185816472572556,12.538986893602713,1.556494443175148,3,3.1804726444065343,75.46043318009382,2.5288395782568407,50,0,5,3,24.248548624654017,2,3.9133256014409037,No
27,16,Technology,1.1436966887345894,1.1436966887345894,7.801202281134102,1.174987069848465,3,3.402752452882506,71.89909819763523,4.72741653272601,38,0,7,7,38.11396051523725,3,3.4660434974598306,Yes
26,16,Sales,5.940378782100293,5.3508449308616255,12.7251171328385,1.6273749325645204,4,3.9944178598036295,48.03718282330902,3.2311512099250943,44,0,9,4,50.53295817722642,0,4.63018163550204,No
30,16,Marketing,1.865300097805682,1.865300097805682,6.503881987113416,0.5618144217257856,3,3.8019209597019326,57.90320741920536,3.192835676277146,18,0,5,3,27.41007426100778,4,4.721968096865544,Yes
37,14,Marketing,5.488652814931455,3.693723063474265,9.45820651209449,1.0755182801904222,3,2.96732836357724,72.62074329604903,3.398231113618387,49,0,10,5,14.837453809681229,3,5,No
25,13,Technology,2.347783193368714,0.39997552184229135,10.4044680930732,0.8016951549094311,3,1.5122406506277388,51.76850904277446,1.8945382827457047,30,0,5,4,12.379931272272145,4,2.5774159533705654,Yes
33,17,Finance,1.3442303432783542,1.3442303432783542,9.98105719001824,1.0732531401445653,4,4.495176781310269,23.027735067667866,2.9009626486684033,31,1,7,8,12.563933658874435,2,4.229288484595668,No
30,18,Sales,3.628698191407278,3.628698191407278,10.62303665870803,1.3310455697519814,4,2.9937333507340442,59.86995748713001,2.9794872980067915,26,0,4,11,27.7607052825893,5,3.1596522795220783,No
31,17,Technology,0.6054013922561172,0.6054013922561172,10.939826167808175,0.628063998508156,2,3.811843308329162,67.8464204202044,3.76308423622997,50,1,10,4,20.68839766574592,3,2.9065616796406064,No
37,15,HR,3.3632012736115287,3.3632012736115287,8.358767838185184,1.3553247997823983,3,3.7110577212787734,50.280914496031336,3.323144551516214,22,1,7,4,10.723299089713883,4,3.2187200012394905,No
43,19,Technology,1.6762233894419953,1.6762233894419953,7.158063742189659,1.2288695011890638,4,3.922848774242823,92.29232742454884,3.404065628336165,22,0,4,4,31.451272446463506,4,4.702294451044623,No
50,16,Marketing,0.6779876219350118,0.3,11.321881610071658,1.0783072577029997,4,4.781209943121768,46.92841334507775,2.5291981326859116,53,0,12,4,13.741254458018883,1,3.5786686262865137,No
21,16,Technology,4.242472006413901,2.9799776982047868,10.1413057928771,1.0298163854205407,3,4.204700720883115,61.38976906805759,3.998570673369047,10,0,4,5,56.46075526937392,4,3.755555481001832,Yes
49,18,Finance,7.826170342936671,5.314749573941983,13.246483223517622,2.3336826690262726,2,3.200737030605066,15,3.4010741708080334,52,0,10,5,41.226129602014524,5,3.7261374267862104,No
33,18,Technology,0.3,0.3,9.94237195929594,1.1819852700062692,4,3.595069809323556,47.759980431678784,2.718347354076369,62,1,8,3,18.829870791279312,3,2.2465011998034936,No
47,17,Operations,5.537765150777574,1.5040992494069871,9.004840311109097,1.6494345848581409,5,2.805675482728664,33.70372984642414,2.6041136180878257,53,0,9,6,5.49806213861846,2,2.887059765850225,No
33,16,Technology,25,8.76807348323323,30.199315339807676,4.587219891645533,4,3.092290711675841,42.352923126784304,4.689915122613186,35,0,9,5,41.96979478133222,4,2.7494208878092046,No
38,16,Sales,4.285256318832405,4.285256318832405,10.135894779689016,1.0643744801441837,3,3.2941161175195113,43.76612996548385,4.0148051203195205,33,1,7,6,26.131879678596064,5,2.7081394477327296,No
32,17,HR,7.7079021191068,5.320972423806523,14.255566942580288,2.1335198893163927,4,3.562189960151588,68.86621114636709,3.4264509009012847,46,1,9,2,55.85095806848009,5,3.1357220458605894,No
28,14,Operations,1.4403849364066041,1.4403849364066041,6.841189446232684,0.5431642512562709,4,3.698529650855661,71.53913942503733,2.308041218136811,21,0,6,5,30.693652336067384,4,4.1969377242108115,Yes
26,14,Operations,2.4452069740275877,2.277787470347839,11.982966490883669,1.6029470271632986,4,3.908502570761618,64.21502232477597,3.807144703087538,44,1,9,2,29.763848772299642,2,3.516926849854742,No
39,13,Technology,16.28199673226645,3.08079613717417,15.54436041901954,1.513855089986463,3,4.48764585726041,86.68505539915711,4.993264973132591,43,0,10,10,53.766513233146746,3,3.961514662846606,No
32,17,Finance,2.984717739431916,2.984717739431916,7.249786785543666,0.6251859463582655,3,3.081384616447321,56.57719440821138,3.9861555247135834,38,1,9,3,38.96554179986051,3,2.6655710018093983,No
32,13,Marketing,6.472809392285269,4.982088342001802,8.639539727134048,1.4455567050370945,4,3.4201673446200895,91.15338989961946,3.108976116570077,33,0,8,2,13.00290578005712,5,1.7076684696385604,No
37,16,Technology,1.6934144967829032,1.6934144967829032,10.863559274620442,0.5682362996477299,4,3.3931471577390413,37.228887103617325,4.309059605600287,32,1,7,1,8.051179329870884,3,3.532813071560844,No
47,16,Finance,2.231450099637628,2.231450099637628,10.362235110240624,1.9075879917904017,3,3.1947516138169547,55.13335408533166,4.091604776001127,22,0,7,7,30.585089059342458,2,4.287874901222415,No
41,13,Sales,4.206427687758603,1.8725450688842338,6.247518671386437,0.39704829066230285,3,3.5870280951265268,47.257334058840186,4.294204659737625,31,0,8,3,35.659616892929,3,3.8334704644281485,No
36,15,Operations,4.224122162690219,4.224122162690219,8.366578390164658,1.5426308730805876,4,3.7988733082378694,62.224718550388666,2.9125071224993793,14,1,7,5,11.270820977033239,2,5,No
30,15,Sales,3.4224595379111142,2.8164856111609153,10.9034089609103,1.7793098808259422,3,3.277508098936,34.60091145210989,5,22,0,8,2,4.628843496978483,3,3.89631957462402,No
30,19,Finance,1.4947614878093722,1.4947614878093722,8.693495096201344,1.4081788680591245,3,2.811116927396878,48.08490572839524,2.7991323318617387,21,0,4,4,19.28516914277587,1,2.2744480000550507,No
42,18,Technology,0.5145383653098345,0.3251571259299879,7.620996826776638,1.2660242829364274,4,3.4842581573605265,45.58701635445626,2.972487450934554,56,0,7,5,33.33944232876758,1,4.2279408622004295,No
28,18,Operations,7.89841935229325,6.763496922512273,13.886238130032167,1.079318841063227,3,3.5888733524213334,43.72000711372919,3.50475952318935,17,1,4,4,13.896152721634177,2,3.1437101329763126,No
27,17,Operations,3.1113772758634166,3.1113772758634166,14.602178593921314,1.8179671957164756,4,4.884264372325363,53.43118115023456,2.4104372395062614,7,0,5,1,24.665161169204378,1,4.386942532942709,No
26,14,Operations,11.932404947832971,9.444160451066985,15.38018494314855,2.344667876911569,3,2.8125865460666866,72.22582924085636,3.714361514347673,44,0,8,6,32.697837507350684,3,3.200707658214491,No
24,18,Sales,9.431790315673437,6.305946770750683,14.154184017885772,2.1490070270184853,5,4.888870406533053,31.32244332439659,3.7222705240641485,6,0,6,6,6.0349984946131165,2,4.487281304247689,No
44,15,Sales,0.5805589163649689,0.3,11.087105527512914,2.196387863607168,4,3.4861324210885707,57.48514646176216,3.2260141803041065,24,0,7,7,17.470065762269964,3,4.261873040441064,No
27,17,Operations,11.38440532763477,5.907947476691499,19.13715481248138,1.0755675135624843,4,3.2971279653043952,60.97354264341607,2.401861463687447,49,0,12,6,19.551000038642343,4,3.363975114686185,No
38,19,Technology,2.2233778930830943,2.2233778930830943,10.504821673209491,0.5353101521651187,4,3.900712941360344,60.87605191237981,2.2752578186398353,15,0,7,3,20.866291202581337,4,4.187577537302815,No
26,14,Technology,2.379783956451106,2.144563513838994,7.11497326139004,1.3350122223724705,2,2.908418986926167,83.46974107465877,1.0017652665489638,22,0,6,6,16.446139698338506,2,2.2483760556612005,Yes
39,16,HR,1.8842495615687995,1.8842495615687995,7.665013919999155,1.5572384288358867,3,3.9843782903031437,78.47858995988035,1.2905798746849007,32,0,6,9,26.24085918674112,2,3.9656209259599917,Yes
34,20,Sales,11.341888758378797,7.8451866641660475,15.869891753594008,1.3903363618013258,4,5,81.66754998269545,3.3734844023048622,30,0,10,4,52.577864077422824,1,3.7357873765136946,No
30,12,Finance,3.233480836167841,1.8605077380916735,17.207800241542753,1.693131176406782,1,3.108485480810033,43.67125120699077,3.59620214748616,29,0,7,0,9.555658480578279,5,3.7951114162649935,No
51,14,Finance,5.565734210063735,0.4255714596030213,12.00850659090196,0.9312661193451212,2,2.7963107793605397,44.93190150118999,2.110399948315978,27,0,8,2,23.916289476202703,3,3.7426084773292927,No
34,18,Finance,3.938325623387968,3.938325623387968,14.099084924789114,1.284533123810974,4,3.3867595684918803,40.94857342506734,3.0153953739567156,41,1,8,3,48.32920255503602,2,3.4911431644588147,No
45,16,Operations,4.135619261622019,1.8244131704053772,9.691218636653844,0.5415195238951904,2,4.295608906333528,61.6959801136171,2.5029331805216812,23,0,7,3,46.81696430421519,1,3.5146926744407967,Yes
36,18,Marketing,6.585175457516134,6.585175457516134,10.449979377358462,0.6969039231007624,4,3.38789083009995,56.20146507982969,3.388796777560166,48,0,7,5,35.96236345071289,3,3.7725295736930153,No
28,15,Marketing,1.4187908020925886,1.4187908020925886,8.552526811701712,1.4916805893112268,3,3.641567104491623,48.84824989759589,3.695482131190567,29,1,7,2,31.979332365434825,5,3.497363152316778,No
42,19,Sales,3.5189038608736354,2.304502010195327,8.11845163147628,0.7164861949489947,3,3.406928599495802,82.05883151367873,2.9797579782607877,22,0,5,7,11.069973899626286,2,3.8187281701894182,Yes
41,16,Technology,16.110895470196105,9.035789869957917,18.7393152847032,3.54437001133662,3,3.9920860972577157,76.11701155341146,4.503160099340638,9,1,6,8,12.349589357883785,3,3.9363576605839428,No
23,16,Operations,7.68830376318554,6.154546957771362,10.817720145584527,2.1777225427263605,3,2.724682191549783,55.93068341246166,4.404189009639459,59,0,13,6,24.33267211692332,4,3.8850088150189346,No
28,20,Sales,1.0348472259804287,1.0348472259804287,7.207511911477485,0.6815121541469242,5,4.408107164320122,73.18795932214627,3.6911348415183722,41,0,8,13,30.68697305506149,3,4.599366543383084,No
43,13,Finance,2.947797666982754,0.8073278633056095,13.222488322462764,1.6990105746020998,2,3.9036772384087803,68.99436402767836,2.3060620787788393,24,0,9,4,33.31049884901993,4,3.5220853965251298,Yes
26,14,HR,3.8474084102518624,3.8474084102518624,10.858358410712308,1.4110026530298896,3,3.910597952156425,61.937687581358944,4.096671884135699,21,0,3,1,34.71343660741057,4,4.998727828893375,No
35,13,Technology,0.7939700297360858,0.7939700297360858,11.909699016256651,1.218107209151914,2,3.1875303882693196,93.03830842439835,1.3795621940961462,5,0,4,1,52.824584949647324,1,3.423396025787682,Yes
34,19,Sales,18.857884909065625,11.164160693432189,19.18068192814315,3.4336522435088694,4,3.210320291252859,53.16612374307886,2.592888534681265,40,0,14,7,27.89107355632228,4,3.0464243502766304,No
28,18,Operations,3.1618845720209423,3.1618845720209423,8.0901741788618,1.2493800189612747,4,3.1911454253394345,78.18811563296363,2.511676002609003,24,0,7,4,13.775153149212409,0,2.1898594537369194,No
38,18,Marketing,5.498783043531659,1.6340858348112315,11.334669149999609,1.0001443132484347,2,4.4149490103988525,67.5380933204497,3.0177028203448986,92,0,15,4,29.316813915343886,1,2.8165437857655684,No
28,15,Finance,5.955729607900111,1.9059440996375305,10.617504926054263,1.3685101765968413,4,3.4004648873015633,75.78885287574631,2.502310500070666,34,0,8,8,38.69391898130018,2,3.5545111596089503,No
48,15,Sales,9.72843593749691,4.343501774276221,17.124697947394868,1.0375288102634705,3,1.0994645375535643,54.92971191391668,2.4941410528340167,20,1,7,5,33.53677764248844,3,2.798980165929007,No
41,17,Operations,0.8341596835049521,0.8341596835049521,9.029668260629355,0.8886413239062821,3,3.7115957225100478,51.84308792717094,3.20007014797523,25,0,5,3,3.1033783546158054,3,3.658602159434457,No
29,15,HR,0.36413623518944704,0.36413623518944704,7.928992492832499,0.5679839432809533,3,2.7020292019534864,55.57182552364481,3.7723687023093544,51,0,8,7,66.91286304559407,3,4.217634525707372,No
46,15,HR,1.0661638386975059,1.0661638386975059,9.790070429814003,1.2989274969273699,4,3.67522710174083,83.65318930669797,3.4004998468655105,44,1,10,6,35.072313962851055,0,3.8619536664566225,No
33,15,Sales,8.910465852835383,2.458720839948794,15.328271010879076,2.3881597561726626,2,4.11133887497164,62.91283176863682,2.977844167892169,28,0,7,5,79.91966087031463,2,2.33122744789672,Yes
30,15,Sales,1.0072146717749626,1.0072146717749626,7.05799471327109,0.6637751807560047,4,3.1112964293318734,54.5994160031049,3.5981648911834463,31,0,9,6,27.062059135162496,1,5,No
39,12,Sales,1.5898677986566807,1.5898677986566807,14.021075025664658,2.725171660324256,4,3.1978740323511814,74.78655449524524,3.111309950794367,42,0,10,5,26.605805967490646,3,3.186173299590824,Yes
44,16,Technology,1.9455139506744992,0.3,12.02804407771774,1.524034965984659,3,3.603832177623436,84.21958947823492,3.7978713497210554,29,1,8,6,31.496061722681166,2,3.45370074430596,Yes
28,17,HR,6.40807270199438,6.054422526700508,11.608498190937137,1.4786766329444703,4,4.891245862800387,51.482484389944986,3.8082716999294424,38,0,7,3,17.697284768172327,4,3.743591340414745,No
46,15,Marketing,9.183477239227622,1.5054704094435094,20.561842145150262,2.8125846361831743,3,3.896290530078281,75.6550105495699,2.210497286926411,35,1,8,2,12.286786534571018,2,2.667882008523804,No
31,16,Marketing,2.9210343814707453,1.5483228618834728,12.910837319588616,2.3721481230903483,3,2.3166475429755216,82.01484123482074,1.1998452718656767,13,0,7,6,10.293278126109447,0,4.346329727409622,Yes
33,16,Marketing,12.51162523501542,6.852818754416086,24.185318079264302,4.008564393602219,4,3.702137786344927,88.6176816356643,3.412311347877173,28,0,9,5,36.62864130996399,2,3.064465105613559,No
21,20,Operations,4.028967044840309,4.028967044840309,11.784906130668853,0.617690378897116,5,4.010356443946171,31.460634912309626,3.0079693762104873,17,0,5,8,14.801449383878616,2,1.5817610712813732,No
24,16,Finance,2.6769724639464867,2.6769724639464867,12.421042265213968,1.6515358023525102,3,3.3223394983066394,52.01536786729649,3.308094724202333,25,1,8,4,12.904910111616333,3,3.0323362030246863,No
31,15,Finance,1.497560535741401,1.497560535741401,10.336962545711366,1.3453444780569503,2,5,76.68073014358495,2.986764645012175,100,0,11,6,26.253594351887063,2,4.028186607474742,No
43,18,Finance,0.8936836460038022,0.8936836460038022,8.942635915081635,0.4742955311255273,4,3.748935804342904,59.713965815307105,2.875251224796318,16,1,8,7,57.66599181731509,4,4.779863614304895,No
31,18,Technology,14.833133648627795,5.460241806523539,19.971771816873904,3.5436236103594823,3,3.5863095155189484,58.044396794830114,3.682108362589145,46,0,11,4,12.018032358484671,5,4.17975577786858,No
37,16,Finance,1.3508439381377932,0.41687184636190594,6.85302823942105,0.3899270113159879,3,4.4781850261179805,52.59741227340777,1.8834212832087447,72,0,11,7,23.01633904544006,5,2.9665020667692414,No
36,12,Sales,1.525478771470402,1.525478771470402,5.123626052848182,0.5169084161771779,5,3.8776233264855655,71.91446237364332,3.399456217377289,62,0,12,5,29.90420637238208,3,3.1191525566986478,No
25,18,Marketing,2.7439523841384035,2.7439523841384035,12.009826181699983,0.6521538382689538,3,2.413124062262775,89.29854843448126,3.01237503888669,35,1,6,4,24.072084512774026,0,3.1035118282595566,Yes
23,18,Finance,0.8204908143371771,0.33679802412503457,7.065312379158607,0.96208324667558,2,3.470595946602185,75.7581107577557,3.1096810724258863,28,1,5,7,77.17472419523719,3,3.93311732305982,Yes
43,18,Marketing,4.241651558125799,4.241651558125799,10.913320846295642,0.7428828423475304,4,2.3756266644891473,78.12239739945265,4.380791191431804,30,0,5,7,49.263050706711724,1,4.043152170609546,Yes
43,13,Marketing,4.253160402461514,3.1237075475371303,11.353704813493037,1.586786780751911,5,2.6091701149164854,39.22226668191823,3.2996483615149375,41,0,11,2,34.94674986488368,5,3.3828874918410774,No
32,16,HR,1.8905309912994448,1.8905309912994448,12.19653771549308,1.8420142845085599,4,2.3768554315248385,68.43021562290596,3.305804886252443,30,0,6,8,24.54243988282277,3,3.6656905137536024,Yes
24,17,Operations,1.1510507524526374,1.1510507524526374,9.052026895628797,1.6507495376691392,4,2.71571920312875,51.55524357887697,3.723954043532935,26,0,11,4,14.508618708967237,1,3.8120711693786777,No
38,18,HR,1.1228662618665315,1.1228662618665315,8.108276877276458,1.219072654119666,4,4.288465992172027,73.2486801044657,2.986067164898844,27,0,7,2,36.57089644536168,3,3.617855841023682,No
31,16,Finance,0.5444446741937958,0.5444446741937958,8.516593161264192,0.4814990109596847,5,3.4196228145449066,72.08119285915309,3.599410564719486,21,0,7,2,35.43862670574532,4,4.607872873599888,No
35,15,Technology,3.0167003092461067,0.5277102127228335,8.76763958650913,1.6528203233624799,3,2.898058090251826,79.76832039895815,3.125596597676446,38,0,7,4,28.593558039085323,4,2.7263305543048295,Yes
37,17,Technology,12.286498525149124,8.383894232660555,20.194648779211345,3.36716992203106,3,2.302699740057467,71.19007191629305,2.1249941858724566,83,0,15,3,33.747429006022955,4,2.798233541970782,No
33,14,Sales,7.660343491612528,1.5761013299684359,10.826367158397318,0.8319163541510155,3,3.013023536325213,51.206740968010244,2.315056408350906,30,0,8,5,12.708692185292865,4,2.7466958098210856,No
28,16,Sales,2.6001918660230188,2.6001918660230188,11.111500631180277,1.4947058519526966,3,2.3098942911714793,41.209713844591995,3.620751432037679,54,0,10,8,53.108006572674384,5,1.3113546867079124,No
30,15,Finance,0.9946097977361588,0.9946097977361588,8.647644292593041,1.5504077602590922,3,4.700670266580127,43.21545837468854,3.5886850211139083,20,1,4,5,3.963665463649997,3,4.768892596285363,No
32,17,Sales,0.3,0.3,5.570107551365375,0.39238028011471165,3,3.4011909912541816,27.944695039878884,4.3089110057048785,22,0,5,4,18.995415513561547,2,3.3167652934120317,No
23,18,Operations,3.828961543354074,3.828961543354074,13.166164290785492,1.1315551707274456,3,3.424889777360939,69.28107502449151,1.7064651424581512,20,0,5,1,23.27901996095469,3,3.129010166007881,Yes
30,13,Finance,4.346888744667058,3.024262304531145,11.649569421386301,1.9058002841593076,4,3.5765042611039584,43.365439106901306,2.711671022342098,28,1,7,2,22.41510376822962,3,3.5078816068559764,No
35,12,Operations,1.4771360442470736,1.4771360442470736,6.360485622004863,0.9897097240974626,2,3.667295979229153,74.37337519108952,4.204128341086315,41,1,8,6,17.180992067122276,0,3.3436106083114403,No
34,18,Finance,12.562713120778387,6.055811722076124,20.42224395064813,2.425959569438969,3,3.7028238336457693,56.76050568343471,2.9406098831644494,20,0,8,5,7.444874808233019,2,3.471066967480418,No
47,16,Operations,1.2551351438989289,0.30870972050348844,10.579190461439397,1.4340951600871201,4,3.727998110852545,80.51445611879933,2.2067349014556514,29,1,4,8,79.99708809379645,5,3.013959184228311,Yes
30,17,Technology,4.654443347862458,1.0462398880745742,11.95798263811481,1.9898777115867865,3,2.796808993492675,65.35217755530296,2.275962052958228,51,1,8,2,23.358589089992826,2,4.754894217749222,No
47,14,Finance,11.130235079008067,2.5606098385635896,19.212719373994222,3.788774434688377,4,3.199178461512089,48.369265046021646,3.3385463620135702,36,0,10,6,23.091415841050537,5,2.1116290087934164,No
36,16,Technology,0.3144279635968573,0.3144279635968573,6.5029895816589365,0.4236791390274353,4,4.98041289159359,83.81021139797825,4.973198538984657,38,0,9,2,22.524524155990285,1,2.5550764715798016,No
26,17,HR,4.4962162498652045,3.5446392341052793,14.934726073272422,1.3403846916519517,3,3.4735384190852714,76.49347922052226,3.889150229817352,55,1,9,6,17.263111315950376,0,2.859868212353581,No
26,12,Technology,2.80169668193699,2.80169668193699,9.539311740219123,0.9002913018687656,4,2.3043936015792,67.80785965140834,2.3169700209121045,45,1,9,2,51.2361616199244,5,4.180341775149211,No
35,12,Technology,6.397559046707391,0.994953632981298,16.087127888301755,1.1433022010611944,2,3.641373152207275,84.57306201066837,2.8037262916111576,27,0,10,8,32.87199441824673,2,3.5715242585856997,Yes
44,14,Marketing,5.70483150451218,3.884074910672191,14.016689485650913,2.4313944197432673,3,3.2018207587852197,70.23825738178955,3.3742705861924844,18,0,5,3,17.325467243850163,1,3.825598746493558,Yes
27,15,Marketing,2.148163493781126,2.148163493781126,6.752615977333692,1.1098781341542607,3,3.1846422323755124,71.56442106882503,3.40478251468542,27,0,9,4,68.9874885643082,1,2.326944702641811,Yes
47,14,Finance,1.0344545647599033,1.0344545647599033,9.459190286742995,0.8997894555548085,4,3.7946264556507847,23.09640668882917,4.4819446496661435,37,0,6,10,28.563995496036366,1,2.8950371726161,No
21,13,Finance,4.427962449907662,3.0183240225573025,14.944974190712975,2.4398310607778635,4,4.1078690458654155,28.19067171602945,1.703682166773397,37,0,7,8,25.527327519834294,4,3.5212605848556366,No
37,16,Marketing,3.188292924548926,2.859988707960419,13.047926716091263,1.4450124116292093,4,4.312239004464909,72.83634443297385,2.200132276242014,26,0,6,0,29.308790862926955,2,2.6733347567491306,Yes
52,18,Technology,9.991838978011131,2.9791440779071845,17.941491855448383,2.2889835218451995,2,2.1218842213894207,28.145640803789078,3.1120090562320457,38,0,13,2,34.747510229112045,3,3.138324828526022,No
44,16,HR,4.604526315815887,1.2376399655804926,7.5747988877532535,0.8454737497990769,4,3.8838870555059386,48.592760895129146,2.1594392955570885,52,0,9,5,34.796882036967915,2,3.3294174288614715,No
23,14,Operations,25,7.639591130342614,17.98691520397794,1.9399672656219116,3,3.100897469149797,33.383295053511745,1.6673928825698372,29,0,9,3,27.039653066520916,3,3.745163870755937,No
42,15,Finance,4.094187056293356,4.094187056293356,11.860030705807404,1.3485454376518873,4,3.692739410438929,40.10034677752617,4.096852211496138,24,0,6,3,26.5554145524979,3,3.8619975852850996,No
35,17,Sales,2.7456735693061485,2.7456735693061485,13.503654336957828,1.1920225119343484,3,4.007681024583752,48.33883573310134,2.310806411502007,59,0,9,1,12.472218337909554,4,3.151524191561035,No
40,14,Technology,2.5154188508418427,2.5154188508418427,12.814640903231789,0.6723410182984096,3,4.101999657223083,34.44189735710651,1.8134957221438734,26,0,5,6,38.76295283452822,3,1,No
25,18,Sales,0.4233541289241917,0.4233541289241917,9.816421302804697,1.423220948739897,4,3.6781678638043678,39.43467183141204,2.3882474274234697,25,0,6,4,8.54070692043676,2,3.468783774760297,No
21,12,Sales,4.504279093097567,4.504279093097567,10.18937478511409,0.6921639521062144,3,3.497851895734897,68.14251943107084,3.7836389755213125,23,1,7,6,46.15476934179646,1,4.8615988531711,No
41,17,Operations,1.5680249247167528,1.5680249247167528,12.259879659037452,2.169153304938066,3,3.691098645908833,36.649553885177234,3.299541714558253,21,1,7,6,19.42083166110326,5,2.593235596931395,No
40,20,Sales,5.847947197514831,4.960719710339195,15.403587490495195,1.137411707918712,3,1.7996629750104698,70.70837782130715,2.090782670926794,28,0,7,3,29.974858525681846,4,3.0116853301975253,Yes
47,19,Technology,3.824899361040794,0.9604361259360148,11.367034230162496,2.262829034408763,4,4.407063340702163,75.29027410524662,2.913773232428032,26,0,6,6,52.45034715843468,3,2.5099620600347112,No
28,18,Sales,4.616625936694603,3.4053280849596375,12.905903649701356,2.2690514188269804,4,1.7989278208305828,66.92771821300974,3.8031561538273624,26,0,7,8,23.30101773754806,4,3.5095559638157194,Yes
44,15,Sales,0.6047226918784032,0.36875384130667643,10.302951308325337,1.9417930866096573,3,4.900365280446308,42.20865024363258,4.298202325756248,41,1,8,4,54.34814893244926,3,3.3534315828058037,No
25,14,Technology,1.2462973801231412,1.2462973801231412,6.2735345063162224,0.8031795928398624,3,3.303520260062197,69.40177191125771,1.8830599713781584,33,0,8,4,31.09784733896197,4,4.952637342335504,Yes
48,14,Finance,18.427142575287775,5.353139943417984,32.07160225173853,4.558847439419858,4,3.7873804231268213,57.755119064856096,3.7019556056703427,21,1,9,8,44.69742669501679,4,2.7804555944888567,No
37,17,Sales,1.8409970783199765,1.8409970783199765,6.448830055488958,0.7293361186435591,4,3.318315243234479,60.006054566141515,2.7801842895945925,27,0,7,6,45.548474557289026,4,1.8782181590352132,Yes
27,16,Operations,0.5203329204887117,0.5203329204887117,7.293416174980002,1.1966420809584395,4,2.9907170712946503,67.7059228237305,4.084195408440662,40,1,8,3,42.51708125127294,2,3.502144900202936,No
39,19,Operations,0.3,0.3,9.282179522470285,1.3912798820149457,3,3.6995963287037923,70.66565944067013,2.901637136868341,20,0,5,3,18.297329099023294,2,2.7892383527729057,No
21,12,Sales,7.453340031552209,5.009397295430967,8.533663729939192,1.7019788417555057,5,3.417739908526682,39.67847678357504,4.909941283545854,49,1,11,2,25.905354476270713,5,3.7141947897854086,No
32,16,Technology,1.6316436204351432,1.6316436204351432,10.630742559698364,1.4869716562370954,3,4.597259069088469,47.16284889955268,4.296523822099905,17,1,6,6,9.348452328075037,3,2.7269980703596572,No
27,15,Operations,10.583089838136672,3.671661631658202,16.038829751394132,1.3252416571785501,3,4.548435479901663,63.227346538142484,3.9298102656240603,27,0,9,3,5.776387979436251,0,2.981279286970201,No
33,12,Marketing,1.576625679420458,1.4177758381088204,9.890983005879557,1.474733635572811,3,2.018623840478637,88.43250444385463,3.3947322053139586,60,0,13,3,52.99494993675162,3,3.414652714666608,Yes
43,16,Sales,12.141674814011404,10.247978271973222,17.791386138526207,1.493527680056997,3,2.499429352921867,41.52098293539012,3.6758956921750805,45,1,9,7,15.554983337254322,4,1.0298789371552965,No
30,15,Operations,3.1347023852689464,1.0854106387192712,9.033681540073875,0.9557153514940608,4,3.3932084426321008,38.50036517679344,2.2082347501499835,40,0,11,6,26.514647201323733,1,3.3113035657383785,No
41,14,Finance,10.228384535589587,3.4369187169026154,14.853345240092892,2.628007881157755,3,3.499741293762023,59.68783978403238,3.6995246107719932,17,1,7,4,14.072380925306275,0,3.8784790045231654,No
38,17,Sales,0.6185512703315328,0.6185512703315328,10.132325965382787,0.8875557158250164,1,3.5189555172043785,71.32125741313335,3.096003964097299,19,1,5,1,24.649143774922578,3,2.1834574451444806,Yes
36,19,Operations,2.2225367372123506,0.7666482144151733,10.193611774232073,1.8757585282947462,3,2.621065847046627,49.62210490092188,3.5855875569572735,14,1,6,7,51.50913318034429,0,3.7362453250464185,No
29,19,Sales,10.370715217485786,5.64452437207406,16.172263613164876,3.2213258819422097,3,3.7848241687014132,45.77179651801861,3.3028321624694654,22,1,6,6,22.356093350930696,4,2.304555140677042,No
45,17,HR,1.1426337468305139,1.1426337468305139,12.496367985399536,1.38571444918341,4,2.6999245765885527,77.1811412585873,3.6746796595727984,36,1,6,6,34.185352708671886,5,4.4361760441648705,No
28,18,Sales,14.21969122098524,2.2321117798745376,11.407282326292341,1.8539146635504855,3,2.9932836858528993,61.96870619215108,2.3027456466881575,62,0,14,5,32.442995992616105,5,4.330521088237237,No
28,16,Marketing,2.400265830189315,2.400265830189315,11.819692329825228,0.9785092244990313,4,3.0806556346019844,82.40879357882017,3.40219553274548,17,0,6,1,12.721417171985397,5,4.0441539746056225,No
22,19,Marketing,3.33213357613999,3.33213357613999,7.057317970224622,0.6974140918903201,4,2.580266589478209,47.91218941846622,2.4022274005295814,40,0,8,7,46.59136306267748,3,3.1355308503631063,No
29,17,Finance,5.245077997414466,5.245077997414466,9.012469893540931,0.9732430022865033,3,3.104499456913125,72.08422634051806,2.4015869144393425,19,0,7,5,33.563290927390334,2,2.818960024751225,Yes
36,16,Finance,1.4383435898204748,1.4383435898204748,12.275307080646733,0.741485328411936,4,3.9004283084765214,76.47235950113406,1.6127825893275396,19,0,7,6,24.58479546143935,3,3.5015039999715656,No
35,20,Technology,5.453000452843604,2.7909548074343555,10.292129102167372,0.8699022397203164,1,1.6774652255935154,49.3151213025183,3.5182038776433027,34,0,10,3,16.266415320506056,2,4.796583993757228,No
34,18,Finance,7.4136639100556225,4.256341839358479,13.0337995933418,2.051063413371755,4,3.8983622911878992,58.804757543807796,2.613657868690529,32,0,9,6,40.58211423893479,4,2.5310915693481193,No
38,17,Operations,2.0772144959385206,2.0772144959385206,8.61826479373709,1.1525901472764029,4,4.01084061042786,51.39402313382254,2.2805273450016488,27,0,5,6,30.25484885963997,5,3.0474052109205747,No
47,16,Technology,7.805594982205051,7.805594982205051,15.576584908330464,2.836128420798631,4,3.3123127187169725,39.808516647975736,3.2140446457696346,44,0,7,6,27.57709162927722,4,3.3534048834237655,No
37,20,Operations,2.5780263798651486,0.3,8.4215513825244,0.8716043076513261,3,2.9080027426953894,68.2023417162968,1.9897177600703055,57,0,12,3,21.742968141056146,0,4.054289203302482,No
46,17,Sales,2.407272689211728,2.407272689211728,11.77461114338395,2.2127146560463333,3,2.48299278430226,66.23985507104469,1.7106179304590259,36,0,5,1,35.55344874510132,1,3.6716828376573214,Yes
47,14,Technology,1.0731994158334108,1.0731994158334108,9.837700320691175,1.8806914870686933,3,2.5236499806246853,71.43593182887462,3.284837273151097,16,0,6,8,30.852802304850556,2,2.7202449984140085,Yes
41,16,Operations,8.544565386041985,6.8282098011526955,7.4152573633819046,1.3864664558064748,4,4.370353659564137,61.17890451319904,2.606065211234734,8,0,6,8,22.01248226849139,3,4.025615784223689,No
33,17,Marketing,8.163502524304429,3.1424845896014437,8.733817630760175,1.618395089925742,3,3.422097166871683,72.74270881750223,2.8975625024641163,27,0,7,5,21.566223613959572,3,3.6541172251228327,No
39,15,Operations,9.626764435738187,3.1521440073142744,11.789676418867314,1.0529400544349172,4,5,34.57830888747389,3.5984700677108976,54,0,9,6,14.95589293279578,1,4.74020845591139,No
31,15,HR,4.522004427802552,2.7816226993867246,16.62168968320257,1.0997809153735159,3,4.001189050025546,69.14270449406368,3.354777339843728,23,1,8,7,32.57679231706271,4,2.7557093343861223,No
31,14,Operations,7.801809144317141,6.516238887996874,10.650766818173848,1.7798089925341862,5,3.1081344548329586,43.807725478822,2.6230302076430942,13,0,8,5,50.33574523157202,4,1.603873829831797,No
33,14,Sales,8.347085124809956,2.005597022862572,10.27238075740921,1.9866072361722478,4,3.803392494041106,56.6651666523602,3.310736082255536,38,1,7,6,26.667606722355305,5,3.1545031654915037,No
44,17,Marketing,1.9111697699125196,0.7479914369555593,6.851684462374506,0.605026877185846,4,3.2944636094749584,51.17919870444693,2.490062179019475,46,0,10,6,19.282829008065843,3,3.0315244685286444,No
31,16,Operations,5.7838566521313295,5.7838566521313295,12.958050143592898,1.2959730877263511,4,2.8173837575183924,49.622186078913586,4.257053761049966,43,0,8,9,12.86088090937745,3,2.546565967673542,No
40,13,Operations,9.538708432484185,5.804144886468726,17.95040588000863,1.0078191112248915,2,4.0912814229341015,31.909046049943193,3.7073627191152188,36,0,10,1,30.25831432042784,3,4.3911679916910575,No
28,17,HR,0.7419562614983176,0.7419562614983176,7.249482677171891,0.722521539994685,4,3.197717081934794,45.03942196208745,1.0153029440077428,38,0,8,2,29.162313974487077,5,5,No
33,13,Marketing,0.4879938918895764,0.4879938918895764,9.516251370354432,0.88726134178632,4,4.099984645584262,51.96370671766105,3.1885931618727716,49,0,10,4,43.34650172934277,4,4.978001186061832,No
38,15,Technology,11.650483264404642,7.713031851478994,14.239660746244773,2.1005006549227594,3,3.5206677147882566,89.36044443080087,4.208966127082456,20,1,7,2,32.860932180221255,1,3.670974749606533,No
34,15,Sales,6.158237030811419,6.158237030811419,16.588329736001704,1.5413421888888266,2,3.470665167980039,65.3185542131467,2.509987579456907,64,1,11,1,45.2175515131346,4,4.999549117166299,No
24,15,Technology,6.91800142518257,1.723393027508807,11.142702367539416,2.190739914797432,4,3.1983761711980465,83.7765866118832,3.6062636108613484,21,0,6,4,53.59330038239138,3,3.8902583557839274,Yes
34,14,Finance,2.0947742558933675,2.0947742558933675,12.474838311714322,0.9111247582637061,4,4.402346744825851,67.05231698549949,3.192105393226537,23,0,7,3,36.024388828850576,4,3.969649791555477,No
37,14,HR,1.421992999046935,0.3,7.89244635826636,1.2190008551577722,2,3.08911864955296,61.82936104685719,3.8280545819355423,41,0,6,1,32.908012803707464,3,1.4884475527855134,Yes
30,15,Finance,1.468414265123623,1.468414265123623,16.6819628677855,2.8905074446888332,3,3.1410350249518637,53.480591562389336,2.799105383291786,26,1,7,8,16.041176271254322,4,3.461984575479013,No
40,12,Operations,5.922793091303501,1.9797462747547674,10.115378908591822,0.576921934613563,4,4.715919731371284,84.44511118270148,3.8250738290108846,35,1,9,6,33.06174567866342,4,3.2939635422755593,No
43,16,Technology,7.481863259845929,0.3,10.57667102810199,1.9163337419456246,3,4.137633473347591,76.29335831872935,3.3980120791760955,53,1,11,5,14.41495811739964,1,2.3340675132166475,No
25,16,Marketing,5.812569766710091,0.7982046866732126,13.949667395169199,1.3059525533179612,5,2.7050678325011255,46.633140612059236,4.689706415804102,18,0,4,4,80,0,2.346776050235296,No
48,19,Operations,11.194290742912491,4.118714889223574,16.404596942783797,1.5303312968097245,3,2.906131166772104,86.62044464750092,3.793025958561572,28,1,9,5,9.85393952566823,0,3.9444857399433872,No
21,15,Sales,3.2193816013040375,3.2193816013040375,9.420951078012653,1.6854713665933658,2,3.902552949798379,90.12325063471246,4.295348355114657,29,1,9,10,34.354048012054974,5,3.762143743962055,Yes
30,16,Finance,0.7234017519856522,0.7234017519856522,6.823031243807427,0.45887112050774437,4,4.21309820946101,90.84061444529469,2.7891378951690236,36,0,8,3,7.340933271128188,1,1.9618184262331408,No
28,14,Technology,6.988723692433445,4.483461310998507,8.507317711905765,0.9178513809213754,4,3.1307095178991724,55.51995083133899,3.5294104226720617,37,1,8,7,19.894500742539694,3,3.509887121444422,No
21,13,Finance,1.4267218295405013,1.4267218295405013,11.997307094042894,0.6606133348601406,4,3.415828136914752,67.94082578750161,3.2561537309699067,37,1,9,4,37.09229168348168,3,3.7943939727313145,No
44,19,Sales,4.406498351232276,4.406498351232276,10.98220171621752,1.0428747020878366,2,4.30549821947506,64.98615002413342,3.4882133725410087,17,0,6,4,61.16899508009592,4,3.9432627725759155,Yes
31,17,Operations,2.483999305693886,2.483999305693886,8.000344158756963,1.274241669233904,4,2.5007181291657306,98.46195915031828,2.907121496675229,17,0,7,3,22.605337003992457,3,3.222923813689438,Yes
49,19,Marketing,0.7289930637852677,0.7289930637852677,6.687763124852123,0.5065063674218271,5,4.886081843759407,54.91808216478325,2.705076047840163,19,0,8,7,47.40090669787525,1,3.213446448557613,No
40,20,Operations,0.3,0.3,5.973116245688308,0.3065567296614297,4,3.2003926233648023,66.78977438422297,2.3967806401612526,7,1,4,8,29.37921914046563,5,3.3068994000734393,No
45,17,Technology,19.576860445202023,9.898097866383289,28.83500184780121,3.4466767646443883,2,3.8005008387871366,56.783973046557506,4.273864627367676,34,1,11,7,44.705831588823976,0,3.5406760743862935,No
40,15,Technology,5.78300947397075,4.93960815250595,17.009918286431276,1.9744359335695336,3,5,52.84777793647557,3.7241357291920245,33,0,8,9,23.107796953498717,4,4.29229856251428,No
33,13,Marketing,0.4478466579224773,0.4478466579224773,9.451962431607093,1.42499886481157,4,2.85939772683237,70.02079023606927,2.794097901600131,19,0,8,6,45.36365637102906,1,2.916048066997497,Yes
39,15,Marketing,3.7222056843478346,3.634628571634107,8.202660920614456,1.3986005783057125,4,4.705450292505965,45.44910639709456,4.683018522845366,34,0,9,7,25.181516190019284,4,4.51792597722638,No
33,15,Technology,4.057730229742583,2.8423803709022093,7.071762954263862,1.2522166641050902,2,3.988042405801951,45.74924889207889,3.5839846324074274,28,0,9,5,12.05406742531497,5,3.513646994374771,No
41,15,Marketing,12.238895111165546,7.183588355484685,14.436975385672946,1.6840496030894596,4,3.1063297044369316,53.61501541743823,4.186704019756427,28,0,9,4,23.464317940647742,4,2.3309488658635193,No
35,17,Technology,4.59365839294378,0.3013503088192399,9.134482879774772,1.6015764295454062,3,2.0102514235220417,90.90541202866665,3.3309194698027955,18,0,7,4,22.991430007733832,1,4.649335427684179,Yes
41,15,Technology,0.6568396224089289,0.6568396224089289,8.423672398472707,0.8224774668154681,3,3.4783431075479263,39.340546099653366,2.2922151272782214,47,1,8,3,13.844956387963473,0,4.534471403344401,No
42,14,HR,2.7270649165532097,2.7270649165532097,6.67865472896066,0.6355782481009983,3,3.689252002861104,54.3007308715488,3.690203397386824,15,0,4,3,21.25300060863198,0,3.492010205004252,No
32,17,Operations,2.6236980466135664,1.3006969356671856,9.891377711239173,0.6721326836785945,5,3.491882588353413,16.45698864577183,4.403092826090522,14,0,6,7,17.930304093127496,5,3.1539103226826173,No
37,15,Technology,2.240439670086082,0.328918865772535,11.12597646434369,1.5159383052226285,2,2.5793047869110977,51.190348122524696,3.001896166686546,26,1,7,4,49.780247935210674,3,4.263204440375512,Yes
45,18,Technology,4.972813803559356,4.972813803559356,9.165399391225767,0.5830402576655922,3,4.183545731944635,73.6656149841955,2.0134996645475476,29,0,7,5,25.149979097653084,4,4.634946383193461,Yes
27,16,Finance,3.9778001541835364,1.1091838142645438,13.714460007486693,2.3484235342528885,5,4.198739271135558,41.572309147977386,3.62092630401802,25,0,7,8,17.891333956299047,0,4.322571396605838,No
21,15,Technology,0.599633459962404,0.599633459962404,8.127018238996817,0.639439070270624,4,3.4028140275896046,43.94425327023342,4.991475464656235,41,0,10,4,34.596541218650046,4,3.1233706351931874,No
38,17,Operations,0.32722077366586827,0.32722077366586827,10.477753082406995,1.8063762594863602,3,3.890295177946148,50.74153191097552,2.7884523240713976,30,0,8,4,38.772475065728344,3,3.9935597143570516,No
31,15,HR,1.4706403255322495,1.4706403255322495,8.646011175703222,1.063620556550764,3,3.7780705528252776,53.12153893122811,3.8873389525800968,36,0,8,5,20.83293080241735,4,4.3440116480982045,No
39,14,Sales,1.7449565444941006,1.5996729871577744,6.931441232356382,0.6066055853998138,4,3.6047710913539515,65.25569763218235,2.298420301322347,34,0,7,6,14.537709897886904,4,3.861931901957386,No
46,20,Sales,0.4763863823283168,0.3,7.34000771043454,0.7557375612712862,3,4.270676834713196,80.51736153011458,4.50538431693308,62,0,10,2,27.07140821796753,5,3.632765295035234,No
29,13,Operations,1.1089449345156874,1.1089449345156874,8.868392221664811,1.0673995356058348,4,2.5066738144895417,72.76078438960094,2.5070441453040977,42,0,10,4,10.786948250323142,3,1.57486132572216,No
28,16,Operations,2.9638655956591515,2.2697372521461414,7.291773769871303,0.8060141531869323,4,3.600254777662691,72.16490006207331,3.4905985040411474,38,0,9,7,21.990917728488157,1,2.585769232639277,No
28,16,Sales,0.79552219159579185,0.3,11.219564930008639,0.9992090022930836,4,3.5038342473541126,75.48129441240893,2.1828508144086816,19,0,7,2,53.634078050897706,0,3.158470434565251,Yes
34,16,Sales,6.06577135904495,3.257926419913374,14.260357158331196,1.3958763974493924,1,3.317059215339622,52.60062580416539,3.1845906809811955,30,0,8,9,14.756624356287187,5,4.2269740800120585,No
42,13,Technology,0.6755226905683741,0.6755226905683741,10.667303462247203,1.8083395676312344,4,2.5350659703597835,53.15191651683502,3.323370340562672,22,1,9,1,38.645661388003624,1,1.8285806636586428,No
40,16,Finance,8.195564889743379,6.837766653396405,13.222734770854183,1.3069216887467145,3,5,75.34872126426733,3.092253467037566,30,0,10,2,12.380297881871279,0,1.784663956807709,No
29,18,Sales,12.33657646867157,2.9857840452445443,14.491277641952923,1.1984023978304608,2,4.511293108411769,58.103012171186435,4.37978900208666,56,0,11,4,33.70731748484313,2,4.079674287593698,No
55,13,Finance,2.3120218183951162,0.35840948207662404,20.075539719472978,2.781038429531926,3,2.809333322570376,44.85392562369777,2.099545797643256,50,1,12,4,29.147225816412035,3,4.252491002413968,No
43,20,Technology,2.3692874428706574,1.9467374729505624,10.447477018638864,1.698574077844029,3,5,27.605518158673775,3.904360160115766,29,0,4,4,24.68847828734061,2,3.315133135568103,No
32,20,Operations,0.8723953451165687,0.8723953451165687,7.066391513303875,0.7547602706691375,2,3.417821420420834,18.29758204979644,2.692818564342104,35,1,8,3,30.711328268656246,2,2.543646103484267,No
31,17,Marketing,1.080170076513703,0.3898103345323133,11.777495582878693,1.4626919520561155,3,2.7554021703109663,52.121364850765126,4.319510810280256,24,0,6,8,26.77033316275648,0,3.9993154911362265,No
35,15,HR,0.5739566456896381,0.5739566456896381,12.15063856574616,0.93657828808566,4,4.796718043884619,53.27149562975574,3.7134031798510763,48,0,9,6,31.398270745818227,3,2.6794530375471437,No
31,12,Sales,3.320146470673572,2.532098877748261,6.45763044866303,0.46178087191384903,4,3.292665994799205,73.70647108761851,2.9015770044891616,13,0,6,5,13.027265651017979,3,4.497643062754397,No
22,19,Marketing,6.538260902899933,5.179313030285402,13.182703913822243,1.5754606251899546,3,1.800323585108844,74.8531156641472,2.9960589106137023,77,0,11,2,2.566620744838116,3,3.334884666929606,No
25,17,Sales,4.95421686498069,0.3,10.158214567896268,1.979778107058708,3,3.7958268639847987,76.66547238534193,2.3100971383813036,51,0,11,3,20.42663747293388,3,3.485485462717663,No
21,17,Marketing,1.6758308128133765,1.6758308128133765,7.7962414843642005,1.4173186929918942,4,3.0105748026477857,64.89727025744772,3.5919454939940523,35,0,6,6,40.536328393935236,5,4.31200146697291,Yes
31,14,Operations,2.3347830302174986,2.3347830302174986,12.284451534084486,1.6863393402133444,4,2.0750199480940643,82.82050819595644,2.904006909697021,26,1,8,3,17.912566541436757,5,2.6661497032510417,Yes
31,12,Operations,5.9320597328852225,4.376538640408609,17.25215400746137,1.4805516478291691,3,4.995782085591933,36.69664353196526,2.3622441753666354,26,1,6,3,50.436487609050985,2,1.9605766092743475,No
29,16,Sales,7.69511513402795,4.616041359593156,9.542803913555217,0.47556021468563653,4,3.3118714798066895,51.01689530260995,3.391484775027406,70,0,11,5,48.00939026177529,5,3.923978380146522,No
52,16,Technology,3.4865249886124046,3.4865249886124046,11.567562705989694,2.2020260410578203,2,3.4946196954475313,54.76614816544388,3.277844155344713,60,1,8,7,15.421907712818108,4,2.078762878873795,No
36,15,Technology,6.4455383713322405,3.532377808301991,16.477798539128763,0.9642343452557778,3,3.426043342369714,39.638984033056865,1.4063933326233722,30,1,8,8,18.123830397795096,4,3.1773383553567527,No
38,15,HR,4.035535267906115,4.035535267906115,7.629181997976984,1.1166775535299405,3,3.3959505193550403,84.81031576415042,3.91080894447068,23,0,7,3,72.74084489763221,4,3.048716999880005,Yes
47,15,Technology,0.32852834452199103,0.32852834452199103,5.380139012346114,0.7502026533630324,3,4.9899963414423,58.75946390573622,2.8057243307604365,33,0,6,2,33.91855786409792,4,1.0143927649198448,No
42,16,Technology,2.834200120577146,2.834200120577146,10.14607767946582,0.5728927757534756,3,4.383675220408249,81.21341191229872,2.2973769670717594,38,1,8,6,20.347516086152982,0,3.148779584452142,No
28,18,Technology,9.713549864189732,7.447336808097971,13.295635145574597,1.2654558710590467,4,3.5996599804657023,69.61858078252386,3.0794428251360983,53,1,12,3,2.1450457153234828,2,3.1364297357130986,No
43,15,Technology,1.384015821058219,1.384015821058219,8.628844515968087,0.6253409031725596,3,3.4693204736650087,61.03240073053224,2.981361671332067,30,0,6,9,35.24586472269261,0,3.3886021485616897,Yes
31,15,Technology,5.634117805083547,5.634117805083547,10.150667132171296,0.9441443562354017,4,3.313954761973917,45.95088396309048,5,25,1,7,3,22.53135460096308,0,1.7815832226042334,No
33,16,Marketing,6.156485702019908,6.156485702019908,8.853953363680446,0.625195435393288,2,3.070578612017363,62.293202239839374,3.9171918567634263,42,1,9,3,13.449585764498764,0,4.29216055734253,No
31,16,HR,0.7977967299246451,0.3,7.435532747707887,0.4344569515058117,3,1.8945155699995173,82.33662035115326,3.3846661244731693,14,0,4,2,7.802674777764966,0,3.601495926751842,No
21,19,Finance,7.41256111364267,6.771147625809162,14.51373038241064,2.1282128708887327,3,3.1109652588625623,62.26399057279924,2.596801945777441,27,0,6,5,30.086129269352682,0,3.841802596091684,No
24,19,Operations,3.0832386567453423,3.0832386567453423,11.671016467658756,1.6436876483143172,4,3.185898937838864,40.451564180654415,1.321272468485804,48,0,10,3,39.04281444344436,1,3.2672193931372484,No
28,17,Sales,1.7332776207449003,1.7332776207449003,9.90453280470125,1.7104438508934685,3,2.2915610795287815,73.15200252528324,2.8244820600724796,100,0,14,5,37.08456653307471,0,3.783227377955033,No
40,12,Finance,15.099238146766648,3.4239038071700034,27.123021561618042,3.627108353245211,4,4.205655120717108,57.89870960460991,2.696690421824223,44,0,11,2,15.813693821630826,3,4.2463884297254575,No
22,13,Finance,16.5199323241196,12.456548620111278,23.394885076222273,3.7328248565513844,3,4.284836743830858,67.29874299100815,3.6192294779291676,51,0,13,2,10.473274001512483,3,3.3638863404760784,No
40,12,Sales,4.873000108215047,4.514244170863388,14.815011541526403,1.5362990876270803,2,4.136615120180829,56.836056834160516,4.982775292548207,45,0,10,3,15.140572128070493,0,3.647091800566991,No
32,17,Marketing,13.095665177541441,4.899381381280624,22.957143942481537,1.6843062521512298,3,2.477516119949419,61.25281776103902,2.090293861644638,45,1,11,3,33.61866460141107,3,4.028852452934285,No
41,17,Technology,0.46448289347208316,0.46448289347208316,7.93249314245691,1.2682529688412842,2,5,95.07899580286974,2.2879288542471916,30,0,8,4,10.638228660923513,1,2.472051972610259,Yes
36,16,HR,2.006469362044885,2.006469362044885,8.538310314547221,0.6905806819668399,3,4.596059123049792,28.279237979186142,3.699939878100597,38,0,10,7,44.53751951237413,4,3.458906989726126,No
33,19,Operations,11.989567399866118,7.843101133538142,14.557139642257125,1.3590397309601419,4,4.679023648136965,57.443483037247006,2.1100490256345554,54,0,10,5,42.934578653759914,4,4.190213511676383,No
37,14,Finance,5.651269804422124,3.107975147660969,15.579040645114512,1.8104974856168257,3,2.808768629696823,57.745782262903504,2.917622352678436,21,0,6,5,27.711666953566073,2,3.9712591506585597,No
34,17,Sales,8.856376981491172,5.638040282176158,12.459069104812444,0.7779614097851622,4,4.404887749615198,43.420478788675155,3.799041199310066,27,0,6,5,16.403438626165617,4,4.162735596217713,No
28,15,Sales,5.555570399061813,4.702905241831454,10.826673083912421,1.6272754408946326,3,3.0959956249439324,59.007393803256065,3.4009308954473334,25,0,6,7,10.49205750366053,0,2.2706635818206986,No
31,17,Sales,1.9489266548548698,1.9489266548548698,7.834800917088547,0.7898869895072371,3,3.6093651136193126,53.612005831037536,2.6114632834675664,20,0,7,7,49.289634083793636,2,3.267782284160586,Yes
37,15,HR,3.1755444138854654,1.4070261581499919,13.828185628393149,1.4909310529926718,4,2.6947549220763007,57.573421412662334,2.1255524212389965,43,1,7,2,14.11343775048252,1,3.956414646727155,No
35,16,Operations,4.58222598964839,4.58222598964839,9.568647421574008,1.1038479095299165,2,3.192598958641256,60.387206785076806,3.2991106616731822,51,0,10,3,38.29526541914647,1,3.112373465561385,No
34,14,Operations,0.9236439021757648,0.9236439021757648,4.433944032033683,0.5993662901845295,4,2.2831270017966183,72.54946665613464,4.193085916566245,33,1,10,4,21.439511586412983,2,3.7887664146438014,No
43,17,Operations,0.3,0.3,7.404469781269708,1.2710898186989248,3,3.928601061275705,63.936950335877604,1.4982293424797943,37,0,5,4,31.29388874577356,2,3.40965181251473,Yes
35,15,Marketing,6.568391556924552,4.017511829186098,8.154651712812276,0.8273145216999496,3,4.399038892618269,52.07936392625011,3.9007368961141458,28,0,8,5,15.939554104144324,5,1.125112657252811,No
29,14,Finance,7.959472380631995,2.1283048994862694,12.456741092866979,1.63633919192589,5,3.309795987887748,48.06501240410834,2.1296502339327357,18,0,6,3,80,5,2.5412262055731585,No
32,18,Finance,2.851072997787727,2.851072997787727,10.376511474075729,1.3910677898208765,2,2.6359872874041703,51.88240727320677,2.619763614963034,5,0,6,7,28.60164546245425,0,3.04360761384766,No
52,17,Finance,3.6245673080551923,3.6245673080551923,9.485583617792749,1.7946468303282734,3,3.8959619567711945,61.58952275140871,2.791517907807203,22,0,4,4,47.481487036542816,0,4.431665810185723,Yes
31,18,Marketing,0.38495236331657157,0.38495236331657157,9.966515522996819,1.6704865326151646,3,4.98721940638736,52.26510176878447,3.5087345462272705,84,0,15,4,23.145964037684887,3,3.527453046176955,No
21,18,Marketing,1.037518423636474,1.037518423636474,7.222969030164728,0.6815229751040064,2,2.897350194852489,60.43171500657894,3.3906530322080135,11,0,6,2,5.013318084276054,4,2.74856940553086,Yes
33,19,HR,0.4762080461781414,0.4762080461781414,8.027031114181321,0.6393972680342128,3,2.3942351678147173,58.08949229209039,3.3795061293595894,32,0,8,6,51.68496764978979,3,3.9522859531586563,Yes
23,19,Sales,0.8754045064845144,0.3013873976184146,11.523885796544413,1.440464741285363,5,4.115947612773211,78.69434739005693,3.708524871886637,15,0,4,6,19.325182995105497,3,3.6290445873428325,No
36,16,Technology,24.105239788331534,10.781312567518095,26.47027572082975,2.810899369494582,4,3.4997934194381237,65.91515816914392,2.7288576402887643,14,1,6,4,9.382543917725432,2,4.364110398827357,No
24,12,Sales,4.167273296741955,4.167273296741955,7.677359563583578,0.7394182241651,4,2.297184836154199,67.4815933001206,4.709577289189914,26,0,6,4,12.892695315746698,4,3.9413950909531708,No
38,16,HR,15.314587327534126,3.9302391493538917,25.114948550956708,1.718731186778549,3,3.301291339404575,56.238291197500075,4.48281591395174,13,0,7,7,14.55234933011765,4,3.841309482145406,No
29,16,Operations,2.754812673234779,2.754812673234779,13.903278652174277,2.056973531503342,5,3.7763765192647973,67.19706031387881,2.4167284050651046,36,0,10,5,11.295861470719217,4,3.1556363087036607,No
34,13,HR,1.9083612700249872,0.5379372162993848,11.920547433218886,0.90722556480331,3,3.6946626661319732,65.43481277784292,3.8005294749499914,81,0,11,6,49.799868408332664,3,4.200620623442336,No
37,17,Sales,13.646879456647103,7.510026177967064,18.522873126531525,0.9346044632013617,3,4.111904374068319,63.79489469605583,2.0044818502247126,20,0,11,4,59.72572510416992,3,4.5223975980170135,No
21,13,HR,8.833203321562445,4.881573952958976,16.236051197759277,3.017776922892795,3,3.8025266242228746,62.11450285881651,2.6781379494677178,17,1,5,5,22.224379528594344,2,2.82882793414306,No
30,17,Operations,4.146046906018615,4.146046906018615,8.19176670047255,0.7001182432391044,3,3.5961274041644615,54.66343086038888,2.6045505065211345,33,1,9,4,67.64635119039899,2,3.299635491724227,Yes
46,14,Finance,1.4823857583690434,0.3,11.790308920193096,2.27696549088228,5,2.6123228524826185,53.50788023488514,4.479343301991937,22,1,6,4,30.571980641827043,3,2.3036155006615298,No
35,15,Finance,0.3,0.3,8.511987610067395,0.6328797230911787,4,3.4094545193301444,56.01902614563584,1.3035275512657525,48,0,8,4,9.612028999677054,5,4.479203450681238,No
21,13,Operations,2.0276497990045783,2.0276497990045783,12.28122211958045,1.3692874530612407,5,3.0923854548355814,41.418008479288325,2.9853555846610518,42,0,9,4,24.14914160604705,4,2.617386282719129,No
37,16,Operations,11.468674050845975,8.14577071791325,21.053217983430685,1.6439689753291384,3,2.6864138195813916,84.27094917521356,2.8711234591818546,17,1,8,2,22.384674437085714,4,2.378508436695091,No
39,16,Operations,15.55599229143997,4.767664283401631,15.464933797737935,1.6670623747576436,4,2.188248228655707,39.38694755442422,2.999173664733211,28,0,8,9,24.065490735016557,5,2.7890357355378463,No
30,15,Technology,2.2126594636120425,2.2126594636120425,9.654117577752807,1.2154656605597816,3,3.1970388019742515,58.29997684501921,2.7936452975242863,18,1,8,2,60.10112479041889,5,4.422109238845172,Yes
39,14,Operations,5.921934724329106,2.9658081578164337,10.24910079735993,1.2123813665389993,5,3.8362362752592247,30.695538525584116,3.303374618653703,20,1,8,3,27.752039153249864,3,3.029488478210499,No
26,14,Sales,1.034038571521933,1.034038571521933,7.355510048771133,0.7580194193262637,3,2.793442768956056,65.6371662728487,3.2790058339459107,60,0,10,3,52.49574659738971,5,1.6645854523465726,No
26,15,HR,5.4845088809716,4.118969807808178,9.780805771031856,1.9164751138856706,4,2.1280020085237146,65.57415305859112,4.706334824265868,38,0,8,7,36.24736559269867,3,3.777017739100833,No
48,18,Marketing,0.9815813704255186,0.9815813704255186,7.9399607069991305,0.48439590720383485,3,2.0926341117845353,46.45548016166526,4.009711937819109,52,0,9,3,23.99468876025537,4,2.9562315638292223,No
43,16,Technology,5.527087628557689,1.6521845434410884,7.502285238527791,1.3455469121878432,4,3.079474264922609,15.260651086925753,2.5958310806914335,11,0,6,4,57.76235855534111,1,3.0229174684527487,No
36,16,Technology,2.5684023889551257,2.2939228554659836,11.762813951467924,1.4889370183049495,5,3.7233449680549553,40.192792065709526,2.4176326746313492,50,0,8,4,20.57546207139301,4,3.1563147234969704,No
35,14,Technology,8.046252715607725,7.278382921400689,15.552509616208372,2.365102252711477,2,3.082126871784556,69.1921459099627,4.1946719457319555,46,0,10,7,18.161545378442465,0,3.6911491266210184,No
36,16,Marketing,10.838534317161884,4.900570382803803,20.75763996200876,2.300872151034238,2,2.7397832037854273,97.60432550967656,3.7110721059444063,8,1,6,8,48.79252298680086,4,3.6335079336458214,Yes
29,18,Operations,25,8.237312526582361,38.05576364603184,2.5142413289930854,3,2.387208976215966,70.80083029155224,4.799176376575085,24,0,11,3,42.29750090067526,4,4.133924317899745,No
32,16,Sales,3.8865848170560526,3.8865848170560526,9.988085905227697,1.3253247326612083,3,4.694736114278173,62.9970347986648,4.689882641571248,15,0,5,2,13.889915256151536,4,3.0031570003530765,No
39,17,Sales,3.8570237569551455,3.20697686535977,9.385073016174807,1.7019685193469376,3,3.7090854292017967,67.42335918169401,4.605391964644466,48,0,8,6,63.5287682190895,3,3.0885317015096305,No
45,17,HR,1.2340163756200704,1.2340163756200704,7.792896448234654,0.8131412100661332,3,3.7007869821728896,42.625908143060194,2.1768705466788565,42,0,7,2,11.18549870855749,3,2.70504393694122,No
43,12,Sales,1.5725491090953612,1.5725491090953612,8.572222677313441,1.3564305033150104,3,4.402048158165733,86.40352890966405,1.3243877794334038,47,0,9,6,15.81481060020378,1,3.5242653890474926,Yes
41,17,Sales,8.589801548119594,8.150487604390046,15.97124783125298,2.7093905917313603,3,2.5978799107830066,54.356734974505336,2.9049068527600177,53,1,12,4,14.940091767893366,5,2.3971780709355897,No
31,18,Finance,0.9983749482058726,0.9983749482058726,11.472971480568667,0.962849899691851,4,1.5988320515698569,42.118102981624745,2.4914242856397015,26,0,7,6,65.87894348792643,5,4.273068900115238,Yes
48,16,Technology,0.748850797282426,0.30732713928673855,6.645997254976483,0.6392814252726895,3,3.725402020204323,79.30155147350311,3.77001339660044,17,0,7,4,7.798209248181777,4,1.8547993400226654,No
42,14,Marketing,1.0433767721803495,1.0433767721803495,11.871270198750823,1.5673575104841486,4,4.623699059848444,44.1109679861457,2.725291730910188,14,0,5,2,37.08535920351079,4,3.9121205795316745,No
27,17,Sales,2.1073572099403854,0.36557020233493864,8.037001501356798,1.4725684092719067,3,2.381669510625627,49.03642652446193,2.100113744320864,33,0,8,5,19.417100118541143,0,3.2977180637781145,No
26,18,Technology,0.333249213432824,0.333249213432824,6.189207091804562,0.4521182382260377,3,3.1977360881190036,55.54020897008411,2.879063591499547,9,0,4,2,6.591222333610308,1,2.630127973814675,No
33,18,Operations,1.056335523822706,0.3458735036145993,10.827898013225072,1.0522190696670994,3,3.2997187340279495,70.85475233717543,4.233277127269918,18,1,7,4,32.59998611292396,0,2.678000780673088,No
30,13,Sales,7.243634626266872,2.5813887605107433,18.724799791187685,1.1985989293310624,4,3.896265985607648,57.82261149658344,3.9774323884450835,29,0,5,3,18.253480859327745,5,3.7795797826087876,No
46,18,Marketing,0.7637894316177738,0.7637894316177738,8.339330799063777,1.4476562501108712,3,5,94.02023297072118,2.681041731777131,37,0,12,4,20.947838963949376,2,3.5187514229406056,No
46,16,HR,11.986240692413265,3.247748602498587,7.371489806377897,1.021372788637386,3,3.1897665247903477,82.28666655829643,3.485979736938058,8,0,6,5,25.88790907894444,0,3.664170253233886,No
33,19,Sales,11.646967399290675,4.4227150544997444,22.11235259967792,2.9662108005984007,4,3.6043838860038333,50.02012790431418,3.9206506598545388,12,1,6,3,16.367745474931557,4,2.3444617208464944,No
38,19,Sales,8.696582030724159,4.892619146781296,11.415555187776116,0.8361197111010084,4,1.888042136343462,18.455979395561577,2.3262883187483534,29,0,7,5,15.072050622971009,3,1.5149604238230094,No
44,17,Technology,8.667549405657407,2.598157379686193,15.754183154679277,0.9880123411423927,4,4.7073589297847125,65.30420253214092,4.702590366763611,22,1,7,5,31.202931153240506,4,3.116561332212984,No
27,14,Technology,5.506923223538624,2.9270148894533383,12.235399756829734,1.1778572302548047,4,2.8657218483623903,89.8871105837413,2.769134545095207,20,0,7,7,37.6742412240949,2,4.140823433208816,Yes
28,19,Operations,7.1316029795773,3.392420641626151,11.645058272209296,0.7870682970856637,4,2.796955413687904,57.179248213398445,3.2946847478911114,15,0,5,1,22.306656453923146,1,2.970002854621972,No
41,15,Sales,1.161264563152622,1.161264563152622,7.501014325198218,1.2144241580868527,3,3.378705738857336,35.14215383517204,3.013168431189023,29,0,6,4,44.37877800302791,3,4.430080972759569,No
25,17,Sales,2.397597229437945,2.1454297217594345,9.076787164927154,1.0830022558615908,4,2.401038979387339,64.49159096557652,3.5009137139874227,21,0,5,3,32.95745175620825,1,2.3396186240476085,No
38,15,Marketing,4.880600235268662,3.267159736900954,11.096656130507046,1.4819120261579677,3,3.002489973462406,38.13113595159526,3.0872175960243218,25,0,7,1,20.911832893651667,0,3.306179371111648,No
35,15,Sales,1.2933856611021444,0.9312377133505281,10.0127363506439,0.5323043287573821,5,3.9961866670843924,62.19770328392133,3.5413296596335937,20,0,6,6,13.845141490484345,1,2.969171082761519,No
40,19,Marketing,8.551710951605445,0.44015601420929573,26.62961744126579,4.262217002458256,5,4.006208313722097,54.27650661859819,3.2833079385436994,30,0,7,3,11.830968282535789,0,4.286633778507164,No
40,17,Sales,2.0751137839032356,2.0751137839032356,7.555074600476674,0.8110494196490281,5,3.495181951484598,71.93649608326109,4.179545317673105,42,1,9,5,19.42717078748828,0,2.329609278830393,No
38,19,Technology,8.647257702334992,6.428759749168207,10.46221209251073,1.137795588875404,5,4.014234653162406,16.177129382585367,2.684067221805547,30,0,8,5,28.098248782338263,5,3.9296457079976768,No
43,19,Sales,21.21064852895129,8.3722837536414,27.442382952378356,3.2330139256057873,4,3.9890268120847487,48.55919477158006,3.2830393069977526,38,0,11,3,19.350441181721735,3,2.1452547354970646,No
36,17,Marketing,2.535212006637029,2.535212006637029,15.604846580161437,1.297540973343617,3,4.3808773334890345,45.471994574072454,3.611129857914687,62,0,13,5,7.909016247336868,3,3.9989928254999487,No
41,17,Finance,9.951858939330524,5.881210281697964,11.153918419164906,1.0125478430256665,3,3.7169247204602622,54.8087704773985,2.996232277498816,35,1,10,10,16.577892019524985,0,2.948736936946905,No
39,18,Finance,5.655090181767253,2.12609722676905,11.849185206065771,1.2911454599938423,3,3.019288965042879,58.01229249821111,2.1001482429778964,25,0,9,7,20.102960102403447,5,3.412853855334081,No
44,16,Operations,0.3,0.3,8.069417829053,1.3043924084209162,5,4.090685123208647,35.46077768545373,2.6048124213234196,35,0,7,3,20.629489401144557,4,2.540309300009829,No
37,16,Operations,6.376965846171223,4.964950317357773,8.448651963658712,1.6670118852641684,3,3.7160163784422537,62.288401449419005,3.1167759420836387,42,0,12,1,48.12517763906929,0,2.7227600746621174,No
54,16,Marketing,7.880839541530738,3.585301215570811,12.114479035210909,2.396859573974052,3,4.495064790675089,58.663705958809516,3.814929463315878,58,1,10,2,13.224390184337153,5,3.49979238646582,No
43,12,Finance,3.539602956168882,3.539602956168882,9.086624027993386,1.1869554687082295,3,3.6023349545973176,51.75014856895329,1.7024428098603335,42,1,10,4,7.260483621878212,3,2.2140036089909287,No
30,15,Marketing,24.490713027029443,12.005632578428898,41.073298873334956,2.940003842985212,3,4.106892023314453,52.255004417422306,2.630542499152454,52,1,14,3,44.90539276340085,0,3.26460222669975,No
32,15,Finance,13.592683786961988,6.550668218500725,8.817037025838559,1.7125617299951357,3,3.9980980214357107,56.74538728987936,3.106448945051712,15,1,8,2,12.363407981260885,5,4.639194948419809,No
43,19,Marketing,1.5047435264421256,1.5047435264421256,9.541948142398637,1.7718990719543226,3,2.493331178650406,48.16521845390948,2.905524431717275,15,0,6,7,20.212620722340652,1,3.1422745875028286,Yes
27,17,Operations,8.809488020076316,7.002432942614466,9.744350975993525,0.9248259158824387,3,4.489122852991569,58.802403826679175,3.2134176832159045,12,0,6,4,53.34699146029624,2,1.6625972269616385,No
29,12,Operations,1.5885298576438514,1.5885298576438514,10.146339514384145,1.593408911996148,3,1.8044780870526447,49.08757906996113,3.386718534152528,25,1,9,8,33.86768773296543,0,1.5975407535520056,No
39,18,Technology,5.7441661683589516,5.7441661683589516,12.813978405964612,1.4183511459004887,4,3.7898782365406953,56.66674218443645,2.9659919357816866,43,0,8,8,41.854718115253796,2,4.998466456952027,No
41,16,Marketing,3.3108522728096994,3.3108522728096994,6.759696947601788,0.8882102599137485,4,2.9862785693667604,69.97463803071028,5,14,0,4,3,38.897282714045794,3,5,No
21,19,Operations,12.385884316506326,3.883789959219658,14.785093949418087,1.1860039913197564,2,3.586003452704025,78.70204675898987,3.9186134988843246,51,0,11,5,16.539520238440865,2,4.39813473825151,No
43,18,Technology,1.2808911495724757,1.2808911495724757,5.366785134954806,0.48615678349302166,4,4.397618101384026,61.0556912107096,2.8008988508481925,27,0,7,9,25.111153037680353,5,4.021432647698037,Yes
21,17,Finance,0.5927325276484093,0.5927325276484093,7.952794370401949,0.49265788033122937,3,3.5748853977547426,60.37632615410164,2.507091689080452,27,0,5,3,8.372868832934094,4,3.2900098207357646,No
45,20,Operations,10.037176053975498,6.281223746897628,12.229726212159504,1.4533454847192147,4,3.285860046425573,54.875377712075434,3.2926014764489926,25,0,8,6,24.595185660606916,3,4.415280966305899,No
34,17,Technology,7.244454799778437,2.5052987643440234,11.232231105978002,1.6224500168325386,3,2.926444557175092,60.75982954271941,2.1846081365278636,45,0,10,8,24.1165355616326,0,1.8815376121538496,No
30,14,Operations,5.794976951950822,2.715127854264529,10.137719885804596,0.5907311706165168,3,2.978718960076335,53.67913653078902,2.099369597847127,22,0,7,4,79.80485862114688,3,3.2267301635399868,Yes
34,19,Finance,2.935844243116219,2.935844243116219,6.507593909320595,0.784156936625515,3,2.8170683779905663,53.77286893836429,3.4953200918145404,35,0,11,5,16.476675465097138,5,4.982672932767207,No
51,14,Sales,5.184406259096669,2.7251685013884224,10.35036391980607,1.0704145823559261,5,3.574073588425508,82.25810504414197,4.999013365522773,33,0,6,8,28.05855989393372,1,3.1305965013717696,No
36,16,Finance,1.4321363272448178,1.4321363272448178,8.405232237364281,1.688788428049348,3,3.7073837415121336,54.22203234164364,4.079309027901834,11,0,7,7,45.14326048078503,2,4.818157445303268,No
37,18,Finance,0.3797244200203891,0.3797244200203891,9.188610632935115,1.5377403902538214,5,4.0237170233912485,61.63175576415094,1.6939384969669633,22,0,5,4,20.56422782922505,3,3.0770377520924224,No
53,19,Sales,2.0229381863649714,2.0229381863649714,7.960375560575698,0.6009968534767609,3,3.3920834211456103,40.06591647838383,4.199372387805245,9,0,4,8,18.027122514665873,2,2.7436481289690335,No
50,16,HR,6.632964471713477,3.468858787804153,8.469815271780442,0.6711104887452269,2,1.8775327255094074,35.899838580447124,2.478079295594893,39,0,8,3,15.14155273549463,3,2.4156144572317273,No
32,17,Sales,2.282566222028343,1.2145489932907199,11.176340707077825,0.6367612405844779,4,1.9832673359172541,51.90781459798389,2.9098751856931218,68,0,14,2,34.19728079484149,5,3.0179490209406943,No
31,16,Technology,3.3732009505591325,0.3,11.883559618261325,2.259662796867309,5,3.4105885046677664,53.72151439654463,3.8137131305672924,28,1,9,4,40.068942513586975,0,3.021968474289981,No
42,17,Technology,15.720731454302308,8.000347440016576,21.695071859446358,2.470021887427639,3,3.0864893699357014,49.908847229136256,2.815502678041571,13,1,6,6,29.92161535041534,4,1.870143103726439,No
28,18,HR,3.02653249359711,0.3510040063043549,12.334883037772254,1.998309525524011,4,4.817306426802463,65.07299876693308,2.911211946106628,32,0,8,5,46.52472028555047,1,3.6148748871271037,No
29,17,Marketing,4.017324278018209,4.017324278018209,12.828498979951577,1.720222420342314,3,3.630215317384695,62.88887588251587,2.5990575842820824,68,0,12,4,52.41480567523626,3,3.449794612701687,No
46,16,Finance,3.616673938091175,3.616673938091175,11.750772166457223,1.9147320393099265,2,3.162459492274855,41.36805487015561,3.0985764888585408,38,1,9,5,15.593395988872173,3,3.5339921909120036,No
27,17,Technology,0.34491441696132513,0.3074413590837357,6.875990618287583,0.4471069603200398,4,3.925414629168254,61.37183971744455,3.9900209907937083,35,0,7,4,14.649468068753153,5,2.5545488439937745,No
26,16,Sales,0.4724707093753342,0.3,6.31573517282755,0.87485344656031,5,3.8076586837691844,72.0070207192726,3.6938103283556054,54,0,8,3,15.788998091567908,3,3.41869775473101,No
48,17,Sales,5.311127128142798,0.48890165380525746,15.760154286845374,1.8940535463984591,3,2.7351589808718004,71.695866668661,3.4114062313717186,32,1,10,2,16.114868038608115,0,3.4123809410972195,Yes
44,19,Sales,10.81617381994145,5.652839806000297,8.383414377987044,1.0019319743212807,4,2.697245799032724,71.60753522959435,3.073767191670758,10,0,5,1,53.272719903464484,0,4.582177050724871,No
27,18,Operations,6.61029169099462,4.67155347261127,10.48646238392843,0.6286321952475371,4,4.6230527810090285,54.05934314452788,2.7881042580568454,61,0,10,4,43.29368005167868,1,3.4205357993117946,No
36,18,Finance,2.108380153974407,2.108380153974407,6.999195275326694,1.1085610383850446,4,3.3894432557665968,65.23067788964805,3.912558332319911,20,0,6,5,39.47296303344959,1,3.402215627366252,No
32,16,Operations,2.0539613454573136,1.6886391943416448,10.896010210676023,1.3241661000923517,4,2.813135194248044,81.60137806171946,2.3983378033207576,22,1,7,4,24.40381733203121,4,4.158309298359374,Yes
43,17,Operations,1.9859569596380104,1.9859569596380104,7.500803684574193,1.382120012493581,3,3.3647296331365455,84.82011253617809,3.015604410444467,46,1,7,6,24.3737451860261,2,2.6246548285705575,No
37,18,Sales,6.687968546866825,6.3621584364011685,12.554337548443893,2.2032114316423588,3,4.209281945265983,73.07597726420114,1.8908099808849703,41,0,9,0,59.961392198027085,1,2.095318309873216,No
30,19,Operations,7.564592992490871,2.9283811572260317,12.933486611268016,1.6566973666650222,3,4.302244495452199,48.65155873101359,4.2080286706799654,29,0,8,4,11.222250304645886,3,3.995176661505909,No
43,15,Technology,17.641984875865777,5.893788740193268,25.413735383305653,4.058821813285573,3,3.1623650132827703,43.36322324356005,2.0006277695119667,6,0,9,3,18.709045425883858,4,3.9836336426247416,No
34,14,Technology,1.4543490451019858,1.4543490451019858,9.08733450134706,1.7410030856726058,3,3.1799044523220807,59.919366313158264,3.7151098182966935,15,1,7,6,19.82567451592176,2,4.996533719159578,No
22,19,Technology,12.26795015923989,4.549011183710955,22.77378278243148,1.2489918781622258,5,2.311817061981384,47.89624211716465,3.58737712477854,57,0,11,1,26.455992736882262,2,2.8486612323006115,No
31,16,Finance,10.25069506050035,6.8327103281981945,13.895275114841166,2.077579639048878,3,4.908880255254482,43.71550863442954,3.9209743998872773,33,0,9,5,31.89200335280708,2,4.13379396547047,No
21,20,Technology,2.2555324955671083,1.1921325929835909,9.74373398766916,1.7616376646962755,4,2.5258583595067527,45.095197316087706,4.094149608398875,8,1,2,11,26.22395615223587,3,3.943069528008535,No
28,18,Operations,4.8929331531752265,3.772500392307836,11.257094907281973,0.6089082095454561,4,3.8643900046298816,62.357415781530044,1.807588788371995,11,0,5,1,23.07332839213506,5,3.7758534764546954,No
38,18,Operations,4.739281203671885,4.739281203671885,9.343023826168684,0.6999153205770409,5,4.979177756967808,75.03034421515638,1.3079584229343133,52,1,9,6,31.779186303469626,4,2.932922290438074,No
40,14,Sales,5.5790164890961025,4.561268509693408,10.857277802342184,1.797379440629916,3,2.40159525420803,41.122752236848505,2.8792473157099097,26,1,8,3,32.417215661543565,0,3.369397185948223,No
33,19,Technology,1.9953601707513127,1.9953601707513127,12.830614037171415,0.9198955571559909,4,3.729550755212932,58.84265344683668,2.180338117645017,19,0,8,6,38.97068524266898,0,4.086152459435303,Yes
28,15,Sales,5.377341117683364,1.4269715443094289,9.878833730787036,1.9153923703201934,3,3.5099425569948113,45.67753113056969,3.224193521984081,22,0,6,3,52.536515591730264,4,3.2146877762691743,No
35,20,Finance,5.274781354768779,5.197104161564026,7.59833271013203,0.9151493857701976,3,2.9002649196986074,58.64131310209747,3.0932259649182283,26,0,7,5,39.037021086116845,3,2.001701830183742,No
43,16,Operations,0.5681044409708743,0.5681044409708743,8.864427366320959,0.9561565316128334,5,4.4907116290611855,77.8949451005771,2.2989545264704456,21,0,6,3,24.932577358095035,1,4.556485781322508,No
26,15,Technology,11.275730213043229,3.859613110733206,11.530332190220536,1.9446705705803147,2,3.195452314001149,37.45195676691808,2.592880559242655,22,0,9,4,13.503570448349734,1,4.340401744613169,No
30,13,Marketing,1.4298197127789194,1.4298197127789194,6.779876171592585,0.8856131380605764,3,3.3042401615877353,75.67841144284635,2.31213944069775,17,0,5,3,29.517322476093177,0,3.24290023307689,Yes
45,17,Sales,5.5825583394338825,2.1264126594503585,8.681771706541126,0.6462350731359424,2,2.5754973854697605,36.538869878850356,3.3015627795809026,31,1,8,5,11.077986264460895,1,3.3343562752845117,No
37,19,Sales,2.456257531148046,2.456257531148046,6.966456722331183,0.4698300310026699,3,2.846926611486984,48.274211777833685,3.5931912727516018,20,0,2,3,39.972047764530366,5,2.129085706989576,No
33,16,Sales,3.4403979946885554,3.4403979946885554,12.108219261049047,0.8569629074594002,3,3.604354952350618,24.511138715172397,3.881631393536063,28,1,11,5,23.253041806930224,5,3.898687605294019,No
33,18,Operations,0.5159110748182508,0.5159110748182508,11.391881656373315,1.2827290700222314,4,3.5968320793946273,53.29952592722748,3.9238572444361237,17,0,4,3,17.86955277524482,3,3.3432110264393438,No
36,17,Marketing,0.5399978153644951,0.5399978153644951,8.10171789996317,0.7347457112508463,5,3.6222774514152776,65.26043281185679,3.1572827479767764,38,1,9,5,22.371284110982913,4,2.096493058314392,No
29,18,Sales,5.047434958526971,0.3228950996083061,13.594244892895206,1.7229484037652096,3,2.312820455287796,52.70258954328427,3.8912082302497546,69,0,8,4,72.12698665242343,2,4.241114566498928,No
39,19,Sales,12.386314822235898,6.068962350466598,17.47528540506514,1.9381647246964129,3,3.711244351976765,64.17127541403654,2.178868459614608,28,0,10,5,21.673494319245837,5,2.7841965697963804,No
32,15,Sales,11.706067231710641,3.0335977576787245,15.165607189647902,2.927876263956344,4,4.0088055325995855,39.17392583058613,2.6219183799847094,20,0,7,3,19.083589140357443,4,2.074016717766775,No
27,18,Operations,2.862964727839695,0.815680819047844,12.213373142178584,0.6468163057609424,3,3.322332934669028,33.721878348345705,3.9252937040021747,22,0,8,4,7.262411238147441,5,3.3689325710949114,No
43,15,Sales,3.8934377418993797,0.3357641885784692,12.048952877908782,1.609320664940187,4,4.0923980537752565,45.40827377778592,3.302675464944202,40,0,9,3,18.377794177619425,2,3.2558080060160988,No
32,12,Operations,7.8338501694191605,5.374524919655838,14.249225114749178,2.738685016001453,4,3.771288829415863,76.11097245828176,2.7942563179080144,60,0,10,8,72.68447447751055,2,3.2269924408509225,No
29,20,Finance,16.022173748471168,5.935978262916158,23.140190015770852,3.873041926288845,2,5,67.02713968083054,2.985936838153637,28,0,11,1,80,3,4.554717742889873,Yes
37,18,Finance,1.697235667024246,1.697235667024246,9.073617526453836,0.8204809171345617,2,4.0793410362591445,60.59923957416672,2.8026630774155996,57,0,10,6,48.05223792297834,4,4.351379907406076,No
33,16,Technology,1.7753836003493144,1.7753836003493144,11.218983603406727,1.9145882413725428,2,3.0314760564144554,49.63097929843231,2.781015866526377,21,0,7,3,37.94794612268954,4,4.25090484158404,Yes
40,16,Technology,16.342769091827538,7.375241972513198,19.39844196791136,3.4007886078179794,4,3.520457615380894,65.1286769893998,2.709182439418468,35,1,11,6,27.75432535745989,5,4.614164132202621,No
32,15,Technology,6.617171353762498,6.413141936617442,20.27746015813241,1.4095591964748324,3,4.18640154494714,62.92074306404656,3.5969551217781617,10,0,9,5,73.81136163552677,0,4.461662793181949,Yes
42,17,Sales,9.1998354819783,4.941475196491976,20.333832349548313,3.328914195411504,5,3.1548668514541176,66.27135375542153,3.0815566218389265,42,0,9,7,25.12966912139054,2,3.0039442989437086,No
33,16,Operations,1.956731023447974,1.3458589866878514,9.968657639336437,1.608015575341257,3,3.3089331083733797,60.82380956704708,4.108581276929458,16,0,6,2,14.843379996464497,1,1.8398976582858644,No
28,18,Operations,1.240225056578986,1.240225056578986,7.52908274748754,0.4989822194523203,4,4.081621669908226,31.56855197129854,2.9938032517780635,42,0,5,3,25.251966982365918,2,2.5422366523616255,No
25,15,Operations,16.017962399908082,7.929619208235553,24.467846243497977,1.7942214383791795,3,4.179961805133415,81.64984628419165,2.3912751802671917,21,0,7,2,37.23570508696088,5,3.448832824597934,No
39,15,Operations,0.36934837276972754,0.36934837276972754,12.266968745329182,0.8581699772267806,3,3.3317706710811894,61.14802002599553,3.1107839528309524,41,0,8,8,24.774233077022416,5,2.718162275316877,No
32,18,HR,3.38363776524521,3.168791442712518,11.492135321604074,0.7149261513825331,4,3.079695663198454,41.47423188681498,4.067826681661438,42,1,9,4,3.9111424805066104,3,3.2730558722090572,No
30,18,Technology,9.056220212330821,0.3,9.070325135644415,1.4577193211566475,4,3.606169252453841,68.62332073218565,1.788084224848782,23,0,7,6,31.285371182198702,2,3.4154240642397884,No
22,13,Technology,1.1797756654048348,1.1797756654048348,11.085071527851651,1.2495397555198264,3,3.4129243254882535,27.064095594750267,3.0650334816865916,6,0,3,3,12.608516763705683,2,3.6265424018987376,No
39,18,Operations,3.8271051859711953,3.8271051859711953,14.402528641297799,2.0645075536571302,4,3.5184731800256692,63.36677594777667,3.9301855385418665,45,0,8,1,23.492457131243714,2,4.788373799555266,No
38,16,Finance,2.504318790441988,2.504318790441988,10.970852450054048,1.1355063820859337,3,3.7959332003312563,47.11909993153829,4.8191264877648,35,1,9,6,25.83130572520102,4,3.5677733023477276,No
23,19,Sales,5.2948935180305226,4.000797070129816,9.202701823539936,1.2521384528046289,2,3.095587700362544,72.72367932484065,3.188891541233013,7,0,5,3,41.64495597764957,4,4.054315601369344,Yes
37,15,HR,6.0963314696750155,3.180409745472299,9.34872086193094,1.5375884531058266,1,5,71.15735761586379,2.4367450769305323,35,0,8,1,20.951363461465156,4,2.3369944939991263,No
34,15,Technology,14.062126288016083,7.8507929054895484,14.742022097853516,1.9442094674211428,4,2.708338779439092,74.6223184784894,3.4003293560478975,20,0,9,6,56.66222738617511,1,2.6416424848154114,No
39,16,HR,4.953880568465278,4.953880568465278,7.104477114130036,1.244918018180754,4,3.5144598173355903,59.90328016436248,1.9901542785843627,30,0,5,3,38.29348226344945,2,3.5499430702899395,No
42,16,Sales,11.847020280534116,6.251006051431654,14.388262095043364,2.4239717548663573,2,3.5415338398233027,80.90540640941478,1.8139800555267407,49,1,11,6,31.739934774439828,4,2.1831189951537073,Yes
32,15,Marketing,7.4016697505975335,4.226998366287844,19.547690751055907,2.534057114044645,5,3.8924679402790745,70.23833073383312,1.908473020979725,25,1,9,7,27.07045536197042,4,3.359264007251895,No
47,17,Technology,11.60376062069135,7.543416805102427,9.883885110331773,1.605677238016218,4,2.7095190465135395,55.66269038207036,3.1060761439450038,38,0,9,8,11.241943344821086,2,3.999337195907937,No
33,15,Technology,10.961030753963351,4.653365054733377,16.70338757873297,2.7409512861468404,3,4.288700046702866,41.47962781880571,2.9833331396782934,32,0,9,1,16.18391686363232,5,2.6306158412834986,No
27,18,Technology,2.6685265069156894,2.6685265069156894,7.835754137871329,0.999370867596299,3,2.3189859697711137,70.61558401900281,2.0894851330998576,27,0,7,3,37.06417907900758,1,3.871233151153984,Yes
27,20,Marketing,12.070714710150568,8.8184187516453445,16.271002458325952,2.2293152569027157,4,3.9944292799401078,67.25561636054607,2.7856241413135687,20,1,6,3,10.984746782239363,3,3.366195950981968,No
25,14,Finance,1.8674283076130294,1.8674283076130294,5.008487348063003,0.4889738320995331,3,4.580281060301391,63.847114374154785,1.5847537247342345,31,1,8,2,32.144528724432305,2,4.114182782431115,No
36,18,Marketing,1.3390404540262275,1.3390404540262275,10.560117236772506,0.8883877480274716,4,4.902002968594025,53.95697381666076,4.6933408899188525,41,0,8,4,31.094451528740265,3,3.057564337463012,No
29,15,Marketing,3.638871031322306,3.638871031322306,10.540948196809264,0.6090413471818431,4,1.382918569817897,25.68776432838204,3.668239408278923,45,0,9,8,11.416011819220117,0,3.509779487514582,No
43,17,Sales,6.035034384418393,2.7149616295626022,5.258667593425661,0.5635314065687024,1,3.3994506410760543,45.88378943223539,3.1223415546284232,45,0,9,4,13.128778934692177,5,4.235633179906844,No
28,20,Sales,8.718793630926154,5.253363120577645,20.5120262065052,2.286376167366356,3,3.819924732143991,54.615670234556326,4.312442619695053,71,1,11,1,49.49345281645651,3,2.315095966395968,No
34,13,Operations,1.2051181659659131,1.2051181659659131,4.8036455329001315,0.43473889134078325,3,3.3866953377154827,98.15346660825405,3.509291741849817,33,1,5,3,9.851479958810941,3,4.022961903850231,Yes
34,16,Operations,8.588851141181543,4.353342150692491,10.355938509962565,0.7452019214814538,4,4.19005613567227,44.03755735322991,3.800855414061484,31,0,9,5,25.84449382707508,0,3.831947291864444,No
45,17,Technology,1.2242776182446193,1.2242776182446193,10.054098572231306,1.742350519479727,3,2.8552848100188446,49.8859552586501,1.406275371186153,15,0,7,5,8.51947201445355,2,1.4728190794423677,No
31,15,Operations,0.6012064108416764,0.6012064108416764,4.698761393335935,0.29230245830762064,3,3.9273058946292636,47.47092917229478,3.487038023500546,19,1,6,4,42.87958782018594,3,3.331999960485303,No
36,13,Operations,0.36924770219614195,0.3,7.507721676886197,1.1571935336237018,4,3.4157961478996945,60.23912757057182,3.803039540010684,45,0,10,6,54.806189908846655,3,4.753639374644599,No
22,15,Operations,4.404946404095827,4.404946404095827,10.935169141584298,1.1349916663706645,4,3.6141394034648817,78.24698773544678,3.1203839284242907,38,1,8,2,34.874948972878514,1,3.187771511986224,No
35,17,Operations,7.706121765299157,5.607355164515792,16.23117894323069,3.1134284803291417,5,4.99056220774899,51.551708538306215,4.692773709304338,34,0,9,5,20.60033290253043,2,3.3954613899763726,No
37,14,Technology,4.644961698733335,4.644961698733335,8.01054666868221,1.289857527935775,3,4.005174361491576,63.50886133613223,3.7061172723240396,33,0,7,5,29.524866789364467,3,3.5771808272719707,No
43,19,Finance,3.583488252403721,2.745196759093463,11.700960752579414,1.8802139873410597,3,2.5151071013439994,46.19010792499797,2.9156856340113,30,0,9,6,7.818712726217991,5,2.7127839992702336,No
44,16,HR,0.9092398695074672,0.3,10.940960821750219,0.6828596650843736,5,3.2068885025683413,49.26194350508589,5,32,0,8,6,45.57175569118984,5,2.169314782560342,No
30,20,Operations,1.9394426563928941,0.3490945434400077,6.267745198115084,0.7465414632757148,4,1.5148848761549676,64.41219301919199,2.8381132412608343,48,1,11,3,20.110321158152928,3,3.776662934463144,No
42,18,Finance,7.950081574695001,3.636237068630023,15.672115250027737,1.0886156510557197,4,1.5036476229858307,48.78444894294281,4.5989198111247775,20,1,9,5,74.16437988500948,1,2.3697409369838867,No
23,18,Sales,0.30769232357215953,0.30769232357215953,10.333583506030276,1.5256773875959868,3,2.1809078317271706,56.940186545892,3.9201545297413243,57,1,9,4,44.771683373472065,2,3.40476538152146,No
40,20,Operations,2.6999065019433126,2.6999065019433126,14.245589302444909,1.2547421710167683,2,2.4858319485052216,42.015904568404494,3.646725750270651,24,0,7,3,23.965887946454092,4,3.4827834772654964,No
32,18,Operations,12.500210363959498,2.3711136122226626,23.37453522841862,1.3700860850153638,3,3.595416645546347,45.937637675358225,2.690238803040929,51,0,9,2,27.249373227819483,3,2.5679480965790975,No
21,17,Marketing,4.791987745936907,4.791987745936907,11.279926214944652,1.8251114757012494,3,4.405363641267724,54.378149959547116,4.279347963780568,15,0,6,6,19.46554927333443,4,3.7341900466926754,No
42,14,Finance,0.3,0.3,12.197098632528883,2.3251147477860212,3,1.796672800000042,59.97392482544916,2.796024149002551,39,0,7,3,22.361614711039056,5,4.2126427874420695,No
33,12,Sales,8.789433741586391,7.85699434418842,17.35080582965277,2.5294797963440017,4,3.1117392975229197,93.62829322810366,5,35,0,11,7,2.781316868259809,4,4.074170148462917,No
28,16,Technology,3.0100222784494504,3.0100222784494504,10.158818144582037,0.6865549883529826,4,2.5684793337623204,61.13113811724645,1.3173488737564147,34,0,6,6,28.80108415534767,2,2.757558411286205,Yes
31,18,Marketing,6.3096837013383995,5.1601620971538615,15.615391543117683,1.2047874271432264,3,4.706540806466758,62.120687486506654,1.9130823354504998,44,0,9,0,36.25318190475126,3,4.230396260974154,No
32,18,Sales,2.305346386207892,2.305346386207892,14.400633713940698,2.3761951052852615,3,4.581707669425305,87.39728380448713,3.2872471153071605,28,1,9,4,24.90612653014169,4,3.58199401170272,No
21,17,Operations,5.756797383671929,0.5955738184091013,15.439504554444355,1.5571719339936907,3,4.004022235454987,64.21997815161939,3.3767066338026406,34,1,9,10,54.536116293291926,0,1.672354415999338,No
31,16,Sales,2.833840056652618,2.833840056652618,8.86434068362747,1.4959982394010702,4,4.984572199329449,33.993658807769876,4.028797793548105,30,0,9,2,57.85299478414527,3,2.032692501479264,No
31,13,Finance,0.3,0.3,7.245518344558017,0.8947314242806167,3,3.393566830730513,40.86127694320239,3.125971027336471,10,1,6,2,46.97779609086073,0,5,No
40,20,Technology,9.630477153177438,1.3657011593193233,16.8874831726972,1.344439779949688,3,3.32111662926813,67.07768762626876,3.104024448909826,15,0,7,4,39.4501874248225,5,4.402235771427074,Yes
31,13,Finance,3.709566093862544,3.709566093862544,14.721493210133687,2.1616353866331774,5,4.058279355866313,66.69003062854507,4.495231217029828,36,0,7,5,75.08535311157512,2,3.2629501623181247,Yes
23,16,Sales,4.197484274530518,2.943285149826506,11.813325445919967,2.13812894261123,3,2.29130468547232,82.45932798488171,2.996689558819142,12,0,6,4,35.80011399131341,2,4.143069051546603,Yes
28,13,Finance,0.8574251942596154,0.8574251942596154,6.892772600443426,1.28186572652991,2,2.69958113530409,39.83088452052206,3.0998565018095103,41,1,9,5,54.60550449028638,3,4.589963840389589,No
50,16,Technology,0.7242893029716819,0.7242893029716819,10.954926954258328,1.464131820469749,2,2.4769345368651416,59.84000037291071,3.0934193241741315,47,0,6,4,18.33210917276065,5,3.7785702256999296,No
28,18,Sales,7.774185201714456,3.4992995784105787,11.573707096805181,2.0623150166239976,3,2.4944804975599713,63.669901733572814,1.6720874810060393,16,1,7,6,31.816680856734973,2,5,Yes
53,19,Marketing,5.338601358460608,2.1333382656271995,9.671395384454645,1.4852062910688346,5,2.795571373818891,61.3775001079919,4.519517178491914,23,0,5,2,15.048047342313815,4,3.509423498203336,No
29,17,Technology,1.9813039316770609,1.9813039316770609,6.835946743361387,1.0008110424045362,4,1.797917801177462,15,2.2885579440589803,23,0,6,3,43.317907574092686,5,4.219296928363879,No
25,16,Technology,0.3662766829568884,0.3662766829568884,7.06587971855873,0.5437892969667469,4,4.093089892554613,60.452147181245635,2.6934466141772733,37,0,7,4,44.503762091550584,2,3.4059779056278847,Yes
34,18,Sales,1.9536103936992033,1.9536103936992033,5.724401431838783,1.0856264959958837,3,3.2683489806265382,46.88122608904806,2.772660985856693,40,0,9,7,55.588718235803775,4,3.0545802245193636,Yes
27,15,Operations,1.7850854102736575,1.7850854102736575,8.107965391327179,0.4546619508438542,4,3.6996391497936547,60.22796448666836,2.5225405707294235,27,1,6,1,25.57091507296159,5,4.7361160559621895,No
34,17,Operations,0.427260287627155,0.427260287627155,8.310412642179244,0.7066496640887369,3,4.184457732975296,40.15340178943765,1.6779191881695223,54,0,11,10,14.720805935535418,4,3.0689753736238186,No
34,18,Technology,1.914136016517233,1.914136016517233,8.741257617290122,1.3595267378215874,5,3.583079861222935,86.06814085889289,4.123666693695013,41,1,9,4,31.784618096479672,3,3.705880880994789,No
34,14,HR,5.916785363276163,3.465252437499535,16.977177262171953,3.213224047154679,4,3.6982958642086374,49.87421348972271,3.8922030843870115,32,1,7,5,29.90984350419058,1,3.2085231424715666,No
37,16,Operations,1.0211204938852956,1.0211204938852956,7.0180102895586325,0.6521267711078433,3,3.6740632378446576,82.00161573557426,2.2085437518796938,25,0,4,6,34.54332186934394,2,3.709873048755276,Yes
36,18,Technology,12.350017394634728,8.816661340519968,14.458457855228065,2.2484416652777237,5,3.09615640756818,72.74499870106204,3.187426604114976,14,1,8,4,15.625659755262715,5,2.355866825631489,No
33,16,Operations,3.9462833522848872,2.8542034583421025,9.633320243408201,0.49439759127570987,3,4.094165662877356,65.90300231322485,2.9184206542135556,21,1,8,7,53.36860424141182,1,3.0306016047301716,No
33,16,Finance,0.5857175393508548,0.5857175393508548,8.112970642668824,0.4222882392127696,4,3.6066643339337494,77.08471070893472,1.827555856818624,43,0,8,5,48.45015383661037,4,3.53127582764818,Yes
39,16,Marketing,7.3741617175104786,4.367959817945669,11.879538771505178,1.7321882402261868,4,3.7037726292540554,54.461826389528234,3.6116199896465098,62,1,11,4,59.336291617317094,1,3.7972666124227,No
23,16,Sales,2.3646798885698486,2.3646798885698486,9.901348777576509,1.9948430974850464,2,3.1883099414231975,82.26172186466086,4.029576847157026,19,1,8,4,26.220880564552942,2,1.6435430558088988,Yes
39,16,HR,6.147828221068345,2.0487303147697493,14.302937777339526,1.0931767005511777,3,3.9746080450464727,62.000379156606854,1.998407099148928,40,0,11,4,21.87968237443562,3,3.52844758754123,No
43,19,Technology,0.9609966472510066,0.3,9.709062308986898,0.5940881154046488,2,2.432305778279981,57.33858876671069,3.9208915200735728,30,0,7,4,21.72204808386836,4,2.232582122572554,Yes
48,14,Sales,1.1147283228390028,0.325809866220337,8.291063987496662,1.2382353119839795,4,2.507216823223327,57.96415170882022,2.6908499969209787,27,0,8,1,16.7153858554244,5,2.4611612808025463,No
43,18,Marketing,4.818816940378543,4.818816940378543,7.393136261448757,0.9454057695376282,4,2.8900086381781342,58.578085748768025,3.692316350249758,44,0,9,5,7.9768649163293475,5,3.516627949903024,No
33,13,Technology,7.704516349506271,1.0195727127982368,11.300349889882476,1.9425371406056064,3,4.200061003913737,37.80160540779081,4.089833800587089,47,0,10,4,40.73433023727255,2,1.0142107012403418,No
27,17,HR,4.067870353150888,1.6933746461191816,10.698858214963668,2.0624426577437704,2,3.019861188378619,44.41854020127229,4.187954141409847,9,0,5,7,19.039505405570747,5,3.5688495293952984,No
28,15,Operations,0.339414814527416,0.339414814527416,8.616043484856194,1.5022476906821194,3,2.1894087297172247,57.34039413519211,2.596713539815069,28,1,8,1,35.67169215151405,5,2.09590278935419,No
37,17,Marketing,0.3361298734201369,0.3,5.147672111170117,0.84585517741038585,4,3.006226100286175,71.40852279877681,2.200335032892163,15,1,7,3,16.12649766349085,2,4.444733858119717,No
32,17,Sales,1.8333019694605945,1.8333019694605945,10.368022136280421,1.595077450293376,5,1.8050713045340696,81.55185914512329,4.071914687092738,11,0,4,1,17.53095220376795,4,2.0209469777601705,Yes
39,12,Sales,3.6700660973352646,2.871791895754356,9.747281055016973,0.9506435600844138,5,3.4004537454697696,39.7051024115904,3.2032210401066883,16,1,8,3,22.148580314270312,2,3.6199457642916975,No
29,20,Technology,2.6778151943493764,2.6778151943493764,10.615445658021372,1.076536366530136,3,3.59959587817214,92.68812672077956,3.187311999900007,52,0,8,3,40.664388732374746,3,2.830637685872095,Yes
33,20,Technology,1.2167620209299872,1.2167620209299872,6.26217893586353,0.6420421375532669,3,3.6202173293867146,61.815036030748914,3.1040625771891737,32,1,6,10,66.97510269026073,3,3.538093722700328,No
50,15,Sales,12.249757611982199,4.7383372537566,14.651334228051022,1.8191744181604454,3,2.0198319477763134,74.60990055351196,3.5224810822265753,20,0,8,6,24.000477734431442,3,2.29298323070589,Yes
32,18,Technology,12.434751338436051,4.468435875399648,16.67792137127086,2.657649027851173,1,3.02257427695683,89.02451978052243,4.082428876634338,18,1,8,6,27.665126359063894,4,3.3686710274577716,Yes
32,17,Operations,0.3,0.3,8.135260468180636,1.3466332433865709,3,5,57.039695874509825,1.704127088310759,21,0,8,5,67.48530024554572,1,1.423872892762635,No
29,16,Finance,2.3567610175232003,0.45822866353531766,12.164869742336656,1.5796566926391569,3,4.383353252401272,63.37418774606706,3.308490997337049,62,0,10,3,26.088902886947995,0,4.040978447761042,No
50,18,Operations,23.73474381289977,7.763415389199483,44.689571868073195,3.7972891349138,3,1.814078423704609,33.9830216341646,1.7885856072581223,19,0,8,4,2.5689098701527757,3,2.4760175075185993,No
43,13,Sales,4.219440875322656,4.219440875322656,9.349378458267717,0.6696247181336856,4,3.297588592730892,82.90916843356732,2.6950216555685027,41,0,8,9,80,3,2.981576572253937,Yes
25,17,Finance,2.2638918646612116,2.2638918646612116,5.561806200417747,0.9289102874214868,4,3.4114605781841565,64.61804973641985,3.1197875538724267,17,1,7,4,28.453402799946815,1,3.4086680270181255,No
21,15,Sales,3.029336192844353,3.029336192844353,6.395172446384957,0.5353479954100541,3,3.8927231024086812,70.87775360505613,2.18180093689271,44,1,8,7,38.93293133572234,3,2.266195574389327,No
29,18,Sales,11.096832331583114,7.736936414792101,22.118140083103928,1.8761438218306177,3,3.8014282459164717,39.601725750607464,1.9962476563330138,30,0,11,3,3.5147258099580667,2,4.178068085946369,No
31,17,Sales,6.133011988568045,4.909143591227926,13.61398773201752,1.9172816498021807,4,2.6295880802189977,15.149345724239481,2.2060210315544735,35,0,6,5,46.23680362356791,1,4.936699308574987,No
36,19,Operations,10.17737350742471,6.633681803241287,12.323264657344449,1.4603048516144603,4,3.927067552802873,43.36076557407949,4.684343402132124,18,1,10,6,12.289324623815446,5,4.456569121530489,No
46,15,Sales,0.545561382837103,0.545561382837103,9.434196400122243,1.10009337747782,4,3.3146720679493367,56.02930625498268,3.4897574596294363,46,1,10,2,27.31913804277535,0,2.834614768327144,No
36,18,Technology,1.0189638807951964,1.0189638807951964,10.311330086832674,0.9307424597719097,3,4.58018034412211,88.91942610012224,3.981081462957402,44,0,6,2,37.5194822914761,4,3.7273735887125157,Yes
46,16,Operations,4.157961000820297,3.5944235097807655,9.632536233813065,0.6223694353401782,1,1.2194885433581137,67.3550584849016,3.4058407812129943,29,0,9,3,23.797598013390665,0,3.0422580377941366,Yes
35,15,Marketing,0.9826104016208399,0.9826104016208399,10.484383672014413,0.5713891332215608,2,2.7982600252633785,65.03045358955119,2.891653967725522,15,0,4,5,19.584176779162135,3,3.114090424582519,Yes
39,13,Technology,11.691803635475393,4.424464516671246,22.917852513286853,1.1827356825397175,3,5,47.131419831017446,3.2202329272178445,27,0,8,10,35.63256872261337,1,3.967140101856502,No
36,14,Operations,15.38808160974081,10.223554145756351,17.134075391523528,2.9812342499655173,5,1.5700251925431647,64.10490207366493,3.716487279779262,7,0,6,4,9.423379160894227,3,4.976997807830575,No
44,19,Technology,5.340033037957375,2.088960472127521,12.318865468791312,2.341708617978113,4,3.4997643474174804,53.568606360924754,3.494964671098296,19,1,8,5,22.236308107463504,0,3.980117100216816,No
49,17,Sales,2.84268441674411,2.84268441674411,13.680895550225873,1.8346391112120437,3,3.7869393557049125,59.543779237602934,3.1220946193438905,29,1,6,3,40.20375443193103,2,3.2795504766300443,No
25,16,Operations,0.3,0.3,12.603382837843196,1.6210421569684115,3,3.1912557143595723,66.30893180971145,3.0850000610554784,29,0,7,3,25.946558332747518,2,3.8413483032062645,No
39,19,Sales,11.883134078134674,4.854916039965056,15.66716552656371,1.6261685541758946,4,1.9245541789089513,60.335584687866444,2.0054163815052464,46,1,12,3,5.4764946929376235,0,3.262093191193389,No
32,16,Operations,3.9250182213204727,3.9250182213204727,8.186137173045084,0.502579340548258,4,3.288795569224149,27.198426313823564,3.000463890256769,27,1,5,5,29.967521240505295,0,5,No
24,16,Finance,14.617778203736242,6.9350171521194675,30.20651314624296,5.576845617595669,5,3.1152111220070133,43.85713308656479,4.022709986728408,29,0,9,7,27.34487637905552,4,2.42083805655067,No
41,16,Marketing,0.3,0.3,8.810924432268862,0.6867166581887602,3,3.196512654984207,86.6295148205862,4.005108990235459,31,1,8,5,36.704588329827814,2,4.990121564105914,No
24,17,Technology,5.10315377623888,2.8466637075448484,9.30339400749923,0.7579445312763944,3,3.21810416084569,36.57496169679285,2.393494465079554,17,0,8,5,47.41664637318244,3,1.958564812061261,No
32,15,Technology,8.597200134687558,4.325640815753751,8.694859028591882,0.6686492271437395,5,2.220633375707428,53.865080926162996,2.5254610861145697,53,0,10,3,31.95110440787289,2,4.002359448765786,No
40,16,Marketing,6.4593830771792895,5.796562880986821,7.987268501178478,0.8406488216351292,4,3.5832125108896613,88.54710775300008,3.491059144853071,53,0,10,2,17.704302578242935,3,4.992522830254904,No
33,19,Sales,0.6960846442831385,0.6960846442831385,6.524930052343436,1.2005952989579274,4,3.398901130686041,69.23988881383406,3.784939907308312,71,0,10,8,54.77662593320189,5,3.688747377287551,Yes
35,16,Marketing,5.340462942655864,1.2963913700705618,7.126109020734892,0.639528875775049,3,3.725652830629124,49.925588861362215,3.4239592286848928,23,1,8,3,24.876943772652222,0,4.138457281406315,No
34,16,Finance,0.9406688894932312,0.3,7.754086261594711,1.1861077796965915,3,3.173202827651852,51.4894246744656,3.1918766041702984,85,1,12,3,57.89216073632851,3,2.190263790943523,No
35,14,Technology,10.048965474611917,5.825083711489102,14.027493767718942,2.4850650985797236,3,3.4271831603244416,68.41205678939002,2.8843163096573754,24,0,8,4,11.256697827052744,5,3.7154203665537033,No
33,18,Finance,1.371652398014169,1.371652398014169,5.629240436337356,0.670509287549609,2,3.104349220622126,56.322338436120575,3.0166558263939662,25,0,6,3,19.565948849917305,5,4.2767813374007995,Yes
36,15,Technology,15.572186084906532,6.444942317130863,16.981441194772856,3.358624039983832,4,3.0994642601125717,76.15184485202582,3.09614321208285,39,0,12,7,58.07891401958897,3,3.51287629809988,No
30,16,Technology,13.146897572207438,7.529540915566422,20.543948958130805,1.5336317805952286,3,2.808555872733109,46.347236739234525,3.492879717343714,54,0,12,4,47.223320465594476,1,3.149860915704461,No
40,19,Marketing,0.9681006903080182,0.9681006903080182,8.779242889768316,1.0290726039251268,4,3.5986282726162706,80.35263992672085,1.8190847798153582,18,0,6,2,71.59857149510032,4,4.000015813836189,Yes
50,14,Technology,2.760599814097466,2.760599814097466,8.198288378067538,0.6213613280938578,5,3.494594287882191,45.558787502892095,4.320829377448077,39,0,10,7,29.46774615905347,3,2.4115663061140844,No
34,14,Sales,0.5935859544081319,0.5935859544081319,8.151344090144047,1.6013928209971158,2,3.1918520995450446,43.61322616357884,3.902474380127908,46,1,7,5,29.218290637980296,4,3.364223564768631,No
34,15,Operations,4.197260288706392,2.2919058190910127,13.628785299197753,1.387484718661836,4,3.716969591493347,62.282274689272334,3.8939376300236375,14,0,4,5,26.842714219591706,1,1.945092050975406,No
49,18,Technology,7.973693196214192,6.57679631805349,13.953435969465426,1.2595361497898148,1,3.6743032088577197,19.831190093341636,2.120890263767552,48,1,11,7,51.54705080254382,2,4.006698543495825,No
28,17,Sales,3.150008810719544,2.131764915568428,9.130389766875071,1.7060620053670497,4,3.606598126168883,86.99862600409782,3.6150791306264747,31,1,8,6,34.10268126582782,5,2.6424182070794653,No
42,19,Sales,12.110661178952803,5.553324767551619,20.392397858620697,1.5069644882779982,3,5,54.630509807059816,3.991538394241847,52,0,13,6,51.10813824310691,5,4.670087231652386,No
39,15,Operations,3.6129694343587753,1.2192918590828137,15.170983723163287,3.0096854966512994,4,3.097153341960624,41.38241606209971,2.9965903280247996,38,1,7,10,21.797892600221665,1,3.504574380406153,No
39,13,Technology,23.39773964699706,10.796143299558945,24.318710848554318,2.005174671436973,5,3.6936175844665007,73.97530224519278,3.903326536210852,36,0,10,4,2.897867316753851,2,2.572552067039762,No
43,16,Sales,1.5366762856899094,1.5366762856899094,7.202214648160991,1.0003705410865136,3,2.79522624587131,23.315658984469234,3.709644918238909,37,0,7,2,29.530817021727596,4,3.171702774616902,No
35,16,Sales,0.5320916537040428,0.5320916537040428,9.66870934216056,1.2162965784000936,3,3.182596099098476,45.23335326203984,2.308284737347975,13,0,4,4,11.420328501448266,0,3.9961121974620855,No
35,18,Technology,5.874388010503101,5.874388010503101,11.315894768547787,1.181518975202014,2,4.20709712952335,74.396649242457,4.48596469189647,7,1,6,5,14.734357052214865,1,4.743818085302466,No
39,15,Technology,0.5489566528291661,0.36849574589383804,5.980422522701316,0.5331527603324652,2,2.1036966127819996,51.76957929303856,4.290104059960239,88,0,14,10,5.861132014635027,0,3.746694222126369,No
41,19,HR,4.0207720563215945,4.0207720563215945,11.822334818609072,1.6689789105462087,3,3.9951452036668895,64.87693616842859,2.195339160312901,16,0,9,3,32.884796001898934,2,4.303564783046288,No
44,16,HR,2.9932390037502254,2.9932390037502254,8.276559525780328,1.5515735409272962,5,3.6868794482264136,37.02446528281533,2.2081771913981427,83,0,12,4,57.15335208329838,3,3.4395970332553567,No
28,15,HR,11.643937313142438,8.011183703337235,15.294855913399616,2.213698191016109,4,2.4820272174110016,62.144904650492244,2.4711369319485352,8,0,9,6,23.786134741856017,2,4.6185746088297135,No
34,16,Operations,0.7190954120800748,0.7190954120800748,6.6278183252730525,1.1041673037079898,5,3.8842032508681568,48.339441141166574,1.786206855631918,22,0,4,4,33.19920601918228,3,2.6419359452852924,No
34,16,HR,20.116636890263255,11.553050315523496,33.878885281810554,5.431559671630007,2,4.010686715609618,73.8802052018018,4.197376169206131,55,0,13,7,5.198566630181841,4,3.559183743798748,No
32,15,Sales,10.011258874069696,10.011258874069696,14.83703795231521,1.7443182205090768,3,1.3890937192339192,49.60034143846107,2.4096073279924592,7,0,10,3,46.06326897731097,3,3.5609751373998386,Yes
40,18,Sales,3.3555726519160096,2.123810213964329,14.861171535371398,2.748304340423994,4,1.4983953390181426,57.27907979636033,3.8219735619441715,22,0,8,3,29.700808442548855,3,3.1608646344978006,No
40,14,HR,12.74697428478655,5.812085877386934,19.334661770325937,1.6082754387958358,3,3.4841708992901728,46.48649354530521,3.3231333219519064,19,0,8,4,27.952312367430544,2,3.5657620339800373,No
34,18,Operations,12.897197960649876,4.300321403169721,20.149426970369138,2.189871430627442,3,3.5982278510926613,62.053761757473325,2.478345188179856,33,0,7,6,29.7880216853491,2,4.49307438650852,No
44,14,Finance,10.249383639569318,4.722078470135168,14.043727270833001,2.206185817793761,5,3.498713475316318,68.74378171662339,4.813008147509842,35,0,6,5,16.102299788768764,3,3.3958377210527853,No
48,14,Sales,16.967228211233518,4.653908712290414,28.765660608549723,3.9602079243370114,3,4.223760165517037,58.75694312718093,1.0047506343841455,37,0,11,4,23.72105995199726,2,3.26880651353496,No
29,14,Finance,25,8.962138684863426,36.22552785205376,6.836291138951987,4,3.216411217793766,64.04886379641331,2.173390941401157,42,1,14,2,21.379492899123044,3,3.9467964922727914,No
39,19,Operations,2.3679210602214615,2.3679210602214615,7.210335575859504,1.106215406525919,3,1.7062672726280386,63.0138704679481,3.0947411970795407,24,0,6,7,23.715757545096793,4,4.257326934325235,Yes
42,15,Marketing,19.62366099655755,1.9204438137298883,22.894140306961948,4.05841987830812,4,3.9054179202548727,54.690706868005165,3.3807674895481625,19,0,9,3,12.487498487875277,3,2.905051883245729,No
30,17,Technology,2.7212445854885954,2.7212445854885954,12.663484765379442,2.1643134775395696,3,2.8997361967631794,52.148844547044106,2.0136035883438472,33,0,5,5,33.557370280440324,0,3.7093475574436288,No
27,14,Operations,5.246860193955606,4.554214684939864,9.196210176452654,0.8760535389896168,3,3.805592383507046,55.55342383084885,2.2743141392660453,24,0,9,4,17.72245251253585,2,2.246165167065579,No
25,16,Sales,15.872173683435438,4.803341577862969,19.58718763127119,1.2044293807970772,3,3.9819455458121293,83.54137700894383,3.8999664529703675,12,0,9,5,64.67121278711743,4,2.9861771043847822,Yes
41,16,Technology,10.563018114314808,2.4040500214504217,15.080931179663523,0.7539728660586311,3,4.970538650453347,46.44867868698152,2.2998914410441897,37,0,9,2,11.21384761691234,1,1.520666139378882,No
42,18,Operations,1.6559865527277227,1.6559865527277227,9.436367718340591,1.2115258550794827,4,3.6916121608501746,79.44109474038044,3.5967575633503777,39,0,7,3,20.275292596006192,3,2.728843812438019,No
28,15,Technology,1.357154420358474,1.357154420358474,8.006334565000767,1.4619865752118535,4,4.006798016881069,100,5,65,0,11,5,24.475590406947248,5,4.165156088493244,No
33,16,Operations,4.49214447443081,2.7613797715895663,6.972881109669448,1.042497234818921,5,4.002153471583026,58.38455748832396,1.8833892957332352,7,0,6,6,50.32449238219172,0,3.6962322377609804,No
30,15,HR,3.6920733756158692,3.6920733756158692,10.476708637458316,0.7695196073938795,3,2.2799408191077557,71.09615234434813,3.8103849613878054,46,0,7,3,24.610221246265514,3,4.436220768102534,No
47,17,Technology,9.370400886421235,3.3768097691873775,12.736042644677095,2.1707790136995526,4,2.8065705201567717,32.33793991923415,4.313428982424177,5,0,7,1,25.227920603147776,3,3.265076343366668,No
37,12,Operations,14.672986831944012,6.811359685766387,19.89605026025138,2.141211980844944,3,2.813120663973267,86.0120129920925,3.4761693686638013,42,1,11,5,24.045119673720844,3,2.852451249492789,No
23,17,Technology,1.5874988323523793,1.5874988323523793,10.759933368941937,1.0008384210040577,3,3.3941709615719393,33.59027603248883,3.7913430994188917,18,0,6,3,14.676540218996484,2,3.351721196788758,No
21,17,Sales,8.930102731712424,4.376775122795606,8.533791216118017,0.6709609509605801,2,4.381976376471747,88.21918390394814,4.488957301084369,49,0,8,4,44.539671594669315,3,3.079984651518623,Yes
31,17,Finance,8.067659475068325,4.516944269365124,11.496192700381908,0.592864145564939,3,4.709848769504239,57.15658713860521,3.4971355407928066,35,0,6,6,63.42505839575288,5,2.9052929079270937,No
47,12,Technology,5.8862162328120675,4.396107106178489,11.958077341227726,1.0468694008188264,2,2.9380893854563865,84.22666210475263,2.1324857928092147,24,0,9,1,52.00047554668594,4,3.0984900186165776,Yes
24,16,Sales,4.065361301346034,1.4148328980811318,9.863687838608715,0.9270709530777025,3,3.9769955755369444,44.84436009431425,3.180749901489162,19,0,8,4,29.636472942097416,4,3.3478742558464836,No
32,17,Finance,0.3,0.3,7.069229247353394,0.8722835924021567,5,3.818170590317202,45.95127205343495,4.200555388209076,11,0,6,4,53.92580879506282,5,3.0778143521956838,No
37,18,HR,4.0511685983122,0.353466115652631,12.538077102150938,1.2549291719643287,3,3.172368922288777,68.43981054539903,3.602657326051584,51,1,12,6,42.55724402155809,3,3.61218093911896,No
31,17,Technology,2.8603536612303335,2.8603536612303335,10.995802144784246,1.544733323663421,3,2.3096399261652123,76.57350305150851,2.522844527270475,29,1,9,7,26.521835507688987,3,2.6681701872796215,No
21,13,HR,9.92982655254703,2.8377303773131017,16.899077443668926,2.813344721172652,3,3.020917076145763,64.00221332546087,4.71780704721367,5,0,6,3,28.390806981571235,3,3.0932681855194493,No
39,17,Technology,0.3604427702479971,0.3604427702479971,6.4816104550151605,1.2204475536669763,3,3.2985350821217287,18.85332744286476,4.096262673731827,43,0,9,4,31.974570570450464,2,2.3382640655135716,No
26,17,Operations,0.9168185824510766,0.9168185824510766,8.579560162094294,1.6753465780592554,3,2.6777935061466995,44.639071028952394,2.796724343157877,20,1,8,4,8.410758161341363,5,3.384244320409501,No
32,20,Finance,4.49259297961089,1.8884474095007049,16.867848144231054,1.2757270948200174,4,3.1140778807665184,44.85596713813284,2.9053972111966164,20,0,8,5,9.962676856375685,3,3.7088012018669487,No
32,17,Technology,1.7863258611905406,0.3,8.218191226127974,0.49439670671725355,3,3.109269171269035,64.26878399318346,3.485180123187062,10,1,6,4,39.270877546283465,0,1.0561545888535404,No
42,12,Sales,0.9433881223609686,0.9433881223609686,8.744384815533902,0.9053202749404434,5,3.921355265884599,62.22625216375244,2.828619532970764,36,1,5,2,35.7441083923638,0,3.332509718712422,No
22,16,Finance,1.30757885569079,1.30757885569079,9.802787189739586,1.4791858217907723,4,2.3168675747998124,66.97272642740255,1.887436008024557,36,0,8,7,17.388684934119308,5,3.1883480849622754,No
33,14,Sales,17.274804850120937,4.729417729259259,15.636998859419275,0.8242856847086695,4,4.415894338132283,76.52002108950738,2.919434277390518,31,1,12,2,29.423348514508945,5,3.1107620387865573,No
34,15,Operations,12.552721883016979,4.3808134639695275,12.303847453376239,0.9196058471288496,2,3.4018230362830475,73.98283831674206,4.391486627001268,11,0,7,5,30.65594757647925,4,4.075039627319896,Yes
35,19,Sales,0.5209008739928317,0.5209008739928317,10.946013166162933,2.1790908293170594,5,3.8957715466751734,68.97618032748426,3.7687084680634264,51,0,10,2,17.909352513792086,2,4.011225102801552,No
37,12,Technology,0.9607599284501244,0.560979794297539,8.988566495032437,1.059343078340948,3,2.611550735526716,49.17883654748655,3.2017717806942207,13,0,4,3,11.740600967264117,2,2.0130203084737257,No
36,16,Technology,1.1605707829917138,0.3,6.104302224660078,0.7464213988739254,4,4.023968111649786,38.55909777684589,4.397663908401039,40,0,6,5,18.67216680452475,3,4.469749315997976,No
34,19,Finance,7.164111608301879,1.46923978621984,9.484078720552692,0.936930369905468,4,4.711257259369097,41.65944345309445,2.8920277234531935,34,0,10,5,67.03785695934732,5,1.8042163968164944,No
26,17,Operations,1.4341630800781644,1.4341630800781644,7.308110952539543,0.5392606513863629,5,2.734511337235865,57.28615578352549,1,18,0,5,2,19.231120379749658,5,5,No
38,19,Technology,3.7579728962498593,3.7579728962498593,7.14834283366998,1.2672375385342178,3,3.7042281713693215,97.93551910016245,2.894619171173786,19,0,9,3,6.218941453398013,5,4.119837534608998,Yes
36,20,Technology,1.8395403882816899,1.8395403882816899,7.034381643807197,0.582742812425339,3,2.910782414484376,90.90816150691117,1.9960834237808647,28,0,9,3,22.03980142767659,3,3.917203806665404,Yes
23,20,Marketing,5.965713247203388,5.965713247203388,12.103236600189739,1.2722676067689878,2,3.61834266160798,51.257079483533374,4.110678813412431,21,0,7,4,52.987272885199815,2,4.294070074681711,No
43,20,Operations,5.365715000720898,3.100926660952782,17.498229745897568,1.143854362405629,3,4.333883969987426,89.07510965256128,3.3707023240684637,39,0,9,5,30.924429739383733,0,2.1453825518543583,No
41,18,HR,11.197523951561248,3.8872148603984713,12.11596229990804,1.6347711797304385,4,3.3832186212625364,50.444963657021106,3.307761860535549,34,0,10,5,46.16799227116976,4,2.1611566611606734,No
28,17,HR,0.3,0.3,7.13575172564032,0.8491887624823833,2,2.916775755479089,31.645388018536373,2.7383167238506103,31,0,8,3,16.650369406294292,3,2.3519650526597746,No
45,12,Finance,7.925729490551978,4.808177285435266,11.897887404404274,0.7360287484025073,4,3.0050526974161693,71.36049949104506,3.1760180949757144,17,0,7,3,32.991498823671584,5,3.6097677752232817,No
29,13,Marketing,3.8585449562129135,3.5281911521466567,9.164189923874059,1.7802467790668113,4,4.48380528848941,75.16492144953332,2.6962965089979822,38,0,11,5,21.31513060678605,4,2.461678439738373,No
39,17,Technology,1.1345115626964808,1.1345115626964808,8.837547065878498,1.6594910519461183,3,4.1964781978409,45.6804178313821,3.6147120307888296,14,0,3,2,15.637903959350007,3,2.706922182192174,No
33,12,Finance,1.2480973613533846,0.7545266903032887,12.203725085648939,1.2434783631383564,3,4.799797469579958,70.01268467071114,5,26,0,7,5,22.740145787253617,3,2.565423300155044,No
28,16,Marketing,1.573926910308865,1.573926910308865,6.8647079158176645,1.0708112167202672,3,3.738469266353637,88.0804282332094,2.4868494334272007,25,1,7,5,27.92222953128589,3,2.0092193688392297,Yes
36,17,Marketing,15.89853113169276,6.943257747447964,24.137901303145956,2.4715437360478996,3,4.2131853743112915,80.96068029956028,3.209064212508564,28,0,12,5,15.559107846973124,1,3.614694990437139,No
31,17,HR,15.557274344797872,6.511604391267325,17.1577435858663,1.489291510153748,3,3.091381613689415,40.960717477393544,2.3311963184266515,58,0,15,5,14.520667831400253,2,4.3407397644589745,No
24,18,Operations,8.818743056857894,2.7637589250197725,10.926713563994365,1.591137648463202,3,2.681201935813821,61.31167981314588,3.590701867475196,38,0,11,7,46.931657862108366,4,2.0370098326924393,Yes
41,17,Finance,7.089053628162435,7.089053628162435,16.789270520441324,2.4193322305693736,4,4.006648402556445,78.97280053054705,2.597135257027221,61,0,9,3,43.75567230824532,2,3.576910322915658,No
32,14,Operations,2.5167669719188375,2.5167669719188375,9.091376079087949,1.6126610847315714,3,3.4336644516913903,82.98012414273471,3.702209263006436,33,0,5,3,66.50607466365011,3,3.597000400821538,Yes
32,19,HR,3.4045545028700834,3.4045545028700834,8.368991694034234,1.565535189713866,4,3.9095689998850434,62.66941071409301,2.2348593867448843,33,0,4,2,42.78156137113208,0,2.43475070371178,No
28,15,Finance,3.477380069577358,1.9938701983393197,10.91515362636207,1.5913327091767164,2,4.517555128645697,75.25189485833769,2.304338376960439,11,0,5,4,19.125801777014505,0,2.8865304833269456,No
32,17,Sales,12.323408884058983,3.3411581819138063,22.973675290242657,2.297206961553263,4,2.9089821485189193,50.44474407812929,3.7813857446840466,36,0,11,1,12.59196830220691,5,2.8445731194327752,No
47,15,Technology,5.4102006700649605,5.4102006700649605,14.055827899911858,2.238542974987692,3,2.709203673221313,60.46872170028588,4.401107312635814,37,0,10,2,24.72527272861291,2,2.3263779418605077,No
21,16,HR,4.190073486546262,2.1241031579117835,9.159073162977743,1.6213315251396982,5,3.105433384494298,80.38333706456108,3.8088545154210385,15,1,5,3,25.322430810260695,3,4.726377635073425,No
39,18,Operations,2.308232272652422,2.308232272652422,9.688900379627237,1.400118530135012,4,2.3133063370721807,55.9861604724033,3.3206375386661495,24,0,5,3,37.13033379086999,3,3.403163096606008,No
45,19,Finance,12.711896072100142,2.3012103413851053,20.39824396569026,3.6108729702922964,3,4.218891507005263,52.85544317546368,4.083889774178341,11,0,8,5,15.14325600585124,3,2.314513710663954,No
33,16,Sales,0.45673059113368997,0.45673059113368997,7.148454813800238,0.539608166744188,2,2.7380891295060668,43.094649139387286,3.0085197023570776,52,0,9,7,13.747641356093078,3,3.744236759806982,No
32,19,Finance,1.628425498307092,1.628425498307092,10.355929160021235,1.2285211704452221,3,2.786111547812899,58.09926421803956,2.7046784974574574,22,0,7,4,29.914522455300617,4,2.7416313187886345,Yes
45,15,Operations,2.2981224542866774,1.9851622080807327,8.254478688057608,0.4583779622020014,3,3.3997109293219734,59.36605152430276,3.6037363778628886,22,1,5,8,46.12719356068208,1,2.7248746824731325,No
21,17,Marketing,1.7776960388973293,1.3520943153802671,7.695903802545586,0.9327202003337502,5,2.004569885257814,55.10036122237081,3.501320582358699,36,1,7,9,10.965622475886784,5,3.916047152225892,No
46,18,Operations,7.507014812902633,4.914355662461189,17.17778538797126,0.9279580862898259,3,1.5870796108133822,53.57603887489962,3.379065433207109,23,0,6,7,15.766686154489063,2,3.3316120021091478,No
34,16,Sales,12.328282947305254,5.636068655068446,17.327112716301656,1.8617766735977714,4,4.184096865886459,68.22539152100832,2.2139344562817036,55,0,11,10,22.515215076026763,3,3.583415870254675,No
36,15,Sales,10.340155862312578,5.922629331410943,15.764009723690032,2.1221382137413327,2,1.9929003405161463,56.25843411330504,4.9966959430341324,38,0,12,3,27.871848506873906,3,3.148789170345766,No
34,14,Technology,3.2789248178730555,1.830928780900443,12.455637528484631,1.631816244937579,5,4.688963818375965,42.06186924182971,3.68646604418459,38,0,10,6,14.647859322216659,2,2.754566924798376,No
47,12,Operations,3.825189562110334,3.825189562110334,11.81890693092206,0.9565910245947399,4,3.6908208702014695,75.46941968746104,3.5952246519402724,42,0,8,3,36.87624889509338,0,4.567764585011103,No
39,17,Marketing,0.8142604962670408,0.8142604962670408,7.193842389213673,1.209897148186871,5,4.584436331912056,96.44899070519166,2.2188894126643666,40,0,7,8,35.11773432651028,2,3.7863958414146537,Yes
42,15,Technology,8.262736921610053,3.8055871640206904,11.347350848907487,1.441492090929643,3,4.086970354238294,46.20232572474136,3.406011356338868,21,0,7,5,31.83072092042835,1,3.2182643091541645,No
44,14,Technology,3.140429001014898,3.1124948128572667,10.319860918870125,1.0303487618575975,5,3.818665723097476,65.63729230819841,3.4049038236450215,12,1,6,1,20.054259134173712,5,4.011163410661196,No
34,20,Finance,2.197545745034538,0.3313484891524742,7.271907766179584,1.3186828321368425,3,3.5848933315832956,43.799541810939196,3.713477967536717,93,0,14,6,26.828978961240672,2,3.777579188441844,No
38,15,Technology,13.294661675574812,8.97540462570935,16.170298541206616,0.9234163018674195,4,4.313151201924709,70.13261841100024,2.2814968023332685,73,1,15,5,23.022857765154328,4,2.1240725974188015,No
36,20,Finance,0.4293794833939931,0.4293794833939931,9.23844448143864,1.7821236236316587,3,4.1976340008362385,53.47400327789217,2.6224833406572956,38,0,7,6,52.347598320141465,4,3.971765601049231,No
23,16,Finance,6.004756327980985,3.607627421389675,11.011429113438604,1.2138383917298905,4,2.9159538139007637,55.85277875947016,2.8964458615426856,12,1,6,1,10.792248770685392,4,3.4452429466684147,No
32,18,Operations,0.3548076791269196,0.3548076791269196,9.385186353966374,1.1201462793345738,3,3.504788639705524,82.43628690403766,3.2013649254406134,45,0,8,4,32.40005619359553,0,4.836031061792005,Yes
24,17,Technology,1.688756058453287,1.688756058453287,9.146557088158627,0.713516174082099,4,2.8741957484899094,69.91611931463534,2.707433333797418,23,0,9,8,21.457463510069225,4,3.755505615684696,Yes
26,17,Marketing,4.913750814056868,1.7538939182329032,9.959607633466549,0.9364937154938832,2,3.4153934745090884,55.91068951631924,4.095200398514714,47,1,9,5,41.098171709962685,1,3.252133795282904,No
28,12,Marketing,8.157742518127376,6.797272174194692,16.664798504286647,1.1012164510030247,3,2.9921697310551374,27.39621613108713,3.378129603152371,25,1,8,8,17.829124661409267,1,3.3164741964410682,No
41,17,Finance,0.3123304915956388,0.3123304915956388,8.675299781207125,1.09129024321621,3,2.5690722820161596,43.42574448932373,3.609831677309501,26,0,7,7,31.361768557731075,5,3.9235081949089667,No
51,18,Sales,9.818755597004701,0.7946675506958207,14.377039851014175,1.8685898886179289,5,3.579170076868588,54.06643580521674,2.8082283288738963,26,0,7,4,11.647935692155128,3,2.6387699947774195,No
42,16,Technology,8.673388644874645,8.31480315736038,11.631566277075526,0.8524560073977799,3,2.9096187006501677,49.2170943651919,3.8826714566560705,40,0,9,5,38.749061218754655,3,3.1195874418871283,No
38,15,Technology,7.501223833776795,2.326517232983516,5.747104665974197,0.3455953287932231,2,2.795564236969192,34.897868427175716,2.5084184933567357,53,1,12,6,26.976415189940205,2,3.6336679411180497,No
35,19,Sales,2.624664993865615,2.1184462524570096,8.943628018484802,0.4410260240864009,4,3.103734300818511,84.20584276179778,3.6135629020812723,39,0,10,10,44.66499814578549,2,3.491171395487868,Yes
36,16,HR,9.428088384889525,3.795430279439889,9.15385860177588,1.111412804774292,4,3.2989897548239893,43.940553584491084,4.195374948024502,18,0,8,4,21.43970585137351,0,4.002847330639661,No
23,15,Technology,0.7991488891678789,0.7991488891678789,9.95549906886034,1.4575426412056298,2,2.8794707166518165,55.440945849205455,3.6245072003536087,53,1,9,2,24.51306840155728,2,2.616548163558928,No
40,12,Technology,5.301065165549095,0.3,12.985602795447974,1.9178000399021409,2,2.6043969777608664,48.48198960246996,3.6162321229837446,8,1,5,4,14.832775819302032,1,4.158941072380012,No
29,16,Sales,2.9248775203277995,2.9248775203277995,11.833371855147739,2.1428290805494936,4,4.583815159460693,72.09471562296729,3.8070994664212585,41,1,9,4,17.9729687284646,5,4.691114353170465,No
24,20,HR,1.8638925199773222,0.9981831658645,10.240197636797516,0.5595343838291896,3,3.0847150904230594,65.50022687468714,2.4923309196124577,59,0,9,4,18.66664505776278,2,2.575308509366399,No
33,20,Operations,3.469537889650745,1.6250304521114758,12.782816201336336,1.8916049922785367,5,3.0909285273525215,78.27235990550477,4.228813509223336,21,0,8,3,7.282886206150103,2,1.1835421505438113,No
27,15,Technology,3.6641381497932013,3.6641381497932013,15.94288474326244,1.294548546916611,2,3.0057161695582075,60.881235016219264,3.991042182323923,30,0,9,7,30.816468897368264,2,2.167247386535392,No
35,15,Operations,1.2256080006206507,1.2256080006206507,11.944464097228579,1.7405113468966744,2,2.0917194310827036,67.0039193256353,4.323240836694128,49,0,6,8,23.16395388713077,1,3.994509355423123,Yes
38,17,Sales,3.511391484850445,3.511391484850445,12.90600537101849,1.4744053078485229,4,2.6043231270675524,83.78594161882685,1.402795246926525,43,0,7,6,42.536762550025614,5,3.8011141347469795,Yes
41,16,Marketing,0.9872939591131686,0.9872939591131686,8.91703545767344,1.6357710971835042,3,4.404591912978943,41.420808751986655,4.130714646266076,36,0,9,4,26.740077265338172,4,4.50618650141702,No
37,13,Sales,0.587972836932969,0.587972836932969,12.3097642088442,1.2199795183697635,4,3.910460321588677,55.276555574219806,2.394620690705881,30,0,7,3,51.09171759688597,5,2.5854708344008404,No
34,16,Finance,3.4776372060329,3.4776372060329,8.89268301694282,1.61723586384886,3,2.607742138424604,35.033672358378595,3.3980720913411386,24,0,7,1,10.228730269277703,2,4.696117363167296,No
41,16,Sales,8.722592507738394,3.8186346706533825,9.291748527322087,0.5727062681887383,5,3.296442404568214,38.71232452379575,1.6081931334950177,43,1,11,8,43.51938995456373,2,3.8747398536200186,No
31,17,Operations,3.33189862194672,3.33189862194672,10.581498107744881,0.9186266072202339,4,3.600688082195475,67.10409394316586,3.918292948600779,25,1,6,6,8.23005360191862,5,3.583233155183226,No
34,19,Finance,3.9795303418571195,3.533198501902016,6.926339381864347,0.41564444060146316,3,3.8077213566499513,72.50860503125901,2.797857417842789,28,1,8,4,13.579088570759746,4,2.385756911674463,No
23,15,Sales,2.7163092083856353,2.7163092083856353,8.904091364334048,0.47299092133480525,4,3.9934500104223836,83.66373055567801,3.507077316495245,48,0,9,3,16.947508036029227,0,4.768879057765826,No
45,17,Finance,6.337658183809208,4.886669067275496,5.838597147415312,0.7125862039236014,3,4.011660740627989,23.126804459995583,2.3993009450116647,33,1,6,4,27.351821743933122,2,2.43443065360699,No
49,16,Marketing,2.781059180972866,2.781059180972866,6.541430943434722,0.6302398625590995,4,3.4154888713567177,53.022677411972666,3.457344058962602,24,0,5,8,15.888460991788621,1,2.319849475732055,No
33,16,Technology,3.7087315086369808,3.7087315086369808,11.174479218846148,1.8148866772343963,3,3.7053972131962696,87.79576022454773,3.184704934389024,30,0,9,3,13.600698806104011,0,2.9285817465603214,No
37,17,Sales,2.6244215878128587,0.30895283030909615,11.69169380660037,1.3920653855435323,5,4.411603320010531,75.28748197661912,2.7060551792666985,57,0,10,3,27.48276689183526,0,5,No
34,18,Technology,22.464734926951508,9.853354075053744,27.162320826414238,3.485375364583613,5,1.2098438582636026,56.62974338263713,2.978616289239578,49,0,11,2,18.871977543586897,1,3.4660383032191646,No
36,16,Sales,0.3,0.3,13.96330189499942,1.39889171846961,4,4.28002614752011,47.248700724489986,2.5739277039961483,50,0,10,5,76.6947048818967,3,4.258772797472867,No
40,15,Technology,3.494864653736434,3.494864653736434,7.5345630655139715,0.9347520129740619,3,2.515019014849601,48.26589223129069,2.7844875595852003,51,1,12,5,24.343683755676313,5,2.9245741389184583,No
22,19,Technology,2.0213324724321304,0.3,7.9482309842090695,1.215680888650383,3,4.379104241083474,59.50436019938433,3.080604305573745,23,1,7,7,28.75388358651873,2,4.281585107626645,No
28,17,Sales,2.004300460853712,2.004300460853712,12.302126841726015,1.31527016429637,4,3.199274238557585,49.17145918082214,2.4029982514678685,13,1,7,5,11.785715848644431,2,4.074384818909287,No
45,16,Sales,6.696150626503943,4.7765851669792845,9.853335752131256,1.0576085868990606,5,3.682241171234532,51.08112151424917,1.6106471398918125,11,1,6,9,6.896507834450712,0,3.9388622090619876,No
24,17,Operations,5.203919258389208,3.794240622765585,6.8038262467370165,0.7954721572316352,3,3.091167069691999,69.10654718254597,3.305569580052058,35,0,8,3,10.334773690678304,3,2.9828261667435148,No
49,14,Technology,7.695194566147048,0.4248728368772597,19.22885548440111,1.0041971670331395,1,4.588774864610668,61.04796124881591,3.4286792703260165,13,0,5,4,7.638981622980367,2,2.5252791230754457,No
33,17,Sales,0.4140698134885326,0.30904936612979045,9.811169123144177,0.8685464510674582,4,3.1958532241390425,43.629995598886545,2.0113644190497113,22,1,6,2,16.54059055461867,2,4.506252803263114,No
40,16,Sales,3.8293551803611297,3.8293551803611297,14.54516457143462,1.5655376433815908,4,3.0100145522042476,60.696261766155104,2.2303304508026836,31,0,9,3,14.049485470121057,4,2.3112455653762525,No
21,16,Technology,5.505813281370868,5.505813281370868,13.032950947470818,1.6531091788826688,3,3.2114917375586636,71.22299406073972,1.3933175778605595,28,1,7,8,31.33333087106377,3,3.7868903452036835,Yes
38,14,Finance,3.2272526568818805,2.776698729611828,6.740716823484475,1.297114878973021,2,2.729496692715912,60.61499102436454,3.513258860451908,52,0,11,6,14.58659932477609,3,3.334582535603874,No
33,16,Technology,4.040289398342503,3.2854709986956094,9.649526806564097,1.8952637977650453,5,2.778924329373721,46.30912857061981,3.603985646206035,41,1,11,2,5.985063158319816,3,3.966167849106409,No
33,15,Marketing,0.3,0.3,8.636689086375238,1.5082978126133937,3,2.5013173203201906,52.96473454579489,4.17288910031632,62,0,12,4,32.037581440923574,3,3.441190782287452,No
48,17,Technology,9.0059264007780655,2.3196073732209137,17.547598122552625,3.2075373377723837,3,3.4993147774086486,47.17599524794484,3.6129446835098613,28,0,7,6,43.9150402116509,1,1.7550503900334071,No
45,14,Technology,4.141597385661052,3.4430143922669423,14.48665150570545,1.4617878546370406,5,2.598910660637751,44.78085900794357,3.513186531697927,21,0,5,6,18.408274155174123,0,3.5014670102794216,No
21,15,Technology,2.231028183510636,2.231028183510636,11.515389079812362,1.5655262435270845,4,4.187814027945562,65.24239239628045,3.496651825726063,43,1,9,3,61.66062001589767,1,3.3207739653943253,No
29,13,Marketing,0.6999237955501851,0.6999237955501851,7.766316367605794,1.2569450532929347,3,3.018885375650482,56.26119670941088,2.7651537707272,44,1,10,9,16.355801152432768,0,3.7807878339798906,No
21,18,Technology,3.844972306440396,1.6774703032657994,11.71118276278877,1.164847099123614,3,2.799841448739116,57.421037776531726,3.6934527100211065,77,0,13,2,12.977735904714141,2,4.318935908464506,No
32,16,Technology,3.777883511431016,2.2408565112215597,13.982448307884683,0.792413786497987,3,3.089153904333796,57.04569011877108,4.223358077599175,82,0,12,1,56.21333469353954,4,5,No
42,16,Technology,0.8936115177321602,0.8936115177321602,12.040771186154421,1.480680856444924,3,5,70.57357039973925,4.911761519439425,50,0,7,4,39.047326199024944,0,3.1332188289956657,No
44,17,Technology,5.96300328677537,5.96300328677537,13.667420780930863,0.7711329853610732,3,4.991274224532442,62.32530139115597,2.291467817782,8,1,7,3,36.354749788700396,2,3.6161721273571517,No
35,17,Operations,2.503213090764065,2.503213090764065,10.829396820468105,2.0996993652221385,4,4.528750031438274,50.454452264528335,3.087425283312731,25,0,6,3,30.532150878429395,5,3.8605276825418806,No
31,13,HR,1.0944143940220592,1.0944143940220592,6.848754485205435,0.47197721224299755,2,3.207901614327106,72.8199463361155,4.994534445482241,39,1,6,5,13.029625860559687,3,2.3830064095946972,No
36,16,Marketing,2.2386767952487463,2.2386767952487463,9.85066653868074,0.9435456840644232,2,3.6095333821216578,63.90946253173495,3.32966183098859,43,1,10,7,10.84787933559277,4,2.968450417650776,No
36,13,Technology,9.687870538806534,1.8391965914286261,18.423240035821266,1.7953717520972536,4,4.1203323583221785,50.30292195089833,2.384527883098065,50,0,8,3,12.244823898317856,1,3.3264411573442514,No
33,16,Sales,4.114034707489151,4.114034707489151,8.194439038166207,1.5902120747031732,5,4.139557067135836,52.27090199796459,2.6841482140319424,37,1,5,3,66.03471174383735,4,3.0509769802803772,No
32,17,Finance,5.700942464329992,5.652305009361197,12.468953006407613,2.051745247111427,3,2.5085855558429273,70.83715965846035,2.406789610466938,29,1,7,7,3.613312175225424,5,3.216405687060833,No
32,16,Sales,14.135598835837301,5.783676957057642,12.766907299692342,2.256804519062176,3,3.7016706738652623,49.052281684496954,4.119435317726831,37,0,11,6,13.248863330439711,5,4.170228619098375,No
45,13,Operations,3.1531764404891085,3.1531764404891085,6.683622612396409,1.2786436578741744,4,3.1086347267974426,46.5901601921536,3.4084081964418194,65,0,11,5,12.554229730780616,1,4.497345891960201,No
35,15,Operations,7.037547159163438,3.807625282126325,6.508596619465848,0.7012665965808488,1,3.3053569663781937,73.96632385442543,2.90664825380338,35,0,10,5,48.32594332739617,3,3.8508775912500717,Yes
26,14,Marketing,0.4191776497851655,0.4191776497851655,18.345258868044972,3.2619395914187885,5,4.27775417624437,71.79596199522221,2.4922761811834833,51,0,10,7,29.989166908437266,2,3.4209881397585753,No
23,16,Technology,10.76760289411584,8.008999206496656,15.9774280392824,1.6312802588816913,4,4.472332996617399,77.92254366500912,4.177451082646048,21,1,6,5,14.469262609564721,3,2.7452830254893295,No
21,14,Technology,0.9226785621268692,0.3161643862451953,6.434852524526705,1.2332856348523205,4,2.9856622464213833,35.30429840334419,2.2199939293095636,35,0,7,3,58.637016362203894,0,3.7045530175445194,Yes
32,13,Finance,0.8624258204125803,0.8624258204125803,6.458469331224302,0.9773674100299806,3,2.913437188003699,37.31378549178316,3.8079767652881134,20,1,8,3,12.351138896859029,5,1.3372264238176887,No
36,17,Operations,13.64238229384659,8.175924268273144,14.650471386380007,2.896103274125616,3,4.087416621777139,52.03578241403452,3.7865882467961205,56,1,11,3,28.838535110533776,1,2.242019533505287,No
34,16,HR,6.296032242932155,4.887001223666686,15.827954365895458,2.127736631545708,4,3.4163848849908387,64.73868789068423,3.404424493706232,34,0,7,5,25.371748524475176,5,2.991326329239906,No
41,17,Marketing,4.401106004155123,2.912060024106069,8.952547552771891,1.5607559699505602,4,3.3117558058912935,62.833119793359955,3.0936092138801823,24,0,6,5,36.31630501923855,3,2.12266297988762,Yes
37,17,Operations,2.5212007361212625,2.5212007361212625,7.1966620903682035,1.2178855903057464,2,4.183852657185197,51.07451433430786,2.4171464212693556,21,0,7,8,29.80226200372165,5,2.907317209002035,No
37,20,HR,0.4330471219909671,0.4330471219909671,7.276186073994341,0.6143088119013946,3,2.69217177412306,66.75600850280527,3.7251152469604913,44,0,11,1,13.13599204018239,2,3.13594142262076,No
43,15,Sales,3.254202374447545,2.327227062755616,6.645936717469724,1.2472078541138794,2,3.0931115173319434,64.8849241175423,4.3960702148704165,52,0,8,4,56.533540651118514,5,3.2133556079942824,Yes
29,14,Finance,2.5975064142312014,2.5975064142312014,8.227592659752007,0.7371725057860555,5,4.492955541565725,54.66619179974554,2.8114826561749324,36,1,7,5,23.542693655128318,5,3.707945926479173,No
33,18,Operations,0.7972606778759596,0.7972606778759596,8.526742373548142,1.6530134522160682,3,3.704804124986104,45.73896538279456,1.1187208254218124,60,1,11,6,38.147714352144696,0,5,No
30,20,Technology,0.5199228381498857,0.5199228381498857,7.576532655393284,1.0022038323022675,4,2.9986575186365765,75.64350242841397,2.7887677596589753,28,0,6,1,23.31130133391016,0,1.3267982975550272,No
29,18,Sales,5.509234835128026,5.509234835128026,8.571171193208592,1.214972112443707,5,3.3275240460259434,45.47933106077424,3.8006725220888957,41,1,9,3,9.434676331266036,4,3.3403973227956665,No
43,16,Sales,16.012755310205115,4.877754208803517,21.907878499330014,4.300715420041585,4,3.324402744101356,56.39980874662522,3.6314051100354314,42,1,12,6,14.395595503055189,4,4.598268944538492,No
36,16,Sales,21.007481550493125,9.970838194468215,27.198498107637526,1.9397613947244812,4,4.589711754636171,99.69428925755969,3.8892396411546994,40,0,11,4,8.653284472613127,1,3.9479642171487015,No
40,15,Finance,7.396086262313856,2.8065175734573593,6.611317144722235,0.5831210911699463,3,3.1411667686283113,49.59008171905667,3.3761543316973945,23,1,7,4,48.074278996291866,3,3.8925280443322356,No
36,18,Finance,3.030722938377212,0.42003508022083313,14.300805928202678,0.7987816974239579,3,2.79776821227379,73.85643366155578,3.3008106423675456,46,0,9,6,42.946382447837166,5,2.3508454803658636,No
42,19,Technology,0.8954399793520073,0.8954399793520073,14.501106591678795,0.8729900646674661,4,2.1059199122645538,53.51019618328595,4.257303590566925,27,1,5,5,12.413775207408273,2,3.3460525552390803,No
33,16,Marketing,0.3123228629089375,0.3123228629089375,10.209289102901552,1.385304566631048,4,3.7907764198712512,55.99831634699034,4.003508069822775,89,0,13,7,12.705271984028052,4,3.6598938877593583,No
34,13,Operations,16.360322176442573,8.515138636499469,24.331946523856786,3.7722925910549194,4,3.7219618591715893,73.91376206758066,2.703247405932569,34,1,10,7,33.265756401349506,4,3.584708928188545,No
37,16,Technology,1.8856100852809743,1.8856100852809743,9.932045110358166,1.6719238545393305,4,3.3186254912543864,55.07449155943208,2.5970203346624823,33,0,9,8,11.363422921625586,1,3.02524026441806,No
21,15,Finance,0.8656921608520782,0.8656921608520782,6.369608918091153,0.884304858356186,2,3.710292012260812,40.962667240928575,3.613622743020815,23,0,7,2,24.905378709574865,3,4.213364580460712,No
36,13,Sales,8.680605106945409,5.318298818817315,11.679628333936739,1.4724551247873046,3,3.2970697147672334,66.52762790344086,3.3010023094030183,19,0,9,4,15.917007458665445,5,3.5914597298967266,Yes
35,15,Sales,4.619478229096785,4.619478229096785,8.515671235774233,1.4988564371514776,2,2.9046992231999806,70.08081812598563,3.001193574060983,27,0,10,3,30.296620192061116,0,3.0238255938541014,Yes
39,16,Technology,0.34929100701729193,0.34929100701729193,9.404768277125388,1.287412980294338,4,2.4941795185521642,70.58242941360047,4.289632511148293,35,0,7,2,24.32125559757403,2,4.566340731756954,No
33,15,Technology,9.706249097143537,3.5144767673949593,15.341264713501877,1.743779025097597,3,4.082928469186372,61.59687022308651,4.0270076259883165,73,0,11,5,25.34458290702324,4,5,No
32,16,Finance,4.58047402895735,4.58047402895735,14.75268728268195,2.148655752918431,5,2.0302085700195067,80.16384779924962,3.9167027649915798,50,0,11,5,14.480032858484766,5,2.588284353651408,Yes
24,17,Marketing,13.31484064978927,3.7947009864738472,18.81133434189684,2.2781248168003985,3,4.08655193671912,50.332522003567824,3.5158384679935506,23,0,8,7,28.511191466770253,3,3.05671376879596,No
34,17,Sales,2.181548319255698,2.181548319255698,7.716107974301571,0.7017946964092918,4,3.380458372128987,58.726145463622736,3.513624958478501,23,0,7,3,51.35903838757918,4,4.362473619333802,No
36,16,Marketing,6.641270566844791,0.6546307555357628,13.735138827158359,2.5687942891484514,4,4.17744438195678,39.45814503276052,3.571774849016752,12,0,8,4,18.28927151234335,2,3.490949913470534,No
57,17,Marketing,11.817442413022825,7.742639968578055,13.795648260325262,1.1794000880648727,3,4.1210114321023505,35.98865933456431,4.1082085580852485,23,0,10,5,19.375585176212436,4,2.284401315364277,No
32,13,HR,3.0625796231995155,3.0625796231995155,14.628752654368933,1.4973192751864843,3,3.2168239532307976,78.16812025979542,2.2839708859561383,35,1,6,8,44.384946256773965,5,3.0296994010361997,Yes
41,17,Finance,0.9820198229827779,0.9820198229827779,9.82838413539005,1.4628275094436822,3,4.220044022607571,84.00036438848858,1.6807290871424743,25,0,5,4,21.40121347965726,5,4.027140763417432,Yes
43,18,Finance,0.4126431287658337,0.4126431287658337,13.957674080941606,0.8071587022505186,2,3.9838454158509937,57.08834447127875,3.7868545092543298,36,0,9,6,30.76938808491311,3,2.9522517119071225,No
42,18,Operations,4.335697976527375,4.335697976527375,11.03618882674662,1.8963326441530504,5,2.992210683246133,66.3222489382271,3.2121257070720732,21,0,6,1,33.316482772321386,5,2.7601630981337655,No
59,15,Sales,2.79988061017301,1.2470952236137125,11.131874230910313,1.7025418474250806,1,2.618078547412441,85.94082054601442,3.1885339044126284,37,1,7,3,62.36248630883002,4,3.3272176308885455,Yes
26,17,Sales,6.999627531119283,3.284156458433387,10.840940090409493,0.6687227411035557,3,2.71967683787553,44.417080144949836,3.29104731572919,25,0,8,6,14.284107270590773,4,3.9888046746646197,No
41,14,Operations,3.4696906758605897,1.8980188793089423,11.752122357020683,0.7868327888344702,5,3.7070543628121806,59.371090733601015,1.7266876354303753,19,0,6,2,35.57846161281236,3,4.426163125387632,No
31,18,Technology,0.3,0.3,8.325170383660538,1.6378387587687253,5,4.262830757133935,74.01559180486804,3.0904777748994943,37,0,8,5,37.82208683590664,0,2.8878090041918236,Yes
27,13,Marketing,9.799184452941368,5.49490290221115,16.53293037768237,2.620751970891485,2,2.6961587935482383,85.96749637969575,2.159224714240737,35,0,10,3,23.686743010072437,1,2.610547405135413,Yes
30,16,Marketing,5.601905607025028,3.6920783503220336,19.67900720661196,2.8285398775021298,4,4.783788198776356,77.66147522409757,5,26,0,8,4,29.334246918306757,3,3.5270414915487964,No
44,16,Technology,1.5904978918177843,1.5904978918177843,12.270833732669962,1.2515423882844887,3,4.093299833282999,53.59896853290186,4.191425359283348,65,0,12,7,11.925401658898494,4,4.526224408410574,No
40,12,Sales,2.47735053896106,2.47735053896106,8.661326639574492,0.8177142624667798,4,2.4788290602223073,78.82334133373762,3.8135638503143765,19,0,6,9,29.973717056981485,4,4.038960500724309,Yes
35,18,Marketing,2.5882531712212073,2.5882531712212073,8.924082451915785,1.7387038896807723,5,3.0117962423689684,76.902755147654,4.486962482166669,12,0,6,6,64.2057460012633,5,3.2608517555187744,Yes
37,16,Finance,8.3976491170456,5.133619385688352,13.532872552817029,1.1256612365341032,3,4.690397777345841,59.71246153200793,1.7047003558015101,21,1,10,6,79.83257131421512,2,2.1567672764023027,No
43,17,Technology,5.703308063969005,5.703308063969005,12.708246862766638,2.089665421514367,4,2.1758529910176128,57.78156076983141,3.086489677805486,41,1,11,1,29.8502815347147,2,3.6478293569006945,No
37,13,Sales,8.223263194512285,6.124167743170224,17.740454228907083,2.7027824768081747,3,4.008156185807297,71.96572767425296,3.4989026390726727,18,0,6,3,26.24284685407582,1,4.318041039650516,No
36,15,Finance,10.692304865678537,4.1844826456738735,17.787347579178345,1.6584430531316816,2,2.9859336319818848,81.16443072376018,3.0115550633031067,31,0,7,5,35.63449256941253,0,3.646778674848407,Yes
42,19,Finance,4.945743499178619,3.5574272794680692,12.538699294798828,1.642694892548061,3,2.6888586163014723,81.99733538626944,3.2009225837573423,8,0,6,4,22.127365526967555,5,1.2309227314116744,Yes
45,19,Sales,0.6367792268676642,0.6367792268676642,5.602164915621737,0.3916294533782745,4,3.5044058309543087,99.14570411165666,3.206428982723705,38,1,8,3,13.78915037414945,2,4.030693387875285,No
46,20,Sales,3.4569827834914406,3.4569827834914406,11.181646431802633,1.4833826039944735,2,3.6074563214433293,78.23099974083283,3.1809962295246668,29,1,8,9,35.181934898796044,2,3.894609318413718,No
42,15,Finance,0.3,0.3,7.55763053509842,1.212120979391492,3,2.5627862539917463,44.26597476776824,1.8987896801013833,37,0,6,4,19.854772026144545,5,3.5021837003236542,No
42,16,Finance,0.3298256448293795,0.3298256448293795,7.337331809202443,0.6509475953848969,3,2.6172940491017753,70.15651336746876,2.5872539135509496,19,1,5,4,25.63782707986589,5,4.489198754899945,Yes
36,14,HR,9.115429876404448,6.770921957416884,14.894539636530531,1.1998710510562545,4,4.098801479678241,26.141096925559893,3.50311469765393,11,0,7,5,14.493673250799244,3,2.3024237376633643,No
35,12,Finance,24.993579664871298,8.921831294765486,36.99783087755978,2.869169691595129,4,2.429561084137618,74.9377863134042,1.5890125972007494,33,1,12,4,10.126813814106338,2,5,No
27,14,Sales,6.166440645663196,5.5589149433838765,16.196509798639216,2.486361823539403,3,4.8865322401234526,61.594338993598264,2.4757511637123137,15,0,9,5,23.90705868724159,0,3.477085272198556,No
40,14,Finance,10.291930916484931,4.810759897463831,19.523514065223694,1.2892647636053094,5,3.0943139729750078,68.14153240634795,4.700644065375626,62,0,8,2,41.271081344595736,0,2.968374796568551,No
37,16,Technology,21.86819550434438,6.930714478751319,26.14255986769304,4.476957498944262,2,2.997993283854593,78.65069262378196,1.3101739118308922,20,0,11,4,44.953535795130556,3,3.683505197713767,Yes
34,17,Sales,25,7.5975922898800015,22.258129434730897,2.2184089527428776,2,3.1903863468163745,44.55598034731918,2.2038204350526387,35,0,12,5,26.048124726893256,1,3.763454921243418,No
46,15,Finance,0.39603327291787305,0.39603327291787305,6.032190384363675,1.0761755289290873,3,2.586570087793214,83.725080094222875,3.204023481438247,30,0,5,5,26.06265714426718,5,3.3644339504496905,Yes
47,18,Sales,4.521150989784628,4.521150989784628,12.423567032654683,2.2012929182021255,3,5,45.922859903196894,1.9677649768127932,20,0,6,1,25.014986896957808,2,3.618928618233653,No
31,19,Technology,6.480621406732285,3.0385394312623246,8.43419945388878,1.6952077586219696,3,3.7879386270571533,79.18977473090051,2.4699075983434002,58,0,11,4,14.759607532778002,4,4.046904709084999,No
23,14,Technology,6.6001191481692745,6.200641239120989,13.05514110184604,2.648840970986208,3,2.6054729662977816,57.57147465734491,3.5963832400584455,51,1,9,5,7.462024595656579,2,4.084995016177471,No
27,14,Finance,0.3342132584564267,0.3342132584564267,6.6270881778977655,0.9493763786708509,2,3.6042656591017623,41.66731224468997,5,18,0,7,2,19.330954448206107,2,2.6195776413655896,No
33,15,Sales,2.883155995541703,2.883155995541703,11.510367446728674,1.4262068776571675,3,4.190000572224041,48.380175789932665,3.3300919773322555,32,1,9,7,22.06451227408121,2,3.8754185302126984,No
30,16,HR,2.1207898401365703,2.1207898401365703,9.520950029081803,1.0084699066294227,3,4.494328109996567,64.65373382657957,3.701549271412936,61,0,8,4,15.61397560567771,3,1.7909632699238298,No
31,18,Finance,3.0827287732347193,3.0827287732347193,9.635903180774758,1.6802009758131216,3,3.013286720031904,60.31840598458668,3.9057552665516027,42,0,8,3,22.620699264409293,2,1.7854872429193611,No
51,13,Technology,8.267481782738441,7.125055182900884,9.703339452247748,1.2723233476071543,4,2.800088046553294,45.16571755017858,2.7949127016850563,47,1,11,2,70.07452494478255,5,3.7765356745933363,No
31,18,Sales,1.7680892408203022,0.39279268171755205,6.388740468543632,0.5397573979781287,3,1.8923413568972076,55.10201498959112,3.504803626369844,38,1,10,6,24.845453727321548,5,3.6652124773547667,No
39,12,Technology,7.447134994174167,3.769380673257065,10.42543545649045,0.961748923158367,3,3.5099618193150945,51.973292005772635,2.563707279738598,42,1,9,7,7.955246873125423,1,2.4560039834692113,No
35,17,Sales,2.099317200516383,1.2248494937911052,12.848961468211,1.1195530446234339,3,3.5221730461699283,61.50291023871998,2.89472453570385,48,0,5,4,65.11682581255278,3,4.977047662274231,Yes
44,12,Finance,1.9401366272040648,1.8894634246249613,6.145465432177511,0.6348965172487433,3,1.9062899583345405,54.3914329753337,3.2113473060992557,20,0,6,5,30.929774183550112,1,3.503446003458529,No
49,18,Operations,12.682224904816387,3.399572797289261,14.035847914116248,2.485687371907821,3,2.384881758435137,59.312573709326045,3.505542903528744,20,0,7,3,32.42255803585644,1,1.3461448508798286,No
39,14,Sales,1.0861409527527812,1.0861409527527812,8.16315878265408,0.645053868143344,3,3.1817901384487888,61.28525441882517,3.208006029304168,9,0,6,5,25.071881262079543,0,1.830230737140273,No
37,17,Sales,8.452772156517023,1.078078734231726,16.673380675765056,1.8614426913201918,4,4.067128987591492,41.39455624174019,3.50815235204214,21,0,9,6,29.736110499161096,1,3.8362266365038695,No
29,19,Operations,10.432811852890959,6.951722705826138,11.435843878125272,1.235138697544762,3,1.9889327379253274,46.120753048109655,4.1082351433796305,38,1,8,4,77.17405261731396,3,3.4613155548660144,No
28,15,Marketing,13.72647530807847,10.102205302247704,18.597112048260012,3.4454944468163187,5,2.2822147987671055,33.44633748386172,3.975032380364484,35,0,8,4,37.19668686812317,0,3.6722480158553927,No
29,13,HR,1.1291306928980953,1.1291306928980953,7.366626080738157,0.6013881040105902,5,3.7832173267013425,66.5592649776893,3.0896296099256064,29,0,8,3,15.762419428346092,1,2.3935756813005447,No
45,18,Technology,21.45296006091116,10.756981878463197,21.464845916858227,3.471170546173191,3,3.028501279750195,39.00741066058397,4.227370004617315,21,0,8,10,27.034582383537394,4,2.4744187297797073,No
41,14,Technology,24.96179999813315,11.431406185807885,46.31983225142494,8.464920385032343,4,3.976326484367398,37.247344886465456,2.0961902662165204,30,0,15,5,31.67398430952341,1,4.462285197020285,No
31,15,Technology,12.018287709758024,1.5618606745911374,20.13169793982314,3.7799880455848696,2,3.192976607655935,31.841130092174488,3.2946492714759548,33,1,9,4,9.900419394124167,4,3.4796608991135916,No
34,15,Sales,9.74204416451858,6.168792324511248,18.29657805479733,3.602825405653619,4,4.970599794690147,69.46662397408771,4.414690210969431,44,1,12,5,32.58953434439483,3,3.2789151191772348,No
31,20,Finance,17.998123358290524,7.915832665343821,22.477897338382856,2.2021967866843575,2,2.682654103241084,40.934987817691926,3.831768979774203,44,0,13,6,28.338657784972046,1,2.989684980245498,No
37,16,Operations,0.3923528410471612,0.3923528410471612,5.219203770278009,0.4719440672700582,4,3.904498597440855,71.77189445307792,4.217538676095258,33,0,7,4,30.419696304015908,5,3.230431077960409,No
41,15,Sales,1.0300599887959625,1.0300599887959625,8.723997319643894,0.9715752707281841,4,3.702747009498498,59.30658631595222,4.807568702770436,5,0,4,5,24.718304053399933,3,4.1299655627717735,No
34,17,HR,0.41510169660424623,0.41510169660424623,10.528238216349497,1.5627343703265926,3,2.8955881829043966,49.02867119357757,2.6193777379505288,22,0,11,7,16.156962453472477,5,3.285334404415474,No
21,17,Sales,6.954841130059349,4.338981330772697,7.9313039242581675,0.6268159710901541,3,3.8007786724447556,61.91472473691739,1.3732286256628374,30,0,9,6,23.85850782105092,4,3.3908433698931444,Yes
42,15,Sales,7.316170450499604,3.915199594278569,13.601119058866786,0.6814667662111025,3,3.027710441385913,74.43934183809895,3.773396055285158,41,0,8,8,37.90325487474309,5,4.454196942032687,Yes
34,15,Technology,5.707484883517658,5.707484883517658,14.883067613262252,2.2208861515564746,4,3.992592922849176,63.387383340418396,2.80093202043391,6,1,2,7,61.471583064795276,3,3.3163795870495396,No
43,17,Operations,4.404696019464507,4.404696019464507,12.112038391578507,1.1470340210135985,2,2.389638837571208,23.073005614479708,3.31759008965123,35,0,8,5,22.218707873681584,0,3.878507515106512,No
33,18,Technology,4.803914212432125,3.523523120836238,18.93694917751718,1.5993830551676689,3,4.988031265069771,89.20983126458754,2.705836918561005,25,0,5,2,16.497485637973117,3,3.3383737478551017,Yes
34,16,Sales,1.0238681384077872,1.0238681384077872,14.388381318857824,2.705059232020155,3,1.8169130751427802,48.03854845927741,4.225798300428778,32,1,7,3,35.10380207214508,4,4.144454662009038,No
33,15,HR,4.867750297953709,4.867750297953709,15.879346241544997,2.2621531804541375,2,4.99646192995069,55.21201678109915,2.673626960722245,12,0,9,4,12.180777965009504,5,3.7123817773965717,No
33,16,Operations,8.021025714709198,3.942259386652307,14.715894558202562,1.5691105266266587,4,3.4347622275832523,58.95755770008002,3.594629576308901,44,0,10,2,19.32895222695648,1,4.468923040331575,No
39,16,Technology,11.601565671966103,5.6851420318749035,17.094764232057276,0.8679315314730089,4,3.8816803238374007,54.60240301581485,4.103276253962892,20,0,11,3,17.19808592556009,3,4.747483299140889,No
32,19,Technology,13.690922743382,5.852836714671126,15.057264914407329,1.1287139857930106,3,3.9033121921903633,61.24371323465372,3.9991521817347584,19,0,9,9,28.137356595463388,4,4.050194404882121,No
38,19,Sales,14.058805622384957,6.920678633625996,9.729477560494036,0.79784973105049,4,2.6799009361802906,18.98119975433365,3.911225195714919,29,1,6,6,31.8669701535495,5,4.28598532217027,No
34,16,Finance,4.074359174051352,3.8155160788450546,10.441988484300284,1.9041340180915445,3,2.601405891535404,50.68251081222178,2.4771437476055627,27,0,4,3,60.36234643044629,4,1.385678581526627,Yes
41,15,Technology,2.304470653361626,2.304470653361626,10.260762167579053,0.9825592139399927,3,3.8118470648605025,52.25605190272348,2.4646987263521045,18,0,6,5,14.11474714162459,1,4.1374265968331665,No
49,18,Finance,0.7678553406924142,0.3,7.142770292817156,0.6816060279224692,4,2.6856235517278946,42.50345739009632,2.7935553858716857,22,1,7,3,10.473691908450988,4,2.304563155239327,No
37,12,Operations,3.8555179874857917,3.8555179874857917,9.959770891153976,0.9078423057591719,4,2.8930540274221506,58.280598801404956,3.912199537592135,23,0,6,3,19.609222453750526,4,4.920892735723059,No
28,15,Marketing,6.615425492573855,6.615425492573855,10.975293348928789,0.6378169506810241,3,4.707713668667378,52.932633952970214,2.8037227910755136,50,0,10,3,42.32688081762463,3,3.7022695185550876,No
44,14,Finance,5.445340666222429,2.6588278667832452,14.277731991211557,1.310964163211049,4,3.529321748866793,32.16436971363738,2.8292145532179838,26,0,7,3,28.181417282434193,0,2.043327012776863,No
28,19,Technology,1.5739601427004803,0.34335596223976744,9.258612472186272,1.0657470960407982,5,3.6010727436352354,56.971013814276674,3.1148103509564233,26,0,7,6,53.72665616429405,1,3.4680733133275834,No
33,16,Operations,5.934356874955819,1.5025023068707848,23.607106242820233,1.7491918652613572,4,3.796315094803808,86.43219093158862,4.094839641091396,23,0,8,5,56.6413777395472,4,3.4102252650116704,No
28,16,Technology,0.38629814177127036,0.30362192887735723,5.592549835356566,0.45079905891227706,4,3.3328836379585143,64.77935163833587,2.5058165028647963,20,0,8,4,18.718915193449863,1,3.908462238252062,No
21,18,Operations,11.898445270979527,1.0886954797928978,24.057532703793157,4.808082565175739,5,2.925347805479227,53.26208275001857,3.186922493784578,27,0,7,3,67.81341861295869,3,3.5579447149950973,No
44,15,Sales,9.776430868417108,5.065340625127888,18.56159582617113,0.9227852906288039,5,3.373978404454132,56.13019099442747,4.315206697406826,41,0,8,3,49.50414608722473,3,3.143133899018173,No
48,13,Finance,3.0733010897079702,3.0733010897079702,15.256400723034922,1.685175290156262,3,5,40.19511687891807,2.90463091791544,32,1,7,5,24.992164762236943,5,4.976385775316014,No
41,17,Finance,5.095647563385178,5.095647563385178,9.832922354604637,0.5306521229914444,3,2.6708923631133823,67.2797048543105,4.109223706539131,29,0,9,1,61.895632759323924,4,3.648561254529731,No
24,16,Marketing,7.014516798435251,2.822632992123291,18.053633942111574,3.5524708299941175,2,1.9006206049552514,72.5113328302406,1.8601032640233781,36,0,10,5,34.156490547642434,5,2.7605309521557873,Yes
32,19,Technology,2.588887968538449,1.5205380022166999,6.83200508926796,0.49574729667429357,3,3.7045217660634493,64.90809300199811,3.6845379380962053,34,0,10,2,29.684094685492248,0,3.1198186705566826,No
34,17,HR,8.039740685243537,5.6846857650653835,21.653517466377334,1.2136232520670875,4,2.80608113223615,60.27237416878006,4.792323474194548,16,0,8,6,13.65036080486119,3,3.6890315052012603,No
42,19,Operations,3.890825631872055,3.890825631872055,7.115866082159519,0.5202110380124292,3,3.405115157106229,56.868734560490395,3.182536430225048,17,0,7,3,33.99412727435213,3,2.897485287100304,No
22,17,Marketing,1.6607768321868195,0.3,11.928253325789761,1.446516883054561,3,4.997479230366913,39.80251844048487,2.711406193509657,28,1,8,4,32.710514688511495,5,2.862964198528697,No
34,16,Operations,2.3565041893136844,2.3565041893136844,10.21632287766933,1.2285889418632248,4,4.923882835050181,78.08542778812397,1.975675225453616,13,0,3,2,36.865992894363295,4,4.153343438016822,No
30,16,HR,0.865174021192328,0.31268317863985706,6.914273569281851,0.6298821834605631,3,4.708152060426984,54.4601192730676,2.8990116216189774,25,1,6,4,49.95367418746102,2,3.4580529711773362,No
32,16,Finance,24.970386187165754,7.559229847822262,22.571054215779874,3.9808897374716445,4,2.9897282645849668,46.741273699457125,2.5788204399228687,42,1,11,2,12.38442774323817,5,4.2547808500702775,No
40,18,Marketing,7.126588161438117,2.162679896752153,14.773658366793786,1.0648330973981592,3,2.297738724183301,65.7934448011508,4.21071969017966,53,1,11,6,47.510474437359605,3,3.404401877298819,No
35,16,Finance,4.370093853201994,3.426334034645093,12.188415583487135,1.2167086418622048,4,3.5027392977502805,52.05637950405079,2.3938571663422934,8,1,3,1,46.312462392946394,4,2.592771427295918,No
31,15,Technology,2.7844588001523563,2.7679321124051164,11.008851064040256,2.1304007039846753,5,2.705698791276796,69.72704125115331,3.0907548292455598,12,0,5,6,25.74215221554718,4,3.5016737443011117,No
23,17,Marketing,15.094058169412213,7.37632924477007,21.811983552381747,1.6971368800706335,3,1.8942057632390692,53.53186783003251,3.7818873555362877,38,0,8,6,41.60155051061848,0,2.6148135555978285,No
31,17,Sales,12.524446196987462,3.3692421815632345,13.239085551378173,1.6703463290806169,4,3.906154588540753,49.093853129540655,3.510199312780458,24,1,8,5,10.463059928453863,0,3.9046160119377165,No
28,18,Sales,0.5272874154615259,0.5272874154615259,6.780806487714246,0.40396568178852615,2,2.8708541608290847,46.598341106988016,1.0059568717207292,20,0,6,4,16.62090247381528,2,2.6335063763687163,Yes
40,14,Technology,13.41764635399705,7.848686689276793,12.69756065656114,1.2400863258768497,2,1.7129851400542537,49.910920749853666,3.492526254682392,41,0,9,7,37.86033248587366,1,2.993366740682345,No
44,15,Technology,2.3871576289949434,2.3871576289949434,5.350305474798193,0.5960865804726284,2,3.4106774622563143,57.981380843818094,2.2027164931403598,34,0,7,5,15.515192382331383,4,2.671369367302259,Yes
32,17,Operations,7.678434551929346,6.362294068123385,9.461328009051087,1.188990421285598,4,2.6939918452050033,40.915233017231635,3.1035587477558497,32,1,7,3,40.08284160543664,3,3.8808144457641465,No
38,13,Technology,9.489094993617798,5.602636896721994,12.758885229728495,0.950233923406704,3,2.39093016562408,37.85626290088894,2.8735268632234092,52,0,16,2,12.07228989658137,1,2.3737189261977245,No
24,15,Finance,4.370562911032641,4.370562911032641,11.861975948733146,2.3674652745851024,4,3.310690757026241,48.0358536934521,2.9032181940426747,51,0,9,8,20.60148698905523,0,3.2704423542994703,No
44,17,Technology,2.9374171541414023,1.6144030632471063,11.600462087699935,1.7319448424058805,4,3.7764444699060515,85.61007136092375,4.192118068422505,11,0,4,4,47.16450624642319,1,1.839862868463941,Yes
37,19,Operations,1.26303495458234,1.26303495458234,10.452867940366511,0.6910939314739228,4,5,78.28192512610977,3.5712390504464615,46,0,9,4,25.332778088050166,1,4.392358311405458,No
27,16,Technology,11.590229795034096,2.140897275494324,20.319122007500894,4.045146312095938,3,3.4012998014799445,84.51203027960584,3.109118251076577,29,0,8,5,34.6525208717577,2,3.9577916679701217,No
35,17,Technology,9.091043713481127,5.506029355531043,10.699665591529358,1.0588885759520077,3,4.407979173680889,43.28331888705694,3.6937020885382443,27,0,8,3,41.68393976715198,5,4.450094671313524,No
49,16,Technology,1.4726125478546483,0.34625916444898763,5.91237636630378,0.9625299715096577,5,4.407940151448274,44.29119018262372,3.7609402965884535,35,0,6,1,6.52614870644758,2,3.6633236306227497,No
43,16,Sales,1.2877125480057132,1.2877125480057132,12.268542723923892,2.3361608293284597,4,2.617494705745968,47.99021997503538,3.804670673814625,27,0,10,5,31.629514685831868,1,4.138847623114657,No
49,14,Technology,10.610745722579015,4.804428837218771,12.420646920531796,1.586398945735947,4,3.1854935961106627,56.11582242649475,3.60814181945792,78,1,14,5,7.421531655887774,3,4.419499562412343,No
46,13,Technology,2.6739159051479127,2.6739159051479127,8.375578230413181,0.7393895379439674,3,3.1131547970921583,66.41204035785145,2.8082876139814026,25,1,7,5,16.90685283944308,5,2.4043315365243587,No
26,16,Operations,1.7068538211082505,1.7068538211082505,8.17178433777699,0.6181629166867129,3,2.205597158536225,66.72689192184592,4.069419346377097,5,0,5,5,32.99311119092606,1,3.3722500675921325,Yes
21,14,Operations,2.8878306999681285,2.8878306999681285,10.207702877799408,1.4018914246276912,4,5,40.341677608960026,3.499987061675443,58,0,11,1,53.136874348772565,3,4.5337179980841125,No
31,17,HR,5.964792253923526,1.3975961170816473,10.27027133116827,0.8845236776956746,3,3.990277629566039,82.53313710764924,2.738626549893798,29,1,6,6,22.914998481120058,1,4.39160021883317,No
21,19,Operations,1.5404315351901505,1.5404315351901505,8.62440047122013,1.2093461938727965,3,2.1092011429922066,76.2024628286912,3.1839330808538966,44,0,7,6,52.64725812544233,5,2.763721068316442,Yes
46,17,Sales,1.32227466177585,0.3,9.215911208483215,1.340305145335124,5,2.8837366772487045,72.60246076198888,3.9919174873080414,54,0,8,3,58.60856903225129,5,2.6273120912351713,No
35,16,Sales,0.3,0.3,8.226728290577665,1.1990171516098382,4,2.207785076532278,75.69291763860481,4.8050540944474704,15,0,6,7,37.88569622650743,5,3.728295918387617,Yes
46,17,HR,2.3547730093955477,1.4393977073862274,10.801595711175741,1.5007833760269769,4,3.585991331472601,58.11390869135252,3.3065528024932234,24,1,6,2,8.279757650251407,1,2.828512994356414,No
31,17,Sales,5.957224745909963,4.663826096607095,9.721171244019974,1.3247372835287305,3,3.2986119149556226,72.08323457011151,4.096347714878577,35,0,7,6,25.09156885640669,5,1.554173173556306,No
39,17,Finance,5.981761678588384,4.232453946564536,13.263970771652016,1.6293803555473603,2,4.677795667299592,75.22222947445277,2.69025433587672,39,0,10,9,42.41851942484998,3,2.7568230201860806,Yes
54,12,Sales,6.234511588571081,6.234511588571081,13.002449558679404,2.1404772115086166,2,4.801276006044815,35.805381236234844,4.005290908290132,18,0,6,9,29.2765642640826,4,3.9360199007373593,No
22,18,HR,14.494978219578785,2.228747446735612,18.218228878192498,2.7178118434772887,4,2.9209000319404224,85.81649251043831,3.510407605036372,24,1,10,5,9.288230934123334,5,2.03957364123016,No
36,15,Sales,3.7673166199121537,0.3439977543606813,10.465930005963331,1.9669011312183844,4,3.2529576700943452,81.90322334545336,3.1004722763456978,68,0,13,7,12.026457692586238,3,2.2810616985571874,No
32,17,Technology,4.550923838244127,4.550923838244127,13.840847383214323,0.9082110553934932,3,4.292516063637437,69.77914015167063,4.385923590492355,28,0,7,3,43.60812696659182,4,3.2449811537852855,No
34,15,HR,9.26664130303206,2.938307880238599,12.521494420793072,2.452375048888016,3,2.704437759710304,84.53032962733427,2.1955358259252007,35,0,12,1,79.8982827782501,3,2.1690319924988555,Yes
44,13,Technology,9.17558511143768,5.019166478079316,11.643016866085757,1.8711669546553065,4,3.803376113544872,83.40520297974045,3.984310098498167,7,0,6,3,24.22404942249267,3,3.701150161040392,No
44,14,Sales,4.040289056052996,1.0588656904809073,8.653244912743704,1.012052591091452,4,4.096273791488137,59.00591804823532,2.8863554665871316,28,0,7,5,16.038215850499473,2,3.57604657815058,No
21,12,Sales,0.3,0.3,7.7498031300771615,1.092776317528227,5,3.497516109781508,42.75038420713093,2.5050628298837627,23,0,6,4,14.513637231094124,3,3.9194705797844476,No
23,17,Marketing,4.875066089905593,3.594078140682864,14.343768552240793,1.3719371564134786,3,3.498358652188925,54.80427633137381,3.286867438692743,44,1,9,5,19.889036689934827,3,2.3437211512875984,No
35,18,Technology,1.2247432040473476,1.2247432040473476,8.149833776353752,1.1938277804370732,3,4.380281062187374,58.44287691002114,2.5020275905644667,70,1,12,2,15.295080767961439,5,4.0480312383801635,No
51,17,Sales,1.830381699174576,0.3,6.4953635770550076,0.6980651510886147,4,2.6077447559159928,25.317719460351906,2.7022985303279197,23,1,8,5,43.85678509651102,1,1.4846394851904376,No
34,12,Technology,4.906364354803862,2.908360639420049,8.9386118623942,1.0916320093333223,2,2.8850432584719155,43.105351729784914,3.8341350903420746,34,1,7,5,16.34687202003853,1,3.49466976389396,No
26,14,Sales,14.842878011589344,6.712407046135464,19.390971187219975,1.6147732299236515,3,2.5597143504246005,57.605133685268314,2.489181286537165,32,0,10,5,34.67021223167233,3,4.550751796020916,No
40,18,Marketing,0.3,0.3,12.720291460132364,1.7780310245350157,3,3.130699306849148,58.41315759924885,2.6159243201452824,18,0,4,5,62.50591775730431,2,3.5324962543753116,Yes
38,13,Technology,0.31242813741365916,0.31242813741365916,10.38825799809924,1.194632665325986,4,3.5879047155036297,78.24681815065082,1.8794817731956526,29,1,5,4,31.763124228851407,2,3.909110741893686,Yes
31,14,Sales,5.7318398561695725,4.441839370070824,11.460097829420208,2.082760474505154,3,5,50.3994067563718,2.8915126806904787,45,0,12,2,17.414660610850778,4,3.7841861559420074,No
40,12,Operations,14.991665938374679,6.288146033393963,23.360736560627657,2.7862727125872384,2,3.092731942749445,54.35009007955588,3.420111551301657,41,0,11,8,6.447131141619123,3,3.8416038865587887,No
43,20,Marketing,0.3710751215874344,0.3710751215874344,7.433880142268478,1.4582977307841416,3,3.492826851438537,81.93252426141,2.8072585992234838,20,0,5,5,18.826643366387263,3,2.6942725427494407,Yes
41,16,Technology,8.824789240834681,3.4647185985924627,17.80530083727283,2.189133548668868,3,3.2002273249282895,39.378717106410015,3.133502550952854,26,1,7,8,32.574724217903864,1,3.468690560226841,No
37,18,Marketing,6.27370787252905,4.145390084508123,20.161000568433188,1.7110936330278015,4,3.465074737844369,67.97910242952759,2.801126248732981,13,0,6,5,20.22872470871511,2,3.338988600574838,No
49,15,Marketing,5.729636255366086,3.896726516697741,13.732120310298658,1.6827443574727685,3,3.50308327362983,49.45270672827368,3.1029887738707216,43,1,10,4,49.869583911335944,5,3.173859652587249,No
35,17,Operations,19.102010916803597,11.87259202132393,28.083290605575698,4.507819190777989,3,3.382969860000074,62.388824123621944,4.316059570295986,18,1,7,2,24.8346313661947,4,3.5166346349288706,No
33,15,Technology,2.6073852690217123,2.445789898509612,7.664810902015125,1.2208189551797237,4,3.68635760309705,62.887551489315904,3.6037314508438234,30,0,5,5,19.268898972291915,5,2.7068316781266235,No
31,15,Operations,24.31848223909096,5.952177153678276,39.64494849923987,3.3135899407945173,3,3.809133500598592,43.7326245710201,3.6795801356174334,17,0,9,4,18.114057750430053,1,3.9844366363526666,No
27,15,Marketing,7.964961581932082,5.973494088291685,10.259416237941963,1.6747043650369973,3,3.6090509117490046,49.59227387981918,4.215567728252421,47,0,12,6,29.000626260902358,3,4.4501051117562325,No
38,16,Technology,20.415229367653808,8.7309167491033,22.39008429128777,2.178427898629971,4,3.991769916755389,40.34171623155469,2.985716400202152,16,0,11,4,67.73909437559784,2,3.0859341827643476,No
21,16,Finance,3.458160131085277,3.458160131085277,11.282015885795007,0.6475175772950215,3,3.6507482834875264,60.772499846257716,3.4883417054727786,57,0,12,4,48.2562440454966,0,2.6808589857825256,No
32,16,Finance,21.080963136569437,7.629694762605772,19.25614391233553,1.613554838345614,3,2.5065002994544594,54.696935224898,2.2192884670680266,52,0,14,6,30.660234525314905,4,1.4479072492577882,No
41,18,Operations,1.4480556561404516,1.4480556561404516,8.169068032050012,1.419188333350126,3,3.495821996711288,68.95607112975372,2.9037597151068013,32,0,7,6,57.088672072425354,4,2.0494418732633224,Yes
30,18,Technology,6.017924448132973,6.017924448132973,14.116277023096316,0.911516249823208,4,3.4805808602624784,54.44048814836165,1.7891557100183215,56,0,11,2,25.259348601974615,2,3.275028740784157,No
42,17,Marketing,8.107313730639875,3.9869819655687952,14.117701515663134,1.0573333500227928,3,4.081516513772052,78.67934287623366,1.8849682809450672,49,1,10,4,42.45221810828183,3,2.8101817416073387,No
43,15,Technology,9.691241721640651,8.607498808462125,13.004210928771757,1.2633162520784411,2,4.082484789205868,85.85248940079536,3.5846263940845513,15,0,6,3,34.04009447232228,5,4.465208794083276,Yes
45,18,Operations,10.908157503589987,7.747080588602207,18.834066364519053,2.6271176497500446,5,2.6141125740193103,52.92240196206723,4.11441068549408,28,0,7,4,12.441822654391277,4,2.4382031191995015,No
33,13,Marketing,3.636749350730902,0.37104175229071024,13.355348742835739,1.6587523803930102,4,4.09770045644439,45.81961124135227,4.107620175929161,31,0,7,1,29.58734424010608,0,2.8226294613950107,No
36,15,Sales,5.771656244924409,5.771656244924409,9.659931338160957,0.8011822387810127,3,3.7884384657790178,52.77193564737068,4.497383803433201,62,1,12,7,29.76114397199615,2,4.725508353365887,No
32,12,HR,1.0052837081570773,1.0052837081570773,9.272378067196332,0.45960840149134524,2,2.6932838802763386,73.12429808172489,1.7823018124718757,53,0,9,4,56.61244033570463,5,2.8979032771365327,Yes
38,16,Technology,16.725036288645917,4.302360990749113,21.086943811336745,2.5705016087231747,4,2.0733176210610136,48.88428822391538,2.4878451505237016,66,0,13,5,27.897388906254317,3,2.8409872425470244,No
21,17,Finance,5.174184064180807,5.014829277319963,8.930178646320135,0.9483282747005974,3,4.314533669696349,57.3972312947855,2.197688961005353,43,0,10,3,50.863111781734716,5,2.576308282311629,No
48,18,Operations,1.5780180137155941,0.35681541413197854,7.9514725676022575,0.672533514484908,5,2.9038815794785284,65.13832892756565,3.3973039232245528,24,0,9,8,27.202029429906034,4,4.97641833886065,No
29,16,Operations,3.139347778001937,3.0823610397692724,6.465631765396325,0.520023134454234,4,2.6098797414255768,63.36315677730001,2.592163352762886,24,0,8,3,4.645232277008844,0,1.7959560855961434,No
44,19,Operations,10.734690493420626,6.780429163094952,16.24627844991688,1.1319700348331054,3,2.922728679325532,74.89318429736056,3.1990478022265085,12,0,7,3,14.49096202999183,1,3.4527392415723765,Yes
32,15,Technology,2.686450616073542,0.7514798508291116,8.07558776444704,0.6810053875437198,4,3.7808824270511088,80.92223319254083,3.098701985248055,44,0,7,2,42.33110452604012,5,4.235446924084783,No
33,12,Sales,3.8784631334883546,3.8784631334883546,7.039779320783779,1.3068490875671361,3,4.5143241166581625,55.69531431289506,4.307363699026842,48,1,8,2,13.16773617915753,3,2.101863972559906,No
28,17,Marketing,4.697812477219048,2.9572012443559017,11.854679121000697,2.3487303549787497,5,3.1105188132664727,84.5220511698503,2.799473313054449,49,0,12,4,44.864696820872204,1,4.074513883837592,No
45,18,Sales,4.0073436516547165,2.2101185099193623,9.217779843734482,0.9147522270675493,5,3.679022052466057,40.950526187663264,3.5035940654557614,38,0,9,4,37.921061486732285,2,4.776566892006845,No
34,18,Marketing,18.321230018031287,6.593154449216237,18.51124121142984,3.3451846349354506,4,2.6175195462231784,47.22732501467622,3.815708263104004,52,0,11,2,7.228772130032042,0,4.424109241082671,No
37,12,Finance,2.675486069255072,2.675486069255072,8.46884607403637,1.5687371713970815,2,3.80559579000624,34.751464892651136,2.989471888765096,20,1,7,1,15.142945219028071,3,4.397206205646849,No
30,19,Sales,3.4356303991175112,1.8170178774125616,8.83065156291739,1.1926368688617084,4,3.7152843747260804,47.71476458803048,2.3921999389962725,26,1,9,10,7.968377149254281,2,2.798187009727577,No
33,14,Sales,1.2233234692699508,1.2233234692699508,5.5167572950148624,0.5965245817602304,4,3.5101218515649406,79.10543123442937,2.5233206660374567,25,0,7,5,44.27246646047857,4,2.7659873452659776,Yes
34,17,Sales,7.065574490919554,2.5897006513537515,16.208101991089382,2.858123481499578,4,2.995475439794606,70.89495524809375,2.901688096948353,12,0,7,2,23.46552733370749,0,4.089839228906948,No
32,16,Technology,1.6425511327108202,1.6425511327108202,6.560381345099171,0.8434179306679894,4,4.197775022262751,47.88929301073181,4.97551346757021,66,0,11,5,31.922987516535144,2,3.6773734671913036,No
28,17,Operations,10.74208660519901,6.121877248988825,10.598261380208362,1.916399284892399,2,2.9068780663304157,64.1654788613938,3.4008463374271343,34,0,10,6,38.16891772461732,3,4.068442954565009,No
42,20,Marketing,0.5010075394789417,0.5010075394789417,6.588249328181503,0.9088403470932293,4,3.180918738365437,65.47397956835653,2.540535397456199,19,0,4,3,46.254385940381226,4,4.273824792045283,No
33,20,Technology,0.4871414717687746,0.3392364394514774,6.628338933370143,1.290722206876214,2,2.9075907285015443,57.97520141009034,2.9031416480998313,23,0,6,7,40.21047850263022,4,3.617502173580776,Yes
36,16,Technology,14.460005275522454,6.347721563111947,21.610495780279507,3.532159185168059,3,2.895909124924257,32.82129124432589,2.6708878149915383,8,1,7,3,29.353806080276044,3,2.943918189143609,No
32,16,Finance,11.840322769895945,7.544717770874097,19.886560507312016,1.3837123734391648,4,4.074183313630135,43.40763276021787,3.086937474314963,19,0,9,8,78.83892620576023,0,3.4637447764343503,No
38,13,Sales,0.8944092354045476,0.8944092354045476,9.556355354241004,1.4402314664974465,4,4.403961970889242,46.79954895537232,2.9289071632112225,38,0,8,4,9.617185060773917,4,3.1961696941226747,No
25,14,HR,3.160000993344398,3.160000993344398,9.04350831539911,1.441471968358644,2,3.821648103603243,84.47445041187422,3.583651377678514,20,0,7,6,37.57633575773957,2,3.6729902417659903,Yes
43,12,Sales,19.111240682014117,3.487879124076314,29.905269392554622,2.2435575435470816,4,2.7826147032541226,60.0852479221271,5,25,1,8,6,13.620145017326891,2,4.017337928983367,No
23,17,Finance,9.904391756807765,4.90063830463946,14.800583160172177,0.8639916195949936,3,4.007027345176195,61.82539377134867,4.9955940217678165,33,1,11,4,60.6391056010149,4,4.560136466097785,No
29,15,Marketing,0.32462749268029734,0.32462749268029734,8.327905714652836,1.2542457145294623,3,2.8915578416210668,70.64991250212032,3.222275494876237,24,1,10,3,38.90752267964254,4,3.579068243311198,Yes
33,16,Marketing,3.435156138440678,2.4308351217229025,12.84791324144145,0.6925156356340797,4,3.1673647413761117,45.657723669115654,4.507397597910999,59,0,9,6,23.800374249298798,4,2.874790326701148,No
34,15,Finance,0.8328190574138052,0.7398771723804751,5.848939519721524,1.1651083038146175,2,3.8030048750955374,91.3884417216315,3.23960830381378,58,1,10,5,23.67400332567528,4,3.2417895147547227,Yes
35,17,Sales,4.415507277772085,4.415507277772085,7.578806826920219,1.4125300715220017,3,3.8992078514965653,57.54528442143011,2.500929290427096,37,1,7,4,28.269554211327318,5,3.7267883560893784,No
22,19,HR,5.9214190823152135,3.730292837346709,9.226101929811138,1.6834094194228688,3,3.502143241921538,64.61689942921251,2.9817623759469676,44,0,9,6,26.375441532692104,5,3.2003976619584122,No
29,13,Operations,9.07369178472419,7.332669199824743,12.512143854378426,2.1339645054432066,4,3.3608959980895987,52.49532002298852,3.515650919844535,20,0,7,5,16.399804817799758,4,3.3358207267736724,No
35,17,Technology,0.830569443760326,0.830569443760326,8.18282958032343,1.4561991232572142,4,3.521889093103543,87.98554887886469,3.6701094703984847,18,0,5,9,67.37398211325423,0,4.9064503152817736,Yes
42,15,Operations,0.44582662221426517,0.35371229649720526,11.525902878187367,1.900353118688156,2,4.910542267708632,80.22631135091498,2.0701435178241567,17,0,7,4,30.99886442502007,0,3.42575869812178,Yes
35,20,HR,1.7931191910191324,1.7931191910191324,11.758338692352405,1.3384125012674468,4,3.923617815982409,90.81656248483576,3.3019316969694494,46,0,8,2,17.871665315748444,3,1.6590514754476908,No
30,12,Technology,24.95837681407706,9.045204314389371,49.364754037748355,7.366777299325337,2,1.9239388071977603,27.23089853291359,3.3018972503214044,10,0,7,2,29.166251223702222,3,4.06145298178014,No
36,16,Technology,0.8203292974720859,0.8203292974720859,8.12544974395962,0.7707940907083778,4,5,46.57119039817832,3.6043063741651227,54,0,9,4,12.036440725951536,0,2.4660575905285893,No
36,15,Operations,2.230297381260031,2.230297381260031,9.603689369061426,1.8507060812147929,2,3.4264447045755513,52.295170449279595,5,19,1,7,3,16.518520908155526,5,3.3784228602645063,No
34,17,Marketing,0.6020680789822644,0.3552769357208474,9.644379639456758,1.0933785263458407,5,3.715578530130923,61.53198351395983,4.2235017294742,41,0,10,6,21.44409346504498,0,3.647282214530898,No
27,18,Marketing,9.533672822979183,8.819243989113708,17.655515894276085,2.6553430682815313,3,3.501790120550249,73.51463322207212,2.4616026869429155,28,0,9,7,55.69972610447135,3,3.727682490471601,Yes
46,19,Sales,18.91304964527143,10.216196659390032,19.37544389278727,1.559940041597771,4,4.286351585484577,46.9271448455699,3.0927494283231685,36,0,11,5,28.493391552828705,5,3.1108007875182557,No
44,16,HR,0.3187094943003518,0.3187094943003518,6.666802065798332,0.6923593043309214,4,4.351029017528882,56.74509488854377,2.99578565595612,12,0,4,3,16.28425021647937,3,3.752279557572294,No
35,18,Marketing,1.8614204258489402,1.8614204258489402,12.046106854394253,1.052523857353464,3,3.6864509435740946,68.33462239165988,2.171093918017271,40,1,6,1,11.732041989161244,5,2.8874129565882716,Yes
29,19,Operations,9.490098577259051,6.771391679364329,15.752471099369007,1.628112596932645,4,3.698677409207532,61.319436191365035,2.7009276329898384,58,0,15,3,29.177554780631574,3,3.3122862246131146,No
27,15,Marketing,1.2173556217372423,1.2173556217372423,6.795445996532638,0.7729890149632144,5,3.811038430004075,68.203834983335625,3.808216182095196,24,0,6,7,15.37206550764949,5,2.9329056485768006,No
38,20,Marketing,5.634581638793595,5.217323662375311,16.150696748159493,0.9288136307213857,3,3.7132681172832394,67.64333339138824,3.203044766624088,33,1,6,8,31.887840685782756,1,4.059853230861253,No
54,17,HR,12.519002436609728,6.621456274088426,13.760110257025502,2.6526654778553596,3,3.8147873491078843,62.96801530317375,3.5061504088381614,8,0,9,3,14.12383254517592,1,3.183478941738513,No
31,14,Finance,9.776846701869085,5.635641754493454,12.850471734254308,2.1692264410257143,3,4.992457958603032,74.19344932219586,1.7219992670886712,33,0,9,5,11.617972065108283,4,3.2247314987667055,No
43,14,Marketing,15.566704484470604,5.102393908943506,17.443969689792716,3.2421289501059816,2,4.5015656451857975,62.2143505634661,2.5731291442891764,10,1,8,9,41.50049635693851,2,2.5991580583316494,No
31,13,Operations,2.1357271211850724,2.1357271211850724,7.401953852931125,1.2199203143520085,3,3.799965927475082,52.80868185400109,2.299863129337375,47,0,10,3,22.9770868096026,5,4.67058603792188,No
29,19,Finance,1.3134297437960158,1.3134297437960158,12.524562643477891,1.2835428298713851,4,3.605191398685316,55.26679547407651,2.679719227213682,36,0,9,3,48.71182823173225,1,4.721492100022994,No
54,18,Sales,6.831630735524314,0.3,8.534486719693817,0.5155500275277747,4,3.628643378768384,61.48825118065194,3.3086996056009563,20,0,7,4,19.066538488060477,3,3.366579212504298,No
40,14,Finance,1.5438996035438588,0.40583223563856813,7.245914576076601,0.7941394840064848,3,3.8075345110174794,35.76502177547678,4.303536983363302,23,0,7,6,20.17603330578952,2,2.0126552733039147,No
32,15,Sales,4.859568574484108,4.859568574484108,14.909940352135331,0.8283081908136295,3,4.431418155695702,37.04085244836435,1.5780971240691346,25,0,9,5,21.480078946748634,1,4.000485003128282,No
27,17,Marketing,10.790287845137586,7.256866859493959,13.611159069189853,0.7577620874471387,2,4.096102086802793,78.60693204507669,2.5154342346223,15,0,10,5,47.077467222126565,1,2.1908705440455907,Yes
36,16,Sales,0.30600875295809354,0.30600875295809354,8.056812952479184,1.1645311627201478,4,4.201013513090484,53.80614510128482,2.7853073080560895,37,0,5,5,27.16195776742336,5,4.075923575088362,No
34,20,Operations,12.220261979835028,3.9651730272645853,13.534764281128313,1.8447635252753927,3,3.602166984137375,59.63644540064852,3.2098298176297213,30,0,9,4,15.43015894398797,5,4.154436594851234,No
29,16,Finance,11.283182879381583,4.936500474039922,15.664617110592653,2.6070300970036517,4,2.805906673221778,58.22800645398294,1.7877495059253774,20,1,9,2,54.363759253172255,3,2.70034785011919,No
32,14,Operations,0.7425710469171491,0.7425710469171491,6.564450462158823,0.4503651946850722,4,3.4138544885242474,61.157308306391364,3.4045517233241647,70,0,12,8,8.457514642104838,1,1.7546082529923943,No
25,17,Sales,5.24727179155974,2.1546150333093452,7.16926969776047,1.0862469057149835,2,3.2863212744543198,47.46876192695785,3.2144057794004484,24,0,8,4,33.60148331348595,5,3.24901143351842,No
39,12,Sales,11.651345939959244,0.5679865455439054,19.766255503168548,1.628261836145639,4,3.3849829800996796,44.17963614077951,3.701012045638867,67,0,12,3,23.88162187582906,5,1.9817681164578544,No
21,20,Marketing,9.834539507804582,3.4043462497262307,11.158322929831558,1.9092101895991602,3,3.0212327035350217,45.10829094782946,4.105001608332423,32,1,10,4,24.097150298717487,5,2.704458613438607,No
48,17,Technology,6.275952955036811,2.2543620201877026,10.186960328663544,1.9420934739747568,3,3.2991226275971264,58.18187474200093,3.986963734791522,9,0,4,6,26.809043074235944,1,3.9762057500885537,No
40,17,Marketing,7.367423717332955,4.973752923330437,11.4003690079765,2.1051253052959407,3,3.0145903461884083,99.58165539324686,3.9917908118609517,27,0,8,1,11.137859538199155,3,2.2421853481808482,No
37,15,Sales,0.4312410672247977,0.31786550156830445,10.010713891360936,1.8169021498449822,3,2.29878382692623,68.79949330495056,4.403328296195519,17,0,4,3,21.039863203060484,3,2.4705462441814316,Yes
31,16,Sales,0.8720676147523926,0.5404292150839703,10.528177695481679,1.4662963952827524,3,3.7729881795502545,53.86384027847704,2.477477623650397,20,0,8,1,79.71120091118411,4,3.311952899158942,Yes
33,16,Finance,25,10.320052531794278,49.81,8.96,4,3.206992246268138,41.62882224310241,4.982193254196102,26,1,12,4,27.678263146887684,3,4.582141146967529,No
39,12,Operations,3.8223037834157942,3.6846811631822107,11.202114875214322,1.491467303864775,2,3.285100734606244,74.62140626479238,2.9862879738741746,17,0,7,2,33.053515588601165,2,2.401350378586199,Yes
29,18,Marketing,5.182910415346712,1.9867784573751526,11.09742963993006,0.7408174396665612,3,3.29047420535309,77.06683851728974,2.6197206909452118,18,0,7,7,20.71292322383267,4,3.608338170676029,Yes
36,15,Technology,8.701492566200917,4.886513438891185,9.071615005270505,1.5928123173439381,4,3.818933508075034,47.275483779676485,1.6030826926763826,19,1,6,7,24.738419828774013,5,3.7144127301294723,No
35,13,HR,1.1528659040018874,1.1528659040018874,8.207879646625434,0.9247192706552121,3,3.4460838907925506,78.02295156636656,3.2005290904746606,39,0,7,3,38.82980836413247,4,1.8882836783091501,Yes
28,12,Sales,7.935565571422411,3.6357609566350364,16.950275836665313,3.029701142349213,4,3.693243163854498,65.54954728407886,4.824236938494659,11,0,5,0,12.288709103087209,4,2.7354481822886827,No
26,19,Sales,19.60428469948199,6.496763887243298,21.690416155401834,2.0735946789197945,3,3.308743345667101,85.1282379939616,3.2833217195887823,18,0,9,4,49.07386018165844,4,4.682235902480176,Yes
43,15,Technology,0.8480620394730717,0.3,10.162953380032793,0.6784069583846609,4,3.1698032999269214,37.88768333996344,2.781459692769668,41,1,6,3,40.734797383440714,0,3.5388270414698835,No
27,15,Marketing,3.9193857353185373,3.9193857353185373,7.38697086080932,1.3649503234986413,4,3.8980811721532835,75.08953320444395,4.271606100453267,15,1,6,4,40.81137908176523,0,4.303016472776939,No
34,17,Marketing,13.33693873884377,6.745233903876356,14.310263042170899,2.3537880269798297,3,3.5115951164795436,44.08002508521762,2.6875555293457243,56,1,11,3,11.601983352230686,4,1.8277241858388829,No
21,19,Sales,2.9835936168240376,2.9835936168240376,14.236457412161613,2.0463056403043662,3,4.195117621786422,77.97300018379666,3.9978001547839,37,1,6,1,22.57146465917705,4,3.554574033067915,No
35,15,Technology,9.533052832990332,3.4068468713417928,16.91945133547702,1.4617900271801467,5,3.615420076630184,47.44934282245092,1.709984786367902,51,0,12,5,24.778960368798916,5,4.210887229344235,No
41,19,HR,1.899548003755278,1.8288958836127958,8.411812085623977,0.8947984566849567,3,2.970953789558118,83.53433933388395,1.9971209893722632,50,0,9,4,26.998314765693145,2,3.214506371944846,Yes
41,15,Technology,9.193424499841083,4.309557204442453,10.018300351572256,1.388459800156059,4,4.110998461752388,99.880728392905,2.7203541944488685,35,1,11,9,10.644696409659922,1,2.265787570094377,No
37,17,Technology,7.4601369000588384,4.837375690234943,10.955225994202761,1.0104826866396432,4,4.997120678976201,30.57039840881118,2.740702721869765,12,0,10,9,22.37669781756476,4,3.178649142799897,No
31,17,Technology,2.9211567781040575,2.9211567781040575,6.599548465654236,1.2080454643250875,3,4.101274951345404,62.112137848361385,2.9036732490263777,11,0,5,4,34.159868833708,3,4.994183168273924,Yes
34,17,Technology,0.7970867008760417,0.7970867008760417,8.950614619625867,1.2810948727994238,4,2.8867062030966983,66.25873864892598,2.626914763110123,14,0,5,1,12.969219201977795,2,2.133906753926052,No
25,16,Marketing,0.8902070821884801,0.7783595218895175,11.01994835985982,1.7041808766346154,3,3.6388255569793926,59.77501369819017,2.9238372284954437,19,0,4,4,51.33432324166282,2,4.669228783974186,Yes
43,19,Sales,1.8814739619180203,1.8814739619180203,11.033118565300722,0.6904109534265919,5,4.599799717598619,53.76466288006861,4.090622526369105,37,0,6,8,80,4,2.8235883663270784,No
34,18,Sales,8.063266293100492,1.153264206082673,15.131285354976054,1.33369247467368,3,3.680875630163307,64.32039278227481,4.288567745670499,36,0,10,4,38.449037365538906,2,3.5371223643264424,No
24,18,Sales,16.031112393018788,9.607633360045341,24.537046668472158,3.4340551932130365,3,2.472699089566058,70.91368325493798,1.1858277452896373,27,1,8,2,11.858123634256033,3,3.971130363596449,No
35,14,HR,0.45001359196616203,0.45001359196616203,14.13339932889182,1.5999013538830555,3,3.6101833020542435,76.90043060920628,3.6055764221920357,38,1,6,1,33.43595249855453,1,4.978506618187482,No
37,15,Sales,11.756788263729495,1.0101522209896845,15.586490472731347,2.941060795273234,3,4.094801201519359,49.23963023076381,3.570408374467222,23,0,6,3,50.26067293578739,2,4.615434447755887,No
41,16,Sales,1.182421378424639,1.182421378424639,11.054719591419904,1.0942590739393945,4,2.0184699611573635,15.026522957166126,2.2925541541676027,53,0,7,1,34.66368844929184,2,3.763144684590306,No
47,15,Sales,2.7051452270954215,2.549134340968351,7.503056167971558,0.8876486246143862,3,2.509460859108508,54.236357556355976,4.267040331256323,28,0,5,4,56.03443773166331,4,3.4911653488226593,No
21,19,Operations,2.6790128496918992,1.4348178905397673,9.968003120715707,1.6241909130733017,4,2.677578769836465,49.281487619168274,3.1015276306009243,41,1,10,3,12.163579899155897,2,3.3669687426321566,No
30,20,Finance,5.093578806990728,2.1331838432650807,17.010675714005757,3.1288904484262403,3,4.7161465257809985,60.37506808678183,2.288408008717363,30,0,7,5,28.068638169817874,5,3.6607381649039326,No
39,16,Finance,23.045016800086366,7.172358277986865,19.592855217166857,2.5039901104850024,5,2.6136697096998023,39.05391050584796,3.9116944644380793,24,0,11,3,43.160604811507916,2,1.4858863974628065,No
21,13,Sales,0.3,0.3,4.381804617228218,0.5869783193040854,4,2.377324021368086,56.63999243372984,1.602446707041408,20,0,9,6,70.36841161270361,4,3.4592582608471307,Yes
32,13,Sales,5.910073331847626,2.891909949942191,10.85371847182993,1.2883742412221757,3,4.799927910313804,66.71511403172664,4.5825905548938275,29,0,8,4,38.47236545292125,5,2.9739120151870275,No
33,18,Operations,2.7394316170256787,1.280517038904748,14.397232982751557,2.1510500565576995,3,2.89335193447313,37.08854130441244,3.184143747715748,33,1,7,4,49.252842364118855,1,2.6836884179524914,No
36,14,Technology,10.646450247219786,2.5467211873460323,15.95217524575933,2.2507090011437683,3,1.095010940240457,30.002283524541348,3.7794865344308977,66,0,11,7,31.67010597546595,4,3.9909800990483224,No
21,17,Technology,11.947541839779465,4.036283928069478,14.693095949889695,2.681590268953589,3,3.4859312219475855,50.505226763701096,1.9090647036373503,15,0,10,2,54.308857484251085,2,5,No
26,19,Marketing,12.273563288060538,8.172532209806468,14.248554209301341,2.5462591279944005,4,2.717242968558698,75.27020208740186,2.880900433117846,50,1,9,4,17.197559294844517,2,2.9074095306709364,No
35,15,Operations,0.8230893194091958,0.3149279154169921,8.504953033656516,1.6808195458128086,5,4.997100757873265,64.3013581584814,3.7151059446115635,45,0,8,3,15.34170593016615,3,2.5447667470924715,No
28,17,Sales,2.941612114944033,1.8422768200813993,9.633930138245287,1.3056314612746205,4,3.31970666458874,77.61146497087056,3.909967552009022,74,0,11,6,21.913744700984854,5,3.928556448785832,Yes
42,13,Technology,8.471557408245065,3.248801952275663,16.547982841851507,1.1760971355760537,4,2.5847045915694373,28.633962376021476,4.701415482597743,44,0,9,1,21.818159214458923,2,2.803821368122814,No
27,17,Finance,1.0278802476147435,0.30165432109489787,7.862517680385669,1.2470718382154788,2,4.393270219014656,70.23852741677673,2.890498451219606,35,1,9,4,38.24540602062973,4,5,No
43,14,Technology,4.0645639337271815,4.0645639337271815,14.20507888601083,2.764774332195107,4,3.5947522595375743,87.01819101600239,3.317465332950941,52,0,10,5,29.1654024015353,5,2.799698045151837,Yes
28,16,Operations,7.4155932122541985,7.4155932122541985,14.449995567591264,2.230228552913841,5,3.691324427980157,70.32435412832298,4.999515222558465,79,1,11,2,50.31036146765387,5,3.911531587061847,No
37,16,HR,14.693724236571757,6.325264185699358,17.325034932574827,1.516795863171371,3,2.7154094042892107,60.82195064294324,3.1641348595127963,10,1,6,2,15.178897557670695,5,3.7433957325555482,No
30,14,Marketing,0.3,0.3,7.293375000160163,0.9119848754006519,3,3.3941984407605843,69.54506948098624,3.3956125705198463,56,0,11,3,17.43793131529037,1,3.442132284567381,No
45,16,Operations,7.50722728535334,5.211335751850716,12.295234131451394,1.4439018256817338,3,1.8121447286107815,69.472559496570355,1.8754738264183308,14,1,5,4,36.0653715783683,5,3.478428122735428,Yes
21,13,Technology,3.6539079328510975,3.6539079328510975,12.008161193141223,0.7583908734026792,3,2.8180243293586194,55.26583765000547,3.2755622044565693,39,0,7,2,23.915166686900353,3,4.490363854753043,Yes
28,16,Technology,1.2707993577567511,1.2707993577567511,11.14430275093075,1.4262042050424784,5,3.7283490555583847,52.7668952844432,3.878565505434137,12,0,7,4,19.384968049593308,3,3.7065289010995244,No
35,17,HR,13.203568752566955,8.16793531943034,12.393886267755903,2.2788184245691823,4,4.598968657179635,53.95272811027015,4.60120483641235,26,1,7,6,33.96873339338091,1,3.0785884060048208,No
43,17,Technology,8.358224007098064,3.635488121503713,18.892781352809617,3.7447336031736023,4,2.8145357375843996,83.50565733815786,2.9675261341409485,17,0,6,4,23.221524168511056,0,4.163096224655674,No
32,13,Finance,10.783464199669735,6.735017630289072,8.058187316607713,0.9095689952032311,4,2.54145682152917,67.06892552930424,4.494530359634701,33,0,11,8,15.501271389375471,1,3.595435863731986,No
29,15,Finance,1.11972898868106,1.11972898868106,10.88768693792246,2.041737451142616,5,3.6888165901918737,57.426019439521674,3.723524384372819,32,0,9,3,32.67560338583728,5,4.177418948661769,No
36,13,Technology,11.682823998698096,1.7025617908131025,22.070130537037336,1.8505137215777732,3,2.109751873360175,62.463314667829046,2.531275040767009,19,0,6,6,40.78980946694721,2,5,Yes
38,12,Sales,0.3,0.3,9.184127253552226,1.7435964637520358,4,4.807872019935385,63.039573684682914,2.6998926897812656,17,0,5,5,52.244745573330505,1,2.3618945595834684,No
21,15,Finance,0.6592439814843749,0.6592439814843749,9.376989177033916,0.7317656612738179,3,4.920119645075876,61.27320292437976,3.485800630561879,53,0,9,5,13.27678511798021,3,3.813018252616755,No
31,18,Sales,3.862683991535835,3.862683991535835,9.906407399421925,1.2569679023212537,3,3.598714881652984,52.538560170738144,3.085302547507372,34,0,10,2,39.49241256411141,3,1.7336309016456277,No
44,16,Operations,6.118613439169343,1.3186241525225852,10.263286171858097,1.8451332925433876,3,4.675819531714245,77.22497907204851,2.217233308187761,17,1,9,4,5.047754212785631,4,3.8981649157516074,No
26,17,Sales,5.458607113291345,5.458607113291345,14.676524709099633,2.546869349658931,3,3.514122658302288,37.48237788569377,3.613287275605243,38,0,7,6,26.5447934018598,2,3.0380657712695607,No
36,14,Operations,9.769303304745009,2.5285626669500676,12.652091048082053,1.32669049136237,2,3.803901734137376,64.07256022911501,1.41150458444002,15,0,5,2,3.5791567928781856,5,3.253109430724,Yes
40,12,Technology,1.4326256320071742,0.3,4.583274485482038,0.7024721738571927,3,4.091065624123056,83.57291180714905,4.127751433041221,21,0,8,7,13.14361447227074,1,1.5264728992447698,Yes
33,17,Technology,7.787603483717099,4.00855221861079,8.757502333187693,1.449031155468077,4,2.3847311071931525,28.907048614900155,2.310498086863456,72,0,16,3,20.90039426235313,0,2.138178105384045,No
30,14,Finance,22.40429862623426,3.9248230339437455,28.385190922504766,3.10356579481378,3,2.823421096186349,78.50393148172836,4.600685311731199,19,0,9,5,7.166444886395386,3,2.350071457524021,No
51,16,Operations,3.582513490484329,3.1473649862362953,6.29687334398409,1.096569690511957,4,4.217125087447591,49.015980342519526,3.024943087234585,82,1,14,4,9.617370030535804,4,3.894512769656468,No
36,19,Technology,1.7135837587207432,0.6479986700287652,9.129154432104011,1.7169377876576732,3,2.299259310983207,15,2.9100635988866586,26,1,8,4,38.98925453181803,2,1.3463415901468705,No
39,15,Marketing,5.233713931272637,5.233713931272637,17.229514214114186,1.3676974299367055,3,1.7874812566806493,55.19316928529338,3.4188040684187118,25,0,6,2,34.318330650399425,0,3.0332014891555867,No
37,17,Operations,1.9114205211860078,1.9114205211860078,7.470328263520629,0.674830759706968,4,3.996167674908599,72.35682522267462,4.003115467897456,38,1,8,5,12.113964389000106,0,2.193879777889306,No
38,16,Finance,1.4710949932004567,1.4710949932004567,9.38389915293451,1.5522299928783625,2,3.091551017230166,58.067007619509305,3.320181828920241,37,0,9,5,7.976008087551172,4,4.292990715779399,No
34,15,Finance,5.578380801981759,1.5801540691763354,9.163480002015223,1.3828505028830516,4,3.6976738059970238,72.02611274612882,1.6925646310340035,25,1,9,4,25.783450723100437,3,3.9379192948936574,No
35,14,Marketing,0.32569995701076726,0.32569995701076726,10.857892140703946,1.8742491145246667,2,3.698559949490021,62.119374064595625,3.494965089716984,18,0,4,6,31.536772020485536,1,4.196775117081205,Yes
39,18,Technology,3.950839848856588,1.3330152058305111,8.155541681839102,1.4908997321521618,3,3.185091437409127,63.37815379794659,2.8323080038287567,22,0,4,5,23.22810960504205,4,3.528152295659745,Yes
21,17,Operations,9.639276455715688,5.815540515046375,9.835573825321683,0.8184790396210582,4,3.505975368278725,79.87739525978365,3.218693211459243,59,1,11,3,9.305232405676097,2,1.3629627551235781,No
28,14,Sales,1.1075508078763427,1.1075508078763427,10.704717464361357,0.8533232254282725,3,3.1041615910648224,26.505801194603457,2.0053924445672635,30,0,7,7,30.364919256336616,0,3.113919829104571,No
38,19,Technology,7.099194435673031,6.746049155808478,9.589533163537729,0.7981137197797843,2,4.629858144982707,50.90048913811256,4.694570406562284,46,0,9,6,35.397704290916735,5,3.496745082078514,No
26,14,Finance,1.7579879074342544,1.7579879074342544,8.350231372940481,1.0321063274811613,3,3.531118107717331,46.25469514220905,2.8018196652067404,10,0,4,5,37.288326680862134,3,3.0422193928036507,No
43,16,Finance,2.3748701163819814,2.3748701163819814,8.307390144198594,0.5671019128937612,2,3.0697885838393484,70.70225669025642,3.709861053120923,11,1,8,6,8.064211433845536,1,4.6538022798663246,No
36,18,Operations,3.946947267886966,2.56437593749001,13.521500429435669,1.4454327074666389,4,3.2084303371552174,40.599725744820425,3.3973209377199174,13,0,4,4,67.31989936822227,1,4.084481352504319,No
26,14,Marketing,8.034596441726787,4.7906756359537574,12.779947861603985,2.5124853569049312,5,4.59411209767365,60.78739551210891,2.4982545088369665,40,0,7,11,34.879593834316985,4,2.3765180869146283,No
36,12,Technology,0.3,0.3,5.7323965206257395,0.668066609595259,5,3.707520917622353,57.14816798484327,3.3902563223735047,39,0,10,8,45.566550509618544,3,2.616859227853785,No
27,18,Operations,15.483617645707703,10.836681483381929,22.03694015016276,2.593245522426134,5,2.815798231253701,65.06944925488654,2.493844577716752,10,0,8,6,79.8730354354812,2,2.4368115623110342,No
21,20,Marketing,25,9.335163951847168,19.48168724466549,3.7666403066514182,3,2.3056377117290836,59.913523882269075,4.3942444705468375,72,1,13,5,3.6480561574097035,3,3.2474216152965085,No
43,17,Finance,3.495303642332947,1.3835919442224658,9.167255409306412,0.8199664300447709,3,3.0789226265447,50.11255193214369,3.795167464138443,13,1,6,3,37.644892049874265,4,3.195381149798673,No
42,16,Technology,6.921368552064497,5.637402909517563,8.466023543561196,0.4752229513399499,4,2.5786598759707653,99.5673175421613,3.5933068879474908,27,0,7,2,35.02193076700889,5,4.035986558137906,Yes
30,17,HR,3.883104379480713,3.883104379480713,9.403495436377526,0.6815152678697718,3,1.992273598765491,79.15720705296232,3.8026971136141863,21,0,6,3,12.406828694010889,3,2.0862075992742435,Yes
26,17,Technology,7.759427491301533,7.353545086671202,13.291136976748094,1.3480786603426367,4,2.4119782215195475,68.55240170188985,4.199195825981107,25,0,9,8,41.55091264891373,2,3.951478005461247,No
37,17,Marketing,19.940940956940175,8.327143956193579,19.605699760595048,3.0657626970290766,4,4.774782061491656,60.364788563684904,3.7259223807943798,58,0,15,6,24.65738044241203,3,4.9862502108638544,No
39,15,Technology,10.313173413381069,6.725346610918094,18.30106056322365,1.5106824260207246,3,4.189024182092774,69.0674615411565,2.987699216713094,20,1,8,2,48.615836334405486,5,2.6944806828041292,Yes
48,14,Marketing,4.554174592621334,3.062448670032352,12.850938285318875,0.9389446372055953,3,2.6577223246624158,65.36280227424027,3.4923959781302973,37,0,8,5,31.1488240592412,4,3.388746980707641,No
35,15,Operations,21.376871145792357,10.00009719571866,22.430645082869408,3.829105389561323,5,3.499963425659243,49.43995623254093,4.4043691891364025,54,0,14,7,32.16690726985916,2,3.7574624946489865,No
37,19,Operations,7.520996717188451,2.5246986949082113,10.356590059920213,0.655005940713762,4,2.5050242738673125,62.0378053649549,3.681811797414962,31,0,8,4,25.39824381224936,2,3.9263282765872622,No
26,19,Technology,1.548342314028139,1.548342314028139,12.297643009375541,1.0953162610134273,5,3.209534709026984,61.88804470392054,3.6993726309265145,40,0,9,7,33.8952980402262,0,2.2193666125654703,No
29,19,Operations,6.14445668004144,5.762479702576561,12.901770230387255,1.2321446256236028,2,3.9236831627553674,57.97915303969449,4.682251051360592,32,0,10,8,58.59865921808814,3,4.2914142053051085,No
27,19,Operations,6.424495120640334,0.350980884362853,6.922565526396114,1.0538466576927203,2,3.287577393551578,57.13913768209436,3.887006685799152,26,1,8,4,21.455458228230324,5,3.6533226870876203,No
45,15,Marketing,5.043979012132822,2.0253283045003894,12.442082760875355,2.1068678177997335,4,3.4083038449381666,59.11361637985629,3.5140507934320393,42,0,8,5,16.042449410031473,4,2.0063679870363336,No
35,13,Technology,7.676706960315955,5.0093107811469295,12.045481029707865,1.5479352826087571,3,4.880645996201495,73.95243392743963,2.7924402240906216,82,1,12,5,16.070123467024555,5,2.921035332823533,No
37,18,Finance,1.036914897626415,0.9653217440020193,8.285015854032402,0.7025554809336981,3,3.492518453106728,48.973092723702194,3.29917040248837,16,1,7,2,18.862462650342923,4,2.706195904031588,No
40,12,Finance,1.4501278136585576,1.4501278136585576,10.427155786542718,1.9254457014912807,4,4.406261352073982,52.70968202268212,3.778006430839538,38,0,7,7,32.009097856386596,3,4.283200395469455,No
27,15,Technology,1.7566521886691393,1.7566521886691393,15.892588245260875,1.4936347527239815,2,2.8123122140274686,66.35005715304926,3.3942171725369277,21,0,4,2,27.48109223080367,4,2.473873949450355,Yes
43,18,Marketing,3.39720982875547,2.7708799985743475,13.830115367825814,1.7943981920998022,3,4.211319702998576,54.8942669972124,2.886088550647665,21,0,8,7,41.72780542053872,2,3.0758307456542977,No
39,18,Technology,2.3732204956124336,2.3732204956124336,9.785275370101044,1.0567456573311689,4,3.102331643419979,60.10595897563908,2.811569990585474,29,1,6,2,21.653181571925764,0,1.001785686077575,No
49,18,Finance,11.325047227890387,2.9455739187552643,11.889905245377903,2.291430143082282,4,2.7095554087068403,61.36030967615789,2.8996188530466815,47,0,9,8,35.94791798960438,5,3.9443849901728725,No
35,16,Operations,8.844905222507736,5.873329996507481,8.506847301466111,1.5408559143141476,3,3.11028047889314,74.08208953076034,4.011668208051654,24,1,7,7,38.366371726797674,2,3.7553288374717413,No
37,12,Marketing,3.320824620605369,3.320824620605369,10.298639945424604,0.5868713216924293,3,2.801029585252934,36.22147094111304,3.3258553353371383,33,0,8,3,26.924973774130365,5,3.9407168010244558,No
37,17,HR,4.534286719419891,3.418011540691385,13.29836150388685,0.8054544724373908,5,4.382738070548472,85.67753497575148,3.106982475508548,61,0,11,0,20.152170852842655,3,3.9967592028347636,No
37,17,Sales,0.3021787515288438,0.3021787515288438,8.75795681570291,1.2900969512381413,2,4.994913417456486,66.3210864400165,3.5958241501354102,34,1,4,4,58.4872243916172,0,3.977809382759694,No
27,16,Sales,2.467785452035299,2.467785452035299,11.388037103644292,1.4338742158872535,4,4.607273100355871,55.53905702914341,4.988066065403659,39,0,10,9,38.956104589690035,5,4.423324043333858,No
38,12,Finance,4.357030597363886,0.3,10.48978985439184,1.9081869486696246,4,3.7901416511138355,62.2297001159392,4.198366597952233,60,1,12,5,14.36938616088407,5,3.4838262508751408,No
44,19,HR,4.322686834469583,4.322686834469583,10.138825313952367,0.662810597605143,4,1.9800289882145266,46.09497992406684,3.5053640153428725,18,0,6,3,29.994155876668035,2,2.8120369157795055,No
32,16,Operations,5.653740465379899,5.653740465379899,10.275895063638714,1.5364833344227302,5,4.208388477157272,79.76155616617885,3.7970729909670538,51,1,10,7,15.952482275088924,0,3.4376157108450953,No
46,17,Operations,3.2646845867064225,3.2646845867064225,8.676595073284279,1.5275786054698233,3,1.6795759395155554,59.465717861799355,2.892240188288346,14,0,5,6,57.21028431351576,3,4.6157563057460615,Yes
31,18,Sales,7.495078508984946,3.3428999151108525,15.023106255293994,1.339315305210728,3,4.381285362207604,51.59400896834788,2.8976123450028934,25,0,8,5,18.621771349322522,5,1.6771041605304233,No
42,14,Finance,0.5996038733058815,0.5996038733058815,7.511630641796259,1.089961715436513,4,3.597931466475873,95.49462329679316,3.109309550582706,17,0,4,8,24.093020907942396,2,3.883446013785389,Yes
27,19,Marketing,10.102294220806174,3.791067659253699,18.49601833259377,2.429949293028762,4,2.775674984704531,60.104818361831605,2.298973607901297,12,1,5,4,9.007070111081699,3,3.4639064581855434,No
45,13,HR,2.998872146145354,2.998872146145354,10.792141008850988,0.933384713775581,4,2.6072133862106135,63.874544796186456,3.502535448869064,53,0,8,5,38.98619250913861,4,3.2731550083755803,No
26,15,Operations,0.7210779508394419,0.7210779508394419,11.387784810253628,2.036574631071867,3,3.018576796558504,40.33928639956267,2.8072107794161028,27,0,7,5,30.85095275211933,3,1.2531027175229947,No
33,15,Finance,14.053784439703886,6.393128277452022,26.419816628731862,3.8915741823607046,4,2.903383538469591,50.57274368933839,3.0073892208362896,21,0,10,6,41.26538831385671,1,2.7138964769001124,No
38,15,Finance,3.0034206050942975,3.0034206050942975,7.12677017928185,0.3922800175117914,4,3.8781214211108126,68.60376112550121,4.211440681926949,62,0,10,7,50.078904966218275,4,4.197692274331412,No
52,15,Marketing,7.794717443388095,3.6033631651150513,14.556325580987025,2.6429480182555016,5,2.103340292394659,48.4895866258562,2.2067428102683575,53,0,11,2,8.352252645259298,3,2.8318026686182756,No
34,16,HR,8.7239152452875,3.163278856482033,12.412792217681785,2.390774514946537,3,3.084301232963712,68.83853691302762,2.587453903548386,29,1,8,4,21.506323181953963,2,2.805906686411519,No
21,13,Technology,0.9601296229148115,0.9601296229148115,7.000520351852624,0.6338649866582069,4,3.5357961645302205,51.708770824817236,3.2122053053914175,21,0,5,1,17.428629437422906,3,2.2459025246341073,No
47,16,Sales,10.583801799651633,4.492044179407936,16.18366978072106,3.087687437665388,3,3.1291970540988636,98.54432754798049,4.172090935292311,24,0,8,5,48.09697744637875,5,2.5304128834082316,Yes
39,16,Operations,11.07351748957508,6.563056424534052,13.410431530497574,2.286822183960284,5,4.1435194441686445,24.82346409043753,1.8775845694131013,40,0,8,6,18.119047679274743,4,3.709546657417813,No
28,17,Operations,0.3,0.3,7.100100616769239,1.3843407151008762,3,3.5899550473412796,33.49716598499605,2.903539378760039,18,1,6,4,63.24629609664149,4,2.9050075561542434,No
21,14,Sales,1.180412391458478,1.180412391458478,8.166916167364745,1.367894737298442,4,2.9005209146615094,76.57765340597405,3.527075756942113,42,1,8,1,28.855246601996715,5,2.8619756531360903,Yes
37,18,Technology,5.995223225464699,5.995223225464699,17.58148887420483,1.315087911652489,3,1.6774648412201565,96.3839674564238,3.205096176067092,50,0,9,4,24.12705617338716,3,3.8873099193060914,Yes
45,19,Operations,0.31659236157258497,0.31659236157258497,4.984527185127895,0.5443228638152072,5,3.980187691143441,57.30727746187448,3.997802748535388,45,0,5,4,51.0760769685114,5,3.4443155016816243,No
21,13,Technology,4.266419862051665,2.55224086581736,9.602709326025348,0.6203666850014906,3,2.707313883045871,59.54770737022314,3.5093384329575112,32,0,6,3,18.103647610883684,4,3.496180822230645,No
46,16,Sales,5.038192156970986,5.038192156970986,13.361611430757911,2.4293131040816367,2,1.8884305028399964,59.41733360139322,3.012261009580644,20,0,5,3,55.87132481037852,4,2.9484842069372497,Yes
23,18,Technology,1.9000830226740204,1.9000830226740204,11.697899211184607,1.09126825055,4,4.08508750102512,45.12371669085802,2.793322698276572,31,0,8,6,20.856411900557003,4,4.774694673687966,No
46,14,Operations,3.452112399901402,1.7081124351786094,8.80718642353356,0.8339601389844699,4,4.017052795561374,73.62878978727055,2.692393082498707,14,1,4,4,29.172373998411267,4,3.9691731954023215,Yes
29,18,Sales,11.771419895019072,7.040433545866229,13.55175829847575,1.4180790179307545,4,3.5915001758832794,50.36778965786394,3.5998116678383756,22,1,9,6,18.865768691742193,3,2.8415677857060824,No
45,18,Operations,0.5611157230905204,0.3267863703482041,7.919349035481973,0.8298699001523074,4,2.325323102368331,81.57700483027365,2.901849630153165,56,0,11,2,11.276681931481988,0,3.8484887788509212,Yes
38,14,Sales,11.551198268082771,7.814236739864914,18.25991371305474,3.2872374684094923,3,3.497535937444404,47.46211664434671,4.979288323065116,27,0,7,3,27.162242667332755,4,2.9572847274724614,No
45,18,Technology,1.2265618942355874,0.3,12.846333955194083,0.976484055173581,3,3.9971234549194055,63.16729978062327,3.7224901654502287,48,0,8,1,14.797815881844908,4,2.4015896885299264,No
40,16,Technology,2.217379980803628,2.217379980803628,7.978876778564609,1.1152857396398228,4,4.988380739232261,29.68356416434466,2.914844238213169,10,0,4,2,45.41820426343114,2,2.9346686202288317,No
31,15,Technology,1.410816604617834,1.410816604617834,8.920487326919247,0.7884718205998282,4,4.195048779913606,86.00634055685757,2.3018394889592035,61,0,12,5,35.11911266638917,2,3.063407111893603,No
23,15,Operations,17.34245026601611,7.105481214795938,26.20094749776213,5.244775645478847,4,3.968071439181202,69.45397478525007,4.394429599475265,40,0,9,6,23.134767943371834,3,2.929381936015218,No
27,17,Marketing,0.5030222291855118,0.5030222291855118,6.557616714830831,0.34583863559928163,4,2.696913449859108,48.8507452816435,1.375990224837708,34,1,6,5,19.396387126712188,1,2.9758649974570948,No
53,18,Technology,18.264514573301454,10.524476838027503,16.78328070364829,2.7427796226402927,4,3.802088801513255,87.60818067568638,3.0076774534215844,27,1,10,4,26.360203763301136,3,4.987100926419979,No
45,16,Operations,3.005234047985522,2.2536942837556384,15.883610392039797,1.6610057942307774,3,2.7983702666168258,54.316543629947965,3.8377457090463123,45,0,10,5,27.449779599020214,4,4.4316008691952185,No
48,15,Technology,16.127020123913812,7.587762646334031,24.575958633489982,4.577285780602708,4,2.7041285118097727,66.80650766198707,1.893283366373484,36,1,10,1,39.01299604772246,3,3.0406608546588525,No
39,16,Operations,6.081019789142593,5.845613475706405,12.719776616026326,0.8536336928998516,4,4.8097589904851645,52.65241879438193,1.901944753616107,20,1,9,3,31.817241857478336,3,2.971318616678709,No
27,19,HR,1.9671521121758317,0.363619783295674,12.189150685662499,1.6908950580810305,4,4.205543082806674,61.87770937408588,3.616434793687653,29,1,5,3,26.440877956411462,3,2.7340492924438666,No
28,15,Operations,20.05394135082367,7.377604564924925,29.643776034110196,4.752092249005142,3,2.5101424236031606,80.51726940466014,2.9104620803945283,35,1,10,1,11.849648262055853,2,3.7998730394345266,No
32,17,Sales,1.3299593591368666,0.31850945099453526,10.05836612925028,1.6695351585036915,3,2.9994952225249976,66.95907731726143,2.993743712110273,35,0,6,7,30.193939297384112,5,3.9268478800348445,No
39,16,Sales,0.6157636497974064,0.6157636497974064,6.558581704352672,1.2614433727830003,4,3.5957260525508943,61.81822722606964,2.6752944616708043,32,0,8,3,8.146120113892744,3,4.976909603935552,No
33,16,Technology,3.2626409088960933,2.2763759817191773,8.759521314902406,1.1863357258533613,3,3.0790648485355563,75.0588578576625,2.396031529574409,18,1,9,3,16.643226659885585,4,3.6516745883177517,No
36,17,Sales,0.9521128858844458,0.7265288035393958,6.1901155348022945,0.4334759471322111,5,2.574601322203748,78.7611864637167,2.2029700342084295,32,0,11,6,45.75729740960894,3,3.6499452265990104,Yes
28,16,Finance,1.7967065252921706,1.7967065252921706,13.185439954301284,2.009173887461974,4,4.190553891403488,15,2.995481906389989,31,1,7,6,10.89527682340063,2,1.7953156232020033,No
28,15,Technology,8.10903652553563,1.0108320648399194,14.853509508240164,1.0274265718663838,4,3.98655403907979,89.00459534683941,2.3996225546906036,32,0,9,6,33.572146270229325,3,3.1506650656745623,No
46,14,Sales,9.091914070040746,4.402285890364768,17.87591769840518,1.5460418229379498,4,3.081595063449396,77.98468541257593,3.328967182183708,28,0,10,4,11.878310498949551,3,3.2459457578984776,No
43,17,Marketing,8.070383897110538,3.692563399340695,10.664425252241156,1.9716534844838567,4,4.1644058116099485,46.5022628900339,2.0847925788955095,75,0,14,5,17.698064790166693,4,1.7009860493101423,No
39,16,Technology,3.1727162488033933,3.1727162488033933,11.444265845805846,1.393861183478673,4,2.2938068932587687,45.63179224825436,3.700176902781361,27,0,9,1,11.114084977168863,1,3.7016483838397387,No
28,19,Operations,4.710935631716903,4.02963372137159,10.126901011646687,0.6351555349750527,4,3.6882059559582885,24.10557803175792,4.687447863480962,72,0,9,5,17.264384838068388,5,2.7138720155568743,No
32,16,HR,3.377746370032074,3.0572551999443394,9.188288089811387,1.7859547312491406,4,3.1878543065046965,65.6045711522942,2.5147301782269746,15,0,7,5,26.18901705285112,5,2.518513880109981,No
30,14,Operations,2.3794778419410147,0.7741007532611172,11.05676873471763,0.8206769735518312,2,2.817384938283919,43.324330773998106,1.6666993040642373,19,0,7,8,44.110121282489885,1,3.756578707365624,No
38,15,Finance,0.4410947626407392,0.4410947626407392,10.396765607031785,1.5345873774142467,4,4.488807849372421,74.28462953008368,3.3938149958185586,25,0,6,6,12.731480751968917,1,4.506564259592547,No
21,18,HR,1.4624496212330305,1.4624496212330305,6.938802618330964,1.1763780470755507,5,4.994923288664589,65.88591519584747,3.2187541994501276,30,0,6,3,7.490691814204063,3,3.711223769474224,No
46,14,Operations,12.709616528283961,4.9280243425728045,17.854463764448244,1.3618416054090827,4,4.707890712347237,47.99843613051256,3.407007106176809,11,1,8,6,32.076211566659815,3,3.200577878787261,No
27,18,Technology,15.175952943047786,5.2178885933993735,21.64843890416467,2.1402139269347247,2,3.201486937814677,69.69866391902966,3.079815944583806,58,0,10,6,23.395502540513228,3,2.9792778363714336,No
39,13,Sales,1.0737834124620687,1.0737834124620687,7.380217170803897,0.9837816018264425,4,3.5067305794325527,68.63503556902864,2.188020621375232,23,0,6,3,30.072508273945147,2,3.718483878978773,Yes
51,15,Finance,0.368107068423941,0.368107068423941,9.371353300522093,1.1386259207105334,2,4.198577177341769,60.41788422814955,3.414598138752014,32,0,10,3,9.878733119414306,1,3.88105343243081,No
37,12,Sales,6.196179864484712,3.4584202837225693,9.653650331405325,1.290956761383356,4,3.583270426691779,54.60056433917855,4.019309004455357,31,0,8,7,15.711376243957327,1,4.717827765282848,No
47,14,Finance,0.4444079370896442,0.4444079370896442,7.928208277628488,0.7773462177705283,3,4.200967364909135,35.122426419771735,2.2995062417202954,45,0,6,4,23.350755143192075,3,3.065220180888214,No
38,13,Operations,10.77194283401376,8.80959059031389,16.47976084058197,3.297529271297874,3,4.291965038359121,61.58170735369011,3.4424322310314643,85,1,13,4,6.868723409769155,0,3.389917164060616,No
22,17,Operations,9.275540272958311,3.872002647504805,17.548518676271026,1.656916902983294,3,3.1065374856042025,52.77000885515107,2.278273080739162,51,1,13,4,22.313227031055778,4,3.7696012601477524,No
45,16,Finance,4.801511729931448,4.801511729931448,10.774619662270212,1.2962372153888828,5,4.491813245692271,74.7706222447115,4.285216186065425,37,0,8,2,19.46838128469516,2,3.3692242164195614,No
39,14,HR,6.512473103288518,4.775354792127797,9.879921756765414,0.8653841033693245,5,3.504687332942831,59.95326277477478,2.8756806052958663,30,1,8,3,58.254927071792274,4,4.351467349578103,No
44,19,Operations,11.259044965587869,3.1847833979586904,16.709430549578364,2.7411496445866015,3,2.6095399003502853,75.77275266511595,4.815657851769646,8,0,10,3,54.625151041478546,5,3.157087067231057,No
41,15,Finance,3.354506766938006,3.354506766938006,7.261934733190967,1.408427827231725,3,3.4004026090451456,53.70512259840138,2.690005862931214,49,0,11,0,21.913264779594414,0,3.321187744152705,No
34,20,Marketing,5.5813757321386,0.3984408727899299,13.168189755815158,2.608101231371349,3,2.691594510603109,80.24550058711063,2.1044760544704233,26,0,8,2,22.42172054638663,5,3.2534814135231205,Yes
45,12,Operations,3.390193708376004,0.31268627872779237,10.093275871597028,0.5331292784701488,3,4.309481453251882,49.55423407436814,2.5331900820962425,72,0,12,5,21.06108739602466,4,3.2774552161516968,No
45,18,Finance,3.3036952838791196,1.130223749731644,13.94998162069364,2.584912425663279,3,4.287399127980245,48.408182477201976,2.6819647286759043,74,0,13,3,29.66032334803002,0,3.046887798733818,No
32,17,Operations,2.958941010050667,2.0012042117052613,8.48089457616599,0.7169003211919214,3,2.6063441660454587,66.05383236571814,3.5961465379158897,59,1,12,2,73.94378329335218,0,3.9869963665113977,No
22,12,HR,0.6056527496964736,0.3020846728369838,8.975920648619018,1.2865549158883984,4,2.9113824793461136,68.39993431400798,3.706217015187862,34,1,6,5,27.86241286948185,2,3.8165709135274697,No
35,18,Technology,2.7137523731518747,1.9588731863941433,9.17236283012504,1.574429195728847,3,2.1001108191809337,39.06919076025832,2.012463959260206,8,0,5,1,20.91822167317753,0,2.1155880262070212,No
48,17,Technology,2.802061485400663,1.14233816969746,7.435058112785874,0.831097450902997,4,3.311410574571353,41.7356669270272,2.90876199165578,23,1,5,8,10.262046813649178,2,5,No
32,19,HR,1.9169245958299586,1.9169245958299586,6.767521899572443,0.37528399152427744,4,3.5936401617409426,78.47712377067609,2.6194990036262857,38,0,9,6,15.226753207528345,0,3.76318760423833,Yes
38,17,Technology,0.3716649262423482,0.3716649262423482,9.74176312881266,1.3878805018107558,2,3.1856748228678584,77.25701119427004,2.996556198223155,21,0,5,6,29.521297645041386,3,4.950937099718687,Yes
38,14,Technology,1.492425177407064,1.492425177407064,7.696419508331104,0.6578763660610888,2,2.4868766957096304,89.0939891919198,3.065185175026831,40,1,9,6,76.83841813183692,0,3.6131957609942202,Yes
50,16,Finance,14.725539279922192,7.205984261203576,30.869153985804406,2.573631958252383,4,3.220698287172619,32.57419729085233,2.7096924415315815,21,1,8,6,9.330925359007905,3,2.853217334980337,No
29,13,Marketing,8.247608839243846,2.979715505325568,11.117978547775424,1.8809923598166756,2,2.4893777077853074,55.90654985280171,3.9081130865993177,55,0,12,3,15.736074174801066,1,3.871528874267808,No
38,15,Finance,3.1261687444004544,3.1261687444004544,11.76394204884625,0.9334091301934373,4,1.9267264566767102,57.069871629798314,2.5002844209820747,5,1,5,2,17.179586500407957,0,4.180273916626334,No
40,16,Technology,3.399137673397483,3.399137673397483,7.52060856889224,1.3719408714695114,4,2.7947721919250705,62.35358397965655,4.090763996042628,28,0,7,4,25.790747919414315,4,3.0644913934261147,No
44,15,Technology,2.51245868302801,2.51245868302801,14.753035781485055,2.859360951778099,4,2.196141922658266,49.14709153143426,3.7910956062210697,30,1,7,6,23.21689889951547,3,1.5695815114196199,No
56,17,Technology,12.677295861441955,5.04209375993048,14.507338244688203,1.6611538529443886,1,4.976014417459246,34.39830713804755,4.716150679826682,14,1,7,3,21.098886720896463,0,4.990227675871667,No
25,15,HR,7.81735824804862,6.858160573501188,18.854880988401,3.0734857745022612,5,3.1972571797953138,46.48920131328906,3.0243961425705446,70,1,10,4,30.405158019663716,3,3.2983063262368493,No
28,16,Marketing,2.0606867967081866,2.0606867967081866,8.70639574873469,1.4032026126033725,4,4.6174315648952495,62.080506152502245,2.615059931335651,63,0,11,4,7.870741484394267,3,2.0523754339452447,No
47,16,Technology,7.124339792834726,5.582630469881924,15.89767208020092,1.930629063186195,2,4.118771540277467,68.6837552788828,3.488901725549357,12,0,6,10,38.969475641309764,5,3.0400913814992636,Yes
28,12,Operations,4.162891912282492,4.162891912282492,9.660066111203925,0.9929755884037973,5,3.185784045547873,49.72112093285785,2.283148605860252,75,0,9,7,39.58157531504247,3,1.87461302364844,No
30,15,Operations,13.542451070804995,5.650981812379528,19.2491733632651,1.900649756242453,5,3.2391851985436744,30.823955464165188,2.797778460343586,12,0,6,3,36.33146821813996,3,3.6422910848015633,No
24,14,Sales,5.52422304209749,2.5449508063577824,15.770600549225247,0.8579359691153764,3,4.8000445475931475,54.84494827085201,4.8721708341937795,45,1,11,9,10.618313796188596,4,4.458005537002738,No
35,12,Sales,9.592236251792285,5.428239504508997,22.98664193922112,3.682607405069285,4,3.389132647487431,66.3332389760565,3.710442707149146,41,1,10,2,23.528530182488883,2,3.5388246118609423,No
23,14,Finance,2.664393501896434,2.664393501896434,13.807354321351445,0.727032216994175,3,3.6603642728981254,66.06029975908069,3.4279277643786275,13,0,8,5,31.372116356835107,3,3.771711613070131,No
41,16,HR,16.56608978880363,7.465088569549608,21.217162705652527,3.9458645677097195,3,3.7974824739809407,57.82984606882418,2.3266461853625695,37,0,11,6,43.85661894423194,4,2.800028640075841,No
28,14,Sales,3.086606470871989,3.086606470871989,12.90610941555534,0.8902750363087217,4,3.5018146947935076,82.1356691620898,3.6115086304122617,18,1,9,10,6.717693914664506,5,3.859622934606867,No
36,18,Sales,1.0089096518627465,0.35619641710327893,8.790574724858313,0.48419800455888684,4,3.6686357088711614,50.039370081112736,2.4845730158021118,51,0,12,5,13.799566531621707,0,3.5136337398049533,No
35,14,HR,9.02941631958019,9.02941631958019,11.19244680268475,1.0233355352439635,3,3.1275582042525683,44.156448810181345,2.4016452930716308,8,0,8,6,22.651770553165644,3,4.908438914459882,No
38,18,Operations,21.706240777158897,5.152724003427049,28.38201295173056,1.465925966777796,4,3.403399497658623,58.59723089920703,3.787269846468456,23,0,8,5,25.109784257577143,1,1.8994994015539908,No
21,12,Finance,0.8014306800683603,0.8014306800683603,11.063347626764015,1.9297041543232643,4,2.691097763899792,61.50060816549279,1.5023747064896582,25,1,8,2,37.58248185698736,0,3.9668971714780583,No
34,17,Technology,2.9974054428800714,2.9974054428800714,11.829542317716507,0.9995828884882233,4,3.021953555835525,42.9472032472344,3.5980270685358136,24,1,8,7,20.350418122723543,0,1.5713555471195564,No
21,19,Technology,5.469693640591163,0.3,6.517926424136772,0.9991183004678544,5,3.4866515129889835,49.42528416848668,2.1110919309810408,78,0,12,3,22.405509192694883,2,3.5468581021666514,No
34,16,Technology,4.921528839900019,2.7785440340295793,9.872009378105814,1.871047675397852,4,2.5950508574773448,51.489870466078536,1.9898262708288732,19,0,7,5,39.8137351720974,4,3.9030215704846034,Yes
37,14,Marketing,1.719537815003184,1.719537815003184,6.688124529109954,1.0553862389351627,3,4.419168373311113,68.33744290443472,2.2181880957172426,31,0,5,5,41.92228957047446,0,3.001254342061223,Yes
34,20,Finance,0.3555943754959416,0.3555943754959416,6.705399176498869,0.7408146183997915,4,2.493802583278216,58.24334380454183,3.6297645757712003,35,0,8,3,13.81420676136416,0,1.9306990016317802,No
38,15,Finance,6.744072454097753,6.420684917912637,10.248272332111164,1.5612796634416073,5,4.719254987649681,66.14819697012346,4.984195347598812,38,0,8,3,64.26460466233877,5,3.564191845671301,No
31,19,Marketing,3.0350410636463088,3.0350410636463088,10.921282826575876,0.5676654689149576,3,3.5988665383814316,31.91464245335417,4.723471124507616,50,1,10,8,34.3546713656068,4,2.3031765225908356,No
34,15,Technology,4.134348279378596,4.119231258023779,12.370029036122403,1.5834160313076233,3,4.196524759204928,63.85115380782225,2.5431830154007344,31,1,10,6,43.45003159383565,5,2.531621068505536,No
21,17,Technology,8.963333012343792,3.864015232749521,10.597295905229885,0.6283253653813522,3,2.684612564350509,15,1.1094943814368554,26,0,10,9,44.433441354559065,4,2.792009848516706,No
24,16,Finance,1.3796387040501426,0.33981472932525486,8.164569248549451,0.8512671758418142,3,3.2011078744133563,64.16690826315603,2.5959850005770804,22,0,7,4,40.69477053742302,2,4.993966148584136,Yes
40,15,Technology,13.804362290926704,4.99833470869134,19.98387809825218,3.8214585681685787,3,3.155720058733872,56.957358933882695,3.1167233097692275,33,0,13,5,11.914931708876356,5,1.2900640283825668,No
46,16,Sales,4.256165104525254,2.1516127533941414,8.263309290430845,1.4685176300299596,3,3.5884148370305087,51.19236824828017,4.294383924899802,52,0,10,4,31.380613645586035,4,1.7512298446636165,No
36,17,Operations,0.9847998534456892,0.9847998534456892,7.463109637210314,0.821005503262005,4,2.801653728511886,53.94196778581466,3.7056149729193617,53,1,7,5,9.070668890743914,2,2.3789290674051906,No
29,18,Marketing,3.8703685177108618,3.2400377163556993,8.736123788417244,1.0417674652279028,3,4.991111676328753,55.0971337585515,2.630748052127828,29,1,9,7,10.224842292228782,2,2.0743791917114756,No
39,14,Finance,1.5201689387353567,1.5201689387353567,16.970052060517,1.0422472749839724,2,3.182444439392371,78.59783526850617,3.2023635816588167,32,0,8,3,19.59325749467986,5,3.2895764756427908,Yes
36,18,Finance,2.557898006233903,0.3,12.967174691111278,2.55791438704857,3,4.987952378697574,42.378508830457825,1.7095673050880233,77,1,12,3,27.822807548820723,0,2.406473398372059,No
31,15,Technology,0.3,0.3,13.836954015297033,2.475248013141973,3,3.6977113399848927,80.27398380028164,2.891249853100144,29,0,9,3,22.40748349151713,3,4.876846239580615,Yes
47,12,Marketing,2.6603368486078973,2.6603368486078973,12.770853161854177,0.6687972187855507,3,4.401403428545589,55.10813724344733,3.310916918315441,30,0,8,2,14.096471477852537,5,3.532910957071781,No
39,16,Marketing,4.340376596983156,0.3605708030627032,7.050884990460245,1.1518731277594132,4,4.072833757002588,65.43253688144343,3.8937405365371784,34,0,9,6,70.9545172081923,4,3.2143372354875046,No
48,16,Sales,7.087830101035563,3.439652938264155,21.7492858032675,1.8256247528817504,3,4.523481235653386,57.82479186913405,2.834119321496469,44,1,13,5,78.55271452665626,2,4.5135348260287405,No
37,18,Technology,2.9104656640622593,0.30873369536987816,9.407757951582017,1.300650838743954,4,2.395307138387242,69.74153307748027,1.6311361134527904,38,0,7,4,22.184672136362746,1,2.641555932032064,No
28,14,Sales,5.524295991633701,5.524295991633701,12.149529924728292,0.7512856890377335,3,4.395240592521231,63.33607696525887,3.0039968621745747,26,0,9,7,24.580440920329593,4,2.3526166408552736,No
22,17,Technology,4.590650793942439,1.525999343732275,11.935363885492627,1.6621365995988497,4,3.40509905348389,75.62772839912328,3.7991147723381555,42,0,7,4,24.313068771353976,1,3.2649456605023723,No
50,15,Technology,0.9322589691284425,0.9322589691284425,12.19777504508248,1.5289316221963158,5,2.489908248835189,50.19736721894169,2.3732138066731765,15,1,6,2,23.080841502959935,4,3.4477677579296415,No
29,15,Sales,1.678211171803355,1.678211171803355,5.268820160838134,0.6146968973247362,3,2.726481553550836,43.8161262192118,2.5166883413922716,20,0,5,1,17.97847080632027,2,4.0997293378823185,No
35,16,Technology,4.848539500657716,2.9072586734051917,10.67089293934191,0.7088732202801027,3,3.287278765450528,32.87327674198179,3.8976476517381347,26,1,6,4,15.903102573512953,3,2.4620447970253907,No
33,15,Finance,5.394577683507909,4.430673029906918,14.611175741605132,0.8280854278838807,3,3.1804373162925157,93.99091044918687,1.2929261673816719,20,0,4,2,42.81708374558769,2,3.1007548621185452,Yes
38,13,Sales,2.056152149935357,2.056152149935357,14.131963783655722,1.9225125989212817,3,4.194368574070193,33.08342207124717,4.6800693039388435,14,1,8,3,46.39755325305102,1,4.001444276373559,No
55,16,Operations,0.40071329616581103,0.40071329616581103,10.288969582092376,1.7145871122743541,4,4.280536788524803,96.15172765645278,4.000886916191401,12,0,7,3,52.24105791382891,1,3.460322582615058,Yes
41,20,Operations,14.739513777739326,6.288755456989417,19.19590550851646,2.968765130432903,5,2.8007254846904766,81.25338712824957,1.8157609867327562,10,0,9,4,24.713571956774537,3,2.2263174067738047,No
44,15,Finance,9.14017617220314,6.952115475864216,13.181841416553471,1.8721069182649082,5,4.33740872410583,53.81841738436546,3.1048807071736126,27,0,7,7,17.82731895123141,1,2.7387317524253083,No
47,15,Sales,3.2628792738727723,3.2628792738727723,11.272632640266629,1.441731417293159,4,2.781754111034008,66.0311030419254,2.513193614611755,29,1,6,5,54.877237551427086,5,3.3668126901545317,Yes
42,17,Operations,0.32046425960489383,0.32046425960489383,6.448988032930323,0.5115773879500044,3,2.803418813964424,56.02644867162813,2.6087792063640296,29,1,6,2,27.571680052371455,5,2.853051662341066,No
43,19,Finance,12.789189593573749,3.2836032162941677,24.15593267451896,3.7636243184219973,2,2.0001814029090896,53.92953330593935,2.4803355716010405,61,0,14,4,29.671588946624265,2,3.5456500567115024,No
22,16,Operations,1.6093027831102842,1.6093027831102842,10.028783605423035,1.107077865122965,2,4.383119561615494,85.59566107159243,3.884295069608154,76,1,12,3,26.004223826804257,3,2.5173068878291636,No
26,18,Operations,16.813413378384205,8.73430633158757,16.604737553000657,1.0489386043645772,5,2.3717698526239968,62.16623129453228,2.0194010006794874,33,0,11,3,36.53580766851762,3,4.3244921680854524,No
35,16,Marketing,2.628098875728387,2.628098875728387,10.468316987520076,1.639833109143256,3,3.9971484565404087,30.778684106545022,3.3898101265873675,38,0,6,6,32.28355780344158,1,3.0638577344363442,No
34,16,Technology,5.4571918666661,0.3373144816957586,10.956307594302565,0.7579662233785647,4,3.566382429090693,37.645712741427246,4.884799475093831,22,1,8,6,20.573260227636272,1,2.751147259789602,No
36,19,Technology,7.030856141011467,4.8119425207483255,11.66881224064942,1.3292678969210319,4,4.1962952713465205,71.93161624111943,3.9090044514234785,43,1,11,2,29.929701010211748,4,4.156441915745662,No
25,15,Operations,4.561067995926148,1.9113011398914643,10.015091479721727,0.7131715608317131,3,3.615528565037759,54.24329663228963,3.3925856076199588,83,1,14,1,62.97781738265159,5,2.440491984121732,No
44,14,Sales,3.003948171991214,3.003948171991214,15.257708834163088,2.96942572609358,5,2.8126550404507475,68.55525059436303,1.2685277996566455,58,0,8,3,5.010276246785497,4,3.627714084665675,No
48,14,Marketing,0.8054494041830151,0.8054494041830151,6.856854743437131,0.7991046199674797,3,2.0912768459590847,45.2972241339182,1.892639982474246,12,1,8,5,80,5,4.522466461827474,Yes
33,18,Sales,5.252922158073368,0.7043727885494702,9.290564750647354,1.075115292146468,3,4.505041152190954,61.745602055348314,2.2107694658363135,68,1,10,12,1.4923565355450437,2,1.4294637905936305,No
31,15,Technology,7.511948388830875,0.3,13.962230251331537,1.711132172517035,4,3.504852554337526,53.764550395208815,4.906397516438551,41,0,9,3,30.168230332798213,2,2.8711430101620956,No
28,12,Finance,16.682737699848804,8.632351355571833,14.014389232735132,1.9515544260296722,3,4.671631560179362,15,2.913523478004862,52,0,12,5,44.97919548120876,1,3.380991551082272,No
28,15,Marketing,7.388391947368569,4.07903583913298,12.046428714481342,1.2380884425892305,5,4.200998890700027,65.4405372099499,2.7894558868002752,28,0,9,4,24.24271619558457,3,3.1628650923295236,No
33,19,Marketing,11.21470085834537,6.9660168172685255,21.638236373601764,1.6673627083586948,4,3.8036840189410377,70.4497672465266,3.4999448200018506,45,0,10,1,14.473114496728703,3,2.512089096862713,No
23,16,Marketing,3.998567202649031,0.3,8.537713985219378,1.5246511063622783,4,4.290881565338,48.90097637239803,2.7662964526162988,43,1,9,1,19.474929700820365,2,4.426719835330011,No
31,17,Technology,2.8905044760152396,2.8905044760152396,11.436101434123806,1.452839324958699,3,3.2658474835175455,47.62513492201224,1,20,0,4,3,20.412113455643425,4,4.459462150132973,Yes
21,20,Technology,1.0533907004691205,1.0533907004691205,7.509838105851879,0.42664575138996746,3,3.8796926863888914,91.91573138403932,3.2954721193007104,27,0,7,7,19.566041004342623,5,3.647477120790201,Yes
24,13,Sales,2.601062117692482,1.35608126409305,10.625413718126145,1.7693577287513846,2,4.11284587960049,48.27876560308859,1.616305232265104,13,0,5,7,33.423683269722886,0,3.2562391049412023,Yes
37,17,Operations,4.122419290306699,2.7644717339021896,9.799722055316543,0.49764959505585005,2,3.689552312876833,64.24528885888603,3.4903270790053598,48,0,8,2,47.27804912115497,3,3.688845999569448,Yes
37,13,Technology,1.0770477908905995,1.0770477908905995,5.5951974054859415,0.3317699080384374,3,3.1829725282441435,86.04798397110817,4.396827468788797,67,1,14,4,17.905910541276995,1,2.7009096440573663,No
48,14,Technology,3.9471465828062255,3.933639851500248,12.215705626103771,0.8309938588177589,4,2.1040019389280262,68.00425243073494,3.4979783141672387,19,1,8,8,69.02510283630697,5,2.801071082878393,Yes
32,17,Operations,7.082801639891215,7.060390731497112,14.236594540184429,1.1892043073254412,4,4.615067994144084,43.74354719954725,3.076833004565516,9,0,8,6,50.10710308819549,4,4.376927079054505,No
28,13,Sales,2.4002719188374293,2.4002719188374293,8.997549579846229,0.49795539847479015,3,2.499181141604182,44.40753625113855,3.2062438842481478,11,1,6,5,13.857854384541803,1,3.6334787853628137,No
21,14,Marketing,3.7783756331113962,3.7783756331113962,5.914536689727781,0.8957550426474828,4,2.4964552537023645,52.77686602772164,3.218865950184392,42,1,9,3,41.80717838708392,1,4.428953895943101,No
49,14,Marketing,1.1423519593055906,0.3078087635705252,8.315478325511766,1.176776427920446,4,2.55104045904535,62.43431746106775,2.9949232768230782,20,1,4,8,57.97397029859469,5,3.1924837456381794,Yes
42,14,Finance,4.653008241576734,2.432072726117933,11.795212980779109,2.215974348558417,5,3.9932883232561216,53.271277327484086,3.2940561292395993,53,1,10,2,50.33820924821172,5,3.508576880029542,No
39,16,HR,1.5154166412305508,0.8808224031428928,7.633687506322989,1.390974120346326,3,3.3610545679082806,77.50951228508747,3.485022666291541,24,0,8,5,22.05262127739114,0,3.376950352097644,No
36,20,Sales,1.391108401135214,1.391108401135214,8.334191002515839,1.4705070522037715,3,3.0037983390518765,63.64810466499582,3.676579145722647,23,1,8,2,16.42016749609922,5,3.8722947461702577,No
39,16,Sales,7.34860774390502,4.330531051152589,10.323538119934462,1.182011730333549,4,4.9860021645058925,44.101544455119736,1.7802402108147144,30,0,9,9,17.392871880392192,3,4.136192952806027,No
40,12,Marketing,0.3003531004882306,0.3003531004882306,9.290300256769813,1.7710867593560287,4,3.8112399129718395,64.0586293925596,2.68052751094256,68,0,11,5,35.643230289558616,2,3.0120543317053667,No
30,18,Sales,1.2472129049618141,1.2472129049618141,12.369573098028367,1.7688639739762912,4,4.306086770787821,63.5491290502507,2.691166742909878,28,0,6,2,37.230284245519115,2,2.836962582986451,Yes
47,18,HR,11.693952153394893,2.8983815183006074,17.929849742514133,1.8977094533401497,5,2.780072748019633,47.6755854869948,3.1894506821755524,26,0,11,6,16.895106127347884,1,2.893686688607126,No
45,19,Sales,24.68604364857584,6.248799742662842,31.036307849675563,4.166722905558448,2,3.291039862178193,63.69420561002305,3.2910481947124315,39,0,12,3,34.76332406212084,0,2.0861473616417556,No
40,17,Finance,5.374810642105587,5.374810642105587,13.883119524159245,1.17335667737023,5,3.5195660974851464,43.192458876785885,3.2879418430912377,38,0,8,6,25.42165443519483,1,2.275223096750502,No
25,14,Finance,1.3096899336161258,1.3096899336161258,15.278766222081522,1.1537590128943038,2,5,90.7303619851812,3.890539719636185,29,0,7,6,11.434617080587005,1,4.31732647809715,No
41,13,Finance,4.646299935668291,4.646299935668291,8.679043634592183,1.2313111441999678,3,1.7151936429687678,67.10583491613603,3.3968241295684396,24,1,7,4,24.584007707852876,4,2.300591879983657,No
26,16,Sales,2.918193768869184,2.918193768869184,8.668733109716149,0.6983079703182038,3,4.9149952696393875,48.09303131255599,1.9393684795262287,34,1,12,3,34.21656329731245,5,2.2847040737849285,No
21,17,Finance,6.883975729131456,4.3084409970202415,9.994212846177469,1.7877159057148633,3,2.7153655827790573,28.310559877747654,2.9038912802983834,23,0,5,4,22.415002266507805,4,3.1847416346952078,No
23,13,Marketing,20.122726388358632,9.547017387591014,28.383865612007835,3.903159339364542,3,3.906540808467478,56.30684226273356,3.793930779531474,22,0,8,3,45.14174557289915,2,2.5426152153994614,No
40,16,Finance,2.707938153791122,2.707938153791122,9.889803519253102,0.7885541741424449,4,3.7965132588135386,56.145157270786676,1,47,0,8,4,22.39803834205928,3,2.0425502569480005,Yes
39,19,HR,2.1294467019939742,2.1294467019939742,8.893650685315336,0.4768200367546844,2,3.4909622876873847,81.68479436745709,3.210151414242267,84,0,13,3,23.637234629170425,4,2.351855861054007,No
36,12,Sales,0.3194247052902498,0.3194247052902498,8.000407538213686,0.9228065269658052,4,3.70639404244289,63.303644318317765,3.582008192030662,23,1,7,4,9.771302764492011,4,3.1299039902172003,No
39,16,Technology,4.945557811559456,4.746530461920098,8.930446793384851,0.6901207492938043,2,3.1289551531465585,79.97889163751198,4.098396350758449,16,0,7,6,45.01934196229699,3,3.097038504094124,Yes
38,18,Technology,0.3220165277898461,0.3220165277898461,12.168778192008805,0.6313884111748491,4,3.786297308420869,85.23412057096846,3.2757588392573025,15,0,7,1,43.48092640976063,3,3.583410869004959,Yes
32,15,Finance,0.3520783009761761,0.3520783009761761,10.79644068535517,0.664826139046858,4,2.99906859290915,67.04856303823468,2.7980391836573117,24,0,7,3,33.28590663829631,4,3.5184698485412174,No
35,12,Technology,4.6784282749387645,4.479591656024977,8.804044708648558,1.3476780261201822,3,2.7167206464791174,44.29413924277327,2.800030109111295,22,0,7,2,14.487895608099002,3,2.694734641737049,No
42,17,Technology,3.2967735541897754,3.0708889257281147,8.980601734599807,1.1090650229340877,4,4.984770098859135,46.15107166542687,3.2840418711051096,55,1,11,5,10.94712165909439,4,4.099971438366818,No
21,13,Technology,4.640610106861937,3.445478687679296,9.314104464213427,1.6742273509965633,4,3.0005808073123252,65.40433597072337,2.2983221530349525,28,0,7,1,20.697748712880024,2,3.4815518778326617,Yes
32,18,Sales,2.1272995624691884,1.624546784823598,13.476008989446015,0.8120229129405272,4,3.5367824270636166,51.311436026261774,3.80774612004326,27,1,6,5,5.9119826111284235,5,4.05511846829278,No
42,20,Technology,4.492640114184154,4.288768171336611,8.704699853961671,0.5336749739852427,5,3.4005258357668056,80.05024251410974,3.39174000908804,73,0,12,5,5.40776183668719,5,1.94932264985706,No
21,20,Operations,3.4327256302189992,3.4327256302189992,6.234913685971015,0.5277240184833604,5,3.1775103779813496,56.36903073728365,3.7094830695983356,67,1,11,4,57.42290338859007,5,4.209555203339842,No
37,16,Sales,2.9267561824674466,2.9267561824674466,9.394877974955628,0.6642705277634382,4,3.0126583114595764,70.6926999059564,2.9937579845848994,40,0,8,3,12.77098085120649,5,2.2449150885349223,No
27,15,Operations,0.4492047025679048,0.3,12.898889822505806,0.9673498656766458,4,3.595404781606652,33.153169915378854,4.403624965013909,46,1,8,6,32.17012443993432,1,3.2056489000590247,No
37,14,Finance,4.176220337048106,3.5313213480124324,9.729995361679796,1.0953030078990977,3,3.6928634509636566,55.91844779069647,2.7039355850441993,37,0,8,3,21.288494748134273,1,2.5935336187184874,No
42,16,Technology,11.042144856407814,7.05249333374424,18.09312204387642,1.1157317019274324,2,2.6194444546628035,29.21466255980337,3.498430746711815,44,0,8,1,21.111280328330118,3,3.9805642457780372,No
46,16,Technology,0.3,0.3,7.585667729103384,0.5300054503756886,3,2.7771601347799075,68.65568472107604,2.1251597360233356,8,0,2,5,6.099730072743556,3,2.7461137751968856,No
24,17,Sales,18.359675851626466,4.791294405321675,24.180815666681564,3.043846541836417,4,2.795775640417898,59.534050805666794,2.59910316149933,17,1,8,2,61.59441267782418,1,4.770328071400802,No
39,18,Sales,7.9151633717838585,0.3,15.947396972156776,1.0301320169449932,3,3.5027768023330106,58.962916615086826,2.1995728681415643,19,0,9,3,46.93444747026808,4,3.200358136365018,Yes
41,16,Operations,6.132983899405609,1.9370359454538406,10.826083655948944,0.6019325755274234,3,4.291460569405423,57.747324058629225,3.693530025425008,38,1,10,2,43.076591396461886,3,2.2949630228416744,No
29,19,Technology,3.3240337105197653,3.3240337105197653,17.338858000059325,1.8389795216120801,3,4.403834522272768,75.41224099267092,3.5977007801814564,5,1,5,4,31.389789700975946,3,3.789711339520747,No
37,16,HR,17.596276963618365,5.871950622000677,27.438766230163363,2.708005859985779,4,3.783185729900377,58.81184097102841,3.1965425189876946,19,1,10,1,11.591395807115507,4,4.688167651068761,No
39,15,Sales,8.445639170487938,3.229804194283889,10.821311307423295,2.067943724092338,5,2.810719781792935,85.7729121290779,3.704578755197792,30,0,11,6,12.498186911201532,1,2.8380468918802735,No
42,19,Finance,0.3,0.3,8.94160444549564,1.7396657223285783,3,3.6167134622569153,72.71572295631857,1.5779208038830954,20,0,7,4,33.77479038280539,0,3.1124530352615842,Yes
35,16,Sales,11.992506849620483,6.9441699217099835,19.081907797131635,0.983892638151181,2,4.374398526771117,62.10910471065036,3.6224666138319908,30,0,8,5,26.424201201713412,2,2.9528708979402296,No
26,18,Sales,3.9537648723402934,3.9537648723402934,7.578573927569312,0.6755320094768249,3,3.511276702343582,66.41010237249833,4.792305978652047,32,0,7,7,51.47752014807488,1,4.980485673990095,Yes
32,13,Technology,3.2792577023592084,3.2792577023592084,12.35905060588363,2.2845166582389016,3,4.691997076521804,35.37038023175667,2.9846241833736076,40,1,8,3,10.87942834990589,3,4.416581606639946,No
33,12,Finance,16.959690554004627,6.942357949413813,15.467022757131646,2.9960100220055903,3,5,60.31516947208077,5,41,0,12,3,16.16324477646152,2,3.251831389455294,No
31,13,Operations,7.3553886466781675,7.3553886466781675,9.288329228950959,1.161825835193326,4,4.421356088804714,72.79294677801428,3.392095556313308,56,1,10,8,30.502657675155742,1,1.7108897669982621,No
45,13,Technology,1.5519385353682118,1.5519385353682118,6.875926641291483,1.2607452217002388,3,2.8790011792251007,91.35187891961814,3.2062925357645398,30,0,7,1,28.01437754186238,2,2.0722214741719553,Yes
49,17,Technology,2.9776212556897863,1.9967816195051193,12.704621328861707,2.215912507539558,3,4.173453689084828,63.77178573964251,1.0083200561059495,18,0,8,5,29.846386414356324,5,3.6653060259171757,No
31,20,Operations,0.6501736669063372,0.6501736669063372,9.044918315317908,0.682326458421994,4,1.6695208508476769,52.21824997597243,3.1076632800164985,18,0,9,0,64.9634396955373,1,3.995177995789101,Yes
35,16,Finance,0.34243453578950755,0.32077730996032616,7.683438415210268,0.5424060240442178,4,2.998890243505406,39.847024964790215,3.507681229811755,14,0,5,3,80,3,3.240107241714655,No
30,17,Finance,4.113108271297939,3.058796802168456,11.202552517187524,1.4451551328552394,5,3.2886080886188642,52.98745025473449,1.6069904062173386,10,0,6,9,57.393280848932115,1,2.743414170501578,Yes
35,15,Marketing,14.922299550147585,5.346288569323928,29.77343608628126,4.821668547490609,4,3.7694876563023723,67.28138058579076,2.800585747260635,61,0,11,2,38.54923166388411,1,2.3307534515433104,No
24,13,Technology,9.189448424449257,4.418050507846009,12.8309158460359,2.1244555311335818,2,4.164983309398357,72.65479450138106,3.7023299040488635,30,0,11,5,37.19093217492586,2,3.8287031328009147,Yes
42,18,Finance,2.998034088937639,2.998034088937639,11.150831289098763,1.915440908132001,4,2.71982565016096,62.95785396732998,2.426325526127745,46,1,9,5,64.90293189439785,2,3.753085409420634,No
33,15,Marketing,0.4713212875160452,0.4713212875160452,7.6992601450785,0.7243363156221655,3,2.684045413060999,96.8655703546325,2.806539176459967,50,0,9,7,29.448343462635858,1,2.6785967212798054,Yes
39,19,Technology,0.3,0.3,8.686669649259773,0.695856057526593,3,3.8107193781652584,52.19333664928483,2.9071863747210736,23,0,7,5,8.250018168282605,0,3.6766097111069396,No
36,13,Finance,4.23236718430141,3.9291235517454544,9.91153326119107,1.4735576992376735,4,2.711896797895426,67.02854700161303,4.182671731880136,25,0,5,3,19.213284093980334,3,3.829783901792463,No
36,17,Finance,1.0980625832892237,1.0980625832892237,8.269880772503129,0.8354847736978958,3,3.1746371920124052,87.89088672980894,3.910170508900734,28,1,8,6,18.061084494745604,4,4.089949446549897,No
25,16,Finance,2.1197139756767536,2.1197139756767536,8.83503941900634,0.6979315160912604,4,3.9190436875233816,77.25935339051932,2.498431175710833,33,1,7,9,19.629240874480338,2,2.6287396556316343,No
21,13,Operations,1.0137231643032285,0.3,10.062923595657319,1.658346841955927,4,4.211731414283698,67.62408050555113,3.2994679353984604,85,1,12,2,19.82622587139743,5,2.9875424884759854,No
28,14,Marketing,0.6164242923065116,0.6164242923065116,8.983027435715064,1.186018319265768,3,3.6977530762830173,40.0471065826897,2.7832720044142945,13,1,4,5,38.400883061753206,1,4.298061336372921,No
30,20,Sales,0.3,0.3,8.083876622163713,1.2875477519221283,3,3.58024367169015,51.265762375733765,2.8016087104572356,10,1,3,6,31.368234290257597,2,2.9231913330524217,No
49,13,Operations,4.915209182771415,2.4172822313941174,11.251082246376324,1.579851886960679,4,3.501898484282934,36.118659698140206,2.732319156011305,17,0,5,4,25.916242358066594,4,2.847626011501872,No
35,14,Marketing,0.366164820960558,0.366164820960558,6.7304075745636744,0.7238075776915727,3,3.0967740507376744,40.54703463020849,3.196348244115476,16,0,8,3,56.39366179845453,0,2.644407170818412,No
42,15,Technology,7.293040153417847,3.8036524689149607,15.80180620359797,2.0928730424035176,3,4.996983104871599,67.71083104171554,1.8889058265626801,26,0,8,2,61.822575117643545,2,1.9622696617940152,Yes
25,18,Operations,10.583510133068767,5.491466687988972,17.412912646864026,1.6960656472828821,2,4.107018309658966,42.5329165480031,3.9770042748231877,12,1,6,0,69.9846707322886,3,4.279379042184737,No
39,16,Technology,10.443802546584816,4.8925326334184716,11.897150300949153,1.2661624556750697,4,3.3821074879333604,48.979479516504846,1.584828944681899,48,0,12,2,13.533892789966906,4,3.98859558820409,No
21,17,Technology,5.297322153215707,5.297322153215707,13.607433463763385,1.4327095488438,4,2.96584251149085,69.36883559831381,3.1089927437409326,38,1,9,5,9.694384052174113,3,3.932753279676701,No
36,15,Sales,4.0374150707364,4.0374150707364,10.577931071645569,1.8963726761734554,3,3.8938302376185425,58.53682125788534,3.690488876096546,70,0,11,3,38.442926679255635,3,4.164293983626788,No
41,15,Finance,15.359765700523182,3.260831025684452,26.99376336536968,3.7132132708773367,3,2.4999910948136557,67.72909663067873,4.381804587263551,28,0,10,1,21.343272408066113,2,2.563058279532528,No
38,16,Finance,1.3274742239876163,1.3274742239876163,6.782144079713263,0.8582297876490133,3,2.892573915678206,81.03721470076678,3.891477833891308,10,0,6,8,35.55435704761605,3,4.230783769814966,Yes
26,20,HR,2.822507753311285,2.756152190686723,11.224581566912496,2.0134213342267695,4,2.8044660892823186,66.12263563414324,2.1946713553850588,37,0,9,4,14.26672562070347,3,4.526556632538192,No
47,17,Finance,0.6546190955248424,0.6546190955248424,7.843569372434174,1.3511746976545413,2,4.002735684027592,49.59330385248513,3.6195247114698095,29,0,6,2,14.746179553394818,4,4.352117626035686,Yes
21,15,Finance,1.224153497681649,0.3981265588255519,5.988631596889716,1.0799885344969418,3,2.5954883846592454,62.14254952990068,4.804716829521277,36,1,7,3,31.171587865932157,0,3.68187726673264,No
35,16,Sales,0.3,0.3,6.2628339443681575,0.7913835168338482,2,3.48301179539728,49.26485130300023,1.2717948406438417,9,0,6,6,19.780533955110187,5,3.8402993641898937,Yes
43,18,Sales,0.818491038563662,0.818491038563662,7.033502187116466,1.3458018517775332,3,2.994421698745802,47.448508282502,5,8,1,6,6,43.412459012071544,5,2.3564900114583756,No
31,12,Marketing,0.4838668909848962,0.4838668909848962,10.728192435467788,1.9180260553314024,3,3.1709298501610235,74.0508690004918,2.191611468508605,36,0,8,7,16.96152813783624,3,1.8727057175160786,No
29,16,Finance,3.5902442140387585,3.5902442140387585,12.852830077763242,2.3534431185114193,3,3.7730305687403214,55.613458973839556,3.1110722522172782,56,0,11,6,26.164369336271026,5,3.172008229232806,No
34,17,Marketing,3.668545313092239,3.668545313092239,17.455809127003324,2.6769453739369347,3,2.8878028386667363,59.9669720017468,4.1729893392039035,25,1,8,3,70.93908214277933,1,3.82623278628687,No
43,20,Finance,5.01481314380669,5.01481314380669,10.077456256114191,1.3314227419217899,2,2.7085705340662094,75.33563553550349,2.3841765132206274,14,0,9,2,28.078130537313484,2,3.679917264469864,Yes
33,15,Operations,0.43665403106069495,0.43665403106069495,7.113836841709271,0.8085847958626988,4,4.902964547921393,63.067774982062566,2.1911546025244997,17,0,5,4,43.963216855328504,4,1,No
37,18,Finance,4.861294923830909,2.8042108124841123,12.296849860404189,2.4190627759734786,4,4.965643071982005,78.50319846310308,2.9971858498370656,42,0,6,7,24.91614575579277,3,2.941261353444818,No
40,18,Finance,1.7589497719270164,1.7589497719270164,12.377032016603387,2.3922124376270446,4,3.508411842984999,69.5431876003521,2.376512089872354,36,1,9,4,21.405846546522614,4,2.35459632646842,No
49,14,Technology,2.9654276059862443,2.9654276059862443,8.394224367236504,0.39477514727730645,3,3.923268155718126,31.144743045184914,2.037766673355064,34,1,9,2,12.271691651069805,3,3.591163905654509,No
29,17,Finance,2.15494640953662,2.15494640953662,9.99282655646038,1.8790954400689053,3,3.0188498722176327,47.89497793685614,3.2056156881801883,17,1,7,5,35.456972924659006,5,2.357157128551464,No
38,16,HR,1.4076176169701995,1.4076176169701995,8.076946631263157,0.4304673275059799,4,4.996376672956735,76.38891390017461,3.702087304392564,49,0,10,3,10.555032838642031,5,3.3821528165051733,No
36,16,Operations,13.403793781597425,3.6547074143205,14.922285000890641,1.7283215803002918,3,3.1889672010558057,85.14458599976821,2.711216974442742,17,0,7,6,62.24027391157812,3,1.6521174033831263,Yes
36,13,Marketing,11.186759452531382,8.188620112094743,17.169607976989763,1.4945940878276676,4,2.6236478221443655,52.1173035334119,2.7764866389672362,81,1,12,3,20.434759113684233,4,2.937765183522474,No
47,16,Sales,5.760068536635403,3.951757553100791,15.27388208629269,1.555807807858544,4,3.898934984297619,44.44568305265153,2.4417183772083852,32,1,6,7,41.34838144514807,0,1.813482350736659,No
21,15,Technology,1.6284629853301522,0.6177925189277687,12.521903064716172,1.6485691795291055,4,2.798248949853558,79.26825807966944,2.2980851185891344,36,0,9,4,23.160829145522317,1,4.183302152843206,Yes
42,19,Technology,2.4944994182076172,2.3534412977407384,5.348068087137129,0.8885727086236889,2,2.9046879748707064,83.7559595741845,4.204417225862278,28,0,6,7,35.07112657076329,2,3.305000903529058,Yes
31,15,Sales,10.607590265454066,1.2495408334682758,13.81791078911398,2.3978558166581325,2,4.093596667087191,51.31853994828747,3.58105173077521,35,0,8,6,38.06536932662555,0,3.5167044690912044,No
42,16,Technology,0.42225687522844074,0.42225687522844074,9.469105716528638,0.8580673591384402,4,3.4808619494777857,58.38676169954918,2.4600052922409708,36,0,10,8,24.87040125505156,2,3.420600861895474,No
36,19,Operations,4.858375804728384,3.318070997305035,9.352803858392939,1.3193067229162914,5,3.292430255145425,66.85971193836588,3.004309049389406,32,0,9,2,50.80899570937293,1,4.919053005024502,No
37,16,Marketing,1.188780511439457,0.9222076317761636,8.452651786594124,0.41667403833403704,3,4.304828631021678,56.36449689604321,2.9953814714099076,37,0,9,7,20.99640116661603,3,3.787385861862637,No
24,12,Operations,7.0320455994890745,6.957545006853099,17.701225623428837,1.933317827869546,3,1.6246498653626826,65.28865826890232,3.5796946059245247,19,1,5,4,34.81782972217053,3,4.012510559102542,No
31,20,Technology,4.477627977868904,4.275037851696552,7.895295336245451,0.939809247151146,4,2.9844854192345807,56.047772756001784,2.953383361979538,27,0,5,3,33.789962218727325,3,3.012525824824847,No
36,15,Operations,11.944810511778833,6.154989756553481,15.217095035270212,0.9562578645726278,4,2.789380239925417,70.19343408560214,3.087425260467302,42,0,11,3,22.947940448508902,4,3.261130552124389,No
21,17,Sales,1.7933325826834356,1.7933325826834356,13.525915061928451,0.9852740759301449,3,2.8877893727612745,65.62985305532978,3.5109715512110893,54,1,11,3,1.4172845599349393,2,4.22947954304316,No
30,16,Sales,14.175445145213459,7.825610710366854,19.235457383724516,2.0487328332234167,5,3.9029970803318927,46.22365917838956,3.880116504971037,35,0,9,5,7.697760622097978,5,3.6587310358938656,No
30,16,Technology,3.8385765570156094,0.7819594049800332,8.624004645829599,1.4059244626305742,2,1.6915576250948845,69.84594810339766,2.412212586746759,18,1,7,5,22.36187692262413,2,4.045284316471108,Yes
25,16,Technology,1.1856989517102916,1.1856989517102916,6.79226068843803,0.6453181022190099,2,3.8705813214699716,45.02187908917748,3.7958074948190124,14,0,6,4,49.347261427277985,2,4.910065030078374,No
38,18,Operations,2.0758715372320813,2.0758715372320813,11.307345951325559,1.4097587418727546,4,2.8836088079451727,71.68362255675964,1.0197185914627058,33,0,9,6,7.364932160861027,3,2.786096011176734,No
25,18,Marketing,4.553519086298657,4.553519086298657,8.362778310067691,1.0775834229614187,2,3.1003866770165756,62.095991181095684,3.300024585259181,59,1,12,3,13.612282584544179,3,3.2719133315894084,No
35,16,Finance,0.41576634607252416,0.41576634607252416,5.677104304579308,0.5855539658449117,3,2.887471668369775,71.38736543838392,3.4992001665027472,19,0,8,4,25.583928440325327,3,4.5316512802295135,Yes
37,18,Technology,2.2343548400764357,1.3398510667132018,9.03992950106557,1.0934214578437407,5,2.9960721004591138,87.06122130228177,2.0757360435116285,57,0,11,4,42.654676820588435,4,2.038510462100033,Yes
26,14,Operations,0.5519689066819933,0.5519689066819933,3.742925492294628,0.6838752813195509,4,4.8798498653466185,37.62067360172559,3.406351046440256,26,0,6,5,25.138689530477464,3,3.8013723132103596,No
35,17,Operations,3.8034036565694724,2.611405111155168,10.298686025292922,1.2301072935319741,4,3.909605674410978,15.851028756261504,4.306279210850934,35,0,8,3,37.18388962724291,1,3.986459230265415,No
39,20,Technology,0.8588238997299427,0.5843498457917387,7.984284831067693,0.9634205125012709,2,3.115489013303104,51.97299896265206,2.59075527291367,25,0,3,5,15.413752298184288,2,2.9025895711418297,Yes
42,17,HR,13.15662759836133,8.278354025349607,13.622413537163252,1.2151226185643538,4,3.910631694334857,48.21254157802732,3.2786232676332165,37,0,8,0,43.94483345049616,5,4.712841543745681,No
42,17,Sales,5.505293163446037,4.640475589098258,9.423090153700429,0.7842574897506351,1,4.4255150287348135,49.18299088570994,3.1847634634523567,27,0,9,5,25.053821888562037,0,3.6224458365383527,No
44,18,Sales,3.838628094216293,3.706614840784228,9.427910109291803,1.2114963335171038,3,3.766944859445407,72.00072461667553,3.626152953886177,53,1,11,5,18.889499379194028,0,3.5950882077710764,No
42,19,Operations,1.316452064720296,1.316452064720296,16.197024013808875,1.9738481071955827,3,3.275813230134089,56.49337677278761,3.6243225813033484,14,1,3,4,65.25546064310576,4,4.107175315272221,Yes
25,14,Operations,2.0161213539138076,0.3,10.207994124328373,0.8631318347159902,3,3.581479515324888,40.50755125345872,4.599443479234717,14,1,5,5,29.03651482880354,5,4.060624176360048,No
46,18,Technology,6.5532595755412455,3.036056426364708,8.132013778129659,0.9317689322029871,2,2.7054280539352873,54.44399557871051,3.5276557395343455,45,0,12,4,11.654598762940946,1,2.601783209152466,No
51,20,Operations,0.3330025094908766,0.3330025094908766,11.30888428955637,1.8342125978479735,4,3.701199660374181,55.41005535121552,4.235983093833127,41,0,11,5,60.11964747459707,3,3.0423718762608973,No
44,16,Technology,0.3,0.3,9.741725716489324,1.1583880283478774,4,2.817236121610548,55.63171060224611,3.1050738471170876,33,1,8,7,19.338782173368582,0,3.775112880107843,No
38,14,Sales,24.962322743295985,7.806141343265109,31.203015033515314,4.129982104606271,2,2.396186252182731,47.52874201702011,3.1769051500651933,54,1,11,3,63.20147054053314,2,2.982885975038676,No
29,18,Operations,6.337620503701688,2.6274023735369436,12.90653798459543,1.0367396078116105,3,4.994043725651321,47.752428191768765,3.669134462191404,25,1,8,3,36.03951101200822,4,4.035353727363016,No
