Age,Education_Years,Department,Tenure_Years,Years_Current_Role,Base_Salary_Lakh,Annual_Bonus_Lakh,Job_Satisfaction,Manager_Support,Workload_Index,Work_Life_Balance,Training_Hours,Promotion_Last_3Y,Projects_Completed,Absenteeism_Days,Overtime_Hours,Remote_Work_Days,Engagement_Score,Attrition
49,14,Technology,10.554124866735242,4.701405778269105,12.595915484829819,1.5873750026302074,4,3.2094910589568286,55.78442979525854,3.5979984966355385,77,1,14,5,7.359172560296294,3,4.403938340286602,No
35,16,Sales,0.3,0.3,8.256291127413318,1.213781123631425,4,2.2056202093842243,75.4316233887657,4.800465478921528,15,0,6,7,37.37900114809769,5,3.728896288362608,Yes
30,14,Operations,2.1882967819463177,0.7241598716196996,10.93102943542329,0.8090103724221335,2,2.7781909943703234,43.08255766645413,1.7359455367014671,19,0,7,8,44.917290040285465,1,3.7227518534960424,No
23,13,Marketing,8.120001500398184,5.502235870477082,17.238736242953888,3.4456205710860073,4,3.8769515220623045,81.3654645118204,3.5016060867625733,22,0,9,9,14.275339117244485,5,2.372901854516367,No
49,14,Marketing,1.2171877386435295,0.30492497233556703,8.296922500197319,1.1553162044004714,4,2.4875945929182333,62.24388555556739,2.9829042668167953,20,1,4,8,57.694851988679666,5,3.203015060153157,Yes
21,18,Finance,0.34634653886130107,0.34634653886130107,10.439533246235435,1.4760228528218224,3,4.8141650530394875,68.32923106312911,4.205729165376908,16,1,6,5,11.046883665976551,2,2.9887500654963,No
41,20,Operations,14.631471845068154,6.3561252538580275,19.270449942441267,2.9870538386355068,5,2.7990568523690715,80.77307794446077,1.774495336182155,10,0,9,4,24.598235711954622,3,2.170992460433097,No
28,14,Marketing,0.46524452403207217,0.46524452403207217,9.079785653723448,1.1796756465482405,3,3.705995429666987,40.23545400999243,2.8021489982886707,13,1,4,5,37.73502564954345,1,4.332815092179785,No
29,19,Finance,1.4508412076505015,1.4508412076505015,12.492284780141874,1.2841131520306814,4,3.6093029885911365,54.9004325344915,2.6756741063920426,36,0,9,3,48.424678557855756,1,4.728131021638158,No
27,17,Technology,0.5899198631751627,0.5899198631751627,8.77878709213842,1.5814031232340615,2,3.0665975450548415,80.24261013301356,4.396750546967667,21,1,6,1,50.1483321100375,4,2.663140173414613,Yes
31,15,Sales,8.959408081610755,3.809707183246824,14.007138325493619,1.752971738414796,1,3.3833838047641374,66.85555279254471,2.4960717814104276,38,0,9,1,23.51483901441841,0,3.0285944815904857,Yes
30,19,Finance,5.7176589785895695,2.2456849241227292,12.067196350114516,1.1229706146064815,2,2.8958433573060285,68.49614176355158,3.306876410369148,22,0,8,5,30.93962636508565,1,3.3432892667854497,Yes
42,17,Finance,0.6334960686550097,0.6334960686550097,8.506662850867276,0.7999800668560157,4,3.281305217637403,42.73564216967364,1.9925143007233812,49,0,8,7,48.720570246503996,0,2.317176334963509,No
48,17,Technology,6.26220339065094,2.2184612382488598,10.12689698071258,1.9498389370453975,3,3.3164803172446877,57.2093157545399,3.9869772166459145,9,0,4,6,26.958677238604835,1,3.9623365069925325,No
21,15,Technology,0.5778614900901058,0.5778614900901058,8.231415023703674,0.644510720247561,4,3.4149148144062913,43.760810945600014,4.990329913497691,41,0,10,4,33.20826080524691,4,3.1417818119950116,No
34,19,Finance,3.188370752530441,3.188370752530441,6.354367981656019,0.8263376873150412,2,2.766117994159525,53.4939606639691,3.495779965175622,35,0,11,5,15.871322359171577,5,4.980085836092349,No
40,14,Finance,10.190910996646485,4.922088592444718,19.546258532473463,1.2913322553721436,5,3.1210720135984453,68.50433745888334,4.68499599354685,63,0,8,2,40.99661247055821,0,2.981116916482275,No
36,14,Operations,9.784623531137715,2.4433786654649707,12.746578818613798,1.3407998841878328,2,3.790753808754223,63.79631855912128,1.4214435655242454,15,0,5,2,3.281229458467956,5,3.2774339084293147,Yes
45,16,Sales,6.955339397874887,4.736245070173522,9.85056515172954,1.0701251984843139,5,3.724947348856485,51.28908436094131,1.608626580413156,11,1,6,9,6.256004674514152,0,3.947859632421259,No
33,17,Marketing,8.238560811013144,3.180163775007035,8.432316775574847,1.629784524046163,3,3.4156436940290615,71.98663690702554,2.891215691518269,27,0,7,5,21.126866104717873,3,3.697964541185611,No
40,20,Operations,0.3,0.3,5.979534401471196,0.3227742995112984,4,3.2086119742932397,66.64963559450946,2.384572427482612,6,1,4,8,28.979935186464015,5,3.3027649648119963,No
42,15,Finance,0.45931174717577966,0.45931174717577966,7.447187411607671,1.2052241927325658,3,2.620925172003267,43.54697145389435,1.9169152571271195,38,0,6,4,19.13542998710125,5,3.49660153213372,No
39,16,HR,1.2581002410350406,0.8710607317115194,7.662348125360943,1.4473842708962705,3,3.378628044509119,77.50155888664871,3.4989134090341216,23,0,8,5,21.97139659179442,0,3.403107556184202,No
27,15,Operations,0.3,0.3,12.775417492125039,0.9876377617149962,4,3.581651315072484,34.235788051967035,4.398025765975853,46,1,8,6,32.64813076304662,1,3.1800776799338073,No
44,16,HR,3.186602303902589,3.186602303902589,8.336298965547035,1.5481614164914614,5,3.712945060087369,36.910811883060674,2.2010358939325254,83,0,12,4,57.182527149280205,3,3.429291471891877,No
40,20,Sales,5.836030676038625,5.03593834964273,15.424454612960151,1.1630926039052398,3,1.807805629681082,70.77626998922581,2.1140218548543643,28,0,7,3,29.49936900877057,4,3.034488358613895,Yes
38,15,Technology,11.702685341122969,7.848985434790738,14.388149178605923,2.128760022678387,3,3.5014639938359586,89.8606365291863,4.155727951606747,20,1,7,2,33.63899175610728,1,3.660347145528925,No
39,19,Operations,1.2898110808311138,1.2898110808311138,9.669062936771727,0.9628274818734166,3,3.9589657806708907,68.00504150356838,1.3975672339131064,35,0,7,4,36.66555964300986,5,4.4131442620443435,Yes
42,20,Finance,0.6245466941630478,0.6245466941630478,9.256896534191078,0.6289059463907327,3,3.7834947403546675,42.14369592865407,3.09663763773171,50,1,10,2,49.990458140171924,4,3.866982633636104,No
38,15,Sales,4.357894511094232,4.357894511094232,12.745670641345944,2.445867945232527,4,3.0848996865537823,60.015122146141714,1.666216872962258,70,0,9,4,6.6187347143098245,3,2.4158485870671607,No
47,15,Sales,3.4819342282713177,3.4819342282713177,11.327931293696997,1.4792715294421193,4,2.777874024148432,65.51190157861384,2.495258137005504,29,1,6,5,55.19673328495259,5,3.3594494261284553,Yes
34,20,Operations,3.2997226154885024,0.3183246026225265,9.223465558938324,1.5905685083222207,2,2.8842025749090254,22.348248804507655,2.2986797271951525,32,0,6,4,43.96072678031812,3,3.322053878496689,No
27,15,Marketing,2.061201504281823,2.061201504281823,6.720036843931243,1.1151065930560429,3,3.200369528981397,72.41686468819186,3.399401333365326,28,0,9,4,69.73135333718548,1,2.310334072022122,Yes
30,15,Finance,15.338545016214725,8.855272482206983,24.688674351899966,3.499269670968674,2,3.099080829754245,48.275102437968926,2.5007968904184485,19,1,10,6,30.343131609763898,5,4.208541369272401,No
34,15,Operations,4.072734924703293,2.4734606402883657,8.835567666914068,0.5665126257682273,4,3.1174096260449433,53.64758332873938,4.198358540354339,41,0,10,4,80,0,4.98561994410014,No
42,16,Technology,6.970653430280627,5.63292884619897,8.660965530020828,0.42650150393316155,4,2.6080735981470036,99.71327180152937,3.5821602895694284,27,0,7,2,34.66064089829688,5,4.0056907569956,Yes
29,19,HR,1.9657181357637867,1.9657181357637867,14.44796943822018,2.398620271243829,2,3.581484014606581,67.39587291255394,1.0078480973216024,28,0,5,4,16.946576211888058,2,3.514010265425477,Yes
32,18,Sales,2.3631224521954044,2.3631224521954044,14.528985725206846,2.361172904454111,3,4.570831770279423,88.15269528714589,3.325094768644541,29,1,9,4,24.32467635169126,4,3.608702742474494,No
36,16,Marketing,10.878480015617145,4.817682180322517,20.71621997680324,2.3333420451439135,2,2.714852969706733,97.78027111999074,3.7217936400889498,7,1,6,8,47.86954956612257,4,3.585273810781315,Yes
45,19,Operations,0.322578076712577,0.322578076712577,5.032902276809029,0.5627659146764145,5,3.979548000789725,57.778852756222506,3.992049546528424,46,0,5,4,51.522372735934546,5,3.4873515089176115,No
50,16,HR,6.776665075751271,3.5468565989386955,8.606184051340753,0.6589412255074099,3,1.9094008487474217,36.023614350834215,2.4652594178720757,39,0,8,3,15.129945240169448,3,2.4299581810139608,No
38,15,Marketing,4.968937998093055,3.3672050594713916,11.470892354441075,1.4768064935026954,3,2.9914374628756453,38.735237296071524,3.119143221304185,25,0,7,1,20.67771886102777,0,3.3561445321862284,No
40,13,Operations,9.439610165321485,5.856575068081714,18.012178347973,1.037903230548678,2,4.094332182245036,32.385520862210726,3.710784526203125,35,0,10,1,30.131974395088257,3,4.354258149272627,No
26,17,Operations,1.0792033327051065,0.32578206709410235,6.766333328087891,0.8515020655699828,3,4.166675315379428,46.1170037153398,2.3751650012214505,49,1,8,0,30.1175810302265,0,2.98828085756608,No
28,19,Finance,0.3466821149670749,0.3466821149670749,7.6699857995721565,1.0623409811613134,3,1.8317594594660778,58.44833786194578,2.812660531952701,11,0,6,7,37.496084926573815,5,5,Yes
42,19,Finance,0.48900084345884115,0.48900084345884115,10.813800921268237,1.3409669694252937,4,4.097474234338354,59.159525237821086,4.568209021419055,16,0,5,2,29.9305360320389,3,4.188095287025613,No
41,16,Sales,1.9531389381833537,1.9531389381833537,12.788925446060858,2.3751097307030844,4,2.3368225930891584,70.12639288785753,2.6864328520318836,13,0,5,6,27.071786257376274,3,2.610652018316106,Yes
36,16,Marketing,2.3049944406744944,2.3049944406744944,9.847841974232228,0.9341856483878805,2,3.6069317728787618,63.607585250848665,3.3189413967866366,44,1,10,7,10.616996628411446,4,2.985999861345145,No
34,20,Finance,2.2622517537627025,0.3,7.355004487840541,1.3420505611256892,3,3.5951441009354403,44.151572287332186,3.688837844130061,93,0,14,6,26.80127480547391,2,3.7916228625136785,No
27,18,Technology,3.3333347967006484,3.192882951359286,12.167621950556638,1.4638718107516138,2,4.992104263400568,48.679233373478226,3.1931810698049254,39,0,10,6,72.55999492832845,1,3.2456991182438077,No
34,14,Sales,0.6283396855091512,0.6283396855091512,8.029967743952337,1.6095422472642138,2,3.200242322019681,43.11909221281668,3.9120476962427184,46,1,7,5,29.58051849589545,4,3.372985133219887,No
41,17,Finance,0.4452035298188135,0.4452035298188135,8.825822049998969,1.0813663291783555,3,2.5908440726414264,43.526009984140885,3.5874140452064025,26,0,7,7,31.763944095066055,5,3.89538669329535,No
40,17,Finance,5.582138375865606,5.582138375865606,14.000175474553528,1.1854261292883803,4,3.5082975902545734,42.45421103777065,3.2847385908382147,38,0,8,6,25.856954909949387,1,2.2841304155468687,No
36,15,Operations,4.2892637824726805,4.2892637824726805,8.459491385375882,1.5449365636864667,4,3.816441407960272,62.71774533850862,2.869596289080972,14,1,7,5,11.637932230849577,2,5,No
46,16,Operations,4.1246857032291855,3.5984827186260397,9.661481981767192,0.6493983625565836,2,1.2089981377742842,67.71230263099378,3.387987426339568,29,0,9,3,24.062652605115254,0,3.0225153542524947,Yes
28,17,Operations,1.1450228765827932,1.1450228765827932,9.965119950465324,0.9888878074410193,3,3.6646979327504505,58.9411849067762,4.495057797393814,61,0,11,6,62.32490769722599,3,3.3537483629866505,No
41,18,Technology,5.69838954329726,1.0724122852141766,9.788864633559776,0.8269417246695057,4,3.8748985510885756,75.412065013312,1.625436440494151,55,0,9,4,34.06546331847579,1,3.3657406702693082,No
31,12,Technology,5.608734376839464,5.336629814586666,13.36594596959851,2.573069339393517,2,2.8960777432108364,68.4129285372314,2.806197630201847,40,1,7,6,63.6851032379331,1,3.0359512557532837,No
37,12,Operations,14.848319098353022,6.830877383503104,19.977884344713566,2.130364862175641,3,2.7917233799329884,85.75249120457518,3.516342415153899,42,1,11,5,23.84341828030057,3,2.8356762796935313,No
36,16,Technology,6.217994593639935,0.892185043991138,9.719217681386425,1.6932211052274528,3,3.511974893831654,73.55117682665616,2.927434302085143,42,0,9,6,8.512441504065679,0,3.860821516024204,No
35,15,Sales,4.653161452965692,4.653161452965692,8.62113301241699,1.5025481575351027,3,2.9119647327913163,69.37676313356236,2.9963013958481133,27,0,10,3,30.07330957641586,0,2.9935854211928805,Yes
46,13,Technology,2.529690919255676,2.529690919255676,8.347197706968537,0.7436301432481824,3,3.0952529889533418,66.557672912617,2.7897616759698805,25,1,7,5,16.865556832536672,5,2.4652508119706846,No
33,16,Finance,3.5690821681850875,2.748184987560343,6.282546932781675,0.4913559680783469,3,2.3830983145874747,36.62541248370471,1.8994063934762997,36,1,10,6,28.304981966305967,3,3.282025902101803,No
34,12,Technology,1.4217304014067036,1.4217304014067036,11.094618752156736,1.310510377981873,1,3.1970677566105383,47.01757764839813,3.392648536027624,16,1,7,4,28.93311780254811,1,4.4065523838154474,No
41,15,Technology,9.146155934801788,4.3447982240973495,10.079070345333065,1.4151484868367423,4,4.072186676724392,100,2.70671758016998,36,1,11,9,10.582114492742472,1,2.279197956201645,No
27,16,Technology,6.8163866650336375,0.3012369915583453,18.18896686072696,2.3392857346460056,3,3.011543878179664,44.427053158072795,4.3241286360407765,30,0,9,3,30.95471020781713,1,2.7323848761747853,No
41,20,Sales,0.8110562747889487,0.7978356091152357,8.42816161824627,1.3259934177492143,4,3.8015932050541177,15,3.79564571187206,26,1,7,4,27.733360044996417,3,4.6427359139621265,No
46,14,Sales,9.077225723955548,4.37225283345081,17.82501974499387,1.5680655504348833,4,3.0772047016297353,78.18235908065331,3.30258416228451,28,0,10,4,11.398763773766225,3,3.253725735387126,No
32,13,Marketing,6.468398247719991,4.999523707215256,8.524574959728318,1.4367338606698585,3,3.374337291122324,90.46058735553139,3.072892287637825,34,0,8,2,12.867813412309555,5,1.6945818928942027,No
34,19,Finance,7.20741140617055,1.3361403106194814,9.22492591750935,0.9125438962234331,4,4.691577729587029,41.59799912606699,2.8918893712461315,33,0,10,5,67.09541270748801,5,1.7735124003995368,No
37,16,Technology,1.7395196417412526,1.7395196417412526,10.844728537298666,0.579373045435381,4,3.3944734129600334,37.55488379356785,4.297731973947451,32,1,7,1,8.631550968826204,3,3.5387758462475083,No
35,16,Operations,0.3,0.3,13.377731904954842,0.8960703050703389,3,3.5099998006074973,71.28617971734596,2.292393995178418,44,1,5,4,12.601812629441117,2,2.6165968508668613,No
33,15,Finance,5.3983381334344775,4.497598110356536,14.60727171577732,0.8421964397352059,3,3.187080255553402,93.57607963198251,1.2814136698406364,20,0,4,2,42.65041370231483,2,3.0689883103958078,Yes
37,17,Operations,2.518118896102538,2.518118896102538,7.240421356194881,1.2185128392574252,2,4.210920037976008,50.6584667749439,2.4006851834185685,21,0,7,8,29.18877274643221,5,2.921550298439313,No
26,14,Marketing,0.3,0.3,18.359929342696216,3.228919351920485,5,4.288728114594945,71.84380389873826,2.4806708724089743,51,0,10,7,29.433634196254136,2,3.4399616954172756,No
39,18,Sales,3.123369154821087,0.961876063938748,10.340445172459157,0.5624413400666006,3,4.882539753937645,43.68271006475966,1.5103716345876257,48,0,9,3,6.827764890527149,0,2.5923278473356803,No
32,16,Marketing,3.2260885107686557,3.2260885107686557,9.652950382868928,0.5231789688639736,4,3.583762086941291,59.49727780169404,2.674568515573505,31,0,9,6,22.986498111015518,5,1.6067477814150335,No
34,15,Operations,12.186185551492752,4.396027778933411,12.27860366948724,0.9284751629408288,2,3.4169646759970376,73.66359279707144,4.39906762271105,11,0,7,5,30.815384751927834,4,4.0946127736447515,Yes
29,13,Operations,1.2159633552144504,1.2159633552144504,8.916272645745503,1.0565257815166018,4,2.513260551224427,72.2613880912978,2.5248485705514505,42,0,10,4,10.458173475872703,3,1.5665851118832785,No
24,17,Sales,18.144473431492916,4.79708120359994,24.22531790111498,3.061269670351934,4,2.788655124888607,59.71079011356075,2.594844358109349,17,1,8,2,61.19333382605845,1,4.762850698372748,No
39,14,Sales,1.8189599912263439,1.6914433271018374,7.0091023493681135,0.6482288294120979,4,3.6062930991059474,64.61653906784643,2.2717553474293584,35,0,7,6,14.315475611971387,4,3.888184188917234,No
37,18,Finance,1.1042912773346512,1.0784462922712716,8.289214899584854,0.7049404117360523,3,3.539453346150295,49.00474220860088,3.2824811360361617,16,1,7,2,18.24377603056483,4,2.7518956240068175,No
40,16,Marketing,6.601234285050159,5.760055096163015,8.000541052852672,0.8285983091973756,4,3.619175721775869,88.76537218805798,3.5106336128452185,54,0,10,2,17.976937744550877,3,5,No
23,17,Marketing,4.7919091882767475,3.6359227880113756,14.3052313433925,1.377091648636444,3,3.4551044274553635,54.72343256759226,3.287128005115737,44,1,9,5,20.115836711835264,3,2.3259280953352803,No
32,13,Sales,6.1386146684968175,2.8266084942870786,10.771498148560473,1.2557626678920075,3,4.800077157101564,65.84097700383658,4.591580739354116,29,0,8,4,37.86602734639294,5,2.9771215623679437,No
28,13,Technology,17.395360334624204,6.642950477286348,39.56348330012476,3.529232998855252,4,3.1904134323177917,74.87237067517724,4.5359914737842875,18,1,9,3,48.36970113710333,5,3.7838174553115835,No
44,16,Technology,1.4830548767119331,1.4830548767119331,12.457795862617981,1.2270225924867681,3,4.1494898530372275,53.6021199832251,4.191377269624223,66,0,12,7,11.727556340902664,4,4.542204808614007,No
29,19,Technology,3.2818042997763874,3.2818042997763874,17.30739794000857,1.8330054462588847,3,4.368475143684666,75.68834627593363,3.618901362197743,5,1,5,4,31.582389889940632,3,3.768768822556482,No
36,19,Technology,9.163813033340482,6.2906210766941415,13.377821612121428,2.6242027332049096,4,2.3848119655042845,38.820354835121975,3.2202638400683794,13,1,7,2,51.720291529618756,4,2.1114813559197896,No
40,14,Sales,5.686680145370273,4.50228820472088,10.908217516200061,1.7719016716730973,3,2.396778682073032,41.010500094391716,2.906391576005185,26,1,8,3,31.999577079987436,0,3.371045244861224,No
39,13,Technology,16.248270070492744,3.0083591280063118,15.466879787387642,1.4912975906470447,3,4.494965613668872,86.52240866395331,5,43,0,10,10,54.05102021547006,3,3.962109442927031,No
44,15,Technology,2.3792434679049976,2.3792434679049976,5.401820071066928,0.6044660726079055,2,3.4005746189197135,58.481725321510936,2.1821539399600676,34,0,7,5,16.216736668125147,4,2.637909328840188,Yes
33,15,Marketing,0.9936828084135286,0.9936828084135286,9.665904524525505,0.5065234276038971,4,2.974773187728482,71.68274166458346,3.403004867275886,33,0,8,4,17.355698074701895,0,3.830830688708659,No
23,18,Operations,4.092359711709433,4.092359711709433,13.034907011635113,1.1375605214777416,3,3.3910249785818154,69.27934226782459,1.6950198396384861,20,0,5,1,23.676803696567433,3,3.1336271659794104,Yes
35,20,Finance,5.413353999697366,5.040420169057337,7.542071799060611,0.8858703450060796,3,2.903823353361644,58.821454314839364,3.109452297377508,27,0,7,5,39.23083012468807,3,1.9887108142845888,No
42,18,Finance,7.888841615710909,3.6184847870339736,15.751825773215373,1.0861163257194075,4,1.4997726574005708,47.891455717179355,4.567570390736463,19,1,9,5,74.30215164142975,1,2.414679957587165,No
22,13,Technology,1.1937583292253773,1.1937583292253773,11.181397752670089,1.2410660142911083,3,3.392200644010436,26.436713732745847,3.0840851073331335,7,0,3,3,12.222650328694737,2,3.6312071233227545,No
34,16,Finance,3.4115348520385256,3.4115348520385256,8.810984546944502,1.626509597640858,3,2.6042020891971704,35.269374266789825,3.407350117484837,24,0,7,1,10.38332133994177,2,4.706946955799671,No
39,12,Sales,3.5809492173794144,2.7517335230228857,9.64925956809207,0.9246498604318458,5,3.3944817102581304,39.32899733024287,3.214280451360234,16,1,8,3,22.362325934150327,2,3.626177584216711,No
37,16,Sales,3.1604953737293893,3.1604953737293893,9.34506536748834,0.6284733625575252,4,2.993665567813535,70.69932206322049,3.0185465536624045,41,0,8,3,12.467388063286286,5,2.192877392568162,No
32,15,Technology,8.508137724902419,4.379320366551113,9.027865935472008,0.6878315584844626,5,2.1783063715308537,54.447317649693794,2.491578088862843,53,0,10,3,32.77870346447161,2,4.002720154967261,No
30,13,Sales,7.377285152700129,2.6187171132874014,18.70667858687877,1.202748973865412,4,3.920420004308782,57.45325947516511,3.992812060618685,29,0,5,3,18.137113278911436,5,3.778857602923583,No
31,20,Finance,17.932378317956548,7.918334807702745,22.5073899296023,2.221159326761968,2,2.6909346355374177,40.4538752629305,3.8005075809799065,44,0,13,6,28.97756668088066,1,2.976949619105346,No
26,18,Technology,0.40234761002367747,0.40234761002367747,6.096452901619058,0.4497530723513025,3,3.19850650095676,55.14400443502951,2.8948268792897105,9,0,4,2,6.962943451866437,1,2.5990680882583903,No
29,18,Sales,12.28707294883804,3.010334715562784,14.676348409675926,1.1896531455603092,2,4.51506122751853,57.36572964019668,4.396967564403908,55,0,11,4,33.754582480422975,2,4.076675757309945,No
43,16,Sales,16.000345404155308,4.983421143558913,21.895945093808617,4.278892416387826,4,3.284681050919881,55.750685631693266,3.61608998476938,41,1,12,6,14.364090487905962,4,4.603276376981969,No
33,18,Operations,0.9586779527322453,0.4688949463361888,10.653821376661925,1.0155896005789207,3,3.314290488741775,71.01000891096923,4.196032430648544,17,1,7,4,33.48606621800185,0,2.7070655858235053,No
44,14,Finance,5.5252848000015415,2.682929287306058,14.304513302658394,1.313041471903083,4,3.490129533543442,32.278290838311754,2.784093627919162,26,0,7,3,28.425129896079508,0,2.030941366591866,No
49,19,Sales,4.067009553229467,1.1590798943675262,7.538454723753788,0.8335638624754887,3,3.400550229300626,62.647485076373805,4.101278227325582,42,0,10,4,39.27603301143239,1,2.9669950232905573,No
21,13,HR,8.953783979501695,4.815281766607588,16.077012896995473,3.033738332660818,3,3.772227047300042,61.47946723101297,2.6923027961279895,17,1,5,5,22.438890740425897,2,2.8523899361332354,No
45,13,HR,3.041275552507898,3.041275552507898,10.653462449657143,0.9036508972458278,4,2.592768164404161,64.43228404540295,3.5074611148265804,52,0,8,5,38.50315679502915,4,3.225241373261637,No
41,19,HR,1.878232231303258,1.7812265870394948,8.19514200071483,0.9115486021939657,3,3.001974778762992,83.80199351937571,1.9767910368612476,50,0,9,4,27.249144312391156,2,3.241392713873262,Yes
34,20,Finance,0.35855040037545644,0.35855040037545644,6.614340991197312,0.7025566376380012,4,2.4973321732597453,58.32768335928758,3.5852301342845108,36,0,8,3,14.420582483642452,0,1.9133027275028183,No
34,17,Sales,7.031650863140119,2.6221056820445283,16.338657092767264,2.8353559902004566,4,2.999635792184816,70.92617975312129,2.894966721582162,11,0,7,2,23.047816071519538,0,4.105810987730072,No
43,16,Technology,7.512696944241805,0.32836234668171094,10.466269020075785,1.9334423360864754,3,4.1092493937198915,74.9862657618026,3.407881004278381,53,1,11,5,14.046728970750232,1,2.329715691562619,No
41,20,Technology,3.066806994267333,3.066806994267333,9.267439290514297,0.5463912932051728,2,2.6843577666157734,39.94328478946765,1.4264917670748651,43,0,9,3,66.64498123387172,5,3.916085547410774,Yes
45,17,Sales,5.711023287861803,2.113444334136039,8.523781541710544,0.6633268490115753,2,2.618172034546249,35.476618375471695,3.2917873928762016,30,1,8,5,10.524290487576543,1,3.34373260953722,No
39,17,Technology,1.0015314769145591,1.0015314769145591,11.576225117774028,1.2035089809839792,3,3.696514520011514,45.309690391307484,1.488957072080911,22,0,7,3,15.436637696449457,2,3.1278760223336857,No
34,14,Technology,4.101976656136858,3.6844578900609974,12.514594988738656,0.7250424691912487,4,3.002210904603904,88.7006300919557,4.212489656337702,15,0,5,5,40.15464423396331,4,3.492146692505769,Yes
26,20,HR,2.8139722560941496,2.7377912881356274,11.136899394312483,2.0022882095153234,4,2.8224728189455153,66.29895969736536,2.164198202574441,37,0,9,4,14.412043416778355,3,4.498254921629901,No
21,16,Technology,4.191750084014093,2.94705274699306,10.089550344456391,1.0364794108021784,3,4.220592145106769,61.74538656375763,4.019085597535639,11,0,4,5,56.014100473788815,4,3.7818439525601226,Yes
28,15,Sales,5.446162129584302,1.3310293989035815,9.948349596460288,1.9010579996611716,3,3.4685860093696013,45.41523354031909,3.200110782752764,23,0,6,3,53.001092592227515,4,3.1932705066098497,No
49,17,Technology,2.930800112032871,2.046531290340732,12.725620751607917,2.2031580206665127,3,4.186184923864468,63.634270473153336,1.0124394738907063,18,0,8,5,29.34891657057163,5,3.671770570165435,No
35,18,Marketing,2.4393447227407443,2.4393447227407443,8.926131888094682,1.7099774193756558,5,2.9775849618993075,76.3450605724848,4.485590208715553,12,0,6,6,63.62865979071738,5,3.2580045106571682,Yes
21,12,Sales,4.566789278888709,4.566789278888709,10.370685769437316,0.6923244253848746,2,3.5030514989534765,68.5238258134495,3.7917966984337115,23,1,7,6,45.763756146113785,1,4.8591590602195955,No
40,16,Finance,6.885632689324983,2.3389802849190824,10.884555986310177,0.9826396442987382,3,3.090771127067619,45.64248307216827,3.8054383528689115,43,0,9,4,10.23346626613375,4,4.27542329707302,No
45,19,Sales,0.6286222990892728,0.6286222990892728,5.618807040257703,0.37221002123689106,4,3.460929439169237,99.10885347609398,3.221227651973516,38,1,8,3,14.063688177434978,2,4.001844155642349,No
36,15,Technology,15.414863226363456,6.466065330739859,17.110889980838408,3.375137046771219,4,3.104411458311632,76.41749468285835,3.113584686603272,39,0,12,7,58.08032489360855,3,3.481944180831499,No
48,17,Technology,2.748794639497103,1.2089865130619828,7.62619195498784,0.8310647571730939,4,3.2858415846120916,41.5569495123675,2.9031488768649525,22,1,5,8,10.583227375272637,2,4.999698391746029,No
33,20,Technology,0.32597104297800156,0.32597104297800156,7.0200479336688675,1.3056229662477536,2,2.877793323200367,57.201493764669316,2.921766599923132,23,0,6,7,40.13111630485543,4,3.5955145056643443,Yes
46,16,Technology,1.9329746101102352,1.9329746101102352,12.336635389028919,1.1032314153382727,3,4.201421265958945,54.48414960638954,2.900461286538383,24,0,5,5,11.483886207211201,5,4.991417621321759,No
36,14,Operations,1.339364002033173,0.3,8.0028154388146,0.8583734712340106,2,2.9308749073827243,77.96059427748423,3.5755699206546967,46,1,6,4,17.09077466351359,1,2.476604897335324,No
50,16,Technology,1.8540777879298111,1.8540777879298111,9.935893227522866,1.6404147535325944,3,2.2807548347775755,48.470898998354,3.1787788426328043,43,1,9,4,22.265559174741917,1,4.777367631581974,No
57,16,Operations,4.9909789111808935,4.9909789111808935,8.789226691610821,1.3354310775948148,5,3.714320893432686,63.77646007646132,3.492258912511378,31,1,8,4,40.18290244281235,4,2.5094934654071324,No
33,19,Marketing,11.23587945066767,7.09103744199121,21.568695110823878,1.6747600944758092,4,3.8141704575251625,70.55223838273209,3.50572689061967,45,0,10,1,13.948633528015575,3,2.493725369031716,No
32,13,Technology,3.726441880533895,3.726441880533895,11.104145567319316,1.6742986759710317,3,3.2017526744155838,76.27083224028155,3.020726138480235,13,1,6,2,43.60299364982633,5,4.233448736741714,Yes
26,14,HR,4.129595349965843,4.129595349965843,10.858083313105013,1.4098958163055688,3,3.88925720576428,62.02218245060176,4.1227566291042175,21,0,3,1,34.17220121237518,4,5,No
21,20,Technology,2.326646385346726,1.1371033973495999,9.705737708262053,1.735497691717933,4,2.5037417008378506,44.34690746098711,4.103261010139341,7,1,2,11,25.514301231077077,3,3.962014120967947,No
39,19,Sales,11.906670186178424,4.829461487606968,15.702528091840907,1.5945785015911542,4,1.9100217088146292,59.3504463309504,1.985832921594179,47,1,12,3,5.331453197135411,0,3.279632054515245,No
46,14,Marketing,2.625892143031957,1.2852337456873308,12.261531619107764,1.8726506724095786,3,3.882914075988829,57.085990766725516,3.070620878973863,18,0,8,4,17.98424034347372,4,4.181512479059773,No
34,14,Sales,3.7086803363115006,3.3835437751563657,7.034778807111471,1.0623503463983108,2,4.17273340777804,56.78061288019606,2.5023850033288686,24,0,9,7,54.67219553318799,4,4.678509877415591,Yes
45,16,Operations,7.3073280655561845,5.1083032638673345,12.264914231874368,1.4577648724506314,3,1.806905130671392,69.008025938589,1.882007348100423,14,1,5,4,35.83511463522723,5,3.5179050356078583,Yes
26,16,Sales,2.906145510745122,2.906145510745122,8.716664398451371,0.6961317284932822,3,4.887645046414599,47.67515334294375,1.8980333772162283,34,1,12,3,34.214616043975454,5,2.290716650080949,No
37,16,Operations,6.88077826625302,3.253275706074428,14.595344940677764,1.9040742002288344,4,3.2151333847814496,81.89982818171615,3.9774465897876476,20,1,7,3,38.34454185558393,4,1.7326222597836836,Yes
37,13,Sales,0.6799304325245876,0.6799304325245876,12.220070927621178,1.2034808695405574,4,3.9146997111011954,55.63049239010879,2.3947831568372866,30,0,7,3,51.53791999643599,5,2.563692465082675,No
33,17,Finance,1.2558450262086422,1.2558450262086422,9.956587701880723,1.0750085287612607,4,4.494975674314573,22.998572655265388,2.892351190434476,31,1,7,8,12.670057179695632,2,4.21859570778567,No
46,17,Sales,2.4823021220377557,2.4823021220377557,11.770635791725196,2.2261579328083254,3,2.5126558987820027,65.66076305330385,1.688996570497506,36,0,5,1,35.64786549981033,1,3.6851458521793394,Yes
29,15,Sales,1.7852529301037496,1.7852529301037496,5.290583976619676,0.6419141328177743,3,2.6898253036942603,43.50791532577968,2.508148059403334,20,0,5,1,17.980319949666313,2,4.065345778924949,No
33,17,Technology,7.727201427926513,3.9817829940898455,8.941253070534064,1.4165679507594846,4,2.3890101259734466,28.488602256190994,2.323307877931406,71,0,16,3,21.97079996646504,0,2.138442446640016,No
25,16,Technology,0.9873043901418004,0.9873043901418004,6.97281685741939,0.622216870675527,2,3.9074217215964007,44.40802737113024,3.7847195539813616,14,0,6,4,48.962911081897914,2,4.918563580580599,No
34,18,Finance,12.366658244003363,6.14036920518431,20.303477885693432,2.4132345555831205,3,3.6962000149479475,56.787685541313515,2.9036667761532438,21,0,8,5,7.516666543240777,2,3.4394115836517094,No
21,18,Technology,6.356332561059306,1.6440419081205442,13.29866383561771,1.7777733362468795,4,3.532780825333419,54.05089905894944,3.280114496592656,22,1,8,10,13.208793531808716,4,4.999179239172948,No
36,15,Sales,3.701749720202189,0.3,10.486691407773192,1.9586184883878133,4,3.2870841947678935,81.93111946250296,3.0912302536013234,67,0,13,7,11.863657143482063,3,2.2963776113874843,No
29,15,Finance,0.9345347254659628,0.9345347254659628,11.011971574403136,2.072343200436693,4,3.7254897447048707,57.61219452208501,3.702613437459879,32,0,9,3,32.88910908714815,5,4.2134458541773405,No
24,13,Technology,9.341223223844944,4.454335768667495,12.89977890726615,2.1158256722545814,2,4.203666381079862,72.78124678923257,3.675364270189212,30,0,11,5,38.00518574490519,2,3.803430977418575,Yes
37,17,Sales,1.5469712586061597,0.9297649013610269,9.670788836841046,1.6305521059801256,1,3.0773182371764762,95.01176009459924,2.2957282471219806,24,1,7,1,35.90392458730858,4,4.187464522391854,Yes
51,18,Sales,9.57337646114732,0.8221743425660403,14.491819316979766,1.8655087904375134,5,3.5975647998233056,53.538303810320656,2.7749961437616113,26,0,7,4,12.074328320197495,3,2.629588694621675,No
39,14,Operations,7.621207814802724,5.309167863344814,8.730879386228118,0.6146836527139597,3,3.800387027402273,23.358115568707433,3.2883339011384014,16,0,5,4,22.880281394832945,4,3.650415833857304,No
32,17,Sales,12.331869828816043,3.271038173245742,23.05962478668996,2.290687774078714,4,2.901572305691266,50.471468997091804,3.8125560806528345,36,0,11,1,13.13679669010992,5,2.8705942604965875,No
21,17,HR,2.9119366777557407,2.659218830588903,16.783068000004178,2.9355540286897903,4,3.684965843712709,48.73126522780276,2.097792497572331,24,0,6,5,29.024626518928045,5,2.2020034544410207,No
33,15,HR,2.2635985769370692,2.0151594752308504,7.82150115101334,0.561718878092731,4,2.933296343435271,23.126219739356355,3.2015636902732227,13,0,7,8,54.07103142456535,0,3.310825975777782,No
35,16,Finance,0.3,0.3,7.661186488777155,0.5562296293427237,4,3.00100530474381,39.68096028020924,3.4829342665889134,14,0,5,3,80,3,3.227911524937501,No
40,18,Technology,0.3,0.3,9.32669576147699,0.6224051046195167,4,3.590379010323784,35.61596146433334,3.475887887038593,7,0,7,7,8.269410009411514,4,1.4701978510988143,No
38,13,Marketing,13.03507024056601,6.2958809316882105,18.339759171990362,2.063285408222199,4,3.8290945802478626,69.65370864819641,2.9193068811255642,26,0,10,3,32.495612397323804,2,2.725420445115391,No
28,15,Finance,3.4963675018426192,1.97619627778933,10.97648325470627,1.6036925277314118,2,4.486710624407415,75.01831245319103,2.2918767242533105,11,0,5,4,20.034736270490903,0,2.8927770510685056,No
36,14,Technology,5.521145537520524,3.42771715478496,11.11834195134346,1.9681754896080232,3,2.485061811933458,76.93020961981766,3.5797158507366507,23,1,6,4,37.70274634677698,5,3.308795438898429,Yes
22,19,Technology,12.124687025203674,4.564005722779708,22.781149504310687,1.2670270675059663,5,2.283230313412155,47.56031247048714,3.5914957612006444,58,0,11,1,26.457211632796607,2,2.871769863906108,No
38,14,Technology,1.562746750452609,1.562746750452609,8.572352420890686,1.5023890069956378,4,1.9945597610128498,84.29654369606783,4.036410554562819,31,0,7,6,33.16850862833712,4,3.250654814522118,Yes
34,17,Sales,25,7.594722199391436,22.17104550927795,2.2425668064244033,2,3.1876374927879034,44.379471065535675,2.204389283496234,35,0,12,5,25.969912538101397,1,3.764436742479187,No
33,18,Operations,0.7116845681146259,0.7116845681146259,8.535184973127171,1.661546614968523,4,3.7129251384362796,45.950558405513796,1.0929494143414193,60,1,11,6,37.71112943961497,0,4.979372885088606,No
41,19,HR,4.152130925043824,4.152130925043824,12.017827426452563,1.6784367463844394,4,3.999705414037634,64.49669714829756,2.19884281681501,16,0,9,3,32.68930009633471,2,4.269733604780351,No
28,16,Marketing,1.5859449788845896,1.5859449788845896,6.996842610627695,1.08752652765202,3,3.6714866548300535,89.14117757147498,2.5085229876661184,24,1,7,5,26.913134330647015,3,2.041104852484979,Yes
28,16,Technology,2.984830837437502,2.984830837437502,10.04558480030436,0.6896979811504695,3,2.582146197208586,60.68742681850793,1.2847236038996552,34,0,6,6,28.581250077490797,2,2.7805814331813297,Yes
37,16,Marketing,1.136285626109845,0.9672656160647246,8.31493994027229,0.42481615826530567,3,4.292039711480529,56.700958569527195,3.0120011647796217,37,0,9,7,20.362663664184165,3,3.753385721348906,No
45,15,Marketing,4.788344094674133,2.040608485131569,12.399855759099792,2.085653108172714,4,3.4142900134882757,58.5665562361657,3.4882594221086136,41,0,8,5,16.468405720953264,4,1.9985585292047823,No
40,18,Operations,4.283678924958703,3.2306246866190853,8.671924493479178,0.7545380652514643,4,3.587261696281538,65.13453588534529,3.679937223535353,47,0,11,5,54.28722436852953,2,3.197564172294538,No
35,12,Technology,6.380485725451621,1.0076038336616322,15.897791479727944,1.1260112490139904,2,3.6108847488469147,85.12553491074709,2.7647253964221155,27,0,10,8,33.52444196036923,2,3.5735015167017266,Yes
30,14,Sales,7.349622133603089,1.308220255118355,9.374310468234912,0.5841057611640286,2,2.603667652767027,62.98071250281263,2.8782241420868186,61,1,12,4,26.390196145151812,4,3.554745134662172,No
40,16,Marketing,2.5324718127622416,2.5324718127622416,8.482774681128259,1.0314693167761773,4,3.785884186418193,94.04381881459364,3.029996584434244,33,0,6,4,13.836153117941407,5,4.043816395223243,Yes
36,18,Marketing,6.78267042296742,6.78267042296742,10.436754867514432,0.6848293046814898,4,3.4359956421222004,56.34232674642979,3.3518391104072927,48,0,7,5,36.06592829077159,3,3.749636439481517,No
47,16,Technology,7.639593281399688,7.639593281399688,15.671542254578254,2.811545788562892,4,3.2915082107463167,40.92318199146,3.2043151078940593,44,0,7,6,26.963606736999637,4,3.3706481601636495,No
40,12,Finance,15.102936700770409,3.430916514760263,27.1228999128461,3.6343557973915654,4,4.199626224954139,58.100468968321806,2.679419294005577,45,0,11,2,16.58553346687828,3,4.215063526103532,No
47,17,Finance,0.6095706008358283,0.6095706008358283,7.938808616593232,1.32577171156282,2,4.008304581125259,48.99400742200775,3.6070296940824402,29,0,6,2,13.660680234675016,4,4.34461420590664,Yes
21,18,Marketing,1.1390896513186055,1.1390896513186055,7.129298372517726,0.6883645751934437,2,2.9222286059678124,60.45240474451799,3.4182814634833862,11,0,6,2,4.550273153992916,4,2.7525355859213594,Yes
43,13,Operations,0.3032820856087304,0.3032820856087304,7.194568880668108,0.7876550268531318,4,2.319262329091075,69.81675517959488,1.9202760343273833,52,0,11,8,64.96334110495341,5,4.062720648254337,Yes
29,15,Finance,3.0227419828452673,3.0227419828452673,9.761588928449669,0.5009100975674776,4,4.9101494792800775,41.61139533566339,3.9009926840002542,39,0,10,4,34.921429535749155,4,2.848070725729645,No
21,16,Sales,3.5805344970227164,3.5805344970227164,10.685907198397862,1.727030035592508,3,3.096355068512388,91.57328179403947,3.8902358288297827,41,1,6,5,59.3252517710624,1,4.497143729082877,Yes
33,13,Marketing,3.5636991320710516,0.4113491915797244,13.284004709231553,1.6924214211880027,4,4.113635947914786,45.63272725098339,4.087978952570342,32,0,7,1,29.644057039531692,0,2.80909067372715,No
30,17,Finance,4.126205551653781,3.163646295596137,11.174175573873622,1.4348770098625263,5,3.283685625396592,53.347627676678016,1.6088965547842986,10,0,6,9,57.13497772044586,1,2.7638613378587964,Yes
26,20,Sales,1.993973998932093,1.993973998932093,8.323250357790775,0.7993404192895657,3,3.110473198870689,48.952264075918045,3.19931224373816,47,0,8,6,52.632216523356156,5,2.6368301784146313,No
36,15,Sales,4.136504168588376,4.136504168588376,10.711963689386405,1.930871097287643,3,3.911462833922757,57.980260003316495,3.6889386669224957,69,0,11,3,38.18379762625319,3,4.16462735081917,No
31,13,Operations,7.441781388730363,7.441781388730363,9.087751724812305,1.139224742215489,4,4.411854864944073,73.3411092423378,3.3822656545145646,56,1,10,8,30.992766737323592,1,1.6700529004039588,No
55,16,Technology,24.209269068690038,5.143441070209318,30.42173750316556,2.795065114234125,3,4.046405674110543,74.70522404825192,2.3073659777539506,44,0,12,5,39.9134427601361,4,3.3839725549655406,No
31,16,HR,0.7309643962905213,0.3,7.556115295820185,0.45652471581421616,3,1.8789375302359324,82.92840600218028,3.4032016437762374,14,0,4,2,7.652190077140127,0,3.5932089730326644,No
38,19,Sales,8.600102694395916,4.955355933796658,11.241123041478374,0.8359211931652993,4,1.9051451530431875,18.090841721745427,2.3113992257602916,29,0,7,5,15.13511477475733,3,1.5366848381011295,No
34,17,HR,8.061472902314746,5.561741022523728,21.45975468084975,1.227481825817008,4,2.7834675715585355,61.36075616543403,4.794109132439177,16,0,8,6,13.915711533305858,3,3.7238893447214734,No
41,18,HR,11.096837744590985,3.9158598814109813,12.17482337235853,1.6342223350250742,3,3.400203687493125,51.28535702455481,3.309652699852371,34,0,10,5,45.124975558414775,4,2.1878772104223465,No
35,19,Sales,0.5739510489690038,0.5739510489690038,11.000433778397579,2.1522909630410774,5,3.899077954072428,69.43846712360968,3.7977863842604016,52,0,10,2,17.932865323456372,2,4.037073693387956,No
46,16,HR,0.3,0.3,6.913427158632646,0.7843833864344889,4,3.8157487148227167,66.76675203193888,1.824587491694212,33,0,7,5,16.58422256642115,4,3.1017677235236283,No
30,18,Sales,3.7111001859780757,3.7111001859780757,10.602141932220427,1.3386969718771111,3,2.9757511659917504,60.431134434238075,3.0149354214925497,26,0,4,11,27.490646284242533,5,3.1105331680119823,No
31,15,Technology,11.983908733561952,1.6192514349701597,20.092573138586836,3.7902693776426064,2,3.217474918343669,32.318429774100196,3.298197599565076,32,1,9,4,10.323058500383524,4,3.4693086853756787,No
32,15,Operations,7.163591157534091,4.895359067921373,12.16192915155034,1.2084268646845766,4,3.686513818683445,40.068021258885445,2.2022837449590447,25,0,8,4,32.180638082527814,5,3.233927487425083,No
40,16,Technology,2.1901893210375967,2.1901893210375967,8.118593903817555,1.1151153504395626,4,4.99385444963839,28.756916185843075,2.8994416269916528,10,0,4,2,44.92201595433463,2,2.966863790839752,No
35,15,Technology,3.107647177192562,0.5649121682242111,8.59335970727791,1.5983918296834054,3,2.8910352136759885,78.96316016367663,3.1110452774690334,38,0,7,4,28.292904300759794,4,2.7438445276520365,Yes
44,14,Finance,10.1097147211481,4.806823250729742,13.958588666952792,2.224876686534344,5,3.5014012052485626,68.70577328984358,4.8270761216703955,34,0,6,5,16.888694553749215,3,3.402221991118487,No
37,14,Technology,4.677162018411219,4.677162018411219,7.871156534723173,1.2728898957353836,3,4.012859311869229,64.06516001275166,3.699135543631797,32,0,7,5,29.37737365380671,3,3.5831954879419405,No
31,15,Technology,2.8303208031578015,2.8226564280122073,11.025752420385498,2.1152562015011465,5,2.71092901393513,69.8962441663779,3.090659984215354,12,0,5,6,26.0611072768858,4,3.5261024435203265,No
43,17,Operations,0.3,0.3,7.418714823318026,1.2856600726482383,3,3.8904906994864605,63.55788258387097,1.51868233367264,36,0,5,4,31.16612215512224,2,3.4610775953630273,Yes
35,16,Sales,0.3,0.3,6.25920643282249,0.7888539157628598,2,3.4972729629969037,49.55657805442145,1.3169136404804596,9,0,6,6,19.782489002246557,5,3.8885004952261815,Yes
28,19,Operations,6.930174831819254,3.4421319610774495,11.439192418373116,0.7759414640515134,4,2.782188813591878,56.969347145836345,3.2895877295152975,15,0,5,1,22.012592500350802,1,2.9745557600254338,No
44,15,Finance,9.054466576197843,6.806475101364037,13.316643037146765,1.884398994441968,5,4.2939614629014695,53.965815745438384,3.1038617595851723,27,0,7,7,17.35969499087647,1,2.7508467031140116,No
25,14,Finance,0.9957126140488858,0.9957126140488858,15.32111429808135,1.1259965593126946,2,4.97360571031093,91.52722016745159,3.8893539605972047,29,0,7,6,11.145965978261207,1,4.31931730552296,No
45,16,Operations,4.238285763873939,1.789011099869538,9.715090617725087,0.5678610558843333,2,4.297299306133739,61.95251169005619,2.4961883533257576,24,0,7,3,46.90968646601489,1,3.5167644696993694,Yes
35,17,Operations,3.7128356086085805,2.5443977599215657,10.333445174601456,1.2149935404397576,4,3.894835957539092,16.36336692607372,4.2801790548405005,35,0,8,3,36.97572686831476,1,3.9859464685936628,No
25,16,Sales,15.974745574360304,4.891644260907603,19.59217541567481,1.214632921614602,3,4.026103636540288,84.52130854011729,3.876206736481393,13,0,9,5,64.57366476187225,4,2.9851040976820236,Yes
43,19,Finance,3.669273728052073,2.8288651957581594,11.682196971813427,1.8797637228808002,3,2.520711144415042,45.784009563351546,2.9082923420868045,30,0,9,6,7.518590039583781,5,2.709044846541557,No
21,19,Marketing,12.973265366106583,7.986827498832283,25.27805904578042,3.9220117123115803,4,4.111918576455594,56.74252201572924,3.403650428549891,94,0,17,4,21.01654278352084,2,2.641029657845883,No
33,17,HR,0.3,0.3,10.654003787210184,1.0308062117031214,2,4.684649435880733,37.69040734068704,3.3789857852759977,42,0,6,2,19.07369788005305,5,3.0478227348576854,No
31,17,HR,15.551402736655593,6.53983394376038,17.236410108657754,1.4708999309366007,3,3.0856748590194836,41.103443322396316,2.283079644298839,57,0,15,5,13.833947776469152,2,4.348691203033763,No
24,19,Sales,0.7520113966484245,0.3350888550761376,11.584046227277968,1.466439427851154,5,4.121485611700322,78.78870142103078,3.686558561210427,15,0,4,6,18.227256828664043,3,3.6370559115561734,No
32,16,HR,0.7662951050548861,0.7662951050548861,9.769108865392155,1.3577989339369365,3,2.9807609995817903,56.36511421767792,3.5953598675613097,30,0,4,6,26.87855855965195,0,3.588583135972877,No
35,16,Operations,4.481182516373897,4.481182516373897,9.420846621415738,1.1151413988556875,2,3.1921285006744022,60.08954826408292,3.2918171642634526,50,0,10,3,38.46308504748723,1,3.096843648662739,No
21,13,Operations,2.046935771490974,2.046935771490974,12.163763732667569,1.37576892815282,5,3.093785458356494,41.13393827505101,2.9693074919179905,43,0,9,4,24.887656131208995,4,2.6270528231139947,No
35,17,HR,13.240402083556368,8.098489898305381,12.491410588151531,2.2801061826969145,4,4.611576265307634,54.10801323804,4.591865505496194,26,1,7,6,33.829623094285175,1,3.0694474864977432,No
29,17,Technology,1.070639953104121,1.070639953104121,12.354123252215501,0.7081828914083074,3,4.0979614864895835,68.49728439844762,3.01584663382544,10,1,6,7,31.7780655707096,1,3.836661932159171,No
29,18,Sales,0.3,0.3,9.06740693952686,1.7459373170869508,5,3.6036533595116733,64.81389582972095,3.3084566846782795,10,1,7,5,11.62980699013869,2,3.976871934218259,No
30,17,Technology,3.007620850387145,3.007620850387145,12.643933747690951,2.131820230022979,3,2.9044245526338535,52.59271126958349,1.970006950947295,34,0,5,5,33.83406040509975,0,3.727715207463364,No
49,17,Sales,2.8741506808790294,2.8741506808790294,13.823334741383524,1.83695118337484,3,3.8039664200381815,58.98486811375739,3.112479760274584,29,1,6,3,40.88150487213338,2,3.2938949316600037,No
30,17,Technology,2.504794266539273,0.5380904584920102,8.635232130695783,1.1495499227338668,3,3.1048368616616564,34.085031812211156,3.125150326909677,15,0,8,5,37.90280771493157,5,4.0452372330818305,Yes
33,16,Marketing,3.6535814870304844,3.6535814870304844,10.519018130331219,0.6730551000668933,5,4.8919890063844855,70.92540827668905,2.9050258447160635,46,0,10,4,40.56247067323868,0,2.3932724927020486,No
39,17,Sales,3.959710130864173,3.073751708563147,9.382812574907016,1.678130275827049,3,3.710398620039577,67.43617546796966,4.5933959299857845,47,0,8,6,64.30827970062501,3,3.0861702830017337,No
39,17,Technology,1.241406899078871,1.241406899078871,8.998676372582088,1.6745012040820506,2,4.204276804772308,45.00633622004073,3.6227868042246585,14,0,3,2,15.626968859592067,3,2.697366267714866,No
39,15,Marketing,5.419799912150209,5.419799912150209,17.119260064123008,1.3599816946419363,3,1.814276944672875,55.83101820330805,3.398017821255613,25,0,6,2,34.518332386144905,0,3.016303874317094,No
24,17,Operations,5.420413296340581,5.420413296340581,9.41956360672016,1.6418809692490304,2,2.815718703272338,48.15068580515582,3.7867330973224678,22,0,8,2,37.32649881169855,4,1.9820504341562317,No
51,16,Operations,3.5746418429082483,3.14730965347753,6.398480260884236,1.0941041710243917,4,4.17050554817869,48.9969296051664,2.9769117219707666,82,1,14,4,9.506280168764606,4,3.9369684712565185,No
42,12,Sales,1.0880670722480172,1.0880670722480172,8.7722888927918,0.8847362180986069,4,3.8969048802695094,62.80338316894794,2.783358137638337,36,1,5,2,35.802122091305876,0,3.3357756625760784,No
37,18,Marketing,6.645130179241971,4.084176434160476,20.152030412943684,1.7140197442264273,3,3.516387123223893,68.12102954022987,2.7982845593277816,13,0,6,5,20.153029214292783,2,3.377364187832928,No
38,14,Finance,3.131224759403188,2.6838971887330962,6.752911635445781,1.2845758208761335,2,2.699007695283045,59.80203101531224,3.507309520384469,52,0,11,6,14.561038034760909,3,3.3398241218106617,No
54,16,Marketing,7.905895383271,3.6602724059238114,12.407519491025566,2.4001489782824783,3,4.482836057618351,57.52869861873835,3.84375181701514,58,1,10,2,13.62854779961211,5,3.4958194483903933,No
37,15,HR,6.103665832874545,3.330040155492919,9.387437090722004,1.548465191765974,1,5,71.17687586843395,2.4073373914118124,36,0,8,1,20.966123854599083,4,2.340962898254523,No
32,16,HR,3.1785921841512104,2.964766231924898,9.296253103581005,1.7814921685007044,4,3.1979438592368634,65.15436708317466,2.5007963598875915,15,0,7,5,26.11220407409607,5,2.524207106205039,No
40,12,Finance,1.5310443345320948,1.5310443345320948,10.561448075327375,1.9295143535320465,4,4.41708835834783,52.61068113714017,3.8204093025262904,37,0,7,7,32.26000032931778,3,4.317430952300559,No
48,14,Marketing,0.5602574067792931,0.5602574067792931,6.7285684797498835,0.7830290774802042,3,2.0832145620806966,44.464514617728824,1.870253014506066,11,1,8,5,80,5,4.533430821208818,Yes
34,15,HR,9.371814431593851,3.0436319883567826,12.634966327327636,2.4751157805312203,3,2.690901361996921,84.90748714909996,2.2499458300736888,36,0,12,1,80,3,2.1515929622557404,Yes
26,12,Technology,2.8045142072185523,2.8045142072185523,9.65370435914784,0.8979122071755773,4,2.3055785713125605,67.74822598569088,2.2836375171436356,44,1,9,2,50.79910243815198,5,4.16175155624015,No
31,17,Operations,2.3579698757425205,2.3579698757425205,8.069238435123328,1.272749680479636,4,2.5272125921070585,97.92688159769578,2.9153187375475764,17,0,7,3,22.85112438775762,3,3.237634334238922,Yes
21,16,HR,4.282715305750382,2.019646631519108,8.958272611150994,1.6467361560933202,5,3.100318828583326,80.70686085275676,3.8243705807564132,15,1,5,3,25.610199115710618,3,4.748472918942353,No
35,16,Marketing,1.042396304345939,1.042396304345939,7.562490526135602,1.3895614011671475,2,4.427521913342003,35.42822065114556,3.377120597257552,31,1,8,5,76.83717363890594,3,2.57177281823492,No
25,16,Technology,0.3,0.3,7.025843735802443,0.5706763171102857,4,4.100055625014205,60.0604676628249,2.704962232803176,37,0,7,4,44.88420519640392,2,3.401002393043811,Yes
23,16,Marketing,4.004633805237259,0.33711118470984996,8.598121725075568,1.5519899601749507,4,4.298394866380347,49.8171149368384,2.7920198473274613,43,1,9,1,19.12697178610643,2,4.4200955411511265,No
39,17,Marketing,7.112313466289084,7.112313466289084,16.28523439077948,2.0331300172831197,3,3.3968259393169107,83.10245872257954,4.032427094190198,25,0,5,2,13.293640718489536,3,4.241548940756114,Yes
28,17,HR,0.3,0.3,7.070035566441298,0.8373762829227818,2,2.9332659481356074,30.80808717041388,2.818833637910498,31,0,8,3,16.590854248416598,3,2.377551965389366,No
33,20,Technology,1.0475067945363634,0.30076701092452934,8.535768063265241,0.7084847240634611,3,3.2830211329859176,51.052659372947524,3.1526888281662377,31,0,8,5,27.988468284333248,4,2.7429358949426574,No
43,15,Technology,9.673308822638942,8.676079355800814,12.97324115339525,1.2693243707747424,2,4.129535947164062,85.72906329342733,3.5943591856500543,16,0,6,3,33.92610174221131,5,4.433487860312553,Yes
49,13,Operations,5.315246270409922,2.455267204430849,11.147684281569829,1.604384162729858,4,3.5085060436636866,36.394076984587215,2.703393972101654,17,0,5,4,26.085050066080047,4,2.822796139011658,No
30,19,Sales,3.2544320769741897,1.955944476537181,8.962206764606469,1.194550711552644,4,3.737876011686035,48.94381018808012,2.4068872690406127,26,1,9,10,7.971528697005106,2,2.7623445090414753,No
44,15,Sales,10.394377718753436,3.47760762216227,17.51810026521233,3.297281805684277,3,2.017997704263708,65.96372199583267,3.565738385076464,27,0,7,4,16.062095970792363,0,4.112148215668883,Yes
28,17,Operations,1.5101266522439938,1.5101266522439938,7.801891477217423,0.5906132869027608,4,4.038063304931039,80.51779282276385,2.4130070677493527,59,0,11,2,23.498988953972738,2,1.9511229884076304,No
25,16,Marketing,5.664783420535036,0.8899044346202049,14.251048229531044,1.2915942687466944,5,2.685225743804751,45.69592169600207,4.720161848475468,18,0,4,4,79.6776994273947,0,2.356245003780505,No
48,14,Sales,1.0174813409944057,0.3,8.26078997148272,1.2403812705221402,4,2.502690172328783,57.61367053035961,2.6949181562812288,26,0,8,1,16.716594748194186,5,2.4753743479016497,No
21,13,Technology,3.641565035922332,3.641565035922332,12.033968621098415,0.7739862952198893,3,2.778055066264963,54.91950130996724,3.2989163861205943,38,0,7,2,23.29657496366545,3,4.50432744495092,Yes
28,14,Technology,7.0171129949592945,4.452035733302056,8.58279909349286,0.8939025366358213,4,3.118390320016942,55.9498454895105,3.4985715366819665,37,1,8,7,19.800291152862417,3,3.517133810149397,No
21,20,Operations,3.966807032037793,3.966807032037793,11.756072287645267,0.6145482482417478,5,3.9872963420975975,31.595273845186522,2.999966523445027,17,0,5,8,15.156001185114546,2,1.5776847559333007,No
36,15,Operations,11.956354963858995,6.1634853541217485,15.270394428346867,1.010076107496188,4,2.8247852679257472,69.89149929792096,3.125346522079782,42,0,11,3,23.38704984235837,4,3.2691494651185513,No
28,17,Marketing,4.5465705348292635,2.8380441296536243,11.800896203472956,2.3149145263566657,5,3.0913963387631327,84.98012909442782,2.8238349903370876,49,0,12,4,44.62746808231422,1,4.055787468966479,No
42,15,Operations,0.3187691322943321,0.3,11.31712244397084,1.8901163063632085,2,4.895521853859175,80.02646474203769,2.1270641058011996,18,0,7,4,30.652882112215174,0,3.4285071669732545,Yes
41,16,Technology,0.5525711744069907,0.5525711744069907,7.898748047608783,0.7553192674687301,3,4.0729098924680915,74.07728198044842,3.5848043834608294,34,0,5,5,68.61499098107245,4,3.9498497997495265,Yes
35,12,Operations,1.4395976692823025,1.4395976692823025,6.285963843348024,0.9957302570028196,2,3.70951558813429,74.93487065683104,4.220621852640416,41,1,8,6,16.57160239325138,0,3.3667717313884458,No
36,16,Operations,13.369435313284205,3.6546279404295228,15.050218408676985,1.7186772471890546,3,3.1889264136786517,84.80513810112875,2.6983379348889565,18,0,7,6,62.781778256511565,3,1.6075855601673632,Yes
29,17,Technology,1.9945168615044961,1.9945168615044961,6.833449468889239,1.0287089192508863,4,1.8049503867331695,15,2.3013621830502284,23,0,6,3,43.671117572615636,5,4.209995160425741,No
33,19,Technology,1.9683651808568055,1.9683651808568055,12.928646412559694,0.9326621170129173,4,3.705266740718081,58.638464090486465,2.192482135864443,19,0,8,6,40.52954038607365,0,4.051648740591621,Yes
27,16,Sales,2.4502878680976847,2.4502878680976847,11.460847594611383,1.4476229412469346,4,4.621461652875106,55.23354637868797,5,39,0,10,9,39.51554227941925,5,4.4265604364301225,No
51,17,Sales,1.5716813211543954,0.3,6.661356969972032,0.6936976699276541,4,2.588523629186694,26.04962669384762,2.6686377284381564,22,1,8,5,43.96911293103478,1,1.502802018191624,No
42,18,Marketing,1.0588844308295595,1.0588844308295595,6.89675974331034,0.4647753718010488,3,3.372515246178959,84.90071163843136,3.2171962188220493,22,1,7,4,29.314719276597046,2,3.8247806998088953,Yes
22,19,Technology,4.45502567295139,4.343909990278517,13.994602109274595,2.015072799240686,2,2.9683951481684843,79.57436276587505,2.308942977670248,32,1,7,9,25.87154519247809,0,3.164046586209906,No
43,17,Technology,5.863429448589196,5.863429448589196,12.989111209902012,2.0788028617070613,4,2.222977768760656,57.46777492652644,3.1066213672848426,42,1,11,1,30.356610014760133,2,3.643487732371135,No
24,20,Operations,0.8539131835369611,0.8539131835369611,8.854832518711698,0.4806631336910386,3,2.8750509508587796,78.20289775628412,3.7822496819137617,17,0,7,5,38.601445581958764,5,4.9313412216211105,Yes
34,15,Technology,3.9000413487371226,3.9000413487371226,12.2776185186795,1.5906632938215548,3,4.1808619406699785,63.92047072977249,2.5333782884102773,30,1,10,6,43.16095689899514,5,2.5721774199526495,No
36,14,Finance,9.59162315356399,2.680790491091647,14.383202159063858,0.9755872345023525,4,2.379212344729303,54.23768567981596,2.784987258861534,14,0,6,5,14.240413104319595,5,2.1781934247397885,No
43,14,Technology,4.052769517059931,4.052769517059931,14.386008463838856,2.7886031356829593,4,3.5864905610607485,87.49015726071286,3.271120156410508,51,0,10,5,29.301862605668074,5,2.8363618305603158,Yes
51,17,Sales,2.644596082053701,1.1842174251685016,6.128880476519548,0.779995178521423,4,3.3809420629258335,48.77047206352007,4.1891140535670095,11,0,7,4,32.402609149123194,4,2.884252952385201,No
28,18,Operations,7.842910720495214,6.852981882683842,14.086922260203567,1.0328910311006296,3,3.6293457467095633,44.36082615914443,3.487993046483425,17,1,4,4,14.419076168774083,2,3.120293140316584,No
31,15,Technology,0.3,0.3,13.74356528160403,2.5063583225339365,4,3.7016897906381963,81.51857239309747,2.933920407166326,29,0,9,3,21.975813706218005,3,4.882278278509219,Yes
47,16,Operations,14.08847598325908,7.163198900851281,18.74436576410516,1.7321613922151016,3,2.396802821777851,54.76711197169374,2.689840779868312,67,0,12,3,36.34717317976727,2,4.0343885857677195,No
27,17,Technology,0.41039909958964327,0.340167017844839,6.9095057329949405,0.43761071927475953,4,3.8721076366381717,61.821424185853445,4.001912778647628,36,0,7,4,14.223250056039136,5,2.5558371199325793,No
37,17,Sales,8.427235531572052,5.9968176003102345,14.33001407671936,2.7386768809634474,3,3.127784923846668,64.76032116015057,2.1257249567596115,19,1,6,4,22.575792835618454,3,4.885984747395487,No
42,17,Sales,5.568975309401045,4.589003822539095,9.372119213143858,0.8053230556525718,1,4.398986335255352,48.63650024645416,3.178719884827244,28,0,9,5,24.36401552396549,0,3.6465436032392384,No
36,19,Technology,7.249670086568947,4.803591669421473,11.75948712391312,1.32165851448358,4,4.199489043051674,71.9570041475327,3.9089836393043425,43,1,11,2,30.002110478165797,4,4.142827696264544,No
21,20,Operations,3.1068069718051126,3.1068069718051126,6.215508966137515,0.5541348862641993,4,3.2196260895474853,56.49832592577648,3.6954847272486866,66,1,11,4,56.99006587235009,5,4.19429206727132,No
38,16,Technology,0.3,0.3,6.120341940619106,0.29493204429763625,4,4.816365030824619,52.78207922096091,3.106348148392813,15,0,7,4,40.162164806128324,4,3.8939833855242187,No
34,19,Operations,5.295201725411004,5.0411548271477225,10.269351270105254,1.7260072633234858,3,4.7960320887121,70.96015193505647,3.709071749293448,18,0,6,4,79.93832560944904,1,3.295698256696173,No
26,16,Operations,1.6712341775869741,1.6712341775869741,8.049411457790566,0.5945882822553311,3,2.1959142726651444,66.12423981724528,4.102827416021321,5,0,5,5,33.61993431873244,1,3.3531764283871226,Yes
34,16,Sales,6.083520703377484,3.346370002360454,14.0262736909182,1.3818418252047233,2,3.3081121644376195,52.57968916758457,3.211921713113074,29,0,8,9,14.676546207453844,5,4.207948849560507,No
31,16,Sales,2.807665693907899,2.807665693907899,8.855379053091932,1.4964983154014038,4,4.976175261084914,34.5545786049446,4.0046123406788965,30,0,9,2,57.994076993702514,3,2.0108245898499977,No
40,16,Finance,8.038012785000394,6.882273119398337,13.3115930975556,1.3143793857198387,3,5,75.01249425100647,3.086778998868934,30,0,10,2,12.296792669935899,0,1.799317271975607,No
31,14,Operations,2.3750724736301967,2.3750724736301967,12.144736255140323,1.6757783731586655,4,2.112619496925885,83.61049805306581,2.875116269884813,27,1,8,3,18.00258586266285,5,2.6562972089596393,Yes
37,19,Operations,7.5459079399821745,2.522223802754586,10.387625959946606,0.6744802190558356,4,2.516730319175561,62.3538802653712,3.731391476937904,32,0,8,4,25.61922176773765,2,3.935725673107869,No
28,19,Finance,4.583581405828548,4.583581405828548,12.194100099344963,0.9733284668240347,3,2.553381500871138,58.0193933184758,3.7118666704056054,40,0,9,3,59.84065767869319,4,3.35676166206353,No
41,14,Operations,3.5347020487584806,1.8909136286675765,11.655566342161347,0.7902489752484918,4,3.7037469527850466,59.31709243295528,1.6779865594165768,19,0,6,2,35.90114365515561,3,4.440398859180507,No
38,17,Sales,0.6436311609197564,0.6436311609197564,10.23252451159262,0.8862563534206201,1,3.5147815360997585,71.13119735883834,3.080415578788839,18,1,5,1,23.885862849227326,3,2.1804280127406774,Yes
54,19,Sales,8.15694795492855,3.7271205460920145,11.114906954502306,0.5994525723929214,3,2.383356810761123,38.70071853619263,4.374324050796311,19,0,11,4,61.4416258181845,3,1.9715726364865844,No
52,15,Finance,2.7486809511542125,2.7486809511542125,10.187305319530225,1.2653762377426312,3,2.591795551784233,58.62326235261657,2.992508846772876,15,0,1,4,16.620159724134936,4,4.992043352603755,No
37,14,Marketing,1.834295258174709,1.834295258174709,6.650751660147555,1.0907202790840844,3,4.372240001060175,68.90807386453407,2.203170260959593,31,0,5,5,41.233586751260745,0,3.026532465900292,Yes
44,19,HR,4.349985037297167,4.349985037297167,10.014272571939717,0.6702382017317349,4,2.010111517788638,46.86641326413798,3.5205957318864214,19,0,6,3,29.533601041452414,2,2.821072544444149,No
43,19,Technology,0.9632954142671388,0.3476596610881195,9.694509502656025,0.6171552391321111,2,2.4022717510295784,56.78708159869602,3.9168237586637744,29,0,7,4,20.930580288169892,4,2.299535673816203,Yes
36,14,Sales,0.3054741409789998,0.3054741409789998,8.787499505549379,1.2530807276004803,3,2.500676214534438,61.3935048206363,2.885965133557124,8,0,5,5,16.290660278644935,1,1.7874217123002347,Yes
34,15,Sales,6.160962683508122,6.160962683508122,16.739004421455025,1.5193180838745008,2,3.4715249515027367,64.78200500559944,2.482505573127536,64,1,11,1,45.14522647742196,4,4.998629663787321,No
32,12,HR,0.8323206970827265,0.8323206970827265,9.207961562088826,0.4741902637813261,2,2.719883600167973,72.93643889291191,1.7787482063641633,53,0,9,4,57.031155194099526,5,2.9194222142161057,Yes
43,14,Marketing,15.38523248927288,5.081541507162404,17.348278194019684,3.246997361828289,2,4.499387981195583,61.713445636029704,2.58970133612747,10,1,8,9,41.723409438214674,2,2.563694548493731,No
28,14,Operations,1.4905808205633788,1.4905808205633788,6.867015473643737,0.5393820471901968,5,3.690645881396628,72.0385315498313,2.2836533413274696,21,0,6,5,31.081375768666437,4,4.201749975558743,Yes
30,17,HR,5.371001418824486,5.371001418824486,14.389124782949025,1.053769560936181,4,3.4997126597343446,31.022435233894036,3.0858395411022914,17,1,7,3,15.849576907001774,0,2.3949056438628906,No
34,17,Marketing,13.5218673783506,6.7480966223540655,14.239580861263297,2.3899965154832596,3,3.5030494981073828,44.51997071511998,2.711189408216273,56,1,11,3,11.262914850017548,4,1.8416471948383475,No
33,18,Technology,0.3,0.3,9.91726333791198,1.1689724665471555,4,3.5971870925434963,47.17866940685476,2.718264058184289,62,1,8,3,19.11688579607223,3,2.272644253817027,No
37,16,Operations,0.5179130392543574,0.5179130392543574,5.206606584886418,0.4695223864410271,4,3.9133930235939602,70.95432002586544,4.1885410001982715,32,0,7,4,30.630891514554598,5,3.1897052228021163,No
34,16,Technology,4.773040260866304,2.8420903327614897,9.739689728538643,1.8941938120026967,3,2.604580143766442,51.967453445204505,2.007318575916593,18,0,7,5,40.17762078791533,4,3.8935932256039645,Yes
32,17,Finance,0.34158127295791496,0.34158127295791496,7.08399834615227,0.8470798298895312,5,3.827886077777629,45.98524272371971,4.205787521760845,11,0,6,4,54.41189048045558,5,3.064665872704948,No
34,12,HR,1.9116923291356855,1.6374745559885613,10.735611100847523,1.0448959605842019,2,3.6238438794360963,44.71309310267108,3.297027940565934,52,0,11,3,14.518817556269012,4,2.823933257454483,No
32,17,Sales,1.5560538421861037,0.3631671539287841,9.904724837433424,1.6583150488268465,3,2.9924963744011275,66.85426733455698,3.020618485101321,35,0,6,7,30.481079331584375,5,3.9486486134659313,No
42,19,Operations,1.2401624929386994,1.2401624929386994,16.1641741039417,1.991108752006434,3,3.289862721650884,57.43791642096779,3.628590201419952,13,1,3,4,64.53659257611673,4,4.100467806241789,Yes
31,13,Marketing,5.908238083781232,3.906561581472971,8.695442108564354,0.6054635513442119,3,5,70.8446317572481,2.307524857196091,27,0,7,6,11.75479765732137,0,2.687150752671242,No
34,18,Technology,1.910758218369797,1.910758218369797,8.881847042686289,1.3614159773308503,5,3.6010253592382497,86.13474421577308,4.084544823552867,42,1,9,4,31.376973944267725,3,3.685372801634703,No
24,18,Technology,8.331361043755862,2.8971252811993713,10.668291672318063,0.8260775281630077,4,4.398246214181259,50.79131540192814,4.4973325338493675,74,1,11,2,61.715847882627855,2,3.675660291179151,No
40,12,Sales,4.79093242873315,4.503574525382067,14.755032958750112,1.5032014884501435,2,4.0887973473422825,56.91912504710119,5,45,0,10,3,15.576487262124129,0,3.6408006348409643,No
32,15,Finance,13.533469963486231,6.611688789896601,8.812975338694761,1.705995784284945,3,3.9879196274250837,57.215467562211686,3.10218668174688,15,1,8,2,12.306567625150345,5,4.65061410679625,No
26,16,Sales,0.5075281239152986,0.3,6.332286920023502,0.8918915527218073,5,3.7927966651552754,71.55002682338356,3.7014065474782236,54,0,8,3,16.429137773160246,3,3.4057334071035523,No
55,16,Operations,3.4581369114896567,2.409010194291896,10.619050516406503,0.8549958015024457,3,4.81259021067453,48.16324902245111,3.893209131078652,23,0,7,1,27.8360237444105,0,3.267042709872353,No
31,18,Marketing,0.3,0.3,6.530405263358136,0.3407942053563022,3,3.4146394771662147,58.57838751572189,3.433304142914032,31,1,7,5,27.265448849041736,4,3.5874365260690926,No
37,15,Sales,2.104533485151925,2.104533485151925,7.99549643663936,1.0695091751827428,4,3.1644529909014403,35.04169013212166,3.09291395662446,17,0,8,4,79.6012160874733,3,3.9638026286890082,No
34,15,Sales,4.657432145524615,4.657432145524615,6.248443841543928,0.6123237761325147,3,3.4256686283521582,87.29470149203169,3.4849928997006248,11,1,5,0,34.7498879590734,4,2.0762019689504276,Yes
31,13,Finance,0.3,0.3,7.201886766089614,0.9284559917337467,3,3.4040287490417516,40.746056525375884,3.1044479680425687,10,1,6,2,46.26614247196498,0,5,No
28,16,Technology,1.250169480167333,1.250169480167333,10.815340987257938,1.4336270180411697,5,3.715585460198555,53.64358366634668,3.898989995209491,12,0,7,4,18.685380330199827,3,3.682244880592214,No
37,18,Technology,2.185706267676151,1.5054399666836593,8.828621922422991,1.093297102689091,5,3.0195133954850046,86.9288622618064,2.0806769823261253,57,0,11,4,43.248274589206645,4,2.0797149776841626,Yes
27,17,HR,3.996016781068046,1.7046849240839472,10.451963983357548,2.048734038516369,2,3.0128290060638,44.551188756105695,4.2269791322999355,8,0,5,7,19.122931990729352,5,3.5573459798169633,No
24,15,Finance,4.306752819024763,4.306752819024763,11.693191827123217,2.3166177227637315,4,3.268518861203886,48.432227371674266,2.885140339033235,51,0,9,8,19.95878062645473,0,3.245711258355893,No
23,14,Technology,6.812216553342812,6.226812581798859,13.104152974403702,2.6133683486376347,3,2.5912449227306364,57.8933686775112,3.6100746532594417,52,1,9,5,7.6139661672797345,2,4.096055877205248,No
38,13,Technology,0.3,0.3,10.39755904877991,1.1644431446545602,3,3.582069410615415,78.23463388012354,1.8919387397396565,28,1,5,4,31.885716191582993,2,3.922714817926935,Yes
31,18,Technology,14.783945906995827,5.5076271678523865,19.81136401344099,3.542264665785071,3,3.621093242329031,58.66132340820842,3.7195593874119046,47,0,11,4,11.307426775770137,5,4.123302480246138,No
24,14,Sales,5.612227262169266,2.635400347727244,15.853942410838673,0.8779100819195141,3,4.804526310555388,54.85370142306039,4.882682874259216,46,1,11,9,10.72388243228759,4,4.455732287973263,No
37,18,Technology,5.883488853474812,5.883488853474812,17.713943797941873,1.318700516796178,3,1.70248907958298,96.17659137867632,3.1949689883937253,51,0,9,4,24.345869809512994,3,3.8432467437156674,Yes
36,12,Sales,1.5283193142086522,1.5283193142086522,5.3479318943565595,0.5322394177168428,5,3.9167390855746134,71.96498950958441,3.4050511190011,62,0,12,5,29.05396332587131,3,3.114427136499015,No
26,18,Marketing,5.4733659177245615,2.3213538237819833,17.140519488653272,3.177332174697595,4,4.103998021727358,69.98537798551435,3.485826706309945,22,1,6,5,21.195207735637897,2,4.018775804959373,No
41,14,Marketing,2.89100949350578,2.89100949350578,7.803596208327899,1.3988440281861503,5,3.409801998061273,62.71973805499783,2.3034928440810645,10,1,7,5,32.22788737763747,4,2.784168733464882,No
42,19,Sales,11.769614222806695,5.535327196981048,20.400602515588076,1.545893980972148,3,4.982320011112909,54.51975906669511,3.9930322190719005,52,0,13,6,50.78626160596759,5,4.652235967236123,No
21,15,Operations,0.3144808580379226,0.3144808580379226,8.913681172264138,0.499495578619705,4,4.493990499325791,51.699778873942215,2.4874741095067754,41,0,8,6,20.56418571141394,4,4.167653405227217,No
32,16,Operations,5.600367732604564,5.600367732604564,10.21874555896642,1.5351683116578458,5,4.192253559131434,79.54493771486361,3.803791366827639,51,1,10,7,15.638272608644135,0,3.4643217988286703,No
32,15,Technology,2.4099073980287273,0.679895606648179,8.228068922937593,0.6659501992664126,4,3.788464926217225,81.24918426977881,3.0929573194098516,43,0,7,2,42.50693097796747,5,4.265774410559899,No
33,14,Sales,8.662112747253317,2.07104596047976,10.209747136208522,1.9821112846487665,4,3.7801662920437424,55.96697976263607,3.3129209767611245,38,1,7,6,26.31352009839915,5,3.172331580953157,No
40,16,Technology,11.530720157005959,7.98175112838082,21.68823005704563,1.3683024034517615,5,3.5837553548131873,38.40383288764401,2.4952354328216164,43,0,7,3,21.59327056444913,2,2.1375259851966844,No
44,19,Operations,11.150988320038014,3.2077573823546115,16.696083276209343,2.695904060356971,3,2.57078896351764,75.94334293191818,4.787540368283683,8,0,10,3,54.546798622821804,5,3.1327088355312416,No
43,17,Sales,2.0061879114344987,2.0061879114344987,11.960322857822112,0.8711715583697847,4,4.5652350660824546,49.51386951217787,2.497333401582078,10,0,4,3,14.080768977522398,0,2.6835232753134126,No
33,14,Sales,1.147035834071147,1.147035834071147,5.6507958280005965,0.5764490607791832,4,3.5160214230879396,79.23985401653621,2.49603690301734,25,0,7,5,44.65156292406041,4,2.7962701745124208,Yes
29,16,Operations,2.7667710983936966,2.7667710983936966,13.662080357461706,2.030062333119556,5,3.7637739350256636,67.91546015319797,2.4108692061383654,36,0,10,5,10.845543127312709,4,3.153289035544163,No
26,17,Technology,7.806767992244274,7.255434410919892,13.313896316449437,1.3323786927327261,4,2.3984921582997942,68.06169087543456,4.1735416830072225,25,0,9,8,42.652696272406295,2,3.907724368390723,No
35,14,Finance,1.4860904703536315,1.0814881376098724,6.730720966362301,1.231591045834357,5,2.6112439158200065,47.22781718380557,3.182335576642474,17,1,8,7,8.25512964992378,4,4.310509344687187,No
45,18,Technology,4.959598550073887,4.959598550073887,9.22096692106316,0.5830509442298425,3,4.195518740017203,74.0758555709958,2.0350466746086484,28,0,7,5,25.011537041459107,4,4.5800030405048,Yes
36,16,Sales,0.3330996407184788,0.3330996407184788,14.163512517216397,1.400467920340317,4,4.341953406110571,47.713734527560355,2.592775486194202,50,0,10,5,76.183457864387,3,4.268543362958619,No
41,13,Finance,4.856204934283983,4.856204934283983,8.731000441110764,1.2466742405841609,3,1.6802072145343616,67.43441715257507,3.372658351300149,23,1,7,4,24.723177713076605,4,2.3277641642757025,No
31,18,Marketing,0.3,0.3,9.994239073026037,1.67317656944837,3,4.978626559116366,52.35057754960547,3.529673459375966,84,0,15,4,22.958142974285913,3,3.517637416603669,No
25,18,Operations,10.594295610010821,5.591503297473835,17.415173763864097,1.7055883366984868,2,4.107947207289282,43.6952933146496,4.004577851812441,11,1,6,0,70.01118007692168,3,4.278981993647161,No
24,17,Operations,1.209433596673016,1.209433596673016,8.917750626557172,1.6703204928122966,4,2.7043378070884163,51.381604661329725,3.730032005782983,26,0,11,4,14.594043226613788,1,3.787137364757923,No
30,16,Marketing,1.982616573067089,1.982616573067089,6.700740568042136,0.5474730390028141,3,3.7822094582311365,58.58294214313477,3.2048440050653393,18,0,5,3,27.79903409961681,4,4.7285711929979275,Yes
21,19,Operations,2.609187180808864,1.4885531679796309,9.939213276259586,1.6286918341564787,4,2.690540940179684,50.35780910160287,3.0756065070956944,41,1,10,3,12.634489034860056,2,3.3732145116019963,No
39,19,HR,2.119892921664285,2.119892921664285,8.848834134627172,0.47514695855145006,2,3.514395315379102,81.29057279117761,3.180157780545909,83,0,13,3,24.102065182684672,4,2.3167238001190316,No
29,13,Sales,6.422210399861223,3.0687304419405983,14.283519572278218,0.9380583181175475,3,3.508350448301143,76.50770756546359,2.6270455746461363,13,0,6,3,21.722335954850884,1,3.0389402029938943,No
31,15,HR,1.7894812380199916,1.7894812380199916,8.62712918215576,1.0423943698905258,3,3.797420578536067,53.96692406884998,3.8668672686444974,36,0,8,5,20.753776889869318,4,4.3597601315836,No
30,16,Technology,3.9046852305289703,0.6660458686423875,8.574068617426965,1.3918952496987507,2,1.712677223935725,69.89009724850158,2.4013522462791723,18,1,7,5,22.295695068770932,2,4.008315575848751,Yes
27,19,HR,1.8712408896010584,0.35404602771348126,12.191795304286874,1.665082015075093,4,4.2095909809874525,62.44468987499247,3.6105036435811098,29,1,5,3,27.240268482751265,3,2.712088247115643,No
27,15,Sales,1.3138405414638885,0.7021904533175036,5.975551349867727,0.9506101602033253,3,2.499415533044547,72.40539560152303,2.263372240634565,14,0,3,4,59.66663920092793,5,2.8885859741474444,Yes
27,19,Technology,0.8334278659692294,0.8334278659692294,11.708994954822025,1.3254717642805849,3,2.9795075174807124,82.54095747071841,2.4802693138658243,53,0,12,2,28.409252731827717,5,2.9619847015862697,Yes
44,19,Sales,4.509822662886825,4.509822662886825,10.937805466139281,1.0266716569824308,2,4.289377307487319,65.09889997959515,3.50205456115899,18,0,6,4,60.91476496897502,4,3.957584058573998,Yes
39,12,Operations,3.8897955525852645,3.7570491093943157,11.045701519454271,1.4964236858279873,2,3.3112515377831326,72.94312493223076,2.9752974592555157,18,0,7,2,33.246316381482814,2,2.410101843808018,Yes
22,17,Sales,19.01970628694363,4.224485779162199,22.065374257324514,3.1619679015435533,4,3.7156722505918234,71.19671449662957,2.3097300051634195,30,0,9,3,11.41621265055488,4,3.7997350826002285,No
46,15,Sales,0.48047179635414033,0.48047179635414033,9.72956758457999,1.117875298626407,4,3.303047126611232,56.11709425771138,3.5061689094418718,45,1,10,2,27.600741708183126,0,2.822917213349427,No
21,15,Finance,0.722249633266093,0.722249633266093,9.32196272205527,0.726909521983375,3,4.917627425523616,62.40957578914581,3.5062513013345145,52,0,9,5,13.423508282720569,3,3.880118234858921,No
21,13,Technology,4.7286986831726745,3.478497932689474,9.377423390338206,1.6452854472915461,4,2.9997425350190317,64.87869123161224,2.3109334092110663,29,0,7,1,21.030747739760056,2,3.44544376908484,Yes
39,16,Operations,15.315663205209642,4.834266889953769,15.55272224629401,1.668351180396715,4,2.181550386958674,39.102123925007675,2.987663063818986,28,0,8,9,24.037648613042766,5,2.790239333451343,No
37,12,Marketing,3.2484451475774043,3.2484451475774043,10.17201101183775,0.5709993563959179,3,2.7866989492879775,35.17417084011367,3.2603514458464953,33,0,8,3,26.84144254310935,5,3.923437087451867,No
27,16,Marketing,1.8115320088076068,1.8115320088076068,8.766322328639284,1.4330106298986875,4,4.604599152914469,62.290260250887265,2.5960606048361456,63,0,11,4,9.055703259728896,3,2.0376619626606933,No
44,14,Technology,5.617240125868214,5.617240125868214,12.05232468716486,1.1111311844340415,3,4.991857995241928,73.72752832058914,3.146834468625246,46,0,11,4,34.44459091878625,3,2.730994115523135,No
32,15,Sales,9.487173904821557,7.02400148778533,10.282414780590774,1.134699781726704,3,4.784580324368611,52.74985800744772,3.4057897179233474,46,0,7,7,14.889067650946961,2,2.9198412180584503,No
40,19,Marketing,1.0196124906799942,1.0196124906799942,8.916085780642065,1.0297280610330526,4,3.628041931090712,81.12307936275815,1.7841965761292802,18,0,6,2,71.82442461273335,4,3.999891908231633,Yes
33,12,Marketing,1.6774079021322068,1.4802964100268157,10.0325461836071,1.4597502685683519,3,1.996045070374974,88.5216018212855,3.41023949199166,60,0,13,3,53.297454150356586,3,3.423089409196914,Yes
37,17,Marketing,0.3,0.3,5.026492098021084,0.8318534817270408,4,2.992582506151739,71.20911970961795,2.1960811986650812,15,1,7,3,15.900269446225057,2,4.431110787151324,No
27,15,Operations,1.6134250092456615,1.6134250092456615,7.6227708689519975,1.3041777138018478,4,3.211724914870241,67.90154565503137,2.5072794555693156,46,0,9,1,11.179579085835163,1,2.867490008719439,No
36,14,Technology,10.488899396691712,2.6150091557973116,15.998879894095195,2.2541008991326255,3,1.1201668391585906,30.20152647862162,3.797250674891046,66,0,11,7,31.7067053310655,4,3.991203542658049,No
32,17,Sales,1.8702971320961452,1.8702971320961452,10.409297247829729,1.6013318853341678,5,1.7816801858087967,82.0474345000783,4.119673876635539,11,0,4,1,18.146627709314878,4,2.03265724667135,Yes
44,19,Operations,3.5089244094555303,3.5089244094555303,7.914102696080194,1.1000780179071046,1,4.270979730082375,71.17125137310117,3.896440407945965,39,0,7,3,62.032636934828716,5,3.72976043176409,No
36,15,Operations,2.2875883289115557,2.2875883289115557,9.502057589351478,1.8576286677866687,2,3.3742764052041245,52.092767810109414,4.997028588567962,18,1,7,3,16.751173082613835,5,3.3566397938438848,No
43,18,Finance,0.5127530108617702,0.5127530108617702,13.89766650778097,0.7814012303517947,2,3.9907565528617126,56.54796521553305,3.8031112064915735,35,0,9,6,30.435771471238752,3,2.965708153429111,No
42,17,Marketing,8.084484551572572,3.955706105363606,14.426787694367496,1.084533246613692,3,4.1110562522951675,78.51225341836394,1.902985710210142,49,1,10,4,42.35202726944967,3,2.839574406436183,No
32,17,Finance,8.364290457842243,3.646532830557082,10.065471218411348,0.7358822354509549,4,3.598030246749993,36.88745283307875,1.6866226427626774,36,0,8,12,45.513881784606745,4,3.323240421893905,No
28,19,Technology,1.5620108049811636,0.3,9.32133044872543,1.057885289827438,5,3.6287329917992124,55.96594395559005,3.097181378499653,26,0,7,6,54.2384209232165,1,3.492932882784612,No
24,18,Sales,15.950890551808701,9.690331797936969,24.39834812332859,3.4324339819439538,3,2.5346131617714587,71.06381450627194,1.2187784267530495,27,1,8,2,12.535099641998682,3,3.992560555106709,No
32,12,Operations,7.5824006980460235,5.3481718194814105,14.118864175662333,2.7698851844730745,4,3.7842255165030814,75.99749519858803,2.8314757894221607,60,0,10,8,72.45075519631273,2,3.2332441578489384,No
23,18,Operations,1.4728893448148859,1.4728893448148859,9.082632608985787,1.682680600660517,2,3.8807940823806795,45.63790467675763,1.6153341262385816,27,0,5,7,19.511355383021645,3,2.933185143755197,No
40,17,Operations,4.313667270981436,4.313667270981436,6.140944232924851,0.29586504544201175,4,3.720969894430695,33.98990495919873,4.179778312122286,42,0,9,6,55.18137294092526,0,3.933062087905846,No
40,16,Finance,2.743809260699545,2.743809260699545,9.962509808390019,0.7939015881902862,4,3.796836183054005,56.167214487866566,1,47,0,8,4,22.71288919971576,3,2.022671808860258,Yes
35,17,Operations,2.357254107216462,2.357254107216462,10.788118524802162,2.0662111152974694,4,4.519057094865682,50.76214598265085,3.0962219558584656,24,0,6,3,30.56719759421086,5,3.8856368142584863,No
50,15,Technology,1.157143120779996,1.157143120779996,12.149500234792741,1.536451098591786,5,2.4959783763817773,49.4938174023222,2.3789237126706833,15,1,6,2,23.044998996330047,4,3.46388064171632,No
35,17,Technology,0.7195697606110998,0.7195697606110998,8.147344663631475,1.4344493846035156,4,3.522090155969159,88.03191455008073,3.687713134446653,18,0,5,9,67.67035249118514,0,4.905128340584001,Yes
26,17,Sales,5.503143615009044,5.503143615009044,14.535345433405837,2.534955180124875,3,3.48330675104499,37.05663241333477,3.6132867127333332,39,0,7,6,26.403015120784374,2,3.0095213330976494,No
35,19,Finance,10.7766490653507,5.47138988058564,15.095757930610338,1.864691893353247,3,3.3969413497773218,56.79726853690572,4.180097647008769,41,0,10,4,41.28594389242266,3,2.926297311953768,No
34,14,Marketing,0.8321628724428036,0.8321628724428036,7.842601759717261,1.0322252520148243,4,3.0064316206599795,48.7658895251998,3.486853717057502,26,0,7,4,15.672361555141403,3,4.529954190058246,No
28,12,Finance,16.473741342922214,8.558923793414117,14.140255289668097,1.9704634739020472,3,4.710470795089201,15,2.9066371618843823,52,0,12,5,45.440768175572806,1,3.3608262863483844,No
25,17,Sales,5.145453241639818,0.3,9.97921548415807,1.9815672096973929,3,3.778920036247612,77.216400125989,2.30677222029957,52,0,11,3,20.0160346474784,3,3.4373687751206905,No
21,17,Sales,8.702294517789515,4.3263571196460795,8.532108990975475,0.6671281910754034,2,4.385976908993941,88.10376512742369,4.485611722223579,48,0,8,4,43.2617233708858,3,3.097130595414788,Yes
45,20,Operations,9.92587925420488,6.213699818428725,12.190870664881041,1.5047055550588595,4,3.3014217024034846,54.919025308048035,3.2771913371940444,25,0,8,6,25.560472492364614,3,4.484465077440183,No
54,12,Sales,6.155963960359804,6.155963960359804,12.950705100807815,2.1149327385389647,2,4.813867351754074,35.69154462780753,3.980803351078481,18,0,6,9,29.47735104722696,4,3.9419628653977212,No
27,17,Operations,8.705863237506103,6.87470501649229,9.663694118296595,0.9154077780529556,3,4.531136099363055,58.52285805728481,3.178662691122504,13,0,6,4,52.99340325083705,2,1.6535446639935711,No
45,12,Operations,6.844210541875468,2.4596082145709235,11.67996350865016,0.6113009728414665,2,2.3049822115506524,53.01616621071252,2.4952103634789653,46,0,11,7,20.520526632376292,4,3.8516213211373467,No
48,15,Sales,9.633199805870305,4.365000464782541,17.096586593497012,1.0218710773261563,3,1.097092084035945,54.696644634963384,2.4843922952923467,19,1,7,5,34.06176112408233,3,2.7872815047110473,No
30,18,Technology,6.206949770487743,6.206949770487743,14.049866320330503,0.9019906660378055,4,3.506377062507883,53.80549007084328,1.8039695654321393,55,0,11,2,24.998592302845793,2,3.2895571474128293,No
32,18,HR,0.3,0.3,10.60243110104074,1.560101898364841,2,3.8278760041091293,90.80524350632079,1.9960744026856352,47,0,7,2,63.35162306959334,2,3.2760019915727936,Yes
44,16,Technology,0.3,0.3,9.666932919333785,1.1391817242091362,4,2.793047462435657,55.05515359154894,3.0826231601928966,33,1,8,7,19.43323473919259,0,3.7677530136641137,No
43,20,Operations,5.532606990947625,2.9921883406699803,17.42564114004612,1.1347882930860693,3,4.309500105178983,89.78453344015648,3.407607095029162,39,0,9,5,31.498109088395797,0,2.119954361113992,No
32,17,Technology,4.469217499272889,4.469217499272889,13.827653684650784,0.9457398122046831,3,4.297783099983426,68.55893095189533,4.403811185246199,28,0,7,3,44.29687770328416,4,3.2917800851074768,No
32,17,Technology,1.9000337884048908,0.34545883654512344,8.183938822121668,0.4923334686816587,3,3.1040618263524977,64.66207070751248,3.5260474581317793,10,1,6,4,39.64247734737489,0,1.0602522725698031,No
36,19,Operations,10.049230415710973,6.654310642361718,12.375142609445957,1.4810892266873144,4,3.889202284509306,43.60606471926204,4.687057343809476,18,1,10,6,12.760559442280583,5,4.486046421502856,No
32,17,Sales,0.3409703734136879,0.3409703734136879,5.639218641706922,0.38964458286030573,3,3.3876095631988785,27.768456656850955,4.315968798518733,22,0,5,4,19.435527654158374,2,3.324241119062083,No
39,12,Sales,1.6056667404583649,1.6056667404583649,14.116918366354268,2.7475732206219527,4,3.2051385484079153,74.4082978645389,3.110713018804346,42,0,10,5,26.207160474400013,3,3.2030424584260255,Yes
35,17,HR,5.869908138537422,5.869908138537422,14.760045382921335,1.382325713613344,2,3.4651521686594404,64.23417279687354,3.282852852802719,22,0,6,6,34.78786343414979,4,3.365640878259825,No
41,13,Sales,1.627485328854545,1.627485328854545,5.746647016169932,0.8510792884359065,3,3.476792978776297,73.91451270834368,4.892514676388448,26,0,8,5,28.077192975660314,2,2.3790612260038504,Yes
36,19,Technology,1.8774625566124687,0.7067050165695842,9.061121131056701,1.672881043748731,3,2.3034702926462836,15,2.9101588403896717,26,1,8,4,39.374311425200204,2,1.3241299436681164,No
51,17,Sales,0.3,0.3,10.387314524766625,1.6342327145815452,3,4.0751103489254374,72.88989538375859,1.9753174858673435,30,0,7,6,77.80056282800678,0,2.4310203006861175,Yes
36,17,Finance,1.1952943695845197,1.1952943695845197,8.38972141656651,0.865392465775926,2,3.1936878600607033,88.41507700192287,3.889774122700039,28,1,8,6,18.794926767381643,4,4.1200895842618985,No
40,20,Sales,6.883379356158935,6.418791928854555,7.6618186206025065,0.9514336604522862,3,2.4163648063126932,70.21424762163171,3.5244753486666585,11,0,7,6,19.906697315960663,2,3.25674686051583,Yes
32,17,Sales,3.270331172209389,3.0851637274696224,11.789687485790695,1.8055330226140347,4,3.611445084412693,66.52265569972636,2.7314628204149862,55,1,10,1,14.325045520809697,3,2.828974064386028,No
47,16,Operations,1.2951711465562528,0.3,10.822818964120108,1.4347776080151993,4,3.660992260881847,79.3163612323752,2.2316869600945295,30,1,4,8,79.69457852052258,5,2.9739933704343207,Yes
36,16,Finance,1.3094974828924788,1.3094974828924788,8.527027088524367,1.6718508065890685,3,3.7025694560216666,53.461899237435006,4.090034817720318,12,0,7,7,45.021758868269835,2,4.814149636462736,No
28,18,Operations,1.1845405303467362,1.1845405303467362,7.541290853672961,0.480891215728971,4,4.138138950768533,31.553276004495743,3.0035548563377965,42,0,5,3,25.31518757312147,2,2.5537172248253035,No
38,19,Technology,2.225530529893127,2.225530529893127,10.64087494418985,0.5265292485654448,4,3.8936422157143205,60.392802920608865,2.330403301673403,15,0,7,3,20.26733107269367,4,4.164543333942835,No
30,20,Operations,1.8576771993446761,0.3239103394993236,6.259280590246708,0.7423352073788926,4,1.5011863701699426,64.82793879427072,2.7946191820075694,48,1,11,3,20.15651244083443,3,3.773660241957709,No
44,17,Marketing,1.9522565315437048,0.6482097279904286,6.8352697528897375,0.6206610928178726,4,3.317873019683902,52.135578918404754,2.5052074913422664,47,0,10,6,19.410933288885168,3,3.042671711148872,No
28,15,Technology,1.3738518043025019,1.3738518043025019,8.007853061230984,1.4540751562703664,4,3.9691870961499447,100,5,65,0,11,5,24.19001237790885,5,4.176475542530792,No
34,12,Operations,6.104196523646038,6.104196523646038,10.47571401143208,0.9574964443962378,5,2.9182724753867983,49.121126530617254,2.6852268041743037,28,0,7,3,23.09530479294324,3,2.988126055668988,No
37,18,Finance,1.724867509105425,1.724867509105425,12.662435471296577,0.7087069817426289,3,3.8089844875566947,44.859531568289945,3.712067109539139,36,1,8,5,13.39455685806708,5,3.8152547831404755,No
37,16,Finance,1.3968417235204704,0.4331907493523663,6.6817601836525595,0.37618795344336103,3,4.5199589415526376,52.07190273419075,1.9125166060621697,71,0,11,7,22.97418377302627,5,2.9401060278243016,No
35,17,Technology,9.050012097159662,5.457781068527618,10.76237687542093,1.0585712684612354,3,4.381091859429992,44.04338595260634,3.702505806061804,27,0,8,3,41.86856157759168,5,4.427058253664139,No
37,17,Operations,4.2309482137436305,2.846367862346508,9.688792793508977,0.5268771894838524,2,3.6987211566645786,63.927145836862174,3.4965873102341054,49,0,8,2,47.7606809882988,3,3.7037520430416477,Yes
36,15,Sales,10.62666044228357,5.794785121483375,15.636689740303964,2.1540984809574755,1,2.0006875730477565,55.982946829562025,4.963095528330148,38,0,12,3,27.492578983393987,3,3.141592454294514,No
33,15,Sales,2.9096542579670124,2.9096542579670124,11.638040219124132,1.3982318787530612,3,4.209942569912523,47.49213588323734,3.304411808418335,32,1,9,7,22.02506446496581,2,3.8491983385750284,No
44,15,Sales,9.849988207972295,5.114700943476547,18.404618689783852,0.9433578795668689,5,3.3946964130683175,55.458110347795504,4.280502158459131,41,0,8,3,48.63589649577463,3,3.1774454055077745,No
29,18,Sales,5.5144431137331225,5.5144431137331225,8.55207271446462,1.2262316950287857,5,3.299676747070863,45.371898051245,3.765226699278574,41,1,9,3,8.678770276011397,4,3.3574799107188675,No
33,18,Finance,1.2644850097923495,1.2644850097923495,5.604966950125245,0.6728860975430423,2,3.1260928679393,56.23412653626933,2.9880346688023396,24,0,6,3,19.23077962806326,5,4.260039877221186,Yes
35,15,Marketing,15.133635535440375,5.311816560946736,29.721498094615555,4.812841541498024,4,3.7741483603516577,66.82834484100813,2.802198503744238,60,0,11,2,38.790348301936014,1,2.3492070852707965,No
55,13,Finance,2.28871521112116,0.34105357876615566,20.026348805048865,2.7623020693706235,3,2.821390653037609,45.48650396116255,2.0816000563458226,50,1,12,4,29.13482884866832,3,4.244148146997403,No
21,17,Sales,6.789090972383929,4.39241311472973,8.028833852821462,0.6161352657150541,3,3.7717118278092863,62.21043836521799,1.3963022272937966,30,0,9,6,23.86272796758475,4,3.4040562699790615,Yes
29,19,Operations,9.58767492183823,6.799169103215182,15.578282011039121,1.6409306859876365,4,3.7160814267901103,61.763164577722215,2.7212428685755232,58,0,15,3,28.848312978626293,3,3.3789221804741367,No
35,16,HR,6.88564644942458,5.122245430578631,15.438737640535251,0.9286461229696645,3,3.797192291312506,62.85714346019186,2.065581536355069,32,0,12,5,39.56904104425444,4,2.329658425833179,No
46,18,Marketing,0.8841495129348745,0.8841495129348745,8.418734876085667,1.4480899414427475,3,4.989205299547177,94.09846875447326,2.708911756826349,38,0,12,4,20.872052928978405,2,3.5183349638324977,No
33,16,Finance,0.5130225384392749,0.5130225384392749,7.997208443396088,0.418811390266368,4,3.604804287532774,77.34381676312687,1.7972543261269038,44,0,8,5,48.521792390916694,4,3.5120992641918183,Yes
21,12,Sales,1.6673496238635535,1.6673496238635535,6.766491623071383,0.7834728217812116,2,2.603463539915395,72.2196843261326,2.1967528419554387,36,0,9,5,21.574819684334877,0,2.5569950699956907,Yes
21,14,Marketing,3.7202539544003903,3.7202539544003903,6.069283998400287,0.8672349501099387,4,2.500920925884982,52.19493256218582,3.2012777993021593,42,1,9,3,41.94154835662656,1,4.442337600894493,No
36,19,Operations,5.0006202169521154,3.309447115200355,9.619283992918676,1.3285142408039468,5,3.3427530582611884,66.45877677922394,2.976131593519515,32,0,9,2,50.5563337246818,1,4.919310600435752,No
27,20,Marketing,12.064530716406733,8.787943273296966,16.11758628704039,2.2089219214039226,4,4.016804013637555,66.97587348180905,2.791535124630137,20,1,6,3,10.83794372010284,3,3.368778350549075,No
27,19,Operations,6.478446952121403,0.3,7.217961064727286,1.1104549561981936,2,3.297259584578659,56.12204074262628,3.8844302630914314,27,1,8,4,21.30939155212429,5,3.6525769499201415,No
30,13,Finance,3.6889502895634334,3.6889502895634334,14.554852256274696,2.1898379410618283,5,3.988177260576727,66.38205957050647,4.524608912368826,36,0,7,5,75.31850527808948,2,3.250476079141292,Yes
44,15,Sales,0.5452735447972776,0.3,10.293569790956251,1.9456235696419812,3,4.916227440428449,42.2443039297646,4.311730400157491,41,1,8,4,54.08712882782421,3,3.379645325216607,No
42,15,Finance,3.937909473176561,3.937909473176561,11.631065753221861,1.3249244068658732,4,3.697677227851021,40.093034544460465,4.134690326180461,25,0,6,3,26.7231709597783,3,3.8233497760225452,No
26,17,Sales,7.019552112199094,3.376293000194819,10.887189845949258,0.6598155687177616,3,2.6988313087600813,43.98141841369656,3.2896512148145804,25,0,8,6,15.05020722882334,4,4.005240853399229,No
29,16,Finance,11.155444790056615,4.893108341051098,15.6725548886716,2.63243777312344,4,2.8108485636207745,58.69808930733635,1.8367400716962052,21,1,9,2,54.253012009977184,3,2.701104728492584,No
35,19,Sales,2.859185211924088,2.1872667301396773,8.690247716801444,0.41870860249022407,4,3.1188969520768484,83.86691703729355,3.618778179604617,39,0,10,10,43.579171789988955,2,3.4810951302285744,Yes
34,19,Sales,19.177261678615316,11.20786216063235,19.069483112121716,3.4271598465667505,4,3.2105928345897596,52.98163882375271,2.612201651137174,41,0,14,7,27.448444328103804,4,3.0299478727133633,No
27,15,Marketing,1.1886898130842722,1.1886898130842722,6.696687396845451,0.7721834415581399,5,3.8278786668839317,69.20885797449284,3.765813256048145,24,0,6,7,15.28358350050795,5,2.927175724787875,No
28,15,Finance,5.960902481204677,1.9862690738393785,10.686467858744134,1.3978022151572356,4,3.4020384573107747,76.01422719680245,2.533584093605826,34,0,8,8,39.01025946580715,2,3.541913948136079,No
33,14,Sales,17.080972288194214,4.770003312691416,15.630371770738053,0.8223980714151299,4,4.421997162823283,76.04291829236432,2.912243085869659,31,1,12,2,29.692636905222567,5,3.1315883444366732,No
33,18,Marketing,5.83422933425868,5.83422933425868,12.915898775229888,1.7034746688710414,3,2.392417341300312,74.7732040204713,3.291753724784113,26,0,8,2,41.04143467716889,5,2.859479458451262,Yes
30,14,Marketing,0.3036739528091004,0.3036739528091004,7.213015944412477,0.93642762028224,3,3.3779967173826146,69.1499724799566,3.3998052322196943,57,0,11,3,18.072142088798703,1,3.4114552597568926,No
28,13,Technology,10.017072086557372,5.298669957325933,16.508141750438448,2.080189623636171,4,2.4957728159277557,47.29394036854005,3.0000939457144606,48,1,7,5,27.186451078469485,4,4.214004702268713,No
42,15,Sales,7.252458526810564,3.896997589833707,13.511517529282449,0.6917217673619104,3,3.0061078587136243,74.48213904210738,3.8157466344810893,41,0,8,8,38.786772728020686,5,4.412111321107129,Yes
36,18,Marketing,1.2906100281691766,1.2906100281691766,10.637306631751775,0.8467227679110696,4,4.914758530771308,54.398798790292176,4.725784809182918,41,0,8,4,30.795652580676006,3,3.051017854748058,No
41,16,Finance,17.749813633456352,4.039970419218857,24.142308796391344,3.5322279078332426,4,3.895260490339824,72.44515768269699,1.9946598727599905,19,0,10,4,21.807486133556953,5,3.041636297436384,No
46,15,Marketing,9.180349204172197,1.4461747823737447,20.67006824617269,2.824328400111562,3,3.8781661838212944,75.32298987215599,2.204785815378496,36,1,8,2,12.54650349686582,2,2.7196673229540154,No
47,17,Technology,11.528445434008336,7.611066166425546,9.99093824203088,1.6228164521686337,4,2.694901758247767,55.88810961975044,3.1051716586007965,37,0,9,8,11.82737234953263,2,4.029605533826049,No
21,16,Operations,0.33964827387080543,0.33964827387080543,10.540533443154258,1.2871197251252362,3,2.4696704636958233,64.80033150051992,1,69,0,12,10,34.487138062381035,3,3.425566708686003,Yes
32,17,Sales,2.117850912826577,1.20533450622036,10.916738162775712,0.6264897575364291,4,1.9850693849902932,52.07430669390054,2.8859014546984043,69,0,14,2,33.78132509389622,5,3.028146837773657,No
22,19,Technology,1.949799136264866,0.3139079876260321,7.844090924507315,1.19993161251569,3,4.429229462807529,59.35270969829071,3.1160633702473453,23,1,7,7,28.32532426349593,2,4.317769631284426,No
38,15,Finance,2.7821244511280745,2.7821244511280745,7.274443422912461,0.41119119733018517,4,3.9314069909318214,68.3667602217236,4.21201734477525,61,0,10,7,50.15574219724055,4,4.168564545789054,No
22,16,Operations,1.7359745226335979,1.7359745226335979,10.170670562577431,1.1206422227340482,2,4.412319378967663,85.58579823323262,3.8868696846420248,76,1,12,3,26.357228010128274,3,2.5397321712287337,No
36,15,Operations,2.910376510667077,0.3007883130902399,5.503228493001969,1.0410526273634046,4,2.3986816230654338,69.25557828553636,4.981193747867922,37,0,8,7,43.174051576795044,4,2.7224731883621573,No
27,18,Marketing,9.062093000672721,3.583186012073861,12.5033766121414,2.129913435764645,3,3.6084032448137155,59.77142187279038,3.3009570861664224,19,1,9,7,19.52416002224245,3,4.08597969893507,No
31,13,Finance,4.519076944672963,4.519076944672963,15.122900461872335,2.6913422722323523,2,4.780545465206955,59.003239603941815,4.098837229232193,27,0,7,4,74.61168280881996,0,5,Yes
39,19,Operations,0.41913943237769435,0.41913943237769435,9.315515620282632,1.371278696100754,3,3.7118846954021185,70.8896155453813,2.9097992238407877,20,0,5,3,18.66856175681508,2,2.786573631645082,No
42,19,Technology,2.726982423378355,2.367392818895299,5.247445374755997,0.8712178332666005,2,2.893090020155948,83.60448372237686,4.2054073368800635,28,0,6,7,34.88413466769827,2,3.3098948951504403,Yes
42,19,Finance,3.024998815622343,1.508224945365322,12.816717571645116,2.594742748162095,3,3.5997330199694937,47.31994554270927,4.172781512498495,36,0,8,8,79.84745379148562,2,4.801157175030554,No
30,16,HR,0.8239792890285632,0.34732454891502185,6.964753355541456,0.6411955413987058,3,4.690664781042118,53.79460327780908,2.892730768796907,25,1,6,4,49.50075725601105,2,3.4641460693937836,No
40,19,Sales,5.406283718373555,2.7471943608967186,9.687416123706749,1.6000712245552342,3,3.0017200842174288,56.83616657672775,3.3894327823722756,33,1,11,4,16.26663842586196,2,4.503788761410269,No
26,16,Sales,5.817889125267531,5.31969577088363,12.809568953096328,1.6378365366481709,4,4.0031699166494015,47.9663286086106,3.199054644897323,43,0,9,4,50.5123239954612,0,4.66262418220708,No
33,16,Technology,24.994008259007742,8.775445419135563,30.285705420633146,4.617790117704214,4,3.101236335660866,42.37840720322,4.704496083650414,35,0,9,5,43.23615785529584,4,2.761405731494587,No
38,16,Finance,2.676074093770989,2.676074093770989,10.91709945895812,1.1668375392032837,3,3.8268835423161245,46.574214136141244,4.824566439163349,35,1,9,6,25.520998773049442,4,3.552825955109736,No
30,15,Operations,3.3213242328824144,1.1831252345105887,9.034831086940533,0.9393967511094875,4,3.4058300605312026,39.5878679683595,2.1955846241806514,40,0,11,6,26.637203254749785,1,3.32412809663673,No
30,19,Finance,1.6177157932729094,1.6177157932729094,8.427876249637519,1.4150406177695543,3,2.810027773158533,47.80703324994087,2.7931101998940524,22,0,4,4,19.752895651048433,1,2.287558064592738,No
37,16,Marketing,17.57154289387787,10.585690175178609,27.635038355293688,3.8547126741742286,3,3.59280808905528,37.28706998461329,2.830497113038231,23,0,9,3,19.45870879112894,3,3.095564579773583,No
43,13,Sales,4.133096603491097,4.133096603491097,9.283679818350324,0.6561001198789866,4,3.3372875648976357,83.11996161225252,2.703512150444358,41,0,8,9,80,3,2.995623337351473,Yes
46,16,Sales,4.208018518836186,2.215431870745443,8.345571019218589,1.4707853756817142,3,3.5899854809649803,51.509301004373725,4.312304186162628,52,0,10,4,31.451821508475415,4,1.710493874135197,No
29,13,HR,1.0273194191762447,1.0273194191762447,7.437380138926467,0.6139267646812367,5,3.8022674197911615,66.97412734724304,3.096805018025129,29,0,8,3,16.351370060080463,1,2.373746757300299,No
34,16,Operations,1.0156296064220092,1.0156296064220092,6.812517081383557,1.120488355571961,5,3.875208397689403,47.842757601701884,1.8105313170293664,22,0,4,4,32.61502812630362,3,2.666854462623884,No
43,16,Operations,0.3,0.3,8.795324277450574,0.9508395774916769,4,4.5135806982727305,77.1775511857138,2.3001304843928994,21,0,6,3,25.171576252486084,1,4.582154168119852,No
27,15,Technology,3.3920599803945684,3.3920599803945684,16.0990659373369,1.2967781396395717,2,3.0060372231900576,60.96958240573073,4.003895912166057,30,0,9,7,30.68028802121513,2,2.14687505378043,No
37,18,Finance,4.887042186803632,2.7547742747961697,12.189860820956257,2.3931092542598926,4,4.990188030997163,78.29278902604909,3.005567392769454,43,0,6,7,24.521216185669246,3,2.9202988054357237,No
44,12,Finance,1.9078479436695248,1.9078479436695248,6.0107374755229905,0.6503899662813353,3,1.8979184284909145,54.29830545872661,3.220135157579815,21,0,6,5,31.146837593370204,1,3.4947395822934393,No
24,12,Operations,7.071136354535495,6.956363710505488,17.716156408536957,1.9100175976517868,3,1.6068336958689615,64.89522141595661,3.5875717013132076,19,1,5,4,35.11379919615109,3,3.989572524400223,No
37,20,Operations,2.3183287505079986,0.3,8.176316010573599,0.8885116573728723,3,2.9038130919558807,67.96304962841928,2.002821931473396,56,0,12,3,21.544403937273643,0,4.072363017760956,No
28,17,Sales,2.9212410207313373,2.2107656922646126,8.933727438489159,1.6527235950998036,4,3.6011962572598897,87.40581507079457,3.6093061949659115,32,1,8,6,34.639915776262555,5,2.6637633587841845,No
40,14,Finance,4.786541017557539,3.5948682383843984,12.940739206878456,1.3816740907360017,4,3.11865262143736,39.349049867967494,2.3921894559513794,44,0,7,1,52.280933711280966,1,3.767394834831478,No
39,18,Technology,2.3312174878178684,2.3312174878178684,9.69634018497572,1.0839094394797513,4,3.118961712191997,60.40114497728867,2.7875143510300973,30,1,6,2,21.356037879279622,0,1,No
21,17,Operations,5.659498611621802,0.6417571459410683,15.371672258284034,1.5586376378205047,3,4.037907276728748,63.830494822719636,3.405592147009294,34,1,9,10,54.61657802638208,0,1.6786331466963669,No
42,15,Technology,5.849096820583212,5.079901077593689,9.059039552574873,1.4909136483812495,4,4.303877700450521,75.5102670385864,3.519724550616076,53,1,12,5,31.44983963008654,4,2.9858593857898206,No
31,18,Marketing,6.5206261024783885,5.018615845664918,15.60076099459108,1.2083188329298906,3,4.73215711153145,61.85171144327453,1.9015050844434422,44,0,9,0,36.646219844937775,3,4.223866430590057,No
33,18,Technology,5.973201236080567,4.506491005655339,8.164398373940378,0.8042955573643324,3,2.9693878909780436,67.21246914564037,3.808511294950493,68,0,11,7,34.13305892277914,3,2.4587573478034805,No
47,12,Technology,5.923361278079057,4.460236474048649,11.871227672127265,1.0265910926249302,2,2.886891248061276,84.9599234677629,2.1209713535610017,25,0,9,1,51.747750373494384,4,3.115009609741248,Yes
37,16,Operations,11.436354243460201,8.184702728303366,21.110007308835232,1.605480714900685,4,2.686792817549827,83.5405586228961,2.91074617320831,17,1,8,2,22.9764283809668,4,2.3785525346721843,No
34,16,Technology,0.38475100420316055,0.38475100420316055,3.888551970909424,0.706617940997948,4,2.687863893407251,38.82654712233567,1.8153273594604504,32,0,8,0,46.135109794853854,5,1.7986415841294263,No
43,12,Operations,11.637424754614276,4.300260541058076,14.071400827657177,1.4777457209586484,4,3.5912391316785706,85.17184778181357,1.7975818445703793,57,0,10,7,18.683665654026278,5,4.8898539306963125,No
21,13,Sales,0.4255390738549909,0.4255390738549909,4.622397205323947,0.5960302898125182,4,2.416091345236002,57.48523466388424,1.6001193558121807,21,0,9,6,70.26824021465673,4,3.479995848657395,Yes
48,13,Finance,1.8171938830989118,1.8171938830989118,10.876169202053113,0.961881939971808,4,3.892828936807192,81.93245131436665,3.4038696653218143,18,0,5,6,70.85973303076204,2,3.6051619991771147,Yes
35,15,Technology,5.6750167067349375,5.6750167067349375,14.81560147596617,2.2334043047080834,4,3.9854164358858633,63.74822736748693,2.8122442624840294,7,1,2,7,61.26500293877005,3,3.323450053781225,No
56,16,Operations,1.310095875766495,1.310095875766495,8.537080012403711,0.6294284386281553,4,2.3568564743613996,52.40124101350839,4.401951422167763,9,0,4,5,45.27884370772324,4,2.498549933907894,No
37,17,Sales,2.494441964581703,0.3,11.84741719892363,1.4176944291592313,5,4.388327513854852,75.12477862792726,2.6710838033908697,57,0,10,3,27.421101401697637,0,4.994197970801526,No
33,16,Operations,6.018324037036934,1.451637840181203,23.67242539494517,1.756001613813901,4,3.804213751306693,86.98689972053238,4.107848609163741,23,0,8,5,56.31455743264159,4,3.3974685842174446,No
46,20,Sales,0.3641007058685597,0.3,7.3178884082455005,0.747063521213564,3,4.287149982082291,80.84508227726397,4.49514589617752,62,0,10,2,27.137237497344586,5,3.6421663621539007,No
27,13,Marketing,9.866601614510294,5.634897201310082,16.615342024854122,2.6089316727465826,2,2.6722231210933134,85.2668827394338,2.1767753020157263,36,0,10,3,23.180340163176965,1,2.595471498470833,Yes
40,20,Operations,2.6984200677632213,2.6984200677632213,14.159570726203262,1.2432770227368886,2,2.519227147224558,41.60878746076333,3.590234196827507,25,0,7,3,23.425311187518645,4,3.4958212107080073,No
28,18,HR,5.344461005460593,3.746715898395923,13.437804411147118,1.1830043304165554,2,3.4005275823038317,68.69536880294376,1.995109616520031,40,0,7,10,38.18648866969731,1,3.1708785915161446,Yes
39,12,Sales,11.72842418169492,0.4850478697122681,19.718498256021753,1.5995400349088762,4,3.3734368455588557,44.407882821658035,3.6936722064966303,67,0,12,3,24.312047552888043,5,2.0078849981123517,No
30,16,Marketing,5.7024033741588305,3.7522156542706577,19.508378652677806,2.822410903941397,4,4.789256256084335,77.68284158958438,5,26,0,8,4,29.653594605694863,3,3.501259582992458,No
26,17,HR,4.483251893482442,3.5091200028278933,14.865633822043883,1.337922544815132,3,3.4833118716145495,76.41170354636375,3.9160530865901424,56,1,9,6,17.976447364026804,0,2.828505653216901,No
21,19,Technology,5.323277131387303,0.34307369764462875,6.636967104521997,1.020137804415683,5,3.504743189194374,49.39122831872851,2.079831936658128,78,0,12,3,22.177175697982143,2,3.5855291030786676,No
49,19,Marketing,0.8326209073685062,0.8326209073685062,6.428485318014433,0.5233579978470388,5,4.906449369474777,54.814334706024184,2.720219199835751,20,0,8,7,47.18297897380192,1,3.216361114328582,No
42,16,Technology,8.496008366023213,8.15589333259429,11.569597310543898,0.8011065139644883,3,2.909004424284283,49.62154981357178,3.9109870407186875,40,0,9,5,37.82233436824566,3,3.1300238239988416,No
21,17,Sales,1.6694882936164723,1.6694882936164723,13.618247244534603,0.9859079772668056,3,2.8783891675770414,64.65053289497963,3.491408963604609,54,1,11,3,1.8554114936619852,2,4.236774073872062,No
33,15,Technology,9.75874750451562,3.3959437785155275,15.13575806151313,1.7471139832965885,3,4.094059053128866,62.00736496028943,4.020200232765057,73,0,11,5,26.22817139799136,4,4.985696546471395,No
35,17,Sales,2.181108768328507,1.2016167657831422,12.795935215917867,1.1647467401990408,4,3.500019266844671,61.64692554749864,2.9157622081962478,48,0,5,4,65.13647276840165,3,5,Yes
30,16,Technology,12.883781269000327,7.473731210313787,20.63009230059804,1.5170832822506446,3,2.7874602524617385,46.7451801859294,3.5164637152219895,55,0,12,4,47.663097021861624,1,3.1443061079819823,No
38,17,Technology,2.6618001035680736,2.6618001035680736,11.757322096387995,0.7806934359532823,4,2.097375344159348,48.869099514555764,3.0034175267857592,25,0,7,7,79.61181594368989,1,3.3667672937606006,No
48,17,Operations,10.33016345088213,2.7719553124081204,11.541820111793747,1.5919372673852858,3,3.899193135153859,66.61962721302244,3.3204068965405344,25,0,7,1,12.635274245223968,5,3.565655988293308,No
31,18,Operations,1.1734636739315443,1.1734636739315443,8.394023090526638,0.776810252530967,4,2.7829362270369717,41.74542185082337,2.719079946319326,23,0,5,5,22.122365882628586,1,4.012207022120257,No
41,16,Operations,8.5027926131444591,6.588538757474224,7.369255432226521,1.3773930308729985,4,4.4043117424168,60.40489391189557,2.6087455329038547,8,0,6,8,22.025462705084426,3,4.0579836974733645,No
45,13,Technology,1.5017506097863431,1.5017506097863431,6.852187292231052,1.2453946088247303,3,2.908215057476113,91.50037717778284,3.1914204128731902,30,0,7,1,28.526145749610777,2,2.0533379182541918,Yes
23,19,Technology,7.702593128126456,2.0314996404654364,8.370850385058265,0.5431784301727907,4,3.0756038735712807,52.69161629971611,2.607140566932667,49,1,8,2,35.13491831610564,4,3.969340615088038,No
37,17,Marketing,19.95842781270135,8.256203812021196,19.735789933979532,3.071038741579223,4,4.806320256647096,60.40551839294199,3.716879489186666,58,0,15,6,25.101896940495845,3,4.9785326353322406,No
22,17,Marketing,9.432776671677692,8.00089124621358,15.610256191063199,1.1548550220600489,4,2.8096293965006134,63.27756760568689,2.0207894216937463,7,0,7,4,13.727555352385497,3,4.100598359393889,Yes
34,12,Technology,4.860257104592631,2.9549009015418437,8.91622096214944,1.1206235961597166,2,2.9097251612258677,42.83440536351701,3.7857854661558092,34,1,7,5,16.280517675134917,1,3.476721743612006,No
33,12,Marketing,1.7214114663028135,1.7214114663028135,11.059303590358413,1.1020848445162368,4,2.080782987224137,68.16535124458586,3.102348249623484,46,0,9,2,6.638178582651342,5,5,No
29,18,Marketing,3.887003216860085,3.148241356127923,8.502586324572,1.0665147779829287,4,5,55.91014483473751,2.582770983805117,30,1,9,7,9.656063443625342,2,2.0945017239570305,No
21,14,Sales,11.242341518877849,4.888317404093744,22.564747837648607,1.474593206946136,4,4.305311800081556,53.28799075177058,2.506634633799209,27,0,6,2,18.764383301453623,4,3.0165970258534527,No
38,18,Operations,21.58567217227791,5.030558873001482,28.330733134429774,1.4739022422114287,4,3.4105867123910985,58.57149809704376,3.8002761800057088,23,0,8,5,24.013817392640593,1,1.875730320088776,No
35,17,Marketing,3.2211854782538274,0.6040503184923535,12.0950336332574,2.0879793453538475,4,3.5180948648488712,93.58301268807217,3.99286852192712,35,0,8,4,52.05365577684754,5,4.047446723026893,Yes
31,13,Sales,4.090864216454369,3.9658967548465496,9.665783677836705,1.5567863713955132,4,3.295402529674668,58.24833234724984,2.9859310036100544,10,1,3,3,32.06200785798448,2,4.03901803836249,No
23,14,Finance,2.60544055438677,2.60544055438677,14.097266686113697,0.7242195925100924,3,3.7110490659165665,65.76790333825612,3.418957292908624,13,0,8,5,31.326099190005433,3,3.78100861584259,No
33,15,Technology,10.883467216515937,4.587869991045572,16.86865555512797,2.7435927073526076,3,4.283376847049145,42.28891685415918,2.9975103473881917,32,0,9,1,16.89316951206232,5,2.627886400137757,No
39,15,Technology,10.551907777233943,6.679265464731113,18.087872601374425,1.4976554376741373,3,4.1978363492745645,68.54692937422571,2.9840351788343793,19,1,8,2,48.96068131209512,5,2.6651933124549636,Yes
24,19,Operations,0.3,0.3,9.927288781335205,1.2106943429926578,4,4.264191794537136,50.52249884819943,3.532847387252841,72,1,8,3,62.82672291627607,1,4.984696421756904,No
32,16,HR,8.28842117779521,0.33564118913488755,20.379642020682194,2.063565840773764,2,4.9750011740622755,68.43956941588426,3.70387194817943,20,0,8,4,40.14254332386075,5,4.594101032965205,No
28,17,HR,0.4989612412176398,0.4989612412176398,7.1162665795193405,0.6763355676623154,4,3.2184233879865607,44.19942330681123,1.0145487633884085,39,0,8,2,29.652964912628214,5,5,No
25,14,Technology,1.2875174720853761,1.2875174720853761,6.206101952055721,0.7907735735803867,3,3.3014191779245614,69.76893133304453,1.8929439523727742,33,0,8,4,30.250875629808647,4,5,Yes
31,17,Sales,1.3479844489413357,1.3479844489413357,7.869685256194051,1.309955206967019,5,1.9176535408078423,31.435498902183856,4.3148035749821805,38,1,10,10,16.229104546423777,2,4.9978538078124055,No
30,19,Operations,7.612118410483045,2.8970750526346425,12.884169868914281,1.6522591772969228,3,4.284891975843941,48.263749375688604,4.188206740257301,30,0,8,4,11.351029024321642,3,4.01791805475719,No
41,15,Technology,0.7147279010529095,0.7147279010529095,8.503547500529903,0.8581992720661396,3,3.477640792999284,39.22256480217059,2.2932196917448766,47,1,8,3,14.245185441789381,0,4.575012336346534,No
44,14,Technology,3.2714913599419204,3.166532904416318,10.404594168497063,1.004043693776966,5,3.798816880693003,65.77337349245335,3.376118681562278,12,1,6,1,19.837111429093127,5,3.9591197996665644,No
47,16,Operations,8.894020146796553,6.452922450617391,14.182644413443612,2.318496446342621,4,3.4817274835276093,52.33175692695349,3.385621989063125,61,1,11,5,21.318551070113642,4,2.7423755606309315,No
39,16,Technology,0.38428509844798986,0.38428509844798986,9.446524157925309,1.3057085743902948,4,2.520871270453932,69.91686149416292,4.297169699192148,36,0,7,2,24.62293147277956,2,4.553504901809581,No
36,18,Finance,2.011024500504187,2.011024500504187,7.176893106355139,1.100508150223741,4,3.3802151802677907,65.04501070040425,3.923502861283621,20,0,6,5,39.97077000077669,1,3.4375370583131466,No
44,15,Technology,2.4963180511941006,2.4963180511941006,14.822199845527617,2.8567277162309677,4,2.1922782375762444,48.94181433221098,3.7903716101216003,29,1,7,6,23.965278414760732,3,1.5468200514244044,No
33,12,Finance,1.2323064519267184,0.6802443222220319,12.088701432829366,1.2172930025692872,3,4.804703098578371,70.7196202724875,5,26,0,7,5,22.73137186850898,3,2.590371736320603,No
30,20,Finance,5.071093686174527,2.1937604804405284,17.156662550149502,3.1271455633999174,3,4.67234389488356,60.21930847346826,2.281955424455026,30,0,7,5,28.2448382556924,5,3.6317425896246416,No
43,17,Technology,20.215294505969087,9.188671003735648,28.087311431431743,4.678984522241827,3,2.9122359691062907,50.83612211282245,2.9158710253616187,38,0,9,3,17.080300867180604,4,2.2902881888795874,No
32,17,Finance,5.160637377983687,2.7642204346407513,9.376806234851259,1.5701257486014872,3,3.702034503088247,37.708208024757745,3.8004514275539187,40,0,10,8,31.751465587882986,3,2.771784420845944,No
44,17,Technology,2.891676108702275,1.5385382496097657,11.619252487350433,1.7023012418102128,4,3.7884042481125375,86.79176916472507,4.184574126468778,11,0,4,4,46.878232615597945,1,1.871893700626254,Yes
49,18,Marketing,2.9501413976917386,2.9501413976917386,6.050216946894482,1.093028116469365,4,3.2862994250204265,49.96569103467839,3.8962136411087283,20,0,10,4,41.92967934755079,5,2.73463900996017,No
32,15,Finance,0.39362791501553634,0.39362791501553634,10.708649475726887,0.6588672014558539,4,2.9892457179485254,67.6712874224046,2.8345345316835107,23,0,7,3,32.65391540469878,4,3.490829894920585,No
34,14,Finance,2.121796660972872,2.121796660972872,12.42851306736223,0.9411768958101308,4,4.3850456995386144,66.14938189542681,3.195235447397862,24,0,7,3,35.78676741385657,4,3.991330590089578,No
38,15,HR,4.113142642941814,4.113142642941814,7.56172213050453,1.128785080726492,3,3.393700009981628,85.24648049933583,3.908341245030886,22,0,7,3,72.39607622564378,4,3.079059991674715,Yes
40,16,Finance,0.8647766681719204,0.5813133579814997,9.545442373297893,1.2713636762822869,4,3.209377103193159,34.851488076100544,4.089187008714577,59,0,9,5,20.545834103875368,2,3.7918042356070814,No
28,18,HR,2.8773418266103263,0.3634889364970221,12.459010995726487,1.997074396011463,4,4.781889880578775,64.51767937841281,2.892466533066281,31,0,8,5,46.06314322021858,1,3.6143454832675928,No
47,16,Finance,2.1689118599200112,2.1689118599200112,10.488856234284544,1.9101463770231304,3,3.180512839088183,55.18997017894683,4.08062983566797,22,0,7,7,30.579111770967753,2,4.323629093746147,No
34,15,Operations,12.654208377258065,4.235864409832153,27.499624363327204,5.2052134932672,3,4.204329365395847,52.14618904969637,4.000692165003157,34,0,10,5,7.3019610576929175,5,5,No
21,16,Technology,5.585055595610313,5.585055595610313,13.089903963060731,1.6698341442268692,3,3.1797949496100513,70.65018215338438,1.414542433830636,28,1,7,8,31.266484535171823,3,3.7282925775347486,Yes
29,12,Operations,1.53857231620163,1.53857231620163,10.217647475108919,1.61899547511018,3,1.8272598841159053,49.45653372608327,3.428250396379265,25,1,9,8,33.39132488187624,0,1.6308409630546865,No
50,15,Sales,12.23227658742136,4.75640078193275,14.673015642564934,1.82502963819456,3,2.008914582289198,74.59902876054228,3.5145631729540936,19,0,8,6,24.63104448832729,3,2.318447384198623,Yes
28,12,Technology,3.452715722163248,1.1896815151998161,13.272885441340515,1.5165205212947288,4,3.554061495632216,69.76310578266147,2.8757336686786017,42,0,9,4,5.335284565308158,0,3.471556696740529,No
56,17,Technology,12.844709228507963,5.190303810191042,14.635047673111796,1.651923248332325,1,5,34.55899525739777,4.7069971168908165,14,1,7,3,20.79833921491751,0,4.990764786443926,No
23,14,Operations,25,7.712061338522186,17.97558985337354,1.923297245997107,3,3.1182579424005143,33.572966176943545,1.7098010373476842,29,0,9,3,26.977518428283425,3,3.782852973591302,No
29,18,Sales,5.059009512288564,0.3,13.716694024412838,1.7151969018693025,3,2.299221264173518,52.78615263367417,3.8960260957306874,70,0,8,4,72.35960545581159,2,4.2581319477597575,No
35,18,Technology,5.797959925185669,5.797959925185669,11.066881980316378,1.1640206999279519,2,4.205906747853795,74.65166085237952,4.480628695563266,7,1,6,5,14.437150536087572,1,4.698222824991889,No
40,18,Marketing,7.223050032858337,2.272625174057716,14.682017128120611,1.1024542407134557,3,2.2852720436790968,65.49196969135272,4.20487497073315,53,1,11,6,48.45628793484758,3,3.4382702220486716,No
31,13,Operations,2.3199562215477654,2.3199562215477654,7.287821392857187,1.2500868177646491,3,3.774509421428981,52.702341910846485,2.287558771231909,47,0,10,3,22.960252044269883,5,4.645205121049608,No
47,18,Sales,4.539253590155757,4.539253590155757,12.365959420265265,2.186735167456544,3,4.96285197025009,45.41500802974346,2.022412864552993,20,0,6,1,25.00908303994348,2,3.638857465514361,No
38,16,HR,1.571233721219071,1.571233721219071,7.987250012868563,0.44306474356095166,4,5,76.06760285404663,3.678667704117597,49,0,10,3,10.606828778035595,5,3.361090417689783,No
31,17,Technology,0.5516413671437141,0.5516413671437141,10.890339203739522,0.6313214214606947,2,3.8050985368630967,68.6291376138487,3.8177504724960043,50,1,10,4,21.043081074324512,3,2.92802686446297,No
37,19,Operations,1.2894367270019442,1.2894367270019442,10.452205196387201,0.6834384647500698,4,5,78.08658159354667,3.5935595669547418,46,0,9,4,25.210545549884614,1,4.392339446503973,No
32,15,Sales,9.74692828727178,9.74692828727178,14.830665387959376,1.7744535482174117,3,1.3667774415777452,49.70526146380062,2.4258559216606304,7,0,10,3,46.02396207180384,3,3.560038067006083,Yes
52,15,Marketing,7.897015573061989,3.5552573029441255,14.524955467414513,2.6688355067221656,5,2.0997493369039075,48.26888401624429,2.202348666411155,53,0,11,2,7.6131112528684115,3,2.8268403101043007,No
35,13,Technology,7.8013860297896045,5.161747401700287,12.35404036481162,1.5239777296588302,3,4.879431345344133,73.51732772576202,2.818428395941943,82,1,12,5,16.20510217010588,5,2.910121289241072,No
21,12,Finance,3.2378622361035423,0.3,12.239504342277575,1.0274728305436116,4,4.303705055742685,47.69220297823287,3.583075459896006,34,0,8,4,16.89160056026121,3,2.9369138402130175,No
42,19,Finance,0.3293209354903016,0.3293209354903016,8.805204296097958,1.7759338401012892,3,3.621764346748244,72.92956471142857,1.601948348005879,20,0,7,4,33.420389345991275,0,3.0681128807331013,Yes
33,16,Marketing,0.987860467770118,0.987860467770118,7.177312353736964,0.7005359027464959,4,4.397388432385492,63.45032713435713,4.387702037974031,30,0,7,1,40.59293422264792,2,4.116516082997297,No
35,14,Technology,10.206554473741592,5.855209423948584,13.984923531895046,2.4980196027533816,3,3.407977356459437,68.39888035531838,2.907518366897629,24,0,8,4,11.358189073319128,5,3.715094333018237,No
39,14,Sales,1.0253751266994253,1.0253751266994253,8.197303758287285,0.6089191486200574,3,3.2214263390117814,62.49743776374329,3.2139781232844427,10,0,6,5,24.846370266579303,0,1.8170036406989647,No
39,16,HR,6.278171791401071,2.0120748426987576,14.201252320653657,1.0969962055833498,3,3.9840101641174557,61.68262854961357,1.972394702554667,40,0,11,4,21.634729941599836,3,3.478340318359368,No
36,17,Marketing,16.018173887353065,6.894883200492294,24.26396744240084,2.4788242399821603,3,4.209066032071326,80.77663923051895,3.1855254745502952,28,0,12,5,15.702788005946843,1,3.6044138130655328,No
25,15,Operations,4.6245023555492395,1.8689474388594407,9.95458674706698,0.7155765322095519,3,3.5810698213627625,54.026928866385035,3.4007871823483495,83,1,14,1,63.38798334886907,5,2.453947203720028,No
38,16,Technology,2.1302916290283944,2.1302916290283944,8.977983431854746,0.9919452281359123,1,1.7030742035166133,74.85465453000948,3.299601623270341,76,1,14,4,7.014540743536933,0,3.9868419423454804,Yes
35,14,HR,0.3,0.3,14.346698915741571,1.6011637860924413,3,3.5722389101318237,76.28132179756659,3.606206459318122,38,1,6,1,33.782023286314995,1,4.999949225514252,No
49,16,Technology,2.5175128520084225,2.5175128520084225,13.800044806866914,1.1055336604286714,3,4.196478687669152,36.84091091675418,3.29339500280959,35,1,8,4,36.17927473905214,5,1.6857224301310094,No
31,18,Sales,7.662978410880302,4.116326494237524,15.02536993348738,1.7423621670702627,4,4.180289556711959,55.272290481929176,2.999406379449425,25,0,10,4,18.85731889948239,1,4.256830334918445,No
33,15,Operations,1.9164881914065053,1.9164881914065053,6.987983055524188,1.2868842508821021,4,4.096263925642229,21.04602858272554,2.978100478091056,79,0,11,6,38.901052727185515,0,4.15401493737007,No
43,15,Marketing,1.6564257949034566,1.6564257949034566,7.564495063838537,1.0040474736512615,2,3.915593293191644,48.68118316031527,1.6892200244359485,13,0,6,2,33.18411415084304,2,4.288668926792419,Yes
43,13,Marketing,2.6585015371086747,1.8548850268554047,8.156562271705674,0.501692344940137,4,2.7826981416656564,72.41969123662419,2.7943039018262477,51,1,8,3,31.489345848220548,1,1.7570363078578832,No
37,12,Operations,4.000226617123698,3.801018366066137,10.098418218743404,0.9347191669825016,4,2.883235020890753,58.08518351875416,3.8958462238858136,23,0,6,3,19.358340946921437,4,4.903426848766389,No
42,14,Marketing,0.9867494845874424,0.9867494845874424,11.62990431574679,1.564260709393707,4,4.589593512759183,43.916100955801554,2.723493335959948,14,0,5,2,37.244880668777114,4,3.924939730635993,No
26,18,Finance,10.595620823872952,4.186685446266276,11.601902202301126,1.9931854573260108,4,4.406102357489779,57.85815943740312,3.126465677939253,31,1,8,4,25.2458060545245,5,1.6762585721793004,No
42,19,Technology,0.8125022597408414,0.8125022597408414,14.45112187938876,0.8954349094367643,4,2.092887788718805,53.184016408812134,4.224255306882428,27,1,5,5,11.819147806778574,2,3.3255719186925097,No
29,14,Finance,24.95521926304216,8.970242580047305,36.22227864505328,6.856779091661986,4,3.1607223653762944,64.46521336758576,2.2150019314606944,42,1,14,2,21.128830773578247,3,3.949498251813601,No
28,16,Operations,7.430787596603234,7.430787596603234,14.508082101615972,2.231732548939909,5,3.706867400284807,70.71383822185807,4.993060875771237,78,1,11,2,50.57927213031795,5,3.912082173408449,No
30,17,HR,3.891714871551787,3.891714871551787,9.282777689217827,0.6904437044240987,3,1.9691692249944823,79.46824825088304,3.794009871213247,21,0,6,3,12.426318913991173,3,2.1079985847459173,Yes
39,15,Operations,9.776760177276044,3.1945789903912276,11.741962237725856,1.035547070909489,4,4.998425523895949,34.09125062782804,3.606067008761222,55,0,9,6,15.354846669946777,1,4.734023802555143,No
43,20,Finance,5.060233550148295,5.060233550148295,10.023471124816425,1.3191013953240251,2,2.718824420841863,74.00243665888168,2.398055213390168,14,0,9,2,27.21847304624773,2,3.6936593908866016,Yes
32,15,Sales,2.7744416362305575,0.35765908231477855,9.007756825944751,1.431497318813412,2,3.900955541129957,42.51426691582329,2.204873261148179,8,0,5,6,44.769073891544835,2,2.166787962217392,No
26,17,Sales,7.290424558230153,4.0714509240728365,11.442740595510442,1.094659467310995,3,4.894449885208037,86.24361033055973,3.689632984520245,50,0,9,5,42.495281925553044,3,2.8562810910533813,Yes
33,18,Technology,4.80884588899119,3.521732246359753,18.85522077607259,1.594184090518226,3,5,90.02640749037685,2.7068539530103504,26,0,5,2,16.621578369267734,3,3.3315310924190555,Yes
32,14,Technology,3.7505407833442637,2.8267051827220397,16.795651978578643,2.8388056992529194,2,4.094002782329023,47.726068938800154,3.6840231507042915,13,0,9,4,14.986291602679724,4,3.573136156721906,No
41,18,Operations,1.5452074963292273,1.5452074963292273,8.092143275329772,1.421223849577567,3,3.4985106619310558,68.80190083887446,2.8577443744838016,33,0,7,6,57.54195580519953,4,2.070578116724471,Yes
36,13,Technology,0.3755703930203794,0.3755703930203794,13.448430373051005,2.0266940894229757,4,2.7192411767430955,20.267049456305344,2.823097361314079,81,0,11,8,20.750695834578455,1,1.5864181496574208,No
35,14,Marketing,0.3408240686645553,0.3408240686645553,10.844418390633587,1.8404367620770121,2,3.692432501662806,62.21140695437506,3.5082262514491975,18,0,4,6,32.101335959134474,1,4.193159448351634,Yes
49,18,Finance,7.898799587704872,5.276097735383955,13.156260887585203,2.3405013124049194,2,3.201175622405432,15.02979507633086,3.4256758220740546,52,0,10,5,41.46219728911599,5,3.773891517359102,No
34,17,Marketing,6.778654751086278,2.9023719215396238,8.838027505530134,1.1527387863500849,3,3.0809075498652394,54.33185657435105,4.627124056795328,40,0,6,5,23.284526741604438,2,2.425448499923984,No
27,17,Technology,8.723229489586586,7.0704434418089885,17.06792873147127,3.050532245865054,4,3.262217804765669,53.623054178006505,2.395405328537214,50,1,10,5,37.722019792376734,3,3.064923069508135,No
33,15,Sales,9.086238871691972,2.3910238393956798,15.267216994210317,2.3860118535078687,2,4.111139468771893,62.556099873296276,2.9948095275939663,28,0,7,5,79.79619102711767,2,2.3778342014916154,Yes
32,17,Finance,5.710710716724769,5.486802340968879,12.443468538884229,2.064309963241096,2,2.483832944186359,70.93313546163438,2.418161385960281,29,1,7,7,2.5440972034378238,5,3.1804170469886666,No
31,17,Marketing,24.954371210045192,9.743079015345502,24.053605746147976,2.3749368885812996,4,2.62481546284461,62.6595525182738,1.6969998704709892,15,0,9,9,10.812793884757696,5,2.627710178477303,No
42,18,Technology,0.5731996064623689,0.3,7.557278489296309,1.2347321120965506,4,3.467706530600342,46.0935291418614,2.968136474302888,56,0,7,5,33.13977071522863,1,4.198507750953917,No
26,18,Finance,7.857796458283811,2.863270471756855,13.108454244842326,1.4335807148925754,2,4.422713432272454,52.360407431099915,4.195576236151332,26,0,4,1,12.493924323590933,3,2.424210458961179,No
40,17,Marketing,7.4218744620306865,4.996679886220128,11.440198479080792,2.1463721903966886,3,2.9819742726525167,100,3.9960945580922007,26,0,8,1,10.94908875185014,3,2.2495033523806507,No
25,14,HR,3.0796654556132648,3.0796654556132648,9.08724729013562,1.4734993658709712,2,3.771844623308073,84.69178795643448,3.5834517489331636,21,0,7,6,38.39815222809079,2,3.676046290254872,Yes
35,16,HR,3.5356033513808467,1.6549797195735505,12.955834130668798,1.1608896722560498,3,4.3911555390992065,70.27799117253318,3.1107968490920914,18,1,6,1,22.581975993309566,1,4.969921410632764,No
21,13,Finance,4.220058154067486,3.030604173013039,14.837215780499363,2.4135436861452537,5,4.097942243398245,28.045894307356278,1.7165257115727197,37,0,7,8,26.026000035545405,4,3.5328018234585903,No
32,19,HR,1.9584671030770795,1.9584671030770795,6.846386656719975,0.3980367761780311,4,3.597112033582627,77.3845284463406,2.587943073327071,37,0,9,6,15.098339937255496,0,3.7761322234728314,Yes
31,17,Marketing,0.964258295893281,0.3,12.002854686368556,1.4499091998908507,3,2.783591215976421,52.11900564809206,4.322023736459453,24,0,6,8,26.766189948919425,0,4.008448001394036,No
21,16,Finance,3.3888578555087774,3.3888578555087774,11.521178411352384,0.6221655601202325,3,3.6038558641267597,61.06589769781346,3.4935760999867913,57,0,12,4,47.64890582679474,0,2.6715194492931347,No
48,17,Sales,5.194080915354019,0.5660524628997962,15.955557169711826,1.890657179121652,3,2.7086869070338575,72.551129606313,3.393343463960131,32,1,10,2,16.639303580180194,0,3.409927631459915,Yes
32,15,Sales,11.736041305529923,3.1376331629482643,15.332247112566773,2.9054797469172966,4,4.015924732213505,39.174694230531586,2.596967166730111,20,0,7,3,19.225135292864476,4,2.10245359389457,No
47,14,Technology,1.2020671232643865,1.2020671232643865,9.845179351001798,1.8721867311366525,3,2.504073939797755,70.8892599508308,3.279174845177629,16,0,6,8,30.228738787180955,2,2.7198433977716916,Yes
21,12,Sales,7.387103732881271,5.0021890207272754,8.57269156227666,1.691983347294148,5,3.390070127529395,39.29176990284207,4.910450911667817,49,1,11,2,26.135012608513087,5,3.7360325159335233,No
41,15,Sales,1.3695660528914921,1.3695660528914921,8.57851506046419,0.9903773156820036,4,3.693004173694325,59.55959990944985,4.790979952622376,6,0,4,5,24.55820709982009,3,4.084887650662347,No
43,15,Sales,3.869015060043018,0.39529612071832215,11.826018188958573,1.605219923899703,4,4.068425523318809,45.751092462610444,3.2924138222213784,40,0,9,3,18.963990330782462,2,3.285682441718152,No
26,15,HR,5.586588322776543,4.1700828932667635,9.706875750150088,1.9235194035073215,4,2.07468638408684,64.8377456945377,4.709121833170557,38,0,8,7,36.63387218635272,3,3.7978377975142115,No
36,12,Operations,0.4149211406886397,0.3,7.320368855208114,1.1926327507398116,3,3.789216609926764,83.23976787633471,2.5962516377704645,13,0,4,4,4.18186673546181,4,4.011227573746197,No
21,17,Finance,5.099485920474839,5.019124845479676,8.764965648782105,0.9579701448811972,3,4.280583527714135,57.652988549313356,2.180270503057165,43,0,10,3,51.24618857755871,5,2.585625865773889,No
49,16,Marketing,2.8156042447412144,2.8156042447412144,6.554621089794215,0.6381589875237731,4,3.385543839725198,52.654902471181174,3.486172975520926,24,0,5,8,16.228363349573552,1,2.299509850377728,No
41,15,Sales,1.212161498023399,1.212161498023399,7.436645220242075,1.2229891650172258,3,3.3918433872474005,35.13236399877185,2.9787345860231045,29,0,6,4,45.0905005194828,3,4.375715163262972,No
39,14,HR,6.424610401461241,4.834056957810297,9.816818578723051,0.8792848086347737,5,3.513081027129041,59.24196477136471,2.897475694841971,30,1,8,3,58.41988973192885,4,4.35680266540671,No
34,18,Finance,3.915965506978696,3.915965506978696,13.91168387263403,1.2958893002777814,4,3.3923369008426194,41.0924700960411,3.013411623149784,41,1,8,3,48.124148889216784,2,3.4904296529606484,No
21,15,Sales,2.246386748947502,1.7896984451583402,10.020052081698271,0.6440260284607691,4,3.21248025601011,85.50164409754986,2.988681523682688,34,0,6,10,14.890532495218164,1,3.190187115260982,No
60,17,Sales,1.6588447259997128,0.8385662107818459,8.311004188429258,0.9446258273072975,4,4.705798201811225,70.41994604559396,2.807198299115507,27,1,8,2,55.470410284621856,0,3.9507395795966573,No
39,12,Technology,4.606778231343866,3.3147739270458563,12.185577979089691,1.3347158908672616,3,3.7840005101019734,87.29351998219394,2.875647517748132,42,0,8,6,29.021463492726873,0,4.4671847571838335,Yes
37,18,Sales,6.463219486187632,6.4547248681159175,12.478892171818542,2.286549981765936,3,4.198903298483808,72.80054050554972,1.9292166552578596,42,0,9,0,60.28332427293814,1,2.054299898141956,No
43,20,Marketing,0.41161805247886163,0.41161805247886163,7.414297285475424,1.4662491527972858,3,3.516246603418942,82.06607725900791,2.818113294843506,21,0,5,5,19.204520148847056,3,2.6668531975772947,Yes
42,14,Finance,4.766903182914168,2.431611945999779,11.685160575504504,2.2194606640005583,5,3.986713028461861,53.532329777894,3.284339869248733,53,1,10,2,50.48717536302148,5,3.5121262641459827,No
35,16,Finance,2.5595547602862596,1.5043601484344977,10.517086806716321,0.620561129552893,4,3.603811642832696,68.82264203519117,3.5057412165859883,40,0,9,3,79.82909282785906,3,3.7466916380230417,No
38,15,HR,3.5629715097572947,3.5629715097572947,8.127202187170758,1.3479686473148818,3,3.6879104705612766,49.87538905119518,3.3278903843393666,22,1,7,4,10.272834663381737,4,3.180341101504546,No
39,16,HR,1.9211759588249038,1.9211759588249038,7.934910158096047,1.562382375892272,3,3.988064952638478,78.41525900890011,1.3110572083635015,32,0,6,9,26.166162662257857,2,3.962378197196562,Yes
47,19,Technology,3.671382742903373,0.9499449304319632,11.228926572765829,2.2297290814652557,4,4.413871698166321,74.37626582644434,2.9349173898981435,26,0,6,6,52.3072248785257,3,2.5283697785700054,No
51,20,Finance,16.040635134714915,4.422229775089854,22.970839606744534,4.48404853954739,3,3.3044976447906844,36.301410774705154,2.8054341616109135,13,0,6,3,62.3389194001229,4,4.473850881513971,No
33,12,Sales,3.7058487683721557,3.7058487683721557,7.220113484990689,1.2663648955012152,3,4.488461535168102,55.389022440583595,4.267845648699219,48,1,8,2,12.881112370823008,3,2.114918143775595,No
34,15,Sales,7.506089000448398,2.1232884727739854,13.70643448956803,0.7777569360259907,3,3.5885336921480304,45.63895917685169,3.8839010467549153,34,1,8,4,41.053728835221946,3,3.735832972719904,No
42,16,Finance,0.40396845565033646,0.40396845565033646,7.272787970891228,0.6419748314846544,3,2.6338684321778447,69.59131754294378,2.5778222888188487,19,1,5,4,25.52535344929906,5,4.48767077346295,Yes
30,20,HR,13.207628306747466,7.905811655103105,18.711130171117745,3.0615175817212523,3,3.995454739324003,71.81676934394714,2.8935428876390294,45,1,11,4,23.633570003906442,1,4.936311071489431,No
40,16,Finance,2.416363120923618,2.416363120923618,7.462201667147174,0.698790604537908,4,4.284809286072292,63.7711357188976,2.6871314253268856,35,1,8,10,17.1970817944448,2,3.768912971557225,No
39,18,Finance,5.647612606896524,2.062794900616939,11.82620363795113,1.3119818522087876,3,3.021069522689716,58.1883948045417,2.122847865438181,25,0,9,7,19.22545067995221,5,3.3662276362442456,No
25,15,HR,7.7085658083691175,6.775436539844398,18.894930858997842,3.041491865972342,5,3.2071414875211732,45.81913907681382,3.0045959442456884,70,1,10,4,30.701197537891623,3,3.3143157081593833,No
40,12,Technology,5.413846467559494,0.3198700215801884,12.721652305600479,1.8942205689462381,2,2.604630059422833,48.73687459531818,3.6093083597187223,7,1,5,4,15.499465568210917,1,4.133527927555317,No
36,15,Technology,5.251826065994523,5.251826065994523,11.197713832748347,2.2358149439275716,3,4.111964237764178,60.727028586414505,2.823811389265078,12,0,6,3,37.6698003545808,5,3.119343748972864,Yes
35,12,Operations,4.4519646626693286,1.7689115947413743,8.642354445513615,1.66532719433046,5,4.419391151358737,53.67262249349945,1.8012088154719907,23,0,9,7,13.179698882523638,4,3.345078460155098,No
33,16,Marketing,3.2874742889635526,2.58470287274315,12.770953854632033,0.6994209153741914,4,3.2104415920210556,46.85175242826102,4.501400958674494,59,0,9,6,24.062087898040218,4,2.9025926359385794,No
35,15,Technology,8.217297596264364,5.682308551519424,15.477691968448845,1.007509219451123,2,4.80118171079722,100,4.67706623209974,43,0,9,7,32.87163261732033,4,2.8400295889247325,Yes
38,17,Operations,0.4715102288549482,0.4715102288549482,10.504212161015941,1.8028736521612212,3,3.8723616738038413,50.83487385908367,2.8041045757278766,29,0,8,4,39.03064149145818,3,4.0026918036936925,No
32,20,Operations,0.8090852659056197,0.8090852659056197,7.323003175718619,0.7562938870690683,2,3.409884551258254,18.581809604255845,2.7043656339239153,35,1,8,3,30.06845285493066,2,2.4925912676252246,No
43,16,Sales,1.5400897904683968,1.5400897904683968,7.231453715701748,1.0086833724066038,3,2.7875658104855656,23.097853735955002,3.6887592048784614,37,0,7,2,28.98233275146154,4,3.1996565904993535,No
46,14,Operations,3.369174150132576,1.6825990537113666,8.75845806662403,0.8368647318254425,4,3.985009642371857,74.27529976960237,2.7190932917383357,14,1,4,4,28.446231117220254,4,3.9878159241975397,Yes
31,17,Sales,12.625462232362567,3.391936642500605,13.184560070563123,1.6809478639734088,4,3.8910920937748763,49.58759799022432,3.5078342396914923,24,1,8,5,11.080239106141406,0,3.914233586077029,No
30,18,Sales,1.0010231188551444,1.0010231188551444,12.246267612723894,1.7663342891282658,4,4.307369376664328,64.06782292511166,2.6816524677465323,28,0,6,2,37.08418746371538,2,2.8299621695633377,Yes
37,17,Sales,1.5973984504063787,1.5973984504063787,6.346066620178041,0.7337026231891792,4,3.2867750164189258,59.38280968162187,2.793073621703539,28,0,7,6,46.13607828036078,4,1.8996982140284921,Yes
42,17,Operations,0.3,0.3,6.481002846238377,0.5161142677891981,3,2.786400431260325,56.161072669231615,2.6069334185188118,30,1,6,2,27.341431716261944,5,2.826731310727102,No
32,15,HR,6.479564655880575,3.090838603639504,10.89753799664563,2.0906834824386826,3,2.5352599073238333,69.4530894219251,4.356496539350271,39,1,9,4,13.413514264673237,4,4.377919374295445,No
27,19,Marketing,10.153255791869404,3.7374431007633806,18.506276389224393,2.413734195174795,4,2.797710591708962,59.934274030592775,2.3136873983485065,11,1,5,4,8.839754640703918,3,3.4738143341935372,No
48,14,Finance,18.40012843764857,5.360351465808325,32.14164189643423,4.542505632833241,4,3.7988664097395204,58.46710178365578,3.689121828509752,22,1,9,8,45.37690482806688,4,2.8124142507034806,No
35,16,Finance,4.261015715219883,3.377667813397054,12.190818742000818,1.2092729982202837,4,3.4836662971827836,51.99952646005314,2.3834152852138164,8,1,3,1,46.693761209043494,4,2.623406866344919,No
33,16,Sales,3.533818376253821,3.533818376253821,11.996553422276445,0.8543126175098353,3,3.5943480295597,24.443665473271402,3.891391564530716,28,1,11,5,23.018346957897393,5,3.9470221270404795,No
42,18,Finance,3.1373164023243745,3.1373164023243745,11.077146017692298,1.9237693178938133,4,2.7130316873198246,62.8754621164363,2.3912012431667247,46,1,9,5,64.8396462565165,2,3.7577021695560044,No
51,14,Sales,5.298577855875032,2.581321743363724,10.409467325358884,1.073120267142802,5,3.607659547456534,82.74785994255274,4.961145056833203,33,0,6,8,28.35065514543815,1,3.1595394626297564,No
38,15,Technology,7.577802173943896,2.210543041058919,5.8758107885096065,0.359583771590211,2,2.820783709320242,34.37676428774352,2.4909754921190683,54,1,12,6,26.653469290504617,2,3.6079296837870385,No
39,16,Finance,2.439398189624877,2.439398189624877,9.203532835963589,1.7334260281652927,3,3.083439281273434,52.74059555271066,2.809415382259634,28,0,7,5,32.03278579198322,3,3.6422000849171465,No
46,16,Sales,4.906123382895136,4.906123382895136,13.443033791354988,2.4246127137673215,2,1.8900194979154166,59.5843173078029,2.9922938321333366,20,0,5,3,55.6012338361014,4,2.886677528530022,Yes
41,17,Operations,1.009416518625126,1.009416518625126,8.831740855960295,0.9032967462344315,3,3.733028636366482,51.81287429430114,3.1934472628388795,25,0,5,3,3.716567389473233,3,3.6175843387713247,No
37,12,Finance,2.8900556585019794,2.8900556585019794,8.444366843496883,1.5725608559160418,2,3.7806560593452576,34.902655093456026,3.004429573200746,20,1,7,1,15.590183884976176,3,4.391816978605513,No
44,15,Sales,0.4961924756107764,0.30248424864235907,11.16295592505675,2.1769747311958634,4,3.4871327387120874,58.00180652814167,3.206465332342686,23,0,7,7,17.185596900052595,3,4.291380910963986,No
30,15,Marketing,3.4905936553489902,3.4905936553489902,10.54952343645733,0.5835687813665916,4,1.4071657865414122,25.45854822977294,3.705238035751587,44,0,9,8,11.384345446664117,0,3.4689451821761703,No
24,13,Sales,2.5368988113238444,1.2923687696072546,10.729088039565372,1.7781157197538084,2,4.081768210561097,48.47202989454545,1.6024598319718144,13,0,5,7,33.700136409247,0,3.255582306346041,Yes
31,17,Technology,2.7599622535610453,2.7599622535610453,11.058316015752563,1.530189543844902,3,2.289443228777139,76.79880427794947,2.487072216952912,29,1,9,7,26.213758463300678,3,2.6777651268423535,No
25,18,Operations,25,9.05881285520088,25.204891130703647,2.5622279793447453,4,4.7135396218587955,46.95462771551569,3.2693187967502237,47,0,15,7,29.013432387969985,4,2.9524384314848504,No
34,17,Marketing,3.6563396381242574,3.6563396381242574,17.404274464373966,2.6749823618472175,3,2.8974484893210204,59.880098722750866,4.199700188884682,25,1,8,3,70.10723208279848,1,3.850794530096172,No
50,18,Operations,23.71157826692898,7.802499515915322,44.627094276134954,3.8221560030374824,3,1.7880110390088448,34.78963462753802,1.8081496511240482,20,0,8,4,2.9736731002203567,3,2.422103483082059,No
32,15,Sales,5.912432928958249,0.8322212895666119,13.981242772520112,2.4449959447375393,3,4.124050334659819,59.156690604179225,2.907115561523272,30,1,7,2,20.09190003278166,2,2.9282429019573812,No
36,14,Technology,9.052622929102943,7.103323763133208,9.898359394498186,1.108893213768511,3,3.484072809851618,56.46887384674699,2.909577526709466,58,0,10,6,21.11027090425529,1,4.007402895702379,No
25,16,Marketing,11.714479862129435,8.666601961973297,18.007219898961257,1.092984517813689,4,2.789182253301235,40.812265106117145,3.2712470775709463,21,0,8,7,10.256759493019976,5,3.302785956794363,No
34,14,Operations,1.349904436563135,1.349904436563135,4.553992742840834,0.6391004724261613,4,2.30467367977868,72.40214621770507,4.219434268467459,34,1,10,4,21.654818848697854,2,3.807882070930454,No
35,17,Marketing,0.4662858618371436,0.3208398484631234,9.499755570944387,1.0547102198287628,5,3.7151433507377987,61.18510214747402,4.206721647084431,41,0,10,6,22.271863032415045,0,3.6648104788075484,No
34,14,Marketing,9.833509851172437,4.0613845812156235,18.521139107186954,1.1164849569350956,3,1.935068511930278,53.95504201502279,4.285904792824548,43,1,9,5,13.695834640636578,5,3.452297357802512,No
39,16,Marketing,4.084799756122228,0.314419792222003,7.098727528311529,1.1700168682625864,4,4.125971342300227,65.6615554983502,3.883588046458628,34,0,9,6,70.53207753157187,4,3.195491579733064,No
21,12,Sales,0.35037250914636175,0.35037250914636175,7.932730887309497,1.074829017529443,5,3.481218813552758,42.50477456675125,2.4855750601960516,23,0,6,4,14.403353928001488,3,3.958916062377218,No
23,17,Marketing,0.3,0.3,5.6775634494262555,0.9631328712385896,3,3.106021568919374,29.822958616534603,3.496943225818598,27,0,6,3,19.318945295254824,3,2.6102413723932982,No
39,13,Sales,1.041788499071806,1.041788499071806,7.342802609465823,1.009377644145221,4,3.501591020141734,68.0876022950408,2.1993100035310538,23,0,6,3,30.172012308067174,2,3.6975726600547083,Yes
38,19,Sales,14.25754553966499,6.91013375140936,9.83700482008689,0.8217209193917084,4,2.704797530448516,19.82719518814055,3.9002674032260454,29,1,6,6,32.38055310115535,5,4.262275361616502,No
30,16,HR,2.0806842320603836,2.0806842320603836,9.669223674439106,1.01501070599035,3,4.499188038035696,64.965083670372,3.6822772399714543,61,0,8,4,16.108646493760926,3,1.796260873925117,No
40,15,Operations,4.839578363337035,1.144388315792514,8.356055992346262,0.9664821518881717,4,4.320652965933667,57.20622192695163,3.993744981625017,82,1,12,5,33.63913651586662,3,2.4977633187929036,No
45,16,Operations,2.9239106011190685,2.3175619718259046,15.658284456827971,1.6677877766423859,3,2.7994694239694176,55.146465890782906,3.780795547685232,45,0,10,5,27.592998892404992,4,4.446520982137831,No
38,12,Sales,0.3580445190804995,0.3580445190804995,9.049288514978773,1.7202721314347424,4,4.78039682785724,63.36525164454418,2.720813001944955,17,0,5,5,52.48797617830955,1,2.335092676356945,No
35,18,Sales,9.534407952184727,5.879998784314236,9.971003588979876,1.81856595653526,5,4.008959412608449,54.550592181839235,2.9787041129039236,19,0,5,5,13.191437865887512,4,2.7888282807851916,No
30,19,Sales,0.3451023197173732,0.3451023197173732,8.862376932270346,1.6458437740657281,4,3.838084798534999,65.20289779092197,3.182982381717887,23,0,6,2,29.945878547179706,1,4.991690372482132,No
26,15,Sales,2.507803858205649,2.507803858205649,9.55908495662315,1.171904644950144,2,2.2738119190726613,58.76627196282016,3.3221014825817985,34,1,9,5,10.138711151841166,0,3.4922494241258604,No
21,18,HR,1.416178645044876,1.416178645044876,6.775672774803499,1.171966371769468,5,5,65.31896979120935,3.1890573776321602,29,0,6,3,7.712057037708875,3,3.71187753050483,No
24,18,Sales,9.251878068148994,6.452301221010338,14.200595048324987,2.129675693889067,5,4.893595783943046,32.03589941841917,3.7064305186471485,6,0,6,6,6.088371706792753,2,4.472434610335413,No
23,13,Marketing,20.29020050807195,9.527077324926509,28.497351458553076,3.906710915825766,3,3.8951125088815957,56.40573088609877,3.8237274787910995,22,0,8,3,45.26378609273421,2,2.5224715321360267,No
40,14,Finance,1.7956436823372104,0.3201462611925636,7.285452779071978,0.8267894204413215,3,3.7983277583642097,35.70336825375597,4.277622345102303,23,0,7,6,19.789301977326506,2,1.9884483560010562,No
33,18,Technology,9.718480992357234,3.837573721619535,22.84380904210104,1.7602026035002,3,4.778508662570948,36.69011131794102,2.3073255321534902,44,0,9,3,46.18690466693688,4,3.2784955394452853,No
31,15,HR,4.25212237460961,2.8008490049898116,16.73180535732275,1.0602087642422229,3,3.9974626780860794,68.84348289827209,3.3910598852536395,22,1,8,7,33.030259122232685,4,2.7919710847277495,No
24,18,Operations,8.787220754460476,2.821325952968954,10.833014599962796,1.6142870175375563,3,2.720818064142358,61.66378584916379,3.6028949701111608,39,0,11,7,46.88712379982814,4,2.0305294680458026,Yes
29,18,Sales,11.081649010333287,7.5893195099613955,22.217176626517126,1.8764229372667878,3,3.7879652739529495,38.80264343532224,2.0102020027407983,29,0,11,3,3.19731321375772,2,4.155339730579779,No
35,15,Finance,0.7574156652670756,0.6905220180379253,5.702706539010617,1.153197632834006,2,3.7962903165183315,91.15616572233859,3.2067786698741676,58,1,10,5,24.13039123942799,4,3.2497602876285887,Yes
41,16,Technology,8.434374711342135,3.4142915826561837,17.92426328452233,2.2005675197910644,3,3.223908822224422,38.67681891371116,3.0975822437298706,26,1,7,8,32.61206250245666,1,3.4857852886855847,No
39,12,Operations,1.4694751018950447,1.4694751018950447,7.3083113506694275,1.1877234193132105,4,3.3124231852363324,68.47525150825923,4.235843853236364,27,0,9,6,22.414030711732057,3,3.9616893197844543,No
28,14,Sales,5.042428949465435,4.300450500259241,12.634758089916971,1.8844138484130046,4,3.411836970126988,41.84481244958818,3.410952737239801,74,0,15,5,9.849580557378658,3,3.561132833141114,No
37,17,Technology,7.564964256005395,4.845233674945781,10.929381165319601,0.9971491894896745,4,4.988315671976447,31.269638907098855,2.7054071109216014,13,0,10,9,22.342090162239863,4,3.1682605065612406,No
45,12,Operations,3.2811045344439584,0.38235068642502434,10.1503010016553,0.5443085201564444,3,4.311504117733452,50.029346023837945,2.4947249192394607,73,0,12,5,21.0396103020507,4,3.287204774149104,No
30,15,Sales,3.474180902124581,2.8002943811006555,11.011568706628173,1.7653029528399835,3,3.310200875204823,34.97850642635493,4.989296045610177,22,0,8,2,4.553642241697835,3,3.8690965147117446,No
41,17,Technology,0.42595047353648285,0.42595047353648285,7.992327776414237,1.2856898526366631,2,5,95.25267863999434,2.260204172538538,30,0,8,4,10.346508590878926,1,2.4830179060153035,Yes
31,20,Technology,4.805414853322359,2.8094773016205536,12.445230550706812,2.2382657612632153,3,3.5102248720682816,78.67425304203618,3.0126138842865,46,0,10,6,40.79030300695849,2,2.9847619925420994,Yes
25,14,Sales,8.69914555049916,3.447414050945328,14.100683372622457,1.1395285873509797,2,4.591014870070376,76.1246644620969,3.3852661615408586,37,0,9,6,51.66491249517621,4,1.2583492389543838,No
21,15,Marketing,4.636547455964317,3.638925701368744,14.83245756623834,2.94340532401746,4,4.8019915513066405,56.31888197036831,3.1188683962341157,65,0,10,5,29.07489694708317,4,4.311663058063049,No
40,15,Technology,5.955122283156407,4.92806201361296,17.288690242448514,1.9417903974936295,3,4.989232167708483,53.206579393469475,3.713148613093178,32,0,8,9,23.04675751238103,4,4.304233401538355,No
34,16,Finance,3.9074705951835838,3.837376952624266,10.386162602244273,1.8853183288141697,3,2.5947833954365933,49.894274087838724,2.4895555799000118,27,0,4,3,61.08904459694373,4,1.4209199714073484,Yes
48,17,Technology,8.932066803511733,2.3312157660540604,17.67998370677456,3.209194080363929,3,3.4946044251219024,47.348262638253324,3.5904616320241702,27,0,7,6,43.71487544683703,1,1.7452953035203904,No
40,17,Finance,5.849581136497287,5.849581136497287,10.683946782218513,0.8937884560858197,5,2.0829847562614945,45.72650259184058,4.197542014301683,32,0,7,4,46.006954222848066,5,3.0765636578994813,No
49,18,Finance,11.487078695903724,3.0716808156553497,11.795486817290904,2.297378357040593,4,2.709578090138014,60.85237090444623,2.87620980273158,47,0,9,8,36.05406054029597,5,3.9670348054036415,No
27,18,Sales,6.329552257024949,2.287409534674583,11.257589852425484,1.4773326746750348,2,2.4954933048339933,47.468645074168386,3.1149235755783558,41,0,6,1,19.849581868569594,0,2.1973803109607695,No
45,18,Sales,4.008794246154192,2.212711788580587,9.086831713796316,0.9070865159565236,4,3.6828884261743218,40.815790329563505,3.484410413206789,39,0,9,4,37.49006816202874,2,4.722875421587438,No
35,20,HR,1.6357088257565602,1.6357088257565602,11.745871680754986,1.2981490841049896,4,3.876405153332118,91.79614555678674,3.3104425219228477,47,0,8,2,16.907908893116396,3,1.7040469483820255,No
33,16,Sales,4.164953616060686,4.164953616060686,8.17165577943545,1.6061666615210142,5,4.091328511832871,51.471275610540744,2.701545969023248,36,1,5,3,65.95672138015354,4,3.08939181362907,No
24,13,Operations,4.2582941060673445,3.574799418346137,12.030101739253286,1.8665826828719667,4,2.8871667159229584,36.17521657289362,4.0858689311675676,17,0,5,3,31.728405421907105,2,3.459820956792479,No
35,17,Marketing,1.0259270560302762,1.0259270560302762,7.762755900710171,1.3472523094206452,3,1.3093776093266964,82.83453559267475,2.4775493547323935,15,1,5,1,16.781281833548924,5,4.6722616055283295,Yes
35,15,Marketing,0.9062771235949331,0.9062771235949331,10.522352101264588,0.5970781129427193,2,2.8107072747368087,65.03527672746903,2.884460275665697,16,0,4,5,20.201101916768717,3,3.115884630374121,Yes
46,14,Operations,12.893466863089191,4.999579132819609,17.801458902027214,1.342429390521997,4,4.7160402900850835,47.89583527284841,3.3804049981067323,11,1,8,6,32.099694090593694,3,3.1965407981216947,No
21,12,Sales,8.612436075828416,5.133077425163478,14.181649146083204,2.092263223626466,3,3.9021228228743774,65.24083082086653,2.082666738637811,24,1,7,8,41.00932367889794,3,2.692934156903101,No
36,13,Technology,9.623563122126985,1.780573022962946,18.216057448793126,1.7699394357069265,4,4.096818818019576,49.82027262128897,2.391337764844821,49,0,8,3,11.408327587257185,1,3.3337499724101387,No
28,15,Marketing,1.51086415001109,1.51086415001109,8.576595476799351,1.5235825742467966,3,3.692094845664719,48.789176255900486,3.693847050670358,29,1,7,2,32.176106561788984,5,3.5073763672266915,No
29,14,Operations,1.5948377091252355,1.0791991160288301,7.351362507954403,1.2241629610110492,3,2.787835488326107,46.888962671720435,3.1081062320595882,19,1,4,5,20.718034309616797,5,2.989051701053803,No
45,12,Sales,7.779820137970626,2.365568221137547,9.984054524484236,0.9359210120215504,3,2.094339355179628,74.31620409076217,4.193433559420761,17,1,10,5,55.5603966397465,5,2.47808162753208,Yes
32,12,Marketing,5.894979755997499,4.511452406210458,11.96370668226586,1.1805170060506154,4,4.294142311164422,39.758684411277706,3.802694632396162,14,0,6,5,39.78710901454421,5,4.779263752698799,No
40,15,Technology,13.659755907958415,4.9260154254634925,20.15580355102785,3.8229012077579343,3,3.1950043605484706,58.14524085333418,3.0854208523472457,34,0,13,5,11.991217191356863,5,1.3040165518875237,No
35,12,Finance,25,8.926916907243772,37.184560690408986,2.8751823847170264,4,2.4115433649478053,74.72943607685475,1.5670133509946402,33,1,12,4,10.406564276534564,2,4.999247774484013,No
30,15,Operations,12.095662479290278,3.9108851943573693,15.566458038924264,1.8255776170616898,3,3.3136035518004494,73.86169071259687,3.306315429948172,21,0,7,6,29.762217945544553,4,3.1110648076467347,No
43,16,Sales,11.656224868940841,5.474391615686911,19.19209408868168,2.700669630624677,3,2.706327253914611,95.30573259815246,4.837959610881073,40,1,8,3,52.86881176824516,3,2.39275529201801,Yes
37,17,Operations,2.038138992838689,2.038138992838689,7.490771037745669,0.6856304739456183,4,4.015847238959626,72.50041354348275,4.001151910730542,37,1,8,5,12.597282022608608,0,2.206773382649419,No
22,17,Technology,4.635246070549517,1.5426810178386712,11.930448925740167,1.673471660490587,4,3.402929793500983,75.55733097370184,3.796843252137244,42,0,7,4,24.69799269022891,1,3.2789676843863513,No
39,13,Technology,11.702854957160364,4.404344563296023,22.699672314551492,1.2184284142366875,3,4.997246172331056,47.38798703892442,3.181647106873958,28,0,8,10,36.628352506572675,1,3.992556768285954,No
43,19,Finance,12.784169870065803,3.3207051016465146,24.260546343868125,3.7794622684710264,2,2.0293586669486827,53.989863708131466,2.5097527469337386,61,0,14,4,29.611372450788494,2,3.5263437729850025,No
33,18,Operations,2.7098670901469535,1.378261226997462,14.298773173136048,2.1680126894513556,3,2.9026839892404133,37.075477055198085,3.2043037862562853,32,1,7,4,49.77556289458112,1,2.6997899956855345,No
43,18,Marketing,2.281911646100312,2.281911646100312,12.537076432466947,1.6346445102065066,3,5,58.448630217263435,3.6935102855324384,16,1,8,6,10.285084661596885,5,3.6334547977630423,No
41,17,Operations,1.3353226691487254,1.3353226691487254,12.070776337476707,2.1778523676673784,3,3.6773427785710062,36.9659999974273,3.31570682670282,20,1,7,6,18.982599153736377,5,2.5803152292338307,No
36,16,HR,9.338799102560744,3.964692879125211,9.304995841119135,1.1295924738304024,4,3.306805232052137,44.24216623852128,4.172774823282477,18,0,8,4,21.27478507782653,0,4.014228125389445,No
38,17,Sales,3.152547072477229,2.923362528770516,9.991448716376258,0.5980555401258996,4,2.3021495882195113,51.15309246076344,3.093858510549365,47,0,9,2,32.739799755903995,4,2.422481697013238,No
31,19,Sales,12.371909992700953,2.8986775635330737,13.79873660922226,1.1186275012957392,4,4.51918925702425,42.080294578831776,2.9112782024342576,22,1,7,2,28.039750401320312,2,3.7105318427341,No
38,19,Technology,3.7494947195619313,3.7494947195619313,7.248339286640031,1.2633173596682525,3,3.695665379533854,97.88976880752632,2.8871581979767647,18,0,9,3,6.454985836414903,5,4.085612184508926,Yes
53,16,Operations,9.650484133580017,2.983832497992354,12.297282063698999,1.7446046904509183,3,4.69679408200817,64.49146686219387,4.107657844611056,34,0,8,3,33.25601143861896,0,3.3654348981585422,No
27,17,Operations,0.5861895018137933,0.34611748488661964,7.635444510345724,1.502808568563604,4,2.746307117580994,58.01458034409233,3.112392566578128,31,1,9,5,19.287595838222828,2,2.8957594534113573,No
39,13,Operations,2.4786145766813834,2.4786145766813834,8.826718309156098,1.6333512449249663,5,3.6855888455797268,94.31476140090315,3.5091212037672626,36,0,10,3,17.7551702887064,5,1.5896512429038685,Yes
47,12,Marketing,2.4069936635733336,2.4069936635733336,12.714984636534144,0.6484816538009596,4,4.396524391365767,55.200791006615574,3.2856814710588287,30,0,8,2,14.540269217283893,5,3.52280038533405,No
31,17,Sales,1.9331042343654412,1.9331042343654412,7.651630556430834,0.8062626862962082,3,3.5913050099172312,54.071340542440005,2.6180599931034956,21,0,7,7,49.03490576626802,2,3.265419565592881,Yes
26,19,Marketing,12.235644737131746,8.167581644434298,14.285899457490432,2.5607118328082623,4,2.688992535721883,75.10927097293526,2.8990448087087715,50,1,9,4,17.8566075135818,2,2.9116714771981242,No
24,16,Marketing,14.759493445865322,3.979150054767875,15.583483388993537,2.146787216837701,4,3.609805244729637,57.25861731537477,3.8860758592220614,17,0,9,6,11.912134398763088,1,1.7418780520479984,No
39,14,Finance,1.5131615449977196,1.5131615449977196,17.003216149896108,1.0293076677450608,2,3.214320532870792,78.92897264397824,3.2116062834930177,33,0,8,3,20.207009947161758,5,3.3043430182265277,Yes
23,20,Marketing,6.018938287523252,6.018938287523252,11.833404249746208,1.272148916521709,2,3.56215539245452,51.14812013132932,4.105640541906071,21,0,7,4,53.22308682938988,2,4.334717236216946,No
52,18,Technology,10.220336978537182,2.9100492751162994,17.92615578333599,2.260720317167256,2,2.1066849788337603,27.756065133652044,3.099402513764497,38,0,13,2,34.226668689392,3,3.1474217776585003,No
23,16,Sales,4.425450976458812,3.0739771484097678,11.859870188119524,2.1686537237273678,3,2.3168587226891675,82.62983953271353,2.994471969857627,12,0,6,4,35.74074885308424,2,4.16713581771715,Yes
29,12,HR,1.8579438683397145,0.39881368118740307,7.23236061692478,0.6286997052789123,3,3.517464554316338,68.14455889461,2.282439181929511,22,0,9,7,17.20539471234084,2,3.7839553066292155,No
48,14,Technology,4.04898232975899,4.04898232975899,12.25553895377994,0.8417809444855767,4,2.101069309776868,68.08576294652794,3.491000393837694,19,1,8,8,68.50252520855132,5,2.782425340825849,Yes
40,15,Finance,7.467133039976601,2.8107530037979602,6.431875688968877,0.5750731800815253,3,3.1097373079980204,49.35489942451679,3.4042544074159236,24,1,7,4,47.749057570032846,3,3.898684526018699,No
30,15,Sales,1.8817523581486424,0.3,13.901701142298954,2.1993653284215333,3,2.4103565728022174,80.44837226464416,3.7240661190486097,43,0,9,1,41.46105078931699,3,3.0992787025383404,Yes
37,15,Sales,11.592375906604518,1.0670760955156608,15.605000566514214,2.948015178593113,3,4.092291575466536,49.914410509108336,3.5987953945020865,23,0,6,3,50.39383392277523,2,4.631238836249589,No
30,16,Marketing,9.186647448542928,8.896794127445155,16.06182218170332,1.2670322667087397,4,4.280975011365883,81.47826439970086,3.6262064374679697,39,1,11,2,14.52162288524156,5,2.4361102376778065,No
24,20,Sales,5.6710836451526445,1.7046619548026114,12.597369740304355,1.732149721960639,3,4.316025126310634,88.82669157079906,2.588639327832621,11,1,7,4,69.1298036700874,4,3.557322329099131,Yes
26,14,Marketing,8.028638512051469,4.808339489271594,12.843443020652241,2.482089864954532,5,4.612695616839981,59.520513267667376,2.5138453567115424,40,0,7,11,35.020620490578864,4,2.366404890581056,No
35,17,Operations,19.256618187695643,11.604895237177082,28.24838109357833,4.499093597031893,3,3.4120799596571976,62.444945313914026,4.29182333010407,18,1,7,2,24.82069716620843,4,3.560613422001803,No
21,13,Technology,4.360581936060985,2.5512522261757984,9.667268824136022,0.6569080807271471,3,2.717171913328451,59.58759013064247,3.541985704843483,32,0,6,3,17.70319560156352,4,3.540753474241033,No
40,12,Operations,14.956545790185544,6.318246277977148,23.428306092102854,2.7635740882396633,2,3.1102227616991054,54.28992782296153,3.387917934305793,40,0,11,8,6.01077799751602,3,3.800577283565353,No
32,17,Operations,7.713545223095295,6.403410151471793,9.670768654925562,1.2119862129687355,4,2.694865548732422,40.22332673834629,3.0921075284453208,32,1,7,3,39.83325423049063,3,3.8886955084937727,No
46,16,Technology,0.6796298073132843,0.6796298073132843,5.588356885190968,0.8988992930038713,2,1.8046625495435447,70.74778134618106,4.305573411337573,14,0,6,6,14.251317229475035,5,3.7139783494390874,Yes
35,18,Technology,1.1072606841058144,1.1072606841058144,8.053434774066647,1.1885870079639582,3,4.3899931562857315,59.10923361759253,2.506766748177035,70,1,12,2,15.614689635716013,5,4.056992612202233,No
28,12,Sales,8.027093705518793,3.65049962183348,17.077613015427357,3.037082786281983,4,3.7073017010461737,64.73867114662997,4.822602652075993,11,0,5,0,12.076337145867384,4,2.7449067284685604,No
28,17,Sales,1.9429834149566583,1.9429834149566583,12.20874472521011,1.3240643032081003,4,3.215759092527407,49.57890991954449,2.3952510061133756,13,1,7,5,11.408647634704174,2,4.119012100069302,No
34,19,Marketing,5.297431938156965,5.297431938156965,14.548920916222398,1.0713693437149079,3,3.217442980199122,71.31940399272096,3.5204744109197423,21,0,8,5,34.50553711252603,2,4.876730664017645,Yes
32,16,HR,1.8736064885267865,1.8736064885267865,12.206865456087149,1.8446400664033127,4,2.4043665862215766,68.67061621022627,3.325034153659761,30,0,6,8,23.99401613256832,3,3.649265762772132,Yes
31,18,Sales,1.9097426149881345,0.47942157337684194,6.527709142547713,0.5581665202044688,3,1.9187378380397642,55.22304922734719,3.5114431532198664,38,1,10,6,24.901988183102144,5,3.6912622773951855,No
36,16,Marketing,6.643629388359285,0.5777722681931543,13.786210966264683,2.566215482740422,4,4.201563821968837,39.51097868651435,3.571793107820917,11,0,8,4,18.08510745212901,2,3.5299814828221026,No
37,18,Finance,0.32592673896141505,0.32592673896141505,9.269740485361988,1.5233531805316327,5,3.987497297590359,61.00583332001771,1.7172046121206586,22,0,5,4,20.600284400452978,3,3.056021847886673,No
36,17,Finance,3.775262353469385,3.775262353469385,10.15841034012971,0.8181228807410875,3,3.1263965099282123,62.85188907681362,3.4044709362751604,37,0,8,8,13.510798390818534,4,1.9142889343647862,No
32,17,Operations,7.232360185835994,7.02886487508179,14.19967228072338,1.1898747265229084,3,4.599950280520587,43.42790196253898,3.10551277698538,10,0,8,6,49.63848039915969,4,4.3724750048107754,No
31,15,Sales,10.518977358002626,1.215998535853751,13.72883478031101,2.430030730376502,2,4.092517572635498,50.64836454720951,3.598904874859391,36,0,8,6,38.64263732924488,0,3.5038796962141725,No
40,20,Technology,9.597733344973388,1.339372800809908,16.76722328860818,1.3380228127839937,3,3.31672776240469,66.59499298881104,3.0736443533859577,15,0,7,4,39.69730266347421,5,4.3909949999197675,Yes
31,16,Finance,0.5486009443545147,0.5486009443545147,8.42939231663155,0.45413697812182907,5,3.418542272411123,72.2840270248579,3.5976646147979445,21,0,7,2,35.35362949249383,4,4.577036597600996,No
26,13,Finance,2.0993092358783536,2.0993092358783536,11.37577702248056,0.7784728802413525,2,3.103368496923522,62.216970763801434,3.660916268637174,21,0,7,4,17.69314514261542,1,3.5560113930303694,No
47,14,Finance,1.2580184123052447,1.2580184123052447,9.303050358177698,0.8961549336016942,3,3.8211192028785543,23.67157898552439,4.487244729677291,37,0,6,10,28.89751437789422,1,2.8940306257018062,No
33,18,Operations,0.6454948279465166,0.6454948279465166,11.316980685102184,1.2698479867906887,4,3.6014130906671995,52.9100867273891,3.888514604803039,17,0,4,3,18.378437921970075,3,3.3675464562996944,No
40,12,Operations,4.789516232944914,4.789516232944914,13.695750241911576,1.5754921842470893,4,3.516166056623072,74.04616094297545,3.203747013025536,8,0,6,3,41.78279021171592,5,3.8851601810784233,No
22,13,Finance,16.427969942256897,12.462865981176037,23.591168084923126,3.7163346160242474,3,4.307894507080137,67.23198111985911,3.594062423911278,50,0,13,2,10.019079120896876,3,3.375479950564964,No
40,17,Finance,2.3125610307591065,1.4941938649740276,12.645112498432749,0.9866711613878241,4,4.699814445800982,98.87962647971318,3.405703920759007,31,1,5,5,22.905537150923017,3,2.612985337128219,Yes
37,17,HR,4.604620790529593,3.3402447517913934,13.255539152019262,0.8098673184712208,5,4.403699240757726,84.9006930694736,3.1293525935640503,62,0,11,0,20.637390484854834,3,4.006087393599435,No
46,14,Finance,1.5978548819014489,0.31661551019418616,11.792490077199895,2.2726863357840617,5,2.611898363255694,53.716234173405006,4.510951782018369,23,1,6,4,30.14516217487009,3,2.3319949274892786,No
31,16,Operations,5.82526149172107,5.82526149172107,12.714292614368743,1.3327977444617316,4,2.7943593365628128,49.33463608227074,4.278575874899128,43,0,8,9,13.70150988402997,3,2.5821496922910248,No
39,16,Technology,10.378986697764814,4.9092121817374945,11.793462809714423,1.252799042457803,4,3.421612347517565,49.72842049872137,1.5747962979059305,49,0,12,2,13.432485046335561,4,3.9394212429666773,No
41,17,Finance,9.897133639501961,5.968965470124115,11.343925356203275,0.9717552049973363,3,3.6675699953443632,54.92953585882651,3.012796357522571,35,1,10,10,16.787743427954663,0,2.933734860164808,No
39,12,Technology,7.449996946543499,3.6376303394868996,10.348352292772736,0.9711461897125193,2,3.5098635137955,51.898938444122564,2.5962581744414925,41,1,9,7,7.594912712744459,1,2.4850709628213865,No
44,16,Technology,1.7851683090231436,0.3204704333233087,12.064442227292494,1.5468625409691354,3,3.623301842303633,84.66749397999689,3.8063466674677935,29,1,8,6,30.89730275835795,2,3.4875411429315335,Yes
27,16,Technology,11.360751176952823,2.1851173187145005,20.401728551056053,4.050631530446977,3,3.3871816521143057,84.8037766544148,3.1043911974582503,29,0,8,5,34.12930912271409,2,3.9738572256104643,No
24,19,Operations,3.230861430984388,3.230861430984388,11.784644821879926,1.6170127380411021,4,3.1693480345643614,40.47976936444765,1.2972409982476163,48,0,10,3,39.1439776486047,1,3.2393798995519525,No
35,15,Technology,9.461335749685022,3.2850476034338882,17.00727304808269,1.4469778983303745,5,3.598044279771491,47.97897717757109,1.7009212906791948,51,0,12,5,23.760520508943983,5,4.203222655189575,No
48,16,Technology,0.7867172603536599,0.3,6.659792730838072,0.6458531064388396,3,3.6909418711553803,79.5708702541176,3.7997203104826904,17,0,7,4,8.912874281207054,4,1.859407518189379,No
45,19,Finance,12.679007390720747,2.294609551386896,20.42512755164684,3.611288081036224,4,4.207742767451683,52.704941655397235,4.113978075749508,11,0,8,5,14.183032547810807,3,2.312060788513292,No
37,17,Sales,8.52653311847312,1.0891947006994884,16.614888329220303,1.8924911358322343,4,4.094467982987289,41.685079162112,3.4892060922420147,22,0,9,6,29.66326409183544,1,3.838108633265282,No
46,16,Technology,0.3770369997814023,0.3770369997814023,7.587382544849224,0.5048240274129498,3,2.7666242213231222,68.82761312819855,2.08485149881205,8,0,2,5,5.345690424498596,3,2.7609576042123596,No
27,15,Sales,1.5634674106546027,1.5634674106546027,11.6597908056683,0.6069560343373414,2,2.499790650520403,65.8348263439329,3.5003333087240343,48,1,9,6,10.516885241201708,1,4.094400235528668,No
31,18,Sales,7.694507081153773,3.3388935652626457,15.052514967495028,1.3406499509845229,3,4.413326836447243,51.63160978753137,2.897075401342541,25,0,8,5,19.43707798739395,5,1.6625623338560325,No
38,16,Technology,16.711090793523688,4.278632294170026,21.2834749434815,2.5629796944743646,4,2.1049995889660313,48.547819570186405,2.523907674685074,65,0,13,5,28.032263575516875,3,2.8522020125077505,No
43,12,Sales,3.7654207980884253,3.7654207980884253,14.811493507670843,1.2650664659527502,3,2.8983000386785904,54.54831249063168,3.495036940291596,51,0,11,7,33.418777064619306,3,2.49345933727392,No
30,12,Technology,25,9.036320799609888,49.311762682133484,7.361885800247306,2,1.9305727337515928,26.39289037412252,3.308414824941101,10,0,7,2,29.133454382681506,3,4.069634115322694,No
38,17,Sales,3.422197479001378,3.422197479001378,12.771425181345913,1.472033214775043,4,2.5978268781781946,83.29399681939303,1.3987110934115545,43,0,7,6,42.463976725002816,5,3.7849420549298878,Yes
30,16,Marketing,0.4424860309031064,0.4424860309031064,10.206356404112716,0.8120040461310688,3,3.1023479375130685,58.84426161894839,3.692513495149888,66,0,9,2,51.132544059600605,4,2.36675896710724,No
32,18,Finance,2.8625521594521666,2.8625521594521666,10.427278723751149,1.4006762523831715,2,2.594864409116543,51.96916704935906,2.5820764866372268,5,0,6,7,28.434824104195798,0,3.0482880065829363,No
49,17,Sales,13.383776284511873,5.4087525270217895,20.926156229750617,2.241396373485517,3,3.303478674214554,77.61805221700392,2.4022039469172802,45,0,9,3,61.97550270524319,4,2.6592457083888266,Yes
48,14,Technology,9.364097075983425,5.605647970044006,13.76335726780469,2.577698539640184,3,1.0141769074268376,53.162445175807804,1.1000475716093194,22,1,6,3,46.005094863468706,1,3.9140489472522306,Yes
22,17,Operations,9.185625389908395,3.808588665382364,17.49113043947489,1.643635658494488,3,3.0974232359078604,52.71377842205803,2.2970496599261327,51,1,13,4,22.148342431436806,4,3.7858010727607176,No
36,16,Sales,0.3,0.3,7.986444130300912,1.1647887048612129,4,4.208911370078487,54.394648882787706,2.794142009085469,36,0,5,5,27.593346201456548,5,4.1017271381882905,No
48,18,Operations,1.366048041955563,0.3,7.99215797480344,0.669886277006075,5,2.8604236122745648,65.05708828007202,3.3835265250446733,24,0,9,8,27.304171844890618,4,5,No
21,20,Marketing,25,9.397690938019796,19.433879068174186,3.7643841379817617,3,2.2881668360552423,60.14931913007562,4.390981999013233,72,1,13,5,3.415491571927739,3,3.2976186265338585,No
38,19,Technology,8.518694587140798,6.447056587628534,10.520995827806837,1.1122695690673967,5,3.9723240012426144,15.497779940911808,2.6993999335181984,30,0,8,5,27.687925305599382,5,3.9394904844941783,No
33,19,Operations,3.321937531736611,3.321937531736611,14.597027065896347,2.381265482419994,5,4.108605617183728,64.66114600736908,3.5992276442033124,16,1,5,4,77.05344667950027,1,2.6469769456021037,No
24,15,Technology,6.518877161548239,1.689766184645122,11.301746716535723,2.1886301807202306,4,3.1876676682652447,83.92947882017225,3.6164796809254725,21,0,6,4,52.928325406888426,3,3.921409253185787,Yes
44,17,Operations,1.8943063851453266,1.8943063851453266,10.566401842458163,1.3654751459703736,4,3.125084177103097,40.968220216549724,1.2956664213884583,49,0,10,2,24.684176808440426,3,2.5384350545364125,No
32,19,Technology,13.613590938223147,5.904336528531171,14.941113214316447,1.15996019223299,3,3.8817306468786086,61.22115884838375,3.9814248349188577,19,0,9,9,27.171758056753262,4,4.079497416292653,No
34,18,Sales,1.92886335560532,1.92886335560532,5.538323899488363,1.0949532278244345,2,3.3266352175995055,46.883921604333246,2.839291186763385,41,0,9,7,55.11746504193843,4,3.048566109660622,Yes
43,17,Technology,8.288526184408486,3.7511966134583425,18.768155933838912,3.738113980818067,4,2.8077965526620496,83.34894388973008,2.996488585638071,17,0,6,4,23.423851766605715,0,4.170921870485516,No
35,19,Finance,5.066242002662018,1.7246969063229654,12.82382401394701,1.0781260384972438,4,2.770434376235622,59.21257439400897,2.2785967998508534,21,0,9,2,27.757727134672077,2,3.5878716317428236,No
43,18,Finance,1.010151757872793,1.010151757872793,9.077839717466725,0.4857186929257198,4,3.7847438884976934,60.10763920551393,2.901727279539351,16,1,8,7,58.766595131133855,4,4.791221481470135,No
25,18,Marketing,4.303503647176295,4.303503647176295,8.39990898037794,1.0779100109789286,2,3.108351692719434,61.02411969334443,3.315675493965046,59,1,12,3,13.577703334873261,3,3.2388346331230253,No
28,12,Operations,4.1410801349449144,4.1410801349449144,9.62098233755854,0.9866163946489959,5,3.191597048461241,49.69928014907091,2.263530309465184,75,0,9,7,39.497387407906565,3,1.8524324636078346,No
46,17,Sales,1.4049212532748356,0.3,9.41981101013677,1.370820167048308,5,2.9063073747161816,73.56771189021498,3.9754730647150076,55,0,8,3,59.12896205163883,5,2.6521151841632347,No
23,16,Sales,2.3786221965159906,2.3786221965159906,9.941028630142968,1.9757061738144992,2,3.1893223906646377,82.84713736288954,3.9880410350074897,18,1,8,4,25.494484670362937,2,1.6632310836085487,Yes
29,18,Operations,6.490913610309844,2.6138123592844935,12.594690718029115,1.0548005608074296,3,4.987917504349293,48.221893892153574,3.6948465877766488,25,1,8,3,35.885566804630095,4,4.032109267514855,No
29,14,Finance,8.007716876472893,1.9940515920626534,12.503002419843966,1.6371497537321378,4,3.28662867252282,48.78196932147968,2.121699433214488,17,0,6,3,80,5,2.5400722015063955,No
28,18,Sales,7.866664218456186,3.5136729090962024,11.642807294720148,2.0385958581399786,3,2.516147207838358,64.1572619787566,1.6784138283964039,16,1,7,6,31.832674094578362,2,4.965386804643635,Yes
46,16,Sales,0.3,0.3,8.969571900906516,0.9033145036265661,4,2.3571037964545667,66.48889422438533,2.9836554718568524,48,1,9,4,1.6012876684847712,3,3.381566678373024,No
40,14,Technology,13.366177384422642,7.876759119795184,12.590930735726765,1.2369016595172253,2,1.7132905957917883,50.5411312304569,3.524695038047354,42,0,9,7,38.18584256805817,1,3.013763251665445,No
47,16,Technology,7.326786111906247,5.612206904513012,15.966806132490694,1.9687727135384345,2,4.09826338306971,69.18116379459852,3.4917629034802777,12,0,6,10,39.53644844002012,5,3.049547213439018,Yes
26,18,Operations,16.68382445071891,8.844686795499065,16.608200143503744,1.0517973867378874,5,2.4040957198178092,62.82708541386847,1.9710410676255445,33,0,11,3,37.16506098386639,3,4.295893607144623,No
35,17,HR,2.775743182116744,2.775743182116744,11.394352100640488,2.1399953238981295,4,3.8051190724091533,64.94609108492118,3.2768692563822417,92,1,14,4,25.14933564373849,3,2.9544879496832075,No
39,19,Technology,0.7139130669534658,0.7139130669534658,10.797925882045035,1.3114500293307592,4,2.611767070177007,42.961848881316556,4.107965920732279,44,0,8,8,51.2561943619148,5,3.3678719443457488,No
42,17,Technology,15.642016010545047,7.926511042848494,21.761353215362753,2.449911286715806,3,3.112897889459366,50.16965352777348,2.7697188644621256,13,1,6,6,30.119779760003773,4,1.811112920292096,No
33,16,Marketing,12.626279175873352,6.785919900771955,24.111805277507862,4.003821925505124,4,3.705521531002597,88.04937945477981,3.4005336413287,29,0,9,5,36.66671471477816,2,3.077514848389428,No
40,16,Technology,3.3567955311677964,3.3567955311677964,7.690430163267707,1.3770717301598532,4,2.8337276894599,62.98713312901202,4.102888380765853,28,0,7,4,25.83268771239967,4,3.0928446720471916,No
46,19,Sales,18.95749814112043,10.293472610607541,19.355839723417372,1.5694651212930897,4,4.292790288170462,46.663268178485566,3.1044889332607664,35,0,11,5,28.25980548052384,5,3.1295295550923914,No
34,17,Sales,8.679942329872818,5.630253492643308,12.516150187397262,0.8062642936581214,4,4.416187841042455,43.32957549483301,3.777153848310807,28,0,6,5,16.541421441026237,4,4.164498255289827,No
28,14,Sales,1.2559413278686813,1.2559413278686813,10.803253227147838,0.8651480374627517,4,3.0834354294264132,26.03848853034993,1.9734777942630664,31,0,7,7,30.241013713409153,0,3.098135283139984,No
24,17,Marketing,13.151712892374313,3.717347556394594,18.73703883066842,2.250591398609995,3,4.0759915673818705,50.561498360618174,3.504185453028253,23,0,8,7,28.089382528430683,3,3.0637536798381686,No
39,18,Operations,2.1770275633917175,2.1770275633917175,9.621208085832409,1.4206943124869165,4,2.3105518183779177,56.07984922468344,3.2929976332313404,25,0,5,3,37.101423203694296,3,3.3679421773270044,No
21,13,Technology,1.0239004261171705,1.0239004261171705,6.983289847285294,0.6324034635535184,4,3.4907699903885763,52.51129258469824,3.20668447607938,21,0,5,1,17.66433593103965,3,2.2693295750868456,No
39,15,Technology,0.6343587060256828,0.42070838530071764,6.038015399005468,0.5344438480218207,2,2.0619230313899743,52.05223524564751,4.317408316865503,88,0,14,10,5.766926563974382,0,3.729492069099905,No
42,20,Marketing,0.5487935254486059,0.5487935254486059,6.580198975929549,0.949632780547889,4,3.1737871686179315,65.23939062055118,2.5079697036383086,19,0,4,3,46.406179438629806,4,4.269934046942052,No
30,17,Finance,10.909399547297028,5.674540885881726,16.955121042768052,1.609827837021794,4,2.944771892608853,65.75582803248939,2.889121209794245,21,0,6,4,32.72361571126993,4,4.51668412468884,No
30,17,Operations,4.033025961184888,4.033025961184888,8.175585600829617,0.7261845561503364,3,3.6052292919025644,54.65121500616729,2.6037056640375007,34,1,9,4,67.58252998883617,2,3.2953504664071067,Yes
41,15,Finance,15.270993345993551,3.3484966951796498,26.736407058101435,3.7228250590242524,3,2.5034394604858368,68.192977576112,4.409491085110695,27,0,10,1,21.242968507547463,2,2.586704795727854,No
29,16,Finance,2.5000537101714677,0.42918931772608104,12.117543168634114,1.6125284437559606,3,4.415487499505593,63.33785463041146,3.283596663326589,62,0,10,3,25.849308278656665,0,4.013337258297247,No
47,16,Sales,5.806770813357509,4.5298026662024204,8.794892491327351,1.1006436343376749,4,3.713666675464409,54.28918776113701,3.596122896918884,19,0,5,3,16.754692435062914,2,4.10624723565226,No
31,17,Sales,6.24808402589963,4.79894465558983,13.607146037005036,1.9100913190403626,4,2.6002591290040353,15.11413204566706,2.204012764774911,34,0,6,5,45.3678071976592,1,4.929074599971259,No
31,16,Marketing,8.19019564916385,6.375550011408916,9.911891039818816,0.7361781874522866,4,3.795833185626095,52.633296914205964,3.726265842906394,35,1,11,8,19.54972151868962,1,4.62367147906506,No
40,19,Marketing,8.698857294896735,0.4001965411860006,26.74466218124846,4.264950237183634,5,4.004429112706285,54.768828766326735,3.285250807743333,30,0,7,3,11.513392943628093,0,4.259293029246728,No
36,13,Operations,0.3936675651188119,0.3209809943462561,7.277825087726763,1.152972317251308,4,3.388062555093171,60.02447363303851,3.7712885069062376,45,0,10,6,54.11889819720059,3,4.7666283478550815,No
47,19,Marketing,3.2409137885271817,3.2409137885271817,12.235873204328547,0.9098488713757004,4,2.022409357748761,63.07805320192116,2.8551947329802085,39,0,11,3,12.255927501927763,0,4.964670350818027,No
30,15,Finance,0.7802685119968751,0.7802685119968751,8.673910550699356,1.5415480734088498,3,4.727397964302928,43.11576001190577,3.579843841207022,20,1,4,5,4.101839853679617,3,4.781603881229935,No
41,14,Finance,0.8533396972557322,0.8533396972557322,8.28548462997267,1.6247093970958717,4,3.485992493019725,46.86655941110245,4.19478028477842,35,0,6,5,43.39355135018547,4,2.764714824986332,No
37,16,HR,14.699460154897647,6.306684933456398,17.369400440200188,1.4979681332106882,3,2.698052846387689,61.15284192416911,3.1871920380009047,10,1,6,2,14.480756919759362,5,3.7392497656285353,No
32,13,Marketing,0.39813232441588003,0.39813232441588003,12.008838142354612,1.6682030291733623,5,4.993815015048844,63.671879321827504,3.910104350475847,20,0,7,5,32.601651683922775,4,3.433230451565661,No
31,16,Marketing,1.9300172752996005,1.4345626259650184,9.98432578409268,0.7019485477511296,4,3.9003898169226736,84.62687922227762,3.397111762182646,8,0,5,3,41.47718213440731,5,2.0093871648643034,No
33,16,Technology,3.805158169506837,3.805158169506837,11.215423836454962,1.8286038469332382,3,3.706905252823267,87.52701678559735,3.20039622212038,29,0,9,3,13.649290714628386,0,2.9345863596491255,No
37,20,Finance,24.94758780782501,4.070857652944327,27.57639365910193,1.8076379170712789,4,1.6972879393062126,27.234540325362264,4.3836704418504455,17,0,7,4,14.41863610652102,4,2.138494179442886,No
43,17,Operations,1.982534636317911,1.982534636317911,7.488960006339053,1.3770746184581841,3,3.3825845283581977,85.04564528102368,3.032265033480045,46,1,7,6,24.951140842954775,2,2.594760233245637,No
40,18,Finance,1.8139731366960918,1.8139731366960918,12.391425277634333,2.368245337962551,4,3.5004133365100234,70.48191084939351,2.4085410613940055,36,1,9,4,21.20191388131558,4,2.3824679151545713,No
21,17,Marketing,4.715325327434557,4.715325327434557,11.233563868118962,1.8134341629531046,3,4.395541729836338,53.31958398603391,4.297114186037763,15,0,6,6,19.736883635374358,4,3.736043989080421,No
33,15,Marketing,0.3,0.3,8.589380839677279,1.5095992358171972,3,2.5018078070185394,52.413428692690864,4.21006071791421,62,0,12,4,32.77834211097926,3,3.4474081831283216,No
36,14,Operations,15.377949539249064,10.27032039344369,17.032186441098403,2.942814271483661,5,1.6146978359255284,63.874085570045125,3.699363405775183,7,0,6,4,9.552049787922513,3,4.995788949472388,No
28,15,Sales,4.742418800479465,4.742418800479465,16.458465256232607,0.9745498226708125,3,4.994989642051118,73.73480574923943,3.904164801073047,14,1,7,6,30.02832340843147,3,4.208065192755521,No
42,14,HR,2.7174389301571598,2.7174389301571598,6.622974984252517,0.6768746160119071,3,3.7170122276971402,54.48074319564379,3.703232551177046,15,0,4,3,20.37278777307524,0,3.4997482823515815,No
36,15,Technology,6.517047922210588,3.54513425880092,16.27626038281664,0.9621073225038673,3,3.372639837616534,39.55445341318492,1.36078172974397,32,1,8,8,18.405728864237354,4,3.1833878811900105,No
47,15,Sales,2.6323292081773957,2.4834125904047095,7.598167781361112,0.8511444174269204,3,2.4999720141180815,53.494653192656564,4.293754455163665,28,0,5,4,55.86477787523218,4,3.517959597816039,No
42,15,Marketing,19.45526591281202,1.9550985841738246,22.82820250289719,4.046190547059017,4,3.9073627473316552,53.78351504765048,3.395161952873649,19,0,9,3,13.438343006659517,3,2.923954057141157,No
25,15,Finance,3.015086290490682,3.015086290490682,8.344840616965415,1.307864641800794,4,2.296599671886644,59.052615033225585,2.9662122425984534,32,1,8,6,10.115896520900193,2,4.0731983562677305,No
38,13,Sales,2.0955080729537787,2.0955080729537787,14.10220440617879,1.9249847418516615,3,4.180372196709067,34.064066794088255,4.7007810762856135,14,1,8,3,46.90582185728963,1,3.9770316920136013,No
37,16,Marketing,3.150231576130524,2.88786285972304,12.922483059656617,1.4553910671788146,4,4.300644915522251,74.03167577545916,2.1978749276514185,27,0,6,0,29.95781634004998,2,2.660088228127211,Yes
41,15,Technology,2.207023135980464,2.207023135980464,10.286756987207307,0.9624773856315141,3,3.7865646203868204,52.60999625931659,2.4976108704990274,18,0,6,5,13.09610625141424,1,4.108750907008524,No
32,13,HR,2.86768804664923,2.86768804664923,14.619807505003283,1.513901464475039,2,3.19973600460407,78.07941554967387,2.301464249251031,35,1,6,8,43.37492397413755,5,3.007338316056009,Yes
52,17,Finance,3.663807885284327,3.663807885284327,9.381000701839705,1.785764855525911,3,3.8761170116975916,61.93184457278759,2.8312183721483772,22,0,4,4,47.86052214928786,0,4.419310113774443,Yes
36,18,Technology,2.2002144248494035,2.2002144248494035,9.087166703648434,0.6149335588341708,3,3.3305165796844394,78.75469273103234,4.799306606422237,47,0,11,11,17.124099619067064,0,3.0292641392953747,No
38,15,Sales,1.2709159594008164,1.2709159594008164,10.641931357079425,1.2778253342646568,3,3.086331417421529,77.1501655752896,3.19812954446136,17,0,4,5,33.08013324847811,1,1.3940828810313795,No
33,13,Marketing,0.32077356544516433,0.32077356544516433,9.5086164822566,0.9197567292568657,4,4.10865759848024,51.29631182991416,3.200040942705565,48,0,10,4,43.17254538037256,4,5,No
42,19,Finance,5.003315785811277,3.479644720601013,12.522815785733473,1.6544764575291468,3,2.686641944458866,81.1670964771301,3.201718287962821,9,0,6,4,22.225367424732404,5,1.224565375305512,Yes
37,13,Finance,5.994038540674807,3.6292559851452233,12.003296431251567,0.8002604944311624,2,2.0828494409914495,59.3850603391672,2.803971680435006,23,1,7,3,12.473068658285491,3,3.1733919730401707,No
51,13,Technology,8.289999321742306,7.102026747164697,10.004136967434222,1.284297725992354,4,2.817351270860862,45.93325609975921,2.78174858990098,47,1,11,2,70.9008000996614,5,3.7299598916770798,No
49,18,Finance,0.7893717618380544,0.3,7.08172066791038,0.6940305912995117,4,2.6952008303143855,42.70841010202646,2.8005705976129738,22,1,7,3,11.005203541372937,4,2.335262955477742,No
27,18,Operations,6.654448338442791,4.7195537884557,10.282878787439872,0.6273929590640114,4,4.591752510115491,53.286236774539454,2.81519909065416,61,0,10,4,43.142705754015545,1,3.4519367532305973,No
44,16,HR,0.9154702086692345,0.3,11.07744867822136,0.705815447889436,5,3.221465071285195,49.920010539213685,5,31,0,8,6,45.57935576361693,5,2.1671157932202005,No
33,15,Technology,2.472643049232634,2.472643049232634,7.651040947344005,1.175543920170373,4,3.709932258541646,63.041676540584575,3.590953046816028,29,0,5,5,19.644450473646643,5,2.7362204757171575,No
37,19,Technology,4.0124167842501,4.0124167842501,9.504452997664782,1.4412219805839102,3,3.3928720895985474,85.4573505827352,2.395826428347141,25,1,7,5,28.2085684894227,1,3.2574490839470402,Yes
21,17,Technology,5.341521668743759,5.170078997566225,13.442485454440096,1.4393919781418207,4,2.983514017293383,68.97748296290197,3.120125017070285,38,1,9,5,9.20905701833328,3,3.927102588158324,No
26,15,Operations,0.5096326241379812,0.5096326241379812,11.631848119907765,2.054780762228095,2,3.0124162315410903,41.04901448337469,2.78916177470156,27,0,7,5,30.191902766851022,3,1.2750321080246128,No
47,18,HR,11.721513681222353,2.9468579042729246,17.844141147395348,1.9095139260745468,5,2.791680738267588,48.19063728669765,3.190496985125385,26,0,11,6,17.49001160576133,1,2.907033822095071,No
22,16,Finance,1.0391888108251908,1.0391888108251908,9.63224330324505,1.4765502098578325,4,2.2913389579676675,66.06784242876253,1.906977102832966,36,0,8,7,17.252707047690418,5,3.1830115656092355,No
24,16,Marketing,6.866007838946823,2.894396453364091,18.065720723772447,3.563225878557818,2,1.9384986983206056,71.67043585562115,1.924064228020953,37,0,10,5,34.699990648327216,5,2.7511989783014505,Yes
40,12,Sales,2.3888519783447735,2.3888519783447735,8.778609310248148,0.8043128081579518,4,2.5088597837127553,78.74702113357853,3.8113829693006718,19,0,6,9,28.801371642944865,4,4.05958194530711,Yes
46,15,HR,1.2300627861549536,1.2300627861549536,9.704075160650325,1.293916411384504,4,3.680163078074377,83.66972605160628,3.4017751806241723,44,1,10,6,34.77554146023922,0,3.895157345348668,No
32,15,Sales,4.694441991085203,4.694441991085203,14.75677256245684,0.8312442791279523,3,4.414155642091486,36.472871272516734,1.6070358623958805,25,0,9,5,20.498325269198887,1,3.9981023739015007,No
48,13,Finance,3.19406266273651,3.19406266273651,15.438677747686688,1.6855344732738173,3,4.990227511796395,40.27971778665917,2.9067088111796626,32,1,7,5,25.404997733696305,5,4.9869466200435495,No
41,17,Marketing,4.40379434512451,2.8830989345260067,8.756823193957404,1.5610357272071005,4,3.3026787640125606,62.9256626277483,3.0797986802169777,24,0,6,5,35.83126022023399,3,2.1254903080597476,Yes
31,12,Sales,3.3386018472260464,2.6913699094907964,6.33096033833824,0.47062184917416916,4,3.294348267038315,72.69849497176398,2.8972729365488887,13,0,6,5,12.694058324627616,3,4.462446531846855,No
34,18,Operations,12.744430219252779,4.330000061786725,20.042377259384608,2.1866022712126476,3,3.605243404294577,62.54994219121467,2.504400131815521,33,0,7,6,29.5384394379005,2,4.480320000188257,No
40,16,Technology,16.27048315477722,7.436600429129896,19.464732459016478,3.393600480094901,4,3.5159790562568385,64.40075121469664,2.6911185273661338,35,1,11,6,27.555119644675752,5,4.589111201426657,No
46,17,Operations,3.1284148904264484,3.1284148904264484,8.705940100038976,1.5524606001710692,3,1.698312557645661,59.69602800563081,2.8991884230016365,14,0,5,6,56.82284522674426,3,4.618819744836372,Yes
49,18,Operations,12.659762859601306,3.3474192141733834,13.825859930402146,2.4948608661768814,2,2.404183044728044,59.971356219475155,3.4882906205431192,20,0,7,3,33.098436244887,1,1.3609077096943578,No
46,16,HR,12.02702869963186,3.144269429276648,7.452853180901802,1.030823558231476,3,3.1896302891643713,82.18771879985162,3.4900806084316254,7,0,6,5,25.701613550559365,0,3.64633018075431,No
25,16,Finance,2.1181240100434504,2.1181240100434504,8.960340098916882,0.6966692930434792,4,3.9199575750203737,77.50757383119183,2.520804981662024,33,1,7,9,19.66769364121511,2,2.6650211854172103,No
38,16,HR,15.285799735941055,3.927679471786319,25.034411985019144,1.7420626741494434,3,3.3079623250543793,56.291188965903196,4.50742082659613,13,0,7,7,14.290960456137421,4,3.830942452130888,No
41,17,Finance,5.047559521194679,5.047559521194679,9.873485377417689,0.5299788136274961,3,2.700494468591185,67.26935234641218,4.0713451706462385,28,0,9,1,62.043206337170425,4,3.6659059473218347,No
35,14,Technology,8.124806847135051,7.318210350944182,15.561910704986099,2.3836879575385392,2,3.0952579594568874,68.84319734837271,4.232284823611515,47,0,10,7,17.70871982977428,0,3.672811974070613,No
28,20,Sales,8.809260130899876,5.265201953056105,20.432718479790235,2.2487677047620473,3,3.8097360896513486,54.63447252099379,4.282222207864444,70,1,11,1,50.309215538590706,3,2.31339650740483,No
28,14,Sales,3.375551129796999,3.375551129796999,12.966378019333186,0.8856026617495776,4,3.542831591329942,82.28328663256912,3.6006588944792846,18,1,9,10,7.092191411038597,5,3.8565061842977832,No
29,18,Marketing,5.164240721162647,2.0057419638156406,11.139213276191775,0.7363328295303737,3,3.309324934721042,77.64660933074384,2.61082959520379,19,0,7,7,21.675984265753506,4,3.667199382707293,Yes
30,15,HR,3.679527095446716,3.679527095446716,10.5115090172352,0.7780981747302683,3,2.309282836855664,71.60964648667901,3.784390957848602,46,0,7,3,24.440439042117177,3,4.456595541287845,No
23,15,Sales,2.6137637602088715,2.6137637602088715,9.06917680485177,0.47603310618154643,4,3.9752065357547313,84.15617452227546,3.5059095828586186,48,0,9,3,16.688629010427636,0,4.824262246497037,No
47,16,Sales,18.72456355345845,9.540077498682251,28.490657973971036,4.668985565232852,2,3.282506704665045,60.48502289860155,3.3090578135415347,51,1,12,2,37.9686900522903,0,3.0496651180324754,No
28,19,Operations,4.84139110574023,3.9917884084463124,10.008188284287588,0.6270587211471321,4,3.6866864958922116,23.694464141196303,4.70630319877482,72,0,9,5,16.91241918810571,5,2.720343606597747,No
26,19,Sales,19.777502637006137,6.459769287721362,21.61842885488572,2.031508671710665,3,3.3131293979281167,85.628634341712,3.3146337960104453,19,0,9,4,50.121545985288066,4,4.68447965759887,Yes
40,15,Technology,6.09452385508278,6.09452385508278,10.971943129685467,2.1156131332386177,5,3.5972271309884327,72.7553055373292,4.5941245954812056,33,0,8,1,15.220102831630983,0,3.1968842131392883,No
26,14,Technology,2.1563306768058537,2.1563306768058537,7.137216403959067,1.345373166691295,2,2.9230020297802852,83.01786015523814,1,23,0,6,6,16.224860274600037,2,2.262473067308033,Yes
42,16,Marketing,5.877208237567348,4.509450038163812,10.361231403204545,1.9747133236431564,3,5,52.05892470192003,3.427765108030803,59,1,11,4,34.653124051186744,3,3.423070824536921,No
36,19,Operations,2.346371445135168,0.8293326168730331,10.29137228969364,1.887758267088482,3,2.6096003972682738,48.968603654190304,3.626473339633654,14,1,6,7,51.462931692101115,0,3.733696407159635,No
39,16,Finance,23.111464010013687,7.139623701646756,19.695549003156668,2.5070289871336904,5,2.593071211713314,39.18734541643152,3.86585538276491,25,0,11,3,43.218800517375364,2,1.4640361989854003,No
36,16,Finance,2.262657989648532,2.262657989648532,10.706249313532291,1.7204992248952218,4,3.401871903903305,51.31879608423442,2.4896208935651174,47,1,8,5,49.146976348240926,3,3.330536663532638,No
40,16,Sales,6.019157088967619,4.396606497310775,9.185118504001114,0.6053802794451787,4,2.596594019280213,54.68742739516079,4.18602447393635,80,0,11,4,15.605132398517402,3,3.8127127925878233,No
30,16,Operations,8.08786583608836,5.643807641557108,10.62471525265895,1.005143793828819,3,4.207820285656168,51.88550692631481,3.1060913997479194,22,0,2,4,22.90429127095074,2,4.187912041073659,No
32,15,Marketing,6.417667535442218,5.284019449036397,16.202954682936177,2.4515741534407405,3,5,32.43996403848453,4.472631878763234,48,0,11,4,12.170157331249877,4,2.518776223854863,No
43,13,Marketing,4.248249265777366,3.146297064716897,11.373442432403518,1.6181402090420867,5,2.606617891798935,39.145105454079705,3.3034035438606213,41,0,11,2,35.45697054721253,5,3.3612943874407515,No
36,20,Sales,1.3473205978490883,1.3473205978490883,8.185524357819158,1.4902415293394227,3,3.0104563192057734,63.318358703326815,3.7130997456318893,23,1,8,2,16.378063559076196,5,3.8831939497413055,No
30,18,Technology,8.721681642844407,0.34080350663450487,8.914502852528315,1.405637214165725,4,3.5599318316241817,68.37799483312983,1.8060172205543878,23,0,7,6,30.751373437889665,2,3.4310912147238595,No
40,12,Technology,1.5524940359232295,0.3211947824963093,4.494127367327227,0.7185045863025099,3,4.075305302254987,84.08084487058896,4.104781415794039,21,0,8,7,12.6040548690744,1,1.48521520378133,Yes
36,15,Finance,5.18875662554767,2.9806405603079047,12.190657365043792,1.1318152710651774,3,3.798353869370314,72.66370027898144,4.312089357852669,48,0,11,7,28.9222298061093,4,3.172680249545884,No
44,14,Sales,4.0678175864086,1.2417741571487162,8.607839058531308,1.017496425788159,4,4.096932727826702,59.38815222001921,2.8690106035742184,28,0,7,5,16.226200327940386,2,3.5728001848392767,No
27,17,Sales,2.14919611250534,0.318930641874016,8.02234239020596,1.4556170259953765,3,2.3809908945192833,48.64106817428935,2.0805978903671725,33,0,8,5,20.139781262000138,0,3.3214895455923994,No
28,15,HR,11.566352385076321,8.130977320331986,15.315344186288739,2.224753460018166,4,2.475137140643814,61.82873722523042,2.4822169089136588,8,0,9,6,24.506286582659055,2,4.616839587971791,No
38,16,Technology,1.0990919199531703,1.0990919199531703,8.951797735728075,0.5198465868252266,2,4.507051471759268,68.29152509255879,2.914371740735328,42,0,7,4,59.782074299631994,1,4.169921805313847,Yes
41,16,Finance,3.9781334329207083,0.3140227364694641,7.970589955585755,0.5917916923523222,2,2.5851004430677236,58.88452046342615,3.7080557398672136,27,1,6,3,79.86794931241016,4,4.199246977843596,Yes
45,17,HR,0.9421901836353477,0.9421901836353477,7.923033723370272,0.8354464193367868,3,3.689275343934032,42.877193700214235,2.216332459083436,42,0,7,2,10.790454698972976,3,2.7318589374447884,No
51,15,Marketing,2.000427340570925,0.3910808442791466,10.324570583781501,1.8631432662169152,3,3.901443352113429,24.663500531982258,2.8983981251385886,14,1,7,3,14.893403736144164,0,2.5813107452992043,No
34,17,Technology,3.1199113434323276,3.1199113434323276,11.731803926910382,0.9992897287424987,4,3.0053563632326057,43.1403976857644,3.5926496078168313,25,1,8,7,20.527447275918636,0,1.5658228455541492,No
31,12,Finance,3.170873373454669,1.8829638987437838,9.340121729239362,0.7998307422679792,3,2.898506588757713,62.930127375753024,4.915759691398403,21,1,5,4,17.233798136062788,4,4.015256073155197,No
26,19,Technology,1.6779159620880422,1.6779159620880422,7.909343314837826,1.011793416880057,3,4.221048371107099,72.91112927026458,3.9947802012544433,35,1,8,6,51.25714417506519,5,3.656949903854949,No
37,15,Technology,2.092719584588667,0.3063276997985951,11.180924061643456,1.5217141408392794,2,2.598037566642735,51.86398300130065,3.0165220875522247,26,1,7,4,49.66232862065861,3,4.215153967745316,Yes
32,17,Operations,3.2254861651105484,1.995056907180249,8.315563194586295,0.6961692536710848,3,2.58652425484156,65.37828961110134,3.589313552090824,59,1,12,2,74.05133605336358,0,4.000799252751892,No
21,18,Operations,11.753174091437844,1.0867537755893726,24.28802994434472,4.803960081610989,5,2.931559023517979,53.35740262696021,3.225850684192745,27,0,7,3,67.71983380472642,3,3.54876131876808,No
32,16,Finance,11.788923301275187,7.646342702775484,19.94017507518927,1.3782530707012899,3,4.09230881343081,43.02923399227289,3.1031461602390027,18,0,9,8,79.51697476515565,0,3.4472695381155516,No
32,13,Finance,0.8445307192837341,0.8445307192837341,6.449097180480378,0.9866271447496568,2,2.878198244213482,37.90363462217767,3.7994266346485928,20,1,8,3,12.530045488540155,5,1.3423916481219595,No
50,13,Operations,4.366979104421439,2.8165929721191523,16.142476257022828,1.3239823339103831,5,4.346795236727416,84.74098822081105,2.274570782119853,14,0,5,9,8.954274288465301,2,3.9723205047904844,No
36,13,Sales,12.638890388377481,3.1018578398796195,15.646584214004811,2.076644940525397,4,3.995401842999037,54.762161413769874,5,14,0,9,5,63.43568591264955,4,4.333775180348674,No
39,15,Operations,3.6104333628349345,1.0707086907088226,15.16889113804775,3.0307602961047557,4,3.1207813261967625,40.860609312941534,2.9977528914895144,38,1,7,10,22.11032057583698,1,3.513896447058835,No
37,20,HR,0.4896925141526964,0.4896925141526964,7.305986481943507,0.612658347299769,3,2.7401507711104003,66.85367550919234,3.6879143993090944,44,0,11,1,13.205980342535392,2,3.1047546125443404,No
47,17,Operations,5.499379389875514,1.4863474631597178,9.017778346856128,1.6699893890101147,5,2.80387235043991,33.28348803417938,2.604618601102072,52,0,9,6,5.762462345027571,2,2.874823705655164,No
36,17,Marketing,2.53292892594357,2.53292892594357,15.54335432821517,1.2835731488473046,3,4.380011676442913,44.65797139379081,3.629870253360614,61,0,13,5,7.62224138422473,3,3.9854820431086804,No
38,18,HR,1.1630783846547303,1.1630783846547303,8.232533703387025,1.2254028187306556,4,4.314598795192235,73.07970856794812,2.9894176743966927,27,0,7,2,36.35493541864118,3,3.6512563543649303,No
38,20,Sales,1.437017738945071,1.437017738945071,5.7155038893343235,0.7593031990352435,4,3.1793642552521915,60.294246340602385,3.9086594584331054,27,0,8,2,13.378473066420256,4,2.586627634941981,No
42,14,Finance,0.3,0.3,12.093104701998856,2.3161464634034394,3,1.7869282334414123,60.56020501641387,2.798695600088468,39,0,7,3,22.648483384693733,5,4.200307536241228,No
33,16,Operations,4.552582489346337,2.955538295166218,7.128851056348319,1.0292533654149398,5,3.963052583715807,57.911810703833346,1.8909791925504764,7,0,6,6,50.40713888018148,0,3.670890651638453,No
40,17,HR,0.30617526913798643,0.30617526913798643,9.457319084199607,1.7029552453835826,3,2.8139827492526677,78.44008685117963,4.702363589880918,9,0,5,2,32.173165365822584,0,1.8939650445986904,Yes
37,13,Technology,1.2270342358113528,1.2270342358113528,5.578395359087793,0.31974308564944603,3,3.2065788119901604,85.2788798323727,4.370078340098367,67,1,14,4,17.94947953868011,1,2.697727161488589,No
34,15,Operations,4.209569465780726,2.2667569294849135,13.53446894575998,1.3759528022659668,4,3.710113446600784,62.52911967107137,3.8760700482035335,13,0,4,5,26.547297338205766,1,1.9541434968688363,No
41,14,Finance,10.104551115070505,3.4892642627886015,14.821807199467488,2.656073694421567,3,3.5143957205132166,59.670966698512004,3.670374260150843,17,1,7,4,13.945711573130463,0,3.8519241970037053,No
43,16,Technology,5.644957566696829,1.662986035960285,7.5946166170141,1.3349585804020716,4,3.0959618087263254,15.107609544510273,2.619881296022638,11,0,6,4,57.10713343052888,1,3.006523231712757,No
53,12,Operations,0.6910321937834214,0.6910321937834214,5.6574904880977375,0.8021163296965387,4,3.999042133634134,73.24763216051585,2.8895937621544023,44,0,9,4,19.43679497171237,3,4.3750757778856855,No
51,14,Finance,5.58499331977544,0.4011468189066285,11.908898046946012,0.9267425464891516,2,2.794833044800536,45.20460297102814,2.1172046715815545,29,0,8,2,23.316556614810807,3,3.7637790364824717,No
34,17,Operations,0.6189590138510822,0.6189590138510822,9.949820043756464,1.9324824357200636,3,3.3040291680390865,80.55294843395055,3.2064749665839813,51,0,10,0,5.933495587304709,4,2.160347335255655,No
37,16,HR,17.8136877876528,5.878979270186933,27.412052883402158,2.6846270739061433,4,3.8021927555475448,58.44088413750853,3.193588129510494,19,1,10,1,11.376807254366325,4,4.707342277334619,No
38,16,Technology,2.7327272887508047,2.7327272887508047,8.655288760512748,1.2795975099145054,3,3.5967108388865423,74.097373663096,3.0921468945334603,46,0,11,6,16.58000743797684,2,2.9910058052972786,No
51,17,HR,4.205223978244549,4.205223978244549,8.58394679117701,0.9733406503174868,4,3.570793006016174,64.61265116355757,3.7903799178265585,25,0,8,5,23.636337267724034,4,4.152882577676028,No
35,13,HR,1.0229524970387152,1.0229524970387152,8.320429938821698,0.9071452828794196,3,3.3968899274134055,78.1733219762552,3.193841467431049,39,0,7,3,38.80069213822108,4,1.9195909524356742,Yes
36,18,Operations,3.959616895512705,2.6045859977207892,13.487997909219695,1.451411855303021,4,3.219441638919401,40.674465364934704,3.406066753339787,13,0,4,4,66.82153350169482,1,4.079724778023186,No
25,14,Operations,1.9943366442646813,0.3,10.298718874862054,0.8635306770664462,3,3.5798446234031145,40.49393185424742,4.585894837503205,14,1,5,5,28.74691634037915,5,4.046889754354264,No
35,16,Marketing,2.3281739522287954,2.3281739522287954,10.605890505181135,1.6064669358964134,3,4.007845893681454,30.67763134180371,3.3928599842033047,38,0,6,6,32.78581829325302,1,3.0980192280711467,No
25,18,Sales,0.3996570903273957,0.3996570903273957,9.85255855268245,1.4196227484971375,4,3.6717606222818655,40.063194441546024,2.403115126430799,25,0,6,4,8.576398021863932,2,3.489510846748287,No
46,18,Technology,6.618397825113684,2.9569239074320333,8.150011061288836,0.9098373313279384,2,2.6892308549578456,53.769965692168434,3.488025363357851,45,0,12,4,12.612732065324362,1,2.556066725382224,No
35,12,Sales,9.33042988559759,5.527969387872637,22.924500186988972,3.704489266112484,4,3.433652546737535,66.13635386551454,3.679674820298719,41,1,10,2,22.918846225900154,2,3.518622072211234,No
55,16,Operations,0.4666504653787647,0.4666504653787647,10.28355511397098,1.7297860983307034,4,4.295887241277866,96.7859493275823,3.992447660301435,13,0,7,3,51.87949467474098,1,3.4216405043520126,Yes
36,13,Sales,8.667294022798254,5.380543236767536,11.791123165802693,1.4991121296867944,3,3.2929727452530457,66.59014531172132,3.3037966718395593,19,0,9,4,16.522274204369097,5,3.580344570764719,Yes
37,12,Sales,6.098002738294116,3.505726131273739,9.712463330704315,1.3037855616452516,4,3.577130951971485,55.42826095777602,4.002936813364798,32,0,8,7,16.38797245972442,1,4.7392743129034045,No
39,18,Technology,5.933028184401486,5.933028184401486,12.793420545355675,1.4111314657755412,4,3.820462065101766,56.79468693464398,2.9947076489532383,43,0,8,8,42.2663492423001,2,5,No
23,16,Operations,7.996955175283632,6.124149534300695,10.865936035504628,2.1809353318720657,3,2.7066439945987466,55.949301372091256,4.409381703261259,60,0,13,6,24.308081806558036,4,3.8904923737893533,No
21,19,Finance,7.447672698025503,6.774177871598834,14.666871276754396,2.143926374715591,3,3.1092119269545573,62.70457431886629,2.5487303801852947,27,0,6,5,29.54617036271623,0,3.868182565155237,No
25,18,Marketing,2.328670074576946,2.328670074576946,11.990433977822658,0.6884477146885031,3,2.38951147655627,89.65183125024704,2.978848708664109,35,1,6,4,23.980486014342183,0,3.1322751037693615,Yes
21,13,Operations,0.3,0.3,9.864453122717787,1.1811846504656516,5,4.193682095186055,99.70615400388031,1.709959322470604,40,1,7,5,22.628433443286834,1,3.2074747043232286,Yes
41,16,Sales,8.729488902765098,3.7398410144473893,9.184051280700286,0.6043304799464322,4,3.3207119848651256,38.316101544102295,1.6113809190458483,43,1,11,8,43.64451360711701,2,3.8763855893428865,No
21,17,Technology,11.875356969060972,4.096328336149498,14.680919255551375,2.6874302331135054,3,3.498095898578706,51.056764110180175,1.9154829861628637,15,0,10,2,54.005173214918926,2,5,No
23,18,Sales,0.42718960376718806,0.42718960376718806,10.515962192912236,1.4966870548563893,3,2.202469856696889,56.67632852143985,3.89407855572753,58,1,9,4,45.35346838065465,2,3.418266712131858,No
34,17,Technology,1.0336571920496391,1.0336571920496391,8.876796633882341,1.2734283709652408,4,2.9151453707080544,66.14832308767016,2.5876363321931977,14,0,5,1,13.117353147899937,2,2.0962236355878034,No
43,15,Sales,9.000708273466511,4.045135863052412,14.188236399319408,1.0565127033119983,2,3.998289639764351,76.9383513640428,2.8901942422145526,14,0,6,3,31.371302386173014,2,3.7712061050418524,Yes
21,13,HR,9.77254845819,2.7534936978808986,17.153254764551214,2.8040286212765855,3,3.0150456158791052,63.279674903987704,4.679850232245646,5,0,6,3,28.87638251500656,3,3.0601874524398047,No
29,15,Marketing,0.3,0.3,8.304550453562971,1.2636701796616723,3,2.9088387312844435,70.39574060556569,3.1970335573072566,24,1,10,3,38.66144256011827,4,3.57092722376176,Yes
43,12,Sales,1.5971891501201796,1.5846816954685314,8.554876283827378,1.3591652087081656,3,4.419167439642151,86.64362815495505,1.2664162732551587,48,0,9,6,15.624556672107747,1,3.463057632003299,Yes
42,16,Technology,0.9253374145646679,0.9253374145646679,12.019452849939649,1.4968957860618541,3,4.995759826220995,70.6710424201587,4.883652451321026,50,0,7,4,39.35288518686709,0,3.1027861627263413,No
33,16,Operations,1.8553012219569722,1.3448313987808829,10.044745617555884,1.6313300133679725,4,3.3365682680970865,61.23814123852318,4.103641611473881,17,0,6,2,15.089536587317875,1,1.8022946193869545,No
32,17,Finance,2.792772445243448,2.792772445243448,7.273943432630058,0.6089447280580431,3,3.145157037720784,57.18762229770823,3.998999979420905,38,1,9,3,39.33293758328668,3,2.6557529280079124,No
32,19,Finance,1.7609386243947123,1.7609386243947123,10.341594187056899,1.2427176745385806,3,2.8078938383399903,58.01589409972021,2.7106551912436223,22,0,7,4,30.394635725580862,4,2.755809803274049,Yes
36,18,Finance,2.6724722836584864,0.3395221282760595,12.915490193125567,2.5486999800902876,3,4.9980725135222155,43.58144465556419,1.6933144025549856,77,1,12,3,28.378533924535756,0,2.4098373590820006,No
34,16,Sales,1.1317102682489413,0.9973966095497482,14.407928791509491,2.7160993391082573,3,1.801616554038274,48.09363257307931,4.212208426416494,32,1,7,3,34.711323733566466,4,4.1347826171936815,No
32,13,Marketing,8.90842194000648,4.127979819121214,12.382255540381198,1.473280437322521,3,4.902588095128616,72.1583796474514,3.7725160569150455,29,0,9,3,41.11790995075371,1,1.4832533295810828,No
23,18,Technology,1.9587384413996718,1.9587384413996718,11.78134619668923,1.1023515400852635,4,4.101439019891263,45.61043528373907,2.808677936818917,31,0,8,6,20.00815396257107,4,4.782840965859533,No
26,18,Sales,4.035333333217058,4.035333333217058,7.405330833740663,0.6749930857927487,3,3.510330110410681,66.2034714321603,4.783956034373795,31,0,7,7,50.85902657097176,1,5,Yes
35,15,Marketing,6.65485595516451,3.965671902085119,8.346782988947107,0.8445824717936221,3,4.410940429178757,51.22684788177123,3.8875098553602228,29,0,8,5,15.571779147420747,5,1.12912707206613,No
22,19,Marketing,3.4447787468314623,3.4447787468314623,6.919611059964049,0.7098601565652098,4,2.6187362381911803,48.138033436891085,2.377084417858716,40,0,8,7,46.863325539976174,3,3.100664611503649,No
22,16,Finance,4.002620759478434,4.002620759478434,7.596712972772663,0.4376252542470441,4,3.2824809773088557,69.86654019127938,3.9654018813081646,34,0,8,4,16.254504024215894,0,3.8507419318182676,No
46,17,HR,2.466780936828859,1.5559479605175375,10.586736111807468,1.5238844830287759,4,3.60129801517313,57.37776418418986,3.2889651654114203,24,1,6,2,7.4737916602879215,1,2.8699743217094857,No
33,16,Sales,0.6033691431802679,0.6033691431802679,7.22817258448136,0.5201300504231922,2,2.7115213819977226,42.42270391259757,3.008273748539908,53,0,9,7,14.217623291248193,3,3.7628028316295854,No
27,15,Technology,1.981593029960893,1.981593029960893,15.907927288886784,1.5026703685354292,2,2.7984261750422528,66.65420564029164,3.398303088173184,21,0,4,2,27.207462713856252,4,2.4609093155508726,Yes
30,16,Operations,7.02963426446865,5.592859998308111,14.418598382074453,1.4122857775174713,5,4.796027999528992,51.296470979521345,2.611122833430269,49,1,11,3,75.85168424748471,2,2.32797431447381,No
27,18,Operations,15.531143108531369,10.897485691026988,21.96962491952491,2.606373280838503,5,2.8102813691432007,64.85278463494204,2.4835907432591866,9,0,8,6,80,2,2.4529980411789913,No
31,19,Technology,6.3595111472396955,3.2077867967793527,8.393268277786312,1.6841067916089898,3,3.7996090748304394,79.93843565816573,2.4922111370506608,58,0,11,4,15.153003984427533,4,3.9982868368919995,No
27,17,Marketing,0.3,0.3,6.333865941490664,0.33030688153454335,4,2.681363008983851,48.93067542234977,1.4166413992182283,34,1,6,5,19.571914176808367,1,2.994855500138692,No
29,13,Finance,9.208744865451383,6.486692701237989,14.971368383440481,2.3779935385654514,4,4.316169110281654,61.127026981083844,3.4344782216346705,32,0,9,6,40.59564892360833,5,4.036087600384556,No
28,17,HR,2.9758638286968835,2.9758638286968835,13.053243896719378,1.4129982495026443,3,3.110072446002904,54.1387594601747,3.213838520260627,24,0,8,6,65.27967420820531,5,3.363186633111984,No
43,15,Technology,1.1658929406010632,1.1658929406010632,8.845185483147189,0.6148050609774469,3,3.5022424279498634,60.63516167609716,3.0043524726628603,31,0,6,9,34.59570554454588,0,3.3972463412129645,Yes
28,16,Sales,0.8003808425667537,0.3793340417756023,11.114894400073513,1.012096995887749,4,3.491565166278161,76.0637273152136,2.2088447934944235,19,0,7,2,54.079787991075584,0,3.157552849084534,Yes
49,14,Technology,7.882081145409451,0.3835243242659062,19.289487922886345,1.0113540343079608,1,4.609654228854355,61.41330422963819,3.389091464096091,13,0,5,4,7.507948842426541,2,2.505733013763436,No
46,13,Sales,3.610208078964209,3.2842944001174526,10.20657753968138,1.2288435236664532,4,3.8867319970782215,87.20658777225694,1.1818933672473504,29,0,9,2,20.895833573474814,1,2.3246962097491433,No
28,18,Sales,2.1235047120312096,1.897875496173415,8.190568122518336,1.352970918827572,4,4.387418056773095,74.9947772939359,3.370997592075616,23,0,8,4,13.60457662289244,4,4.044644408431332,No
34,17,Technology,7.372540004175427,2.4858164348085583,11.335912721617904,1.622252135919484,3,2.9051814059907617,59.982734435085526,2.2220679515771264,45,0,10,8,24.05764241930667,0,1.844307752309786,No
29,13,Marketing,0.5379320193585804,0.5379320193585804,7.77398090860771,1.2720430136216698,3,3.004876482459629,56.82358268376436,2.787513331785332,45,1,10,9,16.643792735613868,0,3.8154789121406254,No
26,14,Operations,2.2924605274418997,2.2924605274418997,11.82960332030459,1.5990185986281467,4,3.909949524203736,63.865934956465495,3.8000317817158176,43,1,9,2,29.560826221575724,2,3.4718517234366817,No
38,13,Sales,0.8140034638037077,0.8140034638037077,9.749554426131224,1.4236557377794385,4,4.409392690608942,47.06317293889148,2.8874163851085792,38,0,8,4,9.689406636882605,4,3.25901419095101,No
40,14,HR,12.48806145331921,5.796009638176735,19.462094160801236,1.6141044701881524,3,3.4795420234066117,45.59244571273769,3.28804634411503,20,0,8,4,27.887277462023512,2,3.570530989901644,No
28,15,Operations,0.36117419638275683,0.36117419638275683,8.699385576079175,1.4907038993277164,3,2.1909071268020557,57.58071464772935,2.581534407476895,28,1,8,1,36.45902479215216,5,2.120602569232881,No
27,18,Marketing,9.540872731510786,8.780641043508238,17.675206638742157,2.6225644789794917,3,3.522089103059381,72.86037349318819,2.4990741344042258,28,0,9,7,56.01896673396986,3,3.718840555474978,Yes
38,18,Sales,5.305774040024412,4.120677308150468,20.666400518127144,2.7181950982776404,3,3.3219652248600395,66.72105194935294,3.611674530462533,24,1,6,4,18.548581838137707,5,4.575636647578773,Yes
27,14,Operations,2.104080644732135,2.104080644732135,9.617145456589245,0.49339874995479027,4,2.370341313403606,65.03477347518827,3.455334807901135,39,1,8,7,37.212811178831885,2,4.251408638974209,Yes
39,18,Operations,7.325383164576164,6.523100974264318,14.026069307890843,2.6962354829820985,3,4.1723913452241,52.43786067897499,4.564122119054804,19,1,6,2,20.829359426044384,2,2.6787883265056167,No
38,17,Operations,3.308778398270658,3.308778398270658,14.272563320134909,2.63888803622312,4,3.8752871963713336,29.422973243920836,2.3723293328332056,19,0,6,5,32.02482952779662,3,2.5925310902725847,No
38,20,Marketing,5.815550231471206,5.123345151403314,16.270947388444213,0.9338908580510792,3,3.690120788952342,67.08788623771659,3.183109176636469,32,1,6,8,31.735952471517678,1,4.064786751205039,No
31,18,Technology,0.3,0.3,8.403744047492177,1.6268436371627866,4,4.298052680982045,74.09904994273299,3.097137864821672,37,0,8,5,39.16561795556198,0,2.8980311947816686,Yes
29,17,Technology,5.366840559278029,1.1090032062780777,10.952395986054006,0.5884210027129225,4,3.494482631271179,78.98649950153987,4.525381817441506,17,0,5,2,24.764199914441914,3,3.237562422305282,No
29,17,Finance,5.182044878395578,5.182044878395578,9.119494318981014,0.9674644311697382,3,3.1198039958122736,72.52342023222053,2.391331865956949,19,0,7,5,33.45232505279904,2,2.8299991001024467,Yes
39,16,HR,4.9091978394923235,4.9091978394923235,7.1405633523156435,1.2729841247119202,4,3.5131465064859952,60.17065842460584,1.9865240330392953,31,0,5,3,37.30064933714952,2,3.580802020326001,No
39,15,HR,1.0851538811002706,1.0851538811002706,7.83482451515054,0.48689482844187076,4,2.8105692907261908,46.87867940394972,3.2863447634325045,27,1,8,2,48.35855944017836,5,3.112118281319684,No
33,15,Technology,4.147715509584524,2.7575631154962887,6.939840424049572,1.2332944004697415,2,4.008475150821239,45.87958489664277,3.5852557373665106,28,0,9,5,12.305089205900586,5,3.5310155130468175,No
29,15,Operations,3.7742998815872477,0.351590246920229,9.687536826210708,0.5373205962040064,2,5,21.82193507313547,2.7994474854209144,48,0,12,5,45.5963668655299,1,3.4002971529785433,No
35,17,Sales,4.460858937133945,4.460858937133945,7.825031231283036,1.3987340201607512,3,3.906194918759309,57.50875624018998,2.521382832662821,37,1,7,4,29.087067542974648,5,3.7270702293671643,No
39,16,Sales,7.409956522816278,4.43707840612697,10.268255230438667,1.165876079701814,4,4.989023981597744,42.96395475918001,1.7772554675456518,30,0,9,9,18.00311651713262,3,4.129247296833658,No
32,17,Operations,6.3102257776366075,6.3102257776366075,9.106531459046069,1.5448262515061786,3,4.092170032163368,67.30377758119471,2.8965012491723807,14,1,7,6,56.00387529548245,3,3.81292312276392,Yes
36,16,Finance,1.1997621157859892,1.1997621157859892,12.126237180461144,0.7467926415722059,5,3.914281677827979,76.12419595030532,1.578090972839827,20,0,7,6,24.927489924728313,3,3.5308456130203933,No
27,15,Operations,10.555266178023967,3.7006423806843003,16.092139078901273,1.2964797866587294,3,4.563218781166252,62.69565961339038,3.9119801250439656,27,0,9,3,6.183699715690941,0,2.935628722547531,No
52,17,Sales,5.699960085345906,4.230465935196697,14.2639828457771,1.4747163551188471,3,4.693616448546898,80.55791296326719,2.9119045429000927,51,1,10,6,66.99188426491531,0,3.420260266001201,Yes
41,16,Technology,16.268328141932013,8.956511784439757,18.68374979826342,3.573061234850344,3,4.009114927864484,77.26522109247719,4.471716963200927,9,1,6,8,11.723162422349953,3,3.937358153586577,No
34,18,Finance,0.9183536242233805,0.9183536242233805,11.166252712817371,1.4861737545857934,2,3.7012578564516803,56.662908904331395,3.2034958059573557,61,0,9,1,21.778363353836625,3,2.5367032552821316,No
24,17,Operations,5.336836718519639,3.806846264549135,6.8942799205683025,0.8098812804157105,3,3.0767657311081944,69.33105555731248,3.2725323252920746,36,0,8,3,10.372518379851938,3,2.975213029185821,No
42,15,Technology,8.280112875400983,3.785895017392685,11.344458893107097,1.4573053215226843,3,4.109135546579958,45.789957546455014,3.411968188828837,21,0,7,5,31.602011663243566,1,3.237526060333582,No
43,15,Sales,3.3888863150245507,2.229016903094379,6.754565282878778,1.2744121241692337,2,3.1082198163704975,65.07305039886826,4.410750899734662,51,0,8,4,57.09345975691961,5,3.1886631572365287,Yes
31,17,Sales,4.130399912929313,4.130399912929313,13.122090925245997,2.333272763493805,4,3.797444216632722,38.996670879990404,2.307612745213887,14,0,5,3,79.95795543378486,1,2.814944576696705,Yes
26,14,Operations,11.795894919966344,9.532263039063432,15.328893988447822,2.3612596681843905,3,2.795454197962543,72.15122040735277,3.6827915132444837,45,0,8,6,32.24286956770041,3,3.2035159678180345,No
35,12,Sales,0.3814239998482741,0.3814239998482741,8.765506174019853,0.4467026538589011,3,3.7130165590147555,69.40049068064283,3.4085699618112586,26,0,8,4,22.583228658739788,3,3.929693259699601,Yes
27,16,Finance,3.768894432992388,1.0306259687211003,13.825159062202209,2.3836266572891107,5,4.205452395987221,41.4184231630328,3.6129252676830994,25,0,7,8,17.510802234046196,0,4.3035751762781125,No
35,15,Operations,7.061403176660582,3.879446685042028,6.567617764529661,0.7032180078617645,1,3.2979650812068977,74.0638933449335,2.912033675847173,35,0,10,5,47.795134854425406,3,3.8394665599953526,Yes
54,12,Sales,0.8585501131540653,0.8585501131540653,9.996267389032578,1.2099660493801805,4,3.475868272312997,48.61657841010235,1.9832728132262882,13,0,3,3,9.6309281553128,0,3.868423031174195,No
26,14,Sales,0.9604144709198676,0.9604144709198676,7.525073323045822,0.7323972595225149,3,2.8209209316287867,65.36018351818042,3.3139787273292622,60,0,10,3,52.63114314465482,5,1.6456300803414299,No
31,16,Sales,17.07755542612856,4.941430959890517,14.307370167745932,2.166448535358388,4,3.9152090704842055,52.78288343705337,3.705762629317216,9,0,8,5,32.827591544506085,3,4.3993031010180745,No
30,12,Finance,3.4554577178470947,1.7440612460976272,17.42645767808346,1.7083913144592873,1,3.0780093700896742,44.04760588539959,3.5782354042258335,29,0,7,0,9.881778728079842,5,3.788413034222473,No
42,15,Technology,7.4161296271310695,4.027362050230887,15.840921986338746,2.123187112648476,3,4.987489400723887,67.86113107306409,1.8960778526851343,26,0,8,2,62.10673458727642,2,1.96394465033779,Yes
31,14,Sales,5.774474100489502,4.50102216269602,11.500610574272837,2.0704803305939454,3,4.986273122442259,49.5354622917579,2.926024873795606,45,0,12,2,17.733397102321774,4,3.7748311505986667,No
38,15,Finance,6.660941900154404,6.445046261935794,10.272905109720796,1.5581864939244956,5,4.7092583997542246,66.53542520284354,5,38,0,8,3,63.95999434486698,5,3.547585297974552,No
37,16,Operations,1.9671619812472616,1.9671619812472616,11.10893452752618,1.046119025071603,2,4.152430141592406,70.85371742947005,3.201445853034913,36,0,8,4,10.675870849860571,0,3.710519967939662,No
42,14,Finance,0.5589619050871057,0.5589619050871057,7.624680454434381,1.0932594578765975,4,3.590414012649159,96.08803337985486,3.0954930425629774,17,0,4,8,24.29638934372035,2,3.9161762235365716,Yes
25,15,Operations,15.780523707887461,7.9303162421072,24.55606864171347,1.8213338461628918,3,4.214052676403167,81.95920166604805,2.406918590456846,21,0,7,2,36.45048248549262,5,3.4349315455716103,No
21,15,Technology,2.3234604518489355,0.8213455509718876,8.899691610605405,0.924338569073645,5,3.3973186744203594,37.87646863160888,2.5859482979545634,26,0,4,4,26.187834987026456,4,3.5110613287390064,No
35,20,HR,9.493316014587755,3.7682950543539424,11.91969405079122,1.3071837319801254,3,2.9982123362270516,49.32031296913903,1.5110824533721607,68,1,15,5,13.089284044755274,0,1.7606322222947999,No
37,15,HR,2.9782746427587212,1.3037491184884131,13.606240677749668,1.4753826459829404,4,2.7153100625301345,58.12933244996404,2.108783317826952,44,1,7,2,15.010255029217449,1,3.916865063477645,No
34,15,Sales,9.89775581357704,6.1765786074230995,18.210015610984314,3.6094253298526326,4,5,69.32344034657365,4.431171714319091,43,1,12,5,32.25673734700746,3,3.2680536506253937,No
37,14,Finance,4.043240773106897,3.5763807457902135,9.851854063714384,1.0722965004038902,3,3.6995046543604957,55.86606159088396,2.695442630637212,37,0,8,3,21.734354216168857,1,2.587074237859203,No
22,19,Marketing,6.651709627925269,5.189662386407181,13.21290013674572,1.5307428558368408,3,1.823189632918298,74.86843991967427,2.971064651738339,77,0,11,2,2.548110333132001,3,3.367199658816494,No
41,16,Marketing,0.9251996999889697,0.9251996999889697,8.997270585374224,1.6271390982801692,3,4.381648754488292,40.911084407663836,4.121159839290597,35,0,9,4,26.878607415354836,4,4.509306380671227,No
40,14,Finance,10.82699399909775,6.103627408066504,22.73014404733011,1.9896963793814786,4,3.786341046403658,37.988940856011446,4.889851471023632,12,1,6,2,10.3440920517862,2,3.694062969840038,No
32,14,Operations,2.4515744486813853,2.4515744486813853,9.139886681593973,1.6113106421007009,3,3.3773446394723505,82.43864765986243,3.7092142300055446,32,0,5,3,66.2222942176044,3,3.5891047970671264,Yes
31,15,Technology,7.664353094197468,0.3097242119746863,13.989429224323821,1.7123510463500575,4,3.488621349705016,54.474910414273516,4.89503569124318,42,0,9,3,30.304492367489274,2,2.880212198998972,No
48,16,Sales,7.12703245334125,3.471144375570384,21.530686450213896,1.8395742479439139,3,4.531105004532724,57.90139135709341,2.7663133883031517,43,1,13,5,78.74429605234394,2,4.502254241984383,No
33,16,Technology,4.1749372762925585,3.2822257490954554,9.4480423918725691,1.9157726027861057,5,2.7640372672157607,45.54079494691968,3.5920206552001246,42,1,11,2,5.3850523788407045,3,3.988885513447392,No
34,18,Operations,1.7514417217237792,1.7514417217237792,10.086521269600148,1.5509555123354497,2,3.487806804456715,57.542449746249694,3.227298607539149,12,0,6,5,24.88464401195337,4,2.669974258112606,Yes
47,12,Marketing,1.1076257135152858,1.1076257135152858,10.620261735595681,1.9267633656153302,4,3.4118000955961127,51.58547759127053,4.008676078809839,36,0,5,5,50.58162220270024,2,3.9543834071468966,No
26,15,Technology,11.469317725156339,3.8455101729386074,11.416068907395843,1.9659060477058008,2,3.1773316503738247,37.1047344819552,2.611495453417844,22,0,9,4,13.64134410799651,1,4.36720471427681,No
35,12,Technology,4.710244990586002,4.438975052101428,8.765054780846892,1.3198442907992205,3,2.7163678929118937,44.89535185302735,2.8219852223721014,21,0,7,2,14.382934258924724,3,2.719803909438924,No
35,15,HR,0.6951169519178949,0.6951169519178949,12.26064035501083,0.9227054394708597,4,4.771448206563938,53.558659049225774,3.6832000594065453,48,0,9,6,31.888600373771087,3,2.6428318335602867,No
43,17,Marketing,8.156762640410566,3.7666656880400127,10.774231585478823,1.9796833111902776,5,4.227731944063217,46.47476157680589,2.093572541842969,75,0,14,5,17.033363397514446,4,1.7056644465214896,No
25,16,HR,2.4187226855069643,2.4187226855069643,7.9026593165669,0.4075652648602753,4,4.42113721042889,45.7862198948003,4.30984341493547,7,0,7,4,12.741943166377174,0,1.521847595233341,No
43,17,Technology,9.299823035408656,7.093838510069468,10.890945083905788,2.20403385595094,3,4.236581576142552,70.14815463298875,2.809811392877929,31,0,11,7,32.10655442713323,3,3.5517033759499763,No
34,20,Operations,12.29997858142318,3.955862102311017,13.508757353771728,1.823294019501468,3,3.6218945296157776,59.282480463646785,3.2152886262498703,30,0,9,4,14.608542224804943,5,4.111242895687284,No
41,16,Sales,1.1268984354089118,1.1268984354089118,11.098305724370261,1.1168973364479795,4,1.9833992773505305,15,2.2870227016240237,53,0,7,1,35.47137178509636,2,3.73604321392732,No
41,16,HR,16.62624540459353,7.57505152933863,20.8941282454873,3.9565545768476715,3,3.789484495673678,57.59655775870769,2.2990314080152094,37,0,11,6,43.68931031565098,4,2.775438084770498,No
33,19,Operations,12.085059103507366,7.8553498662206875,14.405715010297296,1.340943482864558,5,4.709359433131842,57.462886035152714,2.089207729194965,54,0,10,5,43.41742842885536,4,4.221005089276966,No
43,18,Marketing,4.722972299570551,4.722972299570551,7.486689508680754,0.9598706736508784,4,2.908244213044585,58.81515018428979,3.6759437663330905,44,0,9,5,7.8511825822583035,5,3.4906074565735326,No
39,16,Operations,6.06010761747973,5.766256436688536,12.896892418116687,0.8743935007887433,4,4.799958429386005,52.43211688572678,1.8826393935826002,19,1,9,3,31.82865221966411,3,2.9742916954058054,No
33,17,Operations,5.575859430556817,2.715201451163269,11.29999266350141,0.9476798603818681,2,3.4945016872251036,87.7804767543667,2.8934216234637464,56,0,10,5,34.195112851410904,5,3.9170900779045996,Yes
36,16,Technology,1.1929656753787863,0.3,6.213577038079457,0.7486062211540886,4,4.010259045678287,38.81202929030033,4.411207146569891,41,0,6,5,18.28218433327777,3,4.500463612885405,No
40,12,Operations,5.995756526896915,1.9717762600187714,10.057521440449726,0.5520346468846888,4,4.711098401427733,84.06785507202969,3.783232740833824,35,1,9,6,32.79445662418268,4,3.3142032658825813,No
41,13,Sales,4.199720714887428,1.8813507386915478,6.033127693559166,0.3806034496762551,3,3.58620940318396,46.110211005604384,4.298746111093384,32,0,8,3,35.57489730478819,3,3.7822511393434555,No
32,18,Sales,2.2543448458484954,1.4083302157846143,13.564107137201482,0.8217641354221537,4,3.492235613611258,50.51730928390081,3.7889877364373565,26,1,6,5,6.516091045625115,5,4.076231451183707,No
39,16,Operations,11.250719138985291,6.525706564875663,13.326329379244125,2.3261025670557998,4,4.10680188706804,24.244611513992766,1.9119321351902065,40,0,8,6,17.658308668673158,4,3.704053689064773,No
24,18,Marketing,13.944282692248349,7.631483061986002,15.720590420131758,1.8868791063301964,4,1.8908812012803764,60.3321800149252,2.401865110159209,23,0,6,3,57.21406388577151,3,3.440624944013243,No
31,15,Technology,1.4716373694091067,1.4716373694091067,8.953421325079328,0.8146752278493007,4,4.194016484017575,86.7544650453116,2.3228339744976476,61,0,12,5,34.94275716895743,2,3.069095062946549,No
47,14,Finance,0.5072975707088623,0.5072975707088623,7.944625022177692,0.8124623343035857,3,4.22456070741726,35.68399911951392,2.298320819476596,45,0,6,4,23.614858492093187,3,3.048519546589123,No
34,16,HR,0.5401187498322316,0.5401187498322316,7.9691496832445905,1.4054533463067267,4,3.1007215952692926,69.15291513765668,4.391706359121147,45,0,7,2,20.600479891625984,1,2.6439908757651476,No
48,18,Technology,2.327594661084845,2.327594661084845,10.029719145160167,1.2997816733424477,4,4.998029835305311,79.29945505364701,3.5202922717024903,27,0,4,4,30.99865081780986,0,3.967843960166741,No
47,16,Sales,10.580669729310083,4.467403887629235,16.207213339585564,3.0829681664013973,3,3.0734300710895335,99.15980105636686,4.196481018560172,24,0,8,5,48.57851641342008,5,2.556012366171385,Yes
32,16,Sales,3.861127540578783,3.861127540578783,9.950954330202418,1.3262919105260458,3,4.698945928573832,62.901298962333634,4.710338670407816,15,0,5,2,14.11643794011993,4,3.06761290368347,No
36,15,Finance,10.745238528562048,4.20724054111241,17.89689730273629,1.6587144247087466,2,3.022679602623478,81.7694804568311,3.010248601055958,31,0,7,5,35.84930192292737,0,3.6273562642056536,Yes
37,16,Technology,21.75787383735699,7.052420940161548,26.03486690549574,4.454689809998737,2,3.008601633773846,79.0636020989523,1.2893533908303125,20,0,11,4,44.759378344904896,3,3.6474193976896467,Yes
35,13,Finance,17.197343309186955,7.031835102007485,22.253796976223082,4.166419178208298,3,3.948407826168293,59.39677769248289,2.301865138068289,17,1,9,4,55.13384407991744,4,3.936228420658707,No
42,16,Technology,10.904185729781823,7.096211776604296,18.17762410099555,1.11122585318779,2,2.582347849677301,30.045292069522937,3.494262749462759,44,0,8,1,20.78351409125177,3,4.027109983819381,No
31,12,Finance,2.4027732075362023,0.3686686213123833,11.717540642208808,1.5653443214366374,4,2.595449675047241,39.39431339896945,3.006471038232993,26,0,8,6,29.8418528712668,4,3.7233866014267143,No
34,18,Technology,22.475433398035424,9.95561630475732,27.14675337578262,3.4699096773752274,5,1.20900257352445,56.81373401616462,3.0102153713220643,50,0,11,2,18.108963090346872,1,3.440119705686896,No
28,12,Operations,11.571027637114796,4.710644346151636,17.57169181974013,2.0794647193941613,3,4.107276240371398,78.55189667060895,3.5086323078802595,32,1,9,6,34.70002930388674,1,4.627431963453872,No
41,17,Marketing,0.3,0.3,7.043681457337759,0.6212977427681727,3,2.9177104638353053,65.09874603276788,3.513948857336162,28,1,9,3,51.206725371419466,3,3.0009423101927144,No
23,17,Marketing,14.951638626631338,7.291028037503073,21.915266078078336,1.6918698559674554,3,1.91053277145951,53.52221277400126,3.7759720328697606,38,0,8,6,41.91413748913947,0,2.6441133101260177,No
40,17,Technology,8.579504296707302,2.9895563420437368,14.963507309261143,2.332763713881372,5,2.406226089127344,73.02224969776242,2.800940215771165,21,1,7,5,29.513388921271154,4,4.124829740282149,No
31,16,Technology,3.3447977509954483,0.3,11.653813401390664,2.2482932659927135,5,3.388875696900267,54.597616050252185,3.806095019588994,28,1,9,4,41.254364293094056,0,3.013035006285649,No
38,14,Technology,1.376256478924245,1.376256478924245,7.860593449613434,0.6271069102602043,2,2.5037862960447943,87.77893756865157,3.1251638180728247,42,1,9,6,77.53472283468494,0,3.616897916668238,Yes
40,18,Marketing,0.33679336203246496,0.33679336203246496,12.635573040157908,1.7964778829278452,4,3.100847398036797,57.99401434930113,2.6171042001784794,18,0,4,5,63.134628191806456,2,3.4975804058820708,Yes
32,16,Technology,3.854296810720049,2.3231048218653503,14.08481184350083,0.7499764040286594,3,3.0753473521200814,56.759789786352194,4.233036833157699,81,0,12,1,56.30465224739566,4,5,No
33,20,Operations,3.5088319354400723,1.6418513151317875,12.860014278828967,1.853767079663271,5,3.1145697408129545,79.30328835383968,4.219898131410477,21,0,8,3,7.262645666403841,2,1.2068006491060441,No
33,16,Finance,25,10.436135276888502,49.81,8.96,4,3.2015666411978305,41.55332547011215,4.9894824073423,26,1,12,4,27.80044777101147,3,4.6057573104532255,No
45,17,Finance,6.390019509763386,4.877868683987207,5.680575731654868,0.7021148749589508,3,3.974755273267759,22.748523855137254,2.4170207939071475,32,1,6,4,27.496454114401995,2,2.3935720831408673,No
24,14,Technology,1.302009326181753,1.302009326181753,11.465260385936396,1.955755335808816,4,4.388471037011555,58.27823073148217,2.4062246500013464,48,0,12,3,21.84552584316983,3,3.264732217235285,No
21,17,Finance,0.5442211159689813,0.5442211159689813,7.953969806139041,0.47902351875921023,3,3.573813942303006,60.058629734405635,2.4874398277992293,27,0,5,3,8.60938613333755,4,3.2780842094048537,No
43,17,Finance,0.7953773136986559,0.7953773136986559,7.583740073098182,1.2961748055277347,3,3.7370726588003786,58.961632540341526,2.892764465210234,30,0,7,4,13.760441985333882,3,3.824366940954143,No
29,17,Finance,2.111447683092737,2.111447683092737,9.97266647282054,1.8839074290595856,3,3.0015581800406212,46.84698665819644,3.1860691882076955,17,1,7,5,34.80688748363499,5,2.3224341852742856,No
29,16,Sales,7.4772844555803815,4.550696401068599,9.509107434341624,0.5036855038048998,4,3.293683026943968,51.030168194927654,3.408237092278309,69,0,11,5,47.77414129039903,5,3.952696237949258,No
35,16,Finance,0.3733651244175268,0.3733651244175268,5.748608059984092,0.5848089305002108,3,2.9227777709338985,71.20533325429096,3.4720051260886926,19,0,8,4,26.159546072688308,3,4.51572657266665,Yes
45,17,Technology,1.1184744418601338,1.1184744418601338,9.91278309884768,1.749116814417878,3,2.9269388741248346,49.70294572328539,1.406870474421653,15,0,7,5,7.864222024212575,2,1.487171399182856,No
32,17,Operations,0.3687707355388262,0.3687707355388262,8.004571746279844,1.3226901679266219,3,5,58.29759612641374,1.7372509124472666,21,0,8,5,67.09732483015914,1,1.4167661313102007,No
35,17,Sales,2.702851009239307,2.702851009239307,13.58644864467803,1.1683309941739115,3,4.017596515607749,48.35945276474256,2.3015477402311912,59,0,9,1,13.018920654137018,4,3.0969407355459286,No
24,16,Finance,14.559771858051448,7.011491171053902,30.37779528709969,5.566979083607682,5,3.111020892129463,44.29261787486577,3.9991989712731666,29,0,9,7,27.47516061634588,4,2.405687144577979,No
31,17,Sales,5.800259409802236,4.734635600837599,9.810764581694555,1.3096146857932598,3,3.315561600683329,71.69203413504748,4.115915020751514,36,0,7,6,24.036403176682008,5,1.5626172623082442,No
37,15,Technology,2.7589394164589156,2.7589394164589156,6.6891884314246175,0.7826513998469349,4,2.872592280526502,74.84663279652963,2.306992855491629,44,0,7,6,39.44927585540995,1,3.9131341702655953,Yes
36,12,Technology,0.3,0.3,5.759745312072643,0.6817918295353365,5,3.6971032563444344,57.570773698913506,3.406296782110326,39,0,10,8,45.9651809289144,3,2.638118186810869,No
26,14,Sales,14.801288341287925,6.668622827973116,19.315301996115306,1.5997018365129136,3,2.603706311333257,57.2424046930412,2.500861125699845,32,0,10,5,34.95423504823485,3,4.556771214221696,No
54,18,Sales,6.959451544576787,0.38439470280184246,8.466212224241405,0.48905000062496046,4,3.5966437584633133,61.28875068758383,3.302746344471366,20,0,7,4,19.37844114597034,3,3.3361708457293138,No
34,13,Operations,16.391947105747654,8.592051193455037,24.527093962416046,3.74267602248293,4,3.6919295950557363,74.06098394118965,2.6981049165602915,33,1,10,7,33.52814073709202,4,3.616782511449257,No
21,17,Technology,2.483170631553444,0.3,8.809644683157497,0.811207952099535,3,3.4958890031558014,67.4138825936575,3.5025177959868588,16,1,6,6,64.98982493294727,4,4.37174297023853,Yes
50,15,Technology,5.669146870222367,0.4614573466878122,9.122473920752748,1.747888048206128,3,3.391580270361043,54.03022978768597,3.8830058397160663,28,0,7,4,55.080114278836454,3,4.233695952185305,No
35,14,HR,8.970944546848239,8.970944546848239,10.996092467077355,1.001204928301907,3,3.117807213912922,43.94259864817468,2.410676296106446,7,0,8,6,22.9952766679238,3,4.930780181425829,No
43,17,Sales,5.977361346453405,2.8369995333582874,5.260114994094884,0.5330121670628494,1,3.39630246704243,45.342539969933256,3.117669264797391,46,0,9,4,13.800034143420714,5,4.235546983569108,No
24,16,Sales,3.9707854964581784,1.4163141543189783,9.806263941379173,0.9642518937815917,3,3.9844688733966995,44.65715985320865,3.2213278114700166,20,0,8,4,29.97431664268603,4,3.380381075868853,No
29,16,Sales,3.3909475851386466,2.2677776362013606,9.249647501808772,1.768022510017168,3,3.7809720265055975,59.313131283267445,2.699192208655069,15,0,3,5,17.156169855683054,5,2.7133992632281267,Yes
43,16,Marketing,0.5551535979504967,0.5551535979504967,9.09229376242987,0.6780369333698392,4,4.186898590594836,36.429791833386155,2.984866290157561,21,0,4,4,25.04168196311808,4,2.51182819109916,No
34,14,Technology,2.4589285159539505,0.36275094534807717,10.241658126022559,1.4846166716413236,2,3.703125726134701,47.0328797429004,1.3647196238587516,44,1,6,9,79.32111513263764,3,3.311744436443781,Yes
28,20,Sales,1.091569728996658,1.091569728996658,7.49423739996135,0.6817014063717677,5,4.4093224803244695,73.03196460157706,3.7239017377286334,41,0,8,13,31.238954648017867,3,4.575951226625824,No
36,18,Finance,3.1033367599133705,0.5190674230927712,14.079035981590549,0.7909068216674605,3,2.807731825344668,73.86811063205289,3.296806992737023,46,0,9,6,43.029159023284194,5,2.3606354593525265,No
30,16,Sales,14.10283596268997,7.801678530381757,19.32024480511017,2.0704806182617452,5,3.8664097270585294,46.40672983009568,3.9318649487295327,34,0,9,5,7.1978309092083625,5,3.656221589927841,No
29,19,Operations,6.128799592961035,5.801434774669271,13.028086996472418,1.2136539342413788,2,3.907415078732797,57.80144136599773,4.695172481502568,31,0,10,8,58.44243755136796,3,4.325352767190478,No
22,12,Technology,4.142188956334608,4.142188956334608,10.423046994038096,1.784785309230431,4,3.0920885818735737,64.10462618513361,2.501962435903274,73,1,12,3,44.47543204510612,4,4.082953929710268,No
40,17,Technology,1.4119037993836019,0.977721088821171,8.097871094922892,0.8961752257702752,3,2.431761579105547,43.2349418004334,4.488562112870401,46,0,9,6,34.46531290203018,2,3.8823416244209104,No
39,15,Sales,8.256215710685634,3.200607039358632,10.716366365018759,2.0817584407478567,5,2.7877011211857727,85.54742623768706,3.687673696310247,31,0,11,6,12.38189306046259,1,2.8174721827221267,No
44,19,Technology,5.6682458706724725,2.0644732317752292,12.277843696034951,2.3593864421761173,3,3.508103474847894,53.3872441677704,3.508693876778741,20,1,8,5,23.06444549900608,0,3.987538426982588,No
21,14,Technology,22.589342200048065,7.213484609669387,27.03789950892547,1.7073418933981812,2,2.987637615465851,51.94570821216668,2.7708383549742934,17,0,9,9,57.53118230588082,4,2.507595850788012,Yes
51,15,Finance,0.4071363568981164,0.4071363568981164,9.240458933742172,1.1508686723356358,2,4.172119805541901,60.79352027917999,3.398475187018593,32,0,10,3,8.697681063972995,1,3.8888104500667144,No
33,12,Finance,16.784865459335244,6.9366422057734445,15.425173329193656,3.0011755420920063,3,4.991121289505249,60.679967044133214,4.986203413894334,42,0,12,3,16.792521460171066,2,3.2676364766534993,No
40,14,Technology,2.52395633358858,2.52395633358858,12.798049047817162,0.6535787870850766,3,4.103848337132451,34.88794407022848,1.7932417830767908,25,0,5,6,39.10848525797912,3,1,No
21,19,Operations,1.5406348822360787,1.5406348822360787,8.570183846538937,1.22966797312314,3,2.117094172082091,76.43153021331453,3.2125392639159314,43,0,7,6,53.117551725311614,5,2.752239303226177,Yes
53,18,Technology,18.330452143918883,10.384004173033881,16.91971766558834,2.7422933031583923,4,3.7796241172107807,87.82173690163148,2.9768707975287674,27,1,10,4,26.479719509351206,3,5,No
35,17,Technology,4.727917049263855,0.31820863042623465,8.931769668450377,1.605797382881619,3,1.9956534804921358,91.30237553702973,3.288669451081491,19,0,7,4,23.877916171605907,1,4.673446899738066,Yes
31,12,Marketing,0.3,0.3,10.473499863088815,1.912810802044913,3,3.1820647958063675,73.73250800906602,2.198917303917911,36,0,8,7,16.486324106976582,3,1.8981712712970922,No
23,16,Technology,10.653615116356747,8.002059158646896,15.718354046761528,1.6190457907807836,4,4.486913502110004,77.49558794887801,4.219378747098464,22,1,6,5,14.594299284669471,3,2.7302180074200812,No
28,14,Technology,2.2729706508246927,2.2729706508246927,12.602132639001573,0.6173417268997916,3,3.109998215817505,82.5824231831447,3.7059029427035184,43,0,6,4,20.688988812065645,4,3.7569022764179008,Yes
35,16,Sales,12.166666964064698,6.977562458060514,19.033273382284808,0.9868274313956703,2,4.388706492449743,61.73329716920584,3.5812166568960295,30,0,8,5,25.905741624267975,2,2.963629607638167,No
49,17,Technology,8.315358034886481,4.253697291998153,16.74992995385186,3.102524759126619,3,3.3968169485213093,55.56230446848193,1.9185489562561262,23,0,6,4,23.0323189717933,3,3.1071378388598254,No
27,17,Finance,1.0420416541316777,0.3598367734301254,7.812998335310981,1.2899133123343882,2,4.407092999336317,69.32590694623886,2.911556650939603,35,1,9,4,38.698938906665184,4,4.980838163253178,No
41,17,Finance,0.9038902661075437,0.9038902661075437,9.90729242096178,1.4676082678463074,3,4.218773403603885,83.39824380033949,1.683013898052986,25,0,5,4,20.20323178399431,5,4.049113181306752,Yes
34,16,Finance,0.7614204111402768,0.3313256974934124,7.745579852923691,1.193793286880015,3,3.2084404921039797,51.74711556227289,3.1678713191049357,84,1,12,3,57.91945166608151,3,2.212603646132649,No
34,13,HR,1.8087401611267149,0.4792536454833839,11.59395693898052,0.8801496950161048,3,3.6999926389515423,65.086974960262,3.8096277580251496,81,0,11,6,49.662259905883225,3,4.165002489731183,No
37,17,Technology,12.525250293369805,8.394186856836372,20.183123691735105,3.4092003005327407,4,2.325920152314357,71.3146692908999,2.093863136340859,83,0,15,3,33.86150692368306,4,2.8237341620944623,No
32,19,HR,3.3185930168829594,3.3185930168829594,8.412079129067937,1.5511651248638971,4,3.8976758193052343,62.289484091126056,2.1812462921426317,33,0,4,2,42.94194494856162,0,2.4754241987123424,No
45,16,Finance,4.743040051071174,4.743040051071174,10.863179180127615,1.2824002659727916,5,4.507864776533558,73.40169562155774,4.295448351656215,37,0,8,2,19.1078457467386,2,3.380858421788375,No
38,18,Finance,2.934036837757669,2.934036837757669,12.916452531039115,2.0890917769357613,4,3.2878925269237573,38.327427305415476,3.7010313254786613,45,1,11,9,16.07995116957362,5,3.6394713559503042,No
44,16,HR,0.4268762587626926,0.4268762587626926,6.75303181848402,0.6832088393857005,4,4.379168440037327,56.83625730637047,3.0232224918017128,11,0,4,3,17.159968454072544,3,3.74411789204412,No
36,16,Technology,0.33053137881648736,0.33053137881648736,6.433607289303996,0.4026332383986707,4,5,84.18035445833326,4.996960381720215,38,0,9,2,22.783342605611868,1,2.5417982617486508,No
43,18,Technology,3.0669981029006395,1.5545489509843573,8.534118379957768,0.5390314321393611,3,3.972940014947647,44.655373323365374,4.496460835480778,41,0,7,11,9.47996114063758,5,4.844806569888896,No
39,18,Sales,1.0620785827596948,1.0620785827596948,11.78456039269359,0.6372753455020981,3,2.979676413934366,63.97712724850199,2.7108164896775113,36,1,7,7,37.40028211037187,4,2.494141000074668,Yes
42,19,Sales,3.531817069835103,2.309649295686843,8.097715547136438,0.7417697971238458,3,3.395212701617429,81.44918347836087,2.979891912792718,21,0,5,7,10.811326468738702,2,3.8397425201897897,Yes
29,15,Marketing,8.948689469928839,8.948689469928839,19.860267452052696,3.1506695816460755,3,4.702882703902307,60.04639556254957,3.8854243630273797,43,0,8,5,1.508957297652203,4,3.2480128769260093,No
28,18,Sales,0.4899400814331217,0.4899400814331217,6.637436758933693,0.4147871171375201,2,2.89750600909823,47.21568240970112,1,20,0,6,4,16.227592691019805,2,2.5974919463485353,Yes
45,15,Operations,2.183422574511494,2.063601725394513,8.091055443955668,0.45495626195608296,3,3.3958060543344404,59.11158498105984,3.5894586793772567,22,1,5,8,46.144785582254364,1,2.734641802102692,No
32,16,Technology,1.7024951546055964,1.7024951546055964,6.325477525979469,0.81743480538709,4,4.205895742352179,47.1851933803121,5,67,0,11,5,32.38972826832787,2,3.7322032725361964,No
44,17,Technology,6.015973170543301,6.015973170543301,13.599492686159907,0.7607096954597271,3,4.999945978694755,61.61313409388421,2.2909104893282723,8,1,7,3,35.95806100676017,2,3.5956471499283937,No
32,16,Operations,4.000763705676066,4.000763705676066,8.336119860999387,0.5328300583739528,4,3.304330328618559,27.38977413247331,2.9878133258729163,28,1,5,5,30.047390845367573,0,5,No
29,16,Operations,3.116253145442097,2.974032471557724,6.370201981115729,0.5137033227677299,4,2.618565287723982,63.89884587230562,2.634641534754989,24,0,8,3,3.6570574122909836,0,1.8224466576289424,No
27,15,Marketing,4.261947711530107,4.261947711530107,7.521204599437028,1.39401690424221,4,3.8849694091771023,75.20666571653167,4.288385637793636,15,1,6,4,41.06088003295822,0,4.310424705597804,No
29,16,Finance,3.6142638659357913,3.6142638659357913,12.882805852953936,2.3777550929646694,3,3.7752257178376363,55.322828050683626,3.094951062245547,56,0,11,6,25.678429493278298,5,3.1701769351264195,No
33,17,Operations,18.960465332127132,3.586128128579761,22.88173220278198,3.620166945223445,4,3.4786142009465477,69.94248997693128,2.8936205769318164,10,0,7,6,28.752540060156598,5,3.9313230831264523,No
35,14,Operations,6.200201363180674,1.8454332922192855,11.164355243384882,2.1632101380990445,2,1.7734763114036651,79.61733422471373,3.0559136471115265,72,0,14,9,18.407536506828087,1,3.4219972444332813,Yes
39,15,Operations,0.3053712409684423,0.3053712409684423,12.014057773916061,0.8971462285540203,3,3.2825182838686633,61.37359384393849,3.1288744911277178,41,0,8,8,24.579022349730796,5,2.7071988497748443,No
32,16,Technology,3.7954464922143316,3.7954464922143316,10.676761310016396,1.8744537910574313,4,2.884806691990115,34.48422979128791,2.7048374907861694,8,1,5,5,36.2230437874659,2,2.4947806384715343,No
38,18,Technology,0.3,0.3,12.204288193586525,0.6402018597216156,4,3.788144804673501,84.83924796630124,3.29453470337952,14,0,7,1,43.84503563054412,3,3.555052254477247,Yes
34,20,Sales,11.076284398007049,7.818044491934874,16.053342019204095,1.3616287443436448,4,4.991888232927729,82.17771991909942,3.400551459217572,29,0,10,4,52.19358702212872,1,3.7891741379995403,No
43,19,Sales,21.189145046576183,8.319617860509181,27.445946002118067,3.224433867867485,4,3.984096811239151,48.473483019032855,3.310478275795604,38,0,11,3,19.312935590619194,3,2.184474852001592,No
44,20,Technology,3.645198854657838,1.78664776085704,10.149411370177134,1.296687752259116,4,4.504658591128038,59.01500453669827,1.8788475128943845,23,1,6,3,14.668587616692776,3,3.7874754881967987,No
38,12,Finance,4.37085070732637,0.304799148747127,10.393153519421352,1.9026692403030188,4,3.7994419995723834,63.531895826313445,4.217728368881254,60,1,12,5,14.250874653054364,5,3.4520419583383495,No
28,17,Finance,4.807801328643777,3.3382203808771207,11.186712686107368,0.7817118766639182,3,2.8020951368463995,31.175177539795943,2.7104505114141166,18,1,8,2,36.776042626084696,0,4.056447325650454,No
32,18,HR,3.3237984455644844,3.23577980600034,11.208572011051949,0.7234090623164412,4,3.0915869435517997,42.26869856406847,4.091043775267615,41,1,9,4,4.592418094815557,3,3.271794717516451,No
41,15,Finance,3.604199359213338,3.604199359213338,7.3914211222678805,1.422080933033744,3,3.4219807892268377,53.143281260618025,2.692502197626409,49,0,11,0,22.002954255685843,0,3.283260362093543,No
36,15,Marketing,3.9195650567311056,3.9195650567311056,7.479898827277302,0.48964459638046,4,3.598852572686979,44.40102720775971,4.209765557518374,27,0,7,4,34.03462358149811,3,3.4323706199321955,No
21,17,Marketing,1.7626601029351665,1.7626601029351665,7.677075709152552,1.4235915654757665,4,3.004720625097327,64.802712350588,3.6074943521492013,34,0,6,6,40.8763237685029,5,4.3003873874001375,Yes
47,15,Technology,0.3,0.3,5.327694508541922,0.7399333956845893,3,4.992922299153966,58.86745567412779,2.806918148311106,32,0,6,2,33.958967720657384,4,1,No
45,17,HR,1.2826399134859374,1.2826399134859374,12.467299131670325,1.381613516602446,4,2.670773599071554,77.05105876216348,3.7081327235568873,37,1,6,6,34.51050252690405,5,4.393496909537453,No
30,14,Operations,5.879491483933667,2.7224455604681403,10.085753313101232,0.6160108114483859,3,2.9600604072658725,54.057076055347885,2.1168988460422775,22,0,7,4,79.68529928983887,3,3.2161844263904102,Yes
37,16,HR,0.5876477297531607,0.5876477297531607,9.687130255686325,1.3715011425452985,3,3.193546885603151,56.753402974654016,2.998616288879488,28,0,5,6,20.66266544473735,2,3.8402948991813837,No
47,15,Operations,1.0383572815107078,1.0383572815107078,9.807919482595498,1.2002889905603944,3,2.5954003563151433,73.90672782033562,3.1869260331170746,31,0,9,7,17.51932518411611,3,4.78482086838707,No
29,17,Marketing,4.036423292704937,4.036423292704937,12.801623871576798,1.7275558894175878,3,3.600822965797989,63.61267107001744,2.5746619905115313,68,0,12,4,53.0645201323995,3,3.436448424457564,No
35,16,Operations,8.882681432448141,5.883028216245162,8.569919915360568,1.5155621104002162,3,3.088061644115659,73.70299556720585,4.004645511733608,24,1,7,7,38.10606310065828,2,3.7518547583471435,No
36,18,Sales,0.9840786222183525,0.37058786500269336,9.034284236908087,0.47424358152688256,4,3.692517569384329,50.133711921556134,2.4855025738584056,50,0,12,5,13.308238285814788,0,3.5210671146249637,No
30,18,Marketing,7.16685883557707,3.6992111828512493,21.06910714129048,1.6007540817558492,4,2.7051371688013655,44.90013866892847,4.086068643000003,34,0,9,2,49.16609672085964,0,3.5441921456577212,No
23,15,Technology,0.8079772990738022,0.8079772990738022,10.207946325029114,1.43925740718211,2,2.9191832020293402,56.300834952237196,3.6087918074118517,52,1,9,2,23.278986606134993,2,2.6016526935903896,No
25,16,Technology,0.8144263195561328,0.8144263195561328,15.868116554759487,1.918424431496734,4,4.389644996050324,77.81892905749487,2.885497966358761,14,0,3,4,14.248882781662754,3,2.4372848484468905,Yes
28,14,Sales,5.564823128429448,5.564823128429448,12.204801528951025,0.7234942916430321,3,4.413708034077031,62.763136562706734,2.993534215569574,26,0,9,7,23.9550241148242,4,2.331611643648341,No
37,18,Marketing,12.118247509553397,2.5949594783002183,18.24300974038273,2.8968602188264274,5,2.5018384460045247,54.32950015520866,3.2816396821507636,57,0,13,7,23.92042422140552,2,4.134133785560261,No
39,18,Sales,8.050208628891452,0.32693297085211587,16.088852600189,1.0539990732625122,3,3.488053101088669,59.15504280027141,2.193856807394931,19,0,9,3,45.81567310592465,4,3.1685738142349202,Yes
38,16,Sales,4.225962977972405,4.225962977972405,10.208114564232956,1.0459597272311498,3,3.314895130945445,43.81059484520903,3.9754385328230626,33,1,7,6,26.246154622458082,5,2.6733481981733953,No
39,19,Technology,0.3,0.3,8.73575101422147,0.6725185886451304,3,3.7945492776928047,52.465229098617044,2.880128610337369,23,0,7,5,8.1197423285462,0,3.6720736984536027,No
24,16,Finance,2.605017687617505,2.605017687617505,12.262408747675034,1.6347625207624195,3,3.2875851576450645,52.019223579313405,3.2948807739999233,26,1,8,4,13.205822651924496,3,3.083937193421758,No
31,15,Technology,5.607514586822953,5.607514586822953,10.084528436737504,0.9560740385707868,4,3.29822290516554,44.940495874191406,5,24,1,7,3,22.731312118931353,0,1.7606867868646565,No
32,16,Sales,14.116953779119733,5.8111946975417865,12.473614704756463,2.237589756971974,3,3.724996706520734,48.46498247197375,4.110819972788284,38,0,11,6,12.555027601132808,5,4.185502053643739,No
33,13,Technology,7.816909177177701,1.0616782028111695,11.338175389157948,1.9177326270241346,3,4.198746604188878,38.21491070412126,4.082748748922885,48,0,10,4,40.649232637064415,2,1,No
59,15,Sales,2.7399223338994783,1.2384776906817232,11.039955439673745,1.7133266714268698,1,2.5991042058366642,86.78933426906892,3.1998511959535563,38,1,7,3,62.45470878035948,4,3.300556678723071,Yes
30,15,Sales,1.0818696398611618,1.0818696398611618,7.075608672734476,0.6735213007598737,4,3.102303076190398,55.52421604791363,3.58035743608451,31,0,9,6,26.735230340337168,1,5,No
32,16,Finance,4.634540099517026,4.634540099517026,14.604978984049378,2.17900989310149,5,2.000453488898404,80.20814650882939,3.8929819967214607,50,0,11,5,14.247709100935449,5,2.5912685445327295,Yes
32,19,Technology,2.672746725233549,1.4786355660181654,6.817704835326962,0.5238298180015684,3,3.687210105800978,64.2696943750557,3.700767074312864,34,0,10,2,29.89266540827503,0,3.121704569948206,No
39,14,HR,1.9482151283322993,1.9482151283322993,13.289589798892797,2.324300565731525,4,3.997952034207809,64.96958757876386,2.610870375170567,19,0,4,5,29.05901988951524,2,4.080141327955784,Yes
37,19,Operations,0.7326159367700078,0.7326159367700078,6.240697897207719,0.6732129612692417,4,4.693572833656019,45.61287294287544,2.905278489880519,10,1,7,4,15.834676619494301,2,3.6580723982271333,No
29,15,HR,0.4063922861917556,0.4063922861917556,7.936468639925169,0.540952148929485,3,2.6884357864775463,55.09656016570397,3.795265660342309,51,0,8,7,67.8617326284544,3,4.174772456112225,No
35,16,Marketing,5.14507295948814,1.1705235453941687,6.993768328223052,0.6523422331469243,3,3.6837536505680744,50.039252180789624,3.3721914475464474,23,1,8,3,24.488983344423502,0,4.143270652603803,No
35,13,Technology,0.6299574291218146,0.6299574291218146,12.114902099644695,1.1945629828316722,2,3.1907358508075383,93.07965449521242,1.3863622411529362,5,0,4,1,52.822102380759475,1,3.44783292402754,Yes
42,16,Technology,7.108326641242584,4.278484797583365,12.745508554401503,0.8766425951640374,1,4.108954173608928,42.80559102261142,2.593952162470162,17,0,4,4,24.70427537178158,2,2.603737974388058,Yes
38,15,Finance,3.0894341930263893,3.0894341930263893,11.645136876062464,0.926697276260976,4,1.905797117343953,56.63803981868058,2.5323971616418417,5,1,5,2,16.57335944624455,0,4.193935501455075,No
27,19,Finance,1.0380455474325825,1.0380455474325825,8.400159224177743,0.44796258600833055,4,3.3234286484337785,66.23371046095708,3.122376462818167,55,0,11,2,25.936907788554066,3,5,No
38,18,Operations,4.766785083381285,4.766785083381285,9.198873556133472,0.6849094412418362,4,4.982786526332399,75.07445971793204,1.3006297995693408,52,1,9,6,31.81133225333851,4,2.903107558403892,No
21,15,Sales,3.2068667583437853,3.2068667583437853,6.429278451412383,0.5182049573031988,3,3.9224222750543367,70.35155177397681,2.209299517585588,44,1,8,7,38.84111154304365,3,2.240449613948348,No
33,17,Operations,0.5097717003943498,0.5097717003943498,11.522755783926687,1.359314279721078,4,4.604972585968258,34.23623678619359,2.7733786826687226,20,0,7,2,30.51842895982181,4,4.2052653252094,No
32,17,HR,7.84958901642796,5.3064859536424915,14.403527189864775,2.1623433741080405,4,3.5863338675317897,68.45964949985684,3.4097660856662286,46,1,9,2,55.81367383680312,5,3.1345490417733193,No
50,20,Technology,3.432616696131032,2.46990209261407,9.220934887218718,1.5364155674945423,3,3.0268682591263274,36.86253820901275,3.1160300265255247,45,0,11,0,15.942502599168682,0,3.1743661500346487,No
30,15,Marketing,24.379855634086557,12.1108056117214,41.10966320759272,2.9156868612490885,2,4.075836593342288,52.316232507345156,2.5771938647927435,52,1,14,3,45.6540286997715,0,3.3280520523442445,No
33,19,HR,0.6341226152017748,0.6341226152017748,7.995152623375971,0.6522475885653564,3,2.407485599078236,58.946541668146025,3.4022777990173223,33,0,8,6,51.93045607532691,3,3.947106668244538,Yes
42,16,Sales,9.80917063812837,6.9413594066701005,14.578720402413401,1.1591726592717784,3,3.986132434881096,48.968042416872635,4.71383171455651,40,0,10,5,42.5873486501245,5,4.616180320010344,No
26,17,Marketing,4.784256700068555,1.6302176193443707,9.833624670322367,0.928030019080876,2,3.4111836524529666,56.13105096525197,4.107699408377002,46,1,9,5,40.86760796325002,1,3.26166432871678,No
45,18,Operations,10.878226752504938,7.814907437086496,18.752963525934902,2.6560608358203868,5,2.610022955602188,52.94457833371267,4.108090576439501,28,0,7,4,12.607323994490766,4,2.4526781073989983,No
37,18,Finance,1.6415069240376026,1.6415069240376026,9.186527228813958,0.7935798108502115,2,4.119283187669848,59.815338168637595,2.7851590023027555,57,0,10,6,47.712533884221756,4,4.296718004186538,No
27,14,Operations,5.440039995967042,4.477797027421812,9.270565262087898,0.8837687731906972,3,3.808607739651266,55.45646240526194,2.284375314596535,24,0,9,4,17.776705918760886,2,2.2805610561311447,No
40,18,Sales,3.342407213819535,2.2291268849991197,14.637824846283467,2.766603464958266,4,1.5133337355870262,56.54309333313185,3.7804527963751555,23,0,8,3,29.296842202245816,3,3.165470610195319,No
54,17,HR,12.4610330781962,6.626658576496637,13.676764181061412,2.652087874329313,3,3.7941012199888595,63.14421832198196,3.486481682118616,10,0,9,3,13.891945409057687,1,3.1908009977758978,No
31,15,Operations,0.6117422238421062,0.6117422238421062,4.828272760038659,0.28,3,3.8990725570323863,47.14838238623258,3.5272941899225283,18,1,6,4,42.75231511902655,3,3.3105186702472946,No
28,16,Operations,0.4059715642604801,0.4059715642604801,7.414216873202008,1.1757233628122201,4,3.0354840216343857,66.6216017411657,4.096897212235902,40,1,8,3,42.50430983255047,2,3.506825428027462,No
22,17,Marketing,1.814731856570974,0.3,12.181675238238734,1.4530886029259065,3,4.9766852447618355,39.652428118818854,2.7054243983361688,27,1,8,4,32.19575158698932,5,2.8327714174152416,No
40,12,Marketing,0.33514336212811646,0.33514336212811646,9.288384404392207,1.7686897297809454,4,3.7901527560406465,64.80012166826889,2.6889002547779617,69,0,11,5,36.14785372645497,2,3.0208787608307444,No
33,16,Operations,8.205458005563516,3.9041070257762867,14.75153823962831,1.5950594517647596,3,3.40493748249132,59.76354530327961,3.612776467905408,44,0,10,2,19.256855503361642,1,4.461791981439627,No
32,17,Marketing,13.071067948411034,4.9218611567884984,22.965379403280338,1.6984636844161742,3,2.5126253632464994,61.07647781598419,2.103051035594515,45,1,11,3,33.782155372350424,3,3.9734871472063,No
47,15,Technology,5.441904379038987,5.441904379038987,14.16836719753029,2.2513311152897164,3,2.6932731743311082,59.96768632171063,4.422668074778108,36,0,10,2,24.359529934348615,2,2.356916494305244,No
35,15,Operations,0.8206971574390675,0.3,8.440554203813566,1.666179497666409,5,4.986907107328975,63.75998319549739,3.687035619794346,46,0,8,3,16.33706958234454,3,2.515054421546103,No
34,17,Sales,2.296452642108937,2.296452642108937,7.941378202968895,0.7358419940846433,4,3.3962544358793716,58.57074479092253,3.4842444743395373,22,0,7,3,51.39867813196159,4,4.296385288583084,No
24,16,Marketing,1.0183038352438463,0.47687553092284446,10.474837888227876,0.6701286800145095,3,2.903832394861749,62.434205231407745,4.382995440234096,36,1,7,3,15.913361858720034,1,3.07105444786443,No
21,20,Marketing,9.813284776693065,3.5916653153739913,11.26995544495829,1.8837505441122544,2,3.0122915930194045,44.99044410361208,4.0830890160027264,32,1,10,4,24.23758701630915,5,2.7179399710383536,No
31,19,Marketing,3.2516829826299984,3.2516829826299984,10.931160989196254,0.5558344619892175,4,3.6088225435717853,31.432054843865185,4.697796461737644,49,1,10,8,35.194945446118865,4,2.2403148558921306,No
30,15,Operations,13.535960965746334,5.660412003222484,19.24197311546193,1.8883056489149745,4,3.1947087525368247,30.54513313129785,2.7771750291289035,12,0,6,3,36.38806073781985,3,3.5960760365967204,No
34,16,Sales,12.638875881516949,5.598927783966361,17.263868079353212,1.888608584570285,4,4.226417755797207,67.6917967681329,2.2226068078686008,55,0,11,10,22.256344291148086,3,3.575251740790134,No
27,14,Technology,5.515367574826604,2.917577757859598,12.128511040229625,1.2041116675661252,4,2.916891487676802,89.2391962960815,2.8048313295523224,21,0,7,7,37.89510177697403,2,4.171151367172133,Yes
22,18,HR,14.392554647595015,2.159992721436849,18.20508120048374,2.7662144153276467,4,2.8923457881901,85.36506144632168,3.4771318334712205,24,1,10,5,9.822480807178088,5,2.020967103029677,No
34,18,Marketing,18.791910062997996,6.689252320542536,18.498450380039092,3.361522047006243,4,2.5989587274921324,46.9562808133578,3.8370612866731264,52,0,11,2,7.598435698697358,0,4.451203740503793,No
21,15,Finance,1.0095647527898608,1.0095647527898608,6.37865470424313,0.894387229132202,2,3.7173478661946167,40.940998806885624,3.6114897085638873,23,0,7,2,24.73444374632252,3,4.224820723064117,No
32,16,Operations,10.22235389154938,6.386197053558416,21.664758668004833,2.6017594056290267,5,3.6091366895552164,50.75015163045954,4.004538119157614,34,1,8,10,14.42097286521984,2,4.238026436530751,No
22,12,HR,0.6516367146825045,0.3403084315021405,8.719924107405278,1.3025742789768537,4,2.88531861095424,68.90347336648446,3.7151134712668696,34,1,6,5,27.12990180200575,2,3.7977448704840793,No
34,16,HR,19.849229548267306,11.587262159398112,33.8873041533198,5.4247771703830026,1,4.012294291160096,73.650437866895075,4.203059308764201,54,0,13,7,4.884621507289437,4,3.5706857291540506,No
43,16,Sales,12.22916934666181,10.294500933177433,17.604307359126917,1.5148606296209068,3,2.4777377946709502,41.59979867037519,3.6783576964017657,45,1,9,7,16.546472964378044,4,1.001726065622946,No
29,15,Sales,4.9975823223118265,3.7914019986482983,15.220056133566908,1.6548020850020817,4,3.480867076699588,75.41245039421035,4.096957382340341,46,1,9,6,53.260809867419674,2,2.754725853581827,Yes
25,18,Sales,4.39946470173815,4.39946470173815,12.222041310571862,1.3553602201477712,3,3.506749518755257,69.15132414742632,3.3993554460582063,18,1,8,5,60.53151097914143,3,3.588341477442094,Yes
42,16,Sales,11.953777439679598,6.266776708327862,14.420674291806474,2.3857629591958944,2,3.4800439774217446,80.92237799646675,1.8034385610552126,49,1,11,6,31.952172719027715,4,2.1837742550358747,Yes
41,16,Technology,10.383781751389604,2.488398441454542,15.044515671568828,0.7790500545605303,3,5,46.623399763604944,2.3255336794645256,36,0,9,2,11.420119376120523,1,1.5528136331333209,No
38,18,Marketing,5.567922314237569,1.6997486751731616,11.430482135164745,1.0084860169840948,2,4.396409686285091,67.4289755106884,3.0064628149482684,92,0,15,4,29.756775072635207,1,2.817333489816208,No
50,16,Finance,14.51713331738777,7.271206814736544,30.956746432337525,2.57628266949475,4,3.211236571549946,33.28176677198369,2.713832177224557,21,1,8,6,9.372732031316337,3,2.83764742171228,No
38,14,Finance,17.906687439767715,3.9369775692423032,29.938799376845335,4.322107436536309,3,2.8200926039857506,64.89556091214297,2.0863049762548127,30,1,8,3,16.089557320287497,4,2.22695283350819,No
44,19,Sales,10.816582736265817,5.640880368925023,8.418430010173182,0.9998017441388124,4,2.7085637083707703,71.28115231079275,3.1126317955232072,11,0,5,1,52.93866542958181,0,4.562773682591657,No
40,15,Marketing,12.18099572303813,7.177022994872999,14.359411745658807,1.6911011874757056,4,3.144093709299662,53.55727856624394,4.218431314283044,28,0,9,4,23.112263477363523,4,2.302374508101345,No
21,17,Sales,1.403529903415056,0.47199982440191857,7.3193678187999085,0.49668177995575263,3,2.872880763669197,34.434928790426675,2.3840493726224046,59,1,12,1,5.85600120236339,2,2.8681920852745484,No
30,19,Operations,3.028349843947186,1.6021018450808482,9.846476393944394,1.6197310427306464,3,3.492927357176588,57.993309894823334,3.897637157004294,21,1,7,7,10.118779691322345,1,3.3210704046241815,No
39,19,Operations,2.3675645505547185,2.3675645505547185,7.184818711441717,1.0866385129064824,3,1.692928166428653,63.149198610288714,3.09307761716614,24,0,6,7,24.019995094716027,4,4.238427925236386,Yes
28,18,Technology,9.618826314738753,7.48354101369333,13.528546332980387,1.2441727790063335,4,3.6020308185938354,69.15179332273968,3.0808675064525723,53,1,12,3,2.4157809563877564,2,3.1180024983789147,No
21,17,Technology,5.270119852425536,3.1168143386467686,14.140651114896395,1.7957951992268972,3,4.308935684344737,84.58937507272474,3.08424899228074,20,1,9,1,4.994459465729594,2,2.214291784919045,No
31,20,Technology,4.520650281675558,4.358727941674488,7.689313703483413,0.9180948277404184,4,2.9621352770386826,56.574980010610496,3.00472515265464,28,0,5,3,33.32450701548504,3,3.045053615810758,No
34,18,Finance,7.286217551920135,4.141649319042122,12.93870605120683,2.045885943727015,4,3.888719230270889,58.906455256102234,2.6084376237874056,31,0,9,6,40.49447851827627,4,2.495811274233067,No
26,16,Sales,1.8985086282189474,0.7383345999609081,7.703821270176893,1.1181669927177584,4,2.5993121978437577,50.502127347729925,1.9930411499139111,21,0,10,5,13.726927324144205,5,3.405701287431517,Yes
31,18,Sales,4.169994580798966,0.7918563164056986,8.868239722677353,1.6297565704855645,2,3.5906531724282527,89.53258538881177,4.603864814023665,41,0,8,9,24.632212696013898,0,4.688058701059483,Yes
28,16,Technology,5.796425716408695,5.796425716408695,12.169855668019554,0.8363062915581568,4,3.1325742922749487,51.981728463874255,2.429816085033342,15,0,6,2,71.97680700673347,3,3.4683740965641436,No
39,19,Sales,12.190991831290557,6.0238727935615675,17.41071240124282,1.9461146417940303,3,3.6914452721630324,63.95225216675259,2.1793867428741627,28,0,10,5,21.571442934308042,5,2.77314305115477,No
35,17,Sales,8.003118451489051,6.1146148953815596,11.546258191043723,1.9049761142409436,4,3.388616666712981,29.402230335068182,3.603102421752975,13,1,7,7,22.868168394384323,5,3.304901528570555,No
51,17,Operations,1.082759881135619,1.082759881135619,7.4286707277758515,0.941284509136813,3,3.59694284461175,72.16512074006866,3.6124703656928374,12,1,7,4,44.07329577078119,0,2.2124606208784563,No
43,12,Sales,18.8679811623925,3.467788943121534,29.940547650274823,2.2536125269173395,4,2.798207228017159,60.02661694970962,5,26,1,8,6,13.553409613894498,2,4.03666930828724,No
38,18,Operations,2.2258289689562067,2.2258289689562067,11.535220174920823,1.3731518516034484,4,2.8857371447100597,72.02764866629009,1.017324596458191,33,0,9,6,7.8387271400012715,3,2.7652667690977806,No
32,13,Technology,3.2780706226117067,3.2780706226117067,12.468896923980465,2.2727170891856185,2,4.704987733865186,34.56668748469065,3.0333902511783095,40,1,8,3,10.53642279675743,3,4.436086624798919,No
31,17,HR,5.672986017097495,1.3608119426294984,10.192481432756173,0.8996011777983914,3,3.9995221764916993,82.98666702105548,2.689825559933961,29,1,6,6,22.799577767010966,1,4.372214312249153,No
45,19,Sales,24.924762885729177,6.191971738970018,30.906499569268604,4.1801484807419085,2,3.3093140663068596,63.21413156520568,3.309458697817201,39,0,12,3,34.806722179749606,0,2.112634137355836,No
32,15,Technology,6.73204804081251,6.4084806817541535,20.199461394408974,1.4211514128262115,3,4.1956414647825815,62.68916005106881,3.5839698600302903,10,0,9,5,73.81311505452551,0,4.453973594636402,Yes
41,17,Finance,1.9412628919059962,0.33450411438490657,8.144142145583386,0.8606965033689812,3,3.2575702743825725,64.83860843579708,3.5129324334892496,20,0,8,7,19.66274949105574,4,3.6110681097753656,No
28,12,Marketing,8.056845830478014,6.765158374952958,16.587433227081142,1.128310809048559,3,3.050624187268866,27.365350577478527,3.4213384391574513,25,1,8,8,18.493656783963637,1,3.335222902297982,No
36,17,HR,0.3230713272970597,0.3230713272970597,10.189894986317348,1.3578637387094508,3,2.684532684917874,52.4790877532556,2.883329036842013,38,0,7,3,9.317354623981666,5,4.067360434298378,No
23,17,Technology,1.6204690335175127,1.6204690335175127,10.660641386924652,0.9825227343463467,3,3.3687396543733787,33.46410733736245,3.8140404288083727,18,0,6,3,15.11152780791667,2,3.347511236235159,No
53,19,Sales,1.8925636356177442,1.8925636356177442,7.813717547287065,0.6081990493386862,2,3.4171108705094033,39.34525778919515,4.2093516580680665,9,0,4,8,17.86724490308151,2,2.742989832070658,No
34,16,Marketing,12.817814333349123,5.628873116921799,15.499306872320496,0.7550829647733517,3,2.6498712594938345,89.54948740813037,3.699600974696992,47,1,11,6,28.053133561225685,5,3.5877769230143586,No
28,17,Sales,1.8056280843609922,1.8056280843609922,9.685687170749821,1.7166382038408434,3,2.287894025580119,73.23143517977684,2.7924672200165,100,0,14,5,37.26417912421961,0,3.7713227088435146,No
43,19,Technology,1.5438456539599863,1.5438456539599863,7.07644102818007,1.2275624476705564,4,3.8758700181706436,92.70541319943747,3.411683374994269,21,0,4,4,31.57321132832088,4,4.666213134390044,No
37,16,HR,7.975359176276048,5.096918925773651,12.579080322897301,0.8990635651639749,5,4.293857036430738,38.62070771134078,3.0030489706170624,27,0,8,2,22.72192146370533,2,4.200973663774512,No
29,16,Sales,4.130340674518229,1.0757372476124487,10.641628198078553,0.655936692232977,3,4.195669082455704,50.18634218521808,1.9846326491347308,29,1,10,8,16.058203879970222,3,3.4672086138125158,No
39,18,Operations,3.806168155232102,3.806168155232102,14.387712412889577,2.0799757926146776,4,3.481042564025812,62.95019148808589,3.9056777760793033,45,0,8,1,24.235982789378493,2,4.765799527081084,No
36,18,Technology,12.279995652232664,8.729719256009691,14.481422627007111,2.253985653369156,5,3.1053188371890323,73.69475870866619,3.1836642902212677,14,1,8,4,16.262871182557344,5,2.3591466913489265,No
25,12,Marketing,2.579218259992606,2.2710560535100037,11.79439894577639,2.001966007891045,2,3.787618357548717,59.53252395605333,2.8009830819682118,43,0,9,4,17.96502208005705,0,3.499118631914969,No
36,16,HR,1.837067250427203,1.837067250427203,8.320983380397049,0.6858179166074125,3,4.618752406291787,27.901373221807237,3.6921809087634303,38,0,10,7,44.69414732221014,4,3.4366835841511674,No
37,13,Sales,3.97178405481889,0.8327712901359996,7.779357792457805,1.1395711244725464,3,2.682720669837862,50.43660348812528,3.176098519145534,18,1,6,4,79.77857004524715,5,3.5470077943959786,Yes
26,17,Operations,1.2837137718424403,1.2837137718424403,7.41117355589017,0.5227588142883263,5,2.654291320584718,57.525027012458224,1.0161145183143898,17,0,5,2,19.34983838903359,5,4.9896787722808105,No
31,16,HR,14.20016543540034,4.030877939214109,15.09686539996446,2.409580112090286,2,3.0181571039054127,65.35447708247024,3.4169820548635252,46,1,7,6,16.73799288497644,1,2.9545688833165573,No
29,20,Finance,15.852426480534469,5.796418628226385,23.007689173490903,3.901138998691361,2,4.99538828080061,67.33926945980507,2.977545161111022,28,0,11,1,79.68444403880738,3,4.544067674673177,Yes
29,13,Marketing,8.248603076488811,2.9221036837415566,11.014656651948421,1.8896757411593115,3,2.4962040270608883,55.410095812854706,3.87771676752495,54,0,12,3,15.200504882473018,1,3.8788374692020455,No
31,18,Finance,2.9908499851075225,2.9908499851075225,9.575034288813338,1.6798042129310624,3,2.9883472671251208,59.700610767122726,3.872351766365719,42,0,8,3,22.808690752249692,2,1.7851110764899887,No
34,15,Finance,5.28168197187465,1.5796075454722318,9.038689723698926,1.4251423670930128,3,3.7080211261540295,71.60251060027313,1.6816240684234636,24,1,9,4,25.864809635406242,3,3.923971097634385,No
31,15,Finance,4.04979757883844,4.04979757883844,8.501307707085491,0.961449178327789,4,3.678258190374918,67.26258542666035,2.689853685293955,19,1,5,3,45.19399938820624,3,2.456582874589628,No
36,17,Marketing,17.321879053087454,6.950641796952916,16.537725089539077,2.700846797946776,4,4.278469934300651,86.09245880329023,3.9300962498699374,8,1,10,4,24.932049909302123,5,2.4086830336243974,No
27,16,HR,0.3,0.3,7.996062000788153,1.6148541473395193,3,3.804800664935329,66.41425867351823,3.112891937964586,36,0,6,3,17.290947221479097,4,4.834601576259192,No
32,13,Finance,10.969841826371551,6.712663970933528,8.062763458978926,0.931726135189128,4,2.4922100626830024,66.71913618753345,4.499152239940284,33,0,11,8,15.937298200357896,1,3.5970612564148814,No
32,18,Operations,0.3,0.3,9.492347514816672,1.132066377824938,3,3.516698896235658,81.47395410921467,3.205265873259571,45,0,8,4,32.756433868455076,0,4.848371031228333,Yes
42,20,Technology,4.37752747660912,4.37752747660912,8.814739301052526,0.5374881749940678,5,3.403201538108774,80.41028177873241,3.3889266742061515,73,0,12,5,5.432468338268233,5,1.9147529309355855,No
21,14,Technology,0.7030980485304329,0.3874653960896314,6.629272248944604,1.234384842901684,4,2.973045397340589,35.359939296195066,2.202580416762324,35,0,7,3,58.42033224112174,0,3.65507843706952,Yes
37,13,HR,2.48644302640443,2.48644302640443,6.909188445948633,0.623309924693317,5,3.1787957784846403,55.77016568803974,3.486217215322683,53,1,10,2,10.140184764081845,2,2.737283991804467,No
34,17,Operations,0.3942437240600377,0.3942437240600377,8.230215986265188,0.6940094518177085,3,4.205520840366449,40.42393816085293,1.7239828602195022,54,0,11,10,14.337755151467864,4,3.076514260655594,No
33,19,Sales,0.7404744505412708,0.7404744505412708,6.287191864737708,1.2178295299183914,4,3.421967014660535,69.24525576021034,3.814659565586,72,0,10,8,55.6784467970479,5,3.7438372607664525,Yes
42,18,Operations,4.238036756761915,4.238036756761915,11.025058992803425,1.9182393385372953,5,2.9998374585505667,66.12885696863553,3.205502464252049,21,0,6,1,33.51557684099024,5,2.746087239101245,No
39,16,Marketing,8.402987684848664,3.877646390351864,12.58634515292551,1.0916734234603616,3,2.324776915695615,68.00818593739083,4.606520849644169,25,0,10,2,31.8137472401376,5,3.849057607525694,No
37,16,Finance,8.258104487870154,5.20416487570004,13.554583261803147,1.105778560490586,3,4.717347744610948,59.9545378547734,1.671341023199684,21,1,10,6,80,2,2.2081078047091247,No
42,17,HR,13.188270138834373,8.270851705239524,13.537998080478689,1.2259558712230163,4,3.9080760512759283,48.24836848964007,3.2980283842740774,36,0,8,0,44.10520799345223,5,4.744882177157053,No
42,13,Technology,0.6724428521874294,0.6724428521874294,10.742544831656291,1.8114510953469332,4,2.4729626319696263,52.74565170815732,3.2941397022529784,22,1,9,1,38.42575186892088,1,1.841645896351471,No
31,15,Finance,1.527022867587943,1.527022867587943,10.375531010660927,1.3330239775855224,2,4.981004842257127,77.26321419573469,3.0094274687743834,100,0,11,6,26.43001430870505,2,4.041816557821476,No
45,13,Operations,3.2049433429622978,3.2049433429622978,6.625702991775467,1.2878698224932117,4,3.0850279092938035,46.878688354141474,3.3825651522660123,65,0,11,5,12.290575749692435,1,4.521394684256562,No
45,12,Finance,8.025294519998864,4.7863265320843285,11.900201558842143,0.7364865353798361,4,3.01754355662502,71.69715721900485,3.2059854602607687,17,0,7,3,32.94989162307885,5,3.6062537268796384,No
53,16,Technology,3.452796253978237,2.2997170304738477,10.344087359410977,0.6274563247197215,3,3.5973331347789372,63.5514359281632,2.1893507439226574,42,0,9,3,42.88609699434741,3,3.6680077910225535,No
26,19,Finance,4.033105302730188,4.033105302730188,10.499306775061681,0.6556341572458954,4,3.1270740308065634,41.362196719737284,2.903595671981297,22,1,7,6,70.7751144243702,2,3.9753954762899046,No
27,17,Marketing,10.874182099957133,7.345105504786484,13.635357291697105,0.7401973480749593,2,4.09119926609221,78.89104069896304,2.4806418891340245,15,0,10,5,47.70856743244183,1,2.2315665569402583,Yes
44,19,Operations,10.855493175979007,6.7244912731277715,16.223495522270525,1.1353366696900637,3,2.89228317642364,74.7912275202465,3.194512587675954,12,0,7,3,14.79250995754283,1,3.464506782453774,Yes
31,16,Sales,10.455082924153096,6.911139482552993,11.332779853551758,0.769771594528146,3,3.4900730361138534,41.97171225032979,3.328223148608906,76,0,14,3,15.598089849471139,4,3.7726698449927993,No
41,17,Marketing,0.658662546555143,0.658662546555143,7.8268326680256,1.4804909732795004,5,4.080639372929063,73.38138208834621,2.7501876328349875,23,0,4,3,42.50152385075146,4,2.581552504704896,No
28,15,Operations,20.06282383580613,7.3822039813126885,29.80169013977408,4.724435129860941,3,2.5242686707762867,80.90979586170229,2.912527977572317,34,1,10,1,12.611344274872563,2,3.8133472842679046,No
28,16,Technology,0.3727295786204159,0.3288616839815771,5.504566302023503,0.4714372532210573,4,3.3228939461013587,64.7599300295341,2.485135035340905,20,0,8,4,19.05211797114197,1,3.850539050682294,No
42,14,Marketing,8.27624818922106,5.642082997188094,14.153492248408266,2.290630366411341,4,3.0160143318065273,61.740568292471586,3.590223038062031,20,0,7,6,33.676564261420076,2,4.078620444994018,No
31,15,Operations,0.40886180956494317,0.31554559452032077,6.5457157148629905,0.4717146064437165,2,2.91084799610896,75.51612251942304,1.8733777708879404,74,1,11,5,17.095382159532917,2,2.0567668085354955,No
31,15,Technology,3.671624800981073,3.114935883550659,9.24520770400517,1.463023740931896,4,3.003489972402532,64.74116805210234,5,42,1,7,2,22.986485033091547,2,3.4977482076488076,No
34,15,Technology,9.454074574351985,6.07834321490728,14.611342204304885,2.423005303345833,2,2.686310290663925,59.3001269602294,4.183725693605903,29,0,10,5,35.32737268337039,0,3.030158678461813,Yes
36,15,Finance,8.602169616720646,5.403083366682403,9.753401998069872,1.3347743027752197,4,4.578744745901773,53.56649700100043,3.2066768596814472,19,1,5,3,11.444876370453413,2,4.179567327805778,No
29,17,Marketing,0.48012592087004485,0.48012592087004485,8.42139149843725,1.244527101331374,2,3.1097285423751777,67.31321081754837,4.602131080265636,15,1,7,1,29.45022827965935,1,2.8064491584676365,No
34,19,Finance,3.8139353498037436,3.6157121451193297,7.184291076783563,0.40276448368616163,3,3.814335180962365,73.05975320052777,2.7950194913448514,29,1,8,4,13.46484324157807,4,2.3938583982788346,No
45,18,Finance,3.4153067888410873,1.2590245056654583,13.938232400202704,2.5745955784321857,3,4.278687239773641,48.0832680271755,2.723212077817669,75,0,13,3,29.72463798039473,0,3.0388095490190823,No
41,18,Finance,2.2984296200547614,2.2984296200547614,8.079198422259703,0.9393775240603477,3,3.397598368804873,47.86877080393506,4.014486546080369,14,0,7,6,25.01259298934257,0,2.5395239796724924,No
33,20,Technology,1.1285832655197023,1.1285832655197023,6.279612948187367,0.6288917243262366,3,3.614928969022824,60.85617115187148,3.110074625543311,32,1,6,10,66.41196707491378,3,3.548976605738704,No
21,17,Technology,12.106853685442593,4.298008949578194,19.19759515683289,3.6878193011948057,2,3.5920112159298383,63.96833770800929,2.5835451457950813,56,1,11,3,2.528346956908237,5,3.8998982393628343,No
28,17,Operations,10.727720037708966,6.138193042349704,10.695245474175104,1.939838276451347,2,2.8886750825987297,63.824660916161086,3.3973734978937276,33,0,10,6,38.148268467707865,3,4.095204920490116,No
31,17,Operations,3.2054006792855274,3.2054006792855274,10.517481253795955,0.9402973158303831,4,3.6022250589484077,67.25372105873922,3.8927920255436845,25,1,6,6,8.383414772157295,5,3.581713495277346,No
36,14,HR,9.17724699353599,6.802617763103619,14.961627064714861,1.1712189701497935,4,4.112337856220427,26.93448800835015,3.4968926322658147,11,0,7,5,14.593736242909424,3,2.306603892770646,No
24,14,Sales,0.3647884766480977,0.3647884766480977,9.493060033137086,1.7881814286141609,5,4.6001965454731195,36.33871496416091,2.810699249171792,42,0,7,5,46.10023629778624,4,3.4478911066194935,No
42,19,Operations,3.791427088878613,3.791427088878613,7.337125370059441,0.5214331379135719,3,3.382832643600612,56.783921251838876,3.1844869038728505,18,0,7,3,34.63915701642384,3,2.889810493624013,No
26,17,Operations,0.8646426197023656,0.8646426197023656,8.571001797756088,1.682812923559396,3,2.694990226771488,45.23675511619752,2.800149605477632,19,1,8,4,8.059078496851606,5,3.3912988367320622,No
43,12,Finance,3.5764078132930606,3.5764078132930606,9.000753672681055,1.1917351487597632,3,3.60442554166387,50.392008921428136,1.680607867929714,42,1,10,4,7.148390465860526,3,2.2432093721623243,No
28,13,Sales,2.5500386332737284,2.5500386332737284,9.068251233182512,0.4967887866878279,3,2.4975849860332424,44.56713162873357,3.1872178990919897,10,1,6,5,13.387547256608958,1,3.6534821825762123,No
53,16,HR,5.298004527705141,3.982871971390425,8.93923312677649,1.4142635672832666,3,3.9941318871349965,86.30638856645382,2.4041981904389766,46,1,8,5,18.06584935902218,4,4.426757806556674,No
37,18,Technology,2.6831514960913614,0.388024341211025,9.529668273346735,1.3001882128852655,4,2.3956886226197107,70.16202641079424,1.5859136473122584,38,0,7,4,22.110482630217085,1,2.602028292241001,No
28,15,Sales,5.469936725475304,4.688540603346766,10.656529751022417,1.6318907688155746,3,3.131969607538131,59.464179396287996,3.3841248654341847,24,0,6,7,10.106840821831124,0,2.281497773189571,No
33,17,Sales,0.6525091390390053,0.3,9.797802042551556,0.8759737524711899,4,3.228740222651539,43.80625404433559,1.985281231367388,22,1,6,2,16.00065171935846,2,4.478281769105493,No
33,19,Sales,11.434183188637668,4.322480521606531,21.97286906540058,2.99350927864605,4,3.5809611277566304,49.96544837566029,3.8988413108862776,12,1,6,3,16.320843500936896,4,2.38603448142006,No
32,18,Operations,12.639654743129805,2.413876226406425,23.3865914199548,1.3723036718018775,3,3.592324660919202,45.961812000340935,2.70849780978247,52,0,9,2,26.811217418929743,3,2.5600225773196437,No
25,20,Finance,1.1910666523216642,1.1910666523216642,10.595056517667343,1.5924777726569566,4,3.693973796683916,53.871995683356076,3.328351551262487,43,0,4,6,34.81696725490061,2,1.1949759375718114,No
21,17,Operations,9.369191554343601,5.716187825443848,9.952494743921406,0.8266211034658828,4,3.488448177671561,79.92547083830758,3.2139068734409397,60,1,11,3,8.768444248481169,2,1.3820088772411394,No
50,17,Operations,2.4839371369679135,2.1138481228888146,8.938798848118497,1.7023836282321183,2,4.590848793356606,80.8970749227235,3.988200060002446,25,0,6,3,65.95052940792709,0,3.6613378613083967,No
29,18,Sales,11.623123447226662,7.054482810470113,13.56825306374583,1.428631254723144,4,3.57901522499619,49.16899813965859,3.6217374152118254,22,1,9,6,18.325536513471864,3,2.8253543687811784,No
24,17,Technology,1.635345795313098,1.635345795313098,9.22093517200118,0.7296438510379771,4,2.8976140192497533,69.67725659954081,2.7045126717769437,22,0,9,8,21.26765386596289,4,3.7776771780363236,Yes
35,17,Technology,4.600398760633679,4.600398760633679,7.7059948422021485,1.4177801691320593,2,3.2261532899877183,71.06519210916703,2.9435648027770767,29,0,9,8,53.61884571858614,4,2.975764604411905,Yes
39,14,Operations,16.055682006222607,4.898152223382022,25.28436828390813,3.081555775977742,4,2.606535132573955,57.040425208895684,3.5202269343607875,10,0,8,4,17.006507672519522,2,2.360947874421749,No
33,15,Marketing,1.0597636298250535,1.0597636298250535,9.88940591448953,0.6459746588476429,4,2.822619204039429,56.49832756181136,3.5983412082437725,18,1,4,4,36.97523781977709,4,3.4726074251272863,No
35,15,Sales,1.0146778509526022,0.995175477407855,9.985639808980903,0.5365493378300803,4,4.019888678965382,62.128905285345176,3.5160296571276413,20,0,6,6,14.194921190485042,1,2.9883402190298085,No
42,17,HR,0.3724827884364625,0.3724827884364625,4.768514181548647,0.967338852993277,3,2.0890125163277826,79.71933906970686,3.506243785569592,56,1,10,5,39.99933397931028,1,4.8984483768881875,Yes
32,16,Sales,0.9840377839399044,0.9840377839399044,7.816987850872084,0.8091781207465187,4,3.7713439332673895,44.35182867856878,2.3089552217273037,28,0,9,3,26.150774181527805,5,2.177310790973145,No
45,18,Technology,1.3410888095378763,0.3,12.805785861795638,0.9588969651929117,3,3.99559121606868,63.42872720395387,3.724492870652568,47,0,8,1,15.216476535678245,4,2.393223609508206,No
32,20,Finance,4.645912185657401,1.8625536911924434,16.76982527115386,1.2909250403767958,4,3.093287317707877,45.082373582703056,2.8971087796040904,19,0,8,5,10.627935178255099,3,3.7383107972811147,No
27,18,Technology,15.004838404709266,5.320630740905857,21.73374186091376,2.166765365360848,2,3.181119704394178,69.6075510500027,3.1273551596194635,59,0,10,6,22.84513086281196,3,3.0005867747946935,No
33,16,Operations,3.705262090436541,2.9470672962138478,9.559220695458922,0.4928749602503191,3,4.098645397543424,65.67180994150212,2.931186624913161,21,1,8,7,52.36402955222018,1,3.043991307151995,No
44,16,Technology,1.6740099357295586,1.6740099357295586,12.624831277543365,2.2170119257600027,2,3.1771688007962937,43.661887966707795,3.704450971333308,35,1,5,4,20.1213546022253,4,2.9398798652429816,No
47,17,Technology,9.424361551067378,3.3162862178700467,12.704240882882022,2.18631599312811,4,2.823055070758169,31.668019885004245,4.313252068852806,5,0,7,1,24.475853785827884,3,3.291532129338618,No
31,16,Marketing,2.977998154493986,1.4746024856462978,12.907446276056355,2.352723855925075,3,2.3203066864563042,82.46614407791178,1.1955454202302729,13,0,7,6,9.965421976321956,0,4.353338859696542,Yes
40,17,Technology,0.3289129796760469,0.3289129796760469,7.477127106274736,1.3137459196542884,3,4.187240177388253,89.14805045292982,5,24,0,5,5,11.753708403295418,5,3.382520277862295,Yes
28,17,Technology,6.079678820669194,2.730891056024892,10.238578984827218,0.5904201730445905,3,3.606268916368266,45.50188294460836,2.203594048474754,27,0,9,5,6.315090124583192,3,3.6733689466654633,No
32,15,Operations,1.7575176908662302,1.7575176908662302,9.372148681215608,1.7817031969654304,3,4.996284096245604,81.92118521223888,4.37189126018104,22,0,5,3,29.150356198035592,1,4.0907789352466475,No
39,13,Technology,23.22010820526147,10.818957693061053,24.246820220296065,2.024375782939728,5,3.6559157987160367,73.81618696481333,3.8799216915743484,35,0,10,4,3.4228204319923616,2,2.583249528742085,No
43,18,Marketing,3.550871322752115,2.8170877649255517,13.76112577920328,1.8156316022098058,3,4.182395950341465,54.139300052821795,2.8745776204530213,21,0,8,7,41.28645277152951,2,3.074079943428483,No
37,15,Finance,0.3,0.3,11.007230725971317,1.170898501862304,3,3.113232344755425,47.47164778767899,1.5217667082325765,33,1,10,5,20.03207189304934,2,4.412289654086906,No
23,18,Finance,0.6717978819313047,0.30958855414714553,7.08782309786512,0.9469549377978153,2,3.483016092812068,74.87408389109241,3.119675632720828,28,1,5,7,77.93926098707101,3,3.9465105397280658,Yes
44,19,HR,0.4508754336733803,0.4508754336733803,6.1336109347115295,0.9450843857517399,4,3.575432723544529,70.23113429653003,4.793032915355127,22,0,8,4,71.71872103657385,2,4.069441172706907,No
31,14,Finance,9.731329441314623,5.570691916579494,12.80699906095131,2.165086008294465,3,4.997813240093802,74.19064024839835,1.6948472224869024,33,0,9,5,11.46976182502181,4,3.2419764216822924,No
37,14,HR,1.4048103573925235,0.3,7.957407485138438,1.2414757196453574,2,3.124337095613742,62.85666879770299,3.808797210030506,41,0,6,1,33.004394121955364,3,1.454813236218219,Yes
30,13,HR,17.430134050079143,6.521086684609561,37.57715492926734,6.667852950258393,3,3.7838628382677273,66.51088944372768,2.103408930255899,44,0,9,4,61.939669731380555,4,1.8997176331181802,No
36,16,Technology,0.5503465259193178,0.5503465259193178,8.14901566543302,0.7868038602574521,4,4.992241311672815,46.05075430224559,3.5985725236747657,55,0,9,4,12.277921768693448,0,2.4744828584117506,No
42,13,Technology,8.347072771618219,3.2469539646490966,16.494005754632308,1.1863281984889222,4,2.5999185299441003,28.173822452747444,4.66447746499109,44,0,9,1,21.209105115882494,2,2.817090234746749,No
29,13,Marketing,3.7788956265256983,3.5737555158070977,9.099967533043605,1.7957298793883774,4,4.505372808244504,75.26078129770252,2.7108185567037992,38,0,11,5,21.563391311036472,4,2.4380240173815184,No
33,16,Marketing,6.301981116494976,6.301981116494976,8.936007399601936,0.6225991663879852,2,3.08089914384357,62.37440151589296,3.901271798534895,42,1,9,3,13.403440700432272,0,4.292633220563962,No
21,12,Finance,0.9327653723902711,0.9327653723902711,11.09585272225052,1.9130531173488017,4,2.7118602082345995,60.913927757549956,1.4818055761882587,25,1,8,2,37.881821898142576,0,3.960771000296736,No
26,15,Operations,8.291157351548712,3.896611817666332,11.779244154687872,0.7489679247760632,4,4.10290895048527,55.57250586876837,3.9929733707271007,69,0,13,0,30.321136402777164,4,4.9193758847772315,No
21,15,Technology,2.2304859384095477,2.2304859384095477,11.438171859720509,1.548002690747847,3,4.196917182210906,65.66392034332304,3.461292344829317,43,1,9,3,61.38944699914449,1,3.3495218973939176,No
36,17,Sales,0.8675459248373281,0.7741500745293752,6.470327849773336,0.44119723195688326,5,2.5894474094152886,78.56788086402166,2.1901723451855926,31,0,11,6,45.48082155711748,3,3.642789212607411,Yes
28,18,Operations,3.2642258858003768,3.2642258858003768,7.974583522952505,1.1953901607176556,4,3.209191514719729,77.82893025004236,2.5619552919323074,24,0,7,4,13.413038992203294,0,2.1978123865310297,No
30,16,Operations,24.081347144886124,7.381412125380333,32.09275483227137,3.0535923244975005,4,2.5126206273944236,44.341607087576406,2.3009288408958204,36,0,10,8,10.61294340657581,4,2.7955299775736275,No
34,15,Technology,14.07879298406035,7.81958299850702,14.625771860708687,1.9625315857253847,4,2.714566706898611,74.05750674985103,3.3883634382043115,21,0,9,6,57.35219952657216,1,2.6150889520688465,No
34,16,Technology,5.534333201662254,0.3,11.050272283575655,0.7733177841640784,4,3.5967078321093586,38.301425122740916,4.907948678573148,21,1,8,6,21.111939552529577,1,2.789901636339173,No
45,14,Technology,4.077567029307144,3.2758408049116428,14.467135191500116,1.4350522990189492,4,2.5965161671642556,44.83427461828627,3.4756488064669497,20,0,5,6,17.759354737993412,0,3.4724278387787444,No
33,13,Marketing,0.5710939322423442,0.5710939322423442,9.524335537467557,1.4290222593313775,4,2.905082067357561,70.35532036553035,2.8053396150757934,20,0,8,6,45.78878833842881,1,2.925940137509082,Yes
27,14,Finance,0.356403484866363,0.356403484866363,6.7299187494857,0.9523791830679169,2,3.5773769103017927,42.10483166166456,4.9988469760147165,18,0,7,2,19.566440310361983,2,2.6242715729195973,No
44,13,Technology,9.277653569274383,5.039097815053817,11.594733342261907,1.8347323212993525,4,3.805431930933396,83.42313600496536,3.9923033660394647,7,0,6,3,24.381059614373445,3,3.728190381049358,No
23,16,Finance,6.059815973052613,3.7497159847475543,10.840163772384896,1.210737650815797,4,2.8925522120044267,55.535338785155425,2.898219878794018,13,1,6,1,10.948939228185107,4,3.404428281366196,No
25,13,Technology,2.3046165144564457,0.3,10.258973322826403,0.762188362443513,3,1.4885271578374946,51.89090660188683,1.9022834519511178,30,0,5,4,11.928932331581603,4,2.54057813087942,Yes
22,19,HR,5.73942093634195,3.7530220555657823,9.193150942721072,1.659857556090595,3,3.4993714922965053,63.9889378297994,3.0284756376587394,44,0,9,6,25.721034205709138,5,3.257855155981527,No
28,17,Marketing,9.22537931529464,4.659846510575195,13.578176929546396,2.3010900395610117,5,3.0720040185012008,25.73651961253079,2.9969819603356935,16,1,4,5,14.282898360400166,4,3.4342075579190245,No
41,16,Operations,5.948991647763484,2.060190874815452,10.82267054399393,0.6192897332799374,3,4.277974341708211,57.34058677477128,3.6824077610255257,37,1,10,2,42.99107575575527,3,2.2933042588635315,No
40,16,Finance,0.4946428245407559,0.34898213773645415,10.372656854280542,1.7227280009240764,5,3.0901500985752914,34.430032843896264,3.204300721337013,14,0,6,6,11.39078922917585,4,3.812335093375281,No
29,19,Operations,10.229727028776145,6.9936746677340365,11.51091473192787,1.2252490711698523,3,2.028561875133151,46.60550242736927,4.131449899297494,37,1,8,4,76.93375769013942,3,3.438737364354535,No
23,15,Operations,17.409256774429977,7.185027520667723,26.22406941891018,5.232963734951332,4,4.009235870057656,69.90390567856316,4.370379641872407,41,0,9,6,22.86368234572328,3,2.9028145504409997,No
38,19,Technology,6.990053387077706,6.722772683267816,9.553012933397012,0.7915604645835296,2,4.615706551441109,51.16354994131324,4.70975934036493,46,0,9,6,35.88433886905648,5,3.4508399315965392,No
36,15,Technology,8.5439880624213,4.868173716310933,9.030213426721872,1.5742131425629864,4,3.828992527428297,47.240553330779775,1.603223505196028,19,1,6,7,24.87952886768708,5,3.711701288383289,No
31,18,Operations,2.731677464172228,1.4572970035446897,11.104720515799478,1.7926281847915206,4,3.540476491113041,31.544229116929724,2.683215074241092,20,0,4,5,30.28512998744981,3,3.0893009198259525,No
28,16,Sales,2.7434056902712003,2.647985929581033,11.004493349576194,1.505288483200476,3,2.309799128993089,40.79486396161148,3.5984247327295407,53,0,10,8,53.845450598196166,5,1.298368789933699,No
28,18,Operations,4.049919778372192,0.3,9.781387442366054,0.6775007258914884,3,2.873814729584252,74.93197180135827,3.0917434969790505,35,1,6,5,3.9851906977308293,5,2.091355878645853,No
45,15,Marketing,1.666725110330923,0.324882102776755,7.332153669364042,0.7018009949044378,3,2.8088322166401283,61.82200071401647,4.2074009617189025,56,1,13,9,38.678348426411596,1,3.5601330978389285,No
21,20,Technology,1.2075250310642234,1.2075250310642234,7.378558213901765,0.39542583548192867,3,3.8936301843100765,91.83967937991673,3.299337222199388,26,0,7,7,19.750524521214125,5,3.6768742159907495,Yes
26,14,HR,1.8899757392182257,1.8899757392182257,15.154808639593018,1.9451041118787327,3,4.103698830960684,68.41920660061352,4.585142230670396,50,0,10,1,9.299205783951036,4,4.797158910473034,No
32,16,Operations,2.0995454710031156,1.681444619768551,11.019794215268462,1.3453714791896252,4,2.788052451520601,81.71335334141503,2.3952998486928916,22,1,7,4,24.518040469684276,4,4.14277769375616,Yes
40,14,HR,5.836954043136014,5.836954043136014,13.856955169201091,1.703543959798696,3,4.3194927456197965,36.83777696439738,4.921274386303806,34,1,10,3,16.33853224389401,2,4.371972621460056,No
33,15,HR,4.984683603954975,4.984683603954975,15.869765209889204,2.25090458479761,2,5,55.38263310298055,2.686287410350604,12,0,9,4,12.528523247407417,5,3.720956281987167,No
25,17,Sales,5.297438571122572,2.1499236214676953,7.1216449773831245,1.076640403168281,2,3.289245859062368,47.4959890779645,3.195891186424006,24,0,8,4,33.530515410571034,5,3.2577014128902415,No
34,16,Sales,9.506373817480185,8.22831908075915,10.636115794732962,1.4327666392647846,2,2.3748751463956546,78.3358696265369,1.905650279681237,14,1,5,3,11.614893865309648,3,2.7193868434194846,Yes
31,17,Operations,6.976671987650256,5.855158480528153,12.709349977799613,2.0241797676729782,5,2.511329531520029,81.11237857655863,4.2242233131508655,30,0,12,4,33.051726414086225,0,2.9924200862819617,No
37,17,Technology,11.378008468000465,8.604770306909481,8.169086493817467,0.8574966641355662,4,3.689279887234802,54.16001310172323,3.476282617870618,41,0,10,6,15.935868026966455,5,3.603937869711107,No
36,16,Technology,24.182768463764404,10.850446838559838,26.553233752575157,2.773785143519744,4,3.511423165962752,66.1413614041956,2.691035458436828,15,1,6,4,9.440587211064893,2,4.340922442695297,No
28,17,Sales,3.070491035002649,2.001206431503401,9.628890679962142,1.2839664973590637,3,3.302623368968738,77.9450788662328,3.8756471905325514,74,0,11,6,21.520170324685747,5,3.955265251944214,Yes
35,15,Operations,1.245633266127773,1.245633266127773,11.863331726646086,1.7614014291251623,2,2.0978334758640886,66.57168567914452,4.29180070872736,49,0,6,8,22.716902490253048,1,4.028459127779463,Yes
37,14,Marketing,5.474214731796579,3.624440003129345,9.262494379142252,1.0950411206050288,3,3.031669043962451,72.59696323149969,3.399863514059817,50,0,10,5,14.55214824630262,3,4.988132764068105,No
44,16,Operations,5.921192632905837,1.3408965332905327,10.351884997820838,1.8372309495589365,3,4.715182406680472,76.98939682455698,2.221654111567763,17,1,9,4,5.045929949395256,4,3.878106830157818,No
23,15,Operations,2.8264190903367226,2.175418694914389,8.373404405641088,1.3170805944459916,4,4.989893504165853,53.539579144518704,2.9267735638196926,20,0,6,0,54.6592560380731,1,4.398276131241491,No
43,18,Marketing,4.3651466981369245,4.270323289968279,11.029064023456911,0.7270853651083085,4,2.412650219641113,77.36847985858223,4.416227075294166,29,0,5,7,49.498801909715326,1,4.029799523351252,Yes
32,18,Finance,1.6449808748700796,1.6449808748700796,10.491855520475145,1.8757928852289234,4,4.081277596411064,80.57461727265675,3.3034751532538382,17,0,5,2,12.555583533848548,4,3.3298688286662923,No
48,19,Sales,6.388701263425682,6.388701263425682,9.981189669542944,1.5229824384814845,3,3.815667419025052,66.10691363822988,4.11924129576082,29,1,7,7,57.60873182156711,0,2.2957920265510325,No
37,16,Operations,0.8112686529162124,0.34136348001022543,7.404866690773563,0.7739898246055205,2,2.601429591424911,51.83951459353858,2.7954616607441056,47,1,6,4,40.70635220410961,5,2.3399017705358873,Yes
38,16,Finance,1.279929666716148,1.279929666716148,9.393783386208632,1.5751860753931974,2,3.1101558627441985,58.05198988046001,3.2936661290508997,37,0,9,5,8.524132375663376,4,4.315457725174246,No
45,18,Operations,0.44509569738130084,0.3,8.17650006176554,0.8190445504803525,4,2.317645434217064,81.3444513912798,2.900133128960165,56,0,11,2,11.535668843895701,0,3.86676380554487,Yes
41,16,Marketing,3.270205768613036,3.270205768613036,6.738310717067676,0.8653804336869867,4,2.9723781695124387,69.65598743258445,5,15,0,4,3,38.565938544244645,3,4.980609280158629,No
33,14,Finance,5.955871071607211,2.3190133121210645,11.927898877094806,1.9220156278272265,4,2.192090585121038,58.287814864896944,3.991850400854964,27,0,7,1,13.728986054548574,2,4.060680001537831,No
36,17,Sales,1.768404359178995,1.768404359178995,15.027810740053338,1.502993649333483,3,3.4803922454944405,41.60953675159082,2.8085286015233772,15,0,7,7,50.44715524372563,5,3.512192150761628,No
21,14,Operations,2.732802573898397,2.732802573898397,10.235990913909355,1.368552157327999,4,5,40.551466124476256,3.476398375604982,58,0,11,1,52.686831303380195,3,4.580276868504587,No
43,18,Technology,1.3390514657844053,1.3390514657844053,5.506181959147294,0.46056028750920497,4,4.42788688570623,61.1646992127079,2.8110965068254274,27,0,7,9,24.981337845501173,5,4.0363644065463005,Yes
30,20,Sales,0.3172185093741628,0.3172185093741628,8.055075896396563,1.2908246259687068,3,3.6058938878089966,51.24342795619575,2.7985591311298803,10,1,3,6,31.192826627256412,2,2.961344687382355,No
34,16,Operations,2.244121649938488,2.244121649938488,10.233597643814722,1.21531571209822,4,4.91636021881355,78.63125892664422,1.9941076263707882,13,0,3,2,36.34992768307266,4,4.157149127125485,No
39,16,Sales,3.4156925780671896,3.4156925780671896,13.312489282563746,1.0056051962569754,2,3.978653972752853,17.863122845569432,2.7172116092864957,53,1,8,2,12.332883593215834,3,4.578223692137978,No
42,16,Technology,2.841498409731475,2.841498409731475,10.041475789395703,0.5777718563435708,3,4.387166432005384,79.57371473166411,2.295556366644482,38,1,8,6,21.293762510799393,0,3.1596754195995986,No
46,19,Technology,4.2670700743926036,0.3,12.00766848653365,2.433801987697478,2,3.9933517050425937,45.27159317081478,4.9835025273299305,43,0,11,3,7.603845707573966,2,2.6432775148468592,No
35,15,Finance,0.3,0.3,8.54633955486278,0.6202731471013986,4,3.4051638391263004,55.758105886931034,1.2766528268360777,48,0,8,4,9.943160812210785,5,4.4783522126831246,No
48,15,Technology,16.10389897919545,7.638481578898861,24.73117582798852,4.576676358216501,4,2.707609403212309,67.76075770393334,1.882659911755107,36,1,10,1,39.36899335992634,3,3.075387522517031,No
27,18,Technology,2.65224726226637,2.65224726226637,8.023743572796567,1.0043771844315146,3,2.297824262936642,70.75252676033999,2.099593895644213,27,0,7,3,37.51579439451477,1,3.8380329872030394,Yes
21,17,Marketing,1.7516930609279222,1.4376465560564429,7.646868656823063,0.930261832958328,5,1.9666679175027537,54.60574789012397,3.480175335768027,35,1,7,9,10.778837705951377,5,3.9086868093301828,No
29,16,Technology,1.6529728705861184,1.6529728705861184,6.971306862096483,1.0166147093897862,2,4.97959247680695,64.41015116713439,1.3218319585842635,34,1,6,7,16.576873124947834,4,2.6366350825623512,No
45,20,Marketing,4.4395051416783256,4.4395051416783256,9.749211419667745,1.5761806154421196,3,3.621247546802466,38.995261263530686,2.862243381019757,39,1,9,6,34.84559728951802,5,4.100751921127129,No
30,17,Technology,4.750908316434839,1.1987465053357587,12.027834130942798,2.0296732916594453,3,2.8042774120507366,65.75522078980106,2.3091700811391282,51,1,8,2,22.743027329485173,2,4.780720792895579,No
39,16,Marketing,7.199266990439815,4.401622951199086,11.794981754534952,1.7167964824091675,4,3.709290378185093,53.82077785569504,3.5871589018460024,62,1,11,4,58.57760968918846,1,3.7511055921678866,No
36,13,Finance,4.248765859038767,3.9867993570360056,9.79565367424453,1.4221008422204988,4,2.708721156456345,66.87203218892837,4.221138261212066,24,0,5,3,18.558272370155684,3,3.8159276349115405,No
39,16,Technology,11.587323418641594,5.7117956410968445,16.908324069372764,0.8580279815365625,4,3.9155712100415427,55.11230273955458,4.112425587656497,21,0,11,3,17.016472548388624,3,4.7461181388946425,No
50,14,Technology,2.531865106447769,2.531865106447769,8.215638467163698,0.6320375470860735,5,3.5014855289422924,45.05893023587515,4.289624163226066,39,0,10,7,28.280555995364644,3,2.4096631843697787,No
39,17,Finance,6.060232102076223,4.217649099966914,13.329943242265442,1.6128360451148656,2,4.68190926631886,75.17521802318987,2.669777256438013,38,0,10,9,42.01128527028752,3,2.763314413653638,Yes
32,16,Technology,1.4407237363000998,1.4407237363000998,10.513279602608721,1.4428652863502807,3,4.577679535323879,46.45875565397369,4.288829575586252,18,1,6,6,9.545023413599564,3,2.7434874148482837,No
38,14,Sales,24.951607196344575,7.75453538109644,31.137236262788345,4.151452126713292,2,2.3710072593890925,47.142274336469725,3.2106019383030597,55,1,11,3,63.77544518420951,2,2.9772850579515615,No
49,18,Technology,8.050054076244702,6.591104999252835,13.820450147332961,1.2920173085035593,1,3.703578127240919,20.45149128858428,2.0852926850468125,47,1,11,7,51.6736530219591,2,3.959805297643373,No
34,16,Finance,25,8.121633653462968,17.87088867565296,1.396395297767959,3,3.5150187327118347,59.930383462519835,3.4758270862262277,14,0,8,6,19.686809576194975,4,3.760509656291755,No
33,16,Technology,3.4269167122155677,2.2963156395462447,8.589935893937993,1.1821840566945214,3,3.106958106103404,76.20494396431177,2.424103556053644,18,1,9,3,16.589662255030678,4,3.614751631863891,No
34,16,HR,8.7715824771465,3.1968476153085144,12.478999718532263,2.3772865725966086,3,3.08117579867667,68.88117881965144,2.585164948257145,29,1,8,4,22.213693873661597,2,2.8404027782532077,No
36,20,Technology,1.9421847723057728,1.9421847723057728,6.906872143958445,0.5893806679144342,3,2.885684176142234,90.88740405273826,2.012522973302125,29,0,9,3,21.317920628161374,3,3.8811242003896056,Yes
31,13,HR,0.9089160728764307,0.9089160728764307,6.888924388714256,0.5108101317558471,2,3.199039427270421,72.62680288957266,4.9971935405807715,39,1,6,5,12.362371433720142,3,2.338408903428845,No
37,13,Sales,8.448572380436422,6.255258667896968,17.863245397179977,2.7204210609065287,3,3.998629688848753,72.53287456625046,3.493018449697549,18,0,6,3,26.2260588239309,1,4.296043904421115,No
33,15,Finance,14.167054804005556,6.325413163307806,26.359244604217597,3.9031148454096782,4,2.9213901363721786,49.78901565382454,3.022349386282431,22,0,10,6,42.18614311511899,1,2.736382706947223,No
55,18,Sales,0.878307074759105,0.878307074759105,7.91258026252753,1.2391697525548997,5,3.210285595733424,58.52045088411258,4.592911871111975,27,0,7,3,39.50505562678793,3,1.332507008763326,No
33,14,Sales,7.754910772403226,1.6047980860786746,10.80776732806418,0.8146824604455128,3,3.0175307076647466,52.133643195727196,2.310963885396255,30,0,8,5,12.81134146419786,4,2.7461143681482088,No
51,20,Operations,0.3,0.3,11.438164193734819,1.8508912339674009,4,3.700261474250756,55.75929603046287,4.20873375524009,41,0,11,5,60.90584686845498,3,3.0382798196791905,No
37,15,Sales,0.3,0.3,10.120658862050474,1.805689424414157,3,2.311531590254829,68.65575681853169,4.391002959838202,18,0,4,3,21.106261445800268,3,2.4504941269633416,Yes
37,18,HR,4.095736012920138,0.30210956675268247,12.682261667253853,1.2589704854223276,3,3.2253517660192483,69.04254743558589,3.599901359861734,51,1,12,6,42.22402815216563,3,3.637927222033241,No
35,16,Technology,4.705540208326233,3.056794805170099,10.72505431381294,0.7008969298573611,2,3.308194755854914,32.46246496883412,3.902699638473411,27,1,6,4,14.907853813406529,3,2.468047233745763,No
49,16,Technology,1.4095984515588138,0.31922837690385364,5.807990088350945,0.9560989937214244,5,4.379079768457856,43.620357928899736,3.7856777242888944,36,0,6,1,5.77591156348145,2,3.6827073324676736,No
56,16,Technology,4.750902054713812,3.207967645879002,11.130704878076326,1.4286181166159193,2,3.004461864164602,55.986271491622006,2.729076592269511,28,0,9,6,67.23680697804414,5,3.5925633606175476,Yes
40,14,Technology,25,10.373986604861917,37.82165479932335,6.270083301468778,4,3.8857718244571102,76.05797865941193,1.3026336922358328,26,1,10,7,50.14289938073141,5,3.92243245990843,No
48,19,Operations,11.156835707855379,4.026574915185474,16.293417699950417,1.5153049009466257,3,2.9005881271596623,86.02782034415638,3.7997790873109407,27,1,9,5,9.399847005749251,0,3.9492189501453043,No
27,18,Operations,3.0342408929871216,0.857101235504336,12.269426499097392,0.6640810577371785,3,3.3048508259596066,34.36749891070176,3.904249150962863,22,0,8,4,7.218405510438572,5,3.392370857458606,No
22,13,Sales,8.427671666758062,2.387116887360934,15.0463854471887,1.4200434719664392,5,3.3573351189832508,53.81982905529089,4.49464396631028,29,0,9,3,27.53962682448909,1,4.206365550767976,No
43,17,Finance,3.422245287005019,1.478661246305073,9.05142234990573,0.8215877089476505,3,3.079735823696731,49.71289918770609,3.8111732809238483,12,1,6,3,37.093240511956814,4,3.16953843188018,No
36,17,Operations,13.622861879664521,8.13591347988171,14.603769293082546,2.894563769924802,3,4.113450813625311,51.678340903637356,3.810261669352441,56,1,11,3,28.905798118367457,1,2.245812612781676,No
41,16,Marketing,0.5575919903872428,0.5575919903872428,9.413672932740784,1.143346551547821,4,4.318080991817188,66.94997433807725,3.802785217000509,10,1,6,5,19.28909720086254,4,3.451363148343958,No
34,16,HR,6.115338683427459,4.871499076015414,15.721086211380921,2.14899722080553,4,3.381674665823575,63.83064831318136,3.397191494052269,33,0,7,5,24.844276859950618,5,2.9939257652159723,No
38,15,Technology,13.245882973784228,8.91767016545048,16.232257613477373,0.9257377940046998,4,4.330352550707574,71.0903737611838,2.284594752597518,74,1,15,5,23.01576571890639,4,2.1204271608259564,No
34,14,Technology,3.006548350591453,1.775795168404316,12.485785573151814,1.6180217236038892,5,4.7230175715908995,42.24170608131484,3.695658173863427,38,0,10,6,14.50276969080474,2,2.7557570091430814,No
36,20,Finance,0.42422769426673634,0.42422769426673634,9.280670366198565,1.8048206793825226,4,4.229806354070478,52.97158420018362,2.590045322164983,38,0,7,6,52.47114291080818,4,3.9772953232659236,No
49,15,Marketing,5.8244379569504146,3.9155085969596586,13.676674787557449,1.6897801276250421,3,3.501627896590355,49.662805745963944,3.1004888828209607,42,1,10,4,48.955179968180836,5,3.155546212038815,No
32,14,Operations,0.5904936883410417,0.5904936883410417,6.628545869642459,0.42985604628774027,4,3.3852142209950142,60.981334954185435,3.407492975551096,70,0,12,8,7.471601860226581,1,1.7788043101680524,No
27,17,Marketing,0.6857620855437723,0.6857620855437723,6.185588323022777,0.47561013997918866,3,4.007785564271688,75.44544550144796,2.824925756717842,52,0,7,5,60.78315799726915,0,3.006129076794445,Yes
37,17,Sales,13.567712808825771,7.538555881699649,18.59606531685375,0.9224438635088547,3,4.079663868747773,63.65165006124448,1.9683383096492566,20,0,11,4,60.186057667176875,3,4.5383607609971985,No
30,14,Finance,22.49337546867511,3.759396872317678,28.582611482809554,3.0819710744834867,3,2.779530210054791,78.94151423274872,4.611482175372895,19,0,9,5,6.3099337104489095,3,2.3197448337100073,No
38,20,Technology,1.9578194993625722,1.9578194993625722,8.997240716737698,1.0797648370708504,5,3.3787266131101057,72.09863170076761,2.310571999898524,30,0,9,4,30.67839317242302,3,4.456334720575589,No
25,17,Sales,2.359558094702362,2.129696975152881,8.980113017889408,1.0564508642140922,4,2.388680333044162,64.32474716905143,3.4976641726012505,22,0,5,3,32.46757427207618,1,2.2990965051347607,No
21,18,Sales,15.749308187298878,3.8311130569087672,27.16167724282901,3.567692131077707,4,4.923391643571757,62.24622457541079,4.10968360996627,42,1,12,5,30.656640352809585,0,3.737160499190073,No
38,14,Marketing,8.118340139946199,6.396752170573388,15.008680136312051,2.54654977963467,3,2.5947048808948123,28.044788926844905,3.292217162901122,19,0,7,2,26.321164587300366,4,1.9024906181558496,No
37,12,Technology,1.0622461656378879,0.4425731380317358,8.959100521471573,1.0835617789789662,3,2.6037858338419513,49.147585655789776,3.1961958589336694,12,0,4,3,11.290273879747042,2,2.0573677503948047,No
37,17,Finance,5.557009052668689,2.050650645684334,6.95286343773121,0.4444342728414222,3,2.5171705592297346,54.105894500031724,4.2797211919939375,28,0,9,7,33.37641644067669,5,2.91303677565409,No
39,20,Technology,0.7083831524974483,0.578242098762432,7.963796658204947,0.9530311884444841,2,3.1101264500603865,52.1066721144928,2.608060691601589,25,0,3,5,15.70302293362856,2,2.9124980723156857,Yes
21,15,Finance,1.2482455571764415,0.34965888120348154,5.806427391024732,1.0918960827552684,3,2.5925861042837814,61.58456182183281,4.829559734575448,36,1,7,3,31.063192380341093,0,3.692809454996897,No
32,17,Technology,0.8892403264730067,0.8892403264730067,14.459146895215898,2.323040240650463,4,3.4772662454982872,30.93493662849559,3.179333663790373,27,1,5,2,15.963113835789823,1,2.264413665281802,No
43,13,Finance,3.062620642341426,0.7579642540455753,13.30068284213138,1.7105008728027244,2,3.911383668809384,69.57647702177567,2.315915136428271,24,0,9,4,33.41211344596741,4,3.5318335632172606,Yes
21,19,Operations,12.497267516352665,3.8357260028029976,14.754169508349973,1.183748731135569,2,3.605245420721843,79.15299501518876,3.8877057776208357,50,0,11,5,16.513403270003703,2,4.386014862602118,No
30,15,Finance,1.6248239728549458,1.6248239728549458,16.66808313127136,2.875636955608953,3,3.106738762078639,52.684217139763234,2.819549935122009,26,1,7,8,16.02843300363311,4,3.4732188365520082,No
30,20,Operations,12.381423346243187,5.622567666387157,14.158312805314262,0.8006117165545829,2,2.9895614590527684,74.06723983823927,4.075075768487701,28,1,8,5,37.60805558629403,4,4.232818082267438,No
42,16,Technology,0.9165462255144075,0.9165462255144075,10.436419357822443,0.9785927224416752,4,4.093135474973745,76.214661577433,1.980675782186551,40,0,9,6,21.182749875074677,0,4.261220845264934,No
43,18,Sales,0.9228687301694092,0.9091659768439501,6.962480029536197,1.3367644880664282,3,2.992974392712598,47.72335199369201,5,8,1,6,6,43.06643708246675,5,2.384235995598452,No
43,17,Operations,4.507292088245898,4.507292088245898,12.134606743790764,1.1399175886011454,3,2.413037468314993,22.739446673967954,3.280731392792151,34,0,8,5,21.204751744246337,0,3.8695439935057636,No
24,20,HR,1.780322536020814,0.8754141589064057,10.15042000290453,0.5575896976038356,3,3.095490865106042,65.81737624975793,2.5163112241987426,59,0,9,4,18.840699004579665,2,2.5754709339378152,No
42,15,Operations,21.05820802520851,11.68143726141706,20.230530162551368,3.5739403580408227,3,3.3042386823163947,78.93329081931277,1.998081507104541,32,0,10,2,10.79075866231907,1,2.0816002677708036,No
43,15,Technology,17.81276291800917,5.899992283089338,25.340549766472975,4.085782805275331,3,3.193827936352933,43.674218500265376,1.9763811913769087,6,0,9,3,19.37613438291076,4,3.9739114344590107,No
21,16,Finance,1.6863310157108002,1.6863310157108002,7.936145452957795,0.8607668977536819,3,4.300833539953724,60.1359260551076,2.5173946711076463,24,0,7,5,36.99954533990377,3,3.225783655059168,No
27,15,Marketing,7.621194305995333,5.895641687007788,10.089108511529128,1.681184669702317,3,3.5900043164678914,50.06664955711407,4.208418995728038,47,0,12,6,28.28933473044246,3,4.45946178196415,No
44,18,Sales,4.118938927067088,3.6692325977046942,9.32125770301625,1.199176805950764,3,3.8014646649466153,71.97299790821627,3.6114572783035936,53,1,11,5,19.14919918539862,0,3.5699431106478228,No
33,15,Marketing,0.3168184515014084,0.3168184515014084,7.714572851739212,0.7054538725039553,3,2.7014871556700184,96.69041333178139,2.7953666182933405,51,0,9,7,29.66713335074878,1,2.6590472069099524,Yes
31,18,Sales,8.183949621395524,5.263373898508522,15.35955580967667,0.7803734871158922,4,4.133625748890185,65.34576576424408,3.6986586872032383,11,0,9,3,41.17681965146698,2,3.6559192872035133,No
31,18,Sales,3.851271825476621,3.851271825476621,9.9195206450002,1.2496567275663322,3,3.5658205547360087,52.99070605139922,3.097718395174125,35,0,10,2,39.80636887122996,3,1.7497259468191206,No
31,14,Operations,7.790496940566603,6.482346363654997,10.434001806590674,1.7988919680107764,5,3.0894532760583004,42.81382141676222,2.5909603273857074,13,0,8,5,50.455910495447576,4,1.603475474670106,No
47,14,Finance,11.31467956851153,2.5154677789832083,19.373610099270635,3.7851989639695023,4,3.1876733728945257,48.425991112903134,3.2953545396711625,36,0,10,6,23.017615052058495,5,2.1172915048302423,No
28,16,Marketing,2.466825432724875,2.466825432724875,11.758737277696374,0.9654704080906331,4,3.128983955953975,81.75196421171665,3.3749509738538475,16,0,6,1,12.67915714344507,5,4.034561690998093,No
25,17,Finance,2.2750814077281323,2.2750814077281323,5.589202268098106,0.9342682458523129,4,3.411474095698378,64.40807178040117,3.0969772163695035,17,1,7,4,28.56699959432816,1,3.3783590473038165,No
29,14,Finance,2.464353516159754,2.464353516159754,8.310773703977295,0.7092588972625906,5,4.515760386675335,55.5876998658812,2.829616779901258,36,1,7,5,22.93236311115522,5,3.673362508473247,No
28,18,Sales,4.776177834425046,3.5229649800362877,12.780130945005922,2.287631466861779,4,1.76714453184276,67.35280361031509,3.784956146627569,26,0,7,8,23.085087583970164,4,3.5259804304913303,Yes
35,17,Operations,0.8366565838278907,0.8366565838278907,7.478354585480398,0.836734638277331,4,2.779428119804502,54.30755518723042,3.6810532529927618,53,1,7,5,9.925399642159846,2,2.3971585553044217,No
42,18,Operations,1.406854895274882,1.406854895274882,9.521181396812274,1.2068710542302938,4,3.708059186423235,79.11034816290334,3.6232739596571037,39,0,7,3,19.61580096833369,3,2.7495434410840343,No
29,19,Sales,10.393074026682967,5.5955571761666985,16.079248072821223,3.217054002736127,3,3.768816752145301,45.66215107775313,3.3149521215297604,22,1,6,6,22.129786157501623,4,2.351915266903042,No
27,12,Technology,10.132233715850331,6.180079749173842,12.572865463197969,1.5723890919264432,3,3.191202552461696,75.63012069637398,2.541490534395278,50,0,5,3,24.35622791554015,2,3.9358080588744673,No
35,14,Technology,3.0998418357294133,0.3,7.451095805551422,0.9505264187328585,4,3.0061388637140527,60.852698108448415,1.0146290006357317,19,0,7,6,19.150012072237356,3,4.800321360860131,Yes
21,14,Technology,4.1337367596917085,2.2326874038379345,14.675912115549746,2.1302224362405098,3,4.022623641880245,48.02127854035838,3.0714964721316167,39,0,6,7,33.970278874695424,1,2.5615634366660966,No
48,14,Marketing,4.705458938315312,3.168365542226871,12.834285782506765,0.9649215923526959,3,2.6805276031596255,65.8197994760175,3.494173339894626,37,0,8,5,31.08779927412441,4,3.420530863805037,No
27,14,Sales,6.1367208482529545,5.565367283276819,16.263236316751076,2.5061016305431694,3,4.897658233637388,60.677904417904394,2.473780391274552,15,0,9,5,23.373788208660464,0,3.4646457110386812,No
39,17,Technology,0.3082495143412,0.3082495143412,6.5062926375560775,1.222536444486326,3,3.3140661144912538,19.706596971105448,4.092406725200579,43,0,9,4,31.81942252760349,2,2.3006831026586045,No
39,15,Marketing,3.4698831359902185,3.4698831359902185,8.229965878924006,1.4046778897282086,4,4.684493576684259,46.04113333177414,4.720676899139542,35,0,9,7,24.28094465478891,4,4.4850399214557894,No
36,17,Marketing,0.45321732226711336,0.45321732226711336,8.198987809007122,0.7633143361495205,5,3.626017268706177,65.24974232176228,3.2287362345363375,38,1,9,5,22.538280605395038,4,2.0729903599138977,No
30,17,Marketing,4.478415946540132,2.3654960807527567,12.09423748220127,0.9609207163077004,3,4.5187831218362255,65.17927132022393,2.7076999168278357,16,1,7,4,35.122019347345635,2,3.5369940756952905,No
41,17,Marketing,5.223004253513096,0.535965420350923,8.528207211738893,0.5132099585265892,3,3.60342827482801,80.09467340673784,1.8956431420649311,15,0,5,5,12.264921053995073,4,4.2851110333338225,Yes
35,15,Operations,21.368797378854726,9.92218640245328,22.34187843728263,3.811809853979656,5,3.5225527893425035,49.02743705023735,4.392429964385438,54,0,14,7,32.00370723933762,2,3.7907508227605176,No
30,15,Technology,2.0499793017109,2.0499793017109,9.690723391365932,1.2421186726616673,3,3.2012352244008513,58.6988552537682,2.79293526045636,17,1,8,2,59.858942784999726,5,4.415957646344387,Yes
43,16,Finance,2.21780976242391,2.21780976242391,8.357917245641964,0.5603047172707399,2,3.1208491984696534,70.55343653934965,3.723959113456896,11,1,8,6,6.976590498368439,1,4.654387453535263,No
34,13,Operations,1.352295224807659,1.352295224807659,4.590154971043292,0.42527237001610146,3,3.393158370881239,98.29812724631732,3.5060290399958247,33,1,5,3,10.123129254562524,3,4.041939642463818,Yes
22,15,Operations,4.419731352590311,4.419731352590311,11.018196953010357,1.13534352576946,4,3.588326200287561,78.7520409776642,3.1141402489940915,38,1,8,2,35.43699488227897,1,3.17857901611362,No
32,16,Finance,25,7.561440381418841,22.762694467557335,3.9428064757538075,4,2.997006187724519,46.903833466948214,2.6008583796654117,41,1,11,2,11.719235250373261,5,4.179598871700929,No
43,19,Marketing,1.4714497991314315,1.4714497991314315,9.63676075449581,1.7643937728820025,3,2.4914595107933826,48.833817226678065,2.904498180528407,14,0,6,7,19.50118397114747,1,3.1351113530126424,Yes
30,13,Marketing,1.1500776703828361,1.1500776703828361,6.6035765760730625,0.8778733110786068,3,3.299745745752836,75.60173031728574,2.33956247179246,17,0,5,3,30.56699537532662,0,3.2427731986303177,Yes
38,15,Finance,12.333477664267093,0.3,23.671155680552697,4.585393536416824,2,4.412915231221843,67.38592245281134,1.9889234191637164,24,0,9,3,38.98091126440559,3,3.779652835815354,Yes
38,15,Finance,0.3,0.3,10.523523098027704,1.5565296451236719,4,4.4827283785556125,74.38267967381805,3.3822288726828056,24,0,6,6,12.531474418866681,1,4.51814037596338,No
37,16,Operations,6.338948934192156,4.892498275977111,8.53050811774822,1.6509831737168033,3,3.6852344824015515,62.62440604116899,3.091536709385364,43,0,12,1,47.85536605909994,0,2.7253447738537084,No
30,16,Marketing,2.60162211337077,2.33682373223985,9.037090169250158,1.4285246071302022,2,4.584714542809117,72.90292922296014,3.1069507262585385,51,1,15,6,47.6165203994056,5,3.4755069835729704,No
42,17,Technology,3.354398507523929,3.2772838643579942,8.856188119944735,1.1093243574220353,4,5,46.25858541888749,3.3057125328738426,55,1,11,5,10.80043600167306,4,4.094206464740576,No
47,15,Sales,0.5049907721785015,0.5049907721785015,7.876290787031369,1.4551009044699716,4,3.3957532959904397,40.55966760422259,4.290616768709144,36,1,5,3,43.96656360599439,0,2.818183112450341,No
30,20,Technology,0.31381135399861226,0.31381135399861226,7.6719511556796,0.9875970556348856,4,3.020550983053039,75.48027905758138,2.792133096193012,28,0,6,1,23.453368378929653,0,1.3299461731645945,No
34,16,Operations,8.507350665112194,4.368367768944291,10.18024948651537,0.7754631520776673,4,4.196686978444116,44.34875156073682,3.7967373651091187,30,0,9,5,25.454299239258976,0,3.888433530723687,No
25,14,Finance,1.9289119543757804,1.9289119543757804,4.900167336175478,0.49471269527012474,3,4.602711934259448,63.035272292141926,1.6044852555920601,31,1,8,2,32.04528615608677,2,4.114672031138697,No
31,15,Marketing,5.1854557243345605,4.656684643608913,14.594245172734288,1.8189788944068486,1,4.274598394583097,45.04989197772688,4.680371262250227,42,1,8,5,13.485821754743567,1,4.370471483045235,No
44,16,Operations,0.3,0.3,8.21621958050202,1.2970721084668901,5,4.099270821587412,35.09109443137853,2.623431129470465,35,0,7,3,20.07287896572555,4,2.5398350090586392,No
28,16,Finance,1.7578127337805869,1.7578127337805869,13.408766199885765,2.0043211719563208,4,4.207814765170362,15,3.011807558896042,31,1,7,6,10.799817367593654,2,1.782392550652686,No
32,16,Finance,21.19931324753374,7.6610164269072785,19.30476558628006,1.609370725794653,3,2.5065038857221,54.34677125297881,2.223047576775618,51,0,14,6,30.285128034908393,4,1.4440813273927633,No
29,17,Marketing,0.9371062668456257,0.9371062668456257,8.229977811667373,1.4565778371030937,3,4.109134387109934,64.0380131600361,2.5125569989839374,28,0,8,6,14.176847857688497,2,3.588297402528001,No
35,20,Technology,5.641450582493212,2.7006682315066413,10.15540797564807,0.8466854145749875,1,1.7152927683464256,49.3050445779937,3.5158329917549116,34,0,10,3,16.01549800463087,2,4.830178480597424,No
40,12,Marketing,0.3,0.3,9.864275239723256,0.6557419195887262,4,3.910500407328263,35.49727158096909,4.111504568371012,41,0,9,3,29.92292345553906,1,3.560549207726118,No
21,17,Technology,8.877841669493307,3.8486714631207786,10.546175468701914,0.6779134058782541,3,2.6912855417661175,15.17941786286337,1.111586832465396,25,0,10,9,44.20712723608438,4,2.8190188265029703,No
32,19,Operations,2.327381745047043,2.327381745047043,10.171631617854796,1.5044839842130207,4,3.3974864371509814,69.01393659307068,1.0751836159437524,17,0,6,3,34.711669521481106,0,3.7884904886840367,Yes
36,16,Sales,21.021967355033183,10.103906102028168,27.160787041741887,1.9706647726864839,4,4.622724625285621,100,3.9129212270946807,40,0,11,4,9.073604096843265,1,3.906879416134811,No
27,15,Operations,1.996615638511806,1.996615638511806,8.228434120739506,0.4774069619135554,4,3.6806064735973507,59.90507741892918,2.5159021552103673,27,1,6,1,25.341392792307428,5,4.75558857030603,No
31,17,Technology,2.761277287161122,2.761277287161122,6.485637047427544,1.1971246664287838,3,4.107725890501962,62.65828280800489,2.9124359530829818,11,0,5,4,34.08400532379993,3,4.98430137666544,Yes
27,14,Marketing,0.6536322903421076,0.6536322903421076,3.58,0.370367829334452,4,3.6867326012090604,78.05813462876921,3.38295846022726,40,0,7,11,65.97706544329466,3,4.81096939464759,Yes
35,18,Marketing,1.765059056647484,1.765059056647484,12.171149094603798,1.090043439678049,3,3.706384757429718,68.48453985791781,2.189801558463769,40,1,6,1,12.472019303287674,5,2.886342112971221,Yes
37,19,Finance,2.99036802453839,2.680848081445391,9.42655630381478,1.2104271772993282,3,1.9920250714268706,69.4074147813092,2.082429062983151,15,0,3,6,19.200380883026867,1,3.2346755525629725,Yes
22,14,Finance,10.343589021786794,3.5434312465330278,14.113198803015697,2.5053071341683775,1,4.487735839037922,67.59366958732639,3.7362863826683688,31,1,9,2,34.252581461421975,4,2.322750836851332,No
29,18,Operations,24.951108995307322,8.302150886784823,38.10274523373207,2.533505709326316,3,2.37977647627756,71.26346099502932,4.814623942380329,24,0,11,3,42.587360224614514,4,4.140872968186365,No
48,14,Sales,16.837906338017703,4.719581184829221,28.792380091335826,3.930547530929292,3,4.206999502536905,58.66389475342123,1,38,0,11,4,23.498611814726946,2,3.286165878509645,No
46,15,Technology,0.3,0.3,7.1617429433374165,0.8597578381299288,3,2.91910415161077,63.843906496344744,3.9001352565660743,44,0,9,5,44.853022832399205,0,1.8850475216622409,No
27,17,Operations,11.350966349020055,5.997596451391706,19.211949535944598,1.0962464610828249,4,3.3060458219759017,61.050188741378435,2.420274627609936,49,0,12,6,19.301657721256305,4,3.439999590370055,No
41,17,Finance,7.063499758909465,7.063499758909465,16.681670810142602,2.4177559041498484,4,3.988456712540717,78.25725263110569,2.573271055021143,62,0,9,3,43.120357866679605,2,3.532963288991728,No
21,18,Technology,3.8467764217761253,1.734068574097657,11.964837517548736,1.1528907055248692,3,2.8057863293279763,57.53066255381929,3.693485941343267,77,0,13,2,12.8311121071799,2,4.3684310937920445,No
36,16,HR,0.8889634759382312,0.8889634759382312,15.120565398931532,1.6342032712143166,5,4.205533865314322,43.817604880989194,4.104598649982313,13,0,4,2,23.94528444610497,1,4.129916755493478,No
38,17,Operations,2.156579307009124,2.156579307009124,8.669853969704908,1.1666094732723575,4,3.998158705918028,50.924794100715744,2.285104858939849,27,0,5,6,30.116656072797852,5,3.0698672637768536,No
35,16,Sales,0.6562622907228425,0.6562622907228425,9.634287203852121,1.2194170153960977,3,3.182277267141374,45.58114683552574,2.3006921361861834,13,0,4,4,11.207023257634066,0,4.0289445508383634,No
41,17,Sales,8.701251891554703,8.087645329910892,15.73529253312723,2.7054267492108033,3,2.598422727380046,54.43415630419524,2.9117885130449883,53,1,12,4,14.519758005009942,5,2.405472115749106,No
50,16,Marketing,0.6622007957708343,0.3,11.306069285908782,1.060370547071842,4,4.796866279335233,47.333758315935654,2.518452445787006,53,0,12,4,13.760525321608743,1,3.605562658434725,No
39,20,Marketing,0.925756193851603,0.925756193851603,11.985780817565313,2.162702150051691,3,2.806879399973652,50.33514079922947,3.6984517541091804,51,0,11,4,17.80987428628137,4,1.8484963815792235,No
43,16,Sales,1.1901344243681775,1.1901344243681775,12.248772713121875,2.359490923229836,4,2.647727994365049,47.88278118893629,3.7948831143430004,28,0,10,5,32.00425712447275,1,4.1284262977060315,No
36,15,Operations,0.5421188377783577,0.382054262299761,6.921012288156451,1.114625165204772,5,3.104243030725881,64.5814414976248,3.600179619698755,26,1,6,6,21.27463685519139,3,2.4226280705349774,No
40,16,Sales,3.8286977210205384,3.8286977210205384,14.48172914328212,1.5821058259240885,4,2.981593741574471,60.73402878830342,2.183899198701942,31,0,9,3,13.75694529444096,4,2.348164976051569,No
29,15,Operations,2.61471676982521,2.61471676982521,8.94452422713731,1.254625165583185,2,4.723716488787879,75.38250893506792,3.621761749653173,15,1,4,7,9.237238861940284,4,3.496111420405404,Yes
33,12,Sales,8.62148629524374,7.766019092895104,17.410448592304167,2.527738475753302,4,3.101545781019914,93.61095183236404,5,35,0,11,7,2.9078692268584407,4,4.089260063290658,No
37,19,Sales,2.546164666663929,2.546164666663929,6.951085395066306,0.46302029782154397,3,2.8104735793044284,48.62961464310173,3.6219162565335923,20,0,2,3,40.04049000795047,5,2.1324545956755854,No
38,14,Sales,11.214244412233985,7.9046238139061105,18.181166160965645,3.303964786408919,3,3.5091898508278185,48.46500302583054,5,27,0,7,3,27.141915297458066,4,2.9318410648250492,No
31,18,Operations,11.442588673639923,4.35701452243822,22.279577428607148,3.615462041889014,2,1.9894987484149556,63.55941779999356,2.971130424058558,97,0,15,8,23.90979161913081,2,3.1269541538547685,No
21,20,Technology,2.8909307153219146,2.8909307153219146,11.240133919221622,1.309338260775789,4,4.3914348813613096,54.25829019231829,3.1714033634905223,36,0,7,7,27.38815781021133,4,3.257078328374075,No
35,18,Technology,2.6549891489637933,1.893821914588444,9.073769509227485,1.5784288296842188,3,2.0839323637351717,39.96772174077161,2.0078903193036757,8,0,5,1,21.67122682308833,0,2.1095574703390145,No
36,18,Marketing,4.20537210809287,0.6774404381651462,9.181531801949278,1.440384292618211,3,2.8047169543273753,65.75343515972668,3.388600899691571,34,1,13,5,42.07386589893442,5,3.1548841899536066,No
38,13,Technology,9.626628593312319,5.55286766381056,12.500433827036899,0.9312167625625282,3,2.3827151020158728,37.37561515985065,2.910236467679364,51,0,16,2,11.719375636981686,1,2.3865365446849918,No
28,17,Operations,0.3,0.3,7.125985867040336,1.3756707201296434,3,3.5740793299406275,34.396730784340846,2.9042854670569644,18,1,6,4,63.6889116872376,4,2.9040867448446086,No
48,18,Marketing,1.0390997080226165,1.0390997080226165,7.841154261053565,0.461839011381825,3,2.0785735885937506,46.72122630445946,4.000378749925433,51,0,9,3,23.85127143453159,4,2.9715287368489385,No
39,18,Technology,3.922495632871686,1.3511591837129315,8.16897144701473,1.496473455181316,3,3.1834094362317447,63.064962597871286,2.7875718686108697,22,0,4,5,23.78637663415507,4,3.5295105178646358,Yes
36,13,Marketing,11.136804705843074,8.127537402269645,17.02485002777547,1.4865341589117649,4,2.60063533128315,52.2513378829377,2.8172387576040405,81,1,12,3,20.887029435016096,4,2.9608212897950557,No
32,19,Sales,7.07705218380192,5.567217622650141,16.111186656069393,2.9742152566160454,1,3.6573979178277845,63.30717351503587,3.7420468511297735,18,1,8,6,33.75635192693488,3,2.5230311363687448,Yes
25,16,Marketing,0.7549650780501896,0.7549650780501896,11.04792439411906,1.7288136518469723,3,3.613351415391927,59.165701474905205,2.9210858416381753,18,0,4,4,51.4229069641112,2,4.662764459108473,Yes
36,20,HR,2.8563611408611465,2.8563611408611465,13.353117702649264,2.196661343704584,3,4.915630562441537,61.17828295928781,3.5303007793870846,28,1,7,9,45.55909603576296,3,2.872045010223858,No
36,16,Technology,2.507199691431605,2.270906370143715,11.791000921952485,1.490565305068554,5,3.6887281769918463,39.86993737151642,2.3915190632225163,50,0,8,4,20.30331864822501,4,3.167488433638794,No
40,17,Sales,1.954367872789667,1.954367872789667,7.303877507678364,0.8411531843889293,5,3.520089754675548,71.87679319782619,4.217745951316572,42,1,9,5,18.891086905998,0,2.366574866508879,No
45,17,Technology,19.684318752982694,9.843909447121,28.664727511924745,3.4423390166485492,2,3.8051738821448056,57.19564209851918,4.311041571883776,35,1,11,7,45.395883906375225,0,3.5177099717319913,No
32,17,HR,9.274985780974266,2.952895158160512,13.180608568529589,1.2430932696956387,5,3.8194818149092273,67.12477335557351,2.8960310765760027,32,0,6,5,49.407055181266664,3,2.352583698129805,No
36,18,Technology,1.0671498084008286,1.0671498084008286,10.383431978751393,0.9513199158652865,3,4.614904629261117,88.90679728512437,3.9930159317983063,45,0,6,2,37.319732405329724,4,3.7294055733608342,Yes
27,16,Technology,1.1936615567189517,1.1936615567189517,8.080424157396147,1.2046152901605363,3,3.3702328133155293,71.94473258312836,4.688133326047834,38,0,7,7,38.02694182485608,3,3.458776414378017,Yes
38,18,Operations,4.497965109066622,1.8189911317128018,9.186083796035899,0.5874776359957172,5,2.917749802093432,92.4186788583178,2.7002640719577076,33,0,8,8,52.28862149703928,5,1.7728188534223648,Yes
38,13,Operations,10.953569992559746,8.83139453971375,16.77653560805309,3.272256499046096,3,4.297249623472267,62.492043095148304,3.3842724497611423,84,1,13,4,6.650940396880509,0,3.3899634527070144,No
36,16,Technology,14.411503219760771,6.307133769243791,21.609256379381065,3.525254258214235,3,2.9026513221562618,33.463643142476435,2.7001277169601168,8,1,7,3,29.114354339229628,3,2.9526940645756485,No
53,19,Marketing,5.155246547015477,2.118730912667295,9.74206399859811,1.4764292397906826,5,2.8330115959399382,60.709949927879826,4.498911516380658,23,0,5,2,15.93459698295346,4,3.5271199048028885,No
49,19,Technology,4.2087636675777915,1.6116402835964552,8.979031115887093,1.7772019718479022,2,2.693458972132981,78.14948837553582,4.503661231167039,11,0,4,3,28.971470585906314,5,3.7590770957201753,Yes
40,18,Marketing,0.6490492746227533,0.6490492746227533,9.409715088682177,0.8327404224188172,2,3.3895765208285464,56.802253436896336,2.5993436681575255,53,0,9,5,55.03199315563382,4,3.7931914872284054,Yes
42,17,Finance,1.6307922614024202,1.6307922614024202,10.362624340096536,0.5405616996008529,2,3.294147243993656,96.72968868945301,2.6985924669295698,31,0,7,0,6.9374796326146635,1,2.1942371314889724,Yes
40,18,HR,7.771409802595102,4.78506948144287,14.8071165566423,1.1040290823605234,5,4.088683825056477,64.86917880278186,4.196659684050391,45,0,10,5,29.627872343776662,0,4.912289164014248,No
37,14,Finance,5.7063863616029336,3.0461419372873553,15.694036840813821,1.804559017578599,3,2.78196318247615,57.63371353847845,2.929590341738649,21,0,6,5,27.61895492854064,2,3.985523954066511,No
40,16,Finance,1.8541442553587717,0.8063057198522746,9.751875690842846,0.8793337248917369,4,2.625092226382795,52.650157075364625,4.261511081201736,32,0,9,9,47.19315894369904,3,3.935935474533226,No
39,16,Technology,4.83540389220837,4.805593662582284,9.082737066317002,0.6817067475996181,2,3.0841989167089165,79.8646052872348,4.099684649488158,16,0,7,6,44.421639550365505,3,3.0629530203437776,Yes
30,15,Finance,5.393197444424341,3.025079509353569,13.404261668986221,1.7848136040997877,4,4.39388565829871,58.44220676599882,4.6145391046348,38,0,9,2,38.2522377083669,4,3.8396364845023325,No
35,17,Operations,7.862537834397427,5.632917489019636,16.148479603258213,3.1176790720369603,5,5,51.85524504254101,4.6933904657759316,34,0,9,5,20.348422563590308,2,3.414714650733138,No
38,16,Operations,6.386017491880463,2.698490714421235,7.996138097833194,1.3044360506610668,4,3.691566790260285,44.53327362982556,2.9882176458888203,20,0,5,7,27.217134349359057,4,2.597938478922157,No
42,16,Technology,0.41206597416412993,0.41206597416412993,9.340932905776622,0.8869086975566938,4,3.5010024019568924,58.41801599262726,2.4803931802904633,36,0,10,8,23.54094728003405,2,3.425253085744641,No
37,16,Operations,1.0756542374788274,1.0756542374788274,7.0616643570791,0.6500464995579246,3,3.6979420224485313,82.69183595957955,2.182717047438175,25,0,4,6,34.8395803689905,2,3.7253875753358687,Yes
31,15,Sales,9.125684143174182,8.329423454143052,14.544679923900691,2.2491561970402905,4,4.199469686716747,62.03389333190255,2.209903137643204,63,1,12,2,15.641756294858816,5,1.2572706881353914,No
29,13,Operations,9.115627259699671,7.303304677816237,12.221723434121024,2.151642120279487,4,3.4001485788888477,52.3357288952946,3.5025066457544365,21,0,7,5,15.469245025183966,4,3.341867256987193,No
46,18,Operations,7.666139533317119,4.877489820132487,17.22006097397021,0.9369482326976307,3,1.5973909435317826,53.404894429206564,3.4160869284761475,22,0,6,7,15.376881007512369,2,3.312846359019277,No
45,16,Technology,19.565455624775254,8.803920489886506,25.243393320437832,2.1000566819777697,4,2.3926119767913363,57.52432813839987,2.1970684314035043,28,0,10,3,26.68093593551951,0,4.42524916641285,No
30,16,Operations,4.543791632060199,4.543791632060199,11.580837165297414,1.0675192512743534,4,2.3999830361490524,63.02625252070546,2.82604777423052,35,0,6,4,40.7168641464985,5,4.962101092529494,No
26,14,Finance,1.8916608623528746,1.8916608623528746,8.31177875702642,1.0405618286276497,3,3.4880598244569745,46.425057764630985,2.8031748911187697,10,0,4,5,37.38110032086182,3,3.012345015160734,No
31,17,Technology,2.8671532841373586,2.8671532841373586,11.37731157245274,1.4419894419854686,3,3.3085553496920794,48.1211680702556,1.011970222392218,20,0,4,3,19.91467838165926,4,4.462603758730773,Yes
28,13,Finance,1.0112831470877601,1.0112831470877601,7.03336787885059,1.2915446474341288,2,2.7014738273825794,40.1527658315245,3.0752071400042835,41,1,9,5,54.94025761560871,3,4.56411886534862,No
45,18,Technology,21.650832119288207,10.672634389689254,21.48135334802807,3.5053450173960425,3,2.9828905376618056,39.382331698128304,4.203747536750568,20,0,8,10,27.260537342643495,4,2.471955650772717,No
37,17,Sales,0.3,0.3,8.859698722193652,1.3100778355026685,2,5,66.21616381153845,3.6119405315067694,34,1,4,4,58.4338193591906,0,3.970963522739897,No
34,20,Marketing,5.510387848041562,0.3,13.209453470770391,2.5713810191485726,3,2.690117478435317,80.59854191517988,2.105016764899211,26,0,8,2,21.612570292893672,5,3.2610588383426764,Yes
36,19,Technology,9.481055466386206,6.852738058932553,16.032037078044443,2.8548773734878488,4,2.038097299782068,48.29310396069583,4.008625436843948,15,0,10,4,17.390786525343984,5,3.2552941796236623,No
36,12,Technology,10.986011807039215,7.236104865787011,10.563278683653248,1.17225563362991,4,3.112182401027408,65.72141032291543,3.4297803972974394,13,0,7,6,2.9863421862144497,5,3.02945807924661,No
30,15,Finance,21.44877170052669,9.393070297285817,22.586729478900164,1.573228257218316,4,3.6045350018620903,24.159781326901868,2.5953863522540574,16,0,8,3,42.58318012737527,0,4.393508204376796,No
36,14,Operations,4.428595062276227,2.210887605412056,10.792712579337545,2.112387724583247,3,3.902024878540923,68.28671145947693,3.005305773853618,18,0,8,2,30.953452903279487,4,3.577918671441318,No
26,14,Operations,0.32063439001228394,0.32063439001228394,3.8274123971551397,0.6809140243047423,4,4.893916177430555,37.85386471212454,3.3812700392933963,26,0,6,5,25.559046876786862,3,3.79786928771473,No
49,14,Technology,2.9552406955004438,2.9552406955004438,8.240023582177018,0.43263935362732464,3,3.9345411321356476,30.590566623060965,2.0934487005584748,33,1,9,2,12.80413341750706,3,3.6260267030945457,No
32,15,Marketing,7.28254418214614,4.334574219199383,19.498446141384054,2.520941809368344,5,3.879402202291056,69.03114713967246,1.8935471064433864,26,1,9,7,26.991185454730367,4,3.372026417748313,No
44,15,Marketing,9.030625660651765,7.592053247858845,13.369495776130913,1.131305320919993,2,3.2947803093296053,56.41654324673689,3.51233626490783,84,0,15,4,56.37684064149476,1,4.039166694533837,No
21,13,Finance,1.4769065790106959,1.4769065790106959,11.824019212318122,0.6217711598333667,4,3.3982588087666437,68.03779794313941,3.3209996761048446,36,1,9,4,37.01364544313945,3,3.7656191382609263,No
31,15,HR,4.1659775525188945,4.1659775525188945,8.212828681313894,1.0726629068806162,3,2.5297500974085305,58.16238946294275,2.8062192187195123,48,0,8,4,33.21407963765302,4,2.195549907706306,No
44,16,HR,4.583310307359356,1.177975132698228,7.632500429586859,0.8356133390449473,4,3.9045394234944837,48.19944774738341,2.1943112167146777,53,0,9,5,35.10003764568464,2,3.2995586159627206,No
22,19,Technology,0.42185673326547657,0.42185673326547657,7.607271347448198,1.3287013450880267,5,3.9250784045166913,91.16296516093512,4.600547951627982,31,0,6,6,28.573936569235805,3,3.1685732439236807,No
23,17,Finance,9.888433256420493,4.944935090108425,14.899258591240834,0.8788070393769956,3,3.9801291984085854,61.64631320586155,5,33,1,11,4,60.80374193820098,4,4.585015371292815,No
57,17,Marketing,11.666395370983656,7.691155836003034,13.762515501147032,1.1701898691442694,3,4.078221353178703,36.38685714883494,4.119710213763652,22,0,10,5,18.459407655279733,4,2.2818556881918513,No
31,20,Operations,0.6017338326851044,0.6017338326851044,9.076976192897943,0.6793852776190485,4,1.683531802805728,52.251328393824615,3.096933240482474,18,0,9,0,65.11190484749334,1,3.9786351723905367,Yes
39,16,Technology,3.157276200864081,3.157276200864081,11.486715405160576,1.3831479924109396,4,2.350518701499345,45.854824278221344,3.726228824471005,27,0,9,1,11.36513186725064,1,3.6732210382907047,No
22,17,HR,3.221316290982156,3.0415103220977824,10.206749211673488,1.1525143172890577,2,4.002721699501809,48.244444023630514,2.5112731040487497,30,1,11,6,23.014867016209013,4,2.764413985678479,No
30,16,Finance,0.8373266124395701,0.8373266124395701,6.869834900664443,0.4567845352867923,4,4.160851050032714,90.62447273887156,2.8093618187756912,37,0,8,3,6.706170931236266,1,2.015036313743569,No
34,13,Finance,5.038132060401164,3.9503365950412195,8.331956423149947,1.4258784375315572,3,3.2166995892205374,52.71695745994524,1.7070372351557392,37,0,10,1,9.818817840978493,5,4.943107423591871,No
42,17,Sales,9.23135559713255,4.838855327801773,20.24244002163731,3.316278768828765,5,3.181724778845149,65.97494804246936,3.0941366665154355,41,0,9,7,25.337774872809934,2,3.0359484202261675,No
27,17,Technology,3.67732621440963,3.67732621440963,8.919422466238872,1.550252033927607,2,3.2034869828685086,64.93648696213506,2.8107838612748526,22,1,9,7,21.606144873513973,1,3.5666525774254074,Yes
31,15,Operations,24.491331842524982,5.911678892400439,39.63429921834315,3.266868341871281,3,3.807921357445543,43.62246103897504,3.7016707305742216,17,0,9,4,18.322400333435926,1,3.983615491945359,No
28,17,HR,6.641323220542377,6.004985402451776,11.802628808592535,1.4550879246985178,4,4.8847805422493495,51.61487182120557,3.7914860288494263,38,0,7,3,17.64691677743961,4,3.7625300529958117,No
31,16,Technology,5.95041309972631,0.8822698737116091,17.56331796919547,1.7601705559276388,4,2.2181280949537454,49.27579965726984,2.084443995067384,26,0,8,6,29.773878025893996,2,3.8245818784030043,No
48,13,Sales,0.3,0.3,7.932412250300488,0.9181051453540608,4,2.607693571178725,43.32077840584073,4.0353004594306086,36,1,10,9,32.70306596559333,5,3.00463038821223,No
43,19,Sales,1.9501003731747828,1.9501003731747828,10.937054970538078,0.6913916082874433,5,4.615482886908976,54.09881881695741,4.099253934957717,38,0,6,8,79.59080661708899,4,2.827791150974027,No
25,16,Operations,0.33542786227268784,0.33542786227268784,12.500358923055993,1.6073855789167792,3,3.1966397229837993,65.44298435343444,3.1094582084996047,29,0,7,3,26.456805145097153,2,3.81919969622198,No
31,16,Operations,1.3184938431034556,1.3184938431034556,7.275089201606224,0.790577416858427,2,4.844862631256436,50.08539543906484,1.9967547078696284,17,0,5,2,67.37561924641072,4,3.574141734570152,No
34,14,Technology,1.4610095350777825,1.4610095350777825,9.174310405940432,1.7354154184931416,3,3.19466834001705,59.4493046608073,3.696540530829469,16,1,7,6,20.01339025378861,2,5,No
39,17,Marketing,0.9840043873021063,0.9840043873021063,7.0381775840615655,1.2156099850029911,5,4.606445984222527,95.56302687210373,2.211504123784989,39,0,7,8,34.9403946160756,2,3.8076340288765738,Yes
39,14,Operations,6.106952822477126,2.9502618075309472,10.180707403698577,1.228213588587384,5,3.837326751817622,31.5378227204359,3.307298850872994,21,1,8,3,27.919108510784138,3,3.001913024699154,No
33,16,Marketing,0.3493771457120541,0.3493771457120541,10.056326138067778,1.3852397582488785,4,3.7837892637059,55.43002354000564,3.9902976394663474,89,0,13,7,13.355145750771333,4,3.6291165758247885,No
28,15,Technology,8.019178762472668,0.9755572293515747,14.805721449374559,1.0246724039025321,4,4.0009968268517895,89.13335689677304,2.394188677360861,33,0,9,6,33.52375596918912,3,3.1203743658853345,No
30,16,Sales,8.589782797760398,4.081836533673655,15.523823964321,1.303026017999208,3,3.3721142028235045,36.369725082044226,3.1758937133276595,33,1,9,1,29.12142662504966,1,2.717787236201395,No
28,15,Marketing,13.861549524414977,10.20109133020817,18.438260066348054,3.442501249378562,5,2.3238310279918464,33.48670187310783,3.9732161163067725,35,0,8,4,36.40350676727203,0,3.6810233359902784,No
31,16,Finance,10.196130636623197,6.777929576241491,13.961987362120212,2.0997236862449125,3,4.877019752847984,43.631985910638505,3.9162452210132357,33,0,9,5,31.926172841366746,2,4.085973415783223,No
38,15,Operations,12.398320619581813,2.095635217932534,13.767051636764208,1.6116199347173115,3,3.896174524155273,87.66638448983934,2.6811700439059902,62,0,11,7,25.404131797714577,3,2.907083437295329,No
27,16,Finance,0.8088103747561918,0.8088103747561918,6.2100544026544675,0.4891148056751891,4,4.417970000114243,71.05198574080212,3.099959178861276,25,0,9,3,15.52011284410725,3,3.9431597510358696,No
38,16,Technology,20.431842753737076,8.707698985542025,22.572242778889294,2.14749352307856,4,4.0019607187325,40.65728719679903,2.9926526290839814,17,0,11,4,67.36487557783639,2,3.0684360434637097,No
42,19,Marketing,8.088802229165116,4.557450364905591,17.51967055301669,1.2491023459547812,3,4.096373844474106,49.18640978236956,2.102076126627528,14,0,7,8,14.090214392620982,4,2.5279740646569966,No
33,14,Operations,8.022132705540727,3.920881407922694,10.0736247039545,1.4204223304450094,3,3.6955446881880123,51.46764849146923,2.416746104459105,23,0,8,6,52.00427720563154,4,4.214031036940566,Yes
24,14,HR,4.740551105748514,2.0001980732697775,10.279159653488684,1.938931126401428,3,3.2064635472023264,53.343482099128366,3.5243425927917,41,0,7,3,50.12757465217912,2,5,No
47,12,Operations,3.757386824460217,3.757386824460217,11.628846311043668,0.9495737586372945,4,3.7221228615221014,75.39110267680026,3.5922075144950525,41,0,8,3,37.43840448679543,0,4.606548231062734,No
41,16,Marketing,0.42646750710183745,0.42646750710183745,8.725621939167674,0.6744512467373409,3,3.175990096579849,86.32278449856712,4.0018406789477545,30,1,8,5,36.88773559118838,2,5,No
36,15,Sales,5.6200893990338106,5.6200893990338106,9.590944396105746,0.7816237322890729,3,3.793232242455777,52.56433618096069,4.51462835048643,62,1,12,7,29.658333214225976,2,4.654174557910769,No
29,15,Technology,4.296628595447648,4.296628595447648,9.956909279977149,0.6718071782069194,3,1.988210317741765,67.16188757610686,3.1137246006983825,27,1,6,6,21.350516043394677,1,3.2583052034203672,Yes
52,16,Technology,3.4530185054065212,3.4530185054065212,11.844339556703735,2.1746921279138656,2,3.528323267016491,55.17988003919702,3.2993390176192796,61,1,8,7,15.72726255747836,4,2.130766443553834,No
44,14,Marketing,5.745347168820195,3.8251215409155583,14.031650299902203,2.376550185322899,3,3.2197891575899305,70.5740169774335,3.387921481913952,18,0,5,3,17.619490698720675,1,3.848092432645313,Yes
31,18,Finance,0.9244228558655051,0.9244228558655051,11.468423562190917,0.9429356536384021,4,1.6119566416603044,41.77730464192719,2.494905964009123,27,0,7,6,65.70483421018592,5,4.268551156233606,Yes
29,20,Technology,2.4715272500944914,2.4715272500944914,10.666017519304152,1.1053132799250887,3,3.613579609851122,93.07818035437168,3.218648659497627,52,0,8,3,40.43951984145771,3,2.845436243940267,Yes
38,15,Finance,3.0612133461115008,0.44099587219084957,15.779866122990562,2.6750527047492874,3,3.8569351085118915,53.83039935712997,2.6971194638866334,28,0,7,8,13.043071964082893,5,3.696466723038079,No
32,18,Operations,10.769747563239552,5.778966766042728,11.050339335021818,1.967898309109877,3,4.591031547654763,70.37208031081845,1.0153358535129686,21,1,8,4,17.6089514232799,3,4.634657329200085,No
33,16,Technology,1.7729301774140174,1.7729301774140174,11.24903510338061,1.921914212580634,2,3.0026087116090485,49.43805381621665,2.7909529929269685,21,0,7,3,37.706986097533594,4,4.262183403843583,Yes
37,14,Technology,3.0405404802987235,3.0405404802987235,12.856715050684183,1.0248130551849695,3,2.296009409952738,60.25804404583923,2.5957450125037522,12,0,6,4,39.51143279080606,1,3.1225741689505337,Yes
38,16,HR,4.172758064369745,4.172758064369745,9.205483528470221,0.6761954518035352,4,3.098406389084803,70.50883187872172,3.4918916246864056,43,0,10,2,25.743004220889677,0,4.551333248633085,No
42,17,Marketing,3.6417587076791644,1.5767613749223957,11.7576968261323,0.9744173963506504,3,4.713869226853038,71.93626515284677,3.578724410817925,12,1,6,7,11.909791064727033,2,1.5972215930466886,No
44,16,Technology,3.061346735101268,0.3,13.035871370609499,0.9651377349194628,4,4.709546548203512,53.368232394135475,2.276334867384579,11,0,6,5,13.37371189252198,2,3.407371198154262,No
32,15,Sales,3.990500204833952,0.36667792398836,10.505066231611181,1.095474383739062,2,2.694217305990771,45.863764296519086,3.6011875281125665,33,0,6,3,28.43740780468328,4,2.240441584901262,No
31,18,Operations,0.31840290324672105,0.3,10.08488180335316,1.6838222749108496,2,2.301342221250672,79.94241876495978,4.093431003583066,6,1,3,9,7.735500744922655,3,3.3365160057161045,Yes
35,14,Marketing,0.32275646612222036,0.32275646612222036,6.673761710398108,0.7222829169990463,3,3.0942886384295876,40.568674055411364,3.1922270957138985,16,0,8,3,56.01453686851265,0,2.6426499633368103,No
21,14,Sales,1.1996068286497998,1.1996068286497998,8.002229465729293,1.3731710051682369,4,2.9079650568524946,76.55697100985815,3.511651770361673,41,1,8,1,29.023670739695827,5,2.845700741910995,Yes
28,16,Operations,2.856461825679104,2.2885504505321657,7.417206326363696,0.8141801998506926,4,3.5781370514192106,71.7524323040876,3.5417487549460276,38,0,9,7,23.331602245209304,1,2.5844279070032394,No
34,17,HR,0.4097115345399304,0.4097115345399304,10.344931398102796,1.5606315589804072,3,2.935725764692212,48.75727526526128,2.593085949669161,21,0,11,7,16.313924392061438,5,3.284383443036521,No
34,14,HR,6.111396579031553,3.56918075571398,16.916775979610943,3.2175539098588315,4,3.7099689590573663,49.53575997777475,3.895257569492962,31,1,7,5,29.756246034500606,1,3.1697353171975147,No
31,12,Operations,6.12290792363665,4.266733976497513,17.30700610310573,1.4666133899343723,3,5,36.79923569153141,2.403958308809975,26,1,6,3,50.23832297528907,2,1.9547554359696662,No
31,14,Finance,6.385315488929167,6.385315488929167,9.891031251602863,1.7750922696017934,4,2.5076135090125895,81.23997912144165,3.598950645327821,9,0,5,4,21.69601299490129,3,4.265405718916788,No
32,18,Technology,12.378789415268075,4.392505648814209,16.898427449978342,2.643191817226881,1,3.0340517094494626,88.67518586874898,4.098729685493532,18,1,8,6,28.238710504338506,4,3.3627815824092555,Yes
21,12,Sales,4.964690297776837,2.1276052037391513,12.266279766802171,1.5559677940244128,5,3.575531437368827,83.29709658934127,3.5042072566793694,36,0,9,3,15.829607093865166,3,3.6218156417603247,No
32,17,Operations,2.6628381676310218,1.273799898170819,9.785361551335752,0.6668165307100798,5,3.4960345623243447,16.626179561668884,4.409674526655341,13,0,6,7,18.613390514447477,5,3.139172180879208,No
27,19,Marketing,5.41063464018604,5.41063464018604,11.517579705934361,2.0191458659422357,4,2.9078162720955785,40.4662093023739,3.124870588987177,30,0,8,3,16.046039146044127,4,3.7339223488533646,No
44,19,Finance,8.322407976807556,3.656682498326449,10.657983681639147,1.7565349986429342,3,3.4991429446826787,58.48127774105765,4.48769309361404,35,0,8,3,18.957727879359513,3,3.505625748162754,No
28,15,Marketing,7.4124251317107195,4.151961350324417,12.134725819061087,1.258134642880728,5,4.18913712397095,65.30095865061428,2.797887467350622,27,0,9,4,24.828258459766175,3,3.160449327947173,No
29,16,Sales,2.9538200897136675,2.9538200897136675,11.785895923012697,2.1243303131508524,4,4.621184859899981,71.50606685951753,3.8521644742842995,41,1,9,4,17.551147789387915,5,4.691414196744205,No
46,20,Sales,3.7234063286441916,3.7234063286441916,11.186244473165155,1.4845693626929832,2,3.5851371492334034,77.57536698077678,3.2315719690764477,30,1,8,9,34.38532214254131,2,3.9190762941401824,No
24,16,Finance,1.406736250188337,0.30772204602134334,8.164976529604736,0.871044798131504,3,3.208910905786075,64.52473851424827,2.656732139410322,21,0,7,4,40.37147735770054,2,5,Yes
33,15,Operations,0.5840360804781194,0.5840360804781194,7.15672469295669,0.8193941230857202,4,4.904259747537266,63.74213427595753,2.207787439985601,17,0,5,4,43.903325539814844,4,1,No
36,12,Sales,0.3243721275605521,0.3243721275605521,7.988625081324501,0.9271199155912071,4,3.7016688858340663,63.42252402753572,3.5859844320113536,23,1,7,4,10.061339738245175,4,3.1230711340925885,No
41,15,Finance,13.097454521215848,5.469487405140533,14.509279927599131,1.2024306203588428,3,4.3079743990954436,52.14375256680176,3.1968372189820746,45,0,10,2,12.608461183792496,4,4.41714128157705,No
43,20,Technology,2.3766893320364564,1.8900442634473225,10.40382612319517,1.692003775257773,3,4.981561696918209,27.796174882385955,3.9064855994411127,28,0,4,4,24.44527410839774,2,3.31699255283806,No
33,18,Sales,5.401866178526008,0.7652899785450994,9.2633746452526875,1.11335936660797,3,4.483015021372766,62.36952817889655,2.2025846291129687,67,1,10,12,2.5322677413887713,2,1.4158020308294308,No
24,17,Technology,4.869320541295647,2.8496786594006065,9.253920802128276,0.7369728917474628,3,3.203946402048173,36.6476781108087,2.3900029977717545,17,0,8,5,47.05758712365625,3,1.977980293005485,No
39,16,Sales,0.5652424956100837,0.5652424956100837,6.574381223796675,1.2432854934272242,4,3.6038306371211744,61.67684460460117,2.691797700590091,32,0,8,3,8.45435334417228,3,4.975787296966683,No
21,19,Sales,2.964971709339238,2.964971709339238,14.289401487537953,2.0485326833173567,3,4.169236956762852,78.28419586503655,4.014814710804413,37,1,6,1,23.087437604793696,4,3.578269753384651,No
28,18,Sales,14.075755737032832,2.1683219440090293,11.232873715067528,1.860869635631607,3,3.0125016274564445,62.08911296430052,2.328239922871233,63,0,14,5,32.32538754953148,5,4.318854621311981,No
31,17,Finance,8.200971697000387,4.547383160382624,11.66038639453472,0.5881744431891743,3,4.694318017791892,57.52209946267567,3.4744008009102916,35,0,6,6,64.29387909660976,5,2.873077364260715,No
44,17,Technology,8.650746267816162,2.5682277037673886,15.684285993991992,0.9620064475622453,4,4.702627417969564,66.0032764324035,4.694355429277098,22,1,7,5,30.66477806979856,4,3.187872986969553,No
40,15,Technology,3.4315852310254296,3.4315852310254296,7.535762247852218,0.9605925256136875,3,2.5164113653527176,48.40874990083354,2.774059028017644,52,1,12,5,24.022825039728954,5,2.9590470125270425,No
46,16,Finance,3.823316982038245,3.823316982038245,11.911919316142757,1.889601581307728,2,3.160359602287881,41.10141228315626,3.1110174216103372,38,1,9,5,14.995960372562598,3,3.5389898657150516,No
24,12,Sales,4.222221671790396,4.222221671790396,7.518976549872033,0.7376473228624535,4,2.3178775237218603,68.41384152900994,4.700467400692664,26,0,6,4,12.041969596044243,4,3.9308097435568987,No
27,17,Operations,3.0554930660017883,3.0554930660017883,14.668945774171384,1.7687406754743105,4,4.886396150227526,53.658966127140374,2.3765603003180913,7,0,5,1,24.594790200492454,1,4.408424429399019,No
41,14,Technology,24.988212550389324,11.476023764054212,46.511558264928766,8.454014584896226,4,4.016055241536542,36.90377420103048,2.08919192681046,30,0,15,5,31.811461422079397,1,4.4471900517319245,No
28,17,Technology,1.279126493513722,1.279126493513722,15.37459856912111,3.0423331125630013,4,3.980706152988111,78.15193462906576,4.082926316873439,56,0,8,4,38.16864468837212,1,4.95580072355108,No
28,18,Operations,4.82669938368368,3.8407556519737205,11.23366575712118,0.5936048184530385,4,3.890490378497147,62.014464433358185,1.781370240571849,11,0,5,1,23.19771293827348,5,3.762387057038185,No
34,18,Sales,8.18097805586445,1.0250363746535693,15.034045429828137,1.288553182972362,3,3.706685979390528,64.70090336396453,4.321518736033357,36,0,10,4,38.46594089332652,2,3.5365347675999486,No
50,16,Technology,0.6741505671541546,0.6741505671541546,10.881754203119513,1.4534850193792102,2,2.502035868930095,59.61262931561998,3.1008620217298777,47,0,6,4,17.849201777764076,5,3.7838201695703786,No
40,19,Sales,10.63856730717953,1.9418308928869472,16.98329866211064,3.355431388649311,3,2.696135604463311,58.05257970305155,4.114863731277084,44,0,11,2,43.84522329660899,3,2.6607707360519344,No
33,18,Technology,3.2515075227285926,1.2556232795011784,6.469528738351794,0.4165381364226264,4,2.3954835129932714,44.36326838899892,5,10,1,6,4,23.107425335950545,3,4.559783234152347,No
30,13,Finance,4.568953617553941,3.0023814589143853,11.763637356746584,1.9118808428446048,4,3.588558228306053,44.34391499577297,2.6997998455345593,28,1,7,2,21.449356597845025,3,3.4538603628697016,No
37,16,Technology,2.0896108732562384,2.0896108732562384,10.0053857840924,1.6644918312215493,4,3.3228075004639237,54.98716686666476,2.6151086875607583,33,0,9,8,11.52440910008161,1,3.0111464750169645,No
41,17,Operations,1.344300333166087,0.5186815271619755,15.475558511935875,2.6698097614700407,4,4.315980565275952,69.57452022792499,1.408633472749852,29,0,9,9,33.64128301622476,3,3.06885863117336,Yes
24,16,Finance,1.5670897816645637,0.9371788116653139,12.696637338916346,2.051045661691587,3,3.0199556465811925,52.78885009580865,2.7955973452464913,61,0,9,6,35.2836084772661,2,3.2425211044741036,No
38,17,Technology,0.3,0.3,9.80136712792524,1.3917457082703824,2,3.2143022391227882,76.88343438794652,3.0005698193449257,20,0,5,6,29.743798889171043,3,4.993406814736208,Yes
21,15,Technology,1.7312105515085832,0.5108804769917532,12.352447451212841,1.6439139044574445,3,2.83057626641805,79.34693718190647,2.278889729678831,36,0,9,4,23.613816134281276,1,4.176942255980397,Yes
36,15,HR,5.819512434374946,5.819512434374946,8.005642676790005,1.448757769457754,2,3.796527565386852,64.79828557502199,2.0998904585555875,45,0,10,5,34.64528593624876,2,2.2690797601535233,No
31,17,Sales,0.32469254422615484,0.32469254422615484,8.573120222595279,0.9057110751120975,2,3.2287969871832316,42.453942847353424,3.7044196542814642,30,0,8,2,16.704186872302824,5,2.337005249587497,No
29,17,Technology,3.0207247268556934,0.3,6.900818017667118,0.6028416475324768,3,3.4716285678023477,51.87702129256863,4.015367974028402,25,0,11,7,19.2147143129583,2,4.131499969368042,No
36,13,Technology,11.639068127919058,1.7481639982395616,22.133122618204624,1.8351307596902167,3,2.0600692271389973,62.313804072766715,2.4940260980182005,18,0,6,6,40.20620725458422,2,4.985143527650434,Yes
40,12,Finance,0.3,0.3,6.294940399699374,1.1394835315105558,3,4.012214964315693,59.73080441510664,1.917237272550091,51,0,9,4,20.843535941142132,5,2.39085768695555,No
27,19,Operations,5.925293073847655,4.253332628956013,9.569393316166746,0.5255048424435406,4,2.760543318483217,71.6371847590043,3.433590316838341,41,0,7,5,25.176656697944253,3,2.2889161327348195,No
30,16,Operations,1.8806487513981847,1.8806487513981847,5.464444267879705,0.3992080757113759,3,3.2100860250066883,55.69678589931732,3.1389239060289214,25,0,7,5,18.100010601719095,2,3.566044752547668,No
31,16,Finance,5.161825030950019,0.8842338684242645,7.36240459083986,0.9947073305097603,4,1.9273766785729058,32.04506816764412,3.4115210550839983,38,0,8,2,49.16751949911249,2,3.074534350375688,No
42,15,Technology,0.3,0.3,6.8031348880446885,0.9649003595650867,4,4.998647300654211,87.40813656214085,2.406634909983847,35,0,9,6,80,2,1.6840558534522194,Yes
28,15,Marketing,6.567372514461251,6.567372514461251,10.844983749932014,0.6541799603707108,4,4.69780131795369,52.32828232134573,2.7960367248176574,50,0,10,3,42.61735119873972,3,3.743667487924666,No
46,15,Finance,0.4318854176232233,0.4318854176232233,6.069054034313836,1.0680873130268769,3,2.6486879170940987,83.30064016956534,3.2193144895870796,30,0,5,5,25.3980769987134,5,3.3563472393314737,Yes
38,16,Finance,1.4571827953317376,1.4571827953317376,6.656128465487609,0.8438443823345202,3,2.8835349876465672,79.9766553468108,3.8824583808483037,10,0,6,8,35.035667432191524,3,4.230525871161498,Yes
21,15,Sales,3.278525580391382,3.278525580391382,9.375759897279869,1.6962624922832195,2,3.904752532401835,89.72214411139846,4.302447768524524,29,1,9,10,34.46053023939735,5,3.7264847968039994,Yes
31,16,Sales,0.6744894994713214,0.554678388743565,10.521836651772007,1.4730268418930528,3,3.794741232928419,53.61579065970912,2.491946638792759,20,0,8,1,79.89529694896305,4,3.3036406896600967,Yes
43,15,Technology,0.9371739949859467,0.4041981975439609,10.087526750641963,0.6932804923314552,4,3.206202736482602,37.492940538032464,2.804652770701084,41,1,6,3,40.26774812716687,0,3.5037428778196076,No
47,16,Sales,5.742613125304188,3.8794700205170334,15.202645350063358,1.5744535619619031,4,3.892533338218775,44.83456404981583,2.5103183403619553,32,1,6,7,41.53943323463145,0,1.8015733062361197,No
29,20,Finance,7.454854484788488,5.092159910251633,10.832090347228547,0.6741385287040704,4,2.796950046278255,73.28053581384724,4.412717909297625,39,0,8,5,12.984144961320876,3,2.961448513409866,No
44,14,Sales,3.108912988764686,3.108912988764686,15.4083682703715,2.942893962741933,5,2.78465307212518,68.50251605556444,1.2973063295717047,57,0,8,3,5.662310046851519,4,3.6260380875587925,No
21,13,Operations,0.9234426270385114,0.3,10.035230646753057,1.6732956295173258,4,4.226301977443824,67.12890758021062,3.302015459747009,86,1,12,2,19.136011428548738,5,2.977869318331779,No
21,17,Finance,6.885313176073926,4.214939802552605,10.10990287495325,1.7601063907166363,3,2.706570860109479,28.268846115404454,2.9152430458719416,23,0,5,4,22.790384998410513,4,3.141151980566528,No
23,19,Sales,5.112555326770597,4.046548593687864,9.26242968394495,1.2501959305935064,2,3.11584658428223,73.50192039583935,3.18956107663056,7,0,5,3,41.74433414717816,4,4.06483571184807,Yes
26,19,Technology,1.5869324512883851,1.5869324512883851,12.111030683651007,1.1195761272267306,5,3.1839311535266273,61.41042151429228,3.737810718680897,40,0,9,7,34.256507303000426,0,2.188891490472547,No
