Age,Education_Years,Department,Tenure_Years,Years_Current_Role,Base_Salary_Lakh,Annual_Bonus_Lakh,Job_Satisfaction,Manager_Support,Workload_Index,Work_Life_Balance,Training_Hours,Promotion_Last_3Y,Projects_Completed,Absenteeism_Days,Overtime_Hours,Remote_Work_Days,Engagement_Score,Attrition
21,17,Technology,5.142470095189786,5.142470095189786,13.503452808182068,1.4419186072099148,4,2.988995657506344,69.45162057836976,3.0922700265042455,38,1,9,5,9.12861323170053,3,3.922187239076043,No
45,14,Technology,4.240177337035223,3.362950212944457,14.303385864457592,1.441083384393524,4,2.5801194672290886,44.31113466388136,3.5125594259364457,20,0,5,6,18.244320131742434,0,3.4454426249536323,No
29,19,Sales,10.358339338221382,5.59912062382231,16.27596070511544,3.2123124572641784,3,3.823803959149134,45.73414281582498,3.3037544859288652,21,1,6,6,22.404666608775713,4,2.31962677035839,No
43,18,Finance,0.7973794579449427,0.7973794579449427,9.074254099528282,0.4964368936202422,4,3.791304352033956,59.69390870113969,2.874246138854842,16,1,8,7,58.45513967536759,4,4.7658091915039975,No
29,16,Sales,7.720761312370045,4.55909476942577,9.421547252337797,0.4681455681606764,4,3.327100712548244,50.95831576089427,3.393986106365444,69,0,11,5,48.61892060209048,5,3.948600324375321,No
29,17,Technology,5.4211555231500155,1.0793697424360504,10.975191396519179,0.578372896552673,4,3.491106648657566,79.20885916909212,4.52041409405191,17,0,5,2,24.79190442231448,3,3.2317399065054673,No
54,12,Sales,6.175564638855212,6.175564638855212,12.877230268014914,2.154843256598646,2,4.786386238040604,35.43533187727336,4.0081502851361215,18,0,6,9,29.833444952508096,4,3.9387047045217245,No
41,17,Finance,1.8356602481125428,0.3,7.8974439381422235,0.8880087440082434,3,3.2974940068690652,64.79669494606937,3.472512886029162,20,0,8,7,20.29569823613155,4,3.563580227264191,No
44,14,Finance,5.538620683734112,2.7181628178195143,14.32875483991989,1.3132811258191872,4,3.504601068978253,32.7391289933848,2.8055120236937134,26,0,7,3,28.482772645471012,0,2.0184674817759727,No
40,14,HR,6.030310806181556,6.030310806181556,13.889442399572342,1.7278128631208134,3,4.301124068789297,36.96442689262511,4.9197343701695235,34,1,10,3,15.77486967641123,2,4.376383944632862,No
42,15,Operations,0.4816338522053206,0.3,11.30279372182274,1.8934476223033176,2,4.878919930037116,79.28271259278766,2.092787318607961,18,0,7,4,30.904689696000446,0,3.4091525840046053,Yes
27,14,Technology,5.377720565343067,2.9859752940222446,12.124308423716926,1.2103863882827428,4,2.903721254804244,89.70052326547963,2.8031117167186648,21,0,7,7,37.47122773664826,2,4.164689267759914,Yes
27,15,Operations,10.571307642189561,3.6594121535267394,15.768337462458692,1.29442516252473,3,4.514106279763622,62.64662222145175,3.8998444080176364,27,0,9,3,5.395813216335424,0,2.9723258022850545,No
22,17,Sales,19.279505153236727,4.182146065192473,21.93546109118011,3.177652818433762,4,3.7046739559552377,71.10683564096841,2.3148096274239576,30,0,9,3,11.740061332654323,4,3.8028926406188592,No
39,16,Finance,23.18639849127018,7.133389090214516,19.626235172807423,2.4962394034519955,5,2.6096161780867275,39.4967967267656,3.906077908699573,24,0,11,3,42.5914633740554,2,1.4519358764159407,No
32,16,Finance,11.96607835819508,7.560117844514057,19.908614337629665,1.3796272374118568,4,4.09730808201548,43.27890982066943,3.064297595434438,19,0,9,8,79.11142124290662,0,3.454474493699802,No
36,19,Operations,4.948275508677944,3.2721953031185778,9.44810388427379,1.3053602865398466,5,3.279056239215859,66.46777609102978,3.0327736625881476,32,0,9,2,50.47090141914479,1,4.9324957497088135,No
49,14,Technology,7.781501202134168,0.3,19.11554121311188,1.0512773691082637,1,4.610033272145151,60.845362652487886,3.3947378494542555,13,0,5,4,7.551816757660868,2,2.4966856819413654,No
39,14,Finance,1.5020966012455927,1.5020966012455927,17.009816042380294,1.0334256162939572,1,3.1528350053464034,78.04537054892407,3.210373088569017,32,0,8,3,19.81926717905298,5,3.312262467911471,Yes
36,16,Sales,0.3040813036024084,0.3040813036024084,7.8722303064427805,1.1630173910904325,4,4.205850248774383,54.203625211239725,2.812279174205423,36,0,5,5,27.354236529660948,5,4.083664695168042,No
43,15,Technology,9.448231268993437,8.696009438246493,12.82234731384134,1.2861561392770988,2,4.090014748179831,85.98370013245774,3.5956905109704955,16,0,6,3,33.917173505068284,5,4.437634502770096,Yes
35,16,Operations,0.43803189803039433,0.43803189803039433,13.31310681054054,0.8922484694914031,3,3.4930355454032758,71.7370755022698,2.2898541018009273,44,1,5,4,12.456799393987993,2,2.6295070440113935,No
36,16,Finance,1.3148573611781071,1.3148573611781071,12.09014967822583,0.7570259665777468,4,3.9247878409964856,76.45964535241747,1.5722059348835735,20,0,7,6,25.054013978320295,3,3.5085685278997647,No
21,20,Operations,3.0897714696400502,3.0897714696400502,6.145745512851847,0.5601219590204647,4,3.2178597449656774,56.126760876894934,3.6913775820479517,67,1,11,4,57.56624302819529,5,4.1748928589946726,No
24,19,Sales,0.7699681106478672,0.3,11.626062437294246,1.4586474764342139,5,4.0994584677227115,79.16864782296737,3.714992758869845,15,0,4,6,18.412870389609335,3,3.6484954367921385,No
31,18,Operations,1.1350228489063323,1.1350228489063323,8.498528452140599,0.7795705446107264,4,2.8018650443775592,40.75654280585763,2.6963439674189136,22,0,5,5,22.441502840665205,1,3.9849118406182895,No
46,14,Finance,1.8603591640023158,0.3,11.799376913815589,2.2813800061158847,5,2.600394560286773,53.91099348213436,4.525217627560495,22,1,6,4,30.96069844692398,3,2.3784723707279607,No
47,12,Operations,3.7438533160901333,3.7438533160901333,11.8652667314953,0.9138936319407174,4,3.715757956783741,75.46919798757646,3.595401557638438,42,0,8,3,36.474067179283104,0,4.603782279376827,No
31,16,Marketing,2.96214290675968,1.4154017032250226,12.784148998787163,2.364734704771155,3,2.317608030440859,82.32937926929135,1.2220348709677376,12,0,7,6,10.672521148757331,0,4.368077345228507,Yes
37,20,Operations,2.5504332554766647,0.3,8.339718144162532,0.88601621383513,3,2.902643741835829,68.13060537346284,1.9998567491641477,57,0,12,3,21.995578261840617,0,4.098936572770903,No
49,16,Technology,1.5048365518249909,0.3798977867071535,5.9234738116292744,0.980669281198193,5,4.398075929620445,43.813105105979886,3.7973448908944114,36,0,6,1,6.741641908867239,2,3.6717519141017387,No
40,14,Technology,13.244206902554144,7.8162198773179545,12.647534349657628,1.2317418871022559,2,1.6833490291220992,50.55755272318707,3.5241889133002444,42,0,9,7,38.018822872926094,1,3.0468052390864817,No
34,17,Sales,25,7.627142075380513,22.14413006090862,2.2188407916068367,2,3.223910359308204,44.63509945768446,2.207653438359558,35,0,12,5,26.027283643914153,1,3.7403029433476878,No
29,16,Sales,3.0020689851387385,3.0020689851387385,11.77912242881847,2.139516468229816,4,4.58334963776207,71.29937362685895,3.7761665034697165,40,1,9,4,17.934484173532084,5,4.681381894433482,No
26,17,Sales,7.139385804776828,4.040311220991435,11.479340681179886,1.0677479454180425,3,4.884041050585105,87.04436249764166,3.69871519241677,50,0,9,5,43.58749324361556,3,2.8578853896883927,Yes
27,15,Marketing,1.010351861697463,1.010351861697463,6.811567025149974,0.7865846467053403,5,3.7949424098524087,68.26735240442336,3.7854394413708334,24,0,6,7,14.234310284124728,5,2.926405836268373,No
45,18,Finance,3.166029975650947,1.2547266413456741,13.758093988843406,2.529782928484499,3,4.320938792028935,48.81505279819197,2.6858101897231115,74,0,13,3,29.518840842632265,0,3.0586300496650085,No
29,15,Marketing,3.554603060585721,3.554603060585721,10.526423974019766,0.6159860240262653,4,1.4071386749877377,25.666643533756613,3.681520219296967,45,0,9,8,11.572440474452852,0,3.493880072761675,No
38,16,Finance,2.50542780365769,2.50542780365769,10.741327043243636,1.154219853407898,3,3.816710505488478,47.48041178671709,4.787154763095718,35,1,9,6,25.974803058083605,4,3.5069626989914187,No
33,15,Finance,14.125435348076687,6.348510226600671,26.2657092330079,3.8825693735208375,4,2.889788828981352,49.75807366290781,2.986691996971038,21,0,10,6,41.495722477102554,1,2.749046600883991,No
39,19,Operations,0.3,0.3,9.375658689352047,1.4015147889089548,3,3.7189985744915623,70.49026856076416,2.899644834648252,20,0,5,3,18.947506573555795,2,2.756312903390078,No
31,15,HR,4.143803359195143,4.143803359195143,7.964821209856238,1.088639505353368,3,2.5118143069269654,58.7630080888113,2.803658776554893,48,0,8,4,32.825251333098976,4,2.1911759918588767,No
28,18,Operations,3.3127846418152282,3.3127846418152282,7.867330758177391,1.2281202034603105,4,3.1837888463653203,77.99854328384866,2.4993424332660386,24,0,7,4,13.303401082727897,0,2.1391387040554966,No
31,15,Finance,3.9439802334878094,3.9439802334878094,8.392403179916291,0.9288440528093321,4,3.7134692577602184,67.04211214275692,2.7015207515080992,19,1,5,3,45.10658828309119,3,2.4543603726852834,No
30,16,Marketing,1.7607425928620903,1.7607425928620903,6.824915705040946,0.5094951763441756,3,3.7924674570258907,58.64240286280996,3.191149816863229,18,0,5,3,28.098900877188026,4,4.710602691589319,Yes
25,17,Sales,5.140267737483885,0.3,9.946529030910327,1.9777148309947787,3,3.784860039249917,76.79080331825074,2.298876150433915,52,0,11,3,20.51151948976751,3,3.4450316550908857,No
36,15,Operations,2.223640040128757,2.223640040128757,9.448192997516808,1.845247269061833,2,3.367304498089668,51.98787855900263,5,19,1,7,3,16.23324475404054,5,3.3783770737709875,No
28,19,Technology,1.5278239245730643,0.418434941455779,9.337676422899781,1.0381485833120225,5,3.562632100049925,56.770437041990824,3.0881440906871482,26,0,7,6,53.97924671173427,1,3.4631669794727022,No
26,15,Sales,2.561026708628505,2.561026708628505,9.549344259798314,1.1749974229982743,2,2.3049441250773444,58.58721878759348,3.314327172956608,35,1,9,5,9.299966958934718,0,3.5250248367240387,No
48,19,Operations,11.40017378071311,4.131668343815899,16.27804076687181,1.511053329508959,3,2.9023195243953657,86.70207364968499,3.794148389451191,28,1,9,5,10.129956188918012,0,3.9395576481708408,No
41,17,Operations,1.3875545923621013,1.3875545923621013,12.176318701614814,2.1464823116262344,3,3.6810609722478462,37.15136825516439,3.2881220409995757,21,1,7,6,19.418053574675827,5,2.5896840747266117,No
47,16,Operations,1.2464518073729365,0.32548501517505124,10.749484153892535,1.462682708175521,4,3.6718044583106506,79.1867645359003,2.1776729286384056,30,1,4,8,79.74017958064894,5,2.998990148648576,Yes
28,16,Technology,5.728968513606812,5.728968513606812,12.144416605433047,0.7783663357855222,4,3.069031598579994,51.64397432477555,2.3612685700075304,15,0,6,2,72.4759377417125,3,3.4729917317620123,No
33,16,Technology,1.6744384789078528,1.6744384789078528,11.029457876774963,1.9124473852967758,2,3.001554713255178,48.97986322438477,2.7948897036576352,21,0,7,3,37.08506143298059,4,4.24192929805277,Yes
43,18,Marketing,4.196085743885732,4.196085743885732,10.944310380157841,0.7481840029491118,4,2.4360964525684428,77.96209583035845,4.383078299999519,30,0,5,7,49.60636067956442,1,4.024706584803717,Yes
37,17,Marketing,19.902454309586837,8.296333347108241,19.726559191046835,3.075543416361265,4,4.8043275194778845,60.14023812416232,3.695241987564785,58,0,15,6,25.365714659341354,3,5,No
38,19,Technology,8.594571065267774,6.415958546625149,10.40811215735772,1.1487950959553244,5,3.978134348811252,15.224323464889558,2.6916101498980365,30,0,8,5,27.492641249504832,5,3.9293659419397584,No
30,16,Marketing,2.7168550373328735,2.3800614226811754,8.927170187500902,1.3745734110151437,2,4.601360886238691,72.68948532221003,3.138816928764316,51,1,15,6,47.49195077389935,5,3.476591281663273,No
41,16,HR,16.683308472854883,7.592998094358056,20.975826559457225,3.968571066991497,3,3.806933625091751,57.5485846290249,2.331287330500233,38,0,11,6,44.133618569598475,4,2.8020210495087285,No
41,13,Sales,4.201945526968976,1.8485075505087287,6.140339306184485,0.3754647705627654,3,3.6118089211352205,46.234599538844336,4.294337370702056,32,0,8,3,35.90120148545779,3,3.805786985994002,No
27,14,Operations,1.9647091336261182,1.9647091336261182,9.527022855566278,0.5122917809356168,4,2.4284272164221723,64.80371418770463,3.49108549307129,39,1,8,7,37.38841065362434,2,4.234966224480003,Yes
26,16,Sales,1.7645964964245802,0.8524066604612645,7.697070953565425,1.0959325293028297,4,2.582784852195039,51.215242633103344,1.9958942220180467,21,0,10,5,14.08827774753872,5,3.387051415800147,Yes
50,16,HR,6.663881436978802,3.4953788864917534,8.656555989720257,0.6980687106334899,2,1.9196192463565003,36.44217603045966,2.5110959063853575,39,0,8,3,15.251113392557397,3,2.3848694393113825,No
30,17,HR,5.327125502012594,5.327125502012594,14.351945872220233,1.041533473433523,4,3.503886075702614,31.896745028990704,3.1052392625456053,17,1,7,3,16.360509784427773,0,2.3795418850250445,No
21,15,Marketing,4.601169920150319,3.5645933743789353,14.713717204451251,2.9164186988535836,4,4.825943932934306,56.06869465030166,3.1064298729306588,65,0,10,5,29.5637942969789,4,4.306846027625016,No
32,15,Technology,2.525854014101579,0.6538043131467476,7.9851591884265725,0.6589054548794735,4,3.785655181586644,80.9058731730061,3.1033400781938325,43,0,7,2,42.3331508214204,5,4.268755716452934,No
25,15,Operations,4.558242924581788,1.8905542505016282,10.104205040563437,0.7197495920038457,3,3.587865273805777,53.811689704179194,3.3944433490366914,82,1,14,1,62.84741248757725,5,2.420998388737573,No
46,19,Sales,18.898232529484716,10.308012792538127,19.4251713087882,1.57675614971132,4,4.313933883588265,46.27867080632424,3.0710939274961584,36,0,11,5,28.342574338453925,5,3.1235865420119544,No
21,15,Finance,1.1605386647491003,0.39181052765494084,5.881806908595488,1.0874409169262473,3,2.5690549412344903,61.30214752373128,4.790526252369254,36,1,7,3,31.32564548526301,0,3.7038464026736917,No
45,17,Technology,1.1387031212325327,1.1387031212325327,10.086639465179147,1.75479918013598,3,2.8887446230506004,49.44562102908103,1.3877626229161495,14,0,7,5,9.436493920780633,2,1.4755304778386615,No
34,15,Technology,5.796977793718508,5.796977793718508,14.766569691600582,2.223211135187326,4,4.010833788247208,63.49574864339003,2.7967738044425303,7,1,2,7,60.75456347071675,3,3.317535256959751,No
39,13,Technology,16.184032403445418,3.1705571170577684,15.457062542155503,1.513546608332132,3,4.4640214269993574,86.69818866260113,4.992366888683964,43,0,10,10,53.77849311061966,3,3.97253526945248,No
40,16,Technology,2.176588222259635,2.176588222259635,8.061650452278927,1.1222370250968299,4,4.9945193796159675,28.980967133420876,2.8860772804383137,9,0,4,2,45.76226665084327,2,2.9802603956207805,No
36,15,Sales,10.45188037874363,5.8782642386603445,15.78911515665265,2.105214198358132,2,1.9903092627772232,55.6363217090524,4.987332638012158,39,0,12,3,27.55960068029389,3,3.12038737622444,No
42,16,Sales,11.939035180503181,6.258824117414128,14.329192496080676,2.409550078113186,2,3.500669736411035,80.97907139389804,1.7785759265434664,49,1,11,6,31.59737231209857,4,2.166737024261779,Yes
40,16,Finance,1.062210428078692,0.6861649970016609,9.549007345739943,1.27173860241279,4,3.1962364542271278,35.27456983837198,4.112038834567562,59,0,9,5,20.026087939323915,2,3.782540265762303,No
43,18,Marketing,4.630140366926636,4.630140366926636,7.413891272564082,0.9588860672361057,4,2.9097208397864,58.77225639818358,3.7111296636160143,44,0,9,5,7.801767572439219,5,3.499422046689314,No
37,18,Technology,5.816099335023502,5.816099335023502,17.673195976027362,1.3123327995499596,3,1.713139732622843,95.76333323313999,3.199564716165313,50,0,9,4,24.235903355367732,3,3.8192842842448598,Yes
43,17,Technology,20.03187156098774,9.189951973943852,28.210646306781545,4.6925879743768055,3,2.895455902121567,50.42436886627056,2.907052487547734,37,0,9,3,16.574077642390055,4,2.3048659284450363,No
21,17,Technology,5.1509413834120785,3.175497772321792,14.18646629716864,1.805562426679943,3,4.315254012765051,84.53410943964282,3.119595702058369,19,1,9,1,4.885486925043268,2,2.2018539037409903,No
40,14,Finance,1.8187419098310524,0.3,7.208748472378633,0.80185831580605,3,3.799055856453611,35.34689934174677,4.288411069742986,23,0,7,6,20.206830003794753,2,2.0372875050842856,No
35,14,Technology,2.994503624107312,0.3,7.53348134846475,0.9303054954797829,4,2.998846477780029,61.090338651402696,1.0065902451857598,19,0,7,6,19.125900301904572,3,4.797390593672769,Yes
28,17,Marketing,4.6076798206867355,2.9199134926833366,11.70868212915547,2.38089901904069,5,3.09154046782459,84.68399555543516,2.8078701498084677,49,0,12,4,44.47918259825455,1,4.050589718606862,No
23,16,Sales,2.3296507813924445,2.3296507813924445,10.027025874276076,1.9729904088642984,2,3.186038616145895,82.5477874082758,3.992941071767654,18,1,8,4,26.137031841319793,2,1.6822792646728868,Yes
41,15,Finance,3.446315619819151,3.446315619819151,7.3051918521488775,1.4056134859703655,3,3.4260453530404633,53.44266214093325,2.688833064813999,49,0,11,0,21.632274841859,0,3.334978279219809,No
34,19,Finance,3.993852258286133,3.6453535903379217,7.153407689224175,0.3867196177518595,3,3.804042218600195,72.85007827134996,2.7971707212927366,29,1,8,4,13.135562617872605,4,2.4168439472526844,No
54,12,Sales,0.8696342337077518,0.8696342337077518,9.9995370363744,1.2143625796791453,4,3.511245654963578,49.283634842647594,2.021894217795311,13,0,3,3,9.02922212549958,0,3.9104470896679246,No
42,16,Technology,0.6629022173244187,0.6629022173244187,10.44223269548176,0.971213564481936,4,4.106396700754355,76.66907579206922,1.9813204726429263,40,0,9,6,21.115177163484944,0,4.270126860649762,No
33,15,Operations,2.0706285452226325,2.0706285452226325,6.825280332342221,1.295163592304203,4,4.080002256961246,21.288923463500684,2.980954975629264,80,0,11,6,39.21806029184167,0,4.171326781850973,No
36,18,Marketing,1.2586823352781031,1.2586823352781031,10.77538979034047,0.888055809638653,4,4.878651224486122,54.19713333064269,4.711238926515074,41,0,8,4,30.995972107208484,3,3.074343295005611,No
23,17,Marketing,0.3,0.3,5.690209308733016,0.9326159635164567,3,3.0987236010387242,29.87052424662051,3.4899887985813036,27,0,6,3,19.58078913139315,3,2.604464337865573,No
32,15,Marketing,6.316024388664522,5.386658265796579,16.206611840177036,2.468309456322719,3,5,31.89263482907241,4.4848084790855784,48,0,11,4,13.283068972409996,4,2.500067517417449,No
42,16,Technology,0.7310855916690608,0.7310855916690608,12.014752388452369,1.4760202005475547,3,4.9984551447273455,70.43216167324313,4.892720210607908,50,0,7,4,39.79578968474422,0,3.105850056328575,No
30,20,Operations,12.519331092128207,5.622047165178606,14.304859152647412,0.7615313218396129,2,2.990927714232031,74.50736650329597,4.122314998805722,28,1,8,5,37.95088168659034,4,4.239984037756135,No
32,16,Operations,10.198147903411408,6.312628581735037,21.605403434439445,2.5787813426165815,5,3.643245571703333,51.10975095894673,4.013160718473365,33,1,8,10,14.179018970261335,2,4.2354048607245,No
34,16,Technology,5.460981924900723,0.3,10.987678469223225,0.7993733274667352,4,3.591467855593393,38.28162676906345,4.905444849073938,21,1,8,6,21.306289965702668,1,2.7514118658431834,No
43,16,Sales,1.2094696359664932,1.2094696359664932,12.403367538060483,2.314102120146483,4,2.587829449377058,48.20519209512899,3.776849311271982,28,0,10,5,31.90849845431903,1,4.102164300976561,No
34,15,Sales,7.484656897241937,2.2278490640858384,13.874819533228791,0.7734693483780931,3,3.608399331285738,46.337986508276046,3.8854215763992177,33,1,8,4,41.35972618805551,3,3.7871189495402118,No
33,19,Operations,3.1561122195324542,3.1561122195324542,14.586594286922162,2.40136901295706,5,4.098269208229026,64.30507566308663,3.6233208483427766,16,1,5,4,76.34734904280974,1,2.6367077942008414,No
27,17,Technology,8.697965117206353,7.118113428476218,17.13736844723506,3.049224324147869,4,3.3180708197474718,53.55064885018712,2.4049237070510596,50,1,10,5,37.21700519038845,3,3.12001625247395,No
36,14,Technology,10.515177086910553,2.5742970204787254,16.002158883214076,2.2381609224937424,3,1.0812500531879001,29.50603719321885,3.8138993660785347,65,0,11,7,31.32341564443829,4,3.9894645260035135,No
28,18,HR,5.047909980046019,3.7267389705737837,13.465919600555658,1.1634229933062121,2,3.416001816085211,68.60805250899188,1.9974417455140812,39,0,7,10,38.26062250448368,1,3.139701950118141,Yes
28,19,Operations,4.879825626844387,4.0651929989280164,10.056426767791331,0.6316055157625882,4,3.704593680861457,24.462797467300557,4.691608499167082,72,0,9,5,17.30771635813967,5,2.7205557267791,No
29,16,Finance,3.6292509860544806,3.6292509860544806,12.89895567501577,2.3706684522969406,3,3.8381163783028693,54.94719469532195,3.137451305226082,56,0,11,6,26.132641096305758,5,3.16301606263946,No
39,17,Marketing,0.8996055368930573,0.8996055368930573,7.260900480425498,1.230777286221662,5,4.608104285397984,96.21094218437334,2.23034796587927,40,0,7,8,34.79926619886428,2,3.7630500479045983,Yes
24,16,Finance,2.5796396603631346,2.5796396603631346,12.389621554881552,1.6285726580888147,3,3.3006244463640697,52.31735471499897,3.3125330947480855,26,1,8,4,13.207687417721694,3,3.04617675418306,No
34,16,HR,6.082776415224201,4.854246307531851,15.603948444949209,2.1387456161909766,4,3.389776471663905,64.01068047613818,3.4061382428039044,34,0,7,5,25.45584793828382,5,2.9777901734630805,No
25,16,Technology,1.0591732979096413,1.0591732979096413,15.738836257662124,1.9050774900575302,4,4.3788881463014135,78.30068969569759,2.90117999122319,14,0,3,4,14.553315900794859,3,2.487519212279338,Yes
35,15,Technology,2.9201916556099494,0.4669196677168487,8.737428893882369,1.6434983287177256,3,2.8922547171616597,79.20940551852854,3.114541841831617,38,0,7,4,28.612954439797385,4,2.7799874909327347,Yes
39,18,Technology,5.764830762678941,5.764830762678941,12.904201094533704,1.4177815783289884,4,3.801104916050887,57.38503381724953,3.015002458065717,44,0,8,8,42.53359196070795,2,5,No
57,17,Marketing,11.6480235717923,7.714138107199796,13.726179419844636,1.171285074588848,3,4.084319954589808,36.11723011087981,4.100638573789566,23,0,10,5,19.16461722406092,4,2.2352726523614765,No
32,15,Operations,7.118100415188788,4.766514988446341,12.226662632974469,1.1830139959253765,4,3.703489461141043,40.02607642380888,2.198804438659361,24,0,8,4,32.175296558558415,5,3.23803305002757,No
47,18,HR,11.724230994187604,2.9431854018861032,18.028386699644688,1.8588803854248965,5,2.814580383497097,48.23518476443871,3.207570483046936,26,0,11,6,17.22241576878035,1,2.884193131587683,No
49,19,Marketing,0.8457937009843433,0.8457937009843433,6.375006892887129,0.5478297570606272,5,4.894143099641496,54.23743189469118,2.6979158314226988,20,0,8,7,47.07145629125169,1,3.1899001335007715,No
35,15,Operations,6.999199872491108,3.880508577617961,6.5129121314018095,0.7149304152264412,1,3.288966252740215,73.87694656110008,2.8866719934837692,36,0,10,5,47.81895518051486,3,3.8264145440487045,Yes
48,18,Technology,2.4395200249762468,2.4395200249762468,10.218873625717954,1.2714864483556436,4,4.980630092275046,79.56028718197472,3.495911235378501,27,0,4,4,31.20688061045057,0,3.9712997289586363,No
25,18,Sales,0.3214808870047662,0.3214808870047662,9.820038553356293,1.4128649888651699,4,3.7256643763259145,39.42110628665994,2.412413453917112,25,0,6,4,8.686434898319114,2,3.469708459846709,No
37,16,Operations,0.8319773296233519,0.8319773296233519,7.068336059518367,0.6685981052769078,3,3.6950099119924946,82.11874218804373,2.220768642785435,26,0,4,6,34.597936020050085,2,3.7271211192425433,Yes
46,17,Sales,1.6095924899439407,0.37091024474846374,9.396166413922227,1.345326078669605,5,2.8980376012890985,72.80779283814546,3.9995871621842936,54,0,8,3,59.16098211408932,5,2.675991971269403,No
28,15,Marketing,13.69539805079271,10.090969669644322,18.481509880417665,3.4328677342305807,5,2.3336159605868607,33.93110703198675,3.996359997544821,36,0,8,4,36.94486087971815,0,3.6718929964038813,No
34,15,Technology,3.969120895039082,3.969120895039082,12.495413516698001,1.5648562012994172,3,4.195197357093081,64.44061065088572,2.5000829035974936,30,1,10,6,43.689825974084634,5,2.5358643283284525,No
38,18,Finance,3.0505291268569668,3.0505291268569668,13.19964017421649,2.0746639878027278,4,3.312418389102946,39.142198558991296,3.6782558065735134,44,1,11,9,16.01054037283975,5,3.61283104769432,No
40,16,Technology,3.4712718172165284,3.4712718172165284,7.631299934475593,1.3692932312163486,4,2.799483266163328,62.70672201755074,4.073459854040257,29,0,7,4,25.92270321489224,4,3.0995660180997153,No
33,20,Technology,0.3,0.3,6.770521965393187,1.3251981494033667,2,2.8511796728371053,57.64744562628118,2.908994979353735,24,0,6,7,41.08876329274095,4,3.6007020413901034,Yes
41,20,Operations,14.672580739911051,6.249681881809782,19.217649637218614,2.971891295799544,5,2.7823462890112154,80.81479788767692,1.7893258281941147,10,0,9,4,24.524215001294124,3,2.2138082969768123,No
36,18,Finance,3.1667127466894365,0.39943726164657944,14.066596698547649,0.8197824032918697,3,2.801160234457373,73.28009320707334,3.2812571115767604,46,0,9,6,42.88510805772893,5,2.3742209955411364,No
30,16,Technology,13.016919830665623,7.391416956617743,20.762022176423084,1.5592477234845492,3,2.8093624802821933,45.929333702466906,3.54611565886424,55,0,12,4,47.75938646504323,1,3.113464956790902,No
32,16,Finance,4.689493871778205,4.689493871778205,14.764187540510084,2.1527818901116023,5,1.9975705541936424,80.38008089292414,3.8651310013564233,50,0,11,5,14.716917889755685,5,2.5777896715349,Yes
23,18,Sales,0.34774078838740385,0.34774078838740385,10.301563844950625,1.4920895847789386,3,2.2021881456967374,57.009595460565876,3.8995239494451575,58,1,9,4,44.40366137177089,2,3.4152157014290805,No
37,15,HR,3.171304134956418,1.4654736275674338,13.735983872371365,1.5080270822224537,4,2.670114696779002,58.40129763547255,2.103807220247913,44,1,7,2,14.517015675235559,1,3.932684486053117,No
30,20,Operations,2.0584966867234327,0.3948094039933375,6.241750793980822,0.7369746014434279,4,1.4843929042947979,64.45310014800835,2.7518245577805915,48,1,11,3,20.526291444603263,3,3.7804692589698377,No
29,17,Marketing,4.263762263252085,4.263762263252085,12.922259708596904,1.740567026779742,3,3.6114491871050274,64.03140991537286,2.5746000035086065,68,0,12,4,52.34603990793082,3,3.4444143927756214,No
33,15,Sales,2.9777903860020634,2.9777903860020634,11.632777175989867,1.416871378232508,3,4.2245319282566,47.24053512519183,3.2911568463490823,32,1,9,7,21.69003037625441,2,3.867225062120454,No
37,15,Technology,2.9180043524294783,2.9180043524294783,6.588159122954027,0.8182702850500576,4,2.898515317006983,74.9247448832622,2.3586559795774087,44,0,7,6,39.58891979077742,1,3.867047046752545,Yes
40,16,Finance,0.7343425627262297,0.3,10.509503566674143,1.7083662805342514,5,3.132503915196942,34.49351416378678,3.1994996200424777,14,0,6,6,11.953772180312065,4,3.793349717382287,No
23,15,Technology,0.7870582807125557,0.7870582807125557,10.095640974889024,1.4344807928293706,2,2.9043312541463364,55.716165559604946,3.619036082090624,52,1,9,2,23.30738346865562,2,2.639808247034148,No
30,20,Technology,0.777377855192396,0.777377855192396,7.536150521253848,0.9758699336141831,4,3.0159859163905702,75.56262184354833,2.807840649922531,27,0,6,1,23.417522898804595,0,1.3158873804179436,No
49,13,Operations,5.25814055694011,2.353312369084702,11.15520165864812,1.5933681129613664,4,3.5177111146837947,36.27886322751237,2.7014147960714814,17,0,5,4,25.75122060882151,4,2.818429747216033,No
29,18,Sales,10.987139455191674,7.619313872513796,22.14209562030548,1.870938423175667,3,3.8049099749591035,39.61095312368683,2.0169170546396282,30,0,11,3,3.7034731925264763,2,4.133720158163849,No
33,16,Finance,3.652077505575044,2.6786620909454295,6.594170085980526,0.4635901620091557,3,2.410858983673172,37.4079824295563,1.8867315172399335,35,1,10,6,27.77999282933131,3,3.2559899637116527,No
39,16,Sales,3.419986263958704,3.419986263958704,13.199070541129364,1.0125765475216735,2,4.000763789918131,17.72655536309217,2.741127813444908,53,1,8,2,12.26321935895969,3,4.529978621353639,No
33,19,Sales,11.441108674777169,4.330712511865492,21.99874639074414,2.9769136835725014,4,3.58378821042827,50.49986690968978,3.8979680230972082,11,1,6,3,16.191711852106035,4,2.3955097497732747,No
45,17,Technology,19.59247676285757,9.85066644915011,28.674080875615694,3.4486602628069303,2,3.801578081621544,57.10973716876576,4.293263367457373,34,1,11,7,45.52792376482914,0,3.527258795355423,No
34,14,Technology,4.412883874864973,3.836438260886255,12.472809839539297,0.7567098845161049,4,2.9989662044552703,89.1634282501686,4.230054690652989,15,0,5,5,39.804681827648174,4,3.5424431592407033,Yes
35,14,HR,8.915812534540766,8.915812534540766,11.10476878579942,0.9900286443255778,3,3.081286634907433,44.1627465131066,2.3779777761368757,8,0,8,6,23.117526984081408,3,4.934741561147187,No
26,17,Marketing,4.914536927227161,1.6142923928756703,9.727017898802922,0.9113951956112911,2,3.3972008232409134,55.19269809416086,4.111592798469142,47,1,9,5,40.62792581973759,1,3.2363098881161525,No
37,19,Operations,0.720118005280673,0.720118005280673,6.606512450684509,0.6740514096066301,4,4.703704557300113,46.642067887550176,2.9126710115019088,9,1,7,4,15.593823403094039,2,3.655529887032166,No
28,17,Technology,1.1839724106020844,1.1839724106020844,15.304116574031726,3.0157628858017267,4,3.9859808248290607,77.65778534565824,4.097134279619821,56,0,8,4,37.71561268523606,1,4.978639597852459,No
31,17,Marketing,24.802693882894285,9.692381460860373,24.177046333284412,2.3600224478997807,4,2.5909191800006037,62.73105689765506,1.7110825031802714,15,0,9,9,10.5522528982577,5,2.6415181638752694,No
51,17,Operations,0.7908801570572604,0.7908801570572604,7.556816655085764,0.9228030585602608,3,3.6145459880386994,72.09948934946804,3.5713318747735623,12,1,7,4,44.649872840985395,0,2.21329470114969,No
46,16,Finance,3.8208634467593074,3.8208634467593074,11.659064174006126,1.933321626719174,2,3.1885743136042306,40.50362175774097,3.1084684421764526,39,1,9,5,15.391956281647275,3,3.5200055371525205,No
33,17,Technology,7.796750034335308,3.947224166496443,8.807778728277585,1.4381623320035954,4,2.3847713300448414,28.20600080993469,2.283144757571543,71,0,16,3,22.03832866961574,0,2.1390869291168366,No
35,18,Technology,2.626709733847276,1.8061459870210104,9.145117626013292,1.560481257871269,4,2.0832996840686953,39.27748224843941,2.0170012130971133,9,0,5,1,21.378663810000063,0,2.0933157024119886,No
34,19,Finance,7.173454665827193,1.3681544045411216,9.285851125178635,0.9369383236578624,4,4.686394000394732,41.81380814123359,2.900454862707035,33,0,10,5,67.36558242419639,5,1.7396887262910714,No
29,16,Sales,3.436260968130746,2.2892466113958907,9.329607577922156,1.786292724841105,3,3.8271746158368853,59.5912767866529,2.6941075936390124,15,0,3,5,17.28367278962932,5,2.6745607368690067,Yes
47,19,Marketing,3.2668062539748774,3.2668062539748774,12.248486310176679,0.8945851990617005,4,1.9863075566354602,62.11514050387025,2.777901491591734,38,0,11,3,11.744389130837662,0,4.97545877981563,No
43,20,Finance,5.041940844028143,5.0357493138158365,10.183483289366237,1.3217117120037867,2,2.698172358641269,74.67076030843752,2.3993779061381377,14,0,9,2,27.85594221656962,2,3.6949969563623863,Yes
36,20,HR,2.9396735221683095,2.9396735221683095,13.430027850008864,2.1962821707908553,3,4.909422898591645,61.536460283413085,3.5033040066724697,28,1,7,9,44.99027997536782,3,2.8958947974224083,No
23,17,Finance,9.782500608555418,4.878797524531892,14.827611419874303,0.8664531361275826,3,4.0203890206693265,61.216077299428264,4.988613920142219,33,1,11,4,60.08455858251832,4,4.568719714096687,No
33,16,Marketing,12.64026614987684,6.8422673727050904,24.141167411785663,4.005090341401088,3,3.7203316710916257,88.378601833683,3.41155397571619,29,0,9,5,36.71695714984655,2,3.052194078446154,No
21,12,Sales,5.035718148228226,2.267327132972449,12.433414343382854,1.598330307146589,5,3.594732595445114,82.74521087565664,3.484354854148693,36,0,9,3,15.720511464877575,3,3.5708933205036697,No
34,16,Marketing,13.036572525508607,5.5367360569639015,15.47286488334451,0.799214909195613,2,2.5871864486164946,89.42967896943131,3.672952044424149,48,1,11,6,27.87322976501238,5,3.5996860730419495,No
39,15,Operations,0.38487174392438245,0.38487174392438245,12.0910267415525,0.891300881269645,3,3.2888713862192223,61.0410609628621,3.0960350323458075,41,0,8,8,24.762856988247563,5,2.7345468031765057,No
36,13,Marketing,11.095644515540272,8.203379798007745,17.057152480559395,1.499939793025825,4,2.591364087682145,51.50140870265625,2.8062887320777072,81,1,12,3,20.927337994264423,4,2.9667895766159424,No
33,15,Operations,0.4483863431969655,0.4483863431969655,7.235904611352219,0.8130497581635749,4,4.897585198592094,62.54358320270672,2.199973379469083,17,0,5,4,42.639626167889595,4,1.0088555381877058,No
31,14,Operations,7.7572243249968365,6.4850841800988075,10.553804588389319,1.7749386518315267,5,3.120944426565447,44.00503674243349,2.6231523429225234,13,0,8,5,50.102426356423,4,1.5861330245638676,No
37,17,Operations,2.6410810654434904,2.6410810654434904,7.126170290023951,1.2319967576159057,2,4.196876385242568,50.280576628603164,2.400859769148675,21,0,7,8,29.02532118933156,5,2.8889904091910092,No
39,19,Sales,12.34340010886794,6.061332805137677,17.2545179486471,1.9857820802263357,3,3.708388170113206,64.64435848109282,2.1683394775724785,28,0,10,5,21.7686949162119,5,2.781882973773874,No
34,15,Operations,3.7887864877678226,2.4293720810794524,8.942652640003184,0.556499983768096,4,3.1018018133231227,54.074432460851625,4.232726151282328,41,0,10,4,80,0,4.978215858187431,No
42,17,Finance,0.5749601835100486,0.5749601835100486,8.370189643238852,0.7991277246635224,4,3.297883863030699,41.960540073017725,2.002680513302716,49,0,8,7,49.00725472593684,0,2.303910067202214,No
44,16,Operations,6.014378320092952,1.2790061501532364,10.190502228029038,1.8120599061723972,3,4.710202993845531,76.77528924313008,2.1880743753936938,17,1,9,4,4.92297035124334,4,3.8878473352221063,No
43,14,Technology,3.887415454006221,3.887415454006221,14.173721844476248,2.7603055966592014,4,3.5901981432603884,88.26318057606275,3.293773417777722,52,0,10,5,28.840023023323734,5,2.810732490536418,Yes
27,15,Marketing,7.814691853217715,5.8819660864471794,10.186349489093626,1.6807074291660327,3,3.5914326730312065,50.04727889077,4.200260175821644,47,0,12,6,28.187623929055935,3,4.467378950509007,No
41,16,Sales,8.660904346484946,3.8941162361776818,9.233208746993132,0.6229372789327619,4,3.2748554793018316,38.41817963191012,1.5914627940789992,43,1,11,8,42.708514947242385,2,3.8778623279969797,No
28,18,Sales,2.0976470739800663,1.7938270039861444,8.16554172678835,1.3828711336005888,4,4.409157305406553,74.45112236193741,3.3968177902076016,23,0,8,4,14.223289953581986,4,4.0280177075652,No
40,17,Technology,1.390858381249471,0.8280131478268131,8.220193573139692,0.9083669981515741,3,2.4059741506625665,43.189662374230124,4.504091689488544,46,0,9,6,34.59071885299385,2,3.8866799610627982,No
36,12,Sales,1.1439699623393498,1.1439699623393498,5.147990672832286,0.5294428029789022,5,3.8610014371039076,72.25978557943587,3.4012197918445737,62,0,12,5,29.819404085124464,3,3.129323015615574,No
35,17,Operations,3.735936326211529,2.6638996680353624,10.349329957912122,1.2397959499823572,4,3.9058851859159245,16.398709001148532,4.260878294819098,35,0,8,3,36.25087115664588,1,4.000598908758073,No
21,18,HR,1.44366012928037,1.44366012928037,6.774631388873115,1.1829559046703757,5,5,65.43245901610585,3.2053103673906396,30,0,6,3,7.6300344027795,3,3.6902919162488224,No
24,14,Sales,5.468041823521582,2.6137119124009165,15.808163952102698,0.8841739352378498,3,4.825409824849855,54.646786940557426,4.903856826648382,46,1,11,9,10.108175426845824,4,4.404924571328579,No
33,16,Operations,8.086393810727506,3.8391847690037295,14.63381685220614,1.5757547798531282,4,3.405261521802042,59.4507924796249,3.5745986593505092,44,0,10,2,18.94086944688632,1,4.43887218196627,No
27,15,Sales,1.3868028558387984,0.7544764453191573,5.999162996464738,0.9279738033421788,3,2.531332272779498,73.45787267195303,2.3304689220020225,14,0,3,4,60.542781614008824,5,2.8851588082053565,Yes
29,18,Operations,24.881720531204355,8.339118387292539,37.813947008752585,2.476199239656139,3,2.396767663978518,70.6076546949422,4.820522354919905,24,0,11,3,42.00690330880888,4,4.102833031443136,No
40,12,Operations,6.056211403132502,2.0383637103815135,10.186235687727555,0.5344286603752345,4,4.68505002894055,84.16649669786614,3.8028991427214955,34,1,9,6,31.98963640200879,4,3.2964179718948063,No
40,13,Operations,9.259121626481296,5.72778285207738,17.809497941112404,1.0358546892081082,2,4.103986014673271,31.79221625136124,3.6988249094523127,36,0,10,1,31.211434012334415,3,4.354086016824542,No
42,16,Sales,9.713760474159324,7.055746687647276,14.662985890149741,1.1583619619363983,3,4.012939078706873,49.011802486669936,4.7189461749204975,39,0,10,5,42.87025802332159,5,4.607190863804862,No
37,18,Finance,1.112569439127227,0.9841998071188289,8.32939745930577,0.729507215310597,3,3.487151475838166,48.91971598856931,3.3019102626839607,16,1,7,2,18.47527374477515,4,2.731591021626921,No
31,14,Finance,6.491970649541511,6.367844214273678,9.965723028778156,1.753850740283487,4,2.4916162515174736,80.97698206534777,3.5838706548624324,9,0,5,4,20.63249893698992,3,4.287947719227631,No
42,19,Operations,3.932056168664894,3.932056168664894,7.297887723806535,0.5288598357970588,3,3.3703697922466445,56.55076541909378,3.1854250641611124,17,0,7,3,34.17579121771598,3,2.891356710483269,No
38,14,Technology,1.5938676363543156,1.5938676363543156,8.656094009140634,1.496455424738606,4,1.9890494994491543,85.17267645205855,4.047287306264791,31,0,7,6,32.47748786531174,4,3.2690110852567855,Yes
34,16,Finance,24.921573893003977,8.192342390511213,18.043071419768346,1.4085631231429177,3,3.4994932393948748,60.04182598703501,3.4927173100493314,15,0,8,6,19.728846600502745,4,3.7747671689139035,No
38,19,Technology,7.395928254758488,6.665173712304515,9.66830800492394,0.7813420100189131,2,4.591567149425941,51.26519862259461,4.700111627525823,46,0,9,6,35.209436209235584,5,3.5118222542177104,No
33,16,Marketing,0.827564917779845,0.827564917779845,7.369638607033121,0.7212969873974594,4,4.412433207710054,63.57075828385881,4.414268530506847,30,0,7,1,40.34672678613572,2,4.137058732166147,No
45,13,HR,3.064514229643297,3.064514229643297,10.783978551522338,0.9384121104322052,4,2.582150139075369,64.23950477423912,3.483538461307888,52,0,8,5,38.9724288522734,4,3.2837053553045306,No
33,17,Finance,1.0228211907700675,1.0228211907700675,9.978271594459311,1.0587945441911983,4,4.515922791444592,22.751633041943112,2.8993312763177683,31,1,7,8,12.321770396715461,2,4.2179103350289155,No
38,14,Finance,17.996556011335464,3.8710742862868326,30.128473669570404,4.335915110843339,3,2.8009637497936217,64.56607714812705,2.0769810626282204,30,1,8,3,15.295163864040887,4,2.2257463227801515,No
33,20,Operations,3.6571300820330066,1.6291027434049292,12.776872606877093,1.8870234244120472,5,3.106559127399294,78.63997589658813,4.195211220028309,21,0,8,3,7.7048746141347975,2,1.1730395967570695,No
41,15,Technology,9.417756179419682,4.322337901587196,10.065089580822033,1.4109243046519357,4,4.125075874861201,99.40352681336724,2.7025234970885363,36,1,11,9,10.820428978178125,1,2.268468314484636,No
38,15,Operations,12.377750683871463,1.975981532983845,13.723517891262237,1.6181475005371102,3,3.9175513755550555,88.17856615658016,2.6952326027069793,63,0,11,7,24.86816707214995,3,2.924460175598662,No
41,15,Finance,15.372622874828862,3.273628135793541,26.893061146101555,3.7337978496098354,3,2.50357291613062,66.4676024584141,4.4022067477733335,28,0,10,1,21.284081828982615,2,2.597233452562564,No
35,17,Technology,4.665015662781012,0.3,8.917228557383556,1.57331997738962,3,1.9983226170628876,91.27625244971993,3.313735240976456,18,0,7,4,23.531931988890225,1,4.665975533858911,Yes
39,14,Sales,1.0259152100963684,1.0259152100963684,8.380827091323606,0.6126096481955681,3,3.167132400786979,63.11476947942299,3.2158052401779913,10,0,6,5,26.04281580709059,0,1.8619804014141816,No
32,20,Operations,0.848185229125849,0.848185229125849,7.2319246645503386,0.7760633353693381,2,3.423608879874202,18.62732526284098,2.719758578827104,35,1,8,3,30.700080487349286,2,2.5131918068977415,No
55,13,Finance,2.3417565414909225,0.36010001718143836,20.191618348679036,2.790123373466322,3,2.8144113372967645,45.49363792696517,2.0945585557042725,51,1,12,4,28.76786843017605,3,4.25683079639819,No
44,15,Technology,2.4935612164713867,2.4935612164713867,14.792472839876643,2.854147249956587,4,2.201617493550192,48.76466292196142,3.800966660038879,29,1,7,6,24.04794263315518,3,1.588597793357587,No
37,13,HR,2.4830239481468754,2.4830239481468754,7.013325652406817,0.6305170604134154,5,3.1966282648399225,55.58036231755927,3.5100868842912796,53,1,10,2,9.880276122757559,2,2.7154228670117617,No
24,14,Sales,0.33881747198661666,0.33881747198661666,9.602989660462661,1.8009964417863102,5,4.621632760225288,36.12140738171547,2.8179900649685434,42,0,7,5,46.20862103073292,4,3.436690150283098,No
24,16,Finance,1.6056510712137613,0.9497492431580382,12.827256710965019,2.02431845839282,3,2.995071858565438,52.70445267268231,2.8213734822546996,61,0,9,6,35.26868811234341,2,3.245531570082865,No
29,18,Sales,5.024521343636903,0.3,13.654675015746538,1.7457740952002712,3,2.2882175191568983,52.984896158861694,3.902812669513451,69,0,8,4,72.22159673112829,2,4.23093913334332,No
41,14,Operations,3.6524072375063663,1.8449532600603331,11.56109705557401,0.788297357229712,4,3.7112537705900213,59.36087610968001,1.7378053722916253,20,0,6,2,36.12340603935181,3,4.4156461031129,No
41,17,Marketing,0.4258189592146985,0.4258189592146985,7.00859828582631,0.6622864470037416,3,2.921878037319791,65.5423416794288,3.5141602897787294,28,1,9,3,50.70847603760012,3,3.01592688738797,No
28,18,Sales,0.4242080996109748,0.4242080996109748,6.952714629796082,0.40344460883334204,2,2.90652761142476,46.32501865065679,1.0014192810782663,20,0,6,4,16.29181815066636,2,2.6021011172480755,Yes
45,18,Technology,1.2666486363715785,0.32686068827704895,12.846415543384287,0.9751753316710929,3,4.006206659012506,64.24399072576244,3.6926031181969385,47,0,8,1,14.871777058836557,4,2.367229037318567,No
38,16,Technology,2.0744131220825412,2.0744131220825412,9.122165706038192,0.9724678483084845,1,1.6859285132169035,74.5568936719091,3.299805385093885,76,1,14,4,6.37742694935949,0,3.9758885051517936,Yes
30,15,Operations,13.49013756879563,5.660470167060443,19.373136065885493,1.9145936389479548,4,3.204125740986258,30.881162338971354,2.8135988343195066,12,0,6,3,36.13444583602013,3,3.5547277119219864,No
24,18,Sales,16.19590481664445,9.730654844807741,24.627525824706222,3.4460461952457337,3,2.5039275573059077,70.82695826213241,1.1921888886662049,27,1,8,2,12.513392733770663,3,3.984836497982324,No
33,16,Sales,3.369997797543993,3.369997797543993,12.119792681127361,0.8849361885439273,3,3.593122008849089,24.484685593617254,3.9000347866017586,28,1,11,5,23.10391896267782,5,3.924264963620198,No
51,13,Technology,8.31366667421472,7.0666108932770815,9.793678220873401,1.2743332733181687,4,2.809462854030046,45.93774219648215,2.7556111329692508,47,1,11,2,70.30381848643323,5,3.710773726829338,No
36,14,Finance,9.696016760430544,2.8141463064332175,14.309400319756165,0.9419404527897565,4,2.407945011215957,54.72148081431065,2.822243435040614,14,0,6,5,14.750131512876118,5,2.183515188745669,No
39,17,Marketing,7.083603006714109,7.083603006714109,16.151705611938574,2.0329276828374083,3,3.403731393159263,83.8529525381648,3.997306960837409,25,0,5,2,12.816605167324967,3,4.2350371799898605,Yes
30,20,HR,13.297988040412173,8.129808418327011,18.89386517880587,3.0673534674463925,3,4.003481699894444,70.453722069789535,2.9035520482009165,45,1,11,4,23.917931480226688,1,4.938898746005862,No
34,16,Sales,12.411511809245109,5.602333935652124,17.184097475289274,1.8821301868222318,4,4.218790492749006,68.0840432961274,2.214447237598381,55,0,11,10,23.155474926976773,3,3.5516522019837815,No
21,19,Sales,2.899666472411968,2.899666472411968,14.364421795577332,2.0534984667221963,3,4.213533121530454,77.67528438132295,4.000940873013759,37,1,6,1,22.94178037909748,4,3.5363472460587055,No
31,15,HR,4.234448543738436,2.835279524301619,16.548398647056043,1.1044812693478447,3,3.98859176862727,68.98272559526757,3.3923977086358015,22,1,8,7,33.43917018052046,4,2.818957213704973,No
33,17,Operations,5.496021390981474,2.6785902237474746,11.55323791832405,0.9126734288749674,2,3.4712021349700333,88.84625124478293,2.919638672429013,55,0,10,5,34.455519237377636,5,3.9273345978324024,Yes
31,12,Technology,5.58499957617376,5.328413243080623,13.43626840913691,2.589009823818382,2,2.8960317484111116,69.31847917995992,2.810841380226631,40,1,7,6,63.01265535176649,1,3.0353579936004618,No
33,16,Finance,24.864606590161735,10.274498434497009,49.75561377084105,8.96,4,3.2188363866490075,40.75942967640232,4.980711744878686,26,1,12,4,27.581422026627145,3,4.609209438213107,No
28,13,Finance,0.9880148607493402,0.9880148607493402,6.86093006119622,1.2900023195084018,2,2.71425093694702,40.36177113626594,3.095438060942898,40,1,9,5,55.129426561143006,3,4.601836099756264,No
33,18,Technology,6.044774106151357,4.438161748746057,8.108866631787532,0.8199328470858462,3,2.9916637286441543,66.97246868494098,3.820804065809525,68,0,11,7,33.85560521176313,3,2.434281398639505,No
48,13,Sales,0.3901971854007614,0.3901971854007614,7.885320819771366,0.9281896175731695,4,2.6309207205019165,43.00308502480184,3.996202275968652,35,1,10,9,32.53734223121581,5,2.992046518178387,No
36,16,Marketing,2.2552510607936798,2.2552510607936798,9.831166386975205,0.9678483959178183,3,3.6012762560264373,63.38721533816484,3.295079544076464,44,1,10,7,10.774429682600505,4,2.9731114848559304,No
37,20,Finance,25,3.9785277668998345,27.658627480632745,1.7930909828058164,4,1.7014607777364026,27.670889645532036,4.412032195643204,16,0,7,4,13.958885302428214,4,2.1849844517426704,No
35,15,Operations,0.7269585212655227,0.3,8.662487816934682,1.692434353388555,5,5,63.43324065123699,3.71513765720729,46,0,8,3,15.828225262446075,3,2.5270569600901327,No
36,18,Marketing,6.6010409991698795,6.6010409991698795,10.305938265992088,0.7123307420908341,4,3.3888611751243665,55.67037850232344,3.422569850391735,47,0,7,5,35.761682015306654,3,3.757433950627237,No
40,12,Finance,15.063104086030023,3.471203657877197,27.15101929954546,3.6391323923159313,4,4.1726341973877865,58.1337280894665,2.694912893484058,45,0,11,2,15.93259002375192,3,4.266026241371816,No
37,17,Sales,8.530599127601464,5.939851933314919,14.34225781878006,2.7375801415177623,3,3.1216018280311744,65.2404379314779,2.098592169833763,20,1,6,4,22.187147493990942,3,4.896810161981283,No
47,15,Technology,0.3,0.3,5.447591687237672,0.7250738136184487,3,5,59.00647185094281,2.784766388541012,32,0,6,2,33.750342417543834,4,1,No
37,18,Technology,2.881812490282443,0.3219029277608612,9.5900298189476,1.291767372524114,4,2.377262181602109,70.55535934022149,1.5861842928638914,38,0,7,4,22.350208559157366,1,2.620457365537338,No
33,14,Finance,5.941242334518025,2.3219459262055566,11.98140519980665,1.8824837570595632,4,2.218326709146231,57.676025516833285,4.00267466260927,26,0,7,1,13.81577324650799,2,4.060033641266895,No
38,15,HR,4.133886317779249,4.133886317779249,7.749986734334306,1.1391511948088762,4,3.3974103626793277,85.15729276677834,3.8985605181173923,23,0,7,3,72.84034225426893,4,3.0366578735497844,Yes
24,19,Operations,3.1803555101314647,3.1803555101314647,11.609538007239834,1.6269141385592973,4,3.1756047594327135,39.905699264169066,1.2907828443297606,48,0,10,3,39.048188982039825,1,3.2433168887139536,No
27,19,Marketing,10.1627072650084,3.6855108508155863,18.437924054048025,2.399409490575084,4,2.8033406651199617,59.72685290952641,2.3102424310719014,11,1,5,4,8.289350565954992,3,3.4098256895374606,No
29,13,Operations,9.212120425848596,7.192875340818291,12.41821712011131,2.1141962128935963,4,3.4067213470617572,51.76675988724436,3.50030871376488,21,0,7,5,15.418724854806502,4,3.348244295655264,No
32,17,Technology,4.397100722947518,4.397100722947518,13.8161960816337,0.9325244959429256,3,4.290364871809601,69.10690446064956,4.392096451626152,28,0,7,3,43.6511762228478,4,3.284389316469109,No
34,14,Technology,1.5643302881232517,1.5643302881232517,9.088179472755805,1.7434917132463987,3,3.1854470548918985,60.256587052399844,3.730717122705768,15,1,7,6,19.82043679270588,2,4.988340641018668,No
41,14,Technology,24.820814532191925,11.339369285275472,46.32647489029123,8.442664730734169,4,3.988972863026102,36.472809363467675,2.0852575645529527,29,0,15,5,31.09874069272623,1,4.423729841662803,No
37,15,Finance,0.36845041164477277,0.36845041164477277,10.98088143408074,1.1550521683833979,3,3.1057583254597594,47.80188146873765,1.5031512861450187,33,1,10,5,19.692522656391983,2,4.38682301399317,No
32,15,HR,6.684622786664959,3.0812465473932757,11.02350545088375,2.092801554946304,3,2.502784855133358,69.35849736826275,4.335303086993803,40,1,9,4,13.687021099781644,4,4.385887903791928,No
44,19,Operations,3.5298973515778216,3.5298973515778216,7.831985404141151,1.1043560871483213,1,4.299636412142194,70.82665364651356,3.8923159312851965,39,0,7,3,62.387412601431194,5,3.7040259832099993,No
21,14,Technology,4.2101458027781655,2.1891190936738782,14.63227157586104,2.131099976138349,3,4.014128892655016,47.91151175810103,3.0838074674193847,39,0,6,7,34.417374467878425,1,2.556227188469965,No
43,13,Marketing,2.702082089618807,1.752117565295322,8.156657321671238,0.48230799868868474,4,2.8179706355910215,72.52912117927382,2.799271696182832,51,1,8,3,31.57172719154533,1,1.7628218365654014,No
31,17,Sales,5.974581826380762,4.727367110814813,9.700956906821343,1.3230349426300803,3,3.2928108762450914,71.5492230748709,4.147901159022198,36,0,7,6,24.829135608029212,5,1.5401681471857434,No
26,14,Sales,14.811893684301715,6.679615854429228,19.392034558361207,1.6107564511690855,4,2.5972072558068713,58.03257051474662,2.5031234028277463,31,0,10,5,34.014460088213106,3,4.505504388274113,No
40,17,Finance,5.849400374155509,5.849400374155509,10.93331167406102,0.8964530950586453,5,2.1122435934594312,46.335437370337644,4.198534439999424,31,0,7,4,46.15253560064182,5,3.0436027128502565,No
43,15,Technology,17.695621188954718,5.875534382030467,25.148118577848784,4.06582355204179,3,3.2087397207049753,43.734741744588035,2.0060870512332825,6,0,9,3,19.126305178749046,4,3.9836826999398998,No
40,20,Sales,5.8062034187066525,4.976868808032607,15.28166317455438,1.1297401225390513,3,1.8035484783114837,70.27470455979335,2.091606987541584,28,0,7,3,30.287393554419033,4,3.0287786531161167,Yes
29,16,Operations,3.038298913695124,3.038298913695124,13.802173945777895,2.0300392700134378,5,3.811452048642087,66.54624768674252,2.397029934879795,36,0,10,5,10.42415623780628,4,3.158788297124644,No
32,16,Technology,3.8752626374220767,2.3263806842234303,14.129220961551612,0.7463279088592091,3,3.101532229825744,57.03722696460632,4.166609257857215,81,0,12,1,55.58191564413115,4,4.994870464501128,No
26,17,Operations,1.0520346016631412,1.0520346016631412,8.520596364176114,1.6708713265072643,3,2.7249846663373565,44.438433432721475,2.7747923855640195,19,1,8,4,8.390418840322138,5,3.4201507563038915,No
37,17,Sales,8.490708770189856,1.023640263599739,16.669406829320682,1.8573759200120155,3,4.1237776194985125,40.777164765148875,3.5178273850535966,22,0,9,6,29.826766625836033,1,3.8079283036599527,No
46,20,Sales,3.4707834922956824,3.4707834922956824,11.121573465672906,1.5087031547192071,2,3.618819799073959,77.81485826238065,3.215380356446305,30,1,8,9,34.96725510464102,2,3.8726670150968916,No
44,15,Marketing,9.06035922958483,7.58511090305094,13.242400089950303,1.1251558309540128,2,3.312802157176008,56.95393054385228,3.49328516367718,84,0,15,4,56.546830634379496,1,4.069928255190967,No
33,12,Finance,16.782587510636986,6.980565875698883,15.37818330412832,3.002204736057606,3,5,60.52433824377293,4.989643452340073,42,0,12,3,16.806846956191407,2,3.256388146851271,No
43,15,Sales,3.2652819873523393,2.290405424059199,6.689247834340896,1.2631755819452375,2,3.122157176063444,64.89951762375546,4.403719671822522,52,0,8,4,56.40371641637711,5,3.1885051967217004,Yes
30,19,Operations,7.551918178983837,2.736197165062169,12.827951682502187,1.671515551529293,3,4.292258065348022,47.561254908400464,4.181792925317408,29,0,8,4,11.497333655852268,3,3.9995174983709796,No
22,19,Technology,4.441857744946727,4.260801431808,13.868567923936038,2.0183575231108315,2,3.008183138727501,79.98086658548696,2.2630609254976513,33,1,7,9,25.543757294428133,0,3.138114821006434,No
31,15,Sales,10.609240374514785,1.1975369135341352,13.600209540044096,2.4342493263400935,2,4.118354412547658,51.30782724800763,3.5891313372819242,36,0,8,6,37.35264014525344,0,3.5337013830989905,No
29,18,Operations,6.4239905810226,2.590562379433996,12.874280814159407,1.0295384797678437,3,5,48.03199196332344,3.7203037801570655,24,1,8,3,36.37342039390217,4,4.053396986053871,No
32,17,Finance,5.161427237496711,2.8559473739022714,9.365978476561287,1.5515015779862071,3,3.6914632724053984,38.06397214079124,3.7898964275287286,40,0,10,8,31.248192354677396,3,2.778446210188894,No
38,18,Operations,4.449754326985766,1.7772411305353593,9.139824593123425,0.5826898275309627,5,2.8794183373486475,92.89529623147023,2.699066243062952,32,0,8,8,52.498010049451175,5,1.7856323843470376,Yes
39,15,Marketing,3.518161159725139,3.518161159725139,8.184651469430094,1.4110192847273544,4,4.708782207147321,46.328348651061404,4.723248409437878,34,0,9,7,25.620857130046446,4,4.507102026040823,No
45,16,Operations,3.036634638558032,2.193883498398593,15.694052193775038,1.686744990771783,3,2.8082758173455864,54.58312235943528,3.817185186187534,45,0,10,5,27.2900179811296,4,4.418321915436481,No
25,14,HR,3.23063244552935,3.23063244552935,9.133088197958392,1.45473364393325,2,3.828579720235916,84.91680963247414,3.59054244297942,21,0,7,6,37.64584939969728,2,3.6528359999376563,Yes
43,14,Marketing,15.432774180067721,5.201362906861779,17.414505242537377,3.261513555839513,2,4.494093529125024,62.32981566073953,2.583925349795189,10,1,8,9,41.539287002391816,2,2.5456953881496918,No
23,14,Technology,6.603677785092184,6.29030874106951,13.009214577073237,2.5924205854077766,3,2.5941918442733476,58.283828491251555,3.617090708931196,52,1,9,5,7.163191937210994,2,4.026618588712784,No
36,17,Finance,4.128709959445565,4.128709959445565,9.996361770625395,0.7844985576830814,3,3.094698436894062,62.73904209565127,3.396475634300354,36,0,8,8,14.454212806475375,4,1.917697644280167,No
28,19,Finance,0.3559137936730812,0.3559137936730812,7.745241041875762,1.052594914180589,3,1.8224550763168672,58.94519824483315,2.826391284650516,11,0,6,7,38.399818730976406,5,4.992730225878407,Yes
33,16,Marketing,3.4680628704758916,2.435316744871934,12.80439032932424,0.7076379204902946,4,3.2269649818534565,46.03168070079198,4.48706189460014,60,0,9,6,23.612635077113996,4,2.8892760241221165,No
39,18,Technology,2.3523190331361046,2.3523190331361046,9.7249492511247,1.0359520500634716,4,3.1091731022403932,59.94267628690814,2.8226612670511035,30,1,6,2,20.47154665068963,0,1.0252545887038385,No
46,16,Technology,1.8672174114202718,1.8672174114202718,12.35407249646805,1.093844990707623,3,4.22283165354495,53.984525150830976,2.919561668585709,24,0,5,5,11.691990842286058,5,5,No
36,15,Sales,5.804728989209666,5.726201664579932,9.672890387258956,0.8086131100842457,3,3.796828746262321,53.285312385369515,4.502460606793589,62,1,12,7,29.202973546646405,2,4.681420782956814,No
29,13,Marketing,3.9346003988842515,3.43546428429471,9.255340688233552,1.7646535694749292,4,4.5097442205815685,75.82062760587212,2.713375639243185,38,0,11,5,22.005022394823648,4,2.4531696692127856,No
32,16,HR,8.225220869150613,0.32756757671544356,20.38295105481449,2.0656179868969113,2,5,68.21156686759042,3.720329294940395,20,0,8,4,39.553760624701994,5,4.547243494965588,No
28,17,Sales,1.5400056214892712,1.5400056214892712,9.970761371205937,1.731860509767611,3,2.30154494659977,72.88986964739549,2.791433476215235,100,0,14,5,36.881284371304886,0,3.7885404371335563,No
45,20,Operations,9.905923118198436,6.269415205714255,12.281030250522456,1.4577478246317268,4,3.2830626329937393,55.41707842063785,3.303820409768815,25,0,8,6,25.632856961391425,3,4.470734651887402,No
33,16,Operations,3.8220931685127164,2.9258962192658107,9.561061426284828,0.49151818407625614,3,4.070781477669421,65.85704269703098,2.8907858525183983,20,1,8,7,52.57639835786707,1,3.04625163222554,No
48,18,Operations,1.4739832317218144,0.32011448418993466,7.995768596769589,0.6756407806891276,5,2.900149192195007,64.95487689188634,3.395261881390241,24,0,9,8,27.822346239251452,4,4.988509086538385,No
36,15,Finance,5.053261332169497,2.8075530854748902,12.14399325777866,1.1393218827122398,3,3.7958073522922477,73.29481978663472,4.300581052286661,48,0,11,7,28.3402908670279,4,3.1557155956629193,No
34,12,Operations,6.250931970869788,6.250931970869788,10.638275857207706,0.9336582340538984,5,2.926508724682514,48.97546672412206,2.681807592004179,28,0,7,3,23.96851970770018,3,2.9856648054593555,No
35,13,Finance,17.016015193821765,7.084114165515053,22.27846039303082,4.148196589017798,2,4.015968102483559,59.15215473108643,2.2994804769365107,16,1,9,4,55.67428707526098,4,3.943210868424396,No
34,16,Sales,9.592539003683786,8.277432438347814,10.66103023493789,1.3982954977055306,2,2.4115281458259883,78.63649464026918,1.8972812168546294,14,1,5,3,11.18188720499434,3,2.714458542306012,Yes
38,18,Marketing,6.3397826911972155,4.157490954731965,20.31708921557215,1.7156261804349384,3,3.487667808140822,67.81817669105246,2.7770678225747507,14,0,6,5,20.109552549896204,2,3.3626774766446665,No
27,16,Sales,2.6050887399969946,2.6050887399969946,11.200943196691602,1.4356401483930845,4,4.633663768071865,55.68544590126591,4.993931543979878,40,0,10,9,39.30671904559137,5,4.422593411034312,No
40,16,Marketing,2.4298960512706884,2.4298960512706884,8.320367174778154,1.047954723165308,4,3.80623701340583,93.35047181197481,2.9897315428667772,33,0,6,4,13.967282873105273,5,4.034689873281277,Yes
46,18,Technology,6.5378293774541945,2.9774541137212176,8.303427271659777,0.9023920555099328,2,2.6844489095701642,54.03156830679709,3.4814452129804505,45,0,12,4,11.92518424943212,1,2.5625221661463793,No
41,18,Technology,5.604815706844589,0.9980240811077339,9.719833319080802,0.8392138691766001,4,3.9184094011627653,74.82133370985997,1.6136279271263738,55,0,9,4,34.4585535127894,1,3.377067242334753,No
33,14,Operations,8.219581880041735,3.871334558827249,10.292208891566789,1.4439296163295918,3,3.7051620657669533,51.505804658095414,2.3854604367243186,22,0,8,6,51.75450579626581,4,4.188578330851902,Yes
42,19,Technology,0.7897242302167808,0.7897242302167808,14.321717492339902,0.8789883005187441,4,2.0752617324276157,54.458410812153375,4.190770418160056,27,1,5,5,12.048218316160769,2,3.3497543749066567,No
37,14,Marketing,5.484545671974198,3.60619564874729,9.416148329328033,1.0929015347243685,3,2.9943203254125432,72.6146101523435,3.403787720313886,50,0,10,5,14.796050980788673,3,4.979578538845367,No
44,14,Sales,3.2278466532510603,3.2278466532510603,15.33682187595951,2.976183369694625,5,2.8036525280431457,68.60113447109539,1.298854592271494,57,0,8,3,5.116435234479959,4,3.6342214397991524,No
34,17,Technology,7.152554051381453,2.484955137972574,11.2788303280461,1.6396022494458613,3,2.913193682373266,60.695682279143384,2.217286661817221,44,0,10,8,24.009589198890534,0,1.868971969769229,No
29,17,Marketing,0.8130122175580903,0.8130122175580903,8.116760544037074,1.4716754322284196,3,4.09927481972589,63.85342904031212,2.5020467089420912,28,0,8,6,14.56115134780547,2,3.5896512977210944,No
41,17,Marketing,5.288083006718685,0.5989331873244289,8.625739265174092,0.5128034737799814,3,3.6338691727057477,79.95198629183488,1.913422995012476,15,0,5,5,12.020810166102988,4,4.300832406094917,Yes
40,12,Technology,5.575193064700998,0.31213125094358185,12.71745057777368,1.9094904125699568,2,2.6022883076752783,48.65888155101385,3.589367246624316,7,1,5,4,15.400457424428042,1,4.151443724095367,No
35,17,Sales,8.097209153390507,6.194943522477379,11.58349427735919,1.88322197317766,3,3.4012190870844696,29.9263974325803,3.59120994841027,13,1,7,7,22.771521078550286,5,3.3422168417848326,No
21,15,Finance,0.9141656663356502,0.9141656663356502,6.457980858421853,0.8841596292037629,2,3.6726343717268666,40.02129370036511,3.5944543614823066,23,0,7,2,24.963190008873088,3,4.2132865396116825,No
24,15,Finance,4.445041955785545,4.445041955785545,11.847045096524665,2.323955317534899,4,3.30975804589909,47.84440529701412,2.936767654122543,50,0,9,8,20.37013711206976,0,3.2518943215041447,No
45,19,Operations,0.3,0.3,4.943296901217739,0.5558592087636812,5,4.0217038953502815,57.56230745050962,3.96407198538173,46,0,5,4,51.18894685307609,5,3.488113195546092,No
26,19,Technology,1.5220524015871149,1.5220524015871149,7.758235372337837,1.0507653708844134,3,4.170178918513263,72.83223811631827,3.9996030787686565,35,1,8,6,51.04821199485924,5,3.659843173589599,No
25,16,Sales,15.889041467001578,4.81000425153376,19.546524431871006,1.1937755215484651,3,3.965408598949592,84.1341411712305,3.917902197610074,13,0,9,5,63.8998366668448,4,2.9839136229388026,Yes
21,18,Operations,12.10291037078991,1.0227791417138343,24.099044708750434,4.796802600481192,5,2.8919008222678135,53.04727430765141,3.2359095513829925,28,0,7,3,67.75067257923851,3,3.5555303148698436,No
28,17,Operations,10.849848474987196,6.22202483977979,10.63604283480714,1.9213530442789681,2,2.9132699922894743,63.85859812738441,3.390578610894672,34,0,10,6,38.01421264095419,3,4.087967619837443,No
41,16,Marketing,3.305539669824221,3.305539669824221,6.925846827154613,0.9001569165632188,4,2.9849566635342866,69.6003544023979,4.9991852051851735,15,0,4,3,39.25704281101235,3,4.9587480124952,No
25,14,Sales,8.820804151054094,3.5272399678367456,13.828493083888889,1.1409764312967139,2,4.5899658445738405,75.34372370093706,3.3953382374772896,36,0,9,6,51.889884915123744,4,1.284305341283008,No
36,15,Technology,6.649569544570577,3.447704962314953,16.388722234076674,0.9545232783126526,3,3.3813013267263528,39.283159147179965,1.427929702133839,30,1,8,8,18.577889504657342,4,3.184990521671797,No
26,18,Sales,3.861422449062674,3.861422449062674,7.470449248490512,0.6913300406769461,3,3.4807540886030535,66.41760230715903,4.786150331980652,32,0,7,7,51.53643232058471,1,5,Yes
43,18,Finance,0.4407438820470714,0.4407438820470714,13.872918790676202,0.7965710761240685,2,4.011827333707687,56.70517865739564,3.783533528303974,36,0,9,6,31.032577854744037,3,2.918727812438325,No
37,16,Technology,1.9136060138775717,1.9136060138775717,9.88802793966618,1.6683217818163785,4,3.291070906435278,55.117834739708236,2.6225903369655668,33,0,9,8,12.056680364348276,1,2.999031855710761,No
43,17,Marketing,8.185339539362339,3.8101229024504124,10.794707088933782,1.9741892851254401,5,4.215570234244019,46.96050099125691,2.081409715914633,74,0,14,5,17.598878844508963,4,1.6945958040422207,No
22,15,Operations,4.5210275784503535,4.5210275784503535,10.95663526160634,1.154752620902391,4,3.596752169707984,79.35411396141528,3.123041350199413,38,1,8,2,35.335382479561886,1,3.160805955022741,No
41,17,Technology,0.33074892206016515,0.33074892206016515,7.871184309892018,1.285238621809964,2,5,95.626092093136,2.300814002900018,30,0,8,4,10.14900543433504,1,2.4735598554417506,Yes
28,16,Technology,2.981799125602742,2.981799125602742,10.137839763315338,0.6820647221717808,4,2.5920467611760634,60.58603886277341,1.3134342384501598,35,0,6,6,28.445090816263413,2,2.7887067427396737,Yes
36,16,HR,0.9888412200486993,0.9888412200486993,14.994866236550921,1.6723097686332218,5,4.229070038903339,44.51205893761499,4.092762018187399,13,0,4,2,23.222332068387324,1,4.10724396019239,No
36,14,Technology,9.097923605055499,7.026240586823874,9.661729295248396,1.1229934364390042,3,3.4747417173254744,57.28943279304619,2.913376128107459,58,0,10,6,20.60008915762468,1,4.020924347744028,No
44,14,Marketing,5.679578924780547,3.8471194356224365,13.91995749646469,2.378370056934885,3,3.193688453154968,70.43452854185587,3.398477542938916,18,0,5,3,17.47243640995952,1,3.8568134433740813,Yes
47,16,Finance,2.153251433957244,2.153251433957244,10.511097339177297,1.9146505688674826,3,3.2022829412008527,55.130828764343725,4.101388411078602,22,0,7,7,30.600339512276364,2,4.3131047241141705,No
35,17,Marketing,0.6353686543723773,0.38249857538417514,9.4519887625469,1.0541653326305742,5,3.6880706416412945,62.206521346239036,4.200199337715496,40,0,10,6,21.506740808530047,0,3.6665294975137703,No
31,18,Marketing,0.3866602292093849,0.3866602292093849,6.6979778995258386,0.34734146752402306,3,3.402618279967941,58.421943139817245,3.3953093484663017,32,1,7,5,27.391966504006906,4,3.5866332698506067,No
23,16,Marketing,3.990509182131518,0.3682907688682834,8.664410853864434,1.5322697116632316,4,4.315812750695749,49.68345457433891,2.8184510393809945,42,1,9,1,19.085674259844406,2,4.45291179281313,No
32,17,Sales,0.3,0.3,5.61352167027442,0.3824073599030133,3,3.372168470996176,27.383102139034964,4.299313273804926,23,0,5,4,18.202646027996035,2,3.3076191268079045,No
32,18,Technology,12.404906822212425,4.378881178838248,16.679216129752966,2.65924225160106,1,3.002660887582952,88.8550292725874,4.117154032667466,18,1,8,6,27.862847069033702,4,3.382606020408937,Yes
21,19,Finance,7.390847305778563,6.8217223551485775,14.624170918798166,2.147747471676133,3,3.101348345102619,63.29273694343862,2.574199312754723,26,0,6,5,29.95737926232975,0,3.8422231945622922,No
28,18,Operations,3.9307655509210493,0.3172011942230936,9.869491194044427,0.6993471523117282,3,2.8774697026826854,74.24020293778499,3.0902208503952244,36,1,6,5,3.9528253084897687,5,2.098558589728001,No
27,19,Marketing,5.223285046931812,5.223285046931812,11.343632059156995,1.9911547792387805,4,2.9080390285467113,40.78823992322714,3.0967396663707802,30,0,8,3,16.75590391528249,4,3.746545930466342,No
47,16,Operations,13.950083639374412,7.138198625504743,18.75920909550581,1.7368558599362363,4,2.3807493024907083,54.5231875617816,2.699259625159662,68,0,12,3,36.94393076122201,2,4.063789727847054,No
33,15,Finance,5.401427264908599,4.476105640492303,14.622333823079737,0.8636790951197066,3,3.213585540468089,93.45440913107103,1.32698826356648,20,0,4,2,42.5941237510766,2,3.0967466725918915,Yes
27,17,Operations,0.4955166036635802,0.3,7.601085947725905,1.505114111624674,4,2.686159617039488,57.43270611060446,3.113465629218145,31,1,9,5,18.462961943728722,2,2.9190177962499195,No
41,15,Technology,0.6219895458146888,0.6219895458146888,8.473956518788963,0.8018745497887972,3,3.494290360457755,39.52209447230515,2.293567205464216,46,1,8,3,14.793772644126337,0,4.533515990895081,No
36,19,Technology,1.795622548743655,0.7218387363828769,9.362075222407043,1.6803466072342723,3,2.3035685653296736,15.45403395752678,2.9188159479679787,27,1,8,4,39.391512916268276,2,1.3114366322907645,No
36,17,Marketing,15.955158990079626,6.875472640197292,24.32468754154778,2.4785033841949704,3,4.2050160237720435,80.56640465316279,3.211763117523215,28,0,12,5,16.339830910298932,1,3.643544614691843,No
27,14,Sales,6.031489314409076,5.601709586722676,16.138777452012775,2.5175612277503014,3,4.874910918631589,61.96187423175947,2.4858914910721808,15,0,9,5,23.97731924188881,0,3.5035959829004732,No
33,19,Technology,1.966110473589046,1.966110473589046,13.137470835657803,0.9345243364777424,4,3.710919302947743,58.667162740747614,2.2135399517835848,20,0,8,6,39.54873906457785,0,4.048022829376344,Yes
30,14,Finance,22.5408337358769,3.931429782379593,28.47597225268149,3.0612525529373578,3,2.7779150339590326,78.29287067797713,4.613959448524782,19,0,9,5,6.854850814525863,3,2.3128366567196,No
31,17,Technology,0.407745359147157,0.407745359147157,10.931596140758092,0.6170687176975157,2,3.7671945506435303,68.20023781255199,3.80841022650295,50,1,10,4,21.346806311350942,3,2.9285470776846725,No
37,12,Marketing,3.3847134619378756,3.3847134619378756,10.281790395830823,0.5497576143050985,3,2.8086607127998913,36.394995168872676,3.3092225507056034,33,0,8,3,27.635726057540587,5,3.912990131631337,No
39,12,Technology,4.454223523053527,3.314231222747473,12.228935337915557,1.3634977258523215,3,3.769687817416837,87.41683476763399,2.9048499932983374,41,0,8,6,29.087934268915927,0,4.436437416050491,Yes
28,14,Sales,5.237224311703722,4.318935608505658,12.684052165762838,1.8924160691336491,4,3.3904300659823394,42.767077389200594,3.386296506067285,73,0,15,5,9.84093671409471,3,3.571928115242718,No
48,14,Sales,1.0014751914083988,0.34964787553240734,8.295379689266982,1.2277208477182397,4,2.4960301298407273,57.52741335142353,2.668083364976235,27,0,8,1,16.7007181285055,5,2.4727482464411383,No
37,17,Marketing,0.399470597930445,0.337175988035907,5.075552820359516,0.8470574512834554,4,2.989044248429994,71.70181348554021,2.1782461055375304,14,1,7,3,16.124143462421195,2,4.420345608304554,No
26,17,Operations,1.332894182682467,0.3,6.927303647672759,0.881557521760646,3,4.174450401337474,45.970702710759646,2.400720188641323,49,1,8,0,30.06336778415292,0,2.995753931439824,No
27,15,Operations,1.887973770218671,1.887973770218671,8.04871289663351,0.46954305287893344,4,3.675217633263679,59.81666197050068,2.497954315875136,26,1,6,1,24.88371954040462,5,4.720516385257495,No
44,15,Sales,0.5803191241287151,0.381975971106163,10.425232228989891,1.9661752289140872,3,4.910444206426394,42.56465070435548,4.289270004641946,41,1,8,4,54.28219090418215,3,3.3484029759287357,No
37,12,Sales,6.006287637818218,3.4872392298449433,9.682124489450448,1.3009894625007696,4,3.6017917710644527,54.979649977882936,3.983585392856729,31,0,8,7,15.536518901040214,1,4.745244831864901,No
44,16,HR,3.0410682774850337,3.0410682774850337,8.141326069426624,1.5376424591514415,5,3.6543575869211335,37.0146309297352,2.2262013844629123,82,0,12,4,57.065246099131734,3,3.442562103375196,No
48,17,Technology,9.029056401439794,2.3422389363465306,17.664491865975762,3.2128357726130745,2,3.5259616321107647,47.239829887947096,3.6100852177238942,27,0,7,6,44.00663333035795,1,1.7341690575942692,No
39,15,Operations,3.529458192760395,1.2267900343371667,15.253208354764597,3.0244031102210895,4,3.0770587411898846,41.449908398760726,3.0060736234451473,38,1,7,10,22.143747545425693,1,3.516186736069288,No
38,15,Sales,1.167117397146253,1.167117397146253,10.596102148738641,1.329098902276002,3,3.1125435683780482,77.55616803219517,3.187630306997315,16,0,4,5,32.904180829613715,1,1.4214762086523223,No
38,18,Technology,0.3,0.3,12.037333743252955,0.6090134029029783,4,3.820037633796983,85.18970478375942,3.2713220768655784,14,0,7,1,43.55738811942472,3,3.588232072658347,Yes
44,17,Technology,3.0265665898917495,1.623337059924801,11.40196468984078,1.7228042971130586,4,3.789194369757572,86.3361211579708,4.220056350264046,11,0,4,4,46.64775433576626,1,1.8425760975282692,Yes
42,15,Technology,0.3648425286927383,0.3648425286927383,6.736112820826457,0.9705683454883376,4,5,87.48453937364381,2.4303674935877244,35,0,9,6,79.81149269037056,2,1.677483142041345,Yes
48,14,Technology,3.9250062866033795,3.9250062866033795,12.209228216617669,0.8456981415210005,4,2.1134205433557454,68.37672970705712,3.5128766679066064,19,1,8,8,69.27133884099139,5,2.7922822409790276,Yes
35,15,Sales,4.611534863289736,4.611534863289736,8.559835719407626,1.5108120358576853,2,2.8910070439319235,68.9280373513788,3.001922920260447,27,0,10,3,31.0006414320514,0,3.018468112239071,Yes
41,20,Technology,2.9638610195734336,2.9638610195734336,9.403858612385093,0.540020973902166,2,2.702162989747496,39.84107308434233,1.4056422967008642,43,0,9,3,66.95698556999048,5,3.8886768388941486,Yes
37,19,Technology,4.086594694396657,4.086594694396657,9.438882125410156,1.42874182884063,3,3.3961377343068464,85.61287753432622,2.417709147687481,25,1,7,5,28.822474349231328,1,3.248704161728459,Yes
41,13,Sales,1.7489893159191574,1.7489893159191574,5.883593799242148,0.8400683801757882,3,3.5008367995555423,74.08648567082855,4.8861533497894465,26,0,8,5,28.696723331454475,2,2.4076342089353058,Yes
44,19,Sales,10.801092674298719,5.659613439084955,8.401764972826648,1.0090538092638741,4,2.694402094998357,70.85029156953884,3.0920486064749806,10,0,5,1,53.52245552018924,0,4.5954967101590105,No
38,16,Technology,16.62303807191211,4.285812193973392,21.10306951702703,2.5216862601536683,4,2.1051859217915596,48.719606425216774,2.4826749638134524,66,0,13,5,28.231063471306186,3,2.851659751751505,No
35,19,Finance,5.289571798052196,1.910303887268609,13.04507576700436,1.088891153575024,4,2.7908662349825666,59.28429452628969,2.2796200822904136,20,0,9,2,27.192434983400847,2,3.556834692036555,No
46,13,Sales,3.7247538557972812,3.346648117358062,10.235886574599892,1.2177163171957215,4,3.8717921834218036,87.04454226109493,1.2110012094714542,29,0,9,2,20.283315867809435,1,2.3279736873723285,No
21,17,Finance,0.5199650193102782,0.5199650193102782,7.845940867173275,0.48315404864454203,3,3.5878329892056997,60.35151672621106,2.5076985796463784,28,0,5,3,7.838421340316702,4,3.312476871569626,No
37,18,Finance,1.693906213066078,1.693906213066078,9.17995307538949,0.7825312539930368,2,4.09908848586222,60.680183960019974,2.800432827147394,57,0,10,6,47.95956777289159,4,4.32346560304906,No
48,16,Sales,6.915197693450454,3.4664419707802128,21.775773197796912,1.823206258725428,3,4.507000860561594,56.703647081261266,2.7890075806490393,43,1,13,5,78.62083039521319,2,4.484278575612315,No
31,18,Technology,14.748091048099313,5.423859381229191,19.813881744478945,3.556416252300556,3,3.5710127095876154,58.265738564980026,3.6859364770395198,46,0,11,4,12.328412466661984,5,4.163008943798262,No
42,18,Operations,4.27278027795505,4.27278027795505,10.956813046340239,1.90903704262811,5,2.9794128549343486,66.22638977015498,3.2289154815675163,21,0,6,1,34.286913421785606,5,2.75765519717928,No
25,14,Technology,1.2584299544259776,1.2584299544259776,6.179175444905685,0.8210543325039452,3,3.2799544088829737,70.30625154425199,1.9180526638550823,33,0,8,4,31.281394923244154,4,5,Yes
33,13,Marketing,0.5931758330606658,0.5931758330606658,9.421981038171392,1.41915459639686,4,2.8973872941799197,70.97286336173619,2.8077310618613587,20,0,8,6,45.47001028632277,1,2.9285611463137404,Yes
37,16,Marketing,17.438869869253814,10.53477288064565,27.77182563569713,3.807326220514957,3,3.5961375544643612,37.217392295172495,2.7899129501852804,23,0,9,3,19.528015634022115,3,3.11735019274251,No
43,16,Finance,2.398080081359618,2.398080081359618,8.23115870392488,0.5604703821251101,2,3.0964692411628776,70.78370936810492,3.7101898890560396,11,1,8,6,7.752407997905442,1,4.635824178477523,No
26,14,Marketing,0.3,0.3,18.40390396910778,3.250750503258344,5,4.324914582962035,71.9968844463147,2.491844507991618,51,0,10,7,29.448030193819413,2,3.4208633965662734,No
37,17,Sales,1.5198394363078138,0.8473504988290772,9.732447689135832,1.6553741432941567,1,3.133847653960268,95.61340715676721,2.2736373430862384,24,1,7,1,35.61751926567687,4,4.226197908120189,Yes
44,16,Technology,2.133182881742553,0.31035497459378103,12.037016364539811,1.5520901429752938,3,3.569224451838612,84.03431707166759,3.8080734581638205,29,1,8,6,31.080324697033053,2,3.471768760516361,Yes
35,17,Technology,0.8980526575082773,0.8980526575082773,8.179507560833336,1.422464121829633,4,3.505455935756809,87.68315966402126,3.703029776899133,18,0,5,9,67.64534874033436,0,4.89480610022318,Yes
22,19,HR,5.972243128896836,3.7438655614402663,9.142512251935765,1.6547852048840066,3,3.509645099456041,64.99556740787934,3.0018966006758845,44,0,9,6,25.841006013894116,5,3.2226853284958015,No
28,17,Operations,0.3227437327841393,0.3227437327841393,7.099378388422008,1.3828967724789472,3,3.6065153422537732,33.50030260557562,2.910216605525436,19,1,6,4,62.918508384491304,4,2.8865595235974757,No
29,16,Sales,4.252389886365835,1.0595586277709146,10.98042745578903,0.6692366854236345,3,4.204405401576239,50.266571830690765,2.0022722900508687,29,1,10,8,16.32629912702804,3,3.453302417402067,No
34,14,Technology,2.3969723374080836,0.3,10.168853608639372,1.5035549086595366,3,3.709287849866375,46.26740609625552,1.371625592522277,44,1,6,9,79.7122651993575,3,3.302330582363083,Yes
36,16,Technology,0.44662814261568184,0.44662814261568184,6.3649115459740475,0.4110290490463082,4,5,84.0403812463467,5,38,0,9,2,22.023992658893885,1,2.57824227688198,No
26,14,Sales,0.9675075742140073,0.9675075742140073,7.647751702789422,0.7472760432008698,3,2.8021490810565672,64.94181072111215,3.3043342235917934,60,0,10,3,52.18363346117056,5,1.618937695856797,No
40,18,Finance,1.9303799071978691,1.7926699767504137,12.330737066958049,2.364311580926052,4,3.5204932864915777,70.0581186171342,2.428603274924369,36,1,9,4,22.100991032008395,4,2.3907361218357375,No
28,14,Marketing,0.7380738266962305,0.7380738266962305,9.062514916520685,1.1874984345923036,3,3.7109668204350026,39.96119884757939,2.8092454305431813,13,1,4,5,37.50775745870966,1,4.295083956206902,No
42,17,Sales,5.476883829809388,4.668294239270948,9.354957447096636,0.8064113538275232,1,4.388279223907567,49.32987384518393,3.207704936857607,27,0,9,5,25.33453052633697,0,3.6264135444417422,No
30,18,Technology,9.028383784644818,0.3,9.008842062113409,1.4533595023110293,4,3.5791019986135852,68.61598222705946,1.7722016629058537,23,0,7,6,31.05430084326911,2,3.4010751299132798,No
36,15,Technology,5.347457170388822,5.347457170388822,11.157924279624364,2.2345343100845794,3,4.1114928585356,61.265565609470414,2.782132053426485,12,0,6,3,37.85178572577024,5,3.1030709812674013,Yes
38,17,Operations,2.2396988898740786,2.2396988898740786,8.784333888015803,1.1461880325280374,4,3.991433391245595,50.729649803007554,2.274953274657618,27,0,5,6,29.982642252906132,5,3.0740049296012026,No
31,19,Sales,12.281021170312831,2.9969566408856565,13.904839664959262,1.1469806902437574,3,4.50956082846609,41.94614929277917,2.9046418364286644,22,1,7,2,27.74009932937832,2,3.7327439421297024,No
37,17,Sales,13.452541382267757,7.467901731874203,18.514714605927747,0.9660113423611023,3,4.081996765186033,63.869475304512946,1.997928255250465,20,0,11,4,59.983428851543486,3,4.515611229188541,No
49,17,Sales,2.8182598242540227,2.8182598242540227,13.633503065871693,1.8447375264881758,3,3.791145068504816,59.20912947350076,3.104868079696021,29,1,6,3,40.191078781821986,2,3.304360983923928,No
26,16,Sales,5.798751715765284,5.394162813285003,12.68280413415055,1.6231573927006198,4,3.9934683694757465,48.013827757229784,3.2091507519064146,43,0,9,4,50.10873705064927,0,4.674587176999638,No
45,18,Technology,21.51935720924082,10.711956278470737,21.47900504248655,3.5045062080610294,3,3.019457172675012,38.852314664290766,4.192561544109585,21,0,8,10,27.05485642947584,4,2.4957315227155816,No
38,15,Finance,2.9345005396639996,2.9345005396639996,11.646177785557807,0.933067513369211,4,1.9289081982891478,56.10684270894216,2.5124314591156893,6,1,5,2,17.17033691025228,0,4.180485362611737,No
27,13,Marketing,9.942829717386694,5.532415464887036,16.43385187023076,2.639313283828009,2,2.689484323247966,86.60340329917186,2.2253773626851836,35,0,10,3,23.361018527398524,1,2.5878186953761073,Yes
22,16,Finance,1.2439380399965339,1.2439380399965339,9.696540307920403,1.4574569293227662,4,2.29665298389983,65.86504598736309,1.9095261979934117,36,0,8,7,17.248077402993943,5,3.1901925669170286,No
37,17,Sales,0.4184637656151066,0.4184637656151066,8.855043184599737,1.3007021063493263,3,4.9958608711609624,66.30910469901082,3.6078949246001737,34,1,4,4,58.55475859266679,0,3.9727799692618797,No
28,15,Marketing,7.165156774461641,4.1301951839335915,12.122199597072113,1.2617023408465324,5,4.192475245158846,65.93655492227403,2.7877057863474826,28,0,9,4,24.796231708193925,3,3.1192644909463527,No
44,16,HR,0.8315546452125682,0.3,10.979397150984616,0.6675594176504477,5,3.1862874072662692,49.97227995794859,4.9981628668765845,31,0,8,6,45.806391924209606,5,2.149886960196111,No
31,17,Marketing,1.0651199224336285,0.3,11.816357262143235,1.4652766864863045,3,2.791538777205449,52.57961790124467,4.2857472654262985,23,0,6,8,27.05913302738763,0,3.966281242750875,No
28,17,Sales,3.0171040996750134,2.1906810989082355,9.12162498369927,1.6423619516520453,4,3.5751946915918866,87.20681146581379,3.5885146871903473,32,1,8,6,34.97205758121478,5,2.6268034524835095,No
42,17,Marketing,8.093078253199186,4.036952470869361,14.189662214153522,1.0645656617437074,3,4.104154178212051,79.08026085174741,1.9021961867664796,49,1,10,4,41.858514058058454,3,2.8424401234647525,No
41,19,HR,4.0216904935635736,4.0216904935635736,12.036962969589595,1.6822022195575288,4,4.015159694768787,65.09877859410022,2.2259925370473743,16,0,9,3,33.33097322104881,2,4.313117181765229,No
49,19,Technology,4.054647806045938,1.6553227560864598,8.920831355503143,1.7796240905900067,2,2.7124906054636777,78.35286099292797,4.509892975632288,10,0,4,3,28.96666512347791,5,3.7469656301211565,Yes
46,16,Technology,0.44092900987974637,0.44092900987974637,7.485101441120035,0.5116806245146792,3,2.811861741859318,69.33927565211066,2.11042842863223,8,0,2,5,5.7895311138019325,3,2.758600718898103,No
44,15,Sales,0.3088339231728461,0.3,11.095500973682077,2.1890818719969465,4,3.5324731425993527,56.99126974751225,3.185279449459704,23,0,7,7,18.385492653675698,3,4.287281139921068,No
21,16,Operations,0.3,0.3,10.68878092939801,1.2430523398175115,3,2.5056066675993134,65.1209330225883,1.034115028723048,69,0,12,10,34.27894909005789,3,3.446457823857978,Yes
43,16,Technology,7.587742453416085,0.3,10.653405092014221,1.9409994893723734,3,4.095148396611053,75.26520388056754,3.40725062452651,53,1,11,5,14.628773471591233,1,2.345869829299803,No
28,15,Sales,4.554009038357128,4.554009038357128,16.52277302375935,0.9799058677409545,3,4.984157843057248,73.12180770607436,3.8855575200725276,14,1,7,6,30.344231515527564,3,4.206702910205121,No
29,15,Finance,3.0033972764058854,3.0033972764058854,9.620018385603032,0.48136319636915564,4,4.8922068183381855,41.43398112769248,3.9016088690765613,38,0,10,4,34.45220776928464,4,2.835036692642784,No
38,16,Finance,1.3689031729607135,1.3689031729607135,9.41771891166682,1.568382718053657,2,3.104820980520737,57.54727694936807,3.322927312302569,37,0,9,5,8.114384076734492,4,4.280732407210342,No
26,16,Operations,1.6083173046824673,1.6083173046824673,8.014454354884396,0.5989524594091065,3,2.1972216608621213,67.01982566955621,4.078446460721911,5,0,5,5,33.001205644936775,1,3.3624748628612906,Yes
50,15,Sales,12.124741105675882,4.6941686512227925,14.663927011338064,1.818081213749157,3,1.9580582163422,74.79513893012388,3.4947057505446715,20,0,8,6,24.02729473179355,3,2.319759723173279,Yes
39,17,Finance,6.027133672972221,4.115230569094328,13.234758927724128,1.629027250006338,2,4.736663069495208,75.29826574329533,2.681281231396953,39,0,10,9,42.41153497294291,3,2.749769921367225,Yes
28,12,Technology,3.3231987476179214,1.0799473958393133,13.20623088038543,1.5135677007522443,4,3.6024537229308775,69.77042452133301,2.9095709637088714,42,0,9,4,4.858651157784559,0,3.4678861585224765,No
37,16,Technology,21.79983398819849,6.9527751244758464,25.94672348741353,4.4509992658820385,2,3.0148275147367083,78.99112088301538,1.2844546865084046,20,0,11,4,45.05190450374079,3,3.6167074760429117,Yes
45,12,Finance,7.885911680835643,4.902567695488247,11.957538904121629,0.7075295009812358,4,2.99133586839703,72.24646952172951,3.20470632672148,17,0,7,3,32.90984503400601,5,3.5717819599210463,No
24,13,Operations,4.17656676716737,3.5901798281648376,12.058019126446627,1.8391788035049448,4,2.9272826833785413,35.96129455661594,4.08720102923414,17,0,5,3,31.133352881336634,2,3.5172454453006607,No
41,17,Operations,0.9340169859888676,0.9340169859888676,9.031667076582185,0.8987676060947251,3,3.7186932789853953,51.33965302963311,3.208509832933563,24,0,5,3,3.1615088827582496,3,3.6549492452889685,No
33,18,Technology,3.331488070556545,1.3592296652705687,6.360321488813541,0.4253018489585909,4,2.420770826517849,43.189089680523644,4.973832796024688,10,1,6,4,22.98371115594838,3,4.531407527638013,No
35,14,Marketing,0.3120685681529709,0.3120685681529709,6.797422098195744,0.7526110753895104,3,3.08995196804073,40.75461339475432,3.1845581863718038,16,0,8,3,55.71086102909646,0,2.6402752007669563,No
40,19,Marketing,8.750516405240075,0.3948079526757689,26.77170034509572,4.246237859822319,5,4.000042724251747,54.72408677325508,3.322463582076911,30,0,7,3,11.741467522006918,0,4.279944756135236,No
41,12,Finance,0.38326896196257926,0.38326896196257926,6.326412276643532,1.1239960860897278,3,3.992419891109764,60.09706819974502,1.9043927767091853,52,0,9,4,20.72316278163595,5,2.423584709761239,No
32,13,Marketing,6.335117867849585,4.901952805340979,8.67250190867057,1.4326035974899824,4,3.4019161476636004,90.67663578620628,3.107838393599941,33,0,8,2,12.328903565839212,5,1.6965512129232192,No
44,15,Sales,9.658223931980489,4.999652599769281,18.403042980843534,0.9702938760858163,5,3.4172464157194646,56.03984870080785,4.273497205467396,42,0,8,3,49.091139520889044,3,3.1812570792529393,No
33,20,Technology,1.2475717339626542,1.2475717339626542,6.418629156111959,0.6287734436939832,3,3.6213900615199552,62.30679640868758,3.1014694639643183,32,1,6,10,66.83900791652364,3,3.5410013379970304,No
32,17,Operations,7.215853115230566,7.1081098023123594,14.220330095209306,1.2071215898213088,3,4.5890277912722155,43.11953169419894,3.090648294303807,11,0,8,6,49.717816584299555,4,4.371021993255739,No
29,13,Marketing,0.7279857371899678,0.7279857371899678,7.746848118464249,1.2551854441787162,3,2.987907973733743,56.07334651518393,2.809850493862947,45,1,10,9,16.486137663496585,0,3.7978328012551805,No
32,13,Marketing,0.3,0.3,12.048139519131224,1.6869410605447592,5,5,63.79808924410688,3.907616571607345,20,0,7,5,32.84097003448926,4,3.4371715875130837,No
55,18,Sales,0.5009750866842337,0.5009750866842337,7.896347926481654,1.239766066379428,5,3.1962730030835735,59.06942709133314,4.596589867319717,27,0,7,3,39.29599457759182,3,1.3102258379308205,No
26,14,Technology,2.464167826697109,2.13126321342002,7.0803034725091445,1.343653678660271,2,2.9032180784529227,82.50299213872174,1,22,0,6,6,16.615999017541405,2,2.275937846674775,Yes
37,16,Operations,11.563095880065106,8.161534951693723,21.21298774735621,1.6639508709706599,3,2.7004945211075517,84.12680497123438,2.9128736112593256,17,1,8,2,22.59540760327894,4,2.3898805587303125,No
36,15,Technology,15.504380010661999,6.328711194645085,17.196074672882663,3.353295531158036,4,3.1184356400538684,76.5047457406419,3.0933643773965205,40,0,12,7,57.59069531563695,3,3.493288016407957,No
37,16,Technology,1.7070558186532256,1.7070558186532256,10.900915486835366,0.5406486404801486,4,3.381228517762416,37.83995834500482,4.300294030398307,32,1,7,1,8.656193409759247,3,3.5104120107881913,No
22,17,Marketing,9.330165184439357,8.010586467169261,15.469966788772773,1.1809627252511683,4,2.7829963725017075,63.548778589272445,1.981437900147856,7,0,7,4,14.111488399884148,3,4.126045854974052,Yes
45,13,Operations,3.1379811407113594,3.1379811407113594,6.592499637725566,1.274695222649877,4,3.063574556647174,46.41461452176149,3.3830873755969306,65,0,11,5,12.01000121427836,1,4.53419398783362,No
33,17,HR,0.37922311602708647,0.37922311602708647,10.763347016943989,1.0911723099967,2,4.686381011372727,38.81578205669823,3.4231649606816714,42,0,6,2,18.611231201683406,5,3.0647237289373135,No
34,14,Technology,3.247322990228007,1.7480982069293414,12.626664165505574,1.6495841220821008,5,4.6830966920233,42.576403363346984,3.7240056744693786,38,0,10,6,14.973322057587373,2,2.748658358741629,No
36,16,Technology,2.5157239432462157,2.2841822883434215,11.738389654929794,1.5082048836224329,5,3.689108617349444,40.060637558316735,2.4239350340220733,50,0,8,4,20.300171549166176,4,3.1809672057387965,No
27,15,Sales,1.6255984350293546,1.6255984350293546,11.795092028532947,0.6095656226395397,2,2.491863334576755,64.8018686548992,3.493058129988309,48,1,9,6,11.300823656314899,1,4.051693149104993,No
36,14,Operations,15.51969473233274,10.348190941865267,17.00337958327776,2.9456682106567715,5,1.5980947139715924,63.98489393695046,3.703454462595818,6,0,6,4,9.190208134742297,3,5,No
27,17,Sales,2.229549804394035,0.38256442324961903,8.078300729139421,1.4742203189071625,2,2.4472682567625634,49.13874573476695,2.099583060714508,33,0,8,5,19.76441018600592,0,3.296914989540698,No
43,17,Sales,5.91456430293077,2.81679954879771,5.108392722944114,0.539429264482905,1,3.407166871092152,45.452771057938946,3.097948544666231,46,0,9,4,13.291650942678007,5,4.2242406141866615,No
47,17,Operations,5.371993037926697,1.4916421651348502,8.988505839494133,1.673360895850541,5,2.7993418925038975,32.857480714650706,2.6013357268291193,53,0,9,6,5.470293565497273,2,2.8996126014666546,No
25,17,Sales,5.286068618525348,2.070692655584055,7.207239580119053,1.093050785763511,2,3.3157235620350014,47.24844211936143,3.214266206278659,25,0,8,4,32.86209609628427,5,3.2586628209865673,No
32,17,Operations,0.3,0.3,8.082972815989345,1.341641754102647,3,4.973466031611655,57.813992163132326,1.7015763398294692,21,0,8,5,66.84882775485812,1,1.39820998249468,No
41,17,Operations,1.2977622966856315,0.5451214376818614,15.417672006292504,2.6581687150787183,4,4.303215169204649,69.24848126439328,1.3887487825358535,30,0,9,9,33.73877730600292,3,3.1109432629941858,Yes
30,15,Finance,5.377159341889999,2.916645110135969,13.35067267636861,1.761825426886787,4,4.427388904385447,58.253780811297716,4.5726040354121995,38,0,9,2,38.105050504443525,4,3.911022583953274,No
56,17,Technology,12.74896183207803,5.151059016001734,14.624822707805688,1.6337862319165735,1,5,33.799424315803996,4.694221868344916,14,1,7,3,21.085053374904927,0,5,No
43,18,Technology,3.0557031828237657,1.4781543134842385,8.452393090405138,0.5241531391771137,3,3.9871239797821376,45.094611506950265,4.50315506584044,40,0,7,11,9.697012785872039,5,4.8054938943974665,No
49,17,Sales,13.376259261826366,5.499536727868999,21.032251882057004,2.2190887285554246,3,3.3206203091440294,77.36858428842677,2.4364714571051342,45,0,9,3,62.331032048387264,4,2.6383794743074547,Yes
30,20,Finance,5.116431913898601,2.212888383145254,17.07268879625045,3.1195038299335622,3,4.677867923269846,59.670755269005646,2.308961009475738,31,0,7,5,28.687637402042018,5,3.6440268555112243,No
32,16,Operations,5.558073464926308,5.558073464926308,10.336263227679957,1.5262444230791112,5,4.192262119368027,80.14645153238267,3.8114486708125312,51,1,10,7,15.429947534503386,0,3.422782280512506,No
60,17,Sales,1.6602608497268745,0.7548952002731399,8.345503019741914,0.9489905974334188,4,4.674694289368564,70.07678293113622,2.7879126143654718,27,1,8,2,55.09858681017176,0,4.0040872712008815,No
28,20,Sales,1.1109395715673414,1.1109395715673414,7.2925362990126,0.7138074913030066,5,4.395504739817442,73.62461603569835,3.710926353296188,41,0,8,13,30.68426024630249,3,4.598436030772923,No
31,16,Sales,2.7155119685664286,2.7155119685664286,8.739375340685026,1.5003424905392637,4,5,34.34425456308339,4.016664894179475,30,0,9,2,57.819287335225795,3,2.0251457095613223,No
31,19,Marketing,3.273268748035511,3.273268748035511,11.130355911490264,0.5984485996793127,3,3.5898200039141384,31.80204654038805,4.702421896771547,50,1,10,8,34.24164378087238,4,2.2461347023861844,No
47,17,Technology,11.394837349823442,7.625070957047557,9.983607226152488,1.6088410741915014,4,2.723801386241132,55.08438431977851,3.074869662584388,37,0,9,8,11.490560908765683,2,4.005506306800934,No
40,14,Technology,2.5907034809442155,2.5907034809442155,12.912558495720893,0.6516362826069391,3,4.109580141393519,34.562580448645775,1.8176484478969837,26,0,5,6,39.28974975829294,3,1,No
30,16,HR,2.1486845731165176,2.1486845731165176,9.568171946107217,0.9859583653585308,3,4.496216145728729,64.03493650879554,3.7241265757620168,60,0,8,4,15.826174968520275,3,1.8043694652899498,No
28,17,Marketing,9.12003239750233,4.664652462928637,13.645573321368524,2.288171811529051,5,3.092864475222714,25.372364239141557,3.0004628732797007,16,1,4,5,13.886214165801732,4,3.4310254660511066,No
37,14,Marketing,1.7066127333500378,1.7066127333500378,6.688109011756462,1.0956645301906467,3,4.388518530328679,68.17732884117619,2.202864327512396,30,0,5,5,41.840964437145786,0,3.0154613229175964,Yes
48,19,Sales,6.3738244868552005,6.3738244868552005,10.186933039602447,1.492342167087408,3,3.8000877655417686,65.94963319165299,4.064542364106226,28,1,7,7,57.91457994844597,0,2.2864238165980333,No
43,17,Technology,9.307265108895436,7.106499168796934,10.939727451589105,2.1844984977285282,3,4.166245075978554,70.16924014378722,2.778003504402236,32,0,11,7,31.90026771341217,3,3.5410696579627645,No
39,14,Sales,1.7913554822946314,1.6998933898963258,6.950043937989032,0.6140492141963549,4,3.606330895044586,64.89125695464269,2.271815421444381,35,0,7,6,15.051691740435626,4,3.878530167512832,No
45,15,Marketing,1.6887493861563945,0.33054365885072245,7.283877426475828,0.7336579016605523,3,2.7564574320372617,62.135240221838664,4.1809942757604475,56,1,13,9,38.28475369514472,1,3.5405782459719664,No
46,16,Operations,4.087233372598677,3.700887499567937,9.697056131811452,0.6048306379694444,2,1.195241075717494,67.19508006240348,3.3898729917874966,29,0,9,3,23.54032473525035,0,3.0585722254810297,Yes
39,12,Sales,11.69449567892338,0.49349472022281377,19.688206497184144,1.6438891626061636,4,3.3898077218073754,44.525576864008606,3.695024153339564,66,0,12,3,23.784838349544707,5,1.9931792154796928,No
33,12,Finance,1.2307997641333261,0.746108197854076,12.27990312657758,1.2339639264477607,3,4.803086472976997,70.33063674813627,5,26,0,7,5,22.62150906201727,3,2.571757179012445,No
42,14,Finance,0.3,0.3,12.059576059932649,2.3421029345762725,3,1.8089762980948465,60.410213985599675,2.7629893763228415,40,0,7,3,22.557972326356538,5,4.204253409489356,No
34,15,Technology,13.842918105416913,7.960447062919316,14.745379942157214,1.9590981587200589,4,2.683821304590751,74.51186908614575,3.37676317892814,20,0,9,6,57.12853565678966,1,2.6180138247070035,No
28,13,Technology,10.196477534337651,5.141648577935092,16.259550714236116,2.0948806908089477,4,2.5118206228384596,47.34351388977917,2.988749059052405,48,1,7,5,27.002637266045436,4,4.208952097037617,No
33,16,Marketing,6.265641729744174,6.265641729744174,8.907098209663644,0.6218257201894031,2,3.1146005063179185,61.9142207176655,3.9023708438632405,41,1,9,3,13.678079666716693,0,4.322564975916562,No
42,19,Technology,2.56866281308186,2.4635508073862464,5.181342584075148,0.8541846298575313,2,2.8893174274725486,83.97019826124082,4.186247306642903,28,0,6,7,34.67456336157528,2,3.2978451567731204,Yes
42,19,Finance,4.917543186192429,3.5504571651788073,12.476560066017568,1.6560115573544905,3,2.681076398137743,81.92436542676381,3.1953548915850787,9,0,6,4,21.859537669860497,5,1.2778109425684419,Yes
31,18,Finance,2.9852930651516956,2.9852930651516956,9.660795089568973,1.663586967788872,3,2.9772123994017803,60.075028005945455,3.8864827147043535,42,0,8,3,23.152760701712957,2,1.8014120844232373,No
27,17,Operations,8.714057847273873,6.9212972908463755,9.665573178606984,0.9374160408219804,3,4.488655484146096,58.48226246814965,3.2252814853086345,13,0,6,4,53.356721734413526,2,1.651967585350938,No
35,16,Sales,0.3,0.3,6.1871230807759,0.7973820465824755,2,3.503267791491236,48.55409401651151,1.3110478865992572,9,0,6,6,20.786376554085013,5,3.874697052467009,Yes
27,16,Marketing,2.0063202910280027,2.0063202910280027,8.829407331435501,1.4174344522426816,4,4.599673257280863,62.43876603580451,2.57446929124409,64,0,11,4,8.006919978983754,3,2.063268797376099,No
41,16,Marketing,0.4136329754404755,0.4136329754404755,9.52999637610438,1.162405737838849,4,4.278500686612572,67.62710654264852,3.774693604776727,10,1,6,5,19.105048122351853,4,3.440269545455025,No
34,18,Finance,0.7820266974540806,0.7820266974540806,11.213274493938458,1.481072147317993,2,3.7033268774421395,56.999166009306705,3.167612759417879,61,0,9,1,22.53931422448759,3,2.556339562217295,No
34,15,Operations,4.1038113031533054,2.381732307060069,13.613426381322205,1.3873839051864532,4,3.6986237015973344,61.46577777201156,3.9089225861293824,13,0,4,5,27.309693070852735,1,1.9460818538296327,No
31,15,Operations,24.52765252107986,5.853618307729075,39.621823371969946,3.287415665861941,3,3.8147243372401256,43.711029277216966,3.709455727490969,16,0,9,4,18.41906098749674,1,3.9785136720612684,No
43,16,Marketing,0.34897539646082876,0.34897539646082876,9.195582382578811,0.6937183076618769,4,4.204840247190488,35.6832795953715,2.9900232539997362,20,0,4,4,25.11841427597509,4,2.5315821354072896,No
33,14,Sales,17.48485956936631,4.688656010566236,15.516711057967754,0.8279172720255342,4,4.398926053592686,75.51155677759951,2.9058805709345275,31,1,12,2,29.616096385145358,5,3.080726606921964,No
33,12,Marketing,1.6321651177810221,1.4676518035779738,9.801765164243388,1.460169417578466,3,2.0060712368342064,88.57179711309023,3.397502713301474,60,0,13,3,53.23535127265494,3,3.4136980257023137,Yes
46,17,Sales,2.4060747619173974,2.4060747619173974,11.666007751518729,2.235797191143139,3,2.4877247707248573,66.11453178588592,1.6858820146046345,37,0,5,1,36.25593977047543,1,3.6768995356209846,Yes
40,18,Marketing,0.5788480261276523,0.5788480261276523,9.548821988872055,0.8441117970079933,2,3.381445915476104,56.95328535975754,2.5985490454706612,53,0,9,5,54.56122915915221,4,3.763002181382888,Yes
23,16,Operations,8.016465236697229,6.173062138409377,10.860219784524043,2.14263606884722,3,2.7084916983662506,55.757165152403196,4.4047453890557335,60,0,13,6,23.75325454960565,4,3.9032420810153896,No
34,16,Operations,8.498110243985302,4.399009745565472,10.370298197914945,0.7873387786981212,4,4.173812077696509,44.71984541278666,3.831310602840615,30,0,9,5,26.152606909044163,0,3.8881807607362564,No
40,12,Operations,4.894453287394036,4.894453287394036,13.672924172524475,1.5663989787584127,4,3.494258172541896,74.92766479622304,3.2214741632515667,9,0,6,3,41.557472673367904,5,3.8749625564379646,No
38,17,Operations,3.4754930022152206,3.4754930022152206,14.217380521094194,2.603981557952931,4,3.8986970711371174,28.341756166858385,2.4164539126594895,19,0,6,5,31.813528864669884,3,2.569100955464328,No
37,14,Finance,5.849566341847093,3.0720879622398236,15.527876558448922,1.8276323633822558,3,2.796219609981971,57.50973391934846,2.9455982482756733,21,0,6,5,27.33234434977584,2,4.012824639880067,No
26,17,Technology,7.691877835117443,7.349567584590123,13.298635828727607,1.315608542873463,4,2.391468065688036,67.88594666791322,4.188501073853495,25,0,9,8,41.911144745692255,2,3.9323139952846677,No
33,18,Operations,0.640499390259242,0.640499390259242,11.397579963804072,1.2444512682715505,4,3.5750799097910946,52.67340697781301,3.9116156721139412,17,0,4,3,18.15878455413378,3,3.3565021179531027,No
45,16,Technology,19.504708579566543,8.80033165363351,25.20455090843048,2.067311075624328,4,2.402787149252121,57.86745009590993,2.2025243680037194,26,0,10,3,28.30053750957002,0,4.447933027507694,No
28,17,HR,0.6184814330462364,0.6184814330462364,7.144128534008962,0.7078624301579884,4,3.210418624014349,44.92273714059806,1.0022108239048333,38,0,8,2,29.076175433063813,5,4.983395483567349,No
34,12,Technology,4.947960625133776,2.9849972015302786,8.890433785382214,1.0896934586667357,2,2.876675565475013,42.56387885887281,3.811228444928406,35,1,7,5,16.04734819060323,1,3.504156909559822,No
34,17,Operations,0.5231864838180325,0.5231864838180325,9.895803496019685,1.9167954943996255,3,3.304490108195377,80.37959602593676,3.182194000710617,50,0,10,0,5.74191835950896,4,2.156543316437545,No
27,14,Marketing,0.6911248300273848,0.6911248300273848,3.58,0.3582102043223899,4,3.6844828920098482,77.7320513910239,3.3735578855409094,40,0,7,11,65.45089610518258,3,4.814122714614768,Yes
36,14,Operations,4.347830892192545,2.2114634932090698,10.678425579943593,2.1238780104551642,3,3.8823489755934126,68.69178484403606,2.9817079243700504,17,0,8,2,31.437930349471205,4,3.5245856855099813,No
24,13,Sales,2.536877687161348,1.327624421317507,10.777113304522135,1.8008423006024998,2,4.130981706044865,49.01152671341007,1.5861249278574132,13,0,5,7,33.46031338706179,0,3.2951018213547454,Yes
34,16,Technology,0.36473047464802116,0.36473047464802116,3.9276273676978595,0.7360759203122302,4,2.694793893714341,38.70389813111961,1.8057998197040488,32,0,8,0,45.86597046256023,5,1.7889618302925527,No
32,16,HR,3.048599523670298,2.9583292219126878,9.429891653537087,1.794845188545895,4,3.2107142935115376,65.57926608352564,2.5210311817239655,15,0,7,5,26.41074060455128,5,2.5595574936408476,No
28,17,HR,6.649149660508212,6.161345864142945,11.547755386523695,1.5156957311185433,4,4.915095641150161,51.39174364996204,3.8001108673142068,38,0,7,3,17.34033594324151,4,3.7632106668182144,No
31,18,Operations,11.637187434578745,4.40270331525723,22.188011341221042,3.608459889987767,3,1.9997075861599733,64.22990840628154,2.9943322672034816,97,0,15,8,23.020456548996947,2,3.1796356347858707,No
30,18,Sales,3.6500904084727264,3.6500904084727264,10.640668068997886,1.3329307343399233,3,3.025619142474029,59.98207588993393,3.0040990240373624,27,0,4,11,27.36943297129693,5,3.161386983254469,No
46,20,Sales,0.4023543958003317,0.33563439391903915,7.441894267467066,0.7325740446836043,3,4.2797431185420045,80.1821322746024,4.475124223589288,62,0,10,2,27.705325638069255,5,3.6388808972877316,No
36,13,Sales,8.778861687397232,5.315354608132105,11.74844861949355,1.4773737995996463,3,3.3083638353516798,66.88894154479132,3.2900349843300343,19,0,9,4,16.608100660614166,5,3.5973992754999227,Yes
31,13,Operations,7.498214390592801,7.498214390592801,9.107563370268515,1.1678462057041143,4,4.431115665341609,72.94094148718256,3.400296656122118,56,1,10,8,29.730263744808585,1,1.668724134240919,No
31,18,Sales,1.8274852029202233,0.49856665542650624,6.421746022897466,0.5585948752405815,3,1.9028878200889356,56.09258938843116,3.475729927564973,38,1,10,6,25.04551402600944,5,3.6710172478259984,No
35,18,Sales,9.51735398964252,5.859335616970986,9.813528628580078,1.7761883819680087,5,3.983572761398278,54.40856760474176,3.022918156144945,18,0,5,5,13.228238897539857,4,2.787380761323431,No
42,16,Technology,6.9241034914180775,5.712908087099447,8.454748544726366,0.46260812750424174,4,2.6183954454319447,99.66802375915081,3.622066580841832,27,0,7,2,35.59932298490046,5,4.019983376276918,Yes
38,15,Finance,0.47912382695380346,0.47912382695380346,10.595214047273572,1.5570072257900993,4,4.484221953768022,74.463898793855,3.393918399025744,25,0,6,6,12.158613270262746,1,4.482001518855691,No
32,12,HR,0.7835509427633005,0.7835509427633005,9.216828516941105,0.4351593442722935,2,2.6883909638519685,73.00253614199109,1.7929033500148293,53,0,9,4,56.50865870544531,5,2.902130945604772,Yes
40,17,Sales,1.8428497686130725,1.8428497686130725,7.225416420070271,0.837390704864666,5,3.4967358134720055,71.78501377870342,4.21885474158099,42,1,9,5,19.173980243928952,0,2.370322169156806,No
26,16,Sales,0.3606353787016205,0.3,6.34017287377579,0.8632377652483794,5,3.7924335754192398,71.38484625983985,3.678057236122264,53,0,8,3,15.074943344421959,3,3.3893468103226714,No
45,16,Sales,6.788906129865152,4.744387723667321,9.892324242834087,1.0736726723187728,5,3.7214540605934876,50.94158992109247,1.593279972273896,11,1,6,9,6.937040605077877,0,3.965253299051215,No
36,16,Operations,13.478931762521222,3.6589630450001023,15.076597313681983,1.725933704532041,3,3.188129148142874,84.70688798149509,2.6967505930240296,18,0,7,6,63.19405257791726,3,1.6679241551910422,Yes
29,15,Marketing,0.4078136554699682,0.4078136554699682,8.294235467228866,1.2651985422983392,3,2.9100613440457246,70.44581201152211,3.214949756367916,24,1,10,3,38.89685229962072,4,3.5714450260596124,Yes
32,16,Technology,3.7542153839802173,3.7542153839802173,10.846270008194251,1.885828383384031,4,2.9144713696690134,34.24042791655366,2.68614740249535,9,1,5,5,36.42341334903683,2,2.474545514781716,No
40,16,Technology,11.704785279848151,7.942978240324224,21.657121146121053,1.3574685496906909,5,3.607156878831283,38.25993426163149,2.51205224783232,42,0,7,3,21.982916559246007,2,2.1159284483850915,No
39,16,Sales,0.5342271844418713,0.5342271844418713,6.518977021702006,1.24353369428375,4,3.6052688619763913,60.56547562765532,2.7179242253960414,32,0,8,3,7.936815190918605,3,4.988523926755278,No
33,15,Sales,8.977174220511165,2.3858030500754954,15.484264350561084,2.3703041064908783,2,4.110675292677499,63.15989979201781,2.986421212805696,29,0,7,5,80,2,2.3862301206220424,Yes
26,14,HR,3.9363476767576677,3.9363476767576677,10.94948333184638,1.4198274824567414,3,3.9105162457011255,62.48231112318595,4.1290917571984425,21,0,3,1,34.09832853889792,4,4.985652662422448,No
38,13,Sales,1.998994516733117,1.998994516733117,14.05351185211133,1.9366531166469774,3,4.2102932490082505,33.3892043772345,4.684635780552104,14,1,8,3,46.87037224776092,1,3.9700313755919017,No
44,16,Technology,1.8099103204420304,1.8099103204420304,12.796595044277442,2.205921515894846,2,3.1661165976074406,43.759694704673166,3.6886844516933723,35,1,5,4,19.964218790507875,4,2.9391786639592956,No
21,20,Technology,3.0289068519809677,3.0289068519809677,11.215874750510606,1.3186819942162418,5,4.385017373301971,53.810275203476166,3.1913364933155726,36,0,7,7,27.64509816222243,4,3.22878592605577,No
43,16,Sales,11.458552237706412,5.652152879250078,19.563838772175494,2.7202968031770434,3,2.6644764677258705,94.91456140437428,4.819258449675187,41,1,8,3,52.020156067576565,3,2.3999350454009014,Yes
31,15,Technology,3.634963292802531,3.1463521179789122,9.236145780379786,1.4890219602444301,4,2.9739200551317753,64.92570105707078,5,42,1,7,2,23.16265885547861,2,3.5004041051393924,No
35,20,Technology,5.437596362724703,2.727645986904276,10.24780737874966,0.8685434470546055,1,1.6952821990295002,48.913912701769625,3.490023429074744,35,0,10,3,16.09040420519263,2,4.819837881722715,No
28,17,Technology,6.260343345993415,2.677841232890925,10.094737175888708,0.5868756602794135,3,3.6015091002605453,45.773289835873975,2.199801807737341,27,0,9,5,6.490429289871466,3,3.654891633232934,No
29,16,Technology,1.5615800657260093,1.5615800657260093,6.858903804229936,1.0431967806011897,2,4.9831821549176105,64.1586768584238,1.3185770136911414,34,1,6,7,16.412399699868228,4,2.6797491703286083,No
34,14,Marketing,0.9625461696955097,0.9625461696955097,7.830957212127482,1.018678058281032,4,3.0316196376087725,49.55121182210895,3.485979276676267,26,0,7,4,16.163283481315933,3,4.495336774188807,No
22,16,Operations,1.5932362410230334,1.5932362410230334,9.987156741051274,1.0793826877691484,2,4.382930517786422,85.76154871963683,3.9229084706819055,76,1,12,3,26.16503865812213,3,2.4959067785491804,No
42,19,Operations,1.2765460432640952,1.2765460432640952,16.088653884200216,2.0114531838872938,3,3.2658682314609986,57.393434332724574,3.5936780949566303,13,1,3,4,65.29528989967152,4,4.089271349990862,Yes
49,16,Technology,2.2727086433950987,2.2727086433950987,13.916033560630419,1.1259204684946074,2,4.187778582968652,36.41338197098675,3.275527856066485,35,1,8,4,35.15805144401191,5,1.7182362381448588,No
28,15,Sales,5.261386873457299,1.5287679838198773,9.984854172339505,1.8930291874502116,3,3.4923594794061557,44.54703957355743,3.194172691026043,22,0,6,3,52.82208599082182,4,3.2046595303268504,No
39,16,Marketing,8.312366836504397,3.8997158643012675,12.552961535173813,1.0816152206390213,3,2.304286375591779,68.67699169567246,4.617513388006627,24,0,10,2,31.862414239650672,5,3.8492052423105085,No
32,16,Operations,2.1256069160262423,1.7181110933852834,10.84670578665831,1.3481963360828284,4,2.7883612649333087,81.64225048687369,2.401205899631245,22,1,7,4,24.028028158325967,4,4.1496500514711325,Yes
32,13,Technology,3.3968467572559375,3.3968467572559375,12.309147235054473,2.261777914785333,3,4.706591308137033,35.13178910536825,3.0086194360254903,40,1,8,3,10.53443687142754,3,4.404830130817076,No
45,19,Sales,0.7685208134951166,0.7685208134951166,5.667584994514133,0.35291349867057437,4,3.4818729436423257,99.43174370840549,3.176625627112582,39,1,8,3,14.303288829050203,2,4.046405425220773,No
32,19,HR,1.964600044276294,1.964600044276294,6.8572248819589925,0.35727193122987483,4,3.5749450054383107,78.04892357386483,2.629449142853273,37,0,9,6,15.289698188792208,0,3.780061659229127,Yes
29,15,Technology,4.2693771211664036,4.2693771211664036,10.092812400379875,0.6655574404272346,3,2.0141765510547556,66.26249492412767,3.1056825358212032,26,1,6,6,20.736086125806587,1,3.2640325706100195,Yes
32,16,Operations,3.8695985689732333,3.8695985689732333,8.204167635951316,0.5073114190188927,4,3.30619772631433,27.770038632817034,3.008611774472416,28,1,5,5,30.478254615346223,0,4.964419881088529,No
41,13,Finance,4.564441365741701,4.564441365741701,8.794823095423022,1.2568329984761204,3,1.7133007546345005,67.45523710353216,3.4228979955605374,24,1,7,4,24.498725627448525,4,2.308283517035034,No
28,16,Marketing,2.510460251384175,2.510460251384175,11.896740177233914,1.000579436162769,4,3.093635336354176,81.94639038373025,3.38591867207029,17,0,6,1,12.701906221579033,5,4.02315536544938,No
25,14,Finance,1.9450753032166028,1.9450753032166028,4.978780238924188,0.505312654242309,3,4.6001766159690565,63.18250515991108,1.606965227895461,31,1,8,2,32.095177357628096,2,4.120156608278986,No
24,20,Sales,5.728150871583497,1.69927363279892,12.542897490887531,1.7285125578184157,3,4.301495518568979,88.43101753125762,2.5969220368303696,12,1,7,4,69.39877728872872,4,3.574312852316012,Yes
25,20,Finance,1.3226918070665825,1.3226918070665825,10.59977317330809,1.5998263955823007,3,3.6850696220560755,53.47119885132695,3.302013777286958,43,0,4,6,34.04484810614711,2,1.1898512345887833,No
28,13,Technology,17.376872003526717,6.522962125003584,39.60651972820959,3.531185388022049,4,3.207460871815742,74.33208744943404,4.497011760534254,18,1,9,3,48.44464392318867,5,3.7949210091660883,No
39,16,Operations,11.350576516186289,6.604892526553193,13.391054609909023,2.295252946763071,5,4.092134515241339,23.734872320368513,1.8893158280452023,40,0,8,6,17.69234790725826,4,3.687810564625777,No
21,15,Sales,2.9501415143018512,2.9501415143018512,6.377515742903424,0.5263118223296791,3,3.874196424204218,70.4892024211626,2.193094264594233,44,1,8,7,38.78056340396618,3,2.2511787211689875,No
24,13,Technology,9.179405293370712,4.494884109129093,12.873037426916294,2.090145555396211,2,4.183107522586212,72.48155456109937,3.7142499892005625,29,0,11,5,37.35794605415077,2,3.790653638407275,Yes
43,12,Sales,19.006468775283942,3.523191821885111,29.969786707004275,2.2462382150262616,4,2.7763937939338454,60.17300483877883,5,24,1,8,6,13.118831808007013,2,3.9916464363387814,No
46,16,Sales,0.36395197540124374,0.36395197540124374,9.027970296681843,0.9074295670976288,4,2.3896176270345215,66.64603919871365,3.012471732690183,48,1,9,4,1.62740539628095,3,3.372349020087556,No
31,17,HR,6.017388542527205,1.4945840555663268,10.24997375871208,0.8910915707286803,2,3.9960112732024586,83.71758932795802,2.7033276033768114,29,1,6,6,22.23942420207187,1,4.344239273945874,No
42,14,Finance,0.4238585948737239,0.4238585948737239,7.515259256254029,1.1123043584279884,4,3.592538499775161,95.50844940592353,3.10653855173698,17,0,4,8,24.270660555958496,2,3.915113536301668,Yes
32,15,Sales,4.797998632603938,4.797998632603938,15.0079581874408,0.828582944221961,3,4.383510976885485,37.54076176742425,1.601428283770791,26,0,9,5,21.55041365782882,1,3.972951745309201,No
23,15,Operations,17.404466446883777,7.19565073174667,26.295316000073434,5.231062883816912,4,3.988186295046242,69.75437879143122,4.367046606755176,41,0,9,6,22.830008195294198,3,2.886650392742997,No
30,12,Technology,25,9.022708470174114,49.48500985987938,7.340494836017478,2,1.8610532344600348,27.01102420299251,3.292610583767215,10,0,7,2,29.21531965240348,3,4.057427015513473,No
35,12,Sales,9.60250646141991,5.4797993265398794,23.02737462421398,3.708376425869758,4,3.4042043348338757,66.20623566399483,3.709192097259681,41,1,10,2,23.048242735649577,2,3.522192122768862,No
36,19,Operations,2.281692789634918,0.8283007207923535,10.344130340698845,1.8909934346278257,2,2.5991894884781326,49.19212775352987,3.58890117219713,14,1,6,7,50.87214151396196,0,3.7199305532681777,No
30,17,Technology,2.722994884103704,0.5356550934084511,8.687672308863656,1.1638807320124929,3,3.081932977054084,34.320087667218495,3.070031238655237,16,0,8,5,37.9393068038767,5,4.046906708744109,Yes
33,16,Operations,6.109482684536221,1.580914584308172,23.81276805155282,1.78627970783331,4,3.835418680681924,86.25289002199261,4.128787001016496,23,0,8,5,56.48324066313636,4,3.408935052125879,No
29,18,Sales,0.4549157032588234,0.3,8.994441561049998,1.7625414653610558,5,3.599485643002114,64.71885092800557,3.280129060703432,10,1,7,5,12.398844431078238,2,3.972791968878642,No
31,15,HR,1.9451767770952253,1.9451767770952253,8.71912344529409,1.0330285727793322,3,3.8272156770723997,52.65865532338865,3.8897778189137195,35,0,8,5,20.848278778507314,4,4.374371625467881,No
30,14,Marketing,0.3712952243695554,0.3712952243695554,7.251769533278668,0.9119279636796113,3,3.4311225865479367,69.43421642590948,3.4047547444995314,56,0,11,3,17.343353481869315,1,3.4368329037018404,No
42,17,Operations,0.35116058374128895,0.35116058374128895,6.412706181668053,0.5054152070674406,3,2.784978107838672,55.71382432748456,2.621413493248381,29,1,6,2,27.909629968578564,5,2.8208924435281677,No
38,18,HR,1.1054019653526022,1.1054019653526022,8.046268802645935,1.2423809181753647,4,4.288133893776785,73.52961761084838,3.0091279349771374,27,0,7,2,36.768363864034136,3,3.6284660398422486,No
27,16,Finance,0.8434752935427353,0.8434752935427353,6.286797339212091,0.47358936506846616,4,4.400957552663712,71.3270122184671,3.1059401988255813,25,0,9,3,14.805997194318504,3,3.9334249118032267,No
40,15,Marketing,12.27440812203329,7.175846972547287,14.250275610386575,1.6849161394285737,4,3.0993165290439557,53.97132830658709,4.192822960929487,28,0,9,4,23.17889886577431,4,2.295061205945334,No
40,12,Finance,1.52308578996273,1.52308578996273,10.102720782546886,1.959199020439882,4,4.402989932388206,52.97467103240906,3.799746379120296,37,0,7,7,32.07978982147198,3,4.342655561733653,No
34,15,Sales,4.978380864465056,4.978380864465056,6.487481008171436,0.5988680247836878,3,3.4051522218953676,86.78000594221155,3.53108064650809,12,1,5,0,34.69455017972833,4,2.024505810082118,Yes
21,14,Technology,0.8404939023807048,0.3,6.474506232789922,1.226233204604212,4,2.988295523171025,35.1175106767605,2.2213967299138924,35,0,7,3,58.09788235403784,0,3.6943899695313656,Yes
34,18,Finance,7.440293251480892,4.171466074239892,12.90120578366691,2.0526874944574023,4,3.9128438636708758,58.98216537688425,2.591162972763043,32,0,9,6,41.05549881211579,4,2.4575130349199164,No
21,19,Marketing,12.952525310417233,7.998870489444296,25.287203727287668,3.9151724338332095,4,4.081105107564881,56.2998532944129,3.3918658914876088,95,0,17,4,21.19000555900266,2,2.632074984862916,No
31,20,Technology,4.578643066875176,2.899968814251152,12.36278819200002,2.269785907658776,3,3.4839160054380107,77.4996045160189,2.9889161915653473,46,0,10,6,40.93401918629246,2,2.989755042322957,Yes
44,14,Finance,10.211693667914975,4.74677175909533,14.023326250575424,2.220069412000637,5,3.5305894911947897,68.93402697187524,4.824487107015927,35,0,6,5,16.465351873195004,3,3.400767590869918,No
35,14,HR,0.3,0.3,14.261139411394042,1.5802392640768306,3,3.60511100478135,76.61382217950678,3.5993266698560573,39,1,6,1,34.30368763706666,1,5,No
39,15,Technology,0.48093207031264906,0.31818276888268776,5.954791304130665,0.5239488036453321,2,2.0947493957639307,52.54551974922608,4.2982241973089526,87,0,14,10,5.173611730083707,0,3.739205671973836,No
26,14,Operations,11.96277592880314,9.4571967734548,15.420498098155665,2.3578093580724673,3,2.784968052623096,72.15391494054113,3.703921253161973,44,0,8,6,32.03593732959387,3,3.2213908123433908,No
28,14,Sales,5.550495068667291,5.550495068667291,12.18108694866686,0.7327599843494835,3,4.380496457639806,63.00537737795236,2.999383071084839,27,0,9,7,24.65451532850723,4,2.3301176423357974,No
38,13,Technology,0.3,0.3,10.40954882554523,1.1578455837757025,4,3.5861112594389573,79.19294637258938,1.8807737502022663,29,1,5,4,31.762911643552375,2,3.9148991050771436,Yes
42,16,Finance,0.5241996974920239,0.4760665672459894,7.239962689176631,0.6553079567673638,3,2.5974534838562615,69.75052458101499,2.600282956651668,19,1,5,4,26.20446630552559,5,4.5006056083156745,Yes
43,20,Operations,5.555856008313585,3.124018974544614,17.379930188567595,1.1319450603732828,3,4.263947217846066,89.39027072399847,3.426899835394612,39,0,9,5,31.559317948992945,0,2.1837222464254094,No
41,16,Marketing,0.33723292938187,0.33723292938187,8.95470838632557,0.6852308930133002,3,3.2013956981128553,86.06167709213506,3.992964219413864,30,1,8,5,36.796038853425976,2,4.985823645352067,No
24,18,Sales,9.463394149324005,6.459682847939145,14.060226466930807,2.14123386214955,5,4.9005349395421325,32.150939589450736,3.7344810073701398,6,0,6,6,5.342221497497532,2,4.487833801566441,No
31,12,Finance,3.3670496863086776,1.873344530143396,9.271947738090915,0.8020926291297977,3,2.9024193951466217,63.602340607802034,4.908778948817524,20,1,5,4,17.48293610275825,4,4.028736346720049,No
43,13,Finance,3.100253253375092,0.8317601627535062,13.33583991112956,1.7056976168584652,2,3.883709322977491,68.76775312046323,2.308235167892527,24,0,9,4,33.708347047014676,4,3.4856468320968865,Yes
31,15,Technology,7.516936650224518,0.30246961557836366,13.791826382349477,1.7180927187531105,4,3.4717193425798243,54.86304763364262,4.889193740649242,42,0,9,3,30.049244550840033,2,2.8729057869880097,No
24,17,Operations,5.4199664696924925,5.4199664696924925,9.16054703392146,1.6723070512811422,2,2.7881694903991163,48.41276219167156,3.784456993139362,22,0,8,2,37.392653429895056,4,1.9358403694968151,No
53,16,Technology,3.277341028110194,2.2117549228629447,10.53252170049241,0.6519490365722856,3,3.6078411810777298,63.91761312650522,2.191218673860123,41,0,9,3,43.20686365855801,3,3.664271527931946,No
30,15,Marketing,24.3528312196054,12.042963058247574,41.03544559827461,2.947316195144007,3,4.084096152956513,52.84800415674236,2.5961369308219666,52,1,14,3,45.470733075302164,0,3.2734729221143435,No
27,18,Operations,3.0526327393348778,0.7491956127544898,12.041442352913363,0.6868299060105967,3,3.2944782056057824,33.016215253186935,3.8943273081190326,22,0,8,4,6.561800406190986,5,3.376475977641245,No
38,12,Sales,0.4669364432792409,0.4669364432792409,8.892229247167291,1.7422665821452974,4,4.793188018735227,63.24580949740236,2.72126875571037,18,0,5,5,52.84617491844567,1,2.360743635597672,No
51,20,Finance,16.122504230150465,4.406677434692406,23.01910640909353,4.4555756784548635,3,3.3022428584075225,36.11107850789695,2.816269850252357,14,0,6,3,62.43429892053054,4,4.463061952391649,No
33,15,Technology,2.519949784375118,2.519949784375118,7.707306980695069,1.2213374198577402,4,3.6976819383221184,62.07970342286497,3.6038203997414295,29,0,5,5,19.73948981019568,5,2.7556730929373594,No
41,18,HR,11.209520387887391,3.957361151254494,12.051777324719762,1.6319974096315335,4,3.4089120873044108,50.70951817554683,3.3424014784202205,34,0,10,5,46.17502477997031,4,2.1473780949782375,No
27,12,Technology,10.058538036010589,6.284219037666061,12.70949439297833,1.5550061894517986,3,3.2129595615804236,75.54141205177247,2.4979993782431884,49,0,5,3,24.689676037030456,2,3.9224972264919553,No
29,19,Operations,5.966896622773173,5.653844291074739,12.886324108386761,1.2155787791096637,2,3.885168209034818,57.79226943306911,4.680569921959266,31,0,10,8,58.49978368653497,3,4.326830331741492,No
21,14,Sales,1.2369176957503436,1.2369176957503436,8.021542025664434,1.3794154228856947,4,2.8836842742615563,77.1873884934858,3.523231644809449,41,1,8,1,29.40886688191142,5,2.805023849996688,Yes
35,13,Technology,0.8355762334470941,0.8355762334470941,12.08050692915409,1.2487043031780967,2,3.1825721599427834,92.72815389118634,1.3892355894947197,6,0,4,1,52.59763603241418,1,3.4359562794392065,Yes
30,16,Marketing,5.810172863411748,3.6861048666345,19.65960353958813,2.8449733268225517,4,4.80634933210883,77.61247931758211,4.973351260301456,27,0,8,4,29.51571434592068,3,3.535896032367877,No
35,16,Sales,0.5751263369858519,0.5751263369858519,9.713416251404782,1.230892985815903,3,3.20991989934757,44.721553682438746,2.312450943798992,12,0,4,4,11.88333883776456,0,3.9974919279517835,No
43,20,Marketing,0.565330804226717,0.565330804226717,7.522256717580669,1.5055426018252176,3,3.523828943162932,81.99549252556778,2.794373244182354,20,0,5,5,18.821095157697897,3,2.697953947767429,Yes
27,17,HR,3.7936213810692827,1.6802483686585559,10.663007101952868,2.065825873943065,2,3.003223548566254,44.784644504157335,4.200840047112221,8,0,5,7,18.663645580951684,5,3.5569882711355185,No
32,15,Operations,1.6275473908714624,1.6275473908714624,9.105547336641028,1.786419934314953,3,4.987579385051325,81.69179483627033,4.3659711395158025,22,0,5,3,29.455920870386635,1,4.157386679029274,No
28,18,Technology,9.62813207689456,7.444453349745196,13.450833602331503,1.3002363164895876,4,3.576769678706427,69.1586499855794,3.073767314956836,53,1,12,3,2.043897039426314,2,3.1053877817598066,No
28,16,Technology,0.5139108841105604,0.3200896812437434,5.347347093080119,0.46097924330151646,4,3.3046058567177123,65.26732534339747,2.5324924356866814,21,0,8,4,19.124085531310193,1,3.898122819678456,No
28,18,Operations,4.857630220771392,3.800867351526355,11.159140815198887,0.5847580896143001,4,3.890390664713012,62.72745633285576,1.790397988134794,11,0,5,1,23.150447905122007,5,3.7856531787130443,No
28,17,Operations,1.5615489084295726,1.557518306008502,7.6668023847299285,0.5983387963015273,4,3.9980988324810984,81.13240029224805,2.415501267139782,59,0,11,2,24.06360782427022,2,1.9927452806716226,No
21,12,Finance,0.9011388584806383,0.9011388584806383,10.95710949570332,1.9002432293855007,4,2.6877555985077013,61.52180470564688,1.507250474211411,24,1,8,2,36.96120338571328,0,4.023847742082941,No
23,13,Marketing,20.340500992806923,9.469568126745205,28.508528745905334,3.9127051856483543,3,3.9144797362567147,56.298254539760336,3.8130470137252175,22,0,8,3,45.84112271059231,2,2.5082049622697147,No
37,17,Sales,2.555737102938909,0.3,11.902871990217239,1.395581828435826,5,4.375897331044099,74.97286499597692,2.718712863756978,57,0,10,3,27.30202444773249,0,4.9821860150315604,No
33,16,Sales,4.1435922976430986,4.1435922976430986,8.224344872750924,1.5855330804525565,5,4.109393601948034,51.339210651188445,2.712548698513962,37,1,5,3,65.69372348774598,4,3.094294296860229,No
32,13,Finance,0.8280425048265486,0.8280425048265486,6.40571930700113,0.979401326362147,3,2.8760588423382947,37.685237133224824,3.7914916033858574,19,1,8,3,12.7746241175872,5,1.371628459461775,No
21,12,Sales,7.524646676130137,5.000528804578305,8.793960835800894,1.6902274269493915,5,3.3885108712380045,39.525763645299016,4.908180896318161,49,1,11,2,26.456946631386913,5,3.7147368460697834,No
28,16,Marketing,1.5969020876036946,1.5969020876036946,6.935700438293497,1.0580733634891542,3,3.701604603074632,88.2758842542064,2.5307359078526273,25,1,7,5,27.999894798180158,3,2.0254984571341663,Yes
36,19,Technology,9.493682505361031,6.832845144559861,16.12324918066762,2.85440170392671,4,2.0346734364032346,47.36802104092294,3.9510919479498927,15,0,10,4,18.30479668281993,5,3.24645639949674,No
36,16,Sales,20.892917234893247,10.009384691514896,27.244023766069237,1.9411650462470516,4,4.600568135766731,99.69961745396165,3.8895644355248358,40,0,11,4,9.301551676743655,1,3.916527209803346,No
23,16,Finance,6.060398760113887,3.6354087505087427,10.820516642101868,1.2218255535614715,4,2.894875004038837,55.77175243290635,2.8979926971043692,13,1,6,1,10.48922901282055,4,3.4550336386814458,No
37,17,HR,4.582579256621085,3.3789712575487525,13.262363185065698,0.808494869074489,5,4.383527508069277,85.88479457679986,3.099227421659041,62,0,11,0,20.153644722010082,3,4.016095441902565,No
44,17,Operations,1.8678489654712425,1.8678489654712425,10.604097197016182,1.3659287237563857,4,3.0875021786820986,41.657198183756584,1.3053588209566425,50,0,10,2,24.459273326315756,3,2.5574994235979425,No
28,20,Sales,8.767793333909632,5.341983916835857,20.448476098888936,2.2612786256020363,3,3.8195932890016575,54.52408178581391,4.303880655680624,71,1,11,1,50.19870218169565,3,2.3376277017481417,No
30,19,Finance,5.604007880238709,2.218803844217269,12.206389387011246,1.1210053640214492,2,2.9065050941095194,68.37417282172895,3.316176193285182,22,0,8,5,31.181515811607976,1,3.2955086232498867,Yes
32,18,Finance,2.8083085918632245,2.8083085918632245,10.350875287210258,1.3964389415973932,2,2.5850704682305934,51.65831475618168,2.6051424832456256,5,0,6,7,28.191842453109487,0,3.060229760099645,No
36,13,Technology,11.74768463332975,1.6759915759737394,22.079827067519513,1.8104077787447947,3,2.085900400080774,62.583519560021095,2.5168313255991595,19,0,6,6,39.90421404735715,2,4.998742200515515,Yes
41,17,Finance,1.106434002207439,1.106434002207439,9.846181971662752,1.438151080619443,3,4.195854821534464,83.71492104059485,1.7120467439325704,25,0,5,4,20.71652414830999,5,4.041358818918179,Yes
39,20,Marketing,1.1141381908307137,1.1141381908307137,11.911182364931513,2.151251934748287,3,2.81205464605416,51.11560623126824,3.6692986433713104,51,0,11,4,17.616978530738685,4,1.8484804043296514,No
34,14,Sales,3.536214108223948,3.3864197999614856,7.034951296463923,1.0562779472333899,2,4.1948367135102895,57.6375561699846,2.5025956497160364,24,0,9,7,54.21729250474867,4,4.699903392509103,Yes
40,15,Technology,3.4028214897038263,3.4028214897038263,7.478602476235942,0.9641883039715597,3,2.4926878467059725,49.15830432351694,2.8049510938274853,52,1,12,5,23.872623646195944,5,2.9040471345058023,No
26,13,Finance,2.0118939586635105,2.0118939586635105,11.599273819712087,0.7933631098670711,3,3.098337945298471,62.42027904942072,3.6877067287337146,21,0,7,4,16.87134749371789,1,3.548469330383243,No
28,19,Operations,7.126925088229189,3.3559220002482864,11.507097182780562,0.8074498127837688,4,2.782133144599107,56.449340514013755,3.3109389158762386,14,0,5,1,22.691926575270195,1,2.9398412107734195,No
39,12,Operations,3.9966475252029463,3.7980392873522084,11.108659444098842,1.4957291918393123,2,3.3218292197557817,74.41758666508572,3.0141795085513845,17,0,7,2,32.05328398489968,2,2.417568941197974,Yes
35,14,Technology,8.114776196171405,7.239061679969791,15.674955058204603,2.395346145234559,2,3.0859938798665323,68.713908955381,4.20135183169583,47,0,10,7,17.508956857707158,0,3.692826236934253,No
47,18,Sales,4.5590479492847065,4.527516565296826,12.310361748279309,2.197593436467607,3,5,45.703794144798486,1.9872400552082343,20,0,6,1,24.857597130094383,2,3.6591750511378134,No
39,13,Sales,1.0033935794813968,1.0033935794813968,7.083634093352785,0.9948021485160352,4,3.511599654779939,68.51839485103861,2.2120436421917313,22,0,6,3,30.72366377847065,2,3.699760148930954,Yes
42,17,Sales,9.040483874835328,4.907421268946857,20.392597445731568,3.331633312476577,5,3.224862972794171,65.98830934911554,3.1099875015446887,41,0,9,7,25.840765851880697,2,3.020712302792104,No
44,19,Sales,4.484414828559574,4.484414828559574,10.988717137977982,1.05818285545167,2,4.327341528749107,64.98229303840151,3.5111336458613787,17,0,6,4,61.24002525233264,4,3.9474596179823065,Yes
39,19,Technology,0.3192832177383355,0.3192832177383355,8.821305206728736,0.7170558415692263,3,3.8108851171739415,52.67791058015826,2.9227615728704848,23,0,7,5,7.884690509868276,0,3.6797685119102623,No
39,17,Technology,1.0273343883107244,1.0273343883107244,11.523620948604947,1.1937902480412323,3,3.70863573798538,44.705714760553455,1.5181861955609437,22,0,7,3,14.562102825618389,2,3.124356777732225,No
31,17,Sales,3.9745960196473566,3.9745960196473566,13.197699041088446,2.3050357120543943,3,3.803280481815726,38.73301941949698,2.317592692107482,15,0,5,3,79.39368885826457,1,2.821157428388451,Yes
25,18,Operations,24.997379374982376,9.01419985452475,25.13313003329504,2.5546427979975594,4,4.701724879375538,47.345205965680876,3.292853134100976,47,0,15,7,29.092411868792528,4,2.943222191964647,No
33,16,Sales,0.5890336878745319,0.5890336878745319,7.033996679301463,0.5241407282937935,2,2.7035084570430694,43.14655388465536,2.96864551110785,53,0,9,7,14.51036983293184,3,3.776615473835974,No
40,17,Operations,4.260060117376518,4.260060117376518,6.113545282597955,0.314710542910987,4,3.680084693952278,33.15622375216095,4.219986529852633,41,0,9,6,55.31022249492792,0,3.9042784256124037,No
45,15,Operations,1.9618840127508075,1.9366928470438465,8.156017959429416,0.4396620723977772,3,3.3805503627523095,58.773643818430166,3.587094953107304,22,1,5,8,46.11574610582903,1,2.736780491478302,No
38,14,Sales,11.623156529313285,7.823629134895907,18.163685518248098,3.320273606867593,3,3.5109184858309006,48.01334479890861,4.989107525707466,27,0,7,3,27.137871115772196,4,2.9710266620583545,No
35,16,Finance,4.26820870708955,3.400317947622868,12.199305231534192,1.212683914428476,4,3.4967581228122357,52.24458746535964,2.4085285702426678,8,1,3,1,46.50683009926598,4,2.59526327204091,No
23,15,Sales,2.5249340966230056,2.5249340966230056,9.12972329171682,0.4507863246242114,4,3.9938797450354877,84.23826674596474,3.4739701945707404,49,0,9,3,16.820843873581673,0,4.8122577922561325,No
40,12,Marketing,0.3,0.3,9.841629399400679,0.6551907351656698,4,3.8765419400458563,36.145153621148296,4.106000249796928,42,0,9,3,30.14251514355382,1,3.550185554888803,No
28,14,Sales,1.0700403921643578,1.0700403921643578,10.67216432477654,0.8449420148590421,4,3.0977225735821063,26.70372025376234,1.993432647231329,31,0,7,7,30.57088592023863,0,3.0836339603632283,No
35,16,Operations,4.55842473789398,4.55842473789398,9.555492717522519,1.0912642925206728,2,3.188090602446759,59.80198598103941,3.312423759352042,50,0,10,3,39.382103052641085,1,3.115801487317409,No
39,19,Technology,0.7384691059302279,0.7384691059302279,10.879686781995687,1.3704455657761736,4,2.598414794113349,42.35529230512623,4.091733306297002,44,0,8,8,51.794378921854985,5,3.36715944207843,No
42,18,Operations,1.5819325748737885,1.5819325748737885,9.438827282087841,1.20690750622809,4,3.7005357235296383,79.57567932743305,3.5984003291407127,39,0,7,3,19.63491187378012,3,2.734901984596118,No
24,17,Technology,4.8875409962174965,2.814675499003934,9.342037341786877,0.7396872234028762,3,3.19209733998224,36.921302089318,2.4028810496513446,17,0,8,5,47.234460620628056,3,1.9411729163668991,No
29,13,Finance,9.126165203584629,6.460155949944692,14.899731212102443,2.378645067389018,4,4.312813507691927,61.48844071797554,3.3993651361331834,32,0,9,6,40.353996243618184,5,4.047081626132665,No
27,17,Operations,3.1529138011550133,3.1529138011550133,14.68143864407418,1.787334891803635,3,4.929525531769244,53.221499900523526,2.423495696570814,7,0,5,1,24.336036349437176,1,4.399264307764769,No
36,14,Operations,1.360344689783656,0.3,8.153499494440732,0.8188040893447224,2,2.8908739306085915,77.86950349856983,3.583660236085598,46,1,6,4,17.6158831722501,1,2.5085890830659334,No
30,19,Operations,3.0713335141183524,1.580972107957068,9.887305915914679,1.599951058599324,3,3.4814805648658007,58.50615990522091,3.884284511695926,20,1,7,7,10.46340153144154,1,3.335943053642749,No
41,15,Sales,1.4246636145628806,1.4246636145628806,8.512539525436726,0.9646331685021428,4,3.7053715626476564,59.39557474575563,4.766270759163713,6,0,4,5,24.754016273307958,3,4.091887581484761,No
32,15,Sales,3.978940615392613,0.3,10.733608104542153,1.0980025127109565,2,2.683479215864187,46.14035399605273,3.5955243897676636,33,0,6,3,28.549184769027214,4,2.257848068944832,No
34,20,Finance,0.3329624621988805,0.3329624621988805,6.582483417238114,0.7359102633967772,4,2.4935892033584652,57.81845904468839,3.590245466771628,36,0,8,3,13.700826990964492,0,1.967878270826427,No
41,16,Operations,6.056515257841119,1.9336161679221089,10.701282456027057,0.5626335274031515,3,4.29952090967699,57.61208758633284,3.7085641555037743,37,1,10,2,43.09322378797151,3,2.3061861209135017,No
24,17,Sales,18.235309370861764,4.896615136332386,24.234484730111916,3.0331347848074937,4,2.833146389638589,59.77916845328767,2.6426130793868237,16,1,8,2,60.88774812921713,1,4.761817830995029,No
21,13,Technology,4.717210883092813,3.568093885787861,9.383323732994246,1.6501933010738654,4,3.0049760582463256,65.67559837228774,2.2950153003248244,29,0,7,1,20.6233801830157,2,3.43840101390464,Yes
31,16,HR,14.213968095140556,4.06239364796673,15.01876651583275,2.4334242405076156,2,2.9998335528396423,65.66812440818953,3.399885695682127,47,1,7,6,16.881358172503763,1,2.932696234249264,No
40,17,Finance,5.335964998701068,5.335964998701068,13.85545621472491,1.1851942703895197,4,3.498395647530049,42.94987693461895,3.3014329775213556,38,0,8,6,25.40772361210297,1,2.260226902632614,No
25,14,Operations,1.9810936904652405,0.3291470293835222,10.401999952858478,0.8472519971193128,3,3.598581281813522,40.90451735524872,4.611935453611628,14,1,5,5,28.42376982433752,5,4.033327707208363,No
48,17,Technology,6.430790860289145,2.3166964960539054,10.310055536063524,1.948020634988572,3,3.2809106014364864,57.9329760591967,3.9846500224926276,9,0,4,6,26.586149129395835,1,3.975251335684214,No
28,17,HR,2.793965087457004,2.793965087457004,13.169133661522576,1.40207314551062,3,3.071803778093107,54.36284086035763,3.223075650162297,24,0,8,6,65.33714148200443,5,3.381232258297602,No
45,19,Sales,24.701013758815616,6.268041736223999,31.1552446107479,4.196541316156557,2,3.310116253861123,63.714100470208614,3.2840921005987145,39,0,12,3,34.7251972612633,0,2.0948548106239455,No
28,14,Technology,6.931286953174596,4.4643933182172395,8.340137210981759,0.9007297814244797,4,3.0768632259044204,55.55623229940521,3.4922315795471093,38,1,8,7,19.318468083979266,3,3.5232752429109246,No
23,19,Technology,7.737746746392693,1.882557612812737,8.446381739745993,0.5512746958838499,4,3.0886342962116213,53.540680432406596,2.590820636494538,49,1,8,2,35.65383675172276,4,3.9679842799300626,No
38,17,Sales,3.083624810330809,2.994323367348965,9.866376351723675,0.5647328814721739,3,2.295496332721694,51.77929070233638,3.101866407657218,48,0,9,2,33.317295995109156,4,2.432725920006643,No
42,19,Finance,0.3,0.3,8.826831343002395,1.7654223552856125,3,3.5913552696837487,73.02765205538721,1.6028286342009515,20,0,7,4,33.29621546578763,0,3.1437461379919056,Yes
56,16,Operations,1.2861173887866204,1.2861173887866204,8.395739715294024,0.6564638937231202,4,2.312299775605363,52.54940496944875,4.411576327519884,9,0,4,5,44.42305275999851,4,2.4935653217944083,No
33,12,Marketing,1.948952290708086,1.948952290708086,10.889874036412076,1.1278244219185742,4,2.0968081107670007,68.57126887623707,3.10514892060275,45,0,9,2,7.182830043024282,5,5,No
35,19,Finance,10.788797700395689,5.455507682709878,15.293041535229527,1.8649193824722317,3,3.3889634603390784,57.442143138582914,4.203645892229528,41,0,10,4,41.51544128318772,3,2.8828261970150115,No
42,15,Marketing,19.393388194955445,2.055589272407369,22.799553731437133,4.047409332365026,4,3.9080111443442345,53.87595030873587,3.395496938025566,19,0,9,3,13.714415126047745,3,2.9107583765563634,No
27,19,Finance,1.1277027570041804,1.1277027570041804,8.09382215786705,0.44400738978282533,4,3.2836061219410175,66.27558037548194,3.0807772860129763,54,0,11,2,26.030837047502146,3,4.985475214827432,No
41,18,Operations,1.6026184091330835,1.6026184091330835,8.020654214747612,1.428249646606274,3,3.508341109567829,68.71113630397774,2.8983553369507313,32,0,7,6,57.24317446165654,4,2.0388042373515125,Yes
25,16,Marketing,5.83386093507022,0.9016766358681875,14.004140503306427,1.285123762976085,5,2.7326096292787163,46.0912517935654,4.708512209576742,18,0,4,4,79.94499586014845,0,2.3563522832769075,No
27,19,Operations,6.76475637757697,0.3,7.033369386700831,1.0815117283690097,2,3.2662763375152157,56.70536941505187,3.8848778570931413,28,1,8,4,21.294188709350742,5,3.675691025852845,No
38,17,Operations,0.3946868156471079,0.3946868156471079,10.425559412634511,1.825005010652612,3,3.896145263739291,50.84748179228496,2.8028195088769916,29,0,8,4,39.093900345544505,3,3.986545143499271,No
41,15,Sales,1.189104367563709,1.189104367563709,7.418369515953615,1.199966877222735,3,3.3797831357886543,35.12111832564572,2.980668821574078,29,0,6,4,44.59297979628862,3,4.405650433310775,No
34,14,HR,5.917412291203846,3.5578050282625098,16.999093881597716,3.2385800187307283,4,3.7203151452540335,49.40912959430878,3.8739882416788216,31,1,7,5,29.52637836897007,1,3.181683394789626,No
30,17,Technology,2.952307079720922,2.952307079720922,12.61064265027626,2.184150077120894,3,2.9205230008591796,52.70122158676997,2.03042670447998,33,0,5,5,33.4492412143569,0,3.7770570131477994,No
32,17,Finance,5.691343837591511,5.622995380880576,12.440591006412209,2.060508346642672,2,2.5010449040909206,71.06888977526225,2.428509209066794,29,1,7,7,3.6498788171722287,5,3.197606202693097,No
32,18,HR,0.33420806077248977,0.33420806077248977,10.513613252053625,1.5535294021842074,2,3.8159798077348484,90.59725655367507,1.9888916200239772,47,0,7,2,63.765709491249744,2,3.287508212175866,Yes
34,13,HR,1.9331417504564568,0.3585394010385503,11.72179630276588,0.9024905307621578,3,3.717618864168984,65.98029722957102,3.774613465512946,81,0,11,6,49.032713472201976,3,4.187878178046185,No
33,18,Operations,1.061330442011734,0.4278201935234197,10.734140467591525,1.030043397295665,3,3.3261361089170514,71.49202707494159,4.18544435283997,18,1,7,4,31.8571359178259,0,2.6603701533882576,No
52,16,Technology,3.342545034770413,3.342545034770413,11.813471030185166,2.186247995146758,2,3.496954339113295,54.37596732918441,3.285921508799773,61,1,8,7,16.166784150872626,4,2.1315278497662806,No
23,17,Marketing,4.783928692324321,3.5386622246329495,14.316728140162407,1.3556255209636545,3,3.5136797022203505,54.619203549457,3.2951937956019735,45,1,9,5,20.123943644895085,3,2.3127152762130243,No
41,20,Sales,0.973808100160767,0.973808100160767,8.570990359214447,1.3558218836619471,4,3.795556855563489,15,3.8088827663136375,26,1,7,4,26.921762385294066,3,4.662967697994414,No
24,19,Operations,0.33826806936455867,0.33826806936455867,9.969244407792102,1.213226979618758,4,4.280711305665792,50.6136223112803,3.5300013337044254,73,1,8,3,62.829179715578455,1,5,No
40,12,Sales,2.535089908665872,2.535089908665872,8.757449303377825,0.8214975987597273,4,2.505947338832627,79.13586154693856,3.8184156214064346,19,0,6,9,29.108785561176287,4,4.056193241855588,Yes
24,18,Operations,8.646551138066336,2.8560811015844183,11.125124305992946,1.6155893399993462,3,2.6597627849051126,61.86793409483907,3.5901669310884685,38,0,11,7,46.81752241734914,4,2.0172405200953474,Yes
35,15,HR,0.5199569512725312,0.5199569512725312,11.99347687491164,0.9495736849551019,3,4.79062363166121,53.05175194168377,3.702771706552296,48,0,9,6,31.51326838883082,3,2.6869809248624823,No
37,17,Technology,11.390674684924983,8.711814926196599,8.122348713369044,0.8380796967557826,4,3.7197315193887506,54.013598959171055,3.521828559429376,41,0,10,6,16.378180754894654,5,3.5815710901080435,No
42,16,Marketing,5.913815581504648,4.540608213767421,10.405160417226897,1.968674245807001,3,4.998393170513704,51.81732682810572,3.3969621873796396,59,1,11,4,34.006962010487726,3,3.426819348223291,No
40,14,Sales,5.627182280387684,4.5126659101862785,10.785326057439633,1.7752704703644553,3,2.4399411780211757,41.198942482551864,2.8891265587884196,27,1,8,3,32.06618672056454,0,3.3237476413236307,No
28,15,HR,11.624457034485731,7.998363871489176,15.234028975709146,2.216323827774938,4,2.492883706510897,62.1159600914476,2.506992329034602,8,0,9,6,24.501276483015406,2,4.636343784572739,No
24,16,Marketing,0.934926105200468,0.5365050012567267,10.47630214468566,0.6680028626061273,3,2.9055094234273153,62.035554985337384,4.4115307272613,35,1,7,3,16.324023131925365,1,3.0894290952683567,No
38,19,Technology,3.7116013360433806,3.7116013360433806,7.32096215759493,1.2405348239647358,3,3.670606989910928,98.25535213511493,2.9102500277054997,18,0,9,3,6.431419711945461,5,4.096047033815907,Yes
35,17,Operations,7.872707877203143,5.548084237185534,16.056502453057433,3.1122683351301825,5,5,51.16602745218897,4.682920434535957,34,0,9,5,20.71445779528951,2,3.411358176835398,No
38,15,Finance,3.0979233917450744,0.5548998921895616,15.790209616492225,2.6652782162097877,3,3.8892601795150674,53.84895781587436,2.6926137753764596,28,0,7,8,13.104718461125309,5,3.6458472801341837,No
38,13,Operations,10.924210273080604,8.815740771558856,16.455044138913298,3.2811121060691004,3,4.290762771975546,61.69065626070366,3.4261591611513977,84,1,13,4,6.6821288982687665,0,3.3791442094662756,No
41,16,Marketing,0.9426399393127902,0.9426399393127902,8.761293313597065,1.6311793663014988,3,4.375502969068305,41.51623630918163,4.1132870288341525,35,0,9,4,26.545259548293075,4,4.538596205596324,No
31,18,Sales,7.6239011522696885,4.123115522893023,14.96960794199566,1.7329239949283148,4,4.169386637105119,55.34100338192424,2.953847852488505,25,0,10,4,18.38036207792042,1,4.250238495562339,No
55,16,Operations,0.5070966020338675,0.5070966020338675,10.379040011950428,1.716015460498662,4,4.316232047869866,96.45800594047576,4.005908051906075,12,0,7,3,52.30410462218486,1,3.4055941868913475,Yes
42,16,Technology,6.8920124936795935,4.416247060214773,12.76509503245603,0.8745461462594099,1,4.110570646913852,42.271892407972445,2.5912752992574815,17,0,4,4,25.15718028728473,2,2.5877812023023172,Yes
35,15,Marketing,14.844546451459337,5.278910297206967,29.545033840452728,4.827363571603501,4,3.7847569808486603,67.30141316963487,2.806203287633792,61,0,11,2,38.63677316290416,1,2.3548215237351213,No
28,15,Finance,5.814528717890675,1.9823846749773795,10.764520500112656,1.393574161637659,4,3.3913226365898654,75.72352323547788,2.504889553339858,34,0,8,8,39.25127822563816,2,3.5684722841071985,No
27,17,Marketing,0.7462806105746531,0.7462806105746531,5.987888917959988,0.47543366425532263,3,3.9971948013291243,75.19908028552943,2.800795658849935,51,0,7,5,60.5442702304022,0,2.9968043892779774,Yes
37,16,Finance,8.25363194717091,5.135133025635254,13.392158737740436,1.1237786054327912,3,4.718835556910832,59.28291345801461,1.6840030669404826,22,1,10,6,79.8618867919621,2,2.1619774030847294,No
31,12,Sales,3.23967261735046,2.6274738411396386,6.575453761926587,0.4969103728273886,4,3.306447406882916,73.55665189110358,2.9125111621279065,13,0,6,5,13.093416356940915,3,4.482194878393351,No
33,18,Marketing,5.943849022815986,5.943849022815986,12.966436835338543,1.6832025263820771,3,2.409476369060964,73.54880657286708,3.297218128616017,26,0,8,2,40.06142272154777,5,2.8090995902840654,Yes
43,17,Finance,0.92583068916626,0.7538705721848302,7.794317689409864,1.3041552939884076,3,3.6842347185054267,59.235360226405035,2.9190758468596067,30,0,7,4,13.341304950041662,3,3.8021194386330204,No
32,16,Sales,14.062638714731904,5.806629021299826,12.78152732923699,2.247132355937991,3,3.6665069786255633,48.522407999667934,4.130924216900341,37,0,11,6,13.680629998802827,5,4.2011462242836455,No
34,16,Sales,6.133805955214711,3.284066320507839,14.214931943590038,1.3894237183615914,2,3.273058602584338,53.177458648034495,3.182022203818064,30,0,8,9,15.55874223273966,5,4.2549687582011835,No
46,15,Sales,0.5444748130803521,0.5444748130803521,9.638051782042263,1.1002094825672362,4,3.2864380169658314,56.406998446279914,3.5064067624796422,46,1,10,2,27.277207196948503,0,2.8132807474133497,No
34,18,Marketing,18.793776705207456,6.560591170683698,18.440933994503656,3.3544857315948735,4,2.62961779304451,47.12571786028298,3.7828044781523054,52,0,11,2,7.467492855207352,0,4.385557298099911,No
59,15,Sales,2.86037894069957,1.2930374743455557,11.228801493416432,1.6875335272502192,2,2.588063112794823,85.93757862974353,3.212653858396016,38,1,7,3,62.25794566009914,4,3.3079410604145214,Yes
36,18,Technology,2.0764048049923756,2.0764048049923756,8.921702600512042,0.5965054815712453,3,3.30424458358362,78.57661355403788,4.819772269724422,47,0,11,11,17.105562362453686,0,3.052897910535343,No
32,16,Finance,24.940680782480097,7.563468148637443,22.797977131354862,3.940980953157525,4,2.9900503941371435,46.569644801934885,2.5986071883207607,42,1,11,2,11.043207280392808,5,4.209470110384483,No
28,12,Operations,11.669080236967135,4.645340043868984,17.757579872957272,2.0343251013873056,3,4.09048503578154,78.2154695756304,3.487934115137675,32,1,9,6,33.71450233967381,1,4.595649661285945,No
33,18,Technology,0.3,0.3,9.808847869151453,1.1946567217742432,4,3.5772788708210093,48.43890820629078,2.6640885816862605,61,1,8,3,19.559425527902864,3,2.286929710060522,No
29,18,Marketing,5.079807935772402,2.044310786869809,11.055570255764069,0.7633159955729436,3,3.3285158038171834,77.38940204829188,2.5948861693712697,18,0,7,7,21.018205935897512,4,3.62790923922182,Yes
39,16,Technology,3.2102570850660164,3.2102570850660164,11.517263383602327,1.406137468619894,4,2.2641038772283935,45.536697860905235,3.712418991353985,27,0,9,1,11.161861786614368,1,3.68870031739317,No
27,19,HR,2.1043007416440687,0.3,12.180064356076866,1.6776920777800577,4,4.188536150038508,62.34024325790465,3.571356934298999,29,1,5,3,26.270322801313014,3,2.726350624189694,No
42,18,Technology,0.6703504244406779,0.3,7.4425565823184305,1.2307260149944876,4,3.518685938720822,45.160916283406884,2.99115181973882,55,0,7,5,33.10091740295801,1,4.209347995199676,No
41,16,Sales,1.192415271591522,1.192415271591522,11.233036093546326,1.1038035540579545,4,1.9845982071535266,15.403516225022,2.2791598900918983,53,0,7,1,35.543337689136465,2,3.771214135368363,No
26,15,Operations,8.537813020995014,3.8204735223623567,11.562557984200211,0.7578731756766761,4,4.104355898593058,55.57181642868267,4.005444393110581,70,0,13,0,29.621273014994625,4,4.905099947027053,No
21,17,Marketing,1.675489235980829,1.675489235980829,7.9452900497141545,1.451383921630657,4,3.0439452403611633,64.31746504329827,3.6261028419938186,34,0,6,6,41.068986569402796,5,4.289602279118739,Yes
40,16,Marketing,6.481878275444997,5.864836616473795,8.081258263774908,0.8570307083840152,4,3.5750935716586945,89.15213764791083,3.512593503253207,53,0,10,2,18.526861649456823,3,5,No
44,14,Technology,5.348834164051436,5.348834164051436,12.051064406238838,1.1504974809228015,3,4.988884743103162,73.87520136209989,3.0792103129783275,46,0,11,4,35.151947314726925,3,2.6638942627771574,No
42,16,Technology,2.6574246339901926,2.6574246339901926,10.063403795916036,0.5936142601912876,3,4.382305321671197,80.39558112772272,2.295835020256808,39,1,8,6,21.36860486420985,0,3.1181010916320866,No
37,18,Technology,2.138982918736175,1.3554262827085573,8.932815896431029,1.120982902648794,5,3.0259503400181385,87.17156277526043,2.1115898744365986,57,0,11,4,42.178166937955304,4,2.0257234123706818,Yes
44,17,Technology,6.17223751214295,6.17223751214295,13.53622779676557,0.7579301749861658,3,4.998556185119847,62.38870476952885,2.285835664116335,8,1,7,3,35.81287464826704,2,3.5745928407012895,No
38,15,Technology,11.71113264528082,7.704442933339594,14.332412512524154,2.107504646644993,3,3.5011463851621416,89.59309115742559,4.217067156872021,20,1,7,2,33.232800267172564,1,3.6328753967971257,No
37,13,Sales,0.6569915013793616,0.6569915013793616,12.270662527298544,1.228479211659538,4,3.8963574478857153,55.67166328813717,2.4263766750753137,29,0,7,3,50.96453903110648,5,2.5643555908398357,No
31,16,Technology,5.917839907665915,0.8767086183161051,17.54686076553284,1.7837559195956163,4,2.198162704222825,49.80020111043018,2.119759986363687,26,0,8,6,30.6852867005255,2,3.815694147627014,No
34,18,Technology,22.14631843122873,9.813246030953286,27.16310706686604,3.47730101015491,5,1.217982149347986,56.79445316439265,2.985339864148051,49,0,11,2,18.067863674988963,1,3.4377461023939238,No
49,15,Marketing,5.807354587544931,3.809536064403578,13.827630383784104,1.6697963697079365,3,3.505774736809301,49.39670125086648,3.1245188192773323,42,1,10,4,49.31296673082886,5,3.1802015681108657,No
42,15,Finance,4.080285601641198,4.080285601641198,11.920042778712597,1.348642698662798,4,3.7104832751477503,40.948305164128186,4.089923854774301,25,0,6,3,26.563063948820187,3,3.8394130017731767,No
34,12,Technology,1.7780295909516206,1.7780295909516206,11.171734370260761,1.2938644084553526,2,3.221867093600432,47.14890315146777,3.383961184489004,17,1,7,4,28.825615829271456,1,4.374125379183563,No
28,15,Technology,1.107640230392006,1.107640230392006,8.119391469273085,1.469376433972711,4,4.008770867866221,99.86254343693227,4.978678011939918,64,0,11,5,23.864892320358372,5,4.141436714747254,No
44,19,HR,4.313212353887295,4.313212353887295,10.014457346637656,0.675252228702841,4,2.011472668195002,46.15529132323192,3.5188543655802276,18,0,6,3,29.350463740701542,2,2.8236828570943757,No
40,19,Marketing,1.022252486723458,1.022252486723458,8.849334523683062,1.0253067879157851,4,3.5833705868270695,80.3262268094175,1.8262790839804666,19,0,6,2,72.14060778854336,4,4.016947140578449,Yes
31,13,HR,1.0215512393073434,1.0215512393073434,6.977972851431879,0.502547106750509,2,3.199558191195759,73.08425014827523,4.965533727606638,39,1,6,5,12.46769152525542,3,2.380932141939254,No
39,16,HR,4.877099304601067,4.877099304601067,7.116345758269723,1.2651688833190329,4,3.4898240565692413,59.661559629400024,1.9870978199012823,31,0,5,3,38.241554505450225,2,3.5572351950275336,No
39,18,Operations,3.7951047404343137,3.7951047404343137,14.259100028187888,2.0664979169376365,4,3.4991606994529434,63.72242876386901,3.8922503643236315,45,0,8,1,24.310941826025687,2,4.803609089970074,No
38,16,Finance,1.4010849303922819,1.4010849303922819,6.698166916908182,0.8622279887005487,3,2.916749951685114,81.08378996721187,3.8730205131255664,11,0,6,8,35.298045996907454,3,4.244675187714557,Yes
21,12,Sales,1.6690427278796287,1.6690427278796287,6.678461244453621,0.7783832411837324,2,2.5926615830497384,72.32338892947983,2.206751964742956,36,0,9,5,22.32324688621572,0,2.6016538290852873,Yes
36,16,HR,9.496673762928724,3.879370694300682,9.496369949902604,1.0945456057842813,4,3.2961945401691812,43.43833727886213,4.202178120248278,18,0,8,4,21.522884175044965,0,3.9962566509831206,No
38,16,HR,15.21473072352778,3.996656220860067,25.178860892645886,1.7029835078148257,3,3.314266407377766,55.62311632103429,4.4697330156814665,13,0,7,7,14.608699982821966,4,3.8348030042882826,No
30,16,HR,0.8837642113295658,0.30058132729285025,7.10344619625721,0.6610929086451283,3,4.696454812673285,53.903080503297154,2.9114065171057,26,1,6,4,49.25798929528937,2,3.4559564195941066,No
30,16,Operations,4.526861337272888,4.526861337272888,11.730713387134356,1.0806914822058231,4,2.3864102161650185,63.29730502806195,2.8109005705031445,35,0,6,4,40.502126292778556,5,4.994233424275841,No
45,18,Operations,10.954609712263975,7.760608689380733,18.85250600509736,2.657963509319292,5,2.586943944805779,52.86431585056784,4.1221379379548715,27,0,7,4,12.100462674758363,4,2.4411736702073186,No
43,12,Operations,11.602912718243294,4.28850693502477,13.992557435908848,1.486533209370734,4,3.6062735295857373,85.1404123575063,1.8201030120158643,58,0,10,7,18.10798478697545,5,4.873534435173278,No
32,17,Sales,3.13060896069801,3.1188886792081894,11.743749775791962,1.7997259061027726,4,3.5780514882502845,65.63888072108472,2.6773842475729923,55,1,10,1,13.144508976691924,3,2.796123579570298,No
38,16,Technology,0.3,0.3,6.313450856339486,0.3084074704598421,4,4.803964158728976,52.389916181966015,3.1050926254664684,15,0,7,4,39.9747620125143,4,3.870318770163368,No
38,20,Technology,2.059798284425699,2.059798284425699,9.1614786796784,1.097285040166685,5,3.406644119426055,72.3331134736899,2.2983455550200276,30,0,9,4,30.857393799626994,3,4.51602730002883,No
21,14,Sales,11.143553291870942,4.9586472180910635,22.575131408195507,1.4593441331902133,4,4.274766847877349,53.218532636309966,2.4873799229435,27,0,6,2,19.79346523111733,4,3.0619230532705815,No
32,15,Technology,8.637416518989065,4.297119834459685,9.018400753621838,0.6779825828019831,5,2.2272733112059697,54.22638795171377,2.5192854900706116,53,0,10,3,32.24035807746225,2,4.058130618201869,No
43,16,Sales,12.1116642544567,10.308816493109795,17.71458424462168,1.4941250464815865,3,2.4934467879129776,41.44123030029127,3.7141234518321133,46,1,9,7,16.17158667589865,4,1.0041249243381813,No
32,13,Sales,5.851617188168484,2.923513177795633,10.819945356871033,1.2573116926262513,3,4.781867338726543,66.18704784081181,4.608831874051901,29,0,8,4,37.66677616724102,5,2.964626390360972,No
33,17,Marketing,8.294833414186826,3.2453136081041296,8.379260734817368,1.655382213914965,3,3.3880790890025425,72.54062067737671,2.871566884784811,27,0,7,5,21.189838071279596,3,3.6741695704587527,No
39,18,Sales,3.073831798742264,0.8631987022971624,10.30187185532334,0.5483655354291436,3,4.905906211688417,44.21469180361228,1.479265953993231,47,0,9,3,7.170692953341011,0,2.6096270211068626,No
23,18,Finance,0.8749959144068954,0.3653992907224073,6.860535164408359,0.9518514625784114,2,3.455073955692746,75.36695363328386,3.0889990620051893,28,1,5,7,77.84321283277818,3,3.985052751553781,Yes
41,17,Finance,5.16469379475605,5.16469379475605,9.767895870038142,0.5256876204282965,3,2.726586074960327,66.76179578417414,4.105867322237458,29,0,9,1,62.94745340230797,4,3.68551970005467,No
33,16,Technology,3.872652166761545,3.872652166761545,11.289393575533156,1.8175171135077404,3,3.6799591861181438,87.70103855652593,3.21729524909373,30,0,9,3,13.22321536916812,0,2.9332238684370213,No
21,17,Marketing,1.9155429953157423,1.3045098987228496,7.6059843027959255,0.8893732417920367,5,2.0102096980501343,54.103306775838426,3.489523727084751,36,1,7,9,10.354697200840146,5,3.9161080372268837,No
42,15,Operations,21.39214030546335,11.721382270738655,20.313337630425675,3.5598383184552627,3,3.2931805874095206,78.06057961606919,1.9927185456015473,32,0,10,2,10.170981297483605,1,2.0583038035904804,No
36,17,Marketing,17.265204191177276,7.05366967616086,16.28900958866728,2.6669237745587906,4,4.327559233594082,85.56229627215086,3.8928194914901875,8,1,10,4,24.981408001629923,5,2.454293543608687,No
37,17,Sales,1.5192131155375115,1.5192131155375115,6.465621263448289,0.7441933707830941,4,3.317164903678375,59.851104801199114,2.79114114391411,27,0,7,6,47.10212907000542,4,1.85791801820878,Yes
35,12,Sales,0.47567035070659025,0.47567035070659025,8.837880731916968,0.45953826814601817,3,3.691491898004075,69.944993934421,3.400149515769925,26,0,8,4,23.329514079135564,3,3.934549557324293,Yes
21,17,Operations,9.53975838815008,5.714094748952331,9.897281408328213,0.829616050861489,4,3.49607158215061,79.9941382060099,3.188416785980363,59,1,11,3,8.57618248591699,2,1.4092151984758943,No
49,18,Technology,8.055414649527483,6.594678929345435,13.78401385840485,1.2648016687136594,1,3.687163070147863,19.569959272644322,2.068643258000727,47,1,11,7,51.692863538920186,2,4.001970913044119,No
32,16,Marketing,3.0662458303406384,3.0662458303406384,9.548484488964789,0.49035583467725485,4,3.6339821872034848,59.84098192123483,2.731124812111682,31,0,9,6,23.581921867150783,5,1.6515762829396732,No
54,17,HR,12.634415799747579,6.545761854825131,13.78049337177963,2.6936627007626255,3,3.8076531848469872,62.21227656461155,3.4727802215039705,9,0,9,3,14.267236330201992,1,3.1871068999780845,No
28,17,Sales,2.0373534708580623,2.0373534708580623,12.385050348199893,1.323311583797239,4,3.1806089422729253,49.832718618933654,2.4171861043702143,13,1,7,5,12.235797778857988,2,4.067319207389023,No
26,19,Sales,19.700653009269413,6.516134086296406,21.618347524810005,2.033592294238789,3,3.2823842233057126,85.33787391224044,3.314280356060006,18,0,9,4,49.68194226584915,4,4.660632882089319,Yes
39,16,Technology,4.945654722637724,4.758974992600425,9.003209107369619,0.6700264624232386,2,3.1091622428972703,79.20972301582411,4.121140869310967,16,0,7,6,44.681505435653925,3,3.0710027138814997,Yes
23,17,Marketing,15.034206464031579,7.319551854636036,21.84386553827296,1.6536959857098052,3,1.8837501039301576,53.45024492848183,3.7631743339075046,38,0,8,6,42.21881813336971,0,2.618168459563641,No
31,18,Sales,3.8573467042570893,3.8573467042570893,10.000013105617192,1.2622878012653855,3,3.5660089196260905,53.475012451839255,3.1193184546969177,34,0,10,2,38.75847036994605,3,1.731143529499092,No
29,15,Operations,2.632819070245872,2.632819070245872,9.04983882741737,1.256804798714471,2,4.708086007165904,76.00175775659133,3.5881931058021106,15,1,4,7,8.463086467527386,4,3.5078318135236772,Yes
32,17,Technology,1.9306692202050262,0.3,8.179333851934063,0.5275963044012482,3,3.090199931329729,64.19560268646114,3.526244156423989,11,1,6,4,39.32248850925321,0,1.1037402691747613,No
40,19,Sales,5.268066674714364,2.7173602889803914,9.943064614473297,1.621891205168405,3,2.976178812510495,57.10743784663095,3.424876030768127,33,1,11,4,17.129239884656112,2,4.5000996637340975,No
30,13,Finance,4.480591212086125,3.0435282497104783,11.766642152669435,1.8998299130542793,4,3.593145569196569,43.49802162626435,2.7274772771680484,27,1,7,2,22.631370274300906,3,3.4530721477517914,No
46,13,Technology,2.5833818340116443,2.5833818340116443,8.360221049017243,0.7537512434753852,3,3.1438905091044824,66.55142624683693,2.7655523488274287,25,1,7,5,17.101712852615762,5,2.387336383710333,No
32,17,Finance,2.8803451836970466,2.8803451836970466,7.138027149522905,0.6318368779800008,3,3.051969165811022,56.37568760524386,4.022744349439645,38,1,9,3,39.90898306629998,3,2.6702596063640502,No
48,15,Technology,16.149216991222218,7.559764646447458,24.465213872937408,4.567085369681558,4,2.6999720162895318,67.12946327785795,1.9030270123068107,36,1,10,1,39.11708318632933,3,3.063289666984157,No
30,17,HR,3.7664639829947095,3.7664639829947095,9.369920081917593,0.700505504136789,3,2.0053282731735327,78.24944734867555,3.8032184121473174,21,0,6,3,12.662876016131616,3,2.149758780840982,Yes
49,17,Technology,8.3732214172921,4.32932881324115,16.792188407652755,3.074413741708101,4,3.4338499726428666,56.058874400739406,1.894853247109392,23,0,6,4,22.982612295641243,3,3.0865125856174753,No
35,17,Operations,2.2322181277421747,2.2322181277421747,10.744940637676605,2.0952373494159393,4,4.498333363997802,50.19532713622407,3.1268632884931793,25,0,6,3,30.506178096018786,5,3.860842911250118,No
21,16,Finance,3.289927703580938,3.289927703580938,11.438212873390082,0.6387079517455525,3,3.584409027139968,60.86928494906925,3.4893461983605274,57,0,12,4,47.96520863075469,0,2.6667479360026256,No
26,14,Operations,0.4751740226714579,0.4751740226714579,3.7085166932399822,0.7064369676110306,4,4.8973174599499725,38.00191622706087,3.3685882487451955,26,0,6,5,25.250526527641323,3,3.798075008547442,No
44,17,Marketing,1.865524260071534,0.6045445499477178,6.969531388079628,0.5928445358522637,4,3.3113592186183665,51.731962619828415,2.5079527858443913,47,0,10,6,19.425410243271642,3,3.0386956530172107,No
43,19,Sales,2.021577934321662,2.021577934321662,10.970933632063142,0.7006494126796604,5,4.601464307971308,53.388307864126546,4.118432100751359,38,0,6,8,80,4,2.821149500527624,No
38,16,Technology,0.9851532793022889,0.9851532793022889,9.001642977872486,0.5318152130418733,2,4.499630865672266,68.9120242806971,2.90382757519725,42,0,7,4,59.6929440772687,1,4.1855775503938,Yes
34,16,HR,19.8476609208783,11.654336533968173,33.90179691096242,5.43065322337127,2,4.00256199324434,74.02950518546679,4.216167299706903,55,0,13,7,4.889466864349019,4,3.6007350488235064,No
37,12,Operations,14.69862538944322,6.826451790881385,19.731394840843162,2.1581957790883686,3,2.7789677848789593,85.4684220977946,3.50111958702895,42,1,11,5,23.805692726114962,3,2.8430453768045374,No
49,16,Marketing,2.7179484993889056,2.7179484993889056,6.582561171945287,0.6558815965612736,3,3.4210850854797132,52.477616230213165,3.475368858941647,24,0,5,8,15.715333004251324,1,2.3166879286201243,No
32,17,Sales,1.9000172236699056,1.9000172236699056,10.51572727754909,1.6064256498120029,5,1.8132470922887187,82.16042382063144,4.099448426310909,11,0,4,1,17.64642541769178,4,2.0284951304904983,Yes
31,18,Sales,8.185257525494597,5.234309706238115,15.208073288494699,0.7910099496341818,4,4.085534016135804,65.50687866724851,3.7010519078192368,12,0,9,3,40.03976505465935,2,3.6760554889429664,No
27,17,Technology,0.47752013329198245,0.47752013329198245,8.809383811918055,1.5798443845893424,2,3.0980788194479953,79.71515522002511,4.41983161311485,22,1,6,1,50.31862549216765,4,2.5901926623816984,Yes
21,17,Sales,1.6500696943087487,1.6500696943087487,13.751384608231543,0.9648352965061755,3,2.877948854528293,65.0460315996085,3.508498499978814,53,1,11,3,1.9315484426211331,2,4.204491529255803,No
43,17,Technology,8.205254958361358,3.684105589565699,18.742747020630805,3.7312581135552803,4,2.8055619333137907,83.20571172198912,2.9906865173607207,17,0,6,4,23.003668426393862,0,4.173713016539975,No
40,16,Finance,2.584878232291337,2.584878232291337,7.235192747553179,0.6809314794332015,4,4.301070757237655,63.60053025030962,2.7025349281026783,35,1,8,10,16.639788618438907,2,3.7606498964489132,No
35,17,Operations,19.099920995003195,11.74966325484434,28.237368816361755,4.487159157516982,3,3.402915952973587,62.354158936948465,4.314591141476972,18,1,7,2,24.474546068699404,4,3.5603450689319236,No
38,17,Sales,3.287696706840978,3.287696706840978,12.890168089735491,1.4888240135837683,4,2.631053262876668,83.18073220411296,1.385243014957183,43,0,7,6,42.487322833029005,5,3.7695874276266648,Yes
21,20,Marketing,24.957028461765518,9.348703345909966,19.50382790410627,3.7523532989679946,3,2.3472800867577313,60.17788388205117,4.405038385478943,72,1,13,5,3.7207290847867953,3,3.2346235165311334,No
39,15,Marketing,5.27280154970711,5.27280154970711,17.287268870078314,1.3355011936100236,3,1.8033606361555032,55.638311827099855,3.4091482714479193,25,0,6,2,34.24496167830447,0,2.9881513315303376,No
35,17,Sales,2.716784489944649,2.716784489944649,13.404209955235336,1.1597628307074295,3,3.993666178161489,48.8507337712011,2.2889014547378483,59,0,9,1,12.812497624988966,4,3.0902469205663317,No
45,16,Finance,4.8426073975052635,4.8426073975052635,10.789897844451769,1.281281719907251,5,4.488580757149103,74.25396546333239,4.31891990618547,37,0,8,2,19.41403718927646,2,3.394446656777567,No
47,14,Finance,0.7138453819964643,0.7138453819964643,7.873721694145765,0.78942951173020115,3,4.190875878580859,34.68731274451659,2.303369944797862,45,0,6,4,23.14031117351387,3,3.093178983357177,No
39,18,Technology,4.0502742496207595,1.3566316060358083,8.222563816808355,1.509091259024031,3,3.191318082865223,63.216038361803214,2.793057876213898,22,0,4,5,23.878612856785253,4,3.4953536381953874,Yes
31,18,Finance,1.0519662474977316,1.0519662474977316,11.349652561716669,0.9448146912028637,4,1.581983389581684,42.06673412965657,2.4851278679261695,27,0,7,6,66.2617995085172,5,4.286234494635684,Yes
27,19,Operations,5.915925563953326,4.150177860743567,9.66201309666389,0.5521674354189025,4,2.792318448343925,71.94670397707809,3.395550470651326,42,0,7,5,25.025546584256347,3,2.3119288703313856,No
32,13,Finance,10.919115322089805,6.826423963045212,7.929546650735662,0.91538769304441725,3,2.512367672641196,66.52153510167192,4.488639784537632,34,0,11,8,16.032778122923624,1,3.5561599325088644,No
40,18,Marketing,0.3,0.3,12.742406146496535,1.7951163237632723,3,3.092853788406623,58.69685684740564,2.5850929227768376,18,0,4,5,63.0440507096733,2,3.544727494076713,Yes
28,13,Sales,2.5454486577859448,2.5454486577859448,8.996599493121439,0.4595076944496146,3,2.528392309495323,43.84940729096489,3.195829259760367,10,1,6,5,13.48362177971021,1,3.6244987914614053,No
39,16,Technology,11.599741052186335,5.6434231901993455,17.002195213781754,0.8878777606866879,4,3.8851134987901967,54.74676057650975,4.093928259011503,21,0,11,3,17.068047404442236,3,4.759177611480923,No
31,16,Finance,10.267840680818336,6.814543121486807,13.835709900102652,2.083354998697458,3,4.896821923119774,43.345795054725045,3.9167207986116344,33,0,9,5,31.56845016250224,2,4.138450199164042,No
34,20,Operations,12.202346181119363,3.813283808797018,13.442328577578703,1.8433187060503868,3,3.612322554115908,59.18267889575826,3.244821674996135,30,0,9,4,15.212226694155559,5,4.121620692253902,No
39,16,Operations,15.36832984172409,4.770692904038695,15.453493215515513,1.6487285420867082,4,2.196978143479535,39.06082870664546,3.013294891491298,28,0,8,9,24.11194319203324,5,2.7976253634206443,No
44,15,Marketing,4.95790049005616,1.9839331666764073,12.376392817505236,2.099888221392537,4,3.3888248747131877,59.24471967073873,3.5049325341374806,43,0,8,5,15.573658089887289,4,2.0092454496151744,No
53,18,Technology,18.350770543693656,10.378223097813219,16.69294825193329,2.734339736901833,4,3.8199450875784575,87.88501251210853,3.01506201598157,28,1,10,4,26.593952476528337,3,4.991895100158219,No
26,17,HR,4.538469145913857,3.534095794968031,14.987416150033916,1.3116853399447315,3,3.4943757177232637,76.03596606574907,3.874196414859754,56,1,9,6,17.62065661426683,0,2.8173155991672743,No
38,14,Finance,3.1247651103151908,2.6066143650252847,6.87567875066865,1.2782709363717282,2,2.708089437034236,60.52535394728793,3.4952495812924873,52,0,11,6,14.262125879958703,3,3.285629829028156,No
29,15,Operations,3.6360339245593756,0.3088881970424333,9.919446006227835,0.5425861792046532,2,5,22.490233496153387,2.803033617620184,48,0,12,5,45.042246705917435,1,3.423801005940659,No
32,18,Sales,2.1744011575726008,1.4292380960317663,13.544472419965619,0.8393765596598678,4,3.5125154670115957,50.07517984403756,3.7833508334260313,27,1,6,5,6.069314043904064,5,4.098271436239771,No
30,16,Sales,13.878604560773717,7.662881189636101,19.444933986607523,2.0643593441722676,5,3.9002261757854733,46.23709191821223,3.8821718688071405,34,0,9,5,7.2956618738750585,5,3.6451619105882,No
35,17,Marketing,3.1942115551455883,0.5798756763491636,12.062499107237347,2.079564982849455,4,3.5072640123821937,93.75789089346215,4.011594987549666,35,0,8,4,51.866415799009985,5,4.037929122621712,Yes
21,19,Operations,12.21957322611709,3.9934755687703323,14.827728083669388,1.188420147960234,2,3.586373776476211,78.72143513474877,3.873157873210504,51,0,11,5,16.146840857981022,2,4.384588537530132,No
29,18,Marketing,3.721821391616033,3.1910120864081315,8.77195140241086,1.073377402139404,4,4.990917902901979,55.52237012513965,2.595346561014001,30,1,9,7,9.624292434031783,2,2.0542430158086438,No
44,20,Technology,3.70637426875111,1.798005442869707,10.286985874399653,1.3010146564266627,4,4.445134949221373,59.24075080532608,1.8929388336128905,23,1,6,3,15.210071032718373,3,3.753694947853875,No
21,18,Finance,0.3,0.3,10.385806465392584,1.4741854974852777,3,4.8279085301674405,67.49877213781059,4.178232029499305,16,1,6,5,10.04666098123111,2,2.9663151171951028,No
24,16,Marketing,7.035314734786041,2.9164045016382754,18.100566312595703,3.5609624229851367,2,1.931533102310709,72.36585406375697,1.8895338548486005,36,0,10,5,33.917201842802044,5,2.7579505083821294,Yes
34,16,Operations,0.989985121488029,0.989985121488029,6.463698176127682,1.0980267208282408,5,3.915440494309589,48.900287688713384,1.7735481812229197,22,0,4,4,33.010744498358385,3,2.6783065820575946,No
21,15,Technology,2.414273446460855,0.8734727567768512,8.766987201726105,0.9052040411327749,5,3.4016809992569295,38.022214241590504,2.6116993672872817,26,0,4,4,26.2338223665059,4,3.4822311418163485,No
53,19,Marketing,5.305941255609844,2.0623410660034183,9.691008136641555,1.4685227327160568,5,2.7889603659167603,61.22662081400484,4.521605699502439,23,0,5,2,14.706330016120276,4,3.5221317663925342,No
43,20,Technology,2.5153181617048226,1.897744206985081,10.41702832778424,1.674580680949072,3,5,26.99851086034594,3.913566195826103,28,0,4,4,24.713914077834314,2,3.2980385182417082,No
40,16,Finance,2.7226852728213613,2.7226852728213613,9.886640552902815,0.8035141524454207,4,3.794684707649849,55.820531350936946,1,47,0,8,4,22.52060034833534,3,2.032224122213099,Yes
25,13,Technology,2.373458461310097,0.3,10.232294658095173,0.7592693693590983,4,1.5174093143825285,52.56843801581235,1.8974677412691046,30,0,5,4,12.09169335555779,4,2.552234860795485,Yes
31,20,Technology,4.339325115358436,4.2556371997987,7.966652494768682,0.9331981568760895,4,3.0487429500391414,56.216857904904316,3.042865445210924,28,0,5,3,34.12341189052041,3,3.005485022300407,No
25,16,Finance,2.0967945072260963,2.0967945072260963,9.078107306630315,0.6745784862074002,4,3.928025190234749,77.19692689777636,2.4940627075830117,34,1,7,9,20.385349032648953,2,2.63091408997899,No
31,18,Marketing,0.33286462970427166,0.33286462970427166,9.983260758172134,1.7024946227441682,3,5,52.517520465490016,3.5188896122341196,84,0,15,4,23.83766757932226,3,3.5562029853528982,No
21,17,Sales,8.905453717425358,4.416704360048958,8.553240662342295,0.6630190496877693,2,4.402661807216748,88.39251631885045,4.491905021611871,48,0,8,4,44.72782978462957,3,3.093900045204565,Yes
38,16,HR,1.4399654801886175,1.4399654801886175,7.862119434659334,0.44177371936766713,4,5,76.18070595856592,3.7185103934858854,49,0,10,3,10.35280551589727,5,3.3769239794371817,No
38,14,Marketing,8.249528740406973,6.388696473111945,14.912441227350463,2.5748605025178346,3,2.6046413881548753,28.71750985384837,3.27452527369463,20,0,7,2,25.616444555426398,4,1.9066304624810804,No
32,15,Technology,6.663669987841683,6.485403610336544,20.113481758097265,1.425796885615848,3,4.1687114692458325,62.71784111159334,3.6191888015152363,10,0,9,5,74.38543406844425,0,4.474319144240715,Yes
30,19,Sales,0.3,0.3,8.730203354404178,1.6498190265946182,3,3.802768462525763,65.01259539870334,3.206745064069879,22,0,6,2,29.894639540317666,1,4.993171778256051,No
36,18,Technology,0.8189160044298146,0.8189160044298146,10.438939867818503,0.9356078161017561,3,4.609757808250812,88.7882099822643,4.0335965816354005,44,0,6,2,37.45566759198297,4,3.693762932991261,Yes
21,20,Technology,1.1223563838990098,1.1223563838990098,7.5306276668801315,0.4071539884174367,3,3.9391620215563785,92.12662437435245,3.303968388157778,26,0,7,7,19.543266938769733,5,3.682008384551217,Yes
28,18,Sales,14.207981800427676,2.1742158215602267,11.309130349586635,1.8546368366489585,3,2.9828891129197883,61.894013474923845,2.308070891874509,63,0,14,5,32.85210954852854,5,4.320569609716353,No
28,16,Technology,1.455342204297762,1.455342204297762,10.888894307516006,1.4266888085711111,5,3.6821543739818545,53.25171431630962,3.9366643920062856,12,0,7,4,19.192461631201862,3,3.6836532415721193,No
30,15,HR,3.732000053515605,3.732000053515605,10.470297092803433,0.7626609449086879,3,2.307821415456246,71.49484132509868,3.778397291679435,47,0,7,3,24.603761055010626,3,4.456006762354023,No
35,19,Sales,2.7877324619083215,2.110558850913926,8.786812870163827,0.4470365938114308,4,3.114316997476643,84.2480912857391,3.607878043778695,39,0,10,10,43.19593687709359,2,3.479342977201352,Yes
46,17,Finance,6.278466889426015,4.842880121543724,5.731050932210222,0.7133928027985302,3,3.98551633502384,23.048852088083212,2.392897683288182,33,1,6,4,27.83584622504543,2,2.451622998476679,No
38,15,Technology,13.283967186142505,8.828212223830423,16.149871323100257,0.8896353665427268,4,4.337613474113449,70.8163872101979,2.2904294732973063,74,1,15,5,22.5756862454572,4,2.148356772287612,No
42,19,Sales,11.75138220596969,5.595929875067981,20.487412434339355,1.5015447044012327,3,5,54.737200245401155,4.009766458187867,52,0,13,6,50.59717137540864,5,4.688171561824784,No
21,18,Technology,3.816127868198252,1.6355938082255002,11.886028763091259,1.1559329500195388,3,2.814058165629909,57.1513328107807,3.7107527780835317,78,0,13,2,13.334550909872423,2,4.340396072859366,No
24,15,Technology,6.879945013071653,1.76256865070983,11.091748793473892,2.1777506476114112,4,3.2098929726066645,83.62824024595302,3.6024155178990354,21,0,6,4,53.22213754158198,3,3.905026657556678,Yes
39,17,Technology,0.3,0.3,6.734431521402212,1.2262146799521676,3,3.2994857255857073,19.296925913878855,4.105584981928871,43,0,9,4,31.318859005458357,2,2.2997559416741615,No
38,16,Technology,20.660665390188193,8.772503497373064,22.44811947458614,2.1805664884083504,4,3.978500526959587,40.42164473383223,2.992978342933509,16,0,11,4,66.86382352744273,2,3.101057060910517,No
50,15,Technology,5.662601525481725,0.3755373314347957,9.035440142577997,1.7318823372720753,3,3.409481427718278,54.053324477287305,3.902157914705831,28,0,7,4,54.71972966637914,3,4.256017857980376,No
37,16,HR,14.878198633198421,6.276729612538433,17.364463072450377,1.537805453079536,3,2.689539733788849,60.87803612195586,3.183472925529152,10,1,6,2,14.518805823985886,5,3.726031977534461,No
39,18,Finance,5.562854131609646,2.145907834017847,11.946393028666312,1.3042212724656679,3,3.0071893404242904,58.74838611881077,2.092060424741657,25,0,9,7,20.460017641400952,5,3.412248410446349,No
34,17,Marketing,13.375789987234775,6.8237205277280415,14.255273563647968,2.386937440789931,3,3.510498447620812,44.26532937804103,2.698276493713329,57,1,11,3,11.516704189293018,4,1.8540805435208987,No
23,13,Marketing,8.066405968931152,5.704496149531657,17.299593437043455,3.4202467260765443,4,3.914799787303911,81.33328884705747,3.492993675276277,21,0,9,9,14.76437056533425,5,2.3925214373449855,No
40,18,Operations,4.209084904581209,3.175049004147754,8.603407667377697,0.7739715552963402,3,3.596906394853129,65.47449774272175,3.684741136719276,47,0,11,5,54.502417182022896,2,3.1704055496461243,No
25,16,Technology,0.3,0.3,6.96919800694479,0.5421832970057134,4,4.093609159454588,60.63792983033351,2.7099042005141847,38,0,7,4,45.04759468374574,2,3.451825095852736,Yes
29,15,Sales,4.860657335411219,3.830954429298287,15.419910858662803,1.6830725949978438,4,3.532563296519508,75.85581926093884,4.0928440149695415,46,1,9,6,53.62686307465601,2,2.7667370702933556,Yes
31,17,Operations,6.767332384076794,5.845308611146742,12.726556113299191,1.973893685743713,5,2.460451298242224,80.54966550047733,4.218935097423491,30,0,12,4,32.74020696104753,0,2.9674448704756804,No
32,15,Marketing,7.477912192203385,4.245985674455237,19.54164231152749,2.5400913693387386,5,3.893452895894392,69.27221242019618,1.903255888346514,26,1,9,7,26.7216256641508,4,3.371196588316499,No
38,16,Technology,2.5158830384694197,2.5158830384694197,8.530730676322165,1.2614807368414591,3,3.571455999036429,74.35165191598408,3.089348449662457,45,0,11,6,16.34740994368665,2,2.97420793803044,No
33,19,Sales,0.7516842746934191,0.7516842746934191,6.515614518874897,1.1875061810869758,4,3.3608024013771627,68.54205873520176,3.786192570784059,72,0,10,8,54.99458965802251,5,3.7319520198511675,Yes
38,19,Sales,14.099637227129822,6.831030962242945,9.70230424847601,0.846195460470493,4,2.702777933479536,19.448688686408563,3.8987973184795317,29,1,6,6,31.908087459395464,5,4.273940736151328,No
32,18,Sales,2.2334014261286326,2.2334014261286326,14.5003796705342,2.3500005748718884,3,4.623881572434918,88.38261162616882,3.2883778866380444,28,1,9,4,25.172805710176064,4,3.626070581263223,No
39,17,Sales,3.8408631992311104,3.097283133248829,9.29256902543623,1.7236008394543398,3,3.7063842110883662,66.49626212526842,4.600619964790471,48,0,8,6,63.291877766901564,3,3.104223762684348,No
41,17,Sales,8.601190313536764,8.085202820600323,15.854071253781838,2.6856671762314384,3,2.619546388849899,54.25665341046692,2.90359675297976,53,1,12,4,14.580693699052292,5,2.4157084472077845,No
29,18,Sales,12.255027813637007,3.051970677714332,14.547208974079593,1.182373140166049,2,4.510033707100368,58.28341354327347,4.417765285088246,55,0,11,4,33.494633658443405,2,4.067717602847214,No
39,16,Sales,7.421527461114393,4.395389352208414,10.184104246401382,1.1607107010955735,4,5,42.933777214578555,1.7990540046530537,30,0,9,9,17.079841192602753,3,4.14504198249595,No
43,16,Sales,15.959532340091421,4.856104076260648,21.794537998532423,4.26691912113816,3,3.293802367176019,56.52031609756416,3.610545038464049,42,1,12,6,14.480326206396592,4,4.579228405505876,No
35,16,HR,6.879337866330643,5.061507023230442,15.572989104935496,0.9136214869642473,3,3.77546784779852,62.65016459820581,2.083163792293935,31,0,12,5,41.059207378767866,4,2.315383232876465,No
25,18,Marketing,2.461812728906286,2.461812728906286,11.951816596403638,0.6466987202171014,3,2.433316393438727,88.93331655123717,3.0458737852874878,35,1,6,4,24.190170398283964,0,3.1191969506006396,Yes
41,16,Technology,8.660057704083217,3.4667409296195038,17.846343792534267,2.1924543362522946,3,3.194015116016333,39.35693887105709,3.0919126003535573,26,1,7,8,32.072889572214216,1,3.4744159933778964,No
42,15,Technology,5.638759432773067,5.096689583044508,8.94900243181329,1.505458692785588,4,4.257763640265506,75.73840450958855,3.4891929907244954,54,1,12,5,31.31319418633978,4,2.913316529619347,No
37,15,Sales,11.814034091335262,0.966775925893511,15.571382079810693,2.9422722516912367,3,4.109125893724519,49.608434249702654,3.59418793608072,23,0,6,3,51.10104012046915,2,4.651601711896043,No
52,15,Marketing,7.8639161059977,3.671710724926599,14.621265482269019,2.6455949125627,5,2.0957441349622967,48.478835421251574,2.1753220696019344,52,0,11,2,8.021703619264072,3,2.8852506425038733,No
39,16,Finance,2.4166392618578905,2.4166392618578905,9.367360662289757,1.766193276205914,3,3.0947886996568292,52.51879650806547,2.8033409259828588,28,0,7,5,31.276280054139253,3,3.599120905877924,No
32,18,HR,3.2007237617872315,3.2007237617872315,11.279050419181393,0.6831852687324724,4,3.1045052549507184,42.47398034448726,4.10839545067922,41,1,9,4,4.889356615145961,3,3.2672250748254834,No
34,18,Operations,1.8082804145928866,1.8082804145928866,9.922304531946214,1.5462552975856423,2,3.502080546547114,57.271044984216665,3.169853201377839,12,0,6,5,25.139075891352423,4,2.6551822338512885,Yes
32,13,HR,2.914615491156029,2.914615491156029,14.617774037104185,1.4784686761095147,3,3.210672254254867,78.57115449320348,2.314776721701937,35,1,6,8,44.24277485736936,5,2.9987930161673266,Yes
35,14,Operations,6.111124787734963,1.8813189676503994,11.1543739924436,2.179344930698022,2,1.811752144300313,79.67807624019851,3.116304131992984,71,0,14,9,18.370970538856366,1,3.458129414207855,Yes
21,15,Sales,2.127970093896168,1.6262054706490132,9.998659860095925,0.6383253567537305,4,3.2176229239997483,84.19396605517903,2.9840710470198886,34,0,6,10,15.039904630407554,1,3.1839160826027526,No
42,17,Finance,1.7332284874034274,1.7332284874034274,10.291739080908906,0.5232646039902871,2,3.2939851883394318,97.24276702166483,2.6965048065863773,30,0,7,0,6.776628736623643,1,2.1667648249366986,Yes
29,17,Marketing,0.36914630746783483,0.36914630746783483,8.257765396020954,1.2239355425481317,2,3.067292968109265,66.796771404643,4.593123729246088,16,1,7,1,29.85819354153732,1,2.7811404423808996,No
36,16,Sales,0.32804769959272057,0.3,14.162149628374733,1.4044986249438418,3,4.310585518148991,47.683316763309925,2.601888284505821,50,0,10,5,75.71060423687713,3,4.25096773267654,No
38,17,Sales,0.7696784955669049,0.7696784955669049,10.126673767340813,0.9029977906027152,1,3.513976116282452,70.76077299485287,3.11838438272887,18,1,5,1,24.0915776403131,3,2.18726875035233,Yes
45,13,Technology,1.474804174556909,1.474804174556909,6.772035965708115,1.2645148488042628,3,2.897348101955821,91.99682121334673,3.1996436844802827,31,0,7,1,28.825416822476377,2,2.091971409846125,Yes
21,13,HR,9.676883469660966,2.7731703075113807,17.061031704136298,2.8300134231879897,3,3.0024820781874073,63.805433827704725,4.67717088184259,5,0,6,3,28.73221974492459,3,3.057477105246597,No
23,14,Finance,2.7581094000835753,2.7581094000835753,14.007999863683843,0.7122175636654691,3,3.681438880737,65.81975718366203,3.401276689962893,14,0,8,5,30.990209254632795,3,3.7876796070874597,No
25,17,Sales,2.465675723594664,2.0940915850258737,9.151293366586346,1.0662776159472513,4,2.400385584888431,63.93979669512197,3.5163734083545197,20,0,5,3,32.79415518985731,1,2.328996689473305,No
43,15,Technology,1.238061566048172,1.238061566048172,8.749974589705364,0.6278366915234661,3,3.4970953570278884,60.955472784022284,2.9998289225539128,31,0,6,9,35.30697408550484,0,3.409157693746899,Yes
49,14,Technology,2.9965676715150464,2.9965676715150464,8.352359611678274,0.41453485640833965,3,3.921432123829702,30.914243955459153,2.1126972014802963,33,1,9,2,12.842814428947188,3,3.621311501606241,No
38,13,Marketing,13.086441653772916,6.354756662462045,18.326956221141636,2.054345373506146,4,3.7987046652935565,69.08142225121763,2.897761016939849,26,0,10,3,32.015181088569626,2,2.714796556327159,No
38,18,Operations,2.3322379053544493,2.3322379053544493,11.450413435544846,1.3674972888454378,4,2.866521651442547,71.79749957369049,1.0027601883549624,33,0,9,6,7.844303166506323,3,2.778881990292453,No
29,20,Finance,15.98605851411305,5.9758695631463015,23.093434433902583,3.8741481129169832,2,4.996229708881255,67.18118784635318,2.979159480121671,28,0,11,1,80,3,4.566805849080955,Yes
30,15,Sales,1.1648501747211013,1.1648501747211013,7.149223467314361,0.6483368037389826,4,3.088799136341773,54.82704986277465,3.6205958896691506,31,0,9,6,26.56795533947807,1,4.989058921512484,No
33,18,Technology,9.644839475219932,3.8533639915391777,22.875923353683255,1.7420995701069144,3,4.814624640689974,36.56932299305223,2.3091849859913745,44,0,9,3,45.85626640991413,4,3.3235296772277736,No
28,16,Operations,2.944404918449428,2.287866198663697,7.415780488711652,0.8098892572278482,4,3.5949949678181423,72.51886397012167,3.484652005368265,38,0,9,7,22.98676442259033,1,2.567122854105633,No
39,14,HR,6.377968269095863,4.811501480800774,9.814813791660445,0.8812283120816476,5,3.481053738916308,58.766249200973,2.91228266021994,30,1,8,3,58.29072144111397,4,4.352993614935639,No
31,16,Sales,17.15104805534232,4.947353215042855,14.342304300702875,2.1685476225133513,4,3.8851207195900925,53.17762763855594,3.6847881886917486,9,0,8,5,32.0891703974465,3,4.395987086424262,No
46,14,Sales,9.055881303110805,4.432539440094346,17.936439790440524,1.5523946211543111,4,3.1152313893322328,78.24932397085482,3.285231379811443,28,0,10,4,12.16162826083842,3,3.186011224731104,No
49,18,Finance,7.771988382324798,5.325498003457,13.247657165347622,2.33718826436268,2,3.17561923092477,15,3.398361317180135,52,0,10,5,41.04824777776066,5,3.7287514305408203,No
34,17,Marketing,3.8166745643604143,3.8166745643604143,17.52940957912668,2.663788206506968,3,2.9062165409600547,60.15109376785627,4.209451864508972,25,1,8,3,70.25484759390501,1,3.8351305347572793,No
33,17,Operations,18.972344256189096,3.5696092692146744,22.9228496317557,3.6009770919805324,4,3.5261773748913408,69.97689266516515,2.8989461243980403,9,0,7,6,28.919851355164386,5,3.948947495678761,No
21,18,Sales,15.85159116021807,3.8221271070543086,27.040781809955888,3.582163812994755,4,4.932073187923051,62.90558650750294,4.104863145794172,42,1,12,5,30.449330223377803,0,3.7654417518654713,No
36,20,Finance,0.3,0.3,9.312933026100604,1.7895455345882034,3,4.194822295341844,53.81759335652939,2.613004736360079,39,0,7,6,52.842986069149056,4,4.006541368044178,No
46,15,Marketing,9.117335457312523,1.4822434527914574,20.46293935153545,2.84647729386845,3,3.9137772456592357,75.07830535290373,2.217796233354976,36,1,8,2,12.054616861158378,2,2.691121697773066,No
21,13,Sales,0.4712804847021942,0.4712804847021942,4.54356105701701,0.600983453932724,4,2.4157523837456885,56.90958259400114,1.5969860895145642,20,0,9,6,69.77743351561402,4,3.425368080704303,Yes
31,17,Technology,2.911355198625699,2.911355198625699,6.672841310913716,1.2227213830752985,3,4.073785974269205,62.08446736131031,2.9011136379521565,11,0,5,4,34.29411813389669,3,5,Yes
47,15,Sales,0.7725111352641119,0.7725111352641119,7.784975439236959,1.440811455621952,4,3.396000550703308,41.14885359031126,4.317645880873786,36,1,5,3,44.022254465438216,0,2.8168512089461553,No
32,17,Finance,8.472196425743732,3.534868308694367,10.143766013104175,0.7179225059800907,4,3.6151804217170795,37.63940698175239,1.664978207593814,36,0,8,12,45.325588990570054,4,3.2930501150674627,No
25,16,Marketing,11.56767493252355,8.69016750739806,18.100356259271603,1.1101063142551002,4,2.8139491352204207,40.53126373032531,3.2948041302013458,21,0,8,7,10.129065423675485,5,3.2766988392940175,No
39,19,Sales,11.756426543923947,4.8143346329749646,15.752067567317876,1.5908769542103354,4,1.8897987202762918,59.777728169122604,1.9877040179940393,47,1,12,3,5.897931882776005,0,3.2892506056322484,No
27,19,Technology,0.5935863776814156,0.5935863776814156,11.568630127319196,1.3092709888751501,3,3.00005901536831,83.12424638563134,2.473339615471761,51,0,12,2,28.396744856231166,5,3.0037699621050074,Yes
24,16,Finance,1.3316955173742595,0.3,7.894894409129986,0.8761076998056198,3,3.2170423088787983,64.6397379473756,2.6110426882082463,20,0,7,4,39.98431755837937,2,4.985665618489099,Yes
36,16,Technology,14.562410032259503,6.228462370769623,21.58602842387235,3.5235081692026466,3,2.883303024484979,33.23332362059138,2.6902948370492394,8,1,7,3,29.06632851558628,3,2.9421544180220103,No
34,18,Finance,12.428567524923562,6.100956262988036,20.334877520162927,2.4294712465380734,3,3.7174645280337613,57.140615547537976,2.9043563200496205,20,0,8,5,7.405955951672316,2,3.4648248613733,No
25,15,HR,7.640771443370683,6.95224869799134,18.90498191458545,3.030203686561287,5,3.2127305757361473,46.340183459148435,3.0328083171733455,70,1,10,4,29.573858369971823,3,3.301328543113103,No
25,16,HR,2.439952809306006,2.439952809306006,7.827129619785771,0.3893554481326938,4,4.405832834197299,45.22749913398709,4.3220049795767235,7,0,7,4,12.294026143803444,0,1.525443159486904,No
50,20,Technology,3.592292668369716,2.471377921764006,9.323113757390349,1.5218059461444133,3,3.0178112798169847,36.27265594640823,3.086676550246853,46,0,11,0,16.493604431175164,0,3.20671988631039,No
34,17,Sales,2.290342229755933,2.290342229755933,7.855100854756149,0.696545128527778,4,3.3737426762105027,59.5008514968563,3.488887369605974,22,0,7,3,51.542355846178545,4,4.296462658608069,No
51,17,Sales,1.800674438840509,0.3,6.693737151843218,0.6795548591655811,4,2.5821305112781285,25.75668249485863,2.677858618442352,21,1,8,5,44.348548406636894,1,1.5209667037196928,No
31,16,Technology,3.2352897766228006,0.3,11.83046100090968,2.2537498632373203,5,3.4425528742913,54.78693718244073,3.7991155238239886,28,1,9,4,40.49362495202351,0,2.977375987343912,No
51,14,Sales,5.3236525607563,2.5505940189667884,10.34975713904063,1.0644314046423147,5,3.595432773862693,82.89069845556523,5,32,0,6,8,27.838499351530906,1,3.1415681750172393,No
38,20,Sales,1.6499459620359342,1.6499459620359342,5.800776486896387,0.7699700863713461,4,3.1893747970651534,60.603489407742984,3.879016712982643,27,0,8,2,14.238735950128651,4,2.582447157386783,No
44,19,Operations,11.214281669833028,3.250447782060603,16.645858130386397,2.7275464621273033,3,2.6099605517937885,75.86949506713101,4.8158546230826955,7,0,10,3,54.87384612218974,5,3.159751805408217,No
42,19,Marketing,7.852513073585822,4.776460325827115,17.586419418207687,1.2282443799615657,3,4.090562816293959,49.2383354738778,2.109724435034198,15,0,7,8,13.748369280605276,4,2.575413521293687,No
47,16,Technology,7.548922081341369,7.548922081341369,15.735360872069615,2.8113361346440477,4,3.271335300282728,40.221148225413195,3.198793662944944,43,0,7,6,27.579878251391392,4,3.374629601203394,No
30,13,HR,17.390651159090766,6.426822078089742,37.70475604640535,6.689306436939289,3,3.814286893251337,65.83351527306345,2.096444308505168,45,0,9,4,62.65903285371253,4,1.8844911397034112,No
41,16,Finance,3.8381746113116546,0.3,8.05401924035954,0.6217099649343932,2,2.5760677511433183,59.1906156903996,3.7385188166701098,27,1,6,3,80,4,4.2362330405358835,Yes
28,15,Operations,0.3922277231171318,0.3922277231171318,8.887251739816186,1.5205479977308605,3,2.1713324673176255,57.72357897501152,2.5709916438662512,28,1,8,1,35.74131660458514,5,2.085964476608506,No
53,19,Sales,2.052874963937122,2.052874963937122,7.960637511740548,0.6257784036158227,3,3.3916659836743777,39.321106574785425,4.177833476089105,9,0,4,8,17.400632122412937,2,2.717213402499123,No
39,14,HR,1.884028955731283,1.884028955731283,13.33998546551292,2.3304374407013477,4,3.992185374099869,64.49248934556638,2.6092742877290265,19,0,4,5,29.22386840969287,2,4.077459556590986,Yes
50,16,Marketing,0.4840939404401328,0.3,11.2855222133208,1.0438428963593174,3,4.79359204576396,47.06620168493593,2.524720015387362,53,0,12,4,13.114692319805885,1,3.59432345925677,No
33,13,Marketing,3.487313011952444,0.33859083777449256,13.237110372457387,1.6757308716556036,4,4.100936517616373,45.839499170385494,4.092105411271872,32,0,7,1,29.6983365524156,0,2.8354280331187454,No
26,20,Sales,1.867791142602073,1.867791142602073,8.321329306734782,0.8537243911019282,3,3.12503858946896,49.33088930354227,3.2084222499953055,47,0,8,6,52.872883651821375,5,2.6743301434438993,No
42,15,Finance,0.3,0.3,7.507293959970141,1.226324003304179,3,2.5870102660408896,43.28046831507088,1.9131132709027823,38,0,6,4,18.856507050395408,5,3.494033368339158,No
36,16,Marketing,10.944683600056736,4.773254082872776,20.804330483788895,2.297829048252555,2,2.689298835478325,97.80339416075681,3.6905405198768846,7,1,6,8,48.70455868678304,4,3.6418403696826984,Yes
33,16,Technology,25,8.809412720684463,30.400001659835784,4.622096792374017,4,3.1281731640251946,42.61613488627842,4.706189292954609,35,0,9,5,42.52987312406032,4,2.7246749342291827,No
26,18,Finance,7.98217813611036,2.8134755947831263,13.031830963695263,1.408594372035918,2,4.389782926189801,52.36355506857068,4.1915164607881445,27,0,4,1,13.100381426200283,3,2.3903537809985744,No
28,14,Operations,1.5991175501875468,1.5991175501875468,6.892395386381702,0.5423622836807012,4,3.695477557078911,71.63448502149323,2.3115559535556205,21,0,6,5,30.51143165474321,4,4.206567652999309,Yes
33,14,Sales,1.069896448574495,1.069896448574495,5.720705287880548,0.5712492874161752,4,3.4943778913023187,78.9750162225081,2.4947030829690084,25,0,7,5,44.58198556382621,4,2.7751133822690264,Yes
38,18,Operations,4.754278262737703,4.754278262737703,9.43082596941845,0.6919189794904858,5,5,75.09107007377595,1.3136855531576577,52,1,9,6,31.846459166850853,4,2.951657630477494,No
46,18,Marketing,0.7864461491114142,0.7864461491114142,8.29864629248039,1.4502003695742591,3,5,93.91713226145814,2.662924295464623,38,0,12,4,21.02599459275701,2,3.507927701265286,No
42,19,Finance,0.46123219001030674,0.46123219001030674,10.65226271668962,1.3712410176434437,4,4.083557245748417,59.69020820045806,4.59715887597975,16,0,5,2,29.595946505290772,3,4.186020862395266,No
38,15,Finance,12.393575284381445,0.3,23.604047697949866,4.590510768443556,2,4.446389105300866,66.9498284149006,2.0226137540784377,24,0,9,3,38.66450754950258,3,3.758564291366253,Yes
42,14,Marketing,1.0658129356616206,1.0658129356616206,11.637342986983912,1.5469439388256252,4,4.614862128858646,43.9119139854945,2.715238392414259,14,0,5,2,37.394079426639024,4,3.8907388477209985,No
31,17,Sales,1.2725221774621656,1.2725221774621656,7.7533792007673075,1.32058046081562,5,1.9162199806370939,30.6962596135808,4.312794234139064,38,1,10,10,15.866534477691808,2,4.994322385495739,No
35,12,Operations,4.356334141735692,1.6867157251394518,8.682403117008146,1.6891814305407387,5,4.463973483563932,54.17406722437778,1.823626491583996,23,0,9,7,13.226196000346292,4,3.3485692016901374,No
36,15,Sales,4.17274001508898,4.17274001508898,10.510149629692876,1.9366794333278248,3,3.8950678813592874,58.65068699409917,3.698684669198882,70,0,11,3,37.78919533166772,3,4.164145832344744,No
28,15,Finance,3.448389494409996,2.00371820888386,11.052198682366281,1.5879065161262762,2,4.499396176773645,75.48464322656852,2.3073900231530593,11,0,5,4,20.114287337005702,0,2.877187106190485,No
28,18,Operations,1.1999686731386205,1.1999686731386205,7.614729331325138,0.47980543422586125,4,4.0813922000471345,31.8060781937892,3.015248313635105,42,0,5,3,25.47652034654265,2,2.5236159672272938,No
25,15,Finance,3.0662673492745487,3.0662673492745487,8.592168218273935,1.279136089929595,4,2.2908749835843367,59.36947957025278,2.982517000754372,32,1,8,6,9.445573232336498,2,4.081170513370065,No
38,18,Sales,5.24684286032812,4.158476647058953,20.615510242756482,2.7129519165063964,3,3.28532172259865,66.7916895006893,3.6064633450560084,24,1,6,4,19.034081524104522,5,4.522185063365767,Yes
32,19,Finance,1.58113268769727,1.58113268769727,10.391587787327273,1.2277999218868862,3,2.805851019628962,57.79591982303893,2.7054770261970624,22,0,7,4,30.758935408255173,4,2.770714529841573,Yes
32,16,HR,1.8942836242708088,1.8942836242708088,12.292879855675023,1.8395625737960368,4,2.4178042179713506,68.3709532180544,3.2635743529695063,29,0,6,8,24.502318075907656,3,3.6996211803659853,Yes
37,19,Operations,1.4361454632757615,1.4361454632757615,10.49582464272166,0.6882792958434052,4,4.994526150140333,77.90449496008432,3.5907882583599346,46,0,9,4,25.360830434202608,1,4.435471556104286,No
38,15,Finance,6.5477543270038465,6.478578645703057,10.491286494430417,1.5511811671363709,5,4.690877820874076,66.56361870810557,5,38,0,8,3,64.40112385580711,5,3.557938166454098,No
37,12,Operations,3.8921127110059595,3.8921127110059595,10.064724177541628,0.9071778588079721,4,2.874107910961224,58.74482634436972,3.8966309252382763,23,0,6,3,20.106337858832266,4,4.938722172099255,No
47,16,Operations,8.783482480818703,6.536332290305133,14.19126865055637,2.2974945799711683,4,3.5113179804828905,52.85363560563075,3.3970059971286006,62,1,11,5,21.278067693620077,4,2.7773312349569865,No
39,16,Operations,6.036896881965526,5.793612635471503,12.665621181893911,0.8307407050954303,4,4.797566807938154,52.309418900428284,1.9159703241521766,21,1,9,3,32.33165673591039,3,2.9974282087805943,No
40,18,Marketing,7.273266008032166,2.165601762005324,14.865837088306955,1.0942162116627374,3,2.3082783509708267,65.434439084954107,4.200481232670971,53,1,11,6,47.476244150908094,3,3.4306776204873644,No
33,16,Marketing,0.4424747181712734,0.4424747181712734,10.39095822070609,1.3790591244409616,4,3.8062065020042297,55.57341899043575,4.001112971621307,89,0,13,7,12.810987921751304,4,3.634254743749672,No
37,14,Finance,4.1027879066417325,3.40372719283115,9.82691678568376,1.0865849546216868,3,3.722312500353288,55.64153238647254,2.6943637513739382,37,0,8,3,21.88745313209695,1,2.5829900343112295,No
24,16,Sales,4.084277063959911,1.4171381888369154,9.917931087109181,0.9479843967378936,3,3.995986071739278,44.97221093826614,3.223109647511297,19,0,8,4,30.339282715971763,4,3.388011616828159,No
30,15,Finance,21.374662127956274,9.412376676118592,22.683829961402726,1.5650677849307921,4,3.5874170480096668,23.747313296425904,2.6043215599880405,17,0,8,3,42.643094164363745,0,4.364033111206943,No
39,19,Operations,2.3704225048555454,2.3704225048555454,7.013832526527707,1.1091249280610782,3,1.6756042504598623,63.60088462565485,3.139701358205524,26,0,6,7,23.258410823571037,4,4.239538996823634,Yes
35,13,HR,0.970979025344886,0.970979025344886,8.308832747901883,0.9122660103040127,3,3.3930320448096922,77.58527933889238,3.197129428770447,39,0,7,3,39.27782757049642,4,1.9235360235141459,Yes
22,19,Marketing,6.4011167914720195,5.239602830581822,13.295206348936512,1.541239945264134,3,1.793585396190089,75.0878290204412,2.9984870232782344,77,0,11,2,2.7957793810587144,3,3.375420797717415,No
35,16,Marketing,5.1929057228346025,1.2971330570821813,7.064175891500338,0.6549229313374074,3,3.7043309871162493,50.58105276962148,3.4197810138285165,24,1,8,3,24.86633906909203,0,4.121188917112631,No
49,14,Marketing,0.9991037010842028,0.3293188254400896,8.343180731861555,1.189660818403234,4,2.4887166511420458,62.41128905845733,2.9999332836038,20,1,4,8,58.11244222940522,5,3.1432403110656564,Yes
29,19,Operations,10.366646456254472,6.858613959868273,11.579757100307665,1.2350867735492546,3,1.999423277460201,46.41420971754139,4.1055844673465955,39,1,8,4,76.50456440624762,3,3.444784799951535,No
29,20,Technology,2.513436433992794,2.513436433992794,10.731483827517396,1.1178114732326279,3,3.590284790654563,92.59388646805445,3.206984321926002,51,0,8,3,40.67073327789071,3,2.8266944389886355,Yes
44,16,Technology,3.063715764538402,0.34630184257385427,12.959166407697687,0.9764289421272292,4,4.717825408133368,52.82585298415711,2.2986678112399286,11,0,6,5,13.486729581186205,2,3.450877902420713,No
27,15,Marketing,1.8815038457734725,1.8815038457734725,6.723342990044151,1.1078390209879871,3,3.1969174004840504,71.94028600568579,3.405250333475229,28,0,9,4,70.6279223400191,1,2.325579623414296,Yes
31,14,Operations,2.3075653302191115,2.3075653302191115,12.249000350515292,1.705883664008703,4,2.1316850640367044,83.25023555324782,2.9147159721153746,27,1,8,3,18.293986096713212,5,2.6910103593776604,Yes
23,20,Marketing,5.899441857909569,5.899441857909569,11.89128339073591,1.2669196967598595,2,3.6004936106711987,51.450390691968984,4.097618666523909,21,0,7,4,52.77105978762652,2,4.37147669657962,No
32,16,Finance,21.08703970982176,7.611536332534205,19.422476647954905,1.5956125012423312,3,2.4925978900087027,54.11976270288382,2.223070305227613,52,0,14,6,30.0147768107379,4,1.4679527900385096,No
26,15,HR,5.474197104160389,4.207428037661567,9.799248536409156,1.91151840931877,4,2.107135623054457,65.49119624947126,4.691907697691656,38,0,8,7,36.362710235858785,3,3.8449194082017657,No
22,17,Operations,9.183539772778026,3.844371138294627,17.583052952953768,1.6484575358579523,3,3.08371127083284,52.59519235290263,2.306691034778348,51,1,13,4,22.870831427849495,4,3.7979331839062147,No
34,16,Finance,4.028654339271839,3.8841643298660005,10.37615201487937,1.8892448329474323,3,2.605699900768758,50.68502959376527,2.5190478584663762,26,0,4,3,61.294720677148746,4,1.3788936291537577,Yes
46,14,Marketing,2.7728190367577414,1.280408496614852,12.202866174687445,1.8984173451694264,3,3.9091662729419556,56.72624562632842,3.0756761541523687,18,0,8,4,17.84796019326259,4,4.153797570220493,No
36,17,Finance,1.1728379899839445,1.1728379899839445,8.330031037282298,0.8680131051513169,2,3.198329787420568,88.03384537360053,3.9077969459127746,28,1,8,6,18.626736776434797,4,4.089281980310865,No
27,14,Operations,5.447931929261771,4.456393791470791,9.0939301838572,0.8965752821253229,3,3.8014850097835695,55.69531003847643,2.291101795126217,24,0,9,4,16.987767687867038,2,2.2464039177913664,No
36,15,Operations,0.6467008826686418,0.3,6.913607824583647,1.1004875351298555,5,3.056794207015822,65.59261958643452,3.6107987080160915,26,1,6,6,21.322866601976113,3,2.3970401154861665,No
21,13,Operations,0.3831412409204553,0.3831412409204553,9.867597353852362,1.1679436408795894,5,4.187657166046865,99.90437550321856,1.6965305497218177,39,1,7,5,23.309215999664904,1,3.181754100282703,Yes
39,18,Operations,2.403128984064435,2.403128984064435,9.656335460267908,1.3837416406791372,4,2.3086348030625192,56.089010933118715,3.2963150131804473,25,0,5,3,37.00097613472815,3,3.3982409383866856,No
43,16,Operations,0.34659964446910896,0.34659964446910896,8.73915184001588,0.9599226770587307,4,4.527606765358926,77.09771746680377,2.304768638540084,21,0,6,3,24.300277189603865,1,4.572529041059252,No
50,16,Finance,14.54682312801107,7.3906687631050385,31.021382008421483,2.5549131559996354,4,3.1999833027745215,33.29118539408585,2.723468392215477,21,1,8,6,9.614245903758102,3,2.8266591134543013,No
28,15,Marketing,1.390715254612638,1.390715254612638,8.552326182276236,1.5304834308020316,3,3.6802639572059324,48.633680918946396,3.7082497633725096,29,1,7,2,31.29055088456054,5,3.4928091245953214,No
39,18,Sales,7.956066850132708,0.3,16.043726089583096,1.053762236302601,3,3.5095161065140728,58.689572917021245,2.208734054819941,19,0,9,3,45.38423049417636,4,3.2203925245864387,Yes
32,15,Sales,9.019501988259083,3.7461087790511796,14.14940811341972,1.7277424591179753,1,3.396676059798166,66.67725629586377,2.5442060438856173,38,0,9,1,23.379389422967208,0,2.9908472072086227,Yes
33,15,Technology,10.804614385790362,4.570727273052989,16.784784792815525,2.723208456912389,3,4.301977894201886,41.79774712741899,3.0102451564185864,32,0,9,1,16.6361645937044,5,2.634327461605675,No
38,20,Marketing,5.618959390311925,5.084809695533367,16.16480628068754,0.9423759992477243,3,3.6909893840347845,67.73522505784236,3.2223400857922355,32,1,6,8,32.021056390568596,1,4.062159332886499,No
43,15,Sales,3.5858677678502513,0.4740148523468417,11.951563521458443,1.6345476398664731,4,4.09275874284117,45.12287940522674,3.2997978369748573,40,0,9,3,18.833550070443632,2,3.2822802819065027,No
35,15,Technology,8.236488932624821,5.637990291965807,15.531968345864982,0.9968502912789841,2,4.80770959083735,99.92569112186484,4.726742043631828,42,0,9,7,33.22083746576827,4,2.8364407473652973,Yes
52,17,Sales,5.873640191315075,4.21387157115678,14.30175216328867,1.4651749471836817,3,4.7200883318478075,80.25021837947773,2.8943927657861814,52,1,10,6,67.38126557196664,0,3.3783682055680475,Yes
29,12,HR,1.812321719887975,0.49703751320292167,7.376642516923487,0.6296179211744115,2,3.5183656813957906,68.45410886447155,2.2911025564304226,22,0,9,7,17.10901227559821,2,3.801400878199273,No
43,19,Finance,12.70527326411184,3.2898624171913773,24.143434324799472,3.779055794795136,2,1.9915519419033787,53.06933312872127,2.5136606713014933,62,0,14,4,29.82897814712915,2,3.5242261071936367,No
21,15,Technology,1.8069289008941332,0.5542073738380223,12.403783431442035,1.6382302527936714,3,2.804839913021813,79.04469645600554,2.3247125893240037,36,0,9,4,23.59186071331461,1,4.152578066553356,Yes
36,17,Operations,0.8978758336200829,0.8978758336200829,7.429034711825438,0.7915975267483389,4,2.7955393837967843,54.28053873447389,3.7004356659303426,53,1,7,5,9.74940039698802,2,2.3835796228234507,No
37,17,Operations,4.241148253851709,2.883034063726245,9.678230053674728,0.5364612630129855,2,3.6978389768789506,64.25306155085521,3.4934395388241772,48,0,8,2,47.69122163451876,3,3.673781501537956,Yes
23,16,Sales,4.617636402353476,3.0351515464907908,11.844990763444043,2.1520178630746374,3,2.2800845362818882,82.26450676244389,3.0165312541380414,12,0,6,4,36.21862601137819,2,4.1548630442901935,Yes
31,13,Marketing,5.481836523939188,3.8832943974062553,8.60497636606774,0.5941451436159431,3,4.997184015289861,71.30368462653279,2.2947032407807613,27,0,7,6,12.078008945160894,0,2.6810842504691066,No
38,15,Finance,2.7947839573820046,2.7947839573820046,7.332543780483084,0.3868322786856679,4,3.898387966402765,68.90053168170164,4.184063695785249,61,0,10,7,49.52983601123945,4,4.221732439998843,No
32,12,Operations,7.5915199812182035,5.34055817707867,14.271312357296404,2.742640159008142,4,3.81121905207947,75.85749584128176,2.809264441848223,59,0,10,8,73.26780529612171,2,3.247095890199689,No
34,16,Finance,3.5398775066882266,3.5398775066882266,8.891407959847326,1.632648389797807,3,2.6383430051756687,35.020626225166865,3.3894602309919613,25,0,7,1,10.55469442281083,2,4.696686005597966,No
47,14,Finance,11.21877328882915,2.4763523157658276,19.33944356322131,3.794621399208388,4,3.216919999746078,48.551190722115095,3.282092236996272,36,0,10,6,23.04364349608114,5,2.1500338850841323,No
31,13,Operations,2.141961229002468,2.141961229002468,7.502841625610413,1.2225862802147387,3,3.8235277640216387,52.79181121600587,2.3053130729822664,47,0,10,3,22.635895038739672,5,4.648651159468082,No
37,13,Sales,3.9865019311860497,0.7873901376347109,7.618254137523014,1.1158366516402236,3,2.677691056031048,50.83614612912826,3.2189869421367336,17,1,6,4,80,5,3.5427753379168623,Yes
30,15,Operations,3.0580826322974666,1.2282139129951557,9.024190132886336,0.9415130889949543,4,3.378934069903305,38.353287749290295,2.2412494332314634,39,0,11,6,26.82889961162276,1,3.2796701697690134,No
21,15,Finance,0.6749436437820723,0.6749436437820723,9.279286672295683,0.7459037454077471,3,4.870643083019558,61.311615116325584,3.472028529391488,52,0,9,5,12.700113811872837,3,3.863823604360637,No
37,16,Operations,0.47202850941373287,0.47202850941373287,5.419203662516418,0.4868580982766138,4,3.88814837338427,71.13719676445315,4.183978331606005,32,0,7,4,30.464445594035134,5,3.210123796483937,No
32,18,Operations,10.896353270964473,5.687030895481601,11.019444997892307,1.9680614878052538,3,4.587911317882315,70.57022154012611,1.035155233215989,21,1,8,4,17.419638496125206,3,4.665699985872336,No
31,15,Technology,3.07053284270754,2.7856784903794556,11.038477076820222,2.1719948696037035,5,2.6775723712695187,69.43782868203496,3.119101329787281,12,0,5,6,25.917487045840875,4,3.523647066614304,No
29,14,Finance,25,8.891658992514673,36.11426478471548,6.871694271048144,4,3.1952627932962145,64.27276574167806,2.2004016587304362,42,1,14,2,21.114511955979918,3,3.9147760222366554,No
55,16,Operations,3.570613762464458,2.529212089387448,10.576526607546969,0.8415366901338815,3,4.788240218633252,48.584584711076175,3.911337492031952,23,0,7,1,27.657663860453372,0,3.2859880302367106,No
51,20,Operations,0.500751715612735,0.500751715612735,11.62004687277141,1.8326925917907801,4,3.6957716129183837,56.38070310191258,4.202653347134717,42,0,11,5,60.51764381829009,3,3.0405499465424386,No
32,14,Technology,3.7143072543868927,2.756119063438029,16.720323824370205,2.8682414397249985,2,4.097073918151599,47.826621044035484,3.7189935350254117,13,0,9,4,16.036816249350608,4,3.5843294532312773,No
32,19,HR,3.3580514244893123,3.3580514244893123,8.362112886827674,1.5717619263699747,4,3.920640736078738,63.02483102234502,2.2109077551956813,32,0,4,2,44.24340759536333,0,2.4734514754242043,No
46,16,Sales,4.903797324797095,4.903797324797095,13.438640718938853,2.429533282135618,2,1.8983952760383358,59.24539836869825,3.022007171336138,19,0,5,3,56.30173772022173,4,2.924881204764084,Yes
45,18,Sales,3.872368978766036,2.2953040354170016,9.108740576739441,0.9156091539335374,5,3.6919358832418725,40.01046642514756,3.509768978030291,38,0,9,4,37.388818483995976,2,4.736958206906653,No
46,17,HR,2.3680577673792853,1.4116350452720767,10.737199797857926,1.5225207328967183,4,3.573848769654227,57.295873123981224,3.301180102535492,24,1,6,2,8.5457704098006,1,2.8539313790354046,No
21,17,Finance,6.78219692686597,4.281348411333182,10.008734841141967,1.78272999663889,3,2.704686883798454,28.079706823750822,2.9082597334909455,23,0,5,4,22.518017765627043,4,3.178440978504841,No
47,17,Finance,0.7096340457799277,0.7096340457799277,7.8047605382892495,1.3536575468398913,2,4.008124236143481,48.6492544451742,3.5831090744909937,29,0,6,2,14.723061096141919,4,4.379952485701464,Yes
39,14,Operations,7.451540875240652,5.23715429363588,8.706266557660083,0.6077216757375583,3,3.8281077360796143,22.844145678008722,3.3064180863918566,16,0,5,4,23.05613911089869,4,3.698413049875934,No
31,14,Finance,9.845765165086119,5.647920718389278,12.835767402717641,2.1690235608086206,3,4.9648067727291165,74.57911153828726,1.6926614546764613,33,0,9,5,11.592739124387986,4,3.1886353021614022,No
40,14,Finance,4.788185675460708,3.4980051951077744,12.842826179158164,1.3734118903204224,4,3.1121295299137315,39.20749157571543,2.4061168200027407,44,0,7,1,51.728756287549466,1,3.766668970633055,No
34,15,HR,9.476343106066706,2.9179757046206456,12.648414244342286,2.461850817659659,3,2.7101381882137656,85.23983074705225,2.178839137034194,36,0,12,1,80,3,2.1741436891410713,Yes
28,17,Finance,4.734735738495256,3.298257562041031,11.125430471924485,0.7971855000496378,3,2.796247135039499,31.243439337200947,2.676122294475037,19,1,8,2,37.2537945561157,0,4.044105231529999,No
29,15,Finance,1.0642731517897688,1.0642731517897688,10.901774960391638,2.0398540234890525,5,3.7052467837734175,57.38008306153446,3.677499648340612,32,0,9,3,32.187117418239545,5,4.1593847778454185,No
43,13,Sales,4.295719420092559,4.295719420092559,9.466326638153,0.6396782266963884,4,3.3210159813294373,83.53673184748125,2.7023352074092184,41,0,8,9,79.76372267598313,3,3.0307817178666188,Yes
30,19,Finance,1.7262178763828,1.7262178763828,8.633582315304096,1.4063189298954577,3,2.8041206313458304,48.10647639886923,2.813377730868876,22,0,4,4,19.216302148013547,1,2.278676671961586,No
42,18,Finance,2.8949910912039067,2.8949910912039067,11.131193044738819,1.9318825600177068,4,2.713527971648696,62.8187898490806,2.3798645613297573,46,1,9,5,65.06786810395506,2,3.776200503345263,No
27,18,Technology,3.414821949217892,3.124976432455383,12.04305876319315,1.4556210837350774,2,4.991076539822415,48.596113923072274,3.189910682040847,38,0,10,6,72.76083287328542,1,3.289240918382443,No
42,17,HR,13.132949535010997,8.306520857209279,13.536186984423141,1.2304387331378759,4,3.883634544276882,48.05935732114387,3.2919233105423182,37,0,8,0,43.91808110387078,5,4.7462485318279795,No
21,16,Finance,1.8780518099821908,1.8780518099821908,7.973688412165757,0.8517667120298636,3,4.2904623210527575,59.64587544665648,2.508341726842878,25,0,7,5,36.63889318167427,3,3.2269072625689965,No
42,14,Finance,4.627585587261633,2.3966968608696084,11.66684875803496,2.1929390566315212,5,3.9865064972464914,52.95383431697675,3.3014727093384484,52,1,10,2,51.39352215734718,5,3.4755044773958783,No
25,18,Marketing,4.552346349265264,4.552346349265264,8.373794665760444,1.1040440833291578,2,3.0968787834328477,61.559319584481635,3.302178816308441,59,1,12,3,13.427269996361746,3,3.199874226661988,No
43,17,Sales,1.8413870445497342,1.8413870445497342,11.95549024863856,0.8751381062995649,4,4.598286500782285,49.70562684740015,2.5352965634330613,10,0,4,3,14.482403821901148,0,2.6557342327450706,No
23,18,Operations,1.3859389762806495,1.3859389762806495,8.773960570989216,1.6386615988221815,2,3.9075932952080876,46.10260757113662,1.5963732783582536,27,0,5,7,18.91228435858291,3,2.9211104922499014,No
31,16,Marketing,1.9338451854997545,1.4156650320144362,9.767090204682532,0.7126048165988975,4,3.896962670994147,83.98457961122456,3.3943388064244893,7,0,5,3,40.82195415461043,5,2.010921643461651,No
42,16,Technology,11.166304551810802,7.003920502810461,18.242397551980172,1.117792881210651,2,2.6373906756537493,29.53107191040234,3.510714459013467,44,0,8,1,21.252983440878875,3,3.9710072351623724,No
54,16,Marketing,7.581344000500389,3.6480721737486723,12.13873355221041,2.4057513289344343,3,4.481918323148282,57.95180435301709,3.7991422340264442,58,1,10,2,13.143700594652843,5,3.513610517425519,No
33,15,Marketing,0.9133133706912514,0.9133133706912514,9.807574466163874,0.500759314655733,4,2.9905065708967826,71.44670733708024,3.4087608365767434,33,0,8,4,17.850394494637712,0,3.812336259537582,No
32,17,Finance,0.32083784589018266,0.32083784589018266,7.0232679595561125,0.8605401658947064,5,3.780414385563951,45.69887647941323,4.2153669619155405,11,0,6,4,53.33692754722163,5,3.0771906039467294,No
31,12,Operations,5.84152936076297,4.343899979175249,17.239532376063643,1.5035307001871572,3,5,36.720143193947784,2.4014518144958776,25,1,6,3,50.69357619519608,2,1.9463356054213337,No
35,15,Sales,1.3363101653976073,0.9903196456508148,9.964167608632145,0.5358336630183642,5,3.9829780854845938,62.28015070434381,3.534823787620556,20,0,6,6,14.027721118555434,1,2.993435890933348,No
36,19,Operations,10.295607103119416,6.671438022949061,12.417057650931273,1.477828697454214,4,3.9245492763313403,43.79222803501762,4.7147812205095505,18,1,10,6,12.753605680985734,5,4.451535587209564,No
30,15,Technology,2.032976170926904,2.032976170926904,9.67966928826625,1.2336805037644742,3,3.1934699173049603,58.193293674785096,2.81410656968074,18,1,8,2,59.00868956715411,5,4.431434988962949,Yes
32,16,Technology,1.588982372375026,1.588982372375026,10.480574399497302,1.467460010872911,3,4.600882052417253,47.18725548619758,4.316430994307961,17,1,6,6,9.154981475246197,3,2.7500906870288184,No
34,17,HR,0.5490169970976323,0.5490169970976323,10.351641559966518,1.5533736048656492,3,2.898986836792789,47.85283206542323,2.588185876882988,22,0,11,7,16.666423108954614,5,3.2991012376461732,No
31,17,Sales,6.189021745566749,4.7477383060653935,13.631136230384758,1.9242252945219014,4,2.6211379686305096,15,2.2153308215858662,35,0,6,5,45.55890873227702,1,4.961307801488058,No
22,13,Finance,16.50938145428512,12.464138550217843,23.515266854591104,3.7056375052980637,3,4.283343778964447,67.30814289667994,3.5796698815495915,50,0,13,2,10.652542345831671,3,3.341111758630904,No
27,18,Technology,2.5848916584220025,2.5848916584220025,7.83806903964707,1.0091961467736927,3,2.3008941805368512,70.84808522352643,2.101947651929099,28,0,7,3,36.87709005424932,1,3.857597539712057,Yes
31,19,Technology,6.208464522830953,3.0387470903582185,8.462603007489443,1.696305520852474,3,3.784595546239982,79.2163469684771,2.4849061925424794,58,0,11,4,14.558384166453704,4,3.979209710568355,No
24,20,Operations,0.7595207172896851,0.7595207172896851,8.982334612654224,0.5014701583984498,3,2.8771801699603285,78.43799832199619,3.816039034203841,16,0,7,5,38.27104175807668,5,4.902200954946225,Yes
49,14,Technology,10.732369893232589,4.7742399346566815,12.580746250736361,1.5621634627206655,4,3.198521144056229,55.94626061884537,3.6407894474554015,78,1,14,5,7.7779777008899735,3,4.407670034841308,No
51,14,Finance,5.4573659625296065,0.4061586547046169,12.190185815408663,0.936968186657944,2,2.792716083043744,45.04465843236769,2.100789256125651,28,0,8,2,23.854526721595732,3,3.752404751927879,No
39,16,Marketing,7.348385809264846,4.35886548573007,11.788915216771768,1.703642130204603,4,3.70383734907911,54.15780695991165,3.5812396985198443,62,1,11,4,58.94723049712379,1,3.8021596357132585,No
35,17,Sales,4.366945929401297,4.366945929401297,7.689603484990128,1.3996962627303413,3,3.8914440151732967,56.88342863374525,2.5167579517782426,38,1,7,4,28.705046795538784,5,3.7270083808322214,No
36,20,Technology,1.889735138458481,1.889735138458481,7.188120612824236,0.6063619887643686,3,2.875215446529382,90.92597106776417,1.9962329466501432,28,0,9,3,22.244068808370944,3,3.927666968685687,Yes
30,19,Sales,3.4451567910661853,2.0024093980220488,8.953371721573188,1.1596423908816316,4,3.7307413052899165,48.5309978273381,2.4294359096825406,26,1,9,10,8.644708034318773,2,2.8318140824880444,No
47,14,Finance,1.351153494338281,1.351153494338281,9.370432597006745,0.9088889330490696,4,3.792706141988492,23.515076765840053,4.492565586720537,38,0,6,10,28.942947665313323,1,2.870553457009037,No
29,13,Operations,1.276147331504874,1.276147331504874,8.829225456195786,1.0499984179210224,4,2.515041266417064,72.17040910347019,2.5026213118821024,41,0,10,4,10.732284961456074,3,1.6096347591789881,No
36,15,Operations,3.0096879356192003,0.336759970373285,5.548207007998983,1.0301218148754403,4,2.3908249635542322,68.7404317405218,4.997155950812014,37,0,8,7,43.67109806800847,4,2.702918343816536,No
27,20,Marketing,12.148380126737077,8.735921478541346,16.22424274062559,2.2319941291991783,4,3.9998497056077946,66.50545333436978,2.803694442902414,21,1,6,3,10.575029392376104,3,3.3296879560088883,No
43,15,Sales,8.888313549363561,4.028200183106255,14.390298988941417,1.0697985139034505,2,4.005814564737527,77.20705291592068,2.9070249748271113,14,0,6,3,31.60741105083751,2,3.7522819547717576,Yes
34,18,Technology,1.9322379336875268,1.9322379336875268,8.64686640883986,1.3470738951896197,5,3.5896160556514345,85.82955302806506,4.109782906390904,42,1,9,4,31.664359464540713,3,3.6834548739782975,No
36,17,Operations,13.516295250786136,8.05949793063191,14.700525385384305,2.9046898996252883,3,4.09691821033319,52.28814789900338,3.8175773651392695,56,1,11,3,28.8415684305476,1,2.2368886028251658,No
44,15,Finance,9.09352662405205,6.807113742214963,13.228389903219119,1.8995202813724767,5,4.284829050397978,53.89963529435904,3.12365070789163,27,0,7,7,17.69182686388166,1,2.762141287093811,No
26,14,Finance,1.7563695635404803,1.7563695635404803,8.146447086700977,1.0405578025446338,3,3.4932926423849975,46.71541445080667,2.8064351817666355,11,0,4,5,36.985435394137156,3,3.034129940840938,No
33,15,Technology,9.953564380173667,3.491706583058422,15.161736855582028,1.7330267994905628,3,4.09176873776766,62.056335902815924,4.01785046004075,73,0,11,5,25.37952062097582,4,5,No
40,16,Sales,3.9099591452812272,3.9099591452812272,14.486868682107975,1.5435704367182432,4,2.977659708997183,60.820433959724085,2.2165105731970423,30,0,9,3,13.749651206481744,4,2.3125266111225584,No
42,16,Technology,0.3971899952499558,0.3971899952499558,9.224209724692242,0.8961073665211247,4,3.514089488790344,57.8907777015909,2.5158244886722003,36,0,10,8,24.844463713877225,2,3.4021623005976793,No
37,15,HR,6.1552896065158125,3.194605532032815,9.230030790637196,1.5471448099436544,1,5,71.55266193018285,2.387313445977215,36,0,8,1,21.191787476010006,4,2.3328549482550396,No
37,19,Finance,2.940464374101694,2.637906203143438,9.477481938472353,1.2049269032680985,3,1.991667491903735,69.30412705860692,2.0903327714777067,16,0,3,6,19.975739661764113,1,3.2386161200980386,Yes
30,13,Marketing,1.2906607201787876,1.2906607201787876,6.709518548216321,0.8715418092443394,3,3.279065445337924,75.94568867986024,2.3194099617159765,17,0,5,3,30.40659907129566,0,3.28749414935912,Yes
30,16,Operations,24.141308463578536,7.340993472994683,32.32428131164995,3.0495343657981397,3,2.533566843250765,44.129251155806436,2.299149611424503,36,0,10,8,9.903268179052118,4,2.7878753776672855,No
44,16,HR,4.522190236275671,1.2312957021226933,7.577217677720224,0.8228703408929373,4,3.9091798753593765,48.422507575156345,2.1879375667974936,52,0,9,5,35.167614012687544,2,3.325981368100617,No
22,19,Marketing,3.392771030113261,3.392771030113261,7.03909059035491,0.6984397717855177,4,2.614334924725501,48.87005801896172,2.404680137284233,40,0,8,7,47.40241459277696,3,3.1237106702217856,No
27,18,Marketing,9.648817249718618,8.700405022702881,17.665834850547753,2.6516548858327567,3,3.4974557235063575,73.23388432635753,2.5023268675269077,27,0,9,7,56.310981073948696,3,3.7076325166952144,Yes
21,15,Operations,0.5437366558620006,0.5437366558620006,9.066165388231472,0.5041967556994129,4,4.509144924563783,52.407542216960664,2.5047392962584882,40,0,8,6,20.99104565706266,4,4.183910597997566,No
40,15,Finance,7.374896209758226,2.749161011490162,6.449840135200917,0.5992777114794287,3,3.0897276716582,49.621858494543645,3.3991491545078953,23,1,7,4,47.78753976738519,3,3.8843551118462027,No
32,15,Finance,0.3,0.3,10.782615315432928,0.6767475372211023,4,2.9954209536065517,67.80425705644586,2.7735841993113026,23,0,7,3,32.958834773280735,4,3.530159970474103,No
30,18,Sales,1.3144850936881123,1.3144850936881123,12.223262227174644,1.7450624589939523,4,4.307995788955218,63.83966430082736,2.67880799791049,28,0,6,2,36.99676413379807,2,2.8084935821393815,Yes
28,12,Marketing,8.020197558015122,6.660845514538986,16.580779380201957,1.1216295857530991,3,3.012374939023161,27.472137509434944,3.3995995063102273,25,1,8,8,18.178278345688778,1,3.3267523928803158,No
21,13,Operations,1.1670462810066597,0.3486437310349284,10.116590765753893,1.67351620631283,4,4.172525686853933,68.77728925945713,3.302322284784231,85,1,12,2,19.65413535707635,5,2.9878398896241087,No
34,17,Technology,0.9576014888236198,0.9576014888236198,8.846829611217332,1.277811529198049,4,2.888542740930948,66.00111547621933,2.5716869401135054,14,0,5,1,13.720669109209966,2,2.0923684883848823,No
35,12,Technology,6.400082958563152,1.0069123459397094,15.902903700267142,1.1246925500579863,2,3.578800241300928,84.75915795046154,2.7958843564770315,27,0,10,8,33.032861192478215,2,3.563791500946439,Yes
40,20,Technology,9.686270685296474,1.404896581170721,16.923813222996507,1.3479400375244948,3,3.3093970281721243,66.77770534441352,3.090900975346124,15,0,7,4,39.47865156248336,5,4.357833198867183,Yes
25,12,Marketing,2.447566045391868,2.3720185101337363,11.629409488562224,1.9818826912791563,2,3.7986272466710953,58.72289843063343,2.83551316430905,43,0,9,4,18.2138121860413,0,3.500057022168038,No
53,12,Operations,0.9387070326595474,0.9387070326595474,5.539718173164954,0.8085968149586948,4,4.006694043562769,73.80816157326453,2.8912073399475084,44,0,9,4,19.35318528970524,3,4.380529892271666,No
24,17,Operations,5.283319899549982,3.7676603282114978,6.910391408390239,0.8177658009385851,3,3.0708137743076387,69.08261765854327,3.2943139896833156,35,0,8,3,10.904023984619437,3,3.005203547852346,No
31,18,Sales,4.178084962044183,0.7363740655725018,8.742420203461634,1.6435068122108483,2,3.573521410535816,89.27114489776757,4.615676106704907,41,0,8,9,25.238997253415224,0,4.708567421563707,Yes
21,13,Finance,4.3705883512243355,2.9143751031806273,14.819756326776556,2.4272508869025144,4,4.089484499816978,28.5108697066909,1.6856718030149753,37,0,7,8,25.545152306694938,4,3.5490923019540714,No
30,12,Finance,3.163615790966197,1.7846696706787204,17.34267938683415,1.6922094024468493,1,3.0998573486802754,43.769060191227354,3.593394205908799,29,0,7,0,9.674321359154185,5,3.8078460703707413,No
36,12,Technology,0.3084466015896505,0.3084466015896505,5.8691769440408486,0.7006582223698756,4,3.6820084054395887,57.65533130441338,3.396083089218096,39,0,10,8,45.17849811211649,3,2.626395701794397,No
33,12,Sales,3.635013880012038,3.635013880012038,7.143093328389717,1.3168270051414162,3,4.50235209451307,55.08053120300187,4.283026492076596,48,1,8,2,12.572995303518283,3,2.118487907039325,No
30,15,Operations,12.325381540164157,3.8616693782599025,15.620564400830578,1.8110733875498257,3,3.3065606174476976,73.48092519899132,3.2998422047611546,21,0,7,6,29.51062495533195,4,3.139879711471247,No
34,17,HR,8.161885500825006,5.709467650399551,21.54449092814176,1.2106801729429781,4,2.7762182100736115,60.54416501066853,4.7686131674980485,16,0,8,6,14.128442760085393,3,3.701388777760925,No
30,16,Technology,3.722499183454119,0.7833736713649566,8.445814169726605,1.4078776929970005,2,1.6963633124651285,69.94042919266515,2.38596055129767,17,1,7,5,22.36282987657295,2,4.023384306527891,Yes
47,15,Sales,2.6323785707278917,2.4850740346124036,7.5267269735889615,0.8626020048013721,3,2.5160106551993,54.646730350787784,4.312168010945969,28,0,5,4,55.63814579140218,4,3.5070601976537903,No
36,13,Technology,9.686497050833427,1.8142333680138218,18.434490610531835,1.8066723654969978,4,4.069215026574514,50.20307738452451,2.398580868323799,49,0,8,3,11.924076701256848,1,3.3226509706966074,No
46,14,Operations,3.409512422130132,1.707054115482465,8.792963769012921,0.8260963342959833,4,4.00897067894617,73.29464703699912,2.724673510983304,14,1,4,4,29.20103687747665,4,3.9987312991366086,Yes
43,16,Sales,1.759695809350866,1.759695809350866,7.157744380760865,1.0091305881756825,3,2.822700119545272,23.218803928374427,3.7065981781634827,37,0,7,2,29.730734307584115,4,3.1146595487396755,No
27,17,Technology,3.727324015853671,3.727324015853671,8.931973193844017,1.5621818253083597,2,3.1958257294580488,65.23968696802456,2.828064822922482,22,1,9,7,21.656683515578766,1,3.5280527157903867,Yes
47,17,Technology,9.407973471600526,3.316664261550635,12.697972444569558,2.1824813226381456,4,2.7958501978325807,31.378645375809146,4.289149638618757,5,0,7,1,24.857701451737963,3,3.262380388703858,No
42,14,Marketing,8.27465936487614,5.573241258884877,14.133778459392367,2.3000460513222736,4,3.013328528437113,62.045134518577086,3.6410939988908506,20,0,7,6,34.45960269964444,2,4.064901844381902,No
31,18,Operations,0.3,0.3,10.063459073426475,1.6870715629977664,2,2.2717164415119164,79.74980981792623,4.1109698206821825,6,1,3,9,7.002023596891027,3,3.316457618964816,Yes
23,17,Technology,1.5354010474918325,1.5354010474918325,10.618194032493989,1.0079646377973406,3,3.37146079355171,34.5594762247524,3.7785353942514375,19,0,6,3,15.420185517482203,2,3.3731780437626866,No
36,15,Sales,3.585367348040746,0.3020086728824126,10.595291899786723,1.960496500905958,4,3.2951192213394496,82.07938898954919,3.096400788996004,68,0,13,7,11.305687287392022,3,2.2973633018912807,No
41,17,Marketing,0.6726525842664924,0.6726525842664924,7.862880657404594,1.45271616764104,5,4.107014755301997,73.58842409501361,2.814271232714962,23,0,4,3,42.75941365187151,4,2.568401174501764,No
41,14,Finance,10.262365012319728,3.549452215606665,14.803518102027754,2.640509608124893,3,3.4898953791649565,60.03795803631647,3.7136564825280685,17,1,7,4,13.484828069690568,0,3.8916454852456326,No
48,16,Technology,0.8120195521921132,0.3010870867128469,6.6131802127360455,0.6710679048109066,3,3.6924913147153773,79.48543955156735,3.7863434284051345,17,0,7,4,7.7905364712276945,4,1.8348864199832033,No
21,20,Technology,2.20810285310557,1.1437483968517062,9.602687509044259,1.7559188721480061,4,2.507430486338735,44.486060386279576,4.099113440133714,8,1,2,11,25.937336066874423,3,3.9302869179644104,No
47,19,Technology,3.5757560232966936,1.0364677818722143,11.294434285658081,2.213275747182607,4,4.360516562149549,74.16852217527314,2.897496492175096,26,0,6,6,51.93247314419239,3,2.4681798564957966,No
41,19,HR,2.084810893471015,1.7677631663017037,8.39679710911204,0.9169166470498478,3,3.018970303278235,83.38157794820457,2.034719666286077,49,0,9,4,26.774423809075454,2,3.1926337612329103,Yes
33,14,Sales,8.375801246722553,1.9766977066897735,10.230373466455292,1.9883453436927452,4,3.797183497946607,56.695371468956424,3.3164198969636827,37,1,7,6,26.643873404975686,5,3.150362666798546,No
36,17,Sales,1.7707507401419356,1.7707507401419356,14.94629765426703,1.5283869984071916,3,3.510241074176149,41.670255181509994,2.8113735012864067,15,0,7,7,50.93986994241553,5,3.517618472330984,No
31,15,Marketing,5.075283522569721,4.632645244300065,14.433763590313461,1.814273904666522,1,4.296440457149064,44.603374121886944,4.675019813279212,43,1,8,5,13.530585859952113,1,4.325466654049948,No
31,17,Sales,12.60568031155223,3.318979676475134,13.366340637743534,1.6588589653712762,4,3.887202167799327,49.432527945974456,3.52481966404647,23,1,8,5,9.999401727315261,0,3.9175700156956346,No
29,14,Finance,2.541153345928259,2.541153345928259,8.212864124510649,0.7313417442940673,5,4.5327550569830395,54.79345204139736,2.8049046922232588,36,1,7,5,22.690918953658546,5,3.7172840370386275,No
37,17,Operations,1.9704778822211353,1.9704778822211353,7.490723764099915,0.6878331000694655,4,4.000414577851496,72.29915691793327,4.018619711195958,38,1,8,5,11.333766607131256,0,2.185208950379885,No
39,15,Sales,8.42763699199175,3.1239177394638684,10.704332507586296,2.038052991102532,5,2.793457758601573,85.4639654414107,3.689169849506254,31,0,11,6,12.215647408820603,1,2.82051287167524,No
32,15,Sales,9.464111690058173,6.943667591769908,10.348654632101983,1.103682080428936,3,4.822993449572455,52.933303973933995,3.4083521824696277,47,0,7,7,14.460233379461137,2,2.9363797030881362,No
43,12,Sales,1.6489860239319225,1.6489860239319225,8.522247813000597,1.3487268130947876,3,4.391677691395749,86.17227442748107,1.316830576648058,47,0,9,6,14.748667224326319,1,3.49387942609306,Yes
36,15,HR,5.951667889792735,5.762300783121772,7.835125924210482,1.457572690603939,2,3.819254985998389,65.07447760142111,2.1077557049390867,45,0,10,5,34.48160715113952,2,2.2506554129803393,No
39,13,Operations,2.515144921873766,2.515144921873766,8.782630376081823,1.6219539184105267,5,3.7339538620666635,93.8421479242005,3.5049178333134283,35,0,10,3,17.641621821850062,5,1.5912195802367382,Yes
37,17,Technology,12.20892913547831,8.44598336981183,20.23627665073104,3.3989854096191556,3,2.32183065522085,70.95238813688069,2.088675717822458,82,0,15,3,33.5701163906679,4,2.770512442912031,No
21,19,Operations,2.386284704302935,1.5494105377008784,9.979563334068096,1.6557574868118492,4,2.7087558098232205,49.89717629211109,3.1043607629142955,41,1,10,3,12.348302958454942,2,3.3772321227956357,No
39,12,Technology,7.64601666466514,3.7246730133375454,10.337339947997343,0.9792591399405971,3,3.498302770854503,51.90551757277203,2.619016302318451,42,1,9,7,7.308018288895814,1,2.5278149799045253,No
26,17,Sales,5.328743311871907,5.328743311871907,14.698814936287416,2.5232221318542454,3,3.498362791577682,36.50073487929433,3.572806992704222,38,0,7,6,25.988246574738017,2,3.027982558427387,No
37,13,Finance,5.963736571628769,3.6092247294771833,11.956193266144735,0.8225014373995924,2,2.104481560395897,59.351360429777856,2.8262488815336315,23,1,7,3,12.785968499498273,3,3.1385825868076482,No
38,14,Sales,24.889369599689612,7.7029685845287625,31.14468162027266,4.121779347521422,2,2.4030732951894214,47.30610744750896,3.197885378218649,55,1,11,3,63.83695066155425,2,2.964211223347931,No
30,18,Marketing,7.392633388234599,3.7733840237761203,21.107423840685044,1.6183914917889854,4,2.6850077867093955,44.04485503562484,4.114191323686036,34,0,9,2,48.53898234248439,0,3.5635207662289012,No
32,16,Sales,3.7904932763606816,3.7904932763606816,9.904809134548342,1.302922537859127,3,4.706780133322478,62.60721359934646,4.681273922828722,16,0,5,2,13.542936221198897,4,3.0696516869726698,No
45,16,Operations,4.151120413701612,1.8016463547093076,9.807310607022814,0.5725464030376803,2,4.323756711945608,62.66539254315042,2.5217950737952006,23,0,7,3,46.898008710984314,1,3.4583342554330674,Yes
36,12,Sales,0.3,0.3,8.077544287088335,0.9321494419044564,4,3.705635968990196,63.75631595346873,3.5998084294448662,23,1,7,4,10.211221946427836,4,3.0890205282632603,No
30,16,Marketing,0.36417453674819344,0.36417453674819344,10.101368004335326,0.823023073967857,3,3.105832782233986,58.4505091207506,3.700901104155065,66,0,9,2,51.68584775315315,4,2.352727142760791,No
23,16,Technology,10.83475427014824,8.015851851255869,15.748326268015868,1.6129534775275312,3,4.47866963557179,77.5492971501182,4.18704784163447,21,1,6,5,14.410529727976106,3,2.7397926828348917,No
43,17,Operations,1.8224211281424991,1.8224211281424991,7.6448890986572495,1.3918385618213172,3,3.391250047448071,84.81768270926288,3.024559454202356,46,1,7,6,24.062745984395093,2,2.604062824095342,No
28,14,Sales,3.1472791012958212,3.1472791012958212,12.923473974268083,0.9118868191719324,4,3.473041162601856,82.2543266558564,3.6159056589109424,17,1,9,10,6.900483744003285,5,3.8327226070792357,No
43,17,Operations,4.393215509812582,4.393215509812582,12.162675945244837,1.1604027633120633,3,2.4001458724984652,23.58885157184227,3.2728938043938505,35,0,8,5,21.897571005933653,0,3.896766016807706,No
38,13,Sales,0.7913716560069546,0.7913716560069546,9.532851631470239,1.4108460452958775,4,4.399961659734027,46.619369677779865,2.906367008163556,38,0,8,4,10.292124011564171,4,3.223426578256821,No
33,15,HR,4.940976084906457,4.940976084906457,15.984389242681285,2.2748726549601703,2,5,55.781553549749674,2.6774678327879102,12,0,9,4,12.875396753242581,5,3.723260868261319,No
26,15,Technology,11.335891290205474,3.9750183448633702,11.416186595537201,1.9654280110658644,2,3.202578026945379,36.8991438241453,2.5994306771493347,22,0,9,4,13.575554280578638,1,4.321896356186695,No
39,16,HR,2.0260747834866364,2.0260747834866364,7.940525089459965,1.563769243472877,3,3.999143773083277,78.32470472547578,1.309122090728126,32,0,6,9,26.339251929184336,2,3.9632354319929224,Yes
22,17,Technology,4.546164277025333,1.4905485096620128,11.961436135554296,1.652883998661038,4,3.4254472547132315,75.11586039512397,3.8100839782385707,41,0,7,4,24.84919738026805,1,3.248045637503358,No
28,15,Marketing,6.6725351526350165,6.658523954218665,10.796216907377163,0.6714540564971124,4,4.704434102010121,53.10647246280835,2.8362112485594175,50,0,10,3,42.951494635916355,3,3.687536729507638,No
35,17,HR,5.827985599459092,5.827985599459092,14.88446693966364,1.367246263358879,2,3.5015147816878667,62.72896866380422,3.3056768762120683,23,0,6,6,35.79141316500193,4,3.3626112091468343,No
38,15,Marketing,4.899373013028145,3.293110098497276,11.278337147461519,1.4939511053876218,3,2.9988720513882696,38.77331410155588,3.0800283154748427,25,0,7,1,21.080655917604073,0,3.315567927237394,No
34,13,Operations,1.1623926570496483,1.1623926570496483,4.837527701567484,0.45559478925068553,3,3.4151738022881277,97.90730992285141,3.4877840456709426,33,1,5,3,10.434849638466256,3,4.055373667138734,Yes
37,19,Sales,2.8054577205884264,2.8054577205884264,6.976664519424473,0.5009954178165166,3,2.8185352731274813,48.1278174702393,3.6450136047806545,20,0,2,3,40.12069932402814,5,2.12844901063146,No
33,19,Marketing,11.184426095676006,6.977748486877423,21.65714311779821,1.6748811781052362,4,3.783600058478641,70.61963117701158,3.4952528062585677,46,0,10,1,13.9531109269182,3,2.508739736406422,No
31,18,Operations,2.8048072130920225,1.5267007637312808,11.098816775437218,1.7913839021177735,4,3.503696309183866,30.64721861519675,2.7025604095570666,21,0,4,5,29.946299952940173,3,3.122622656797017,No
21,14,Operations,2.72039105772517,2.72039105772517,10.461073329617724,1.3584770488316875,4,4.9968127552863235,40.04397386795393,3.477348462369767,58,0,11,1,52.58118069428072,3,4.5623633792260865,No
51,15,Finance,0.30600620576700016,0.30600620576700016,9.070708766515482,1.162795353292768,2,4.188932456571071,60.822833693084995,3.37688251369112,32,0,10,3,9.335224492070557,1,3.893787347534806,No
35,18,Marketing,2.5885382503734715,2.5885382503734715,9.022154188871005,1.7336697031370467,5,2.988873765972959,77.18963125848583,4.52869340008845,12,0,6,6,63.97788901166959,5,3.253889156182471,Yes
36,14,HR,9.041811624942781,6.787427397566227,14.80043560369811,1.2174661332093022,4,4.076909164413314,26.361679732526767,3.5018695623365566,11,0,7,5,14.074590225513836,3,2.340450172912665,No
32,17,Operations,2.5745313110753165,1.2359885775462924,9.829333604556638,0.6505276122194303,5,3.496735174769585,16.37917472745122,4.390681083533365,13,0,6,7,18.538249426707107,5,3.129141463565035,No
34,14,Marketing,9.959964919727966,4.090853996097528,18.558388377042213,1.1196698191831522,3,1.909337037942527,54.026680195586216,4.319147244643872,42,1,9,5,13.697981065439906,5,3.4660526951272437,No
29,16,Finance,11.325941514825573,4.906289864723641,15.741915908289062,2.603905541022438,4,2.7795263570594266,58.9035476728268,1.784971233391869,20,1,9,2,54.68132422820266,3,2.671510613111242,No
48,18,Marketing,1.1760840229710583,1.1760840229710583,8.00031798445355,0.46638126530040425,3,2.150338759177036,46.650104083157984,3.992983940293879,51,0,9,3,24.4171051453587,4,2.984228048837724,No
34,16,Finance,0.8091583999828107,0.3,7.752665019834144,1.226734223424644,3,3.2341862412340086,52.21783851670741,3.1807450257267105,84,1,12,3,57.63401347817174,3,2.2105533861358375,No
38,14,Technology,1.2752086313086968,1.2752086313086968,7.931731066185719,0.634443101196544,2,2.516413883531067,88.26424741605021,3.1277269912368206,41,1,9,6,77.36618418849032,0,3.593541743011723,Yes
48,14,Sales,16.761569280874795,4.676654215641019,28.80440250832687,3.951969259104206,3,4.180714977960832,58.05317421309083,1.0005341565428216,38,0,11,4,22.82976952387081,2,3.2803483083728118,No
22,12,HR,0.42398979043584484,0.3,8.913227895623537,1.3187511584560758,4,2.8698866868874497,68.88671023416697,3.694354153848971,34,1,6,5,28.250243892636014,2,3.7795535943748955,No
36,20,Sales,1.4348628068249236,1.4348628068249236,8.244830740022321,1.4924778087934611,3,3.0002394553420197,63.36675292035775,3.7140560623188463,23,1,8,2,16.495170806941086,5,3.903267970762601,No
30,15,Sales,3.484630396249964,2.767069420004027,11.077509757459364,1.7902265476768697,3,3.2937543447178967,34.4678712612014,4.9901801239225225,22,0,8,2,3.8817299736805504,3,3.879430717287996,No
35,17,Sales,2.098138175374331,1.1313363560098089,12.712102119035547,1.146787940739106,4,3.4694973276725065,62.25816395484274,2.901247253703921,48,0,5,4,65.45302779674529,3,4.997881219942124,Yes
41,16,Finance,17.695448811325026,4.097810484314035,24.220327395765985,3.531430338833354,4,3.9118454607724997,72.51191569446895,2.008921459653496,19,0,10,4,20.984883056891032,5,3.0687560594526637,No
32,18,Operations,12.334659103775499,2.4169463548106824,23.227546610915265,1.3870476298466388,3,3.602882492240862,45.530836576236226,2.685825992671102,52,0,9,2,26.80064954463029,3,2.586643144173155,No
27,17,Marketing,10.958082336100922,7.360905633068101,13.715615399002044,0.7535061457054483,2,4.11136930652645,78.23945326194834,2.4745346429913146,15,0,10,5,47.86724028634522,1,2.2095436497919203,Yes
34,19,Operations,5.290416187773535,5.101361302944311,10.197871692912665,1.7451560383905995,3,4.806453144273806,71.40214512929623,3.7097679718573953,18,0,6,4,79.924931632187,1,3.286862604529378,No
34,18,Sales,7.9070977252702725,1.1399892557720452,15.136818475404956,1.3004272495051765,3,3.697039819486228,64.53579488237753,4.309955553554519,36,0,10,4,38.18676027890886,2,3.542066331051715,No
38,18,Marketing,5.611703810416825,1.697495482843914,11.420000290607147,1.0200990628446929,2,4.386715794276992,67.47800297811803,3.0045709085038235,92,0,15,4,29.74305971419661,1,2.8015776651275215,No
30,16,Marketing,9.032115815243538,8.887982451658193,15.97315876915172,1.266118307028102,4,4.273438862144458,81.41810569005116,3.6116314587233105,40,1,11,2,14.8947634674967,5,2.4036108046225326,No
43,18,Marketing,3.727690193992077,2.7599950222601293,13.760616478997937,1.800436071016705,3,4.179182187520706,54.37567456224885,2.9152840227218957,21,0,8,7,41.013912533692626,2,3.0202273039975642,No
36,12,Technology,10.968824103177273,7.197130717628499,10.523421123747799,1.1882654994822226,4,3.1036923153106373,66.19902861099823,3.428230578911622,13,0,7,6,3.0935436276583697,5,3.0105775743618293,No
46,16,Sales,4.116022610985423,2.205469838195772,8.399237544833898,1.4528355376781046,3,3.613559883436895,51.56516690896532,4.292296194027681,52,0,10,4,31.29215412215677,4,1.7374916976579686,No
42,17,HR,0.521818692699182,0.521818692699182,5.002878190374725,0.9464885757031143,3,2.0979149654066194,79.88460796355572,3.4899376214348687,57,1,10,5,39.21547489677139,1,4.893552589169231,Yes
32,14,Operations,2.6435777880559557,2.457731058359351,9.25687241651409,1.6288290761319046,3,3.383484147322198,82.82401599033655,3.69114028705055,32,0,5,3,66.49853119368761,3,3.6396463916163184,Yes
42,13,Technology,0.6831885429137439,0.6831885429137439,10.680298795143834,1.845463057472514,4,2.500735447462287,52.747003834587474,3.317099225223473,22,1,9,1,38.67520264702118,1,1.8382973659381094,No
40,14,Finance,10.91968736511395,6.145987896033077,22.78444479460637,2.0050006298566263,4,3.7892879543846534,38.366172169579976,4.897104103514456,11,1,6,2,10.597986851213083,2,3.7418724687225304,No
21,16,HR,4.3575380569358515,2.0351391464200077,8.977820058211867,1.6317898680886704,5,3.101409135557833,80.68776902894223,3.802054024109544,16,1,5,3,24.523099457133767,3,4.775328620549754,No
31,16,Sales,0.9901582562322707,0.5768083842349185,10.449708724462825,1.4659066950020971,3,3.8116846539872458,54.13201380193703,2.4734890356999375,20,0,8,1,80,4,3.272782240543087,Yes
35,16,Sales,11.856424058824711,6.899990790868056,19.04170359030599,0.9770605734993718,2,4.380194335918088,62.603026983129816,3.6038219198858226,31,0,8,5,26.357402212400807,2,2.985150540795634,No
31,13,Sales,4.115077875934499,3.8634751656707342,9.606083172945004,1.5526129251519767,4,3.310939267386737,58.16958135322968,3.0057315233813418,10,1,3,3,31.806997354134943,2,4.044102018971838,No
44,19,HR,0.6566148157606078,0.6566148157606078,6.012814172541373,0.9510557331351127,4,3.59487744895489,70.2274698425244,4.77303727972888,22,0,8,4,71.49288617027095,2,4.0461848340919095,No
33,18,Technology,4.918526160386933,3.4856268990055432,18.885611147462058,1.5990620424299298,3,4.99733709960236,89.70972271947471,2.7076028817389948,26,0,5,2,15.23017728310045,3,3.3010856515702374,Yes
24,17,Operations,1.2764713399951861,1.2764713399951861,8.850524923720924,1.669766364869215,4,2.691849754437261,51.519024297105,3.6866315246488717,26,0,11,4,15.0737094452768,1,3.791977382774625,No
28,17,Operations,1.121698804872327,1.121698804872327,9.880329394903928,0.9652868870489348,3,3.652654517469512,58.434357011618125,4.524550634746125,62,0,11,6,61.55549300829557,3,3.32653628318283,No
36,16,Technology,1.3374177679681805,0.3,6.152962937967936,0.7389086344554464,4,4.026616540550637,38.38607639847007,4.3630134090497075,40,0,6,5,18.53237225462797,3,4.431120901874317,No
28,17,Sales,3.140985992533112,1.9006664052203432,9.692819689348747,1.2811143312731887,3,3.3004248239000624,78.67150825525633,3.893680305097688,74,0,11,6,21.399051941017575,5,3.935178901082743,Yes
39,16,Technology,10.463378010535182,4.892629533914964,11.877838244419948,1.2482085150840654,4,3.400914455379105,49.3188500053361,1.5860000724928158,49,0,12,2,12.837929638232334,4,3.9838174042298755,No
35,18,Technology,1.3029721544241122,1.26787618806815,8.077121905039045,1.2088088183560848,3,4.414581283187637,58.409821357659254,2.530814267853546,70,1,12,2,15.276488456382106,5,4.067499042817207,No
21,17,Marketing,4.756447413661057,4.756447413661057,11.18615069948155,1.8554682060192427,3,4.365646245126348,53.93366261339994,4.293855898521203,15,0,6,6,19.474308024563378,4,3.740280023276422,No
46,15,HR,0.8789725622570718,0.8789725622570718,9.738150451171592,1.2992721448435967,4,3.6830280924196863,83.64578208257558,3.386684914267133,44,1,10,6,34.69191510010418,0,3.88064999462806,No
33,17,Operations,0.5677906700644356,0.5677906700644356,11.493844291028834,1.3661795162460386,4,4.600477192920278,34.293141594145375,2.8192154977269865,21,0,7,2,30.255892020368638,4,4.206280548302405,No
40,20,Operations,0.3,0.3,6.019877360033376,0.3310129304129964,4,3.200293649710276,66.40376396828773,2.3807313241660353,7,1,4,8,29.00301396433212,5,3.3180851749599305,No
35,18,Technology,5.684923922633227,5.684923922633227,11.167772405528217,1.1979929850965525,2,4.191708144215288,74.99123346053707,4.484146992824653,7,1,6,5,14.861983490714513,1,4.697308806260035,No
43,12,Sales,3.943480203792427,3.943480203792427,14.656870437759038,1.2779837603133135,3,2.9212768742918143,55.070532831841675,3.503892149261796,51,0,11,7,32.900047972792294,3,2.495731598604853,No
29,12,Operations,1.8062198830225318,1.8062198830225318,10.29899183350103,1.6009683610704946,3,1.7906492044851303,49.23359459863034,3.3941742155704344,25,1,9,8,33.51819213397715,0,1.6514773416697732,No
51,17,HR,4.291648773671446,4.291648773671446,8.497199036537667,0.9533710000055943,4,3.617755871458172,64.86633117482991,3.7881352309559606,25,0,8,5,23.303406158664735,4,4.144899861260314,No
34,19,Finance,2.754216000944208,2.754216000944208,6.617616724723752,0.7962896064325098,2,2.7837078383548017,54.135663293211046,3.512544114163094,35,0,11,5,16.20527032892421,5,4.989962752124242,No
31,16,Sales,10.595148467971098,6.822140358351651,11.357489220104815,0.8020168785606653,3,3.4943775277709244,42.24413587480912,3.305856694599953,75,0,14,3,15.244562051690423,4,3.79892654516111,No
26,15,Operations,0.5795112208967591,0.5795112208967591,11.488367794069818,2.03941561819259,2,3.028188657505485,40.50559192258974,2.7975462072428705,27,0,7,5,30.959682070275722,3,1.2863381276513899,No
28,12,Finance,16.407402385572937,8.506946681529325,14.02858627064578,1.942031126143162,3,4.7040831385869275,15,2.889758385632778,52,0,12,5,45.391181867200174,1,3.3624584715292545,No
40,20,Operations,2.8051706433441743,2.8051706433441743,14.330960932973356,1.2538461934088259,2,2.521489846671731,42.090094905439415,3.6251634791470697,24,0,7,3,23.567121690449955,4,3.4853779431005467,No
43,17,Technology,5.785762142189482,5.785762142189482,12.816349250746496,2.0685095306585497,4,2.202813928065747,57.84078133329743,3.1029445872091967,41,1,11,1,29.916341496085888,2,3.6698717892891093,No
31,17,Operations,3.2278533477989706,3.2278533477989706,10.618726473496254,0.9170438939999062,4,3.5751419427219187,67.14092586843391,3.8977380417048275,25,1,6,6,7.679424256386412,5,3.590183678937543,No
31,12,Finance,2.6599048231279236,0.3,11.783898749901283,1.5733474931285545,4,2.6236297602976,38.891713018451064,3.00723453068378,26,0,8,6,30.16256121945513,4,3.7261822773966995,No
38,19,Technology,2.233388760323773,2.233388760323773,10.498281430718922,0.5363579298030845,4,3.9273056630094003,60.61349889238984,2.3134349683416002,15,0,7,3,20.70333531322346,4,4.155285329134839,No
30,15,Finance,1.5836807724385615,1.5836807724385615,16.68124275229895,2.91114150405149,4,3.124722482575843,53.480147675407935,2.8298319084688046,26,1,7,8,15.957319137410709,4,3.4458598333070967,No
49,19,Sales,3.9507623531149583,1.1281007770464018,7.544859284974148,0.8378356974113388,3,3.4090112984874343,62.729328193850044,4.0806878503866715,42,0,10,4,38.7496956023145,1,2.9831448955725914,No
31,18,Marketing,6.341671592334385,5.108111316062574,15.615759396180035,1.1992864944299846,3,4.684680644165171,61.49670456322779,1.9048232296215533,44,0,9,0,36.35034052465355,3,4.211027189634736,No
44,16,Technology,1.6155401780094112,1.6155401780094112,12.271395314440051,1.2334299629385774,3,4.109409577547438,54.03919933209058,4.190323578464547,66,0,12,7,11.633432322493034,4,4.548211033993221,No
36,14,Operations,9.860997057387522,2.5744106326028575,12.693328682174409,1.3447565044932752,2,3.8014998285199577,63.79808256963306,1.4423893648087638,16,0,5,2,3.7337256751324146,5,3.262167696023175,Yes
34,13,Finance,5.047858631735921,3.9511006583195303,8.322324615351384,1.432763328889656,3,3.2173686819516023,52.80184451248713,1.664172194460114,38,0,10,1,9.67282899236799,5,4.924008190343273,No
25,18,Sales,4.674142942261345,4.484844948243644,12.404851058943668,1.3808678699604133,3,3.5318007435166523,69.88257061728332,3.4091988137351152,18,1,8,5,61.73894310336757,3,3.6037476780770725,Yes
37,17,Technology,7.521106255856516,4.808090342249319,11.020791574698164,1.0216370954073524,4,5,31.37913755170154,2.660006331320077,12,0,10,9,21.58187111257784,4,3.1493671510553782,No
36,19,Technology,7.059117193552956,4.833448115134506,11.635326420737526,1.3383681213924576,4,4.1860777471091035,72.17454752325702,3.899974668938453,43,1,11,2,30.31824858298466,4,4.180658129871349,No
34,15,Finance,5.434785956138359,1.5270156253653073,9.08777007583966,1.40800163116118,4,3.7008548700434485,71.51525363627754,1.6749481028167226,25,1,9,4,26.21364364135412,3,3.946138480546619,No
36,18,Finance,2.3250794982165783,0.31058461088494654,12.97326827493662,2.59475748734148,3,4.99223429747561,43.10317900962582,1.677954066372072,78,1,12,3,27.244092966510017,0,2.3771633751950527,No
33,13,Technology,7.820555248625701,0.9558555797646737,11.23213801640424,1.945151884830235,3,4.212421100029837,37.89012183073986,4.111542963992172,47,0,10,4,40.478399265120125,2,1.0048697590897693,No
35,19,Sales,0.6274125103773451,0.6274125103773451,10.816626076333558,2.1781213888289765,5,3.8777114427260018,68.899937734951,3.8180513670911274,52,0,10,2,18.11432201556504,2,4.050013495489141,No
29,15,Sales,1.8798671171168282,1.8657405657338064,5.263201306723048,0.6274679423716394,3,2.7103159518140996,43.54112369404285,2.5181791556256936,20,0,5,1,17.65924657081807,2,4.091726462532081,No
26,18,Finance,10.619307950703966,4.168072746949538,11.606271240746198,1.98995243045302,4,4.375690623527397,58.071790884166525,3.1072800767039412,31,1,8,4,24.653124530893233,5,1.681791415460847,No
48,13,Finance,1.926906204941136,1.926906204941136,10.946561045763957,0.966467005725201,4,3.8975433740635794,81.84860175970992,3.4009423746521823,18,0,5,6,71.13853255790728,2,3.6307845197015847,Yes
35,17,HR,13.217564800160806,8.132102187747014,12.368008418292899,2.28081974915679,4,4.595649111971063,53.946886888146246,4.605526272353325,26,1,7,6,34.23586630703444,1,3.093311618378276,No
36,16,Marketing,6.704222122128944,0.5832263923719158,13.67040835923893,2.5677955139282393,4,4.227072038576046,39.664511127553766,3.572924029295597,12,0,8,4,18.588072682598984,2,3.525359000738027,No
35,16,HR,3.5522284493918637,1.7318030862161327,12.855067710599089,1.1279909118649254,3,4.409216117615133,70.16285211912518,3.1075041714611293,18,1,6,1,22.46035433840801,1,5,No
31,15,Operations,0.4527008493145003,0.4527008493145003,4.767883800169135,0.28,3,3.894370158741659,47.53869055013201,3.443305276799833,18,1,6,4,42.66389472320489,3,3.315358682558507,No
46,14,Operations,12.823113121183086,4.950045335189619,17.95253202059863,1.3427565177906708,4,4.713916704580746,48.043198701383666,3.4154956565814167,11,1,8,6,32.19795962855888,3,3.2117518835053573,No
41,20,Finance,0.4202745428972986,0.4202745428972986,9.312003038028829,0.6464334623080925,3,3.815547891815817,42.21867671548864,3.0685348317023986,50,1,10,2,49.80615336963947,4,3.8663777472935124,No
36,12,Operations,0.5349719183712899,0.30704992781284124,7.389443002977045,1.2040266768559689,4,3.7986921503619104,82.74882963084997,2.5753863791617926,13,0,4,4,4.720774412207561,4,3.9857090728236972,No
31,13,Finance,4.617901509945644,4.617901509945644,15.125560208055887,2.6762849301114895,2,4.798364150399113,59.20041448626003,4.116497884472798,27,0,7,4,74.75984153576854,0,5,Yes
26,14,Marketing,8.045820473166746,4.7252637912100415,12.784515773555439,2.5024242239509804,5,4.590639089703696,59.87828778949121,2.514556797261326,40,0,7,11,34.72459737273575,4,2.411792518995183,No
34,15,Operations,12.519113502780192,4.4016552496897665,12.254903727330387,0.9357469963105958,2,3.4135788685074404,74.08981542692551,4.389818054456795,11,0,7,5,30.468353611548054,4,4.066071096307254,Yes
37,13,Sales,8.209380804486546,6.169177117248775,17.759010920033685,2.7038616435758156,3,3.9751845642611885,72.2155650309852,3.4901536600397387,18,0,6,3,26.123249213028707,1,4.328162990923268,No
45,19,Finance,12.713361449676123,2.332496428161788,20.50261986262275,3.5999538983710706,3,4.210521556583995,52.697273005190645,4.0900960039592285,11,0,8,5,14.733072078089602,3,2.3037125972863004,No
27,18,Operations,6.876934677190842,4.552177618290335,10.542111323166502,0.6295281878625355,3,4.625256726947045,54.09052920376288,2.803546746044047,60,0,10,4,43.31760246424111,1,3.4351617922829845,No
32,20,Finance,4.752245500752366,1.849854453224087,16.848204291366706,1.2588457055156648,4,3.08601329438356,44.96566629408014,2.8935346713892733,20,0,8,5,10.293674879672242,3,3.7464114244485027,No
37,15,Technology,2.2198548633442265,0.3613391459791082,11.076617613784329,1.4963658645160132,2,2.6043920264876195,51.53184402886488,3.028885590551204,27,1,7,4,49.52766718046648,3,4.237117346080261,Yes
24,16,Marketing,14.692728144845153,4.026020196598722,15.663497226235235,2.13578336031113,4,3.5948598925492385,57.45711400660851,3.92343572458529,17,0,9,6,12.002214608187352,1,1.725987403967707,No
31,15,Sales,9.221797819820358,8.216750984520338,14.473775818394266,2.2419190783284386,4,4.239266156275692,62.29578261752581,2.208758683743288,64,1,12,2,15.192736090814066,5,1.2651035588979127,No
47,16,Technology,7.255694321285708,5.540689240383524,15.890355591404841,1.9520570184743782,2,4.074495223972006,69.2049348592245,3.465908785806749,12,0,6,10,39.19561099895079,5,3.0400618032671964,Yes
55,16,Technology,24.299672054818473,5.103687691210552,30.45717898757488,2.7846172795472244,3,4.000319063725986,73.99417676929087,2.301992409445359,43,0,12,5,39.82551347613361,4,3.359602350362551,No
36,18,Sales,0.90541227543026,0.3,8.830955974376256,0.4734416746130083,4,3.701138057285103,49.83328608376022,2.5113001545128917,51,0,12,5,13.64203115431657,0,3.515327267085761,No
36,18,Finance,2.072619581217938,2.072619581217938,6.961769357498195,1.0818956610750086,4,3.403958132086176,65.29950935685294,3.885552419037895,19,0,6,5,39.92980268693853,1,3.3906867580986515,No
28,16,Operations,7.234809033811701,7.234809033811701,14.500671254345633,2.237528346729201,5,3.7043063193487193,70.92486870521076,5,79,1,11,2,50.57431379903516,5,3.9080632117061107,No
32,17,Operations,6.225437535041706,6.225437535041706,9.000572584273753,1.56771591352897,3,4.108547076461899,67.29256845958967,2.917102863181119,14,1,7,6,56.01659220414507,3,3.7905258583132615,Yes
35,15,Finance,0.3,0.3,8.44582541208693,0.6091686787099408,4,3.398703993408164,56.4508351724005,1.2909722930702217,49,0,8,4,9.755029819131572,5,4.463611023804443,No
45,17,HR,1.2794467752953642,1.2794467752953642,12.393085553780727,1.3941407722101402,4,2.7289279025326065,76.9611847536032,3.7118558166853126,36,1,6,6,34.003091516728105,5,4.423369368503233,No
37,16,HR,7.8383107215104095,5.123184304030312,12.446294877635012,0.9024783172282357,5,4.30092067097293,38.45595426652654,2.9912915671991094,28,0,8,2,23.64531863194056,2,4.227768054172442,No
31,15,Technology,5.539044021465382,5.539044021465382,10.183250016772051,0.9697783468419903,4,3.292157260990958,45.01058081734564,5,24,1,7,3,22.210147758845274,0,1.7725067335612503,No
45,18,Operations,0.4596915088767476,0.3,8.10089868938,0.817552769323591,4,2.2930636601944827,81.62071746249504,2.870946033991785,55,0,11,2,11.672484807446661,0,3.8941399695287013,Yes
29,13,HR,1.0619403781005936,1.0619403781005936,7.3935395892264175,0.6175551519947523,5,3.7680111327532284,66.28375746895789,3.0810357445730427,29,0,8,3,16.325307379424366,1,2.3808618201848732,No
22,17,HR,3.325010315640796,3.030125407931746,10.26200536757295,1.152132831242877,2,3.9963825510722852,48.73406712860165,2.515974741627127,30,1,11,6,23.29135112561071,4,2.7884115247999195,No
40,20,Sales,6.782647046496424,6.385899919853215,7.765455150033781,0.9873302226708456,3,2.429870338343636,69.3047033696,3.466664176646837,12,0,7,6,19.542752711788104,2,3.249155403258582,Yes
41,15,Finance,13.053375713990217,5.515810581510224,14.398366792880012,1.2128060253904829,3,4.342872801097362,52.464369184082614,3.175524613585194,44,0,10,2,12.548489266239638,4,4.444372840159485,No
21,13,HR,8.940455198026896,4.9084105648993255,16.090778951793748,3.0309715405854143,3,3.7684773765999573,62.610737914044456,2.7265067922476276,17,1,5,5,22.596392939311027,2,2.839059078863426,No
39,16,Technology,0.31367635282015816,0.31367635282015816,9.590436460998033,1.270152995650914,4,2.485060274407701,70.34969966773116,4.317891934282857,35,0,7,2,24.240000862681615,2,4.5854869630034365,No
34,18,Operations,12.922083812726214,4.376624614518185,20.182327386881877,2.210996563168329,3,3.5711787848365653,61.8274070557022,2.501335735528559,33,0,7,6,29.77034333846175,2,4.492247379324235,No
41,16,Technology,10.651373499527487,2.570881725702257,15.142455092080018,0.7533778266146277,3,5,46.74718480610122,2.2788940976346046,37,0,9,2,11.613934368898066,1,1.5660040894924159,No
39,17,Technology,1.1956922580483638,1.1956922580483638,8.845112761302842,1.6740131246646648,3,4.185485560366382,45.05661671895666,3.5909456314031707,14,0,3,2,15.589303026838472,3,2.6860380405570674,No
35,16,Finance,2.5287837743024415,1.5156777453223211,10.511912440081435,0.5897857895566347,4,3.6022021459838256,69.27733648570589,3.5098690287956393,41,0,9,3,79.86398547907709,3,3.751323788520377,No
33,14,Sales,7.8802935547032025,1.5931880416323174,10.839126863068735,0.8400181662020904,3,2.9743613290019413,51.43718623181733,2.2864495335648387,30,0,8,5,12.96994138253812,4,2.7268920535497383,No
35,15,Operations,21.183142147419066,9.965606970400495,22.38004852656845,3.8326422520432097,5,3.5143778378556605,50.356278063594544,4.423955925489653,54,0,14,7,32.25614939276496,2,3.779582562675031,No
42,19,Sales,3.439676673472556,2.3646867398167712,8.163266449829631,0.7331997269089708,3,3.413433670426811,81.5774124012055,2.9897463039653887,21,0,5,7,11.199330917263271,2,3.872932336633609,Yes
52,17,Finance,3.644858312477582,3.644858312477582,9.398570190759953,1.7918819935577655,3,3.910481615670378,61.85248500461714,2.78958050572178,22,0,4,4,48.43855998266112,0,4.415041353356795,Yes
34,16,Technology,4.825490568180784,2.796079787993872,9.844579006699034,1.902530843940146,3,2.5547618955798304,51.67725921484282,2.002788782180688,19,0,7,5,39.37513851036916,4,3.9133105065281857,Yes
33,19,HR,0.49003786358699813,0.49003786358699813,7.829305524634175,0.6550665035624352,3,2.394115052723117,58.709848156566565,3.398778639402018,33,0,8,6,51.606769263494485,3,3.9799412887590684,Yes
36,14,Sales,0.3,0.3,8.880047922827993,1.2560295160764219,3,2.498016374083932,61.4505406974475,2.89115921066813,7,0,5,5,16.276371864231635,1,1.7673768705547495,Yes
34,17,Sales,6.988276421738875,2.572799507106012,16.10568565716955,2.8243201877989783,4,2.975851898895529,70.73715879948212,2.903249252871949,12,0,7,2,22.9901893388323,0,4.093563062850255,No
35,20,HR,9.515704703162564,3.7398461855314453,11.969288149795885,1.2672210983859873,3,3.021629328972653,49.82032798376676,1.4869952304325416,69,1,15,5,12.345274722520282,0,1.7929062267817344,No
30,14,Operations,5.834279797615559,2.6659110386320095,10.133964933956337,0.6068879902520019,3,3.0256081286501457,53.35155168302215,2.057727226504464,22,0,7,4,80,3,3.231853837792037,Yes
31,16,Finance,4.933092949047837,1.0647713327731032,7.5365547985303145,0.9946249585914192,4,1.8864866155519493,32.07280878311801,3.390313139605783,38,0,8,2,48.97379985842997,2,3.02924584191079,No
34,15,Sales,6.117207124499294,6.117207124499294,16.530135446568924,1.5220737825940962,2,3.499282834547985,65.36245411372569,2.524301076240049,64,1,11,1,44.94487708941893,4,4.980012263830751,No
37,14,Technology,4.865933937275121,4.865933937275121,7.994152047366043,1.311137009452737,3,3.9818194653829613,63.57597758915,3.7052441655137165,32,0,7,5,29.45489965989185,3,3.56085888722931,No
27,17,Marketing,0.3639873015344462,0.3639873015344462,6.493332688189168,0.2971949285840387,4,2.720620423602845,48.959042644882636,1.39330233828614,34,1,6,5,20.4289407539626,1,3.004031736264235,No
43,12,Finance,3.4293196377652255,3.4293196377652255,9.139228979809443,1.166521192245857,3,3.6214973323957094,50.456004973484895,1.6853420055905906,42,1,10,4,7.12300052783402,3,2.2685005723617504,No
35,13,Technology,7.659048728241272,5.030832627538376,12.037750473370194,1.5331562966397998,4,4.922118583169442,74.3073833672852,2.770677646041165,82,1,12,5,15.747463861316167,5,2.935583125536692,No
26,18,Technology,0.3,0.3,6.1366077163062895,0.45846722371787424,3,3.197383017056464,55.34343323908467,2.917727159947368,9,0,4,2,7.422858262172937,1,2.6570793471745002,No
35,17,Marketing,0.9619837375838864,0.9619837375838864,7.750225255112299,1.3255818541441333,3,1.3166902250052115,83.0816221462822,2.484587547860296,15,1,5,1,16.80595946213337,5,4.6563253361622365,Yes
35,15,Marketing,0.9895242823151721,0.9895242823151721,10.483190860460372,0.5596262250698446,2,2.803299824178313,65.00726606317161,2.8869533541920305,15,0,4,5,19.536439230163385,3,3.135559624787146,Yes
29,18,Sales,5.507434215988365,5.507434215988365,8.607116820859044,1.2400348519820708,5,3.2919968440754137,46.104043751910964,3.7966531153390095,40,1,9,3,8.720209260321889,4,3.3252597205461263,No
21,19,Operations,1.3946555483643055,1.3946555483643055,8.66054273277969,1.2178336608614408,3,2.0933826733136542,76.14031289926203,3.1853989810064154,44,0,7,6,52.73192120041298,5,2.7378228094581045,Yes
47,14,Technology,1.2177941100037255,1.2177941100037255,9.922383081957909,1.8794076392526307,3,2.5083301756501504,70.81166137542567,3.3001889765558015,15,0,6,8,30.32712538389968,2,2.7310819050839465,Yes
41,16,Sales,1.9204060786136934,1.9204060786136934,12.84238827620249,2.389380553546348,4,2.294602526047524,70.09342737793533,2.6826385536429016,13,0,5,6,26.689140599435245,3,2.595605112533914,Yes
40,14,Finance,10.264587630987108,4.787191162829737,19.586656245212495,1.2989289191077549,5,3.1128997959854607,67.88556056367455,4.696928399159673,62,0,8,2,40.86830256817805,0,2.981732122131221,No
44,13,Technology,9.525199093710674,4.941714102882291,11.571413457113447,1.8738979281778332,4,3.786068352734093,84.15977345616473,3.986137728152996,7,0,6,3,24.481934668761998,3,3.7073678266111956,No
22,19,Technology,0.5172084048502319,0.5172084048502319,7.6409316695921365,1.3184706932260646,5,3.9222782970772845,90.72702068662079,4.5897389412072105,31,0,6,6,29.079849673708793,3,3.1593612130125415,No
45,18,Technology,4.877893296183186,4.877893296183186,9.140236884325443,0.5537905493091267,3,4.229416069569151,74.3149201732178,2.005625548461872,28,0,7,5,24.735143723710667,4,4.5761815306909845,Yes
40,12,Sales,4.638019782344361,4.54008053305025,14.761616278761961,1.5036321742088772,2,4.096436244980398,57.610308760570064,4.99783291044958,45,0,10,3,15.212338188079084,0,3.617367140305651,No
35,20,HR,1.8750179227255626,1.8750179227255626,11.727083648345502,1.3213095455189017,4,3.9234265002211868,90.60705630996202,3.2669107955187724,46,0,8,2,17.323680214829334,3,1.6609026431740708,No
26,17,Sales,7.001221843523694,3.3053491044654786,10.810322966624213,0.6432807851061434,3,2.6846528793603874,44.1838950192591,3.302732955370749,25,0,8,6,14.167539418132918,4,3.9872799626851565,No
49,18,Operations,12.637208553261702,3.4388857864068867,13.799710726615052,2.5100471186064723,3,2.3767933696034937,59.14854598155085,3.5283733338896606,20,0,7,3,32.643423572592305,1,1.3378342745263831,No
25,15,Operations,15.815115394234756,7.922623283104581,24.449419020374542,1.858933099035346,3,4.188429204581925,81.65143013283173,2.396351762585147,21,0,7,2,36.93729544738981,5,3.4551749661849587,No
41,16,Operations,8.659015874603991,6.666240194564465,7.603289529284331,1.3624082102895807,4,4.4204926355473875,61.28532091124832,2.5894468821969516,8,0,6,8,22.101179955772274,3,4.048923444188898,No
48,14,Marketing,0.7612852948070902,0.7612852948070902,7.043717561555875,0.8009932100254804,3,2.095703708606083,44.70715659336741,1.8832815098964697,11,1,8,5,80,5,4.535677257642228,Yes
31,20,Operations,0.7761611524738641,0.7761611524738641,8.945110214733946,0.7018285682425105,4,1.7066037220004113,52.50279283115831,3.1087026801515503,18,0,9,0,64.73830850075488,1,4.001340769481549,Yes
37,15,Sales,1.904910867755776,1.904910867755776,7.90622773053678,1.0869582619202955,4,3.2041595651670236,34.88385820196438,3.081923735558841,17,0,8,4,80,3,3.9353978607651205,No
22,16,Finance,4.163422798909775,4.163422798909775,7.82174905114047,0.4383063914590693,4,3.2686912722208508,68.9855413668728,3.9978543762309715,34,0,8,4,16.579134096958782,0,3.8032770667536595,No
21,17,Technology,11.929045254352593,4.106243956758944,14.605897893558183,2.6853374618526225,3,3.5036547089733134,50.77907127804312,1.902334977783731,15,0,10,2,54.262415329302755,2,5,No
21,13,Finance,1.257317698677701,1.257317698677701,11.85813812397829,0.6144989977601528,4,3.419041867644985,68.06772521392034,3.2977300231604403,36,1,9,4,36.31993888785127,3,3.749565906620631,No
37,16,HR,17.686091963789643,5.869526925223034,27.303972620443826,2.6885992907486034,3,3.8151382301631678,59.382861759678136,3.202247330509595,18,1,10,1,11.791284616086521,4,4.6994474062468905,No
21,18,Marketing,0.9974009011457142,0.9974009011457142,7.210505700382183,0.6730258952604089,2,2.908513895030952,60.63766280428145,3.3773423166032175,11,0,6,2,4.00209137547551,4,2.74728250872805,Yes
31,13,Finance,0.38652999198230276,0.38652999198230276,7.376935858359556,0.9071210976317863,3,3.401832669400439,40.85413589724639,3.0866643924199835,10,1,6,2,45.787354673101845,0,4.9919998655728275,No
28,15,Sales,5.485271099950679,4.78647418872164,10.836904480761252,1.6245123065697142,3,3.0722603026155717,59.66661516699051,3.392456910722308,24,0,6,7,9.923857277944846,0,2.2773329432206793,No
37,14,Technology,3.288305054904017,3.288305054904017,12.843389013221424,1.0445583674596712,3,2.292093973371945,60.85876027321493,2.6139474808986605,11,0,6,4,39.407212937897874,1,3.1444694006994234,Yes
21,17,Sales,6.894967951578925,4.377915081754791,7.854289500697322,0.6155105205086971,3,3.7994968808786345,61.988193994171624,1.4035157901991153,30,0,9,6,23.812712871921644,4,3.3915556361902013,Yes
41,18,Finance,2.4116431743648232,2.4116431743648232,8.221357908990536,0.93380112247475,3,3.4047855110703336,47.71531389262427,3.993814203279363,15,0,7,6,25.958933020916902,0,2.5046362418696746,No
39,13,Technology,23.55282319742621,10.799313281855348,24.29248224648146,2.0296956253130363,5,3.706816455049506,73.9373216401389,3.912790695434461,36,0,10,4,2.2323490373863177,2,2.583611531214035,No
42,15,Sales,7.305149267770041,3.796269025882544,13.695195962484943,0.7074132502543748,3,2.9641553192674186,74.76370378822068,3.810239489061886,41,0,8,8,38.323572379804695,5,4.424494535801082,Yes
39,13,Technology,11.748332026782442,4.5026445457652065,22.97897185960953,1.19754171361451,3,4.995659973541968,46.7787568233854,3.2256259463845245,26,0,8,10,36.077270341815705,1,3.9870465459908764,No
38,16,Operations,6.470662921037477,2.7098674179734985,7.9476963472700115,1.2883928369517952,4,3.7069951215703703,44.48209489118017,3.002430791981708,20,0,5,7,27.48654334856438,4,2.6254867234830397,No
28,15,Technology,7.995056791865739,1.035560778406686,14.844113234312621,1.0073759966026248,4,4.005856763314022,89.47030996328195,2.415320077806915,33,0,9,6,32.884112114613025,3,3.1354291307718953,No
40,15,Technology,13.611942121696961,5.077961727972791,20.120870030894245,3.827578770697524,3,3.1872894578444253,57.29864479010953,3.1217204861211347,34,0,13,5,12.034503713083195,5,1.3435191640987774,No
42,15,Technology,7.3065444200782075,3.930721171363775,15.604360222947127,2.096833871623419,3,5,67.72958133774466,1.893652727039281,27,0,8,2,62.05723482908797,2,1.9872064086675931,Yes
26,19,Marketing,12.500574870252231,8.171577823782911,14.134628573775936,2.547703436812489,4,2.7223896147194524,75.25106026014761,2.9219603388418967,50,1,9,4,17.247537939130414,2,2.898276847252438,No
27,17,Technology,0.3068164157033578,0.30236227651576647,6.860401348218647,0.45871068632385986,4,3.8893562164633604,61.59335973329817,3.9884034354963678,35,0,7,4,14.664536225431322,5,2.5564600009539356,No
45,12,Operations,6.806176537192387,2.4233327444681243,11.538665232295319,0.6271340323353759,2,2.32056121565447,53.072735454997705,2.5232881370559506,47,0,11,7,19.70798674732507,4,3.8263606788190954,No
44,19,Operations,10.76218932476893,6.843942247395212,16.36921562368977,1.1409629161591401,3,2.913887426942055,74.42904619189453,3.19898156644501,11,0,7,3,14.028528852447057,1,3.471894787981022,Yes
26,14,Operations,2.3818754946548086,2.3476278232510532,11.919329632731435,1.615186701137202,4,3.900494393390435,64.192363319491207,3.7854097244670184,43,1,9,2,30.387926463655027,2,3.501928760036146,No
44,12,Finance,2.053363697190844,1.9904097308945319,6.0400843147925105,0.6687848930122311,3,1.8901334585426237,54.10626990492506,3.195812248375057,20,0,6,5,30.709403444648494,1,3.4556185084206112,No
29,19,Operations,9.598331768623565,6.755519847198215,15.609077695216918,1.5963859109121306,4,3.7217157412796102,61.68850318010471,2.683314848906995,58,0,15,3,28.687766170412242,3,3.355047496127081,No
40,14,HR,12.74762652020629,5.900541533972437,19.49441588152666,1.6115863952822946,3,3.5070409198401626,46.070782463731405,3.313450625561922,20,0,8,4,27.66717022428753,2,3.560230323096388,No
39,12,Sales,1.4323453836389117,1.4323453836389117,14.108618292582172,2.745948928062828,4,3.2052893341239113,74.24718526057703,3.0840069249021727,42,0,10,5,26.331716005494698,3,3.2133121776532567,Yes
24,18,Marketing,14.10185174955962,7.630140512994839,15.6821705890557,1.888323199969654,4,1.889802740795076,60.75135398643888,2.3849986774520633,24,0,6,3,57.50535056734719,3,3.404817142937531,No
32,15,Sales,11.561336873765399,3.1545592693213447,15.198982201273626,2.920685713664851,4,3.9893500822514625,38.75343772016659,2.620923916505361,20,0,7,3,19.240654051045343,4,2.119729026360202,No
44,14,Sales,3.85313923262479,1.0914027536536313,8.588222923902949,1.0402299066461438,4,4.107638557461863,59.022460630678644,2.870852976744816,28,0,7,5,15.770194293026696,2,3.618206513934422,No
36,16,Technology,0.5591014280578976,0.5591014280578976,8.10511062650756,0.8083795063602903,4,5,46.76934393694662,3.625998026288075,55,0,9,4,11.75596426928463,0,2.4549065894594175,No
42,18,Finance,7.934393365484571,3.525389087511752,15.6992738418073,1.0940553344229969,4,1.4668035434243545,48.338212693554546,4.575231721180299,19,1,9,5,74.27792510496718,1,2.386749593411279,No
31,20,Finance,17.994257137901432,7.941383021562132,22.532064191268535,2.2124378297016634,2,2.7096398012916314,40.96574887014036,3.8002653006264793,44,0,13,6,28.75658564801803,1,3.027500394469005,No
29,19,Finance,1.359273010342461,1.359273010342461,12.625097616760355,1.3015236229565303,4,3.6074718161895323,55.02484910732968,2.7060388093906944,36,0,9,3,48.61468894315058,1,4.724047152499623,No
39,18,Operations,7.473932288190224,6.472523368103004,13.870565690391857,2.6888897935052958,3,4.19210045091448,52.65190388425385,4.593191116738909,20,1,6,2,20.52287754407467,2,2.72569309441739,No
28,18,Operations,7.9393948734721125,6.835791745514242,14.042372915042435,1.0425339039951407,3,3.5983281799995352,44.19342342469787,3.492261961278597,17,1,4,4,14.783097590033254,2,3.1292147137311415,No
49,18,Finance,0.6664946516833508,0.3,7.214078671958646,0.6734020591998657,4,2.7080158640182765,42.632270836728544,2.8243744111631703,21,1,7,3,10.6941601782363,4,2.29496575652777,No
29,17,Finance,5.187167366603794,5.187167366603794,9.074764193912797,0.9656299836081041,3,3.0920976574431416,72.46883348827555,2.39526000976936,19,0,7,5,33.566326488646965,2,2.8486790474033525,Yes
38,18,Operations,21.686784508900406,5.005551576308286,28.233744641428004,1.4723189466126627,4,3.4047887956318683,58.555975484533974,3.793345135847435,23,0,8,5,24.956194751219183,1,1.8846212399773081,No
40,17,Technology,0.42716622033872675,0.3,7.205789167220339,1.3078163368907543,3,4.192302501078716,89.04263938388995,5,23,0,5,5,10.82220076686248,5,3.3409460491786303,Yes
31,12,Marketing,0.4359108654072535,0.4359108654072535,10.75486562202792,1.8896406211995633,3,3.18240076799079,73.66604683844561,2.1873769851294105,36,0,8,7,16.82877305080132,3,1.8832851238568717,No
37,12,Technology,1.0148564057804303,0.5535460096965058,8.974629800205182,1.0803371943731312,3,2.5918879942942934,49.51790763027079,3.200320833110058,12,0,4,3,11.59195457314428,2,2.0196379000757565,No
26,17,Operations,1.4765825903835466,1.4765825903835466,7.426602687303846,0.5325264717731804,5,2.699006930374967,57.19769467786944,1.0073648191882423,17,0,5,2,19.304513238642553,5,4.982252792714017,No
41,17,Marketing,4.500164833990183,2.833993916000384,8.762272495265865,1.5514619087564088,4,3.299105163054315,62.81670844190012,3.0937236031393547,24,0,6,5,36.08639176721467,3,2.125844217756782,Yes
21,18,Technology,6.210979825836344,1.5933470044373914,13.408245804429722,1.8069075273491002,4,3.495675436778161,54.83312250125265,3.3107001447740387,23,1,8,10,12.954706839089134,4,4.9943536313146915,No
48,17,Sales,5.054917011697733,0.5195926048132392,15.804472277859048,1.8481532461774595,3,2.73210351925955,72.71430759471214,3.420830612272005,33,1,10,2,15.99322028614126,0,3.3984597133269685,Yes
31,16,Finance,0.5224183274028901,0.5224183274028901,8.462074771246302,0.46889959199486053,5,3.3718371344570834,72.41594571056861,3.594626975071003,21,0,7,2,35.602204937759154,4,4.582534297163507,No
29,14,Finance,8.134902811864832,2.151402146112771,12.703419412265362,1.6200035372773218,4,3.3150515789086303,48.66374644484288,2.08663384878489,18,0,6,3,79.75392734643138,5,2.5649862562217356,No
48,15,Sales,9.690744986410627,4.408013484376873,17.026535467575933,1.0351386245560106,3,1.0792900639853817,53.918263168498115,2.4695890796305373,20,1,7,5,33.38456885022353,3,2.766315953694256,No
46,19,Technology,4.149745512408526,0.31695477141428696,12.169746645038687,2.417623980549185,2,4.001261636801277,44.56680987342322,5,44,0,11,3,7.270209023628444,2,2.611033353553969,No
36,18,Operations,3.9605349721555223,2.5806374691939937,13.449399422243017,1.448660327599174,4,3.2062638043878695,41.084069513347224,3.401922390845021,14,0,4,4,66.79256329061974,1,4.088470954872468,No
21,17,HR,2.9752110449076943,2.721130449155776,16.756513797352685,2.913044481026945,4,3.7234931278463854,49.24796877725518,2.1031836395242345,24,0,6,5,28.648231890667915,5,2.1664938267755023,No
21,12,Sales,8.706192832532512,5.2644289013001195,14.086979343626274,2.069807570507591,3,3.9116184367357936,64.72775677900968,2.1033560130950337,23,1,7,8,41.257127189781066,3,2.668897509653823,No
21,17,Technology,2.556308384220831,0.3,8.726001887370664,0.8147037183564464,3,3.4904654208082104,67.84206925955554,3.494661368095575,15,1,6,6,64.36084657764984,4,4.395991308508928,Yes
37,16,Operations,6.856021907387378,3.2254858273801377,14.525285204262891,1.9234175055671132,4,3.214644033011509,82.57678105513335,4.013567691410185,21,1,7,3,38.98418940412389,4,1.7381211372491483,Yes
27,16,Technology,1.1835971549892703,1.1835971549892703,7.949823885223774,1.180047753666299,3,3.391675109379894,71.94155808189723,4.711355059418785,38,0,7,7,38.16815576718876,3,3.4337632037502686,Yes
35,16,Finance,0.3,0.3,7.621542230073216,0.5537650680841572,4,3.007250939333684,39.56693672460617,3.49398178714624,14,0,5,3,79.9370277104737,3,3.249938428929293,No
26,19,Finance,4.047574773087078,4.047574773087078,10.45090674030397,0.670342489710362,4,3.0888476542653276,41.25137896318108,2.8817520158568812,21,1,7,6,70.49866440036372,2,3.9446019797657446,No
34,18,Sales,1.7660191800732523,1.7660191800732523,5.636089169346594,1.0823301164996697,3,3.2964476660072357,46.88722950290878,2.8325385656319684,41,0,9,7,55.08288084269427,4,3.0701409710662038,Yes
33,18,Operations,2.6385453934979832,1.401304099130303,14.341745619501937,2.1699194914964095,3,2.8889297269535468,36.60790510567461,3.203519960609429,33,1,7,4,49.91657068601319,1,2.679722929782093,No
43,18,Marketing,2.0663458664927217,2.0663458664927217,12.658118125611585,1.62654600169128,3,4.995933550653863,58.101753212652405,3.6950130167574153,16,1,8,6,9.301014756850918,5,3.6468835469642467,No
37,16,Finance,1.3088652258573779,0.38633325026849025,6.71781751750924,0.4026465965817734,3,4.5086405248523445,52.04278760640266,1.889450866439606,72,0,11,7,22.998745413838687,5,2.9235099178791524,No
38,17,Technology,0.3,0.3,9.73264696710895,1.385202246735239,2,3.1912408343989713,76.39211017182036,2.980873637380245,20,0,5,6,30.59507324875286,3,4.957816277140247,Yes
37,16,Sales,2.920648508583125,2.920648508583125,9.437030017871221,0.6445693689988269,4,3.008426775606755,70.2999545775993,2.9880416740058515,40,0,8,3,12.609113456815086,5,2.203831354184456,No
51,17,Sales,0.5995108042893933,0.3606166335384386,10.607019286672417,1.6151592790732376,3,4.108045025143718,73.84033451209837,2.006928608703143,30,0,7,6,78.41439441717814,0,2.422372919981171,Yes
34,14,Operations,1.2296613073044618,1.2296613073044618,4.6067742549164,0.6023246651523625,4,2.3255153909815975,72.29893853728336,4.1975975562272625,34,1,10,4,21.644710542362855,2,3.797095003490943,No
29,17,Finance,1.9552897490456151,1.9552897490456151,10.20214558553015,1.8825107697232053,3,3.015188598815914,48.255517899319536,3.2361479751342643,18,1,7,5,35.60709418493337,5,2.346279355574606,No
39,19,HR,2.249671718642009,2.249671718642009,8.595330912341263,0.5071783557721254,2,3.487282127555579,81.46280159343087,3.199934956677467,84,0,13,3,24.260162047920225,4,2.336279950223915,No
39,18,Sales,1.109269831963911,1.109269831963911,11.61771927102158,0.6164072845315351,3,2.9974884627916416,63.844355835007775,2.6764495323937982,36,1,7,7,37.279804419820564,4,2.4719435480112844,Yes
25,16,Marketing,0.7919200817783493,0.71139405564119,10.950605131253896,1.7305751553872526,3,3.5981715408912502,60.270279512098185,2.8776166824017357,18,0,4,4,51.55562909124378,2,4.687823962580664,Yes
37,18,Finance,1.7798250534120243,1.7798250534120243,12.715080367430682,0.6788317825113267,3,3.816300462050511,45.61571255782557,3.68960205576357,36,1,8,5,13.077294393357114,5,3.792692905773742,No
41,16,Technology,16.135427503455055,9.06387594734354,18.752117279633236,3.5397245809682123,3,4.007059200149646,75.99038653776928,4.512003418597577,8,1,6,8,11.218672571149533,3,3.9603916790455216,No
31,18,Technology,0.4204360759211234,0.3,8.230797459474989,1.6222402153134916,5,4.285890625389427,73.38158701658243,3.1060633252899854,37,0,8,5,37.99000391679169,0,2.879149500337235,Yes
40,12,Marketing,0.3,0.3,9.212895189292816,1.7603643728205074,4,3.8087325442727766,63.924739406395815,2.722987004871069,69,0,11,5,35.39134961957774,2,3.0000371707471665,No
51,16,Operations,3.6476923179055234,3.188436320585848,6.304818234122701,1.074529181500249,4,4.173267999481897,48.30741296369419,2.9805755642916494,82,1,14,4,9.62138121168663,4,3.915123839575518,No
28,12,Operations,4.036926880793474,4.036926880793474,9.709805752993553,1.025909240694982,5,3.181004854952894,50.32346305173335,2.287732665280625,75,0,9,7,39.29687219128515,3,1.8867609651352104,No
22,19,Technology,2.239164900558289,0.3582811412344718,8.079311873376048,1.189673604771129,3,4.391857493458935,59.477721412302124,3.1111312109225184,23,1,7,7,28.55532457438615,2,4.332375407567711,No
54,18,Sales,6.954469922547744,0.3,8.434251143882618,0.5016301730167299,4,3.595896611133414,61.585239971601155,3.303506546466126,21,0,7,4,19.526448223997306,3,3.371766659631722,No
27,14,Finance,0.37974519464820694,0.37974519464820694,6.87894919012506,0.9725499245617792,2,3.572003402705065,42.26797264386764,5,19,0,7,2,19.264169525307494,2,2.6466687496705306,No
27,16,HR,0.3,0.3,8.230114655071528,1.58836508379344,3,3.807238202078949,66.23701480902456,3.113822516264645,35,0,6,3,17.08364090639583,4,4.816448913302055,No
23,18,Operations,3.9059553960268167,3.9059553960268167,13.077684378689929,1.147897045415386,3,3.393618345686908,68.80228983180392,1.686114794027311,20,0,5,1,23.846462436647514,3,3.1390888623401048,Yes
33,18,Finance,1.1675805087605269,1.1675805087605269,5.418856078941114,0.6423113564047568,2,3.1055888905028746,56.309422388708114,3.0166992727270046,25,0,6,3,19.391021107666337,5,4.281094886904313,Yes
40,18,Technology,0.5527271816139301,0.3,9.321987778289515,0.6234005120656023,4,3.575172498045072,35.468936348125006,3.5131932796329215,7,0,7,7,8.855027733188457,4,1.5069461331783773,No
36,13,Finance,4.268684973434115,4.008977978066817,9.909302934070034,1.461949592004155,4,2.6855952076271667,66.48766352505598,4.215850985677202,25,0,5,3,18.89350109714365,3,3.765444781044171,No
33,16,Operations,4.514031817470557,2.985519747422256,7.038374439103,1.0460894723484626,5,3.9959025238160852,57.59610138032403,1.8864751692066493,7,0,6,6,50.27484702798741,0,3.701828884728744,No
28,17,HR,0.30424701625084816,0.30424701625084816,7.127263347797482,0.8357811521255233,2,2.890193042055732,30.398279116615846,2.809611567896241,31,0,8,3,16.6453479112192,3,2.3586227743790036,No
35,16,Marketing,2.437404476834173,2.437404476834173,10.352079491481382,1.5976255963523636,3,3.9852498661450726,30.017388778508636,3.413859010467881,38,0,6,6,32.553515949471,1,3.0685171667602713,No
36,16,Finance,1.3030811322164217,1.3030811322164217,8.440489208013421,1.6929785966463793,3,3.6849817757315675,53.572915294826906,4.10574192773433,12,0,7,7,45.33623891564695,2,4.802232460215669,No
34,20,Operations,3.530494286872661,0.3,9.093404602480847,1.5884548612834284,2,2.9382433862409085,21.932819722113866,2.299162696667358,32,0,6,4,44.585812044897374,3,3.3803322366824036,No
36,17,Marketing,0.5734122935590674,0.5734122935590674,8.247773137133906,0.7441430378623091,5,3.62434642287386,65.46963449581955,3.22300839122658,39,1,9,5,22.39673734946334,4,2.105789230463293,No
36,15,Finance,8.426855445047227,5.448620607533244,9.636242682008108,1.3013338401177819,4,4.601618219893043,52.93621457509908,3.212054839806462,19,1,5,3,11.404890795219936,2,4.165508225873928,No
32,13,Technology,4.0644495195608865,4.0644495195608865,11.000325184892302,1.6787956686802092,3,3.2046743752426687,76.56398738179874,2.972331819663366,13,1,6,2,44.13595776681125,5,4.270194314007389,Yes
30,17,Finance,10.855846514977973,5.600344862927661,16.950072305296974,1.6303261326427516,4,2.898915071828357,65.452370056254,2.9032892675817172,21,0,6,4,32.77155353314789,4,4.504415215183395,No
32,17,HR,9.248227806698958,2.9793121524927875,13.229844638477697,1.2470811672324884,5,3.8014625216876987,67.58681041914116,2.9121585789941826,32,0,6,5,48.247371142472176,3,2.3239739770951826,No
35,14,Finance,1.6572053561368447,1.126029849104182,6.822596656272405,1.2226910910348414,5,2.59118585224769,47.14603190494787,3.1987715759292175,17,1,8,7,8.265994142944075,4,4.309238344003897,No
21,16,Technology,5.6753633427620285,5.6753633427620285,13.110096139804279,1.6627221364434637,3,3.1859371074290928,70.66046282384066,1.3865659720741104,28,1,7,8,31.01087736353568,3,3.7894219910773175,Yes
21,15,Sales,3.128884958920417,3.128884958920417,9.475432907488782,1.6981914602323762,2,3.926316512538321,89.17246954978037,4.305110408881759,29,1,9,10,34.667829966610284,5,3.7295829001759264,Yes
48,14,Marketing,4.601528757958946,3.0978468954428195,12.795653769901172,0.9513517400053952,3,2.715322034873121,64.81923344103902,3.4987044761135766,37,0,8,5,30.767375045474836,4,3.408216398686951,No
41,15,Technology,2.174253782400577,2.174253782400577,10.274370382624628,1.0083941318089613,3,3.8117399999776387,52.68194744929986,2.508971442970656,18,0,6,5,13.438534935857001,1,4.12232074276899,No
30,16,Operations,7.258866695589721,5.632669310584783,14.544649698585289,1.4121352332099202,5,4.7936967749597175,50.64463738588546,2.604234483196056,49,1,11,3,75.11164892633056,2,2.3039460137776726,No
40,15,Technology,5.974677810187269,5.974677810187269,10.85602889959533,2.1140677242080343,5,3.601208060853022,73.1061002663432,4.592813995634526,34,0,8,1,15.243767896661069,0,3.1842778220897188,No
32,17,Operations,7.69933951469864,6.304952889727178,9.526706216525008,1.1434004729303515,4,2.7016862676218034,40.37242684592216,3.102173067532225,32,1,7,3,40.253471173530315,3,3.8702086615386238,No
50,16,Technology,1.9055881305875286,1.9055881305875286,10.031178580513785,1.6391585275698832,4,2.299509015131982,49.0016466619878,3.195392660425264,43,1,9,4,22.31073038208793,1,4.771632203258225,No
30,15,Finance,15.379853085114199,8.88151718366075,24.807353108867897,3.5188782863046106,2,3.0755314434807937,48.53002259212933,2.5074230099756463,19,1,10,6,30.817283342451123,5,4.187262206386796,No
30,15,Sales,2.0825510668054514,0.337744656533594,13.910049712062477,2.212311626293104,4,2.4231243213205746,80.05489669663447,3.7049078452520425,43,0,9,1,41.70928059340263,3,3.0615832427581355,Yes
27,15,Technology,1.8925615283961212,1.8925615283961212,16.043547769257607,1.497612864487371,2,2.7853202603178078,66.52527080176623,3.391328909155345,21,0,4,2,27.162192983852147,4,2.4994025362617283,Yes
42,12,Sales,1.140135187018546,1.140135187018546,8.637441799934132,0.879546446315408,5,3.8591080717111064,62.112077541374305,2.789913356900657,36,1,5,2,35.751718045329795,0,3.3223198277441908,No
48,17,Technology,2.975237781899565,1.2161084021266426,7.516945379177252,0.8128362810254474,4,3.2702453840120804,41.94403900544444,2.893118518004009,23,1,5,8,10.102847355399414,2,5,No
43,19,Technology,1.5856895590933011,1.5856895590933011,7.053444525841472,1.259316263349354,4,3.916226280464208,92.05143169898697,3.4211201401551063,21,0,4,4,31.18870061160989,4,4.694592465470602,No
35,16,Finance,0.41788452276172744,0.41788452276172744,5.6158125762920355,0.5583004437247582,3,2.942497914376817,72.12603446920691,3.494082470857558,20,0,8,4,25.62020898298341,3,4.5095517178197815,Yes
44,16,Operations,0.35745643279184147,0.35745643279184147,7.879839065326705,1.3190539969917607,5,4.047988970414755,35.06944284209075,2.597503175715451,35,0,7,3,20.21212344840459,4,2.5560459242142666,No
36,15,Operations,12.040878817038807,6.1840055190303485,15.382271062053372,1.0070773332734462,4,2.796859444033864,70.19743273015881,3.1089606063665753,42,0,11,3,23.346392707975355,4,3.3152203228275354,No
37,16,HR,0.6412614847011072,0.6412614847011072,9.699587616603116,1.369819625010105,3,3.224955318024091,55.33096384052103,3.000220873616064,29,0,5,6,21.12499504759537,2,3.8364531386906813,No
36,17,Marketing,2.580486270933039,2.580486270933039,15.630850766550262,1.276371611662489,3,4.4057452078595905,44.96666234820673,3.592439947998487,62,0,13,5,7.903151899781938,3,4.003869343075228,No
32,17,HR,7.673306433143858,5.360837784890007,14.18656873478656,2.1544946097822093,4,3.6025066059004813,68.80360842061376,3.4062231606695588,46,1,9,2,55.828469464367735,5,3.0857732324438456,No
50,15,Technology,0.9623040924426085,0.9623040924426085,12.271639772673213,1.534898265915925,5,2.4791108320093374,49.4859919099075,2.400182657453308,15,1,6,2,22.814455274472127,4,3.443020263608727,No
21,13,Technology,3.7032535692370594,3.7032535692370594,12.145360952101589,0.7964964526204573,3,2.8118968175208336,55.21658141812942,3.294701958728653,39,0,7,2,23.903325758532915,3,4.500402136672241,Yes
33,19,Operations,12.231388903057747,7.8461978094105245,14.42270331820226,1.3629168563090137,5,4.7155555034580985,57.25542755668436,2.101478017280418,55,0,10,5,43.47146990143899,4,4.210875207126861,No
45,16,Operations,7.3565916911814915,5.253206111666664,12.44107735842363,1.4085315944425056,3,1.8086843395229475,68.52360979757364,1.8939899523478574,14,1,5,4,35.591180450257944,5,3.5152286576933993,Yes
41,17,Finance,9.848845568287766,5.938655036921645,11.222511760035346,1.0168303679711233,3,3.6815054979542645,54.621055079439586,3.008247609694224,35,1,10,10,16.359265626088302,0,2.9302950386812423,No
37,17,Finance,5.773756039864655,2.054167312814283,7.119667919420267,0.48250333208323903,2,2.497974335015443,53.375606245798075,4.324890967651136,29,0,9,7,33.363339277061236,5,2.930639207586099,No
49,18,Marketing,3.016734317381559,3.016734317381559,5.968858321091011,1.0804806850957913,4,3.302585249551391,49.91661739730757,3.8843749793082094,20,0,10,4,41.318801172882345,5,2.733748239550356,No
35,12,Operations,1.570092787622972,1.570092787622972,6.2488427426428,1.0482025418990786,3,3.709048449310361,74.28151612949463,4.16960505160503,41,1,8,6,17.345382427215892,0,3.3247662381736607,No
27,18,Marketing,8.992667856683427,3.60167321364942,12.596135898838241,2.132689658458093,3,3.592684538321135,60.189442215686256,3.3031013260168485,19,1,9,7,19.3249564724559,3,4.101600890102301,No
39,15,HR,1.0975733760831137,1.0975733760831137,7.8516097091886925,0.4903729981261379,4,2.8045263599765926,47.19385022751038,3.289616756694369,27,1,8,2,48.00622063839437,5,3.09268591576457,No
31,15,Technology,1.552219193330635,1.552219193330635,8.989740140984553,0.789319214128704,4,4.190720247429143,86.37880572092186,2.297261304025684,61,0,12,5,34.26253124169944,2,3.063248782885349,No
29,17,Technology,2.2754321106012876,2.2754321106012876,6.687746853898628,1.0015711648511647,4,1.7859059042015022,15,2.2944769050888714,23,0,6,3,43.275478917194484,5,4.21690305541522,No
33,16,Technology,3.3706006212183968,2.2970321843274664,8.696402699557304,1.1766321950141527,3,3.0954490559721624,76.05172729122036,2.4342742313792503,18,1,9,3,16.27983776499381,4,3.627406578503521,No
32,17,Technology,0.9832796645090309,0.9832796645090309,14.38480821697506,2.3138525554723537,4,3.4778981502845725,31.157890982090436,3.203643348180877,27,1,5,2,15.706387070994282,1,2.258519433549016,No
30,17,Operations,3.9148496619878874,3.9148496619878874,8.109251378816055,0.6902947082048438,3,3.578376333678316,54.80877027146193,2.6131480634488584,33,1,9,4,67.90603027740013,2,3.265172076199162,Yes
37,19,Operations,7.765738673255092,2.5207628813293397,10.301202013934356,0.6748707285360909,4,2.5116323922465713,62.6641684803631,3.7016366019981004,32,0,8,4,25.88886211359335,2,3.9234528689992056,No
37,20,HR,0.467925367115264,0.467925367115264,7.4010982730920505,0.5980558509210048,3,2.688055776052427,67.2398480464347,3.7082903512207284,45,0,11,1,13.307764384502498,2,3.125838692017968,No
35,17,Technology,4.746336100274705,4.746336100274705,7.99906236596029,1.40968283431041,2,3.1975137461550096,70.59960612520926,2.8839775131454566,30,0,9,8,53.85773891089676,4,2.9880316191153686,Yes
28,15,Operations,20.21503244263083,7.378674303486582,29.685472762309928,4.737857035341757,3,2.4792967973127507,80.62589636979627,2.893072236947814,34,1,10,1,12.024753427433678,2,3.8355592579716733,No
42,15,Technology,8.329887180953587,3.817954499932106,11.320734276137268,1.444533612208044,3,4.082377453456133,46.399567981450836,3.3987132746016417,21,0,7,5,31.516788580034568,1,3.2520032285412275,No
48,13,Finance,3.143711280776649,3.143711280776649,15.511401686080935,1.697924507851331,3,4.981602391957455,40.362984475074114,2.8951316600296355,32,1,7,5,25.229435550953795,5,4.988184587462952,No
30,14,Sales,7.30755072836986,1.3732649614208798,9.484169756998336,0.5976447080093311,2,2.583324658393356,63.39811007715849,2.9079360652808135,60,1,12,4,26.408634922198107,4,3.5028580552815396,No
46,16,Technology,0.6333127314618947,0.6333127314618947,5.7875279806836355,0.8713605153327871,2,1.7986021838177109,71.09505637607572,4.3090953286439095,15,0,6,6,14.091575658999272,5,3.6618721602625386,Yes
34,17,Operations,0.3181649304171588,0.3181649304171588,8.364133897286472,0.6981692107626407,3,4.151872210412414,39.912338570488174,1.7315090684017982,54,0,11,10,15.007686452322751,4,3.0775336038092758,No
23,14,Operations,24.89014044114623,7.69569903640713,18.091519013815777,1.9164453987042775,3,3.1104908844516466,33.3804028380071,1.6965494798771172,29,0,9,3,27.078542259343845,3,3.7369036030412097,No
37,16,Operations,2.054003231914152,2.054003231914152,11.085913223464091,1.0377089629968264,2,4.1217300126072445,70.84640777277922,3.199427860685222,36,0,8,4,10.228824209984529,0,3.7295457228163533,No
39,20,Technology,0.7009906233707719,0.4117347065526993,8.198597388900977,0.9488441121492043,2,3.0914520551507145,52.117919681306915,2.5889351496469994,24,0,3,5,15.064812659886801,2,2.9190318632350007,Yes
57,16,Operations,5.1574893998077345,5.1574893998077345,8.83092237757274,1.3499109641507088,5,3.7045214240975324,63.382066747141,3.501462754103372,31,1,8,4,39.90574392231393,4,2.481965295674303,No
54,19,Sales,8.122497560777193,3.667771233245757,11.104384452120076,0.5924872833898509,3,2.4227236952242515,38.68236397711968,4.410350957916804,20,0,11,4,61.80280646080343,3,1.9884253798581442,No
47,15,Operations,1.0047015410720348,1.0047015410720348,9.908403877592699,1.2264019456773754,3,2.599163244629321,74.45802093274006,3.2022810584061587,30,0,9,7,17.089429736979284,3,4.793385722898757,No
38,15,Technology,7.51238043067201,2.3648648125168172,5.736833608906375,0.33446077810337127,2,2.799538590502653,34.94134313282096,2.5230322609954534,53,1,12,6,26.748243363450893,2,3.6209883560738834,No
52,18,Technology,9.961744686553564,2.995511990742415,18.017409427762306,2.2487510563076376,3,2.110990652811375,27.688956392506885,3.1335538707601263,38,0,13,2,35.11204618495737,3,3.131121120378988,No
35,15,Finance,0.7851361387569178,0.6111013608304009,5.982349661919475,1.1547059678463136,2,3.8223608941401825,91.75091571067786,3.194254262856074,58,1,10,5,23.781681126085438,4,3.2562899372080407,Yes
34,17,Technology,2.9836327439670858,2.9836327439670858,11.757541996266777,0.9900110848462842,4,3.0136157826386443,42.6739074104101,3.600826142994519,25,1,8,7,19.626012990445194,0,1.5896250645390042,No
34,20,Sales,10.891145635476429,7.797158641187264,15.829987185840547,1.3914076529401025,4,5,81.89715932825274,3.380527936371565,30,0,10,4,52.58004548463542,1,3.7487879861009485,No
35,12,Finance,24.96395066933722,8.920272728279828,37.09743184904949,2.8575776557298433,4,2.3877752250994653,74.76564646605665,1.5938501445304993,33,1,12,4,10.943270941102352,2,4.987577061138,No
23,19,Sales,5.314532250596774,4.084079086685318,9.159689895447459,1.2440271556112372,2,3.1210722537519047,73.15358143936803,3.1797844612672943,8,0,5,3,41.7689916538115,4,4.060884114748447,Yes
33,16,Marketing,3.660336575418281,3.649169234652329,10.53854329632036,0.6724262479509917,5,4.915801137614294,70.31326987006996,2.909241133371445,46,0,10,4,40.671195126736556,0,2.4019756978202547,No
28,16,Operations,0.5751244211913124,0.5280301482307436,7.412489480423105,1.1930050456853114,4,2.9988104069114074,66.99928230243653,4.120279399054794,40,1,8,3,42.549429889680624,2,3.477553148724016,No
37,16,Operations,6.310063889972565,4.99068756008611,8.583459891000466,1.6731367613414752,3,3.716279355989466,62.61785670408334,3.1276400286313657,42,0,12,1,48.46830592629961,0,2.708285593007301,No
22,13,Sales,8.302855974798817,2.436037027014298,14.931332938534654,1.401204414661605,5,3.3867295240886777,53.9038730125064,4.5103598864065635,30,0,9,3,27.21805506955695,1,4.218366991023094,No
21,14,Marketing,3.690192970737643,3.690192970737643,5.9271072789231685,0.8644798594990866,4,2.48865854007299,52.56139908218955,3.2120787568392344,43,1,9,3,42.547619895555236,1,4.421802324988705,No
28,18,HR,2.9590928191838044,0.4614735537655878,12.273088783421121,1.9987485213849605,5,4.816600768745259,64.5233443443858,2.876700216882265,32,0,8,5,46.165648895034195,1,3.599456727282504,No
48,14,Finance,18.33114416168654,5.361114948749484,32.196769626321974,4.5561870129887385,4,3.82912485968027,57.638136262586194,3.7001052745376084,21,1,9,8,44.93683169418624,4,2.7639887226797284,No
21,19,Technology,5.1520710067128315,0.3932670936916843,6.569902935686765,1.0139990602402351,5,3.51195275769931,49.27299449346453,2.085321105576652,78,0,12,3,23.4370172152525,2,3.5843555382385057,No
21,13,Technology,4.517132151811368,2.4668831346579543,9.820174937613336,0.6424844399470429,3,2.6921207108749816,59.857616003616776,3.510087153633944,32,0,6,3,18.01006438549658,4,3.5713066078435567,No
40,15,Technology,5.920596673091414,4.96851363200409,17.1459515374504,1.9382504962676215,3,5,53.76491275982472,3.6714396877083084,32,0,8,9,22.9689848639631,4,4.273237104062027,No
34,15,Technology,9.552458638291453,6.150086636928772,14.58922218473099,2.4053199699619103,2,2.707427820653149,60.505967812533214,4.191434367824284,29,0,10,5,36.21859677487481,0,3.000318284288579,Yes
40,16,Finance,8.210765465072942,6.785699711852844,13.260528069465789,1.3224521398615783,3,5,75.2048735298261,3.0845256381713138,30,0,10,2,12.98302125629016,0,1.782634118646888,No
35,15,Marketing,6.665533590263379,4.054920986911038,8.256295487277184,0.8377419085786293,3,4.374089813768436,52.000696618262886,3.8772719631841728,28,0,8,5,16.407590791393304,5,1.1135355787850496,No
21,14,Technology,22.627730048436007,7.369202127484058,27.0971331824598,1.7050965698282659,2,2.998102497723088,51.39568283931653,2.8138544236060237,17,0,9,9,56.65666314428522,4,2.536363422918027,Yes
30,15,Finance,0.7726295474531963,0.7726295474531963,8.732777538110682,1.5667214386081083,3,4.701638382060857,42.53430375046198,3.5907857847547904,20,1,4,5,4.036078338338672,3,4.760759578033451,No
29,18,Sales,11.922211993401222,6.944395676638848,13.64846867353987,1.4258474183896652,4,3.586365206234892,49.72575583223853,3.6141545092648064,22,1,9,6,18.510372517980592,3,2.8239888178007098,No
36,16,Technology,24.344560307626985,10.783218934871417,26.48375232156444,2.812662128213934,4,3.504782094194643,66.29917547415153,2.6995362411781407,14,1,6,4,9.118650386231199,2,4.380595856675111,No
31,17,Technology,2.9193386795652017,2.840049833527807,11.320802859133197,1.4355168178079776,3,3.3020261199418117,48.38887605581879,1.0223549862544647,19,0,4,3,19.9832523209913,4,4.474320900923288,Yes
45,12,Operations,3.443967594260581,0.3341027362776268,10.127230506535334,0.5232878458201061,3,4.296494576160332,49.63171276732238,2.5046474000650654,72,0,12,5,21.821814704596946,4,3.2721906388287256,No
41,14,Marketing,2.9010382701402317,2.9010382701402317,7.962006803372925,1.4163337933565727,5,3.387606522935216,62.2860900231127,2.2867271886292886,10,1,7,5,32.6463491582123,4,2.7470841245224613,No
31,17,Finance,8.201755854064377,4.519609446899148,11.450903196628953,0.5825723636147884,3,4.683249013003195,57.58277902937205,3.47996843215192,34,0,6,6,64.5856660678175,5,2.904563208528489,No
40,17,Technology,8.560289095446661,2.956503288682276,14.854907902352904,2.3412931098330048,5,2.3713170933050916,72.44932608433089,2.8121120493513114,22,1,7,5,28.773503120758367,4,4.101222494269242,No
38,13,Technology,9.480917938630471,5.597564065061845,12.501624033120384,0.9705620712016569,3,2.4239518837768284,37.767376245532496,2.89550783173165,52,0,16,2,12.016623139412557,1,2.384152553802777,No
21,12,Finance,3.0205836824450247,0.32778912087038997,12.104403632413034,1.0323050727743845,4,4.29931159894133,47.61362407804974,3.591627615000013,35,0,8,4,16.460730339430256,3,2.9286829498675484,No
28,19,Finance,4.645789044407466,4.645789044407466,12.255001465598037,0.9474918839266198,3,2.5990395429147277,58.757767708665405,3.708368019603205,40,0,9,3,59.93293185796971,4,3.340384335156664,No
36,13,Operations,0.3,0.3,7.390757137306715,1.1315296641953683,4,3.3902714304958885,59.68857117755828,3.7694909885912122,45,0,10,6,54.851097572699516,3,4.753542459113232,No
29,19,HR,2.0529123727930925,2.0529123727930925,14.397574191637124,2.407822274544552,2,3.60874153600344,67.53781883189744,1,28,0,5,4,16.937073424428934,2,3.5231471506765786,Yes
36,15,Finance,10.643131727889502,4.21470533785226,17.836449978421328,1.6709783972763466,2,2.9851085266108455,81.5221339528278,3.003186946253757,30,0,7,5,35.19189753174183,0,3.6691704301411052,Yes
35,14,Marketing,0.3,0.3,10.913622238297084,1.842357514751909,2,3.714751742766582,62.208335440765,3.5002384152237975,19,0,4,6,32.38898884207816,1,4.199016750074471,Yes
49,18,Finance,11.438051755276003,3.00675928195576,11.836920765465406,2.3218954678116104,4,2.700874152536421,60.8371328270293,2.915243858920762,48,0,9,8,35.294712925206504,5,3.9565717772229747,No
32,19,Technology,13.503671021598668,5.849227104642265,15.15369154689208,1.1537668720157057,3,3.880935724430069,61.17747062328144,3.981295852595529,19,0,9,9,27.442420987777144,4,4.0930935738511565,No
33,15,Marketing,0.3,0.3,8.604263275205943,1.5066222451315077,3,2.5051888366776884,52.76328600431499,4.184702315368978,62,0,12,4,32.26184663779279,3,3.4355763734701963,No
32,15,Sales,9.832215587245912,9.832215587245912,14.86904774667844,1.7016235158809736,3,1.402026437759777,50.18016507092001,2.3905362131026906,6,0,10,3,46.115515242823435,3,3.5454903697215028,Yes
37,18,Finance,4.91102648766596,2.613226266201639,12.350066508465915,2.412476703557087,4,5,78.42066215068655,3.0214196468817636,42,0,6,7,24.393393747706885,3,2.9113175572200802,No
37,18,Sales,6.8532339958663835,6.375177770046478,12.582091497924717,2.2528386609491777,3,4.232885551262302,72.8723114716679,1.88309690271353,41,0,9,0,59.91422111411462,1,2.0038077125376796,No
33,15,Marketing,0.3,0.3,7.692060842204606,0.7029110221437014,3,2.6964344839379644,95.94959805220591,2.826260304494501,51,0,9,7,29.218507834856393,1,2.6829770972655567,Yes
40,19,Sales,10.58927771830132,1.9149956043991325,16.94980311082521,3.3626173823993497,3,2.693867582930474,58.02772736584708,4.096491050893123,44,0,11,2,43.54183929624326,3,2.632284490354866,No
43,19,Technology,0.9224201632703461,0.31650965826827127,9.771486998944884,0.581926272079375,2,2.3876747144992514,56.84701386016918,3.8937736438911443,30,0,7,4,21.38965514139293,4,2.2607787186805464,Yes
28,16,Finance,1.866983520882419,1.866983520882419,13.154761674503696,1.996155121214525,4,4.20562328888402,15.293474197866718,3.0143578590007825,31,1,7,6,10.769980265634999,2,1.817324843298794,No
27,18,Operations,15.443288633430615,11.003291272699762,21.83600251547798,2.599043701727318,5,2.788504564851984,65.3850787147344,2.501435735229677,9,0,8,6,80,2,2.4481102048623864,No
50,17,Operations,2.2676614177249506,2.2570781307501697,8.917022540542945,1.6811013804951767,2,4.57197153200883,80.37222504544857,3.960293363867235,25,0,6,3,66.58530360642807,0,3.6525360192064276,No
34,15,Sales,10.111146496626812,6.134203100105678,18.110004951984443,3.616694712199658,4,5,69.6194794554854,4.4179276223312485,44,1,12,5,32.50959702731663,3,3.2377972522206035,No
31,17,HR,15.366328722195895,6.4801074314404445,17.278003612601257,1.4888893040387499,3,3.121176982534027,40.28118709200513,2.298611614583583,57,0,15,5,14.053680060927388,2,4.327932669165919,No
37,15,Sales,0.3,0.3,10.031576578920372,1.7967877260217988,3,2.3015658654914875,68.90549497502742,4.399679010820384,17,0,4,3,20.257892938819865,3,2.444216135162606,Yes
44,17,Technology,8.711028075655825,2.5983717402710798,15.711227846701014,0.9635497937671901,4,4.72360895950311,64.97714544087505,4.693712213888542,22,1,7,5,31.332874219457846,4,3.2007185249416468,No
36,15,Technology,8.613312037856666,4.888998766194366,8.936251212047454,1.552391555467265,4,3.7994100691790105,47.79647908369603,1.6058741566308934,18,1,6,7,24.933836084610423,5,3.7192987500979293,No
50,13,Operations,4.483561336868158,2.859466998102225,16.231552773731302,1.333412736820612,5,4.315996175084659,85.03379112944593,2.307073525348148,14,0,5,9,8.888313368909719,2,3.9940898341640243,No
47,16,Sales,5.547480999971963,3.9132202701650964,15.335338414024756,1.5573720360394656,4,3.8727080921778763,45.41886401298664,2.5251576741727577,31,1,6,7,41.23648252438492,0,1.7974428013543102,No
22,17,Marketing,1.893442322443607,0.3,12.205281972299757,1.4315504038849551,3,4.989051212346429,39.87751212904653,2.6894123218914086,27,1,8,4,32.27866433802831,5,2.8618997932859536,No
24,16,Finance,14.243492333446659,7.0099085094033,30.225862429336093,5.581028064822852,5,3.114378425264944,44.67031505364106,4.001469132598367,29,0,9,7,27.6619774533962,4,2.356651326406905,No
42,20,Technology,4.342976674811923,4.342976674811923,8.729828036744445,0.5417785040995977,5,3.3939677589277935,79.90194251384816,3.402467354624566,73,0,12,5,5.47553082257493,5,1.9234659561222238,No
34,13,Operations,16.405890239804094,8.544867137826788,24.361445162148954,3.7425753338460077,4,3.6887387049916622,74.03423582326849,2.702822737835104,33,1,10,7,33.132664655578274,4,3.5852037070617193,No
25,18,Operations,10.568416538440928,5.4741324246789205,17.47998387600168,1.7106186125854268,2,4.07223428905036,43.09955433433081,4.002181247814843,11,1,6,0,70.16208558180253,3,4.275412982800325,No
42,17,Marketing,3.896572606768574,1.6405977213372016,11.913125350701764,0.9900195095524907,3,4.691678079744324,72.47635634030374,3.5883484373427734,11,1,6,7,10.889367467692791,2,1.5808542120599594,No
27,18,Technology,15.177850924127828,5.335467247216956,21.57018666622255,2.170689285798745,2,3.209091583354184,69.31556442483725,3.083462368783775,59,0,10,6,23.89244638673697,3,2.975807113973377,No
22,18,HR,14.569558066556882,2.257269876514413,18.131060984585417,2.7137660189001216,4,2.9090573804912454,85.80460281127817,3.4746185826319365,23,1,10,5,9.872197527717773,5,2.032743043823798,No
41,17,Finance,0.3,0.3,8.631031300468345,1.0708817014306116,3,2.5869771506046613,43.94472627284351,3.571326205436936,26,0,7,7,31.435014483479392,5,3.9345979280427117,No
47,12,Technology,5.839146601047336,4.375905141896949,11.907989948998734,1.0093207536958104,2,2.8997963421365394,85.16871154767541,2.0872314964509573,25,0,9,1,51.60398312655895,4,3.133721957531949,Yes
43,17,Finance,3.447314465576166,1.455745625990084,9.071760451799173,0.8118190566866327,3,3.0921819264301407,49.23994661212402,3.8031796127388815,13,1,6,3,36.80875812298793,4,3.220852538139732,No
26,16,Sales,2.869705689027668,2.869705689027668,8.705046442938952,0.6863806831970009,3,4.894501784349028,48.28872466302746,1.8905282408152289,35,1,12,3,33.96637494308235,5,2.278934816128475,No
38,15,HR,3.3583981051338987,3.3583981051338987,8.249684724085874,1.3276322827420803,3,3.7100166997176838,50.1189404546621,3.2948317311866764,23,1,7,4,10.876612232201934,4,3.249075481139433,No
37,18,Marketing,11.94731466115016,2.6114026609722756,18.401920572215673,2.8832573276783857,5,2.4882660740959524,54.417871624212246,3.3224964861463664,57,0,13,7,24.022363229705146,2,4.118075642679045,No
33,16,Finance,0.9806533085665629,0.9806533085665629,8.083089202650639,0.4094998983007569,4,3.618156116893561,77.42750120202027,1.7717197224993138,44,0,8,5,49.09564671842342,4,3.5335384643384358,Yes
46,16,HR,12.00938247206468,3.160453586703538,7.512389982237195,1.0211865742073323,3,3.203113202730718,82.36508610897106,3.4893891086038815,7,0,6,5,25.759223776538363,0,3.689896792002771,No
24,17,Marketing,13.094617793409249,3.8247339244488208,18.71833185323484,2.2705029393451035,3,4.1042747704147535,50.62161106622778,3.5014183184227026,23,0,8,7,28.19457028963552,3,3.072856801309798,No
43,13,Marketing,4.371980026431129,3.150008755534333,11.381257576389043,1.6251177234974705,5,2.6126561562868202,39.26700134129509,3.267975168531185,42,0,11,2,36.04445474454011,5,3.3826984351920624,No
39,14,Operations,15.956175748959057,4.955896562913144,25.108780910856115,3.084942201797701,4,2.574617179259259,56.59605705939805,3.457134292325181,10,0,8,4,17.614006110592076,2,2.3761115432944786,No
32,16,HR,0.6255012883451454,0.6255012883451454,9.653001412516309,1.3570789499036957,3,3.0005712685988564,56.145262805029894,3.624025548520013,30,0,4,6,27.24175898302329,0,3.646968747848316,No
42,17,Technology,3.2958305474840977,3.2333887892520354,8.921127843836414,1.1308001217307062,4,5,46.45640574997926,3.2865033153431633,55,1,11,5,10.454788148407465,4,4.082482175539107,No
26,19,Technology,1.5868300865180274,1.5868300865180274,12.070920335625939,1.0756713253608694,4,3.212595376415522,62.591528062195444,3.6751587373823518,40,0,9,7,33.690029802133594,0,2.2585869363364264,No
40,16,Sales,5.925985632920828,4.311254839586923,9.21610827110887,0.6321184338677746,5,2.590975437505138,54.533877404726155,4.2201767947199444,81,0,11,4,16.48109594668162,3,3.8065493060528506,No
31,18,Sales,7.611464112134302,3.2526154596740118,15.235236642696982,1.3372775923387836,3,4.408195041541574,51.242854787271256,2.925025180011231,25,0,8,5,19.042888824899393,5,1.6413264158178016,No
50,16,Technology,0.5679453896322602,0.5679453896322602,10.750370903119725,1.467382140010937,2,2.5126522608304556,60.14084396484702,3.1100588116749557,47,0,6,4,18.099416615156773,5,3.7708611619916956,No
34,16,Sales,1.063377049188478,1.0183359415790438,14.44345164738424,2.7026892738305883,3,1.7800669816557957,48.40434580636238,4.169697484583988,32,1,7,3,35.06310663997137,4,4.159491045091656,No
27,15,Operations,0.39823852654536485,0.31120960754813765,12.834760535824588,0.9658691546060494,4,3.577506239028405,33.45512626364438,4.406925751120239,46,1,8,6,32.533191244532624,1,3.187476538998249,No
29,13,Marketing,8.230574493065813,3.0575658981794915,11.081146778723058,1.8913414396044537,3,2.505519098230646,56.17640854840619,3.9057581156380046,54,0,12,3,15.674423172353475,1,3.887642974951478,No
37,16,Operations,0.9882958885251958,0.3,7.150028259041591,0.7749783330538361,2,2.6531826169398594,52.29316230639209,2.8185209518527023,47,1,6,4,40.40367336278577,5,2.3225866997133107,Yes
40,12,Operations,14.969655171653148,6.249346030111991,23.39916110424977,2.758170828087995,2,3.0885726604254233,53.51615375107679,3.3926324439408893,41,0,11,8,7.163916063203897,3,3.794816683381718,No
40,16,Finance,1.6463889373821219,0.8592890450687736,9.570178541177846,0.8641657193604336,4,2.6024845503855922,53.53699467857812,4.301086103954832,32,0,9,9,46.896084769869105,3,3.9738302780774433,No
36,15,Marketing,3.987393145445513,3.987393145445513,7.51478083898869,0.4955210082699132,4,3.5931867270974154,44.39151051573986,4.192515029352059,26,0,7,4,34.44152479024634,3,3.4553899843419282,No
22,12,Technology,4.173004875497661,4.173004875497661,10.579427063340574,1.77136471309336,4,3.0965988555925668,63.24855365208734,2.4572661797297957,73,1,12,3,44.17465973768716,4,4.0824430274397585,No
45,12,Sales,7.602096093639662,2.3683269188513525,10.000950835688618,0.9253322858899823,3,2.081004995131174,73.45121067496025,4.196746310990731,17,1,10,5,55.60277289874168,5,2.4739858014750093,Yes
36,15,Operations,4.356380448088249,4.356380448088249,8.415925357854496,1.5408252263417905,4,3.8068187218036433,62.23993100531584,2.893576750225193,15,1,7,5,11.204610138175727,2,4.980974911675703,No
33,15,Technology,4.010223104187537,2.8771959183329954,6.863886639240151,1.2713033273340526,2,3.980862647708317,45.781583670225295,3.5984420838304025,28,0,9,5,11.562276538545264,5,3.5126739509352065,No
39,15,Operations,9.901753290617727,3.172676910128285,11.872204489365807,1.0280879417856776,4,4.992061132135136,34.79763028452363,3.6006810747907045,55,0,9,6,15.196058752429762,1,4.757330393975136,No
48,14,Technology,9.360811384717143,5.5021728817100515,13.918259774208705,2.5889765328736356,3,1,53.63834505380533,1.0890088268302356,21,1,6,3,46.410004565820294,1,3.891670935985918,Yes
23,18,Technology,1.9403066845421355,1.9403066845421355,11.735824945402907,1.0927274715897148,4,4.098304413326872,45.64471590946687,2.7802354529425037,31,0,8,6,19.980472905600458,4,4.754465463372122,No
21,20,Operations,3.994813756353758,3.994813756353758,11.758899312277157,0.6078290953914888,4,4.0041279173312025,31.634015760001514,3.020968596389842,16,0,5,8,14.781689774730427,2,1.573543796316008,No
40,18,Sales,3.096703500380968,2.12138762766303,14.844345657408388,2.7506095826914074,4,1.481239435510695,57.28725836218701,3.8160943412948556,22,0,8,3,29.663398170392536,3,3.1653711016735184,No
32,15,Finance,13.807073165202766,6.549934496249885,8.820893457247895,1.7455704221651145,3,4.015129738572003,57.815705841210175,3.0791774919279207,15,1,8,2,12.315565978395197,5,4.652860790148404,No
32,15,Sales,5.9296377250398935,0.8741877106059831,14.262775375849246,2.454176349748128,3,4.089133391585449,59.48033646830734,2.881449530896575,30,1,7,2,19.675134972903333,2,2.9090356494690917,No
51,15,Marketing,2.032200659676407,0.3,10.28600580133113,1.888112109227263,3,3.9138784187332556,24.811961760273658,2.8759408375970956,14,1,7,3,14.968027066213182,0,2.5693078894120416,No
44,14,Technology,3.171643303491527,3.171643303491527,10.412475408251181,1.0189299072353912,5,3.7941182184909765,66.44075200853729,3.395467245001321,13,1,6,1,20.141944637105002,5,3.973703731838749,No
35,16,Sales,0.3230142145763476,0.3,8.23493324899388,1.1858362931653212,4,2.208169578037921,75.36448725444649,4.752007362722202,15,0,6,7,38.00713837874212,5,3.745126862365476,Yes
47,12,Marketing,2.6122944305372497,2.6122944305372497,12.78337591595565,0.6833890598490291,4,4.3902354653462625,54.9369457886972,3.3018762616354165,30,0,8,2,14.555352357327655,5,3.523696503548929,No
43,19,Marketing,1.5436428111529796,1.5436428111529796,9.6923125126232,1.7645240110504672,3,2.478520584273605,48.94384716701312,2.8702314310417067,14,0,6,7,20.035842016461192,1,3.115674556639746,Yes
32,19,Operations,2.371905697639588,2.371905697639588,10.3574250463976,1.5289467635978111,4,3.4178337302396664,68.87378979835628,1.0937383065273552,18,0,6,3,34.3630710139539,0,3.7496609630363924,Yes
38,15,Sales,4.39938945367544,4.39938945367544,12.645093008727633,2.4800418030667086,4,3.098932652628724,59.9817050614994,1.692299381800057,69,0,9,4,6.749046588947908,3,2.4433490008729004,No
29,13,Sales,6.459360797251937,3.21677725083002,14.283431799306685,0.923801901950577,3,3.4928708650142855,76.26535648176356,2.612686438241555,13,0,6,3,21.99003905366054,1,3.0187739092026518,No
42,14,HR,2.767210366725442,2.767210366725442,6.700410667183472,0.6461141517669052,3,3.7042041065548834,55.34419794183301,3.6928539064256514,15,0,4,3,19.991148037331747,0,3.4692821120266375,No
36,13,Sales,12.69453747859913,3.1315243145720397,15.468421353772321,2.0708031179064,4,3.999869993197801,55.25197417295378,5,14,0,9,5,63.20740560046998,4,4.344787251651051,No
43,18,Sales,0.7195569140520361,0.7195569140520361,6.9812638281251225,1.3352863235947403,3,2.9855995175459804,48.25753891888474,4.999523652315597,9,1,6,6,42.51838518243887,5,2.3779273217141776,No
21,12,Sales,4.594767930638672,4.594767930638672,10.2191663132731,0.6988197578239232,2,3.502068973898445,68.56935297723673,3.794426612282998,23,1,7,6,45.935027731611854,1,4.875884559350504,No
27,17,Operations,11.435048906970312,5.9665558140590536,19.082949434585615,1.0882912831281235,4,3.29056536225652,61.55051337918888,2.3998617038168426,50,0,12,6,19.306250593724496,4,3.417881677742793,No
24,20,HR,1.7227020254470469,0.9032998949868128,10.211221578479705,0.5324172401802555,3,3.0679554738936368,66.34629905642566,2.5220804373044516,60,0,9,4,18.318006071394777,2,2.537160564600826,No
31,15,Finance,1.494268682215305,1.494268682215305,10.351494727336553,1.3470236529216293,2,5,76.30223609347657,2.9909635507405965,100,0,11,6,26.81980379115686,2,4.041559781785202,No
39,16,HR,1.4810260293791868,0.792437801210697,7.6455657932204115,1.3753494006684557,3,3.4147981733320933,77.57170298365217,3.5055390176622736,24,0,8,5,22.08482350793252,0,3.349519481860853,No
38,16,Sales,4.268747605229502,4.268747605229502,10.0882286070043,1.0552712997380238,3,3.2888675560902128,43.576028331963194,3.9941626865465816,33,1,7,6,26.174916513854118,5,2.722855278968336,No
35,16,Technology,4.684056481155651,3.008425142017106,10.821137960734308,0.6986663670402137,3,3.28357240407866,33.28703095844494,3.9048942020587303,26,1,6,4,15.88724596440239,3,2.5024612494844014,No
43,18,Technology,1.3079696717855056,1.3079696717855056,5.3674855766920215,0.4715163943123939,4,4.413527942052601,60.96265604861843,2.8185835052843946,27,0,7,9,24.62189692371001,5,4.0783559501782864,Yes
24,17,Technology,1.6680572481449074,1.6680572481449074,9.179478270096713,0.7356723215541372,4,2.886988071026641,69.53259863299573,2.7054259281470303,22,0,9,8,22.447995087985667,4,3.7489067273438885,Yes
30,16,Sales,8.528250131823674,4.075786515728751,15.437957970377033,1.2867130982663497,3,3.3929376832462323,36.3564281149615,3.2163920039294616,33,1,9,1,28.54559249451487,1,2.7145900532088434,No
39,16,Marketing,4.223283605467903,0.3,7.128638880524996,1.1684863815937212,4,4.089955381347188,66.10839927553941,3.8992208042331535,34,0,9,6,71.08239124180982,4,3.1806135907309474,No
29,15,HR,0.5220080645584564,0.5220080645584564,7.917435957112163,0.5712737383561133,3,2.6844303643454386,55.2320905244992,3.8172741563988186,51,0,8,7,66.95319981181812,3,4.206033059664787,No
34,15,Operations,12.53648385790073,4.312211260003848,27.554114367183246,5.201795222980488,3,4.195568256765125,52.589118012161634,3.995993012934429,34,0,10,5,7.390495605359211,5,4.989587922308198,No
35,14,Technology,10.313033249797376,5.906989300463236,14.110184392693812,2.491584265229586,3,3.4013731622188588,67.78062233843998,2.912309533429197,24,0,8,4,11.264230161565205,5,3.7003026696966548,No
37,18,Finance,0.3,0.3,9.111407409158849,1.5111332597769191,5,3.9909519874014587,60.562735579750345,1.691792607638155,23,0,5,4,20.82004564070094,3,3.024648975812084,No
34,16,Operations,2.068731624504189,2.068731624504189,10.212369797540354,1.2188829942408395,4,4.915441126772933,78.70485986403244,1.9885492309075257,13,0,3,2,37.256537574553136,4,4.09828604729871,No
31,17,Sales,1.917583205404336,1.917583205404336,7.743443212492844,0.8176465242233102,3,3.600885624474766,53.99586399169983,2.6190916080188047,20,0,7,7,48.77835784081189,2,3.3025225610948596,Yes
33,18,Sales,5.409850484915005,0.6841353169256689,9.221023485048132,1.0883097668249107,3,4.504629917194528,61.63108600946231,2.18087705032683,68,1,10,12,1.323145336501692,2,1.4213365021456603,No
27,16,Finance,3.63785869116126,1.057392404041028,13.649755497835226,2.341450311971053,5,4.1918418509193645,42.02131570614453,3.6022057799285765,25,0,7,8,18.326567032783302,0,4.325721156696335,No
31,16,Operations,1.1214979486513532,1.1214979486513532,7.130428794174162,0.7685572566275637,2,4.811059548149976,50.64849176644182,2.035451853533114,17,0,5,2,66.93360104427595,4,3.535776307731569,No
39,14,Operations,5.916660622697392,3.0850720342833093,10.18651265417286,1.2022847341334792,5,3.790098496436731,30.36455604479233,3.302979262112423,21,1,8,3,26.7377975022105,3,3.004304833720173,No
21,17,Operations,5.8792277421049635,0.6012320574553088,15.506461577933893,1.5580104794459595,3,4.006736425691515,64.58618834694981,3.381934063918042,34,1,9,10,55.33301745079024,0,1.6596777396773166,No
32,14,Operations,0.5252838700523463,0.5252838700523463,6.5612386610334905,0.43478476941360156,4,3.398460822175201,60.83570032146907,3.4029007159488205,70,0,12,8,7.627037620165339,1,1.7917277936033649,No
24,18,Technology,8.194945064529835,2.8490736073896805,10.66158140415607,0.8324981545073479,4,4.404750895630751,50.95369041973655,4.531660909052895,74,1,11,2,61.29242262260102,2,3.682016103272206,No
41,17,Finance,7.129203429162761,7.129203429162761,16.554961896993817,2.417925451541832,4,4.0308669410591325,78.31349104118394,2.5968509375627473,62,0,9,3,43.78951316573258,2,3.531887433207544,No
33,15,Marketing,1.2087251425326462,1.2087251425326462,10.026640095847418,0.6268372516476283,4,2.824296369761294,56.22434265513663,3.581460556458686,17,1,4,4,37.01650172555651,4,3.4843662961550534,No
30,16,Finance,0.9038427730969215,0.9038427730969215,6.740489627094046,0.4100692012620541,4,4.189482439607296,90.71026614683491,2.813195746685945,36,0,8,3,7.409802728738659,1,1.968140091704094,No
28,18,Sales,4.8441029665479265,3.499847883990247,12.845976105457723,2.290942656781772,4,1.8088289712938768,66.6713731480542,3.8217168214693733,26,0,7,8,23.263915381203095,4,3.4660418778288724,Yes
26,12,Technology,3.1834725651652147,3.1834725651652147,9.636570918805255,0.8884169930102758,4,2.3182701486515525,68.12776654823284,2.301480709762521,44,1,9,2,50.64191224452659,5,4.167723218415889,No
21,13,Operations,2.1459744175922846,2.1459744175922846,12.21419245277356,1.360898071694818,5,3.1205709735975544,40.52266527647126,2.994914967043666,43,0,9,4,25.25136166444074,4,2.6316412126879403,No
35,16,Operations,8.975884636112525,5.871546633258016,8.247564314153852,1.5233731207005794,3,3.0712133496720986,73.17936913988947,3.99404472972754,24,1,7,7,38.39811782534042,2,3.7912417147031237,No
30,17,Finance,4.177149778132261,3.244032870637122,11.364060770351928,1.4298207477561196,5,3.3264006376303303,52.79777029273451,1.6051526027370846,10,0,6,9,56.506772378463786,1,2.7438904369169648,Yes
34,17,Marketing,6.93443274213913,2.9297333574923314,8.66143263029697,1.1517417075708327,3,3.094266322816657,54.97606782152691,4.588323564557531,40,0,6,5,22.345416929949273,2,2.378989633904909,No
37,13,Technology,1.210633993814431,1.210633993814431,5.645038825532081,0.34571207200999315,3,3.2207149327195332,85.76858496858951,4.4242214282332,67,1,14,4,16.80193562057093,1,2.703545239995774,No
24,12,Sales,4.340374134551974,4.340374134551974,7.749690375964357,0.7596625845373158,4,2.3105269224967784,67.8909733512646,4.689152021902225,26,0,6,4,12.766599106074876,4,3.91411925147869,No
31,13,Finance,3.6503925211950152,3.6503925211950152,14.592037433592782,2.185122154624352,5,4.008396830999208,66.28868243898204,4.495896528349793,36,0,7,5,75.1209206371941,2,3.2474267421595555,Yes
24,14,HR,4.538492823065563,1.91962795995106,10.425526975650838,1.9578449881685571,2,3.2192167282484254,53.08270075096656,3.4784812796240216,40,0,7,3,49.63788901681982,2,4.990733111250202,No
33,16,Operations,2.1126065813400183,1.3973510375985976,9.890794155076598,1.6415072705254106,3,3.3285518548181425,60.457001755099036,4.125773390027773,16,0,6,2,15.008117386044827,1,1.807439241746586,No
41,14,Finance,0.6796718866796838,0.6796718866796838,8.37135164437901,1.594609888329836,4,3.488696506966337,47.253586809647906,4.198183425865668,35,0,6,5,43.25419548366581,4,2.7584897620183484,No
33,20,Technology,0.9804556614019904,0.3801579701652228,8.489846743471418,0.7129698045994355,3,3.2689366780641755,50.44266691275063,3.1946959964563146,31,0,8,5,28.5089977954649,4,2.706692510259207,No
30,17,Technology,4.69145501523924,1.1439267177857795,11.985904914911416,1.986948466511331,3,2.8132259967832014,66.04148892406403,2.314356399261846,50,1,8,2,22.551874842338204,2,4.787976217325805,No
35,17,Technology,9.104281768822363,5.538219131791853,10.606914931764084,1.0578622361091032,3,4.395077911445981,43.07140720491966,3.713191850763225,27,0,8,3,41.47793116915972,5,4.433641987453374,No
47,15,Technology,5.345892330439847,5.345892330439847,14.228676585200958,2.203543417757896,3,2.7416409360204796,60.593775747069834,4.41318042954087,37,0,10,2,24.58968201511845,2,2.2999446238405437,No
42,16,Technology,8.667157016809162,8.118698250151194,11.501736936796128,0.8269635365898427,3,2.891120114476346,49.37007536703079,3.898574824863814,40,0,9,5,38.412069994340094,3,3.131965822356148,No
21,17,Sales,1.3644781222263869,0.49852629763865974,7.113039130223511,0.5175301585088509,3,2.893983316477379,33.794595910255204,2.4085425547254364,59,1,12,1,5.801696741385298,2,2.8707345131270987,No
31,14,Sales,5.808065097417748,4.4531305303154,11.377677714314418,2.0876072623875688,3,5,49.06944219629244,2.8682070349852906,45,0,12,2,17.528727590285058,4,3.793139920771582,No
35,16,Marketing,1.0240108707912319,1.0240108707912319,7.568659014433504,1.4031180469152884,2,4.411837594813539,34.90449849578021,3.3700424622984544,31,1,8,5,76.61282685427933,3,2.603197213592386,No
21,16,Technology,4.351423360944171,2.8989090358140963,10.058025198684337,1.0751694875149302,3,4.208074864769524,61.94574854565084,3.996622331842139,10,0,4,5,56.36404625751385,4,3.7600461055908343,Yes
42,19,Finance,3.188943050708302,1.3661267399451,13.00604916344977,2.574649907675378,3,3.583577103878189,47.26391178589603,4.228392773324003,36,0,8,8,80,2,4.7965538053093155,No
35,15,Technology,9.697770473793447,3.3477328977562433,16.877584511209736,1.4657426607148332,5,3.6238409195086203,47.87818796790893,1.698124658899048,51,0,12,5,24.18193958947328,5,4.186506830406303,No
42,18,Marketing,0.8821861093419281,0.8821861093419281,6.733174855546211,0.48102714193622,3,3.4014795846726016,85.13960076147059,3.2151738308790003,22,1,7,4,29.887890898634986,2,3.8340562080004683,Yes
40,15,Operations,4.8884165134424835,1.186254956942207,8.525962393288525,0.9847211875312272,4,4.288196986960643,57.07584160179464,3.9731509184575864,83,1,12,5,33.64168756772041,3,2.4854074399859565,No
32,16,Sales,1.1449589748411257,1.1449589748411257,7.915958511433046,0.8056099366695255,4,3.8111214412314554,44.97445743073464,2.297082678885539,28,0,9,3,26.445963588641554,5,2.1598809326201156,No
43,16,Technology,5.594246466705809,1.6142190969675816,7.665549015473102,1.334488036088358,4,3.0944067570119342,15,2.6139761482252593,10,0,6,4,57.19328109023363,1,3.0393865852012056,No
32,16,Technology,1.699380609413283,1.699380609413283,6.3888832750891265,0.8341796482212912,4,4.208431201775274,47.829406751816556,4.979355013151908,66,0,11,5,32.69300141771868,2,3.743630642786392,No
38,19,Sales,8.802031497158305,4.830395861961955,11.246111234039056,0.8562553667035508,4,1.9298080514592686,18.716635737024944,2.2988901217435465,29,0,7,5,15.414927142536962,3,1.5311708141692684,No
36,14,Technology,5.446710843824544,3.3939195966612066,11.152237492082946,1.9435607552575518,3,2.4919944956518774,76.86083161151797,3.5921462327050038,23,1,6,4,36.98166140903109,5,3.3075734454814842,Yes
32,13,Marketing,8.928124694067353,4.209426433525808,12.44311601195314,1.501557191477727,3,4.898905887334223,71.55531707222937,3.7799853329791033,29,0,9,3,40.89268185702509,1,1.4691817799308828,No
21,20,Marketing,9.812651052270034,3.50990783891983,11.151980781519374,1.894991150128894,2,2.9851014582680873,44.662295886887016,4.106893084752771,32,1,10,4,24.44324323057992,5,2.7133857518215967,No
21,17,Finance,5.285706775540115,4.929654234062188,8.978263194114664,0.9831087746898284,3,4.314866809572879,57.407014725607375,2.2018999961952783,43,0,10,3,50.95361723572088,5,2.5375427507124018,No
36,16,HR,1.843845885933469,1.843845885933469,8.454142343992487,0.663034979762446,3,4.617395881506262,27.554342914681936,3.6950442146959936,38,0,10,7,44.317892539462854,4,3.457035753632723,No
52,15,Finance,2.7204809771226985,2.7204809771226985,10.1855583989228,1.2702877696627057,3,2.5939021574728165,58.6994401049777,2.9973097010767136,15,0,1,4,16.92258215460697,4,4.997232977232884,No
29,17,Technology,1.136502409148074,1.136502409148074,12.04934184266128,0.7128031813240898,3,4.092584113133807,67.6895888390973,3.0092566951118567,11,1,6,7,31.335487087403717,1,3.8423820680932677,No
42,17,Technology,15.421991603139457,8.013020093076369,21.7428440768999,2.456916806728871,3,3.088993404423356,49.75643363885063,2.80950530600396,13,1,6,6,30.09540437574899,4,1.8620888996687068,No
48,17,Operations,10.398346285072975,2.7658213136687153,11.667721715846481,1.5748218681613182,3,3.929225343518374,66.156258258379,3.329554005931587,25,0,7,1,12.477918727648472,5,3.5518573955078803,No
42,13,Technology,8.438706347256382,3.3435372924535818,16.376056918156255,1.1838492471682684,3,2.6036535607296227,28.698952459391133,4.716940534389419,43,0,9,1,20.857076400422535,2,2.8306236599502723,No
31,17,Operations,2.590024099819772,2.590024099819772,7.9945639862530085,1.2843011413340022,4,2.4682511724086944,98.79228950969289,2.895638083213377,17,0,7,3,22.97249289673887,3,3.2329767514727896,Yes
40,18,HR,7.924214328840994,4.790873106858071,14.702069876582575,1.0940905856671472,5,4.065908114830561,65.90156685856489,4.181498521677745,45,0,10,5,29.40709392497376,0,4.8834157909411235,No
24,12,Operations,6.9692547397993305,6.9692547397993305,17.879571013889073,1.9142603638807174,3,1.6095301402355926,64.32572897331504,3.5888460704533918,18,1,5,4,34.80842009916217,3,3.9690749420006184,No
26,14,HR,2.0053322553831396,2.0053322553831396,14.896374422690615,1.9167431747813228,3,4.096222657874353,68.33259933578144,4.60222425226903,50,0,10,1,9.013962968099403,4,4.8069959774227815,No
31,15,Operations,0.5117378187598842,0.3,6.371062219986269,0.4782221647471323,2,2.920305369327742,75.46097909436644,1.9106409045668422,74,1,11,5,17.452886175609756,2,2.1098233643105244,No
26,18,Operations,16.856687588006363,8.872643879159622,16.797460461217057,1.0394100918420497,5,2.3907538581674257,62.494751842813,1.9963581668733252,34,0,11,3,36.63421868377789,3,4.302617026331592,No
29,15,Marketing,8.877704331889861,8.877704331889861,19.703297480015284,3.1353231947794584,3,4.697992232411836,60.07087708807912,3.904258579016824,42,0,8,5,1,4,3.2655195928617857,No
40,14,Technology,24.95959062121876,10.375917441188061,37.81435676819746,6.275507595947061,4,3.891122997565535,76.32095152574287,1.2874429639492655,26,1,10,7,49.655418437830484,5,3.932233932962483,No
21,17,Technology,12.23279919947383,4.355075589969772,19.38184706135572,3.704599172666949,2,3.600954320755022,63.88462254796008,2.5877463356081503,56,1,11,3,2.8268301785570453,5,3.9084211302205962,No
30,20,Sales,0.4002209528247528,0.4002209528247528,8.010428376834422,1.2997705724183295,3,3.631809057723828,50.77102422379341,2.756579208079238,10,1,3,6,31.612564278648566,2,2.942053859937896,No
25,16,Operations,0.4258030241647233,0.4258030241647233,12.507915880856258,1.6399545726131777,3,3.1895870203863335,66.06165869873897,3.096077348349407,29,0,7,3,27.073425913413914,2,3.819288212502299,No
33,16,Technology,4.282376930583442,3.331271381953827,9.59705429494093,1.873778488372945,5,2.7941571224221455,46.04033722817218,3.5705127359764566,41,1,11,2,5.702914083021033,3,4.0115288304196515,No
46,15,Finance,0.3,0.3,6.195522955539336,1.050642235036521,3,2.615304752221834,83.03875129937332,3.167664416923709,31,0,5,5,25.909945194265063,5,3.349930910680014,Yes
23,15,Operations,2.924909771917139,2.22594705491099,8.670937473554945,1.312650483517952,4,4.991445590082673,53.63963703430878,2.8911333411923996,20,0,6,0,54.48962135751873,1,4.406630216370717,No
34,16,HR,8.819497308856269,3.245779833345903,12.553358534472402,2.3921269536768617,3,3.1091979241408345,69.01879437104223,2.5962683825973905,30,1,8,4,21.518688202014737,2,2.8484283708869675,No
29,16,Operations,3.143420889611819,3.0094444710746373,6.623936742162718,0.4859078012533694,4,2.612474835691137,63.3939602774857,2.6322012443491283,25,0,8,3,4.577966739743376,0,1.7974487767856697,No
47,16,Sales,5.6043486440200985,4.500044026333842,8.820070190467648,1.1054627583279963,4,3.695369169786176,54.685332256630225,3.6033855400236603,19,0,5,3,17.387291097313433,2,4.1163961593027665,No
42,20,Marketing,0.47657175172819777,0.47657175172819777,6.36563298402592,0.9152608178825506,4,3.1845478191024075,65.56035815511343,2.527641294929994,19,0,4,3,46.57535166400153,4,4.274773893423878,No
21,15,Technology,0.46108309010686827,0.46108309010686827,8.081956928955028,0.6376744401584491,4,3.394675803174376,43.72303636820291,4.991629613473761,41,0,10,4,33.324527553949906,4,3.1576035291340756,No
40,17,HR,0.3,0.3,9.59822644539685,1.6931438814778017,3,2.8003326215898214,79.2402986390814,4.698086858458537,8,0,5,2,31.729985063125078,0,1.8884457750155412,Yes
43,19,Finance,3.692734848237246,2.8173184771942235,11.658360671445163,1.8699399933246537,3,2.497538433115944,46.89489927806268,2.8947285702732923,30,0,9,6,7.514563873073163,5,2.7313721698397755,No
56,16,Technology,4.593903744361769,3.2175109437674787,11.042939584998882,1.4472162142101128,2,3.008414112024142,55.9245392142559,2.6791630460145797,28,0,9,6,67.55193877446995,5,3.5904239833750893,Yes
30,16,Operations,1.5862655407405064,1.5862655407405064,5.367915134516723,0.40593608256552094,3,3.1989568140317677,56.06416047030921,3.1043501630217705,25,0,7,5,18.748405225647545,2,3.580236959250673,No
36,17,HR,0.35578236564679827,0.35578236564679827,10.316239255664692,1.3140736070469856,3,2.711849448835747,52.51683567915611,2.912000716965496,38,0,7,3,10.191498269677219,5,4.07360030845365,No
34,20,Marketing,5.499635681756655,0.345502959018222,13.387297381849027,2.614422397112949,3,2.7242177658835165,80.50760069438284,2.0765137139459,26,0,8,2,21.747377268761078,5,3.231755883144462,Yes
29,14,Operations,1.7252976768374322,1.0543073017644495,7.310905976644995,1.2206604978191629,3,2.7985293781634217,46.268265702520196,3.0806560987513554,19,1,4,5,21.381297607277862,5,2.9922331910835465,No
47,16,Sales,10.578769144817205,4.508951835175614,16.08024881193192,3.083194333261579,3,3.1026123761073494,98.61074166463656,4.212128885408278,24,0,8,5,48.631963343528675,5,2.5541156511141403,Yes
25,16,Technology,1.0740211413461986,1.0740211413461986,6.918262993247412,0.6454289137095051,2,3.9253422550591464,44.43084000822055,3.811160903355881,14,0,6,4,48.75679656282565,2,4.892585528554541,No
27,16,Technology,11.364210242381446,2.0882161968195025,20.5251715538168,4.090278294842742,3,3.392409109089934,84.39853000985366,3.1141553406012554,29,0,8,5,34.831395783197166,2,3.998306624237106,No
36,18,Marketing,4.118758898397041,0.7365450973080585,9.345380738973667,1.452463787263953,3,2.8096851572413533,66.97678903569809,3.410028591340772,33,1,13,5,41.60042227503331,5,3.172160771345707,No
22,13,Technology,1.200524625234896,1.200524625234896,11.088366702993822,1.2533847577040342,3,3.38093380005428,27.016343210173837,3.1025323985622424,7,0,3,3,12.014908179771641,2,3.6314666023546094,No
36,13,Technology,0.5440883739702358,0.5440883739702358,13.468146046312848,2.0091629210301627,4,2.716941218284619,20.11684346933738,2.7985561002956953,81,0,11,8,20.701992414651112,1,1.59553274257454,No
51,17,Sales,2.5262236720151763,1.1894018377788218,6.2642885888142015,0.780281989526246,4,3.3845249315348376,49.2446223865373,4.178764554515231,11,0,7,4,32.08821237385698,4,2.897409624722617,No
44,16,HR,0.3,0.3,6.586221869265224,0.6809313951460642,4,4.401328677219379,57.30857609000521,2.9958819389101605,11,0,4,3,16.11866005650019,3,3.696865258004044,No
26,18,Marketing,5.58937646005276,2.4816898265418446,17.23851966047093,3.1560080903258343,4,4.101543935505405,70.45316919333996,3.5247565417993467,22,1,6,5,21.088076700225553,2,3.972458037058436,No
33,13,Marketing,0.47916455961975557,0.47916455961975557,9.575890606038074,0.9107802424151701,4,4.07653082083119,51.0514387813312,3.1789613438708013,48,0,10,4,43.0319683002455,4,5,No
25,14,Finance,1.1175804957785234,1.1175804957785234,15.402791327242515,1.1281151474952453,2,5,90.74923326419153,3.903704816310389,29,0,7,6,11.417838914724138,1,4.307343888272299,No
34,20,Finance,2.0356005163760917,0.3,7.352788310892161,1.318264214932868,3,3.596139272703391,43.6857486049922,3.696760737809052,93,0,14,6,27.10788709696595,2,3.7877958533786678,No
35,18,Marketing,1.8226780677508951,1.8226780677508951,12.192621244634433,1.0723185312266281,3,3.68166710715261,68.23926282437347,2.204801660822263,40,1,6,1,12.47043645393494,5,2.894844418936855,Yes
46,15,Technology,0.45733797210139426,0.45733797210139426,7.071677027369122,0.9173256639050699,3,2.883932755293261,63.69499004496555,3.894391129911715,44,0,9,5,44.81586194147482,0,1.8570058316077582,No
36,17,Sales,1.0537831638314936,0.7559894989601208,6.560847871893353,0.45284944379826025,5,2.60977536147686,78.41024148758484,2.1765877682540875,32,0,11,6,45.669214907068664,3,3.6418757259076857,Yes
28,12,Sales,7.86929437522124,3.6729110739023008,17.010510388164246,3.034049706928054,4,3.6853872928184677,65.14079912261386,4.809363404060705,11,0,5,0,12.06766818666393,4,2.708003663228908,No
21,15,Technology,2.227330677068964,2.227330677068964,11.431858542222477,1.5442550008521676,3,4.216629178394324,65.66165232195637,3.521895503146215,43,1,9,3,61.404826130901135,1,3.323620709992588,No
21,16,Sales,3.5153106517503256,3.5153106517503256,10.459318892139894,1.7588841586260782,3,3.0871849195466745,90.98201901955845,3.8804741019206634,41,1,6,5,59.080453999421756,1,4.556935998910043,Yes
37,16,Marketing,1.1984604187864203,0.9450081500183751,8.463901499893037,0.41782569920053486,3,4.307090041328356,56.834243772051096,3.0048884087378895,36,0,9,7,21.184618499254402,3,3.7552455090721746,No
47,12,Marketing,1.1392372644203501,1.1392372644203501,10.531251721912257,1.9249490424363875,4,3.392416062306829,51.49078790686105,3.9789517033324335,36,0,5,5,50.366276804781805,2,3.9591047830222106,No
21,13,Technology,1.0499773511527322,1.0499773511527322,7.060668372901292,0.6461895234687713,4,3.4798552066313526,52.20936553147702,3.2118719799915714,20,0,5,1,17.96329759982285,3,2.2396820812880454,No
29,16,Finance,2.463553720605519,0.3536592219686905,12.167082244171256,1.6153066198393748,3,4.408071994546325,63.16807493265004,3.297682480587758,62,0,10,3,25.56528983264975,0,4.035755223013131,No
32,15,Sales,2.7232317098816368,0.3,9.101496125205289,1.464694763282764,2,3.897707537532067,43.11232887920649,2.1708160987212155,8,0,5,6,44.854441816519596,2,2.1523959711081027,No
35,12,Technology,4.783383110837718,4.437309577248677,8.832525639265013,1.3315276274248242,3,2.69537169315724,45.598048756011,2.80723183737172,22,0,7,2,13.905154981809067,3,2.7303111411675074,No
34,17,Sales,8.5944647253998685,5.617190293901179,12.464607498822504,0.7929085698826936,4,4.405151528705968,42.77780392086223,3.8084323114883665,28,0,6,5,16.202565770409198,4,4.187509760934766,No
32,19,Sales,7.013602205172269,5.595520209650153,16.078999737982826,2.995641173110373,1,3.722407738673018,64.08167968817969,3.671945015671207,18,1,8,6,33.7360393243989,3,2.5297220970783756,Yes
32,17,Sales,12.387786595957003,3.3088602344202376,23.051302537890802,2.2683519862810613,4,2.874235052801354,50.63147031397425,3.8222335675851435,36,0,11,1,12.424378623748302,5,2.8466515759395725,No
27,15,Operations,1.741343313612019,1.741343313612019,7.492920162864868,1.2918402116504537,4,3.221503920886175,67.78343715974995,2.5264798546714746,47,0,9,1,11.08347337419665,1,2.860049234614714,No
38,17,Technology,2.8834352513748853,2.8834352513748853,11.656249427962686,0.8102802958063248,4,2.0975429448931764,49.70411392039401,3.009205716101675,25,0,7,7,79.97544799340557,1,3.3847846341054573,No
50,18,Operations,23.622985298776527,7.834683806411642,44.69770931760734,3.795531959091515,3,1.8175049718363956,34.682644790009064,1.8053903908129245,19,0,8,4,2.859706611311659,3,2.446461487310235,No
30,14,Operations,2.319615163024385,0.705315602237885,11.012492962628809,0.7898838516161258,2,2.792695671683341,42.469262979800064,1.6930744441164591,19,0,7,8,43.83797686208809,1,3.710602358995707,No
31,16,Operations,5.8021056835943385,5.8021056835943385,12.840706924392187,1.3089184142108816,4,2.8134080938593446,50.03017744186899,4.2827816296352275,43,0,8,9,13.797831883836396,3,2.563823609567288,No
28,16,Sales,2.6445142234552144,2.6103296423558393,11.244855868706624,1.4998781043473146,3,2.311344927137392,41.44726249382686,3.5452597866673554,52,0,10,8,53.01160000653204,5,1.2782771533956483,No
31,17,Technology,2.7276535574051297,2.7276535574051297,10.939530483816196,1.5463011969027065,3,2.322743749541372,76.72696002815648,2.5004430619233244,30,1,9,7,26.645332882744768,3,2.6968831410329615,No
32,18,Finance,1.530182097820646,1.530182097820646,10.372880056182598,1.8778319699614645,4,4.061690598095907,80.59773703294981,3.3230899105671208,17,0,5,2,13.433805971071347,4,3.345493597844667,No
37,12,Finance,2.639193603723855,2.639193603723855,8.427898559890718,1.5925873059306994,2,3.8271468270770783,34.94122012578332,3.016290191961721,19,1,7,1,15.565218029103264,3,4.382742199904168,No
43,13,Operations,0.3,0.3,7.1674336692896565,0.7956945377765182,4,2.2854959978861196,70.01726480717551,1.9035478113329602,53,0,11,8,64.49000638090494,5,4.0423969539046825,Yes
45,17,Sales,5.582281896722542,2.11701195992516,8.429650625621901,0.6549674570934223,2,2.584848589237152,36.5575306264689,3.306967003283766,30,1,8,5,10.665768042316794,1,3.3470523621982755,No
33,17,Sales,0.4292576574876337,0.3134497288401691,9.855827457617243,0.868716950168709,4,3.1624118314563345,43.506582669618666,1.9824245914785574,22,1,6,2,16.10994831296959,2,4.47729609800034,No
32,12,Marketing,6.00359410424812,4.524103832537726,11.966469100598188,1.1930415943195678,4,4.29847392751822,39.742173685221594,3.804019631359695,13,0,6,5,39.698457860814976,5,4.8101936025017515,No
31,15,Technology,0.4155330537686915,0.4155330537686915,13.847283556406554,2.487597044233491,4,3.666197661982344,80.7117915840469,2.9162327894144076,29,0,9,3,22.3821181202282,3,4.864559825045068,Yes
40,12,Technology,1.3567170183427089,0.3450994700934059,4.58203977443602,0.719363145458695,3,4.092244013555351,83.65128474754158,4.0825616221866765,21,0,8,7,12.179169303598197,1,1.526384768041312,Yes
43,15,Technology,0.8582167375124068,0.3,10.235297920247897,0.69123267591285,4,3.2106202770707317,37.86078815720249,2.800491669016706,41,1,6,3,40.77844464364865,0,3.4874840171765746,No
43,17,Operations,0.315571828577551,0.315571828577551,7.499892670380085,1.292133113882034,3,3.927366532671959,63.97710558076715,1.5079900747493442,37,0,5,4,31.48049607855084,2,3.410225218787353,Yes
34,19,Marketing,5.329490372830072,5.329490372830072,14.532806793828923,1.0638591312068721,3,3.187408536358633,71.18558663881805,3.5361242076027137,21,0,8,5,34.2991241245718,2,4.893861999664026,Yes
27,16,Technology,6.766367447979096,0.3,18.48507431460656,2.3297615416756767,3,2.9680142961693585,44.80111739172545,4.2869703103948,30,0,9,3,31.101124673169412,1,2.7337898870553476,No
36,17,HR,2.7739522346427914,2.7739522346427914,11.489493007487505,2.153974922197363,5,3.7931520546838904,65.15023098670885,3.2816293651144677,92,1,14,4,24.346050451730935,3,2.937454340825157,No
39,12,Sales,3.5280977606458337,2.797641642913949,9.63580711621002,0.9158018217841855,5,3.4225200175815265,39.955591374375174,3.236063438934648,16,1,8,3,22.945475397801868,2,3.572259679995786,No
35,20,Finance,5.194407131472843,5.104878564097709,7.584199473420761,0.9080872992251108,3,2.914627047319875,58.403087565830816,3.073210964024553,26,0,7,5,39.12867736590258,3,2.00219662300722,No
44,16,Technology,0.32487390665190335,0.32487390665190335,9.798548229630894,1.1657494892355391,4,2.807832639892712,55.44875633428493,3.1065249386283553,33,1,8,7,19.429736010702047,0,3.7900417395677035,No
21,17,Technology,8.8661348903445,3.862500104783532,10.472786230733254,0.6624250316043117,3,2.7007353691778264,15.157374592632214,1.1283181811235896,25,0,10,9,44.131546323391596,4,2.8168726842278855,No
35,15,Operations,1.1458394971087622,1.1458394971087622,11.84002117101283,1.7771475859571921,2,2.104541267120252,67.21948459876596,4.3148084933104345,49,0,6,8,23.07926148031622,1,4.024480097491139,Yes
32,17,Sales,2.2505137386133693,1.140574281065217,11.020956273998218,0.6170023140270317,4,2.003192094915489,51.96882350805604,2.9170861729038773,68,0,14,2,34.14881258830422,5,3.039030560553392,No
45,20,Marketing,4.354687129094419,4.354687129094419,9.762216551997088,1.5883607868249126,3,3.6183405401170363,38.783498536262265,2.8955691789310456,39,1,9,6,34.318727380859634,5,4.086256032206611,No
21,12,Sales,0.3,0.3,7.77813071990219,1.0845445070163695,5,3.492764763677934,41.97083555940528,2.4860299878729895,22,0,6,4,15.20211665484332,3,3.9283627218670745,No
32,17,Sales,1.4427140406648695,0.31104979600732896,9.990341989355855,1.6698796166724574,3,2.9930738736852427,66.96535651032681,2.998244764991072,35,0,6,7,30.32467172398558,5,3.9577374940478816,No
36,16,Finance,2.215753946870088,2.215753946870088,10.718150897698505,1.74072358748842,4,3.357285719306878,51.15301893287983,2.488532911056035,48,1,8,5,48.90717663454636,3,3.3538396934594954,No
37,18,HR,3.95810349718811,0.3,12.516782010193447,1.2494669131751326,3,3.1987800252032015,68.1562702578531,3.5786246589966297,51,1,12,6,42.4234848341126,3,3.6504162701852554,No
44,18,Sales,3.970289138418605,3.782645782168687,9.349573234676152,1.1943537326390183,3,3.7947862441337725,72.48610519201529,3.592731255470392,53,1,11,5,18.860120007859067,0,3.5860837352453343,No
30,18,Technology,6.094103114375905,6.094103114375905,14.23483859488242,0.8898284507875217,4,3.460446925072267,54.29465933453157,1.810420591270003,55,0,11,2,25.422743520733402,2,3.315529344678721,No
44,19,Finance,8.458063064672318,3.6837371337097973,10.65722357221549,1.74631744358606,3,3.4876594149112825,58.295530383924095,4.5094461823362835,35,0,8,3,19.88625766786652,3,3.5596607476076914,No
26,20,HR,2.8945883194579602,2.7049977144773174,11.225372657497457,2.0217474095919767,4,2.7984654011171326,66.12956585681114,2.21487549394423,37,0,9,4,14.70947575026641,3,4.518624710833975,No
28,18,Sales,7.832016756067362,3.611504702606461,11.732697796900819,2.0246097487307884,3,2.513992651305022,63.70327742428682,1.6815630343303958,16,1,7,6,31.592891270936406,2,5,Yes
46,17,Operations,3.1920023670345556,3.1920023670345556,8.767355810420195,1.5566123838665766,3,1.7060741643536128,59.761438357889055,2.9290082889241336,14,0,5,6,57.04316478803621,3,4.607975596139395,Yes
51,18,Sales,9.539226803443759,0.7853002800276142,14.454150907966978,1.8697319549704352,5,3.5984993406088637,53.10665767008299,2.7784332748876346,26,0,7,4,11.92098795306625,3,2.633559499963182,No
31,15,Technology,12.143885309909473,1.447052919540544,20.066490355759843,3.7969878539379205,2,3.192343052987632,32.19321007975139,3.2849038129882517,33,1,9,4,9.275005407399773,4,3.4897794768357526,No
34,14,Sales,0.5093266112554308,0.5093266112554308,7.925091770863835,1.6038696984038399,2,3.218257800195206,43.215241470729815,3.880388417355442,47,1,7,5,29.344549410129417,4,3.3665807472175517,No
34,16,HR,0.33566573129562055,0.33566573129562055,7.936149597565326,1.3983194928483986,4,3.0909048471366827,69.74126407561016,4.412533122721704,44,0,7,2,20.263914130001268,1,2.631698156435372,No
49,17,Technology,2.852839664919199,2.015087351196831,12.574693984130624,2.178587921666642,3,4.197428929100712,63.19999131193277,1,18,0,8,5,29.086805010705387,5,3.6518261885060905,No
33,12,Sales,8.656273155638324,7.833710451661156,17.398999097461104,2.49784189815032,4,3.101738833507382,94.23979368244092,5,35,0,11,7,2.8713020871570456,4,4.063692507660572,No
29,17,Technology,2.989383400089754,0.3849311475799604,6.934514883337368,0.6149815586693185,3,3.4747917170801013,52.33421970947702,3.9885784490170666,26,0,11,7,19.7759340757508,2,4.170153165139587,No
31,17,Sales,0.3,0.3,8.53364914722831,0.9309360334392883,2,3.1900002445336906,42.14394752373693,3.67067980717268,30,0,8,2,16.6274204157219,5,2.3388881575602314,No
45,17,HR,0.9858036036742575,0.9858036036742575,7.775853061746368,0.8165058364364377,3,3.695996561072022,42.61313358147832,2.2009313658998746,41,0,7,2,11.441010514569212,3,2.67580520434795,No
28,14,Technology,2.092083480319633,2.092083480319633,12.735778614953373,0.659343669595686,3,3.098169573022808,82.58570090735276,3.686641636421603,44,0,6,4,20.430279251451765,4,3.7383191802543627,Yes
44,15,Sales,10.436167083217365,3.5024819647674903,17.348121874515154,3.3005014989723644,3,2.000713378774129,66.37609650930514,3.605036396423887,28,0,7,4,16.739810225159804,0,4.070059920666995,Yes
27,15,Marketing,4.257226634947505,4.257226634947505,7.418966234603684,1.3565003700404792,4,3.89109688722143,74.86506894749922,4.283999411094867,15,1,6,4,39.87840607102426,0,4.302747103746596,No
30,16,Operations,7.9605932320009725,5.649586438032244,10.629053881733514,0.9800465543452088,3,4.203107742368157,51.76736833943877,3.106414295642493,21,0,2,4,22.681999715536346,2,4.189529557552048,No
31,16,Marketing,8.263270393014885,6.39745045598636,9.8988586476645,0.7264255705266747,4,3.777019676752553,52.508837143388085,3.7063053057266515,36,1,11,8,19.686266330959036,1,4.6353867212738376,No
39,19,Operations,1.435096375800695,1.435096375800695,9.581196120406366,0.9772004642666824,3,4.000412612020131,68.23910216386564,1.404126678286027,35,0,7,4,36.044061644751594,5,4.4413757347770115,Yes
43,15,Marketing,1.7770143312532989,1.7770143312532989,7.679627380911841,1.0026495893323832,2,3.890720440984591,49.321299959288666,1.6691620170815236,13,0,6,2,32.98164856258491,2,4.275680073391547,Yes
40,16,Finance,6.97226863670057,2.401568068101349,10.931226504788537,0.9905640400593516,3,3.09601242386073,45.98080812990385,3.835630839805077,43,0,9,4,9.914060132116548,4,4.271228129781477,No
27,18,Sales,6.307153455819028,2.3796562177401452,11.257487330145285,1.4922991063873259,2,2.5127024859219236,47.34221417189711,3.12714366489421,41,0,6,1,19.150190874160813,0,2.2132615031523395,No
53,16,HR,5.565933976777771,3.8422201059190506,8.898441307925326,1.3984160730481345,3,3.99805064605083,86.3010303656451,2.387485794296394,45,1,8,5,18.368990210289,4,4.4238001000246365,No
38,16,HR,4.214607601537442,4.214607601537442,9.330890715734036,0.6375488011472582,4,3.1005771634162507,70.80743353038893,3.5159072571745247,43,0,10,2,26.051668942599278,0,4.57456147729948,No
34,18,Finance,3.776728305776508,3.776728305776508,13.91258097677284,1.268332765617963,4,3.3745138337511897,40.05524889646813,2.9912957280695465,41,1,8,3,48.769913521083055,2,3.4689403611265055,No
43,19,Sales,21.377709361280463,8.442339306250664,27.363971795485426,3.2284236362552368,4,3.998073934496495,47.983881524594224,3.2970624735168856,38,0,11,3,19.69519966915823,3,2.1406065240759813,No
40,16,Technology,16.25615294992446,7.332328397562791,19.576015913815883,3.3709557827347005,4,3.5138038115201944,64.28623215592961,2.700418487891808,35,1,11,6,27.978853950315926,5,4.586086381410058,No
24,14,Technology,1.1739797453806,1.1739797453806,11.350302465334051,1.958453700241454,4,4.425425611587984,58.56738534734393,2.398491474410026,49,0,12,3,22.30472919673465,3,3.2690764233879435,No
50,14,Technology,2.7583018390160285,2.7583018390160285,8.187252890650129,0.6242187286602343,5,3.502802458051712,45.97055092189112,4.293642917227042,39,0,10,7,28.621304372204843,3,2.3898660199379886,No
40,17,Finance,2.2475578472756146,1.4659698788028765,12.796176396181421,0.9728782896074042,4,4.68432610705409,98.3789099637537,3.4127643229971745,31,1,5,5,22.54515892222966,3,2.6229165551194047,Yes
37,16,Marketing,3.056573275016387,2.8365260741525677,13.093242510845718,1.4772662645198698,4,4.283351838294526,72.96743060850693,2.18208042416918,27,0,6,0,29.073230860229668,2,2.65745281488996,Yes
40,17,Marketing,7.273008031305404,4.9767933286333195,11.320769399430338,2.11457441246402,3,2.998300985594882,100,4.009787943610673,27,0,8,1,11.576990668540493,3,2.2475596441528674,No
32,18,Operations,0.3,0.3,9.357335235256004,1.1425874029301366,3,3.520826094710447,82.28005426072119,3.2110702917424323,45,0,8,4,31.95564866998538,0,4.84070448071609,Yes
29,19,Technology,3.2623577779191977,3.2623577779191977,17.369652141569002,1.844802995991132,3,4.438822885911692,75.76264428302214,3.5647599705925326,5,1,5,4,32.02095456981898,3,3.7806904737505596,No
46,16,HR,0.3,0.3,7.107637024628446,0.7728247048626223,4,3.7989195949913293,66.98999921811165,1.8000738504080063,33,0,7,5,15.412517921910315,4,3.1271157157896328,No
39,16,HR,6.150169044582133,1.9127205468855368,14.291536169428952,1.0712405352747965,3,3.9888295594182885,61.06689823839688,1.9884457958849602,40,0,11,4,22.087394611028436,3,3.50653213540601,No
33,15,HR,2.217674389572156,2.140872513162719,7.792836215740066,0.5992864102721743,4,2.8944513452191467,22.850241976924483,3.1871661894957866,13,0,7,8,54.45910691838389,0,3.347343830762832,No
47,15,Sales,3.294864852378297,3.294864852378297,11.318884881145685,1.460872029112594,4,2.8178818641013743,65.3232709158357,2.5036359746457557,29,1,6,5,53.9463241132728,5,3.3514248666248627,Yes
32,17,Marketing,12.956941977420724,4.83551120336381,22.957348790097686,1.6911262836066214,3,2.5249719097183663,60.830571283397546,2.1028339162670493,45,1,11,3,33.14990080416019,3,4.02458639656867,No
31,17,Marketing,4.650420031615917,2.2897982071371317,12.167487126101063,0.9305518782774118,3,4.472324802527951,64.3034880656213,2.6902872775451483,17,1,7,4,34.96025559950834,2,3.5691983556498346,No
22,14,Finance,10.292775858003159,3.4562861744124795,13.967834942293386,2.5319551315698083,2,4.477366588792458,67.96713438776162,3.7264698439648014,31,1,9,2,33.356967209450694,4,2.330279561470338,No
46,18,Operations,7.565788946761272,4.967667194656902,17.020781863276312,0.9120203126555508,3,1.6049059719901824,53.682844957167575,3.3840580094094075,22,0,6,7,15.666081775639432,2,3.320587483206895,No
39,12,Operations,1.6109027663722022,1.6109027663722022,7.296364159692402,1.1910172435372977,4,3.2881161335598623,68.32217545684564,4.188764539897585,27,0,9,6,21.971166327600937,3,3.907829609394063,No
36,18,Technology,12.31975461052382,8.778386542817021,14.422452024884553,2.2588839065096717,5,3.1085550846713357,73.37584138486791,3.189934684425041,14,1,8,4,16.20060277778344,5,2.37727950473332,No
47,16,Sales,18.617596643488884,9.648996661076298,28.354808490651912,4.681695199898908,2,3.3075243865523394,59.767092405407816,3.294294729448101,50,1,12,2,37.88478558698019,0,3.062818802495187,No
34,19,Sales,19.052706389559543,11.128724170580524,19.23228262833836,3.4412892694672346,4,3.199052610284399,53.507551437418996,2.6105681003187486,41,0,14,7,27.716127086924295,4,3.019294251135958,No
44,15,Technology,2.508369208751006,2.508369208751006,5.336706233988706,0.6019972849326455,2,3.398081935186001,57.43227567656908,2.2058677190289564,33,0,7,5,16.11482063777587,4,2.643422909678148,Yes
34,14,Finance,2.3686186862664522,2.3686186862664522,12.432388754780115,0.9162477069029169,4,4.407596428672302,66.55939495336204,3.2273590667163727,24,0,7,3,36.003812400246645,4,3.99063384654009,No
32,17,Operations,2.979357368603765,2.012436774573827,8.408024729151329,0.7141364040829957,3,2.591037388706944,65.7574301468687,3.591759121247403,59,1,12,2,74.23266367120226,0,4.026627990139269,No
36,16,Technology,6.113457906804667,0.9373534152966964,9.820897883305038,1.6876503020408153,3,3.4970637972244023,73.24074937504705,2.931270580473893,42,0,9,6,8.387125457920916,0,3.864769536925196,No
27,17,Finance,1.100109973002001,0.4384207884357053,7.88720596504224,1.2724139978583322,2,4.3996391527306775,69.6968301455022,2.898663231538931,35,1,9,4,38.09946624751891,4,5,No
44,19,Technology,5.776238139185822,2.0277485768240773,12.314121545945,2.36956434771713,4,3.485591154267549,53.74429176870612,3.5179348502858163,20,1,8,5,23.453772524341783,0,4.0004872573365855,No
36,19,Technology,9.19128911521829,6.302244141455267,13.370892713486798,2.644015666284609,3,2.4133019465876977,38.77281413354182,3.199141321221228,13,1,7,2,51.59652126117854,4,2.114722340547925,No
31,16,HR,0.7961696887826065,0.3,7.554021319701103,0.4713484620452554,3,1.90460915654021,82.34388801444918,3.3882198297263098,14,0,4,2,8.513090138900695,0,3.6030739557765665,No
22,19,Technology,12.155012495627412,4.490864229803381,23.03920391408443,1.2287694911217522,5,2.268566216544621,47.60332056748742,3.5723413516575007,57,0,11,1,26.439625336385223,2,2.900078079177094,No
25,17,Finance,2.2774659571301887,2.2774659571301887,5.639969886500365,0.9368146277501364,4,3.4161998415908483,64.70958039646702,3.0794602925080854,17,1,7,4,28.223285809352767,1,3.3934896766315825,No
34,12,HR,2.0675537015105694,1.729577128452988,10.794909835099277,1.039988847424033,2,3.6173886964683617,44.28056012940585,3.310734009540997,52,0,11,3,15.433174956341368,4,2.7869412590987186,No
37,14,HR,1.3916814025757662,0.400863854053917,7.9109115126950575,1.209617953751118,3,3.1155092902565733,62.11999432560427,3.781036936718516,41,0,6,1,32.46877599764126,3,1.4605946036180766,Yes
29,20,Finance,7.485777385552163,5.127772655820729,10.887229000737861,0.6774806984191052,4,2.8165658339646544,73.62786232238888,4.393900549710768,39,0,8,5,12.517164860401575,3,2.976611675033076,No
32,19,Technology,2.7328969770691387,1.425702741337676,6.921425809049701,0.5276664726450453,3,3.6892142178566565,64.43353593666272,3.7373849543969566,34,0,10,2,29.117017729147392,0,3.1214266720794726,No
39,15,Technology,10.301468261010267,6.7169949973084835,18.06161424675727,1.4833638128504971,3,4.210788536082206,69.06147260857074,2.966865803726397,19,1,8,2,48.065963489562456,5,2.703562538937233,Yes
41,16,Technology,0.4374543475179348,0.4374543475179348,7.7830610771175675,0.757415128340521,3,4.078233463022546,74.30751697562216,3.577165174831324,34,0,5,5,68.78783162115431,4,3.9192285017792754,Yes
33,18,Operations,0.7684590915562276,0.7684590915562276,8.505445605828935,1.694441761841537,3,3.7000039745572346,46.15242032664336,1.089120750877724,60,1,11,6,37.82927788450374,0,4.998863879579048,No
28,16,Sales,0.6914096367327901,0.3867827518120633,11.26406589470244,1.028673070877569,4,3.4921470596765785,75.54905315784157,2.231675939682495,19,0,7,2,54.43895275247182,0,3.1693402790959824,Yes
27,15,Technology,3.721768967383333,3.721768967383333,16.068656037158977,1.2730611089941222,2,3.004586736465818,61.409900082880526,3.9961526289904854,30,0,9,7,31.082224719162273,2,2.1057443884157605,No
53,16,Operations,9.782215868338648,3.04948994782415,12.290695245922473,1.7400938721583403,3,4.7145713783299,64.50331698388284,4.13336715830598,34,0,8,3,32.97203025488497,0,3.3707816385705036,No
30,13,Sales,7.161844587742739,2.568332922699511,18.721761728703285,1.2110311116823298,4,3.866748888343721,58.3123121021411,4.003470651486137,29,0,5,3,18.691046108461165,5,3.7739801336675387,No
38,12,Finance,4.248861458391247,0.3402198311334892,10.473892534741035,1.891534998694944,4,3.7901691576767518,62.7875472416816,4.201776980608205,60,1,12,5,14.987881142249192,5,3.482553563580697,No
