Age,Education_Years,Department,Tenure_Years,Years_Current_Role,Base_Salary_Lakh,Annual_Bonus_Lakh,Job_Satisfaction,Manager_Support,Workload_Index,Work_Life_Balance,Training_Hours,Promotion_Last_3Y,Projects_Completed,Absenteeism_Days,Overtime_Hours,Remote_Work_Days,Engagement_Score,Attrition
32,16,Operations,3.7778064963392706,3.7778064963392706,8.230886425787736,0.49136155876749105,4,3.282887407386905,26.829845267842778,3.0073433513025583,28,1,5,5,30.805076270780358,0,4.979398997217109,No
35,17,Sales,7.950933631127549,6.351411458174507,11.699166988100966,1.9041159573976287,4,3.3830955357234775,29.340372098216367,3.587307023248868,13,1,7,7,23.137539536829326,5,3.342535141472253,No
42,16,Technology,6.668746541952404,4.414577539955573,12.82390474475551,0.8718948820576359,1,4.125156566617597,42.87730482017178,2.594853887978939,17,0,4,4,24.6479967503839,2,2.6260837142041122,Yes
37,13,HR,2.6425693729269666,2.6425693729269666,6.849004335506956,0.6469224272666916,5,3.198997377739721,56.27370791501567,3.493183718512934,53,1,10,2,10.25323648607734,2,2.7242412114539265,No
41,16,Operations,6.235167514699659,1.8542537256312497,10.719115250269844,0.6014444704277652,3,4.294337579452795,58.04638036442108,3.6907004042713436,37,1,10,2,43.09567859485616,3,2.29676176175746,No
32,17,Finance,8.47901044003592,3.5611058734427505,9.858610422389972,0.7365935546326846,4,3.585205374847491,37.65514745301804,1.691704710845076,36,0,8,12,45.01446924960054,4,3.3116663968966855,No
46,18,Operations,7.5690187420586685,4.790029779646241,16.984086451304584,0.9211117954979462,3,1.6047453976288528,54.230010375930554,3.4071907111349793,23,0,6,7,15.652952003868254,2,3.3127807327152445,No
34,20,Marketing,5.50851221136489,0.3468143015889242,13.365767099808787,2.5994039567032887,3,2.708034691084713,80.76049434259784,2.0981821090918404,25,0,8,2,21.912054326979767,5,3.2188672143080823,Yes
29,19,Sales,10.389626321697563,5.589341151913962,16.218804400012736,3.2375586125787135,3,3.790990765087131,45.49662326564514,3.2759374027140304,21,1,6,6,21.525565123337522,4,2.3498635964616525,No
39,18,Operations,7.425655390383145,6.443236575376653,13.804088458873707,2.706952847943856,3,4.197283235281912,52.5533037717349,4.61573113242757,20,1,6,2,20.484643656585742,2,2.7231163438427908,No
35,14,Technology,10.149413521466391,5.813203429389499,14.141620366507214,2.4744160661163583,3,3.378504674487023,68.43178268336348,2.878111755620831,23,0,8,4,10.952284972067856,5,3.7221173469791586,No
43,13,Sales,3.982728791430848,3.982728791430848,9.371820236128348,0.6397866425544665,4,3.2893851060000268,83.18655912108177,2.6983392436454587,41,0,8,9,80,3,3.0310460742432754,Yes
45,17,HR,1.0039257532710812,1.0039257532710812,7.8332954100438785,0.8043474559233514,3,3.685302696517173,43.09675887131997,2.195309027961695,41,0,7,2,11.015702880950919,3,2.7704700290153683,No
46,15,Sales,0.636951344334167,0.636951344334167,9.717362926098753,1.077145013988251,4,3.3415351183715685,56.41465801948793,3.50402542965067,46,1,10,2,27.459856620541633,0,2.8669582554728117,No
36,17,Marketing,2.6285191941655417,2.6285191941655417,15.57939428755692,1.2802925312452702,3,4.381294464346551,45.04280332168049,3.5812958447052354,61,0,13,5,7.375031448768581,3,4.0074322411248,No
37,19,Operations,0.8478592123337525,0.8478592123337525,6.4533333362784076,0.6732719982146028,4,4.7169152648930535,45.96100997293894,2.869765710632075,9,1,7,4,15.263827341934384,2,3.621466384370398,No
40,14,Finance,10.814674463441932,6.088681752918252,22.764377180332385,2.0103519740569946,4,3.787268806027107,38.11271092341994,4.862561444507559,12,1,6,2,10.74198689502614,2,3.7141928394437036,No
29,15,Sales,4.910627364556932,3.7780276035702567,15.218517016989964,1.674026588022977,4,3.4988643687566268,76.25485880218015,4.1118265756421195,47,1,9,6,53.047926070136256,2,2.771675968319424,Yes
44,14,Technology,5.672915447247486,5.672915447247486,12.004602483438516,1.1514604679286986,3,5,73.78260583994279,3.099257010286561,46,0,11,4,35.4085889523584,3,2.7063387401036496,No
32,17,Operations,0.43403194241112597,0.43403194241112597,8.16882540124229,1.3376165876541706,3,5,57.83377989252944,1.697414836409356,21,0,8,5,67.65882448055035,1,1.428121968197273,No
40,17,Operations,4.385007221595597,4.385007221595597,6.018642719702897,0.31336379153552774,4,3.712276059207918,33.66859529730512,4.22631373549282,41,0,9,6,55.855684850035594,0,3.8896655541115646,No
49,13,Operations,5.152381888397546,2.475409583258496,11.303878276962813,1.6120483536828518,4,3.4994175674195898,36.3016500474328,2.6850465887265003,16,0,5,4,25.792850070794113,4,2.800024600909539,No
36,16,Marketing,6.738092238336132,0.5868649538910039,13.595215714958119,2.552794681483416,4,4.2212630358390815,39.61783796301043,3.6007936981890394,11,0,8,4,18.405893353626997,2,3.499701245469049,No
32,17,Operations,3.154368615265008,2.0625112363980738,8.445389094793512,0.7150166110978425,3,2.5782772164430683,66.20820257224005,3.5968519443163998,59,1,12,2,74.60307146441468,0,4.0145870958510805,No
41,14,Finance,0.9778726231211855,0.9778726231211855,8.324067819746428,1.6041493734447019,4,3.5275670165483413,46.58133247644989,4.220607151443792,35,0,6,5,42.88021670386968,4,2.7695542744203014,No
45,18,Technology,21.62888622016217,10.64838109201169,21.372024756054017,3.5018426161222784,3,3.016004320398947,38.88341561014391,4.2059618216886125,20,0,8,10,27.758063861984073,4,2.46555426116381,No
43,16,Sales,16.02397115691239,4.859899250160521,21.80770398562572,4.291655536909643,4,3.2867749622953877,55.80843285983655,3.6007391104578477,41,1,12,6,14.699380860299343,4,4.638807009580286,No
35,16,Operations,0.3,0.3,13.43947060804572,0.8888771739986999,3,3.516136446970101,71.43753640442179,2.314760444988723,44,1,5,4,12.515151328293504,2,2.61198568439857,No
32,20,Operations,0.641744975827226,0.641744975827226,7.242045902970772,0.741707875016186,2,3.3985592769281006,18.085700042956258,2.695077868765302,35,1,8,3,30.739507280250418,2,2.5330450864752296,No
31,16,HR,0.8299844449572998,0.3,7.702533654525729,0.43425395710018794,3,1.90894905047508,81.99291530772469,3.4121889771045404,14,0,4,2,8.863808238146586,0,3.5952399565383257,No
26,12,Technology,2.896453472137807,2.896453472137807,9.52377332256383,0.9075700181562558,4,2.305525896712167,67.95093981553724,2.3011458381058314,44,1,9,2,51.241589150432056,5,4.168858273303096,No
51,15,Marketing,1.9290241184494308,0.3,10.291789390230136,1.8949948901887363,3,3.9071175591104668,25.253201641756945,2.8967559511107104,14,1,7,3,14.855795568991722,0,2.54517580881043,No
46,16,Operations,4.142433014468278,3.6076404415147,9.646873148431224,0.6177817310031078,2,1.1867392696480963,67.3206455538796,3.402437856405423,29,0,9,3,24.16142959158695,0,3.060681378109766,Yes
27,17,Sales,2.0778807833287316,0.3,7.916170896817179,1.4609166961829323,3,2.4244024359699883,48.82995843595423,2.1084266990795264,33,0,8,5,20.178160594081074,0,3.3125734464901764,No
30,18,Sales,1.2286002491804084,1.2286002491804084,12.24336891567354,1.7702457654112536,4,4.3017742156727,63.69435502149265,2.6886225100245063,28,0,6,2,36.67305413376854,2,2.8265664920762625,Yes
26,16,Operations,1.631719281874046,1.631719281874046,8.116930592353508,0.6290687272373054,3,2.153704939637364,66.1689263644716,4.096339809621841,5,0,5,5,34.036457611913995,1,3.365523883457936,Yes
29,16,Operations,2.7825399940013886,2.7825399940013886,13.904260405730017,2.0361984483781086,5,3.8230779795177043,67.45625675594012,2.3923839716113116,36,0,10,5,10.725653542658184,4,3.1211787063269276,No
44,16,Technology,1.7246037840133308,1.7246037840133308,12.267339348463885,1.2328025339715558,3,4.102454985294623,53.302605058973306,4.211549010024148,66,0,12,7,11.335202149344779,4,4.512009106245524,No
42,16,Technology,0.49416478981785533,0.49416478981785533,10.630800322402818,0.9966413450261041,4,4.124844785253941,76.36469342938526,2.019793324836183,40,0,9,6,21.24217266606585,0,4.245050306573376,No
38,17,Operations,2.234763189461921,2.234763189461921,8.55140172969123,1.1713867016274557,4,4.001098678241979,50.503691598591224,2.2928376238335746,27,0,5,6,31.06874048385444,5,3.0614909556283454,No
38,19,Sales,14.142782699626341,6.915433609900649,9.78756048877622,0.7999821359039552,4,2.7124677687651815,18.609519466591234,3.8903794248086023,29,1,6,6,32.07478533613979,5,4.268940970686974,No
46,17,Sales,2.3937384392674703,2.3937384392674703,11.718165128132847,2.196960405276857,3,2.5087366475060975,66.04467747640199,1.7173933816475704,37,0,5,1,35.98849366678822,1,3.655122720660904,Yes
40,17,Sales,2.0006565290994875,2.0006565290994875,7.392545823270732,0.823722450194651,5,3.494688577232662,72.10555688553546,4.202230588212145,42,1,9,5,19.366605903222226,0,2.354224684371056,No
36,16,Sales,0.40025155827491754,0.40025155827491754,7.987985723185368,1.1398729153166065,4,4.192813215813793,54.402153065261885,2.8166066110115766,37,0,5,5,28.04631768567819,5,4.071258768305921,No
32,16,Sales,3.9516242580563183,3.9516242580563183,9.874971789304444,1.321158997609069,3,4.701448519749804,62.57666030852732,4.693100972877143,16,0,5,2,13.689302878240992,4,3.0491768324316744,No
46,16,Sales,4.77101923990552,4.77101923990552,13.35639523499099,2.437004798978294,2,1.9276798155094137,59.57923398582474,3.0166021338026585,20,0,5,3,56.575361656313106,4,2.928935087804669,Yes
27,16,Technology,1.063298363674598,1.063298363674598,7.9386254998726535,1.2102805611158973,3,3.389981246713417,71.46189768324948,4.668952466696298,37,0,7,7,37.736201480124976,3,3.439188398246604,Yes
49,16,Technology,1.5153942711744817,0.3157651273160778,5.875749884255944,0.9476511832505675,5,4.388653715561967,43.671167180460024,3.812808046624642,35,0,6,1,6.337327438325026,2,3.6555989353117626,No
38,18,HR,1.052390497382299,1.052390497382299,8.13366493264616,1.2190779477951514,4,4.320962984809241,73.31606644288084,2.981164352484675,27,0,7,2,36.988816877375655,3,3.635150308798139,No
23,18,Operations,1.4190351473676295,1.4190351473676295,8.919461521719457,1.6612563554966278,2,3.8975344449949,45.8825321173467,1.576749563121568,27,0,5,7,18.333442961212597,3,2.9310645334381182,No
43,20,Marketing,0.4596617829559345,0.4596617829559345,7.517624381210619,1.497471429120573,3,3.498598629090406,82.93582926706321,2.8053856497029153,21,0,5,5,19.06202284028019,3,2.7008328119147036,Yes
21,15,Finance,0.6380317184706039,0.6380317184706039,9.440780513082165,0.7300058719901723,3,4.893717495979703,61.026999044672635,3.4954437878250686,53,0,9,5,12.789828921895952,3,3.842030919079129,No
36,13,Finance,4.360325220105891,3.960337833259187,10.040130409613464,1.4502095722579913,4,2.7170509630872526,66.61426754381712,4.208689414281727,25,0,5,3,18.214060746921398,3,3.8214142087743963,No
52,16,Technology,3.515950073717432,3.515950073717432,11.713344534036619,2.1780337980520352,2,3.5023580513686388,54.47613798570245,3.3028699313569865,61,1,8,7,15.24608097022133,4,2.102339111977191,No
42,16,Technology,6.924481861564892,5.749444296334526,8.449755251079674,0.44649895259464767,4,2.5813514929079995,99.8810858127259,3.6036713859205483,27,0,7,2,35.01095824834906,5,3.9955824359173615,Yes
29,15,Finance,0.9678816659151377,0.9678816659151377,11.015194320883268,2.0592898479780684,5,3.7005875133821093,57.431112808953706,3.7105989971354827,32,0,9,3,32.6305256413947,5,4.225662754081646,No
36,14,Sales,0.35699182877529684,0.35699182877529684,8.682997456138622,1.2272520289615438,3,2.4908544537242117,61.886760600952186,2.914260378074349,8,0,5,5,16.243441469891533,1,1.7858820199667222,Yes
40,17,Technology,1.515999915173025,0.8542335267850255,8.347718641678535,0.8926239137402954,3,2.3968368921692065,42.44081387181451,4.504700185041473,47,0,9,6,34.914103156822776,2,3.8464579364243106,No
30,16,Finance,0.8902227287745006,0.8902227287745006,6.6486573073742905,0.4320576625454722,4,4.208246653479809,90.86064940470897,2.813472539663219,37,0,8,3,7.169647266306248,1,1.9895549856242252,No
44,15,Finance,9.147503574942835,6.838232028857089,13.358812334333825,1.8808596321297617,5,4.2954105639504565,53.74162839989547,3.0976804021942383,27,0,7,7,18.072778702894688,1,2.7634347661828174,No
39,17,Technology,0.38909246673507714,0.38909246673507714,6.662468545710498,1.2177264913770234,3,3.3126280874410363,18.88676830266837,4.118240239322315,44,0,9,4,31.770040808712626,2,2.3196905286690206,No
27,15,Sales,1.4982470664573975,1.4982470664573975,11.722883807598057,0.6243210678804529,2,2.504814981226965,66.1404996463254,3.4883334617510626,48,1,9,6,11.228275932211407,1,4.096121679934081,No
28,16,Marketing,2.307279363154077,2.307279363154077,11.950348576411224,0.962200342153537,4,3.0979039502533317,82.16488403936364,3.3836407549600778,17,0,6,1,12.811847486644439,5,4.042401618467998,No
31,18,Sales,3.8327192688708505,3.8327192688708505,9.841453046205794,1.2713031863397508,3,3.5922585598526795,53.687636910302665,3.0690035983118236,34,0,10,2,39.47441722371825,3,1.724964389460113,No
35,19,Finance,10.827484332416574,5.502045451527667,15.146923766460551,1.8947891938154031,3,3.3978892769130926,56.359038041352576,4.17325926700565,40,0,10,4,41.29267893948426,3,2.892148664967303,No
32,17,Finance,0.3,0.3,7.084783008225144,0.8668087523567096,5,3.796693700089087,46.226452001114296,4.183041854094364,11,0,6,4,54.43400966600588,5,3.117081584417535,No
46,14,Operations,3.4698407384268974,1.6810874472968673,8.853615359003365,0.8744540405641297,4,4.014963827580451,73.6320747622025,2.715514541109872,14,1,4,4,29.47208338974145,4,3.9928993281974763,Yes
47,16,Sales,5.582623336520937,4.430284053044806,8.979253040242385,1.1074762890216743,4,3.7049028918279396,54.66454319263787,3.62211635160078,19,0,5,3,16.743020471853804,2,4.124108409522,No
34,14,Marketing,9.980266353952393,4.2145373159594,18.519039446334126,1.1459399436966777,3,1.8656996058568285,54.55616847890629,4.2896656210672814,43,1,9,5,13.280214695578943,5,3.4803347996318847,No
42,17,Technology,3.2747448746823733,3.2092724190687885,8.911112301680856,1.1375112629506392,4,5,45.951284879765474,3.281000202083729,56,1,11,5,11.218915089919248,4,4.076665823247209,No
24,16,Finance,1.3118158470332901,0.3,7.980522167601269,0.8594228708156544,3,3.181387225945371,64.323566203567,2.616995741091775,21,0,7,4,40.459310450761606,2,4.992779194326718,Yes
30,19,Sales,3.4995000497445266,1.9155663642482144,8.749855481716573,1.1788904762185375,4,3.6999989926225636,49.046170943898176,2.406524531208748,26,1,9,10,7.614509427347725,2,2.7824843237734354,No
27,18,Operations,15.47590450434878,10.83898174859303,21.993988716098446,2.587711510524139,5,2.7830490420670597,65.25887214486556,2.5104740700434034,10,0,8,6,80,2,2.42851584149865,No
31,17,Sales,1.4190942933298674,1.4190942933298674,7.592748353916221,1.323097286829632,5,1.9146232874776707,31.128238080839022,4.293115555708002,38,1,10,10,16.416858561347603,2,5,No
40,18,Marketing,0.3,0.3,12.679966881758338,1.7835930250890661,4,3.1093051855609444,57.92602354043192,2.6167372175626755,18,0,4,5,62.845710509103945,2,3.5269800925441004,Yes
44,14,Marketing,5.7545182749662835,3.877785081082871,13.943540943390012,2.434040179840277,3,3.2033380750065232,70.00012100404733,3.385706994500156,18,0,5,3,18.503798852820484,1,3.8324056402147115,Yes
35,16,Marketing,0.9417693942215132,0.9417693942215132,7.6445446859272455,1.4216569492742546,2,4.419758352024139,34.675926626402905,3.4011449690241626,31,1,8,5,76.25590392607424,3,2.6129704286142124,No
40,19,Marketing,0.9907669984974724,0.9907669984974724,8.96052014071336,1.0356739061597624,4,3.593227757287867,80.90731438220782,1.794054983056939,18,0,6,2,71.988750136072,4,4.028019800405825,Yes
42,19,Finance,0.3670441877847923,0.3670441877847923,10.860340357313245,1.3673990903360604,4,4.086481082503543,59.182490298824405,4.588702269797235,15,0,5,2,29.699617733179373,3,4.138687237792107,No
28,16,Marketing,1.3903325029154934,1.3903325029154934,6.976266314272006,1.0799497188716245,3,3.711156699660141,87.63171036494151,2.5010231912408782,25,1,7,5,27.52624213984841,3,2.0360504042902545,Yes
31,18,Operations,11.402768126003531,4.463519530281125,22.255197503365835,3.630867691296327,3,2.018213409467337,64.47482424440452,3.001966506115933,97,0,15,8,23.31185951000286,2,3.1997925897089536,No
21,13,Technology,4.568187831419714,3.4602270920118627,9.517036749978567,1.6751627920410612,4,2.9991426323512105,65.06657579924712,2.3093759617399305,29,0,7,1,20.860026468617903,2,3.457775424406293,Yes
55,16,Technology,24.506138363215253,5.133295527791287,30.436610324774698,2.8043449469027686,3,4.048675952829223,74.39750780506252,2.316697653469534,43,0,12,5,39.58336874034973,4,3.3550993461885352,No
24,13,Sales,2.5533003319177054,1.3622466609498127,10.703996529621854,1.7724636987857667,2,4.084639107817246,49.450141805863296,1.6016622823638615,13,0,5,7,33.31510008677697,0,3.281036978073757,Yes
38,14,Sales,11.517126660300796,7.863174826369014,18.36966516417262,3.3188474410770374,3,3.479083596053938,47.83192076880703,5,27,0,7,3,28.00299044149795,4,2.970241983510558,No
26,18,Operations,16.722799591331523,8.783253616216161,16.616090771660133,1.0212963574656682,4,2.369605342496234,62.29132041194022,2.0048994768728003,34,0,11,3,36.53094996928946,3,4.309102602397366,No
29,13,Marketing,0.6506182573926473,0.6506182573926473,7.59409666790765,1.2526883516577112,3,2.99283925349537,56.36969477457304,2.8123325131396286,45,1,10,9,16.398994165307077,0,3.776441988757646,No
46,15,Finance,0.5702423893858019,0.5702423893858019,6.158124348619078,1.055622626322031,3,2.614955414710837,83.66445029693818,3.1930149838154986,31,0,5,5,25.95571276655788,5,3.333843514668784,Yes
39,19,Operations,2.2374302954049408,2.2374302954049408,7.20685654986743,1.1174096665956166,3,1.699918814849061,62.51675730444287,3.1169130401435816,25,0,6,7,23.720960244623114,4,4.239778713265933,Yes
21,17,Marketing,1.790230027014474,1.3529886624569751,7.838663618975927,0.9148245960638045,5,2.0028202620615914,54.15832250607702,3.5037897459005087,36,1,7,9,10.531548399834417,5,3.948612207674804,No
44,16,HR,0.9157224299337079,0.3,11.036805535342783,0.6860831740580188,5,3.1785929811560987,49.57825708748504,4.970525853418434,31,0,8,6,45.81105037055441,5,2.1497102604606746,No
26,18,Sales,4.007651954153297,4.007651954153297,7.437865548638174,0.6749126722475068,3,3.4866053207097103,66.42155460396462,4.777306991339894,32,0,7,7,51.29190166504045,1,4.990925017971347,Yes
37,12,Finance,2.676366776373349,2.676366776373349,8.637851700058647,1.5901157456794912,2,3.778698241944274,34.92740183085986,3.006055417918528,19,1,7,1,15.469135292864179,3,4.401303559925653,No
39,13,Technology,23.261024674482094,10.958172264881046,24.265045833217187,2.0187998564680294,5,3.6884011297748707,73.96693138255131,3.920018045739547,36,0,10,4,2.45725848863243,2,2.5892246608130893,No
36,16,HR,0.8292124709319767,0.8292124709319767,15.014340788231896,1.668849882066481,5,4.2210830746188295,45.085471006214206,4.096614725549406,13,0,4,2,23.777355915403618,1,4.113939921190555,No
27,17,Marketing,0.3,0.3,6.480620990207317,0.35814503568955314,4,2.679033987777415,48.615360502298344,1.4040866918873567,34,1,6,5,19.676128244605444,1,3.0043574840024556,No
50,16,Technology,1.8281235130211284,1.8281235130211284,10.145654696813464,1.6388112372056163,3,2.3159314103641466,48.626973859598465,3.191588884675072,43,1,9,4,21.541687398521027,1,4.784308578150356,No
48,16,Technology,0.8429907996047916,0.34547556171083005,6.6380840201261035,0.6415717803467966,3,3.6712695388861754,79.92763659039596,3.819057930030847,17,0,7,4,7.775753817116017,4,1.8333714244371742,No
32,17,Operations,2.7161914243929117,1.327382613909321,9.77998704396869,0.6490798924110307,5,3.4837284009132934,16.93736548865099,4.377356517589875,14,0,6,7,18.07944967237024,5,3.1702705643297864,No
38,15,HR,4.169727985221865,4.169727985221865,7.593186843634786,1.1339769879938855,4,3.378975406139051,85.21105874470393,3.9355075949515808,22,0,7,3,72.07201373134671,4,3.03791612819744,Yes
38,16,Sales,4.240567096455627,4.240567096455627,10.11090692185228,1.0507300175339673,3,3.2777038732415704,43.91571621127734,4.0079314356845455,33,1,7,6,26.594052396824722,5,2.695308863698705,No
28,17,Operations,8.88407247823185,6.958243972369692,9.736369746374091,0.9234678011012494,3,4.492828610486686,58.769793017074996,3.2302258961763,13,0,6,4,52.805405645660755,2,1.627132796042259,No
32,15,Sales,2.753284089271148,0.31370968533050625,8.974203158157172,1.4527063042809922,3,3.884999842985999,43.44490837214095,2.2170111477686265,8,0,5,6,44.81469304373489,2,2.1534089100387277,No
29,17,Finance,2.0114363278234397,2.0114363278234397,10.084574062097497,1.8927838424289778,3,3.0063498328825817,47.536142896152136,3.205562427376292,17,1,7,5,35.44142996841689,5,2.3474252884313658,No
39,12,Sales,1.6065053631469381,1.6065053631469381,14.205576078447226,2.7292896199160928,4,3.2065014763698767,74.21929155938639,3.10087158717086,42,0,10,5,26.15795080690131,3,3.225340275794552,Yes
35,14,Finance,1.8188074261245954,1.1779692442924634,6.772597285234868,1.2290454754102234,5,2.6282083925690203,46.59309951037248,3.195206167993701,18,1,8,7,8.628557081399396,4,4.313194284591211,No
38,13,Technology,0.3760534995975404,0.3760534995975404,10.448551290696463,1.1613730271737268,3,3.6210275285143005,78.54456620196359,1.8944969107363752,28,1,5,4,32.723629459196644,2,3.9378511245100283,Yes
45,13,Technology,1.3507897995896538,1.3507897995896538,6.909386239997544,1.2627786516588353,3,2.9234207854688226,91.37792362702137,3.1767412238509727,30,0,7,1,28.87762922275006,2,2.0607068160183757,Yes
31,15,Technology,5.512542480777806,5.512542480777806,10.113075824897978,0.9603676435237205,4,3.2887668357215554,45.71738680474517,5,25,1,7,3,22.10716890205879,0,1.7730982912404742,No
36,18,Sales,0.9634141850178518,0.3,8.881566653344384,0.5048163954755903,4,3.6819291685067697,50.57874400976507,2.5307448593016213,50,0,12,5,13.933029092325626,0,3.5341764805308857,No
33,16,Operations,2.0056819117925544,1.4013052805008368,9.9825746955864485,1.649281726821662,4,3.2738731858624606,60.9222465959645,4.109079289625689,16,0,6,2,15.425834743351752,1,1.818160112346453,No
34,15,Operations,4.075051760763434,2.5405046196476855,8.800412570276105,0.5499058549676331,4,3.114144468254825,53.637417716593596,4.1966588804775675,41,0,10,4,79.8562823836464,0,5,No
24,16,Sales,3.9545268094371044,1.3867978855457288,9.782445521736507,0.9133307903342653,3,3.99223173963955,44.25937265916064,3.2030520678328935,20,0,8,4,29.75486893908932,4,3.367349186842966,No
28,16,Operations,0.5028287452201041,0.5028287452201041,7.307470142533731,1.1955947420553996,4,3.0207407797329155,67.71446886659008,4.081822779601422,40,1,8,3,42.78178643346835,2,3.492664052813904,No
42,20,Marketing,0.42022803881696247,0.42022803881696247,6.457808499240365,0.9728867911515134,4,3.1899915056242,65.32077583910804,2.505086572687199,19,0,4,3,46.56697129932247,4,4.291783279756685,No
36,15,Finance,10.754294067781077,4.248902410209328,17.849531524891564,1.6824858625474182,2,2.983573289820334,81.25414607218178,3.0005250001694463,31,0,7,5,36.16960083514799,0,3.634585766758857,Yes
33,16,Finance,3.6985493253668165,2.691988440301587,6.320588918308028,0.47544219622768247,3,2.3853846336590268,36.63272500614499,1.9034528342904657,35,1,10,6,28.288350967403076,3,3.244220375098715,No
34,13,Operations,16.56885948708226,8.658665706098429,24.507088764875558,3.7511805469436372,4,3.716468274553608,74.76611980624179,2.671111980671667,34,1,10,7,32.97690898267545,4,3.5909575054908354,No
26,15,HR,5.429164068262686,4.166805146219402,9.741016674009996,1.9084747915029807,4,2.104936859428342,64.53379438662317,4.717096104945436,38,0,8,7,36.435842304154804,3,3.818267458387528,No
21,14,Sales,11.294921162482163,5.022703601487304,22.637182548645978,1.4441353592587471,4,4.29415177149843,52.25723963264014,2.495645336000008,28,0,6,2,18.527000340433208,4,3.0339684789448054,No
32,16,Marketing,2.990071486970589,2.990071486970589,9.723993286892709,0.49400174024554355,4,3.594497248401603,59.52147884129081,2.7269044144361145,30,0,9,6,22.942477516532463,5,1.6127502528841904,No
39,13,Sales,1.0482381083345045,1.0482381083345045,7.360611056359268,0.9827783637659547,4,3.513997406990945,68.14341564977829,2.180752024158759,22,0,6,3,29.88885806476412,2,3.726371668290793,Yes
31,12,Technology,5.598387993174846,5.308803875953228,13.15449538286478,2.5973282116910004,2,2.9204215552562145,68.28783052095736,2.8060887335966163,41,1,7,6,63.58947867796892,1,3.0064352513540933,No
40,17,Technology,0.429110445386826,0.3,7.373714412621223,1.3110266057741895,3,4.176096249702407,88.87277274077806,4.993349590346932,24,0,5,5,10.536213101655704,5,3.365536868584886,Yes
47,14,Technology,1.2876454779921738,1.2876454779921738,10.033719881466352,1.8892195572226607,3,2.522341585046669,70.97167869123275,3.299236797717638,16,0,6,8,30.51725350824427,2,2.7055724847805958,Yes
25,18,Marketing,4.463244388020178,4.463244388020178,8.372355304208954,1.1020959550214104,2,3.0785593600408703,61.404630542445545,3.3204978489944876,59,1,12,3,13.768755649792405,3,3.2253039147614944,No
33,18,Sales,5.379903508423945,0.7486301422016338,9.37672676776885,1.0868850432124388,3,4.511797688920611,62.017255708532275,2.2032929623361515,68,1,10,12,1.77366044924941,2,1.435001815820548,No
23,17,Marketing,4.869255906959455,3.5215611610447364,14.126969558758042,1.373232429244735,3,3.5027956792201835,54.63684663692331,3.3045077414620274,45,1,9,5,20.596459829858784,3,2.2960314669523156,No
40,20,Operations,2.6852214405760857,2.6852214405760857,14.229988012811619,1.240225309251422,2,2.5159010422284815,42.52536393313857,3.5843497754118396,24,0,7,3,23.547908215172004,4,3.501493863538859,No
43,15,Sales,3.8648149867938075,0.34586658137931003,12.122875145565873,1.6359520601457873,4,4.098890499269045,45.34551671170399,3.3008335345317072,40,0,9,3,18.909904386528968,2,3.2645291004991166,No
37,13,Finance,5.814847311495797,3.5808861229186246,11.809800102574764,0.8323135074052168,2,2.08236321606452,59.38519887457797,2.795345748271953,24,1,7,3,12.429594976369115,3,3.1586923187545595,No
34,13,Finance,4.937155563966319,3.910911890131629,8.263741583903972,1.4337562086721773,3,3.2062085186041083,52.532507498464064,1.7187274937900745,37,0,10,1,10.168504317289909,5,4.939406997639201,No
47,14,Finance,1.1947093779421332,1.1947093779421332,9.388563852209211,0.9024159570327354,4,3.788307468041168,24.181011357451762,4.4939089376780945,38,0,6,10,28.611983947065035,1,2.847925162613906,No
29,18,Marketing,5.053063970168491,2.0478766270902153,11.179564246789134,0.7128361576114127,3,3.308851159746287,77.26949608538297,2.6102689502952536,18,0,7,7,21.200994779760503,4,3.670012805270512,Yes
39,16,Sales,3.3942250891337364,3.3942250891337364,13.43606483344223,1.0275712264468355,2,3.9947669365545355,17.68704959837272,2.717328137978037,53,1,8,2,11.893877259779233,3,4.549811802216016,No
37,17,Finance,5.666538088093591,2.0113949916295635,6.874243000544441,0.43936830863652326,3,2.5074378410925635,54.46954454232499,4.299686840892014,29,0,9,7,33.39699668994,5,2.9640698271918464,No
36,15,Finance,8.65850370787958,5.471513013733062,9.584072571720808,1.3083480104364176,4,4.600335107287333,53.85130741392389,3.23500140329148,19,1,5,3,11.267618010285112,2,4.175543902722492,No
27,17,Marketing,10.640460659924967,7.221936561532554,13.677191032976134,0.72336219157584,2,4.13070814282667,78.45657454412942,2.5220639658066224,16,0,10,5,47.54036624996026,1,2.206666864582196,Yes
48,17,Technology,3.046001810926933,1.2553357265692435,7.512497652419455,0.8204412676215533,4,3.3039587976610765,41.534113605759444,2.9040198219557123,23,1,5,8,10.038719475680116,2,5,No
31,18,Sales,4.167422286449855,0.8904525013082362,8.87104803914491,1.6223313188932154,2,3.5896258486209613,89.96066114978231,4.584078529248652,41,0,8,9,24.77133518839377,0,4.722769961949998,Yes
44,19,HR,0.3,0.3,6.025909288881947,0.9824543963338435,4,3.604798212275624,70.22814359796273,4.82003518858638,22,0,8,4,72.01737506354488,2,4.04732923005267,No
34,17,HR,0.5478920495695702,0.5478920495695702,10.482336995391917,1.5485448571077929,3,2.895984562978419,48.53012790789459,2.611376397029089,21,0,11,7,16.96054952775385,5,3.2695677643266174,No
41,19,HR,1.833546703579448,1.7762919840958473,8.228887759616278,0.8931148627386654,3,3.004244200850631,84.0950874788219,1.974212584188858,50,0,9,4,27.459005295772332,2,3.2308573726970287,Yes
26,14,HR,2.0153856702346395,2.0153856702346395,15.071608784012723,1.913042807466556,3,4.100709265350073,68.02461779837917,4.581758234090886,51,0,10,1,9.33720062077107,4,4.818175887351295,No
46,14,Sales,9.283925785092956,4.461351498685842,17.825085500329966,1.5495724749667759,4,3.0848889135777435,79.24610441456832,3.2914781766318524,29,0,10,4,11.775498775974503,3,3.250733888408638,No
28,15,Operations,20.0452126142359,7.471256051262349,29.590344154473087,4.725177017629949,3,2.512041612445465,80.94367808615827,2.891498546257435,34,1,10,1,12.879115190188577,2,3.828382538044529,No
23,17,Technology,1.7134609444394262,1.7134609444394262,10.65396353746834,0.9855533484485669,3,3.3937649349711108,33.28265680372644,3.8018582956045526,19,0,6,3,15.464874216649948,2,3.3344363043010694,No
37,13,Sales,4.20237641453103,0.855001538769658,7.697963687116993,1.1000167717421117,3,2.687348821933642,50.66493263305239,3.205897272500431,18,1,6,4,80,5,3.5526598668989573,Yes
41,17,Operations,1.0296789851991706,1.0296789851991706,9.049818520545234,0.9113792877282624,3,3.6815131083793107,51.76362326730764,3.1739501994545747,25,0,5,3,3.357409275914817,3,3.6290706185841275,No
34,16,Sales,12.460923293476261,5.614274445468915,17.30331457266845,1.8744958408594488,4,4.210440097026586,67.79421733615173,2.206737748037744,55,0,11,10,22.249393822493712,3,3.5704974763769775,No
24,17,Sales,18.144087401930978,4.740103321672567,24.203596690805927,3.0527316437397607,4,2.823818235411125,59.60249170835463,2.5818055384264116,17,1,8,2,61.01435810343516,1,4.769047623433649,No
35,18,Marketing,2.4651422887831855,2.4651422887831855,8.87200039247889,1.7321542446946327,5,3.023258335856893,76.83390820563471,4.477652330041378,13,0,6,6,64.08101748197079,5,3.267092192867064,Yes
30,16,Marketing,5.644665598526822,3.5859598291460246,19.692993756467235,2.8271167491706466,4,4.7965788797052555,77.96199750098889,5,26,0,8,4,29.67322586903638,3,3.5384639533350604,No
37,14,Finance,4.06900013568518,3.5542408003313115,9.806096162654102,1.0832875822270778,3,3.7089550743057313,55.672127994000675,2.7236151419119734,37,0,8,3,21.635713220957673,1,2.609914612420638,No
21,15,Operations,0.47976455577917637,0.47976455577917637,8.965886196164053,0.5057431818162562,4,4.512988167312834,51.80727901493521,2.4893416869719283,40,0,8,6,20.361195087334263,4,4.236174648135764,No
35,14,Marketing,0.3,0.3,10.982927777492048,1.854402227350906,2,3.7183377611895847,61.9736334552162,3.4977666468541972,18,0,4,6,32.27958762754327,1,4.218335511876789,Yes
41,16,Sales,1.0930530249262183,1.0930530249262183,11.213631894631678,1.0978632422377819,4,1.9985985293494326,15,2.276568631666476,52,0,7,1,34.603596224934776,2,3.7330315604832465,No
24,20,HR,1.6495111788544987,0.9177245080262119,10.440652462921001,0.5444115089593607,3,3.1000995881447877,65.41443044341985,2.5181479965948768,59,0,9,4,18.724753236816465,2,2.5471506705303506,No
34,12,Technology,1.5022774462592938,1.5022774462592938,11.170540720863386,1.303254498155202,1,3.193081224733892,47.603909560041174,3.4278631167613596,16,1,7,4,29.110194008410986,1,4.415138004198998,No
33,18,Technology,3.325393736505167,1.4258599043759852,6.268124986430162,0.43452412894730064,4,2.3829300119692087,43.516483088993155,5,10,1,6,4,22.839702131791036,3,4.551991874764985,No
34,12,Operations,6.185391888167859,6.185391888167859,10.690225209227785,0.9514747396632527,5,2.9074064328707063,48.49474479652313,2.7064696469091696,28,0,7,3,23.469630724930404,3,2.9920520679371725,No
31,17,Operations,3.4490305946197055,3.4490305946197055,10.631976813269327,0.921373145792736,4,3.618216316657172,66.99205734949659,3.9183770503862503,25,1,6,6,7.779368715474118,5,3.5989488068634916,No
32,18,Technology,12.488228327759995,4.355975784618232,16.718853134182666,2.6754157660641744,1,2.9966105077680294,89.60664329750597,4.089226076626316,18,1,8,6,27.533896834802746,4,3.3950822157479656,Yes
29,15,Operations,2.6575498806753823,2.6575498806753823,8.981342104139022,1.2661398234995898,2,4.718257592512642,75.83418450343088,3.6109915948880116,15,1,4,7,8.619654155252142,4,3.5001424003860544,Yes
26,16,Sales,5.771895392172525,5.481597349637388,12.762303918988582,1.611555467873365,4,4.013939037072281,48.071484516148374,3.2156460806014326,44,0,9,4,51.002012169595275,0,4.657214291534699,No
46,16,HR,12.113667977680565,3.176263460169721,7.559550814691304,1.0230259737727112,3,3.2061934657400353,82.12777201429236,3.5071068491818678,7,0,6,5,25.859026886112026,0,3.6748982098167717,No
32,17,HR,7.668559331615511,5.304990664593597,14.361422675940142,2.113725412415295,4,3.5987687133745134,68.53893199539145,3.39155714973116,45,1,9,2,54.79606417804116,5,3.1087355193908417,No
34,15,Technology,3.875572297657842,3.875572297657842,12.330420343811477,1.5688924857289464,3,4.196698548220797,64.16375563341767,2.507506373409714,30,1,10,6,43.740018826444796,5,2.5398521268427174,No
45,12,Operations,6.875756473519229,2.5065754146790304,11.581637091606439,0.6333761191303794,2,2.2978072438828336,53.11015644877845,2.505650401271278,45,0,11,7,20.268389978461713,4,3.8303601169354393,No
47,15,Sales,3.2578961915155156,3.2578961915155156,11.279847046985635,1.4620874207604384,4,2.815270852273592,65.9036216146597,2.508205717311089,29,1,6,5,55.55299470554332,5,3.3540007347998047,Yes
30,15,Operations,12.261583718032673,3.8937091188600292,15.870106957994171,1.812345336807658,3,3.2876771460753478,73.51665981926263,3.2764130399499245,20,0,7,6,29.91352745810155,4,3.106065426958966,No
21,16,Technology,5.536967947843855,5.536967947843855,13.079830452490102,1.6518730268956743,3,3.1761394671718675,71.26322010074308,1.3734155131440957,28,1,7,8,31.302191372165275,3,3.7599365146740924,Yes
30,18,Marketing,7.319215448924289,3.7648956751721063,21.115702099198632,1.6050279262342046,4,2.7083388531328563,45.04163745077151,4.114171012705089,35,0,9,2,48.64969681789607,0,3.5722591557593955,No
35,14,Operations,5.913376944868063,1.9129036446513359,11.208835821240392,2.15334535126388,2,1.7710515460380862,79.66095579773133,3.1172059204376543,72,0,14,9,18.74501015564519,1,3.444764910167159,Yes
32,13,Marketing,8.650491412804667,4.170188726559991,12.438314311322346,1.4999290099979325,3,4.870234525477647,71.46320040410235,3.808159137951337,29,0,9,3,41.064434605407094,1,1.521542093073148,No
35,17,Technology,0.8806568675345856,0.8806568675345856,8.141927170693176,1.4532308666159206,4,3.491226693938113,87.51709296907893,3.701155430310788,18,0,5,9,68.04101720282446,0,4.886987715828586,Yes
33,16,Marketing,6.336516041057923,6.336516041057923,8.828455369481594,0.639884471402683,2,3.0935544183852777,62.41377071392698,3.9123912076950007,41,1,9,3,13.696403696542614,0,4.276581804910982,No
34,14,Technology,1.4634404215681445,1.4634404215681445,9.21049780295657,1.7356154278606597,3,3.1966030605865434,59.22604284682213,3.715235471962763,16,1,7,6,19.510757782927325,2,4.98935384389758,No
27,17,Technology,0.7447926023030798,0.7447926023030798,8.71632646003887,1.6097965924696576,3,3.107076454245,80.37158399803462,4.410962302629183,22,1,6,1,50.052380249781834,4,2.6142791001263523,Yes
36,15,Sales,3.7191691578785018,0.30571135259292775,10.596688566621394,1.9720382116067117,4,3.3134722177841525,82.29750985723285,3.082800224204874,68,0,13,7,11.943009768897857,3,2.315282736797568,No
39,17,Sales,3.8268634950137685,3.084739246395852,9.428147933563157,1.6940871237411244,3,3.7110942912571736,66.70028803699999,4.614598173546569,48,0,8,6,63.7245692186495,3,3.0712485735912196,No
33,20,Technology,0.4281688355550431,0.3,6.705515070704777,1.2988600135801593,2,2.9059696837444045,57.29365888429979,2.9210978627018855,23,0,6,7,40.85578825112843,4,3.6062483220099364,Yes
24,17,Operations,5.370182350495575,5.370182350495575,9.378902289332292,1.6375779069822654,3,2.823944976680804,48.51840875845517,3.801655205331808,22,0,8,2,37.48724219633146,4,1.9388064891144967,No
33,14,Sales,1.2910312926700422,1.2910312926700422,5.657567553701909,0.6157527231770789,4,3.497080893152817,78.68478161669461,2.4853888287718835,26,0,7,5,44.55178956871791,4,2.7553320205605685,Yes
35,16,Sales,0.346304010114572,0.346304010114572,8.293787507357509,1.2136225230943212,4,2.2090553036365765,74.79474849717278,4.82006726717666,16,0,6,7,38.184597225325994,5,3.740893463810321,Yes
36,19,Technology,9.492488188448998,7.027950502269035,16.091712688211686,2.8733536821554524,4,1.9795373615445415,47.559010573411584,4.004951308481681,16,0,10,4,17.554129941713068,5,3.2691829330806166,No
39,16,Marketing,4.302845558599678,0.34638500074029416,7.046272483895824,1.1650385994525119,4,4.104655609219382,66.03050472664957,3.909050243994806,34,0,9,6,70.48718671406617,4,3.1865406245531447,No
46,18,Marketing,0.7604207320049376,0.7604207320049376,8.161833781912955,1.4726740252329877,3,5,94.02173592858279,2.714633787997862,37,0,12,4,21.209940847722393,2,3.523114035396335,No
21,16,HR,4.366095752687941,2.0668543553152525,8.95242207078117,1.644647664990589,5,3.1319761056378366,80.48693936248964,3.795326845620495,15,1,5,3,25.484857370239098,3,4.759327775176987,No
21,17,Sales,1.5154806885783954,1.5154806885783954,13.707256078151081,0.9799448436925098,3,2.907329572622834,64.88256497817804,3.5177151537980826,54,1,11,3,1.4928516750718435,2,4.198841166684014,No
42,15,Sales,7.19652505553648,3.8820536238736123,13.681941198345694,0.7182233754938406,3,3.008822150442685,74.72970243315345,3.7851430307609824,41,0,8,8,38.289269210444814,5,4.409965620290886,Yes
30,15,Finance,0.8437778935591908,0.8437778935591908,8.747387204401516,1.5426848906511075,3,4.696196141717505,43.66775159535493,3.5829043408711736,20,1,4,5,3.5137324621431567,3,4.738200908423973,No
29,19,HR,2.1085947126194524,2.1085947126194524,14.4248561022574,2.4064882497966567,2,3.6075606173065387,67.52842006116026,1,28,0,5,4,16.59500611291028,2,3.502057533835521,Yes
38,15,Finance,12.509808150443599,0.3,23.82726146068707,4.59358859142792,2,4.388262646244798,67.44298629606466,1.998133817704585,24,0,9,3,38.1169468997106,3,3.756601892155935,Yes
36,15,Operations,11.839613589611572,6.316242155834825,15.195682077839667,0.9841796055158846,4,2.8057833871060174,69.65287380084835,3.078207470396168,42,0,11,3,23.63279791971637,4,3.244114557218361,No
21,19,Sales,2.751571063286067,2.751571063286067,14.28443126464479,2.0530392599719254,3,4.231731336012113,78.18083957844644,4.014168254429022,37,1,6,1,22.86086072613336,4,3.555943746664477,No
21,14,Marketing,3.6537605596741747,3.6537605596741747,5.981073658821146,0.8790512790599864,4,2.4834746443841036,52.908241513035684,3.207586838870788,42,1,9,3,41.95002874851638,1,4.415784701353941,No
31,13,Sales,3.9786281159397543,3.9215959011489496,9.497743897489766,1.555325246118703,4,3.3142954822167408,57.697217810908896,3.0024134913245653,10,1,3,3,32.468166091854634,2,4.081509038455511,No
37,17,Sales,13.47430893243102,7.476755474650784,18.43387122601359,0.9553617540852817,3,4.08068532135479,63.946364898809534,2.012863278761452,20,0,11,4,60.05230751096905,3,4.535577051568397,No
45,19,Sales,24.914159264980583,6.12854538485559,31.03749039963293,4.154597760778861,2,3.2705538695256875,63.95401445176843,3.288854353771668,39,0,12,3,34.119975057606986,0,2.099322209217231,No
47,16,Operations,8.7253328631429,6.40847985987261,14.221816926031448,2.2968927592136623,4,3.4918925517407766,53.32006585296312,3.3825269975126977,62,1,11,5,21.555675186792808,4,2.8107503476818976,No
51,17,Sales,1.6113720031137886,0.3,6.625383923265085,0.6803195390745584,4,2.5943139376605835,25.884206997022364,2.699995299033734,22,1,8,5,44.620060150093394,1,1.491096891812673,No
32,13,Marketing,0.40495991453570573,0.40495991453570573,12.244285307069301,1.6699810049074038,5,4.984629187532301,63.68727684047491,3.884208665233599,20,0,7,5,33.10497789761331,4,3.443211411735501,No
22,17,Sales,19.080700611599564,4.294090442579234,21.997864902132605,3.1572602496649402,4,3.6957821375119027,70.57542911525239,2.272423079284602,30,0,9,3,11.496207758386692,4,3.8245383391228978,No
37,17,Sales,8.596512367507636,6.0867334660535475,14.2114329796171,2.76262333067508,3,3.1021390483619107,65.05455930743882,2.115081514418787,19,1,6,4,21.39684283742931,3,4.904767090544917,No
30,19,Finance,5.5616607092081525,2.2480238519227065,12.086316411840565,1.1042244552187575,2,2.911986074247548,68.35961968836651,3.2876108024009327,21,0,8,5,31.53717598851586,1,3.3041364226480074,Yes
23,19,Technology,7.656485972172998,1.9233849090153252,8.449734257266332,0.5373443848206277,4,3.0862506373037535,53.49222101731565,2.6194644976242185,49,1,8,2,34.9366115543213,4,3.972346876768846,No
38,15,Sales,4.4403759125637645,4.4403759125637645,12.532403093953866,2.46788366492899,4,3.106638950497703,59.840584526522946,1.67889468393693,70,0,9,4,6.6563427018815275,3,2.4652252774791585,No
31,17,Marketing,1.0414505658973658,0.3,11.794243303099666,1.4771123566304125,3,2.804058689098021,52.07619159994582,4.300905201258347,23,0,6,8,26.613997104167,0,4.014815736651018,No
23,14,Technology,6.492834245182537,6.1938603964399785,12.985332102311963,2.6074470328172654,3,2.6046798147191286,57.299638402493215,3.5950970135209013,52,1,9,5,7.50027321475471,2,4.082232194349803,No
30,17,Technology,4.7155824843079985,1.2005386018884023,12.000710458358167,2.0034972999410274,3,2.7982711393747617,65.27155854145782,2.3134451011999437,50,1,8,2,22.528894323125314,2,4.777268024075258,No
30,15,Sales,1.1186279907641965,1.1186279907641965,7.158986155537372,0.6715954050151532,4,3.091227359016631,55.683672669556245,3.6108017852650383,31,0,9,6,26.577011325344746,1,5,No
33,12,Sales,8.492502760360942,7.79343853999737,17.376832384879386,2.5057621215782024,4,3.1027555602809307,93.83240044419334,5,35,0,11,7,2.399238333287087,4,4.096757794429437,No
40,18,Marketing,0.44709427651653605,0.44709427651653605,9.498344116741313,0.8216245035718212,2,3.4211070783826045,56.98703632603785,2.598283047341149,53,0,9,5,54.436383385075004,4,3.8056345988170497,Yes
36,12,Technology,0.3,0.3,5.812786896458891,0.6837358350351379,4,3.684804975687497,57.988197634555405,3.403194695604318,39,0,10,8,45.483601091998366,3,2.648666287113543,No
44,16,Technology,2.9509554901363684,0.3,12.978035723139019,1.0078593060263783,4,4.690402266273745,53.617396271232096,2.311357687576338,11,0,6,5,13.557835923458093,2,3.4514000726584984,No
37,18,Technology,5.896699633685318,5.896699633685318,17.523854728864713,1.3281047361416558,3,1.6992877579574868,96.95358900159525,3.2038304219350544,51,0,9,4,24.140213101079638,3,3.863472627942986,Yes
48,14,Technology,3.8862514484887125,3.8862514484887125,12.157948341091195,0.8364526851421747,4,2.096353485569942,68.84709137191493,3.518670545052312,19,1,8,8,68.65967070479834,5,2.794403699553233,Yes
21,19,Finance,7.398246327603073,6.7242615329840065,14.59721256235843,2.1333581278874507,3,3.1143381446348464,63.41653709540389,2.596395594665359,27,0,6,5,30.599868824585158,0,3.852507247719728,No
33,16,Marketing,0.30203203589521005,0.30203203589521005,10.397495173228464,1.388790511915397,4,3.809814909698123,55.536235118669296,3.9883307153472582,89,0,13,7,12.668755652571367,4,3.6246770518179265,No
21,18,Operations,12.125618923315828,1.0312825168480777,24.11874581568285,4.799711664200835,5,2.913285346854699,53.369865049855854,3.182360885849425,28,0,7,3,67.31105895639176,3,3.5722971740893485,No
37,17,Technology,7.3918513937587305,4.923658109804314,10.949996003118468,1.0238955807932761,4,5,31.67995033485196,2.7035704700431293,11,0,10,9,21.920173044027322,4,3.217306278835304,No
31,18,Marketing,0.3,0.3,9.828398423235093,1.69496412668349,3,5,52.43185231951535,3.5105702814607334,84,0,15,4,23.33023455650887,3,3.5171823234405157,No
28,18,Sales,2.227629919551297,1.895948346051936,8.260022697118591,1.3540961151947382,4,4.3682480294579165,75.51804625112871,3.4088047410851807,23,0,8,4,13.23223491187834,4,4.026828517881626,No
41,18,Finance,2.392501810116711,2.392501810116711,8.228853508794801,0.933979974585057,3,3.396173125104097,47.937026512941465,4.038946268205396,14,0,7,6,26.282498659586892,0,2.5338606151342518,No
47,17,Finance,0.7872858989879913,0.7872858989879913,7.82094066852471,1.3436116917986942,2,3.993089462112856,48.690488741644,3.6053549187088705,29,0,6,2,14.477462937114252,4,4.374544306482083,Yes
42,18,Finance,2.993544078221865,2.993544078221865,11.085753820120253,1.9134389506760017,4,2.673074705461033,63.01877195598843,2.4198977236898243,46,1,9,5,64.7551958224799,2,3.760968342052966,No
34,14,HR,6.012844435710738,3.5344593353484055,16.74281646598998,3.2029729545302215,4,3.710595911031658,49.64114381795187,3.9158171925414527,32,1,7,5,29.35357062243954,1,3.162811316186619,No
49,16,Technology,2.5802335913126524,2.5802335913126524,13.839752782015742,1.1049898490241878,3,4.1744694797524184,36.432073546550825,3.3287446368208427,35,1,8,4,35.845592114597494,5,1.6754954959988633,No
42,15,Operations,21.17087960368848,11.664593980638411,20.30982210502557,3.555401814711055,3,3.281724566748687,78.3720393074202,1.995816855917957,32,0,10,2,9.958458885877581,1,2.0730231195298003,No
28,17,Sales,2.8449839144056606,2.205428372409552,9.070033920467395,1.6718834595862846,4,3.6025796814745488,87.53880308554318,3.591442238748182,32,1,8,6,34.48752877297545,5,2.6485008621354313,No
40,14,HR,5.990865268361543,5.990865268361543,13.771246481004098,1.7238844285846675,3,4.2893378149164265,36.84608757307464,4.907792274412488,34,1,10,3,15.892861144962136,2,4.3718192422173585,No
35,17,Operations,2.371182866702278,2.371182866702278,10.60362383155632,2.0825143557253285,4,4.499487817463176,50.24347780973167,3.1028822410130408,25,0,6,3,30.50939871048545,5,3.868921745695644,No
51,20,Operations,0.4629174634995956,0.4629174634995956,11.491219639017354,1.8605130183487888,4,3.719758079845362,56.09783244723905,4.184909074577056,41,0,11,5,60.68117666597371,3,3.0062268877527765,No
37,15,Sales,0.3,0.3,10.01999717595424,1.7979430025574759,3,2.3029169112256964,68.81778859227705,4.388637010563452,17,0,4,3,20.731997260824276,3,2.467313645438568,Yes
34,13,Operations,1.1570916644045697,1.1570916644045697,4.766099068853208,0.4387292532919755,3,3.4066506117744164,98.11295818807423,3.5439323917812224,32,1,5,3,10.732100031012227,3,4.076992968013518,Yes
42,18,Operations,4.349095238019407,4.349095238019407,10.973396559597042,1.9083138874240653,5,3.0101392205539788,66.70056262212482,3.1685630648246663,21,0,6,1,33.8660859513949,5,2.745337969206742,No
28,15,Marketing,7.42282881801354,4.107102129786185,12.14089117665951,1.2624313876324442,5,4.171990747385379,65.61614982273953,2.826224106982136,27,0,9,4,24.223591204789265,3,3.136927513594524,No
43,20,Technology,2.4702508131738736,2.0396107300479995,10.304831633829972,1.6879766100333065,3,5,27.550616703994315,3.9107910360645555,28,0,4,4,25.201299835910877,2,3.2944034544933,No
49,19,Marketing,0.6732409203892276,0.6732409203892276,6.5159936543945385,0.5406178648699138,5,4.897410536057221,54.807375610565245,2.7266240114144784,20,0,8,7,47.53046899668919,1,3.2147201070831004,No
26,18,Finance,7.873923447349664,2.9450442843097298,13.076493837757608,1.4154886610065658,2,4.404989426740564,52.5529333906546,4.1871312677099,27,0,4,1,12.645450936640588,3,2.4097318032099597,No
38,15,Sales,1.2485571711890486,1.2485571711890486,10.799608817893429,1.2701166614642965,3,3.1217158486773573,77.49523618283025,3.160152202550432,17,0,4,5,33.07234024900367,1,1.3988637656530258,No
51,20,Finance,15.956102335656347,4.327080846695797,23.11104628471097,4.456199951215322,3,3.3235047164256546,36.75083513260045,2.7917620052258836,14,0,6,3,62.34158250417938,4,4.454743858112604,No
33,16,Technology,25,8.807288709893342,30.281091235892088,4.595565244913419,4,3.072555997133624,42.551887075523204,4.664505674255178,35,0,9,5,42.77633626229258,4,2.7432314328929865,No
37,16,Operations,0.36326608073717215,0.36326608073717215,5.2496531935939,0.46969886162493435,4,3.873502983564102,71.39119259715527,4.164913927155174,32,0,7,4,31.374725420314274,5,3.2410997166851976,No
40,16,Technology,2.252465614098913,2.252465614098913,7.964998586702581,1.1326750791821554,4,4.995124350826491,28.742116733406593,2.9014554562440504,10,0,4,2,44.69000117812404,2,2.9650323845926465,No
36,17,HR,0.3941159269415507,0.3941159269415507,10.319398705095729,1.3373442820941963,3,2.701274313263295,52.217278716248856,2.932989890334764,38,0,7,3,9.336656586412273,5,4.087776568775555,No
44,19,Finance,8.489688614266237,3.675567814973224,10.635706892961245,1.7737127255816172,3,3.4986226913085323,58.343368999853034,4.519712914531601,36,0,8,3,19.943435173491416,3,3.548375788508843,No
21,18,Technology,6.400275330856237,1.6725658774019978,13.296950983220203,1.7738620551517534,4,3.501826460435349,54.4732202016938,3.3061348865630884,22,1,8,10,13.005225800495746,4,4.997737742089267,No
34,16,Operations,8.596409830461097,4.5745726050953275,10.287188120064151,0.7987311976626307,4,4.2208933007251055,44.3296228075065,3.7880516507173425,31,0,9,5,25.188181550991327,0,3.8544580019984505,No
28,16,Technology,1.3814712026732048,1.3814712026732048,10.962142122829617,1.42847881843049,5,3.705444056719047,52.358514184752494,3.8959796874773476,12,0,7,4,19.333645872190342,3,3.695946079008529,No
42,12,Sales,1.0631118348317146,1.0631118348317146,8.65199575382608,0.8859248759072658,5,3.928061693055578,62.566917504639406,2.7979354427915246,36,1,5,2,35.74994556566196,0,3.3160546290720783,No
37,14,Marketing,5.6687545662907235,3.647403841439323,9.367739844778162,1.1048837385211125,3,2.9665628401581543,73.11809021189478,3.3968072554781874,49,0,10,5,15.101771888853854,3,5,No
30,16,Marketing,0.45736539197858345,0.45736539197858345,10.090256307324072,0.8383061054109096,3,3.1010172146696786,58.55388025951331,3.7068311411765404,65,0,9,2,51.694273874176325,4,2.351857250654937,No
48,18,Marketing,0.9786631795330437,0.9786631795330437,8.038139765503264,0.4507948924807765,3,2.111512614431227,47.30193145426524,3.9677794633966337,51,0,9,3,24.411814118706964,4,2.9563204993893724,No
38,19,Technology,8.487804495499905,6.386591218456348,10.525730535221356,1.14465459343427,5,4.015328738189074,15.761288512224981,2.661816336678182,29,0,8,5,27.17293516306075,5,3.9702948310514774,No
23,13,Marketing,8.08041370499321,5.663731352000776,17.2076610665331,3.429899221912459,4,3.894579966167768,81.74212736050113,3.5235345553216697,21,0,9,9,14.97323253818036,5,2.341280900438095,No
29,17,Technology,3.014592464242594,0.3,6.938130166224118,0.6105864074838021,3,3.4853627032379864,51.721453020425095,4.021370694535102,26,0,11,7,19.446120919432527,2,4.167141212436822,No
35,12,Technology,4.6420616405435675,4.406631880626292,8.967361119512741,1.3031242002242855,3,2.689526263873636,44.47745574362216,2.796312414552494,22,0,7,2,13.856632246026741,3,2.7082702189303314,No
38,18,Marketing,5.591530064131712,1.7052658447558378,11.385265870736971,1.0033739581678638,2,4.378072599142217,67.17921099277149,2.9914567752924337,92,0,15,4,29.845312327398275,1,2.8511674303018566,No
28,19,Operations,6.952115362373824,3.4499900443289375,11.556402427856415,0.7565214184627758,4,2.806715733412307,56.63771243991869,3.2955754850409393,15,0,5,1,22.223533945981846,1,2.982773587063828,No
43,19,Sales,21.19222047483392,8.369624116819605,27.37876500580038,3.2353333795296884,4,4.003313537237239,48.1198395903616,3.267070911040144,38,0,11,3,19.788120502972212,3,2.1619658419457024,No
24,13,Technology,9.446853354294912,4.524840265904132,12.832092921279735,2.1100328255916434,2,4.1997347148569935,71.9335734082605,3.712897525183776,30,0,11,5,37.282224315284274,2,3.8095161823530193,Yes
22,14,Finance,10.210125638407444,3.5490919652053483,13.999056905235246,2.536966466490339,1,4.495662540923137,67.8437420149981,3.6855449588969846,31,1,9,2,33.84811361909718,4,2.291219481430072,No
48,15,Technology,16.317801712947904,7.642022454111522,24.544194881898914,4.57968953441076,4,2.7078065678944827,66.7227223942583,1.866760983893564,36,1,10,1,39.33660310084836,3,3.0585675382437882,No
28,16,Technology,5.623418362457851,5.623418362457851,12.254690891760122,0.8309769833271843,4,3.0869581234715624,51.92510544671987,2.4151645841677167,15,0,6,2,72.27178419827615,3,3.458935643987033,No
32,19,Technology,13.709918393102047,5.951578395550274,15.14697478671028,1.1363660961415543,3,3.8665079449063917,61.42075923583458,3.9773660457758293,18,0,9,9,27.677938835877708,4,4.065667956841336,No
28,20,Sales,1.015506746107524,1.015506746107524,7.2989371687062,0.693439874170181,4,4.422251115209692,73.36285693433406,3.7406552052638036,41,0,8,13,30.792250971858692,3,4.599513057538817,No
32,15,Sales,9.966590587484621,9.966590587484621,14.947624531968662,1.7301434945142382,3,1.3803865072634929,49.879183416366345,2.3992411964288465,7,0,10,3,46.21651888897694,3,3.5827029461997615,Yes
41,19,HR,4.090120028166372,4.090120028166372,11.952182096214067,1.6828600880107452,3,3.999735557196735,65.22464104073205,2.1708955375993995,16,0,9,3,33.4724583338291,2,4.298767229816641,No
31,20,Finance,18.012093379983764,7.950587263497206,22.471574124006363,2.210968659566663,2,2.68985561927355,41.021699192221405,3.8200406771659234,44,0,13,6,29.365352552913613,1,2.9571680560689804,No
38,15,Finance,3.09697578728009,3.09697578728009,11.784650940139722,0.9376500051871884,4,1.9062384334542044,56.30951513631074,2.503911939990436,5,1,5,2,16.382513968100376,0,4.206350772429896,No
31,16,HR,14.197846417664271,4.015811592611903,15.170041292991442,2.4558640777567584,2,3.0262526665592793,64.85060789145186,3.4082246765570328,46,1,7,6,16.25737209093368,1,2.9368325962355786,No
41,15,Technology,2.238442595927735,2.238442595927735,10.274702237892823,0.9657041988909241,3,3.799827537752926,51.715356286719455,2.5090881278983534,17,0,6,5,13.317215725358245,1,4.143590415867325,No
34,19,Sales,18.852366621580792,11.162328652044607,19.080400420411785,3.439260453277772,4,3.18666998417604,53.27356890965949,2.5659568636702037,41,0,14,7,27.61090696291344,4,3.006852144731029,No
38,15,Technology,13.303926077692216,8.85267317823263,16.062440000788484,0.8913183384561755,4,4.317476765023634,70.87484276287266,2.300786585506295,74,1,15,5,22.772012117586236,4,2.1255685899532266,No
24,14,HR,4.5180877504239785,1.9596282124969302,10.268965508327808,1.952957626808172,2,3.197567408681888,53.422259114313846,3.5261712650291472,40,0,7,3,50.01902223365122,2,4.990976616769066,No
31,18,Finance,3.2169817919014445,3.2169817919014445,9.61712710484397,1.649913611783577,3,2.98986947306442,60.251389737735245,3.894824873902447,42,0,8,3,22.755470638388626,2,1.8335794565233066,No
41,14,Finance,10.229152480498183,3.536981540384118,14.802069662864243,2.6209834982904927,3,3.5107157273941985,59.91994044941011,3.716519992803868,17,1,7,4,13.962540619406857,0,3.881863797058679,No
43,18,Technology,3.2145201387842484,1.4937266024301017,8.515666656633964,0.5284215006417476,3,4.021968656384954,44.69769468075154,4.474188726491662,40,0,7,11,9.654645739541175,5,4.811336468561227,No
25,16,Marketing,5.724002800598999,0.8831092634619375,14.062296975318693,1.3122553305034477,5,2.715991757680431,46.60631905583076,4.676895884704777,19,0,4,4,80,0,2.3269065394048036,No
27,15,Operations,10.643944055105633,3.6710416078629966,16.002511883039876,1.291872409932116,3,4.489234784472243,62.62033391277815,3.9210828994876556,27,0,9,3,5.9836750746114,0,2.96556531154293,No
37,16,Marketing,3.0718691080260694,2.8793648892260792,13.034421968169,1.454205603953681,4,4.299036336506063,73.52371375012201,2.1989991374077906,27,0,6,0,29.43066684398548,2,2.692854764795764,Yes
42,17,Sales,5.6001730658311475,4.580542472674896,9.503587013363743,0.7894515233543845,1,4.414157634279538,48.57781690526004,3.1954498049725575,27,0,9,5,24.93946357300805,0,3.6292769708491748,No
33,13,Technology,7.811725619427173,0.9197567930446762,11.27894903452149,1.96915318116832,3,4.184641412495105,37.84043220934605,4.0880307525442126,48,0,10,4,40.09228235278552,2,1,No
39,15,Technology,10.175385321049374,6.656558559449949,18.15954764911948,1.5179610923129896,3,4.220853374840132,69.30168668859459,2.97580974215526,19,1,8,2,48.296426197302935,5,2.692412751269942,Yes
40,17,Marketing,7.2554894050182215,5.005544538390478,11.517327924095472,2.112006915816916,3,2.9578706827642107,99.71256588571357,4.020624823795626,27,0,8,1,11.52835766647205,3,2.228354430707385,No
45,17,Technology,1.0875942639672855,1.0875942639672855,10.034113922409055,1.742841408563875,3,2.908793074806173,49.52213802438427,1.4009673766383854,15,0,7,5,8.503551096601216,2,1.4375163881818045,No
32,17,Sales,3.157038157548989,3.0888892002364408,11.730746107604839,1.8042687322996398,4,3.6082259010901545,65.73593392719854,2.687330833264868,55,1,10,1,13.776016891401646,3,2.7701034011344405,No
21,17,Sales,8.966731717139831,4.358275016573282,8.59997101206765,0.6802050961883619,2,4.416816611333413,88.44048409226872,4.500414978071036,48,0,8,4,44.074421710309586,3,3.09800502021434,Yes
53,12,Operations,0.8934179438957588,0.8934179438957588,5.699878442528958,0.7826922300537409,4,4.025158833900349,73.57268567833799,2.9086322093406785,44,0,9,4,20.40557155843709,3,4.356028776226952,No
31,15,Operations,24.679285426592113,5.919949932174988,39.56811227658418,3.3025816760305102,3,3.8102628737669737,43.78674412756296,3.690908754545475,17,0,9,4,18.372044206376824,1,4.009245383277869,No
32,15,Sales,3.9255391891717997,0.3,10.768627482420444,1.1155391892826658,3,2.7003244058772005,45.93852052228341,3.6212663930693063,33,0,6,3,28.269977609527835,4,2.2376447853215673,No
54,12,Sales,0.8263808388946721,0.8263808388946721,9.868729917583352,1.20256641821938,5,3.5308092715154173,49.283734312229214,1.9840508357668414,13,0,3,3,10.01257490042872,0,3.870366868003755,No
51,17,HR,4.083443364282724,4.083443364282724,8.510950481680927,0.9761800624729355,4,3.578924232885164,64.56935140046568,3.7811426551599085,25,0,8,5,22.902403813631494,4,4.139679338219311,No
30,17,Finance,4.303551936727304,3.107315235454495,11.18349599311911,1.4422652733225638,5,3.301272412268969,52.36338913032478,1.5917029170689292,10,0,6,9,57.471954128049575,1,2.709591857690758,Yes
42,19,Marketing,8.105881145339396,4.5265828494138995,17.49544780051038,1.2518387484001299,3,4.08213660353765,49.66925014326264,2.07923130889198,15,0,7,8,13.610446642917562,4,2.5617259898758316,No
37,12,Operations,3.9449307578288026,3.9445517733950375,9.963682736114075,0.9305395133564052,4,2.933731803998904,58.152147217112834,3.9369633349007085,23,0,6,3,19.64182537947171,4,4.939905964693024,No
41,20,Technology,2.9448497911061677,2.9448497911061677,9.323818785522796,0.5264607235027188,2,2.6879773327069305,39.83408152536378,1.4159664118402742,43,0,9,3,66.69845243773031,5,3.9242646746052228,Yes
42,15,Technology,7.431420170034031,3.924938850376957,15.69519078064589,2.1075105550113062,3,4.992820454281834,67.46386437681869,1.8692779135061766,26,0,8,2,61.51889239087122,2,1.9484438075779829,Yes
45,12,Operations,3.400705934820858,0.3651202721561533,9.933490236004522,0.5202278802896879,3,4.308774933958214,49.815971675068546,2.528593223297017,73,0,12,5,21.619944431979906,4,3.280458036483806,No
28,18,Operations,4.950188631237269,3.81954676681891,11.250658428749878,0.570477873359041,4,3.885667912729638,61.96679242722339,1.8220086642875004,11,0,5,1,22.56286246533781,5,3.7695581990983746,No
37,16,HR,0.6097041537087734,0.6097041537087734,9.7203399226705,1.358729358857532,3,3.228635629740548,55.64659870639945,2.989148735797746,29,0,5,6,21.332481320760245,2,3.854879103737159,No
33,16,Technology,3.3187572023008163,2.3216446271324545,8.683551011270831,1.178978247702592,4,3.0895173538667997,75.0568567784214,2.3683722783914978,18,1,9,3,15.907962711015701,4,3.664860290859752,No
21,17,Sales,6.8156837566513335,4.375352597051902,7.824939894367209,0.5832085586891778,3,3.792293709616242,62.758015950847785,1.3914928957680417,31,0,9,6,24.539838538465194,4,3.3860988613235636,Yes
33,15,Technology,9.748406155130068,3.554516601848123,15.125279147226761,1.720102875308848,3,4.085621019813304,61.41346805067139,4.027926712701741,73,0,11,5,25.093049050835806,4,4.993723995045224,No
28,18,Operations,1.020234747571526,1.020234747571526,7.634921002614923,0.4948650287587016,4,4.120706459916806,32.35058961038621,2.98271268289805,42,0,5,3,25.287774123922343,2,2.50466553998273,No
39,14,Sales,1.786390540052661,1.6323416127538335,7.026102845561614,0.6289881451440165,4,3.592443798683326,65.11189548666754,2.282676482828317,34,0,7,6,14.842594647667443,4,3.8623108754015454,No
44,17,Technology,6.103736907158704,6.103736907158704,13.672383402153995,0.7660593468456497,3,4.982479032893454,62.02507340672055,2.306246783680602,8,1,7,3,36.11894146571041,2,3.5836742501075443,No
31,15,Technology,2.9496603394463663,2.7425429461267323,11.119692140573562,2.1020219103383115,5,2.687271896120524,69.82962425007136,3.0849626551959872,12,0,5,6,26.31006319503654,4,3.4922007364697394,No
32,19,Operations,2.409739251019811,2.409739251019811,10.31586603688012,1.5296279306321647,3,3.36468177203155,69.42669136704214,1.0940530584033983,17,0,6,3,34.38959670194421,0,3.7650770979498134,Yes
31,18,Sales,7.522625691068464,3.342379391085076,15.003524176790563,1.3556182778839068,3,4.348208007124898,51.146812754335556,2.894605236575083,26,0,8,5,18.897537217904638,5,1.680739370551396,No
36,15,Finance,5.312201778643878,2.927433606637928,12.053991784750176,1.1227852288925702,3,3.7814094949094277,73.38181027258275,4.315883527241591,48,0,11,7,28.794424491435326,4,3.139513332695572,No
36,16,Finance,1.4509287881303377,1.4509287881303377,8.560396233304582,1.6611174032164264,3,3.7056389220547916,54.26148322688225,4.0797631945722905,12,0,7,7,45.72175240956227,2,4.819955644794256,No
39,15,Marketing,5.421431253375587,5.421431253375587,17.272482918198666,1.347346626632294,3,1.7763867764352494,55.403137897394785,3.425172966358087,25,0,6,2,33.78503053231297,0,3.027191795330053,No
30,17,HR,3.876577047372637,3.876577047372637,9.21664697057463,0.7183355589488554,3,1.9910705971647222,79.09081620478757,3.8027119363736164,21,0,6,3,13.292737099070159,3,2.0958822543265763,Yes
33,15,Marketing,1.2476069999311705,1.2476069999311705,10.003365766616165,0.6399878508249472,4,2.799028252136828,55.92900128221834,3.6122305238076136,17,1,4,4,37.10574560327975,4,3.485416570030556,No
39,14,Operations,5.929502385329304,2.9397954822845374,10.127045618608882,1.1954142159893266,5,3.782917869616181,30.674392537494338,3.3129838529284723,21,1,8,3,27.133385547286455,3,3.0030021050609306,No
32,15,Operations,1.606613789376602,1.606613789376602,9.141564569579831,1.7800738051072704,3,4.991164170464355,81.17601996493585,4.4056229022991396,22,0,5,3,29.21994213362632,1,4.127698945129529,No
32,15,Sales,4.9025403548115305,4.9025403548115305,14.941825831312705,0.8478355627520451,3,4.408949877971656,36.97312715561876,1.5971393698025294,25,0,9,5,20.8026769227649,1,3.972361951536023,No
28,16,Technology,0.6353971261979314,0.34088801394389906,5.481640830544174,0.4811556534198021,4,3.302454028343817,65.09771835393795,2.503404760413556,21,0,8,4,19.108116809304324,1,3.899336590600099,No
46,16,Sales,0.3716086934052669,0.3716086934052669,8.924696369994106,0.9174383708302906,4,2.3924627098763893,66.18642071020616,3.0160231010005667,48,1,9,4,2.018667959605462,3,3.3247346673565477,No
31,18,Operations,2.6674436387822915,1.4552395360416663,11.136366973289002,1.7618151264918076,4,3.500402985674935,31.497378743390943,2.706714543093343,21,0,4,5,29.881996441006645,3,3.1127598337689637,No
45,16,Finance,4.791420650078228,4.791420650078228,10.66385759078759,1.303132312701795,5,4.503137457007101,73.98309893516803,4.315152355977946,37,0,8,2,19.48739696489993,2,3.357771690208101,No
39,18,Technology,5.906686406390122,5.906686406390122,12.933523219245744,1.4093128043068164,4,3.7955254649247157,56.70326204421799,3.0224259004741536,43,0,8,8,42.13916285405471,2,4.989165436198096,No
24,20,Sales,5.641597638875902,1.7430255299420743,12.653740095606821,1.7378926870498899,3,4.294213793596668,88.24581670346944,2.6076340573422168,11,1,7,4,69.64235882249092,4,3.5475103303696427,Yes
33,17,Technology,7.881071715368429,4.006172334401328,8.86512332729504,1.4339805082158714,4,2.4034497095615537,28.37168664040816,2.290414856557042,71,0,16,3,21.90561491048244,0,2.1130641759729047,No
26,17,Operations,0.8488811344574324,0.8488811344574324,8.572951887151634,1.696344200013863,3,2.672369933099255,44.626758546125394,2.7940354249319537,19,1,8,4,8.257606321316285,5,3.3973727366818527,No
43,15,Sales,3.460195885327592,2.253618572922611,6.511575522460022,1.2576307446732222,2,3.1513902425436933,64.58465746196482,4.402202100059334,52,0,8,4,56.89901273089313,5,3.2208730718383767,Yes
45,12,Sales,7.734690102208252,2.4197415058388874,9.92738908402644,0.9367425378926015,3,2.11470827203418,74.47313578741353,4.225336339700371,17,1,10,5,55.7474148905514,5,2.4616350209958884,Yes
36,18,Technology,12.327781990077092,8.807646614958545,14.461047375585707,2.250334182285512,5,3.113587427969103,73.16429198632036,3.1903382031639893,14,1,8,4,16.494181062392954,5,2.3515898401404005,No
44,13,Technology,9.281458289290756,5.043142518189732,11.638162049340735,1.890101970898354,4,3.777739565211859,83.04558768625526,4.006125881048421,7,0,6,3,24.30983534957608,3,3.7125225617709217,No
38,12,Finance,4.227073969757071,0.30658066191233535,10.259723556371211,1.9014141554241122,4,3.825728570864672,62.4939172464128,4.194897605845612,60,1,12,5,14.608068467819997,5,3.490629164982449,No
32,17,Technology,1.0217961862189822,1.0217961862189822,14.348433727659476,2.3435837652448464,3,3.4954848184461356,30.873468969134073,3.2199436228162135,28,1,5,2,15.942325428808465,1,2.2699133992566916,No
47,15,Operations,1.0697152379299657,1.0697152379299657,9.649295349504554,1.2296199893608328,3,2.5903984357906307,74.06994741145373,3.1909167057409644,31,0,9,7,17.169634503979946,3,4.755945335772123,No
32,15,Marketing,6.226178438299036,5.248926058841947,16.13588571303628,2.4809390456632743,3,5,32.95756826778485,4.514119375814055,48,0,11,4,13.254664982739863,4,2.513457908842213,No
31,16,Technology,5.870544500464801,0.9054331751128446,17.542337820679673,1.8013320251104856,4,2.1758799111004135,48.47767873731679,2.0862874814872825,26,0,8,6,30.381302715807298,2,3.852001897768126,No
43,17,Sales,2.1774326696131996,2.1774326696131996,11.85869118587152,0.8983304179707908,4,4.577821186679224,50.56423761313486,2.486707234420921,10,0,4,3,14.572193197516773,0,2.6976098819543517,No
42,16,Technology,8.63301881891177,8.142044617945368,11.512984064990889,0.8271519424428975,3,2.913137103671474,49.19983415613167,3.939656646702594,41,0,9,5,38.69619754252511,3,3.1525024459397457,No
34,17,Sales,7.176922526495012,2.6556159864153877,16.088729602810748,2.8405152043169215,4,2.9735397815844666,71.58262516765916,2.908741201287745,12,0,7,2,22.860928526419052,0,4.12014296485207,No
29,16,Finance,2.4277947428474205,0.44172633171081527,12.369712070933842,1.6112532499941552,3,4.399419444216153,63.59490859606362,3.28538379292833,62,0,10,3,26.136955782015907,0,4.058365040011342,No
32,17,Marketing,13.25316110430289,4.859925657459637,23.04608367677393,1.699537208822587,3,2.524870289535915,60.82704439463869,2.0808162052377193,46,1,11,3,33.41939571712945,3,4.02903506212485,No
33,20,Technology,0.9517886101235903,0.3,8.555782206931395,0.7049009257334866,3,3.301307722687138,51.221207221604494,3.1988843696055556,31,0,8,5,28.407319109644696,4,2.7108466380277583,No
32,16,Sales,0.7893544975428886,0.7893544975428886,8.005208189526556,0.8005197817532801,4,3.8198424798383317,44.899353039157376,2.3096083913499124,28,0,9,3,25.934742759083456,5,2.161035128610017,No
21,19,Marketing,12.84081878755171,7.997170644270397,25.247677093894737,3.913556694431759,4,4.116988961893892,56.729652516344046,3.3893930471519984,94,0,17,4,21.762926246781735,2,2.666580502872267,No
28,15,Technology,8.048543923945903,1.0394919735618466,14.806708156968885,1.0125706914571992,4,4.035467310082764,88.92720535366956,2.3846734249896433,33,0,9,6,33.43498157456025,3,3.1126303878726365,No
35,16,Operations,8.835684126571776,5.746382795772125,8.414929723788397,1.5486561069953708,3,3.0823696043695614,73.41100448430319,3.9979372414412455,24,1,7,7,38.4996068764031,2,3.776370523657581,No
39,15,Technology,0.6328283020213235,0.30227613927040764,5.996397453049736,0.5325396400714889,2,2.075868192059623,51.32841034944623,4.30038137749181,87,0,14,10,5.279143849976814,0,3.726350438193788,No
32,16,Finance,21.29369291274914,7.593349134877635,19.281160560577668,1.630458920076431,3,2.5151066950389556,54.17866818098195,2.22119643331568,52,0,14,6,29.81326359607819,4,1.441603039588265,No
44,17,Marketing,1.904277338614766,0.6236348816436792,6.866378492175724,0.5967584891819352,4,3.3302046346545966,51.08166096614771,2.5079445785314936,48,0,10,6,19.571517970531563,3,3.0455524926996134,No
33,15,Operations,0.3161190630979458,0.3161190630979458,7.170425178923838,0.8186168452649288,4,4.899536858255932,62.783903427457766,2.218360849037306,17,0,5,4,43.03316878193757,4,1,No
26,17,Operations,1.3268590254786021,0.3,6.949293929022263,0.8725206107407671,3,4.222642060875733,46.156836493692126,2.3987333980067893,49,1,8,0,30.35280094179616,0,2.994506193585488,No
35,16,Finance,2.430828771686481,1.480551895323179,10.395982982209924,0.5941416068080462,4,3.56389109621938,69.87110920944374,3.490811391171776,40,0,9,3,80,3,3.732797222254086,No
43,17,Operations,2.0944813724869698,2.0944813724869698,7.653348089753262,1.3856878070061758,3,3.409113042869401,85.15676092499949,2.9997582796226343,47,1,7,6,25.063766128120402,2,2.6143963061542843,No
43,12,Sales,18.81294623780638,3.5321488777943078,29.916079687982485,2.256018758292305,4,2.794160941187321,59.355357625088764,5,25,1,8,6,13.553493170013756,2,4.026291172225028,No
29,19,Technology,3.340145347849875,3.340145347849875,17.338116556953647,1.8137737809941408,3,4.395267164960786,75.57005132581988,3.5856164886892277,6,1,5,4,31.433140539388646,3,3.7486311158161683,No
35,20,Finance,5.412721520625885,5.129272024093851,7.60940481882494,0.9149068824032519,3,2.867860951609839,58.81448707486841,3.1402447675448717,26,0,7,5,39.47708887786992,3,1.9858945104889172,No
48,14,Marketing,0.7874928468447546,0.7874928468447546,6.913837892444654,0.7921646986761227,3,2.0985288739249914,44.4394946646045,1.8901356864031609,12,1,8,5,79.98735483683372,5,4.524522310836359,Yes
33,16,Operations,8.09883438424072,3.9207067641743762,14.70520804258052,1.5532889573394968,4,3.4112707913417557,59.184884865310565,3.6107121442203454,44,0,10,2,18.723516553297515,1,4.445242086468175,No
37,15,HR,3.0701393087302655,1.3087699472905259,13.782403595333927,1.4906229139811273,4,2.712921891449947,58.504042311089925,2.1088746496672077,43,1,7,2,14.761504535971094,1,3.9258684948841824,No
42,17,Sales,8.961682520829756,4.919778984730718,20.288192535863214,3.333983360451292,5,3.227738849353039,65.73649527916257,3.124895583848125,42,0,9,7,25.78618393402908,2,3.007689777141692,No
44,16,Technology,1.9642468459845088,0.3,12.094992726161642,1.5162161496201851,3,3.599289752705748,84.38226475035643,3.816734107927993,29,1,8,6,30.644195352723923,2,3.452787551029178,Yes
40,16,Finance,2.9643229933952617,2.9643229933952617,9.891163055298824,0.7917320298379588,4,3.807591070677919,55.993293310830076,1.0189694153667122,47,0,8,4,22.563769087532958,3,2.0444820576339104,Yes
41,17,Operations,1.3403002678435532,1.3403002678435532,12.47028191926462,2.170684414265779,3,3.693561023682826,36.959132297133365,3.268500503467625,21,1,7,6,18.43740831281821,5,2.6282849792725007,No
31,17,Sales,1.8636225660098422,1.8636225660098422,7.740107891944127,0.807844493639258,3,3.5947898203686877,53.64444237838826,2.6017466589572598,21,0,7,7,48.82527939458832,2,3.268718180867856,Yes
33,18,Marketing,6.0803785180845695,6.0803785180845695,12.974939913833326,1.6800551113666096,3,2.411750757787345,73.80812576395942,3.3383506831450123,26,0,8,2,41.021726688315,5,2.8347716626039023,Yes
45,17,Finance,6.313649006418021,4.939870409549756,5.784744179343546,0.7199835507856919,3,4.005783832229815,22.75600470163884,2.411658501394532,32,1,6,4,26.804601614183813,2,2.4528758025479336,No
42,16,Technology,0.6857722559805329,0.6857722559805329,11.862320894270201,1.4700468037993384,3,5,70.3790209923635,4.900219127500043,50,0,7,4,40.1624289593504,0,3.1336269443363816,No
44,14,Technology,3.3333004723603086,3.217393341942779,10.546547218408207,1.0096046103039644,5,3.7892502576037925,66.51126718333222,3.42646408981029,12,1,6,1,19.959300223436774,5,3.980664630080285,No
50,13,Operations,4.361444179126724,2.8751787760509124,16.06075562598196,1.3001690770434313,5,4.288159304686976,84.79268674327997,2.2822016529479128,13,0,5,9,8.683384341502773,2,3.98733566474676,No
36,20,Technology,1.8981785950861145,1.8981785950861145,6.968367569568824,0.6091770100840538,3,2.918742012930663,90.69138267030301,2.0011044053119416,28,0,9,3,22.521096247923033,3,3.95428592727236,Yes
28,13,Technology,9.883981336508661,5.193374126686471,16.189736082603947,2.0752252547087275,4,2.479288194301523,47.013696548195966,2.982778188929484,48,1,7,5,26.89665009499532,4,4.227645979613526,No
47,17,Technology,9.32841369916585,3.472124744079833,12.58530290323895,2.179573653517273,4,2.8251761830697633,31.330400707237832,4.32033953500158,6,0,7,1,24.70746142541919,3,3.2601225289878877,No
41,15,Sales,1.4131396853558091,1.4131396853558091,7.550420717436792,1.2004571085595899,3,3.417852581217966,36.10558732790794,2.9825328310933465,29,0,6,4,44.5504780154746,3,4.387921048322292,No
33,16,Operations,3.765847289580796,2.9139254732336104,9.573728664504458,0.5070515322936432,3,4.084595768096688,65.62683811899588,2.9070024565870343,20,1,8,7,52.80503856334701,1,3.0219122571608965,No
31,18,Operations,0.34234712091469216,0.3,10.027997828315215,1.656787829327968,2,2.311746668261398,79.38964959953894,4.107543643635994,6,1,3,9,7.162289916375042,3,3.322363441647341,Yes
23,16,Sales,4.449945013489812,3.0560267413306073,12.073494555711328,2.1575865482689607,3,2.3141442670932597,82.46840615845049,3.0226360655776747,12,0,6,4,36.19775232132834,2,4.130388319166443,Yes
39,15,Operations,3.572587172793734,1.1613921979141701,15.163512921556416,2.9921532986058406,4,3.114009451678922,41.405292934984246,2.9836269936796054,38,1,7,10,21.598036147870527,1,3.495911301928094,No
36,15,Operations,0.6222723860561343,0.3548531895209127,7.095882191243344,1.073519987604698,5,3.1034229946318534,64.88582795396117,3.5953607373880967,27,1,6,6,21.317917635808158,3,2.3905362788486264,No
37,18,Marketing,11.871352528138189,2.6007681953745236,18.279389822159725,2.878386501118316,4,2.4927654779589155,54.70138481211699,3.3044212691799,58,0,13,7,23.693354431889492,2,4.14307320186995,No
39,16,Sales,0.5871160963111061,0.5871160963111061,6.639297116877061,1.2636597280145352,4,3.6127326279901446,61.78102460864202,2.7132270623730483,32,0,8,3,8.213519222249213,3,4.963268388422145,No
32,15,Technology,2.396341357337916,0.7572638755539349,7.920813645181202,0.6489172406038409,4,3.8110418378368487,81.51785065552383,3.1153362075937845,44,0,7,2,43.05508381739302,5,4.2365939697417,No
32,17,Operations,6.241244481037444,6.241244481037444,9.180418606119822,1.5673642120294105,3,4.113255520169104,67.39465777713463,2.8956401683830983,15,1,7,6,55.80838299269461,3,3.7605158758999155,Yes
37,20,Operations,2.5092492106300237,0.3,8.334790754394831,0.8951316739304316,3,2.909222115713167,67.98489182372376,1.9829001639355026,56,0,12,3,21.836026437861413,0,4.06695612303291,No
42,15,Marketing,19.534803947710376,2.082794140288608,22.866172600887765,4.079805510139024,4,3.90816308112098,54.3153085779686,3.3944359208407,19,0,9,3,13.47605121544684,3,2.9467453998830013,No
25,15,Operations,15.774930528648591,7.932949625024739,24.61597369079529,1.7983611103708892,3,4.213238964983174,81.68599484970537,2.413100201787677,21,0,7,2,37.30811662683871,5,3.44364086994084,No
38,20,Technology,1.9754951167111334,1.9754951167111334,9.003986313724587,1.0855370484342934,5,3.439620579959895,72.13242365088652,2.296699656089198,30,0,9,4,31.252932728203962,3,4.489234165318371,No
36,15,Sales,5.954345222265856,5.810728636897057,9.657759591718177,0.8070340527430461,3,3.7930209856959345,53.36021701976877,4.505626300438668,62,1,12,7,29.329162453174575,2,4.681009701199222,No
44,16,Operations,6.130069812718038,1.262319275809279,10.19737616663314,1.8034871883197678,3,4.709279763209254,77.04528331290767,2.1788772619682617,17,1,9,4,5.085257503575508,4,3.954754725974172,No
28,17,Operations,0.9631654168187551,0.9631654168187551,9.9134651941685,0.9691196914940313,3,3.710898276606724,58.61103687677792,4.499112793214431,62,0,11,6,62.86650865014902,3,3.3293091620481414,No
34,15,Sales,4.717119646210023,4.717119646210023,6.426614813949852,0.6311253938383488,3,3.3849475166076166,87.00414876466749,3.49473692135464,11,1,5,0,34.68438172832363,4,2.0118592511084583,Yes
34,14,Marketing,0.6670194569267333,0.6670194569267333,7.926903976597969,1.0791953255518765,4,2.989070586768213,48.96254099224774,3.501064905716502,26,0,7,4,16.135267554950648,3,4.4888404518,No
46,16,Sales,4.118229928450813,2.2072042269177796,8.348472796050688,1.4852401373394593,3,3.6059962062301905,51.63913093364882,4.3102759901840315,53,0,10,4,31.613546209772473,4,1.6981410065277573,No
37,13,Technology,1.330609709864601,1.330609709864601,5.488132851404213,0.33403928259299054,3,3.1967546880421267,85.75167245355863,4.400787081635867,66,1,14,4,17.59651496476715,1,2.6686152351399905,No
30,16,Sales,8.498845882117148,4.137047336618259,15.525800180063824,1.3183983154609644,3,3.4132993686729787,37.168152391076106,3.1857823707538984,34,1,9,1,27.847929297027395,1,2.7260207009900554,No
49,19,Technology,4.077391113452161,1.5556676570421473,8.906225442352502,1.787574956310419,2,2.7072145068193034,78.57537084532368,4.502445163303068,10,0,4,3,29.32561608813574,5,3.7673669915687813,Yes
39,16,Technology,0.3,0.3,9.426793366577037,1.2803418760716858,4,2.5138560214372614,70.45465667723737,4.330425131228329,35,0,7,2,23.909496597638444,2,4.536072469579376,No
37,18,Sales,6.671095835516724,6.377821258330718,12.329933899521754,2.2780860320841914,3,4.186923579840773,72.47668337216331,1.899647243188941,41,0,9,0,59.49260439949807,1,2.0419736920073364,No
29,12,Operations,1.852689412622877,1.852689412622877,10.205965689129659,1.6097552698801223,3,1.7907701804772633,49.32974779110544,3.407119864582801,25,1,9,8,33.43536610339382,0,1.6532340448415297,No
26,17,Technology,7.909310160207988,7.33058108084979,13.213336748661302,1.3050480661209547,4,2.413235013637726,68.0499648662195,4.219001868322475,25,0,9,8,42.15254700746567,2,3.902740533703387,No
31,15,Technology,0.4590247337600112,0.4590247337600112,13.80274658247701,2.4966460712139136,4,3.7163110210921455,79.8506241978319,2.9144412662590735,29,0,9,3,22.848773904873596,3,4.878466458449029,Yes
39,20,Marketing,1.0164839005449013,1.0164839005449013,12.01160644114275,2.174667955949259,3,2.7681108941419006,50.075844683553264,3.6759621225919314,50,0,11,4,16.81462656760338,4,1.8678055630028116,No
36,13,Marketing,11.216018253138952,8.202692002968078,17.07899867159616,1.507377570583075,4,2.6400735976141703,52.259518489242865,2.7942736261490717,81,1,12,3,20.134108534822136,4,2.9534919462513836,No
28,13,Finance,1.1023111963457426,1.1023111963457426,7.113117039362233,1.2657017586874861,2,2.6960555756443725,40.24053048621327,3.101410560020554,41,1,9,5,54.58426813753846,3,4.56484628812594,No
36,14,Operations,1.445133484918966,0.3,8.04314071142447,0.8467936731397705,2,2.912182095804921,78.07363063982277,3.599857351735826,47,1,6,4,17.59910520537862,1,2.5205356952011537,No
43,16,Technology,5.727732266369715,1.6900128396899736,7.653427586447316,1.3039644878942647,4,3.0917164460083106,15,2.6185966148792894,10,0,6,4,57.56294698015731,1,3.0162232177853805,No
43,19,Finance,12.900322529523924,3.291900604689925,24.21430858249034,3.783344290024901,2,2.0039983499016167,54.0664094101039,2.4873810602949527,62,0,14,4,30.307554244104075,2,3.5273174376422167,No
32,16,Technology,3.749145780996922,3.749145780996922,10.761359026734063,1.909271513797984,4,2.909229533404359,34.511360312178475,2.7177615599492473,9,1,5,5,35.766522360250605,2,2.485415216943387,No
27,16,Sales,2.2469054867198692,2.2469054867198692,11.206754510300874,1.445352993156473,4,4.604672037556356,55.113386312273285,4.970908205353999,40,0,10,9,38.69586153191544,5,4.413820978304186,No
47,15,Sales,2.570839761446022,2.4876587162487263,7.395735690329503,0.8645554571620284,3,2.4935491191320436,53.83202395415553,4.3296579586764095,27,0,5,4,56.2598517586838,4,3.491854487993705,No
43,16,Sales,12.185986007926147,10.303770944104734,17.68719708890054,1.515493675430614,3,2.500956139726835,42.406622354580705,3.70276121823521,46,1,9,7,15.75232474521024,4,1.0416176593919346,No
27,16,Marketing,2.1157136316644722,2.1157136316644722,8.895841559633597,1.41833094121727,4,4.599641398793817,62.41385095602143,2.606952586043215,63,0,11,4,8.356459929257563,3,2.058831530946614,No
56,16,Technology,4.511689820253432,3.109484252321372,11.012735392584483,1.423893391392675,2,2.9784802304346303,56.48607507247817,2.7190190016735247,28,0,9,6,67.44127265507524,5,3.6013555071260646,Yes
28,16,Sales,2.6796550166622404,2.6796550166622404,11.09465563684556,1.4985087035557554,3,2.3038044336108157,41.91055924048221,3.5927258615863553,53,0,10,8,53.740942632042696,5,1.2803063727036392,No
33,19,Technology,2.05674096420988,2.05674096420988,13.06747403543535,0.9399974701579902,4,3.7082070567136354,58.29116781020521,2.181897746908841,20,0,8,6,38.982252551832744,0,4.060268332968112,Yes
44,15,Technology,2.54816719289012,2.54816719289012,14.778199070007833,2.8461095768379034,4,2.2252959428365386,48.60538277088934,3.806098200004029,30,1,7,6,23.715323870085673,3,1.5681474661099886,No
29,18,Operations,6.402220344748372,2.626831934715602,12.797720224864479,1.0331143653256587,3,4.988243932414466,47.54590880076807,3.7154460043420476,24,1,8,3,36.287402823700454,4,4.022627687982157,No
33,15,Technology,4.007806850785659,2.8095743871193153,6.887264410192933,1.2252473565805049,2,4.014494035684076,45.538334616883326,3.589336520463397,27,0,9,5,11.985573178392372,5,3.5426039143830144,No
38,16,HR,4.239571032112743,4.239571032112743,9.335049508568162,0.6545008096333685,4,3.1054171013141643,69.89742243186211,3.498122216850117,42,0,10,2,26.17333910946007,0,4.557467853237822,No
36,16,Technology,0.7125570260663205,0.7125570260663205,8.30707432832187,0.8109906093227577,4,4.985327881396277,47.13102972686821,3.5705750239634524,55,0,9,4,11.643189938713556,0,2.43753556915869,No
31,15,Sales,10.481766707297583,1.2466891177126642,13.690785094133881,2.407716700670546,2,4.10492334758527,50.948224288061,3.612505076219652,35,0,8,6,37.60336110163426,0,3.4821364818925336,No
45,18,Technology,1.4009560661139389,0.33026727818085666,12.738215265897557,0.9615334165440123,3,4.000737881590193,64.04117281168809,3.702841978348793,47,0,8,1,15.08208362345842,4,2.359478561102837,No
28,12,Sales,7.890946325514205,3.620373391484573,17.138070212278137,3.03739197157226,4,3.687965637275456,65.07235597503781,4.781670426156706,11,0,5,0,12.077355725536492,4,2.68933388385919,No
44,16,HR,0.3,0.3,6.667521800271315,0.7033207182548613,4,4.382894356922492,57.23524789229847,3.0172586418961886,11,0,4,3,16.79287984381018,3,3.744917235658997,No
34,16,Technology,4.8449698404941115,2.686713568126325,9.74729532305236,1.8966287836832167,3,2.6218029550795396,51.946710662375054,1.9879997319828908,18,0,7,5,40.07207590084672,4,3.896869404148239,Yes
49,18,Operations,12.71178408602824,3.3544034190858993,14.221941077967275,2.4824801885657246,3,2.3656113205211957,60.146883550045416,3.5014893436363876,20,0,7,3,32.06080007498193,1,1.3654926957397677,No
37,18,Marketing,6.614998350197077,4.140208669932791,20.29532642864738,1.6719367124064952,4,3.517311659917845,68.14543275362828,2.814149193433822,14,0,6,5,20.259882106877555,2,3.3547508712715888,No
45,16,Operations,2.9760707503704884,2.1807843060081296,15.507357892719954,1.67105092624524,3,2.782238867876952,54.70058535361484,3.78554714457693,45,0,10,5,26.71678069085859,4,4.411990019215797,No
29,15,Technology,4.1877337164545105,4.1877337164545105,10.00909083308569,0.7208360745368984,3,1.9985877485045294,66.72160610539002,3.089014160555928,27,1,6,6,21.228889944819414,1,3.2574948971066213,Yes
33,14,Sales,17.257397586434617,4.7028562964699345,15.473800341021411,0.8147464273693327,4,4.3968426984049636,75.97256968067656,2.8864202663284058,31,1,12,2,29.032411394228685,5,3.117935998589899,No
22,17,Operations,8.979286803626065,3.8336855017820755,17.37696343465495,1.6282851281875574,3,3.0851661460162054,52.34661919659216,2.2922029059833644,51,1,13,4,22.476821217473848,4,3.7866833940750073,No
36,19,Technology,7.053465181130356,4.798485604974677,11.546942776130972,1.3016725379206309,4,4.214409930832247,72.19319931901985,3.8676055797126128,44,1,11,2,29.44727049220596,4,4.161373209592477,No
36,20,HR,2.9351527783462434,2.9351527783462434,13.364417709555504,2.172350171124976,3,4.892838343451118,61.894355566844844,3.4898682591188983,28,1,7,9,45.477726101808834,3,2.864887771960128,No
33,16,Marketing,0.6903859366728915,0.6903859366728915,7.453110724672314,0.7186836753845043,4,4.378746925605274,63.402489016591694,4.402455269213925,30,0,7,1,40.56395667702667,2,4.142488002246326,No
42,16,Sales,9.756068736342563,6.979260903964649,14.744697435595091,1.1572800984677827,3,4.000753787933185,48.904670568357886,4.6770187596775745,39,0,10,5,42.976657354968104,5,4.628102788073214,No
48,13,Finance,3.0660114226198036,3.0660114226198036,15.360416750002763,1.6831242256257988,3,5,40.56056441326631,2.8710486912237827,31,1,7,5,25.681528979290235,5,4.987524542772356,No
35,12,Operations,1.7669350802500492,1.7669350802500492,6.3420145913342,1.0172044290735285,3,3.699860019877355,74.18866228478589,4.216231481285882,41,1,8,6,17.095068065394337,0,3.359217489030852,No
37,16,Marketing,17.591392288084137,10.566851659958234,27.877181843486454,3.8523835537236355,3,3.5894511498616666,37.443386052984266,2.8326767974466462,23,0,9,3,19.02545641046147,3,3.1321440440601895,No
44,16,Technology,0.3065174189471555,0.3065174189471555,9.84240145507818,1.1361000533401888,4,2.804311506066559,54.69618150625382,3.08759212144715,33,1,8,7,19.722457239971725,0,3.760635907869347,No
30,15,Finance,21.477752034180337,9.352037407450545,22.594532418897508,1.5916992676741903,4,3.5941595547957927,23.465550242479328,2.5984676561413793,16,0,8,3,43.05265329884374,0,4.399649623335365,No
23,15,Technology,0.9572307633856707,0.9572307633856707,10.224689892826078,1.4411609029882502,2,2.904871978345472,56.435589153448454,3.59397553778763,53,1,9,2,23.303592529360046,2,2.6499828224253688,No
22,13,Sales,8.351133244081302,2.459068174281666,14.945458809418664,1.3777490913849388,5,3.4369239110672365,53.899848506148686,4.495999114828002,30,0,9,3,27.31250655912643,1,4.180185226240524,No
23,20,Marketing,5.944867561505265,5.944867561505265,11.899294344798403,1.3038421432794827,2,3.5903535625404754,50.91449556433207,4.08152343829025,21,0,7,4,53.27331033527834,2,4.3346643079459,No
35,18,Technology,5.717416782163335,5.717416782163335,11.146344552042724,1.187466577777102,2,4.2184737650045125,74.19024572449128,4.502358895981798,7,1,6,5,14.492230989420923,1,4.734604946454418,No
31,17,Sales,6.214941221683606,4.788692672431692,13.71612706580084,1.9182963932346668,4,2.613697417407614,15,2.1816857602266992,34,0,6,5,45.47233126188494,1,4.961646438927731,No
31,17,HR,15.598963902492372,6.629410620890489,17.17302160313689,1.4747107136395123,3,3.1007896593748234,40.99570195234678,2.2717981438896064,57,0,15,5,14.13616887406729,2,4.313267878387291,No
32,16,HR,8.23167442868131,0.361766451065014,20.231911676484273,2.0742611015383847,2,4.992750621753299,68.65160060718846,3.6915064066299923,20,0,8,4,40.19350037698242,5,4.550143653722712,No
47,17,Operations,5.498645544024379,1.4398748460701232,9.066485724391791,1.6437079418203155,5,2.769446433112685,33.240245402993075,2.5934300501977305,53,0,9,6,5.593118978022214,2,2.900537875097651,No
23,16,Sales,2.4860955052984273,2.4860955052984273,9.947756130001899,1.988529647277912,2,3.1998346819549175,82.45538816428264,4.0030742299403546,19,1,8,4,25.77850087636776,2,1.6840027260330592,Yes
41,16,Technology,8.566362145191295,3.3966597248004002,17.93517909920341,2.1983871018464787,3,3.187235633756256,38.79859664552039,3.085978371783658,26,1,7,8,32.27248957006376,1,3.462845152190074,No
31,12,Sales,3.220994285284332,2.6962907813614834,6.486636518172507,0.5022767207422134,4,3.3100907652222684,73.20147287329614,2.9002720894925744,14,0,6,5,12.651494331569328,3,4.526919306648952,No
32,13,Marketing,6.520037228678181,4.915421625850024,8.610657154767473,1.4326886407056405,3,3.382325057918558,90.75072386615314,3.0942123641994224,34,0,8,2,13.183621081744542,5,1.6795036418535996,No
42,13,Technology,0.5416719260739196,0.5416719260739196,10.695479223246869,1.830077893947505,4,2.508746587224688,53.05797819148279,3.271964208804738,22,1,9,1,39.09091334715485,1,1.8386140908697346,No
36,16,Technology,2.5700753750819008,2.24577185891032,11.726114345260106,1.482018885693295,5,3.691135651122625,40.664535379517005,2.416296140580695,50,0,8,4,20.758123081948767,4,3.157070320856835,No
21,13,Finance,1.238833217362199,1.238833217362199,11.89413313417395,0.6231809050043807,4,3.3984184863940805,67.6688740650218,3.308027988713268,36,1,9,4,36.31964143906931,3,3.7601625900044255,No
49,14,Marketing,1.2061936385158913,0.3,8.39824246548494,1.202979481020935,4,2.492823231144908,62.48529375204213,2.9588714059003642,21,1,4,8,57.28658584494347,5,3.171386252131881,Yes
52,15,Marketing,7.592129729689356,3.6183980395512547,14.467013060216017,2.65160058766031,5,2.0924902631829907,48.10612563811553,2.2224263598742886,53,0,11,2,7.296014346099312,3,2.837247356992359,No
24,17,Operations,5.269722952235775,3.8034159054569554,6.825176877777292,0.8174823777624137,3,3.0783721738466836,69.29196687910249,3.3042424868377505,35,0,8,3,10.655500574482582,3,2.96082994602651,No
36,14,Operations,15.382498397051767,10.263914126319369,17.076047215018352,2.9510467075037936,5,1.6084544819626125,64.02329931911272,3.689580513660599,7,0,6,4,9.15108107431421,3,5,No
31,16,Marketing,3.004350701089338,1.422738358880713,12.761791476415302,2.347411083047748,3,2.305823635580326,82.50759369883795,1.1869826189949633,12,0,7,6,10.3985383203355,0,4.390037913059296,Yes
25,16,HR,2.5246175264929764,2.5246175264929764,8.055600160881516,0.4134402966779871,4,4.415871032274551,45.654813797101816,4.302547741442153,7,0,7,4,12.078762014353028,0,1.5386316592646252,No
37,14,Technology,3.2023488618026894,3.2023488618026894,12.885294294929407,1.003900515233475,3,2.2997657220514323,59.89889340161494,2.6142734332712805,11,0,6,4,39.445253959256284,1,3.124439462376748,Yes
46,16,HR,0.3,0.3,6.943384599035957,0.7901757280738632,4,3.776963111977831,67.05218937659727,1.8070271719890318,33,0,7,5,15.691463741856566,4,3.078989841691739,No
43,15,Technology,17.578008971737667,5.836020669594934,25.314099490968786,4.0625650302112595,3,3.1892303864633407,44.052130638465066,1.9970808126782789,6,0,9,3,18.8335556292228,4,3.9989838080586066,No
40,15,Operations,4.9542446672384,1.2231839509277953,8.419492024444542,0.9727356335769815,4,4.293364147785269,56.99793864780942,4.01168035295593,83,1,12,5,32.97382044959743,3,2.4949350629469773,No
29,19,Operations,9.725287256243412,6.818332004723815,15.623182644653209,1.6163723492531532,4,3.6771484115181514,61.450992635052515,2.6926393531436688,57,0,15,3,28.565024205562082,3,3.32879388614353,No
21,12,Finance,3.240705084132318,0.3153417207547724,12.137065235472457,1.0373435304347016,4,4.298760318787955,47.62424697875585,3.610441227438101,35,0,8,4,16.640739707071305,3,2.931017518781447,No
38,18,Operations,2.29755033882144,2.29755033882144,11.377595619666682,1.3654658526297807,4,2.8698997509530244,71.82544746404142,1.0010993927550054,33,0,9,6,8.050725183170577,3,2.8254142195515772,No
38,20,Sales,1.539918486046603,1.539918486046603,5.689139226876649,0.7569092123574237,4,3.2071735886842667,60.178376709505145,3.882058223989434,26,0,8,2,14.26041355969151,4,2.571993001477972,No
26,17,Sales,5.286032912350363,5.286032912350363,14.471895500423175,2.5308513036244444,3,3.5141890780484886,36.4087788689005,3.6146234932630232,38,0,7,6,26.47507827328291,2,3.020489840545878,No
30,16,Operations,24.175108823483214,7.44841792725522,32.10361253795966,3.0477059224185092,3,2.5167392938242372,43.78219335867672,2.296472150478942,36,0,10,8,10.027858305587646,4,2.756475995980968,No
32,13,HR,3.1270364754150894,3.1270364754150894,14.547153922531331,1.5026321271990317,2,3.2221259597562297,78.04916034837676,2.310051761182209,36,1,6,8,44.50792255458133,5,2.996402315628782,Yes
48,15,Sales,9.656795194700596,4.369034265782725,17.230354526278827,1.0389869069002715,3,1.0822758973133577,54.280565486198284,2.5008610200648524,19,1,7,5,33.919226111803376,3,2.8043059508292147,No
39,18,Sales,8.167190884116811,0.3,15.960354491044246,1.0500536755999301,3,3.487386290592677,58.614630639719564,2.2001032947073442,19,0,9,3,46.35229064771002,4,3.192544710783027,Yes
21,12,Sales,4.518025771200797,4.518025771200797,10.22124245538678,0.7007240159194572,3,3.5011434364999987,68.29232019569969,3.810775974278851,23,1,7,6,45.532930186829546,1,4.892421045812441,No
35,20,HR,9.549385704366044,3.7104561858363234,11.863132357087764,1.3006079922818667,3,2.9862615783988105,50.08054846175969,1.5005434331117582,68,1,15,5,12.532720662222093,0,1.8079547433999597,No
36,16,Sales,0.3,0.3,14.238465797616747,1.365299107129636,3,4.3006251479999165,48.195736428748546,2.5534362379462663,50,0,10,5,75.66082321784965,3,4.275413810526076,No
21,13,Operations,1.059170187182412,0.3,10.136651407906035,1.6332778925625664,4,4.192969355186355,67.96037908428967,3.3101381586492256,86,1,12,2,19.595785712759064,5,3.0124728341461187,No
34,19,Marketing,5.187155081995649,5.187155081995649,14.757702597593694,1.0600170402007487,3,3.2073452756806025,70.92618879194237,3.471926941739278,21,0,8,5,34.53316841118324,2,4.893853639123816,Yes
42,15,Finance,0.36883830757102015,0.36883830757102015,7.644473687843176,1.2169447543500298,3,2.5851452444288396,43.29497759714489,1.900529911210116,37,0,6,4,20.053012752146664,5,3.5259835195745732,No
27,18,Technology,2.535927835350583,2.535927835350583,7.947479754712554,1.0017544078505325,3,2.319269691950561,70.79888688177046,2.1481392461961404,28,0,7,3,36.65993971858618,1,3.864245254828167,Yes
26,17,HR,4.477588888729539,3.496821524781002,15.036167780665581,1.318917020920921,3,3.5154435851072967,76.9419705090117,3.9187430848446176,56,1,9,6,17.2244140009492,0,2.8382601532825373,No
36,15,Technology,5.602482919438843,5.602482919438843,11.132709312583176,2.2270996378309937,3,4.069463682306603,61.919938427835596,2.8213346907584063,12,0,6,3,37.85351694154806,5,3.099225969236662,Yes
21,15,Sales,1.982276146386536,1.825942236345131,9.994473088016631,0.6633413088340362,4,3.211343587043133,84.51633630502009,3.0006072779679815,34,0,6,10,14.285708422448133,1,3.2117957575246936,No
33,12,Finance,16.869549389757125,7.0215232144339295,15.627389358414042,2.991204814963165,3,5,60.374850219536306,4.988292084399617,42,0,12,3,16.679392941688203,2,3.2860310532268326,No
32,17,Sales,12.342293486821752,3.3456240212649155,23.025458633645403,2.2599704334603534,4,2.9020284824093547,50.01022065667825,3.7916677072707463,37,0,11,1,12.378668140471271,5,2.82648585705343,No
47,16,Technology,7.697969915373914,7.697969915373914,15.6627599395182,2.855031167630669,4,3.2906687533825467,40.562205099513335,3.188128708270825,43,0,7,6,27.118564396122387,4,3.3674627124377174,No
34,14,Technology,3.045033237074565,1.8383734709390807,12.45290887319167,1.6302612511950405,5,4.673172017087828,41.95916697552087,3.7026785783611715,37,0,10,6,13.94758058461087,2,2.7512554642975755,No
31,20,Operations,0.6804484380723129,0.6804484380723129,9.164913887213372,0.6657373577781498,4,1.7352585731706456,51.63035835817583,3.083382019180806,19,0,9,0,64.38658243005689,1,3.958053665142161,Yes
25,14,Operations,1.9730655524718992,0.3,10.277737753665173,0.8311700279699479,3,3.5873489276447588,40.60116006874801,4.596165858471576,14,1,5,5,28.902060467315213,5,4.064293814494228,No
44,15,Marketing,9.016711921725099,7.506508332527448,13.309637953350386,1.1267543110177578,2,3.3061613637477456,56.10138872426723,3.498692007675224,84,0,15,4,57.42607940253873,1,4.041311072540589,No
24,18,Marketing,14.055172852271417,7.761584407309274,15.575040277635027,1.9016859060865783,4,1.90592243877877,59.93572187252259,2.4185188112863254,24,0,6,3,57.68075727510646,3,3.4276923354785347,No
26,19,Technology,1.5858179457642712,1.5858179457642712,12.0667842429579,1.1031888372047038,4,3.2015453698379486,61.73998578703617,3.6997698578272655,40,0,9,7,33.625816410036606,0,2.214973976012268,No
40,14,Finance,4.776037586366547,3.5945548121275595,12.95529761441729,1.3902302208875261,4,3.111902958130124,39.5192584371183,2.390055189813811,44,0,7,1,52.351971903111405,1,3.7715348568392413,No
36,18,Marketing,0.9423736224346471,0.9423736224346471,10.752475371685557,0.8875990973808116,4,4.912332333444388,53.943041664401555,4.706997660082964,41,0,8,4,30.743092854617593,3,3.070917419570414,No
32,19,Sales,7.293331068512126,5.629687775641365,16.16933620642767,2.987382408310858,1,3.6883715156687114,63.68526965329833,3.695608148804276,18,1,8,6,34.48310549165886,3,2.5309509088183533,Yes
47,12,Operations,3.6595401557745824,3.6595401557745824,11.864037789409695,0.9352846599215159,4,3.695655007084553,75.22365821454353,3.622577921905288,41,0,8,3,37.78223799720488,0,4.6147200954474705,No
40,12,Operations,4.853789057455353,4.853789057455353,13.635868925565497,1.5380167261062059,4,3.4986507533763587,74.7171277656726,3.175619902917231,8,0,6,3,41.23393239360681,5,3.8651490729726765,No
22,12,HR,0.5618932984875576,0.3,8.788972519779833,1.2860874087347447,4,2.885184405052077,69.28390794895108,3.688140584872317,34,1,6,5,27.36888099469707,2,3.803431512194794,No
29,17,Marketing,4.1035342173729825,4.1035342173729825,12.966583225923321,1.734431265203463,3,3.594507578914449,63.99622272740219,2.6153983661134927,68,0,12,4,52.30994677003726,3,3.41297858927899,No
38,19,Sales,8.589025890508857,4.809830796942991,11.401457804041575,0.8280668568288057,4,1.92785103713942,18.972893164192495,2.288985059845309,29,0,7,5,15.363973098409524,3,1.5163069254838084,No
32,15,Marketing,7.260340357106266,4.158840792145152,19.50529006209969,2.5383498885662634,5,3.8952801541384012,69.33398535795406,1.9141786301234527,25,1,9,7,26.95560935334362,4,3.3609197113282963,No
32,16,Technology,1.8306526875402525,1.8306526875402525,6.369523170075936,0.8615299258272805,4,4.192220357122991,48.014708771803704,5,67,0,11,5,32.55973607328104,2,3.719041784636097,No
38,14,Technology,1.6508892955118202,1.6508892955118202,7.8666033363190415,0.6631306857358574,2,2.4992498642763175,88.14801146881818,3.122414022779352,41,1,9,6,77.21373273936683,0,3.60411165261987,Yes
21,13,HR,9.86699045649966,2.874409718018811,16.987761937611577,2.818382008274388,3,3.0147607372222787,63.81563962778003,4.710141082490212,5,0,6,3,28.809807474273978,3,3.0141445477547992,No
25,14,Finance,1.0127896358898092,1.0127896358898092,15.313301659944969,1.1176849309823433,2,5,90.94370461305732,3.8945979940193016,29,0,7,6,11.293397927773086,1,4.3345139676237405,No
38,17,Sales,3.1740215868984523,2.9242143521529145,9.825457491141606,0.5237063209567993,3,2.3283262489847805,50.43379918661725,3.095998530709635,47,0,9,2,33.502537027303674,4,2.4290236279751065,No
28,17,Marketing,4.67049082198316,2.9467440802041636,11.91855967516047,2.3291466598901853,5,3.114310409031724,84.67359441781998,2.790421796503821,49,0,12,4,43.85152731651612,1,4.054765281253049,No
38,17,Operations,0.3027897626282526,0.3027897626282526,10.4735507614995,1.8175364757668768,3,3.8952907412692492,50.39801999458072,2.7913580385909373,30,0,8,4,39.147412813563044,3,4.03795029741612,No
36,17,Marketing,0.3,0.3,8.017694757407426,0.7380883802376903,5,3.611363151485291,65.47663309599344,3.1873420661697747,38,1,9,5,21.95843189908097,4,2.0791707095293885,No
36,17,Sales,1.6844079145519275,1.6844079145519275,15.162361483586741,1.5162688443788959,3,3.481296737718013,41.52364452096332,2.818848803853435,15,0,7,7,50.87256882644445,5,3.5359317505743877,No
27,15,Technology,3.699882168626897,3.699882168626897,16.059031326424385,1.2939053741825695,2,3.014192016566032,61.64751590424666,3.9766340498572483,30,0,9,7,30.53663007638595,2,2.1711162437647893,No
35,17,Sales,4.446104867154085,4.446104867154085,7.621389826259255,1.4045445904252987,3,3.897892598139975,57.876457778393224,2.525030948822991,38,1,7,4,29.01584054309252,5,3.757575607037663,No
31,14,Finance,9.717478858559252,5.687510024448934,12.814462589910061,2.159747056321821,3,5,74.9500599656597,1.6824052818260278,32,0,9,5,11.07001650970412,4,3.2293768635647653,No
28,17,HR,6.460510490956834,6.023490709183189,11.876474238116897,1.50946956800584,4,4.930749553436007,52.065947154425324,3.7786486127616294,38,0,7,3,17.659561568884424,4,3.7192944877044614,No
34,17,Operations,0.37594915049978134,0.37594915049978134,8.37516063779925,0.7161320794418969,3,4.198451455792459,39.821785085953515,1.7052193585606312,54,0,11,10,14.584857841360662,4,3.096962229076985,No
30,20,Operations,12.386114581792539,5.526855311393203,14.289849265481683,0.7850140303818637,2,2.9816475681811627,74.1790504374894,4.105962514550886,27,1,8,5,37.71719862649657,4,4.209755039955141,No
27,17,Finance,1.099569872659405,0.3550312641941924,8.02724916114094,1.2746160798149364,2,4.388500213124446,69.91561406884128,2.909855362707493,35,1,9,4,37.9039667918088,4,4.981154464940577,No
32,12,Marketing,5.877898442248515,4.537262205954626,11.88150053388607,1.1879707898231977,4,4.311385630142723,39.44646522429752,3.792903173234114,14,0,6,5,40.42859248401174,5,4.7971630499485,No
31,13,Finance,3.604591490956778,3.604591490956778,14.384359668776444,2.1830533275892825,5,4.026750834907336,66.0080993547274,4.498929678336573,37,0,7,5,75.09402338621328,2,3.2603528863272633,Yes
43,17,Sales,5.9791499311974015,2.871028921907188,5.313373692060161,0.5457808728708388,1,3.393813904145165,45.322167187732795,3.1015017083656047,45,0,9,4,13.899166166984092,5,4.220148509175536,No
38,17,Sales,3.2639352370757044,3.2639352370757044,12.769688498626092,1.4891340102822506,4,2.623415727444726,83.28154010109054,1.4222689371510875,43,0,7,6,42.509548441381384,5,3.774675772914719,Yes
44,16,Operations,0.3,0.3,7.9111938070998855,1.3182792385046485,5,4.105862490227086,35.91706739798686,2.584665916204107,35,0,7,3,20.39532125265314,4,2.5410127232616277,No
33,16,Sales,3.4744121579381493,3.4744121579381493,12.301692485125129,0.8598723715915078,3,3.606950360047773,24.562562610396682,3.906059440767324,28,1,11,5,23.47589445389991,5,3.940349725683646,No
37,16,Finance,1.3708062636991274,0.47262406428918285,6.767484921746004,0.3888541426393396,3,4.474681541188339,52.58921790555438,1.9119403566675308,71,0,11,7,23.038016027478196,5,2.9427655871053107,No
23,16,Technology,10.799987467936726,8.084841611008773,15.932982902314826,1.6146280928450598,3,4.4801240757464935,77.9431637419716,4.198576428962217,22,1,6,5,14.143090413819442,3,2.700681596949314,No
47,17,Technology,11.434936746830275,7.674422836525735,10.037642285020807,1.6000717606702537,4,2.6568094791495884,55.800290590331166,3.126216691465603,37,0,9,8,12.133824409822601,2,4.015452876528332,No
26,19,Marketing,12.180064974782507,8.296133862980597,14.263039861120058,2.542617537153776,4,2.7012787762620984,75.08212847555211,2.9007576033494575,50,1,9,4,16.62199107795195,2,2.915467733258715,No
41,18,HR,11.171663427838894,3.8437136939992937,12.085822395624932,1.6464382837396676,4,3.4132360044695176,51.10224723861818,3.286872992888724,34,0,10,5,45.62136701256516,4,2.15555293938792,No
39,14,HR,6.376335275392098,4.8007262661264845,9.840261982251763,0.8824932416949463,5,3.5001932868251084,59.084181907049086,2.9104111145359393,30,1,8,3,58.670643430031326,4,4.322542164921139,No
42,18,Marketing,1.107133433186551,1.107133433186551,6.80630533577168,0.4779736072330962,3,3.4330938076741013,85.6034383667648,3.209023760142636,22,1,7,4,29.764115751377215,2,3.8473829252426737,Yes
41,17,Finance,9.856137795011445,5.917661694062637,11.311226772618824,1.0155884848302035,3,3.7094920399070315,55.005333501194755,2.986581949227329,35,1,10,10,16.642409982692698,0,2.9495816489928988,No
34,17,Marketing,13.42777044175026,6.8014172444065615,14.370930462099066,2.38036485780371,3,3.5070705608196615,44.05568832028771,2.696456524595402,56,1,11,3,11.55335783930974,4,1.8345975164810426,No
29,16,Finance,3.6306837386633166,3.6306837386633166,13.060406404487988,2.365060892701871,3,3.79125733726968,54.61194583824879,3.133879522820276,56,0,11,6,25.824234831244123,5,3.180725768756998,No
26,18,Marketing,5.354520060659515,2.255155820307005,17.265267503016652,3.1791710282294945,4,4.09716026083272,70.01106711615117,3.4828421606564075,21,1,6,5,21.099213642968603,2,3.9861531078991255,No
35,13,Finance,17.140388990633934,7.012795199418293,22.27808851734058,4.146990929507579,2,4.000161517874391,59.19706887448413,2.2779700302873325,16,1,9,4,55.68687027721337,4,3.9504333977513544,No
35,19,Sales,0.5257648622631251,0.5257648622631251,10.993923332072796,2.1492600395688983,5,3.891059065710492,69.17602107104831,3.801458737381679,51,0,10,2,17.64746765944677,2,4.026877708329317,No
31,13,Operations,7.340300007883752,7.340300007883752,9.260914237400849,1.1574716501409605,4,4.373571768767603,73.02380818418901,3.4356747594848485,56,1,10,8,30.01192934315491,1,1.6971354245158028,No
44,20,Technology,3.6353259614701265,1.796182313574966,10.310907428539888,1.3003610007667332,4,4.49027331581547,58.63817631352856,1.8791552650699523,23,1,6,3,14.526717596335923,3,3.7584064913408297,No
40,18,Finance,1.9232457476767097,1.8910406994753677,12.411635325319732,2.3824151390801735,4,3.5145421473688043,70.56969571431888,2.4059632444410695,36,1,9,4,22.622052661303847,4,2.368148914130735,No
28,17,HR,0.7333445997802684,0.7333445997802684,7.257756589136738,0.6944787126411968,4,3.16861454544813,44.907951251171596,1.0025701918422456,38,0,8,2,28.894230241811883,5,5,No
43,16,Technology,7.4622276503128475,0.4001208136722484,10.371053520960796,1.917076198639385,3,4.103864282435147,75.41706461171849,3.3713197896707325,53,1,11,5,14.436338065014876,1,2.3590234061604844,No
29,14,Operations,1.852899918634163,1.0583787266539277,7.343478765422177,1.2367110045537553,3,2.8060963125753364,46.97799908933376,3.104453784793792,19,1,4,5,21.506792186462246,5,2.989365300655165,No
39,18,Technology,4.08073168829829,1.3734852244058693,8.082749111948791,1.499446510296271,3,3.1762538636997624,62.816705912662854,2.7935797388353265,22,0,4,5,23.45531157559647,4,3.5238615040970345,Yes
37,19,Sales,2.714606305323123,2.714606305323123,6.837033309115566,0.4721492815922733,3,2.811701165557282,48.77000694619751,3.6086800554185503,20,0,2,3,39.66304543183724,5,2.1009290261423454,No
32,15,Technology,8.575151918467938,4.317100671665238,9.020959507538619,0.6816697334175678,5,2.209619711004772,54.61149486609899,2.505578116076173,53,0,10,3,32.44490478752564,2,4.053466852966299,No
31,17,Technology,0.4862663172918088,0.4862663172918088,11.01154528977986,0.6179761149506295,2,3.804944751078893,67.62572537942359,3.8049576084415575,50,1,10,4,20.707837811737672,3,2.9435394596424738,No
34,17,HR,8.034677405869639,5.613069266583472,21.50604154958039,1.196345448321747,4,2.7737729198110657,59.69296472043333,4.775551194923226,16,0,8,6,13.806328002537615,3,3.717533830929149,No
42,14,Marketing,0.8759569881864925,0.8759569881864925,11.642355165833528,1.5581926818996432,4,4.619914240574238,43.769641467225696,2.7158559659522608,14,0,5,2,36.83950951201463,4,3.8843153476788284,No
36,15,Technology,6.669804215529009,3.517585762295019,16.436925498317464,0.9497162256599889,3,3.4000592093262902,39.745831369701854,1.3881482435521861,31,1,8,8,17.72177658989021,4,3.200275840201404,No
37,18,Technology,2.157955125633325,1.4664283689794417,8.826039701491545,1.1383976372017452,5,2.994858276500049,87.19170078021125,2.1128835413327427,57,0,11,4,42.27352834190538,4,2.0662841491365715,Yes
38,19,Technology,3.874002051579021,3.874002051579021,7.262007021335449,1.2503556826186293,3,3.685708070971914,97.98132974868584,2.862447745944714,18,0,9,3,6.684948053144447,5,4.098587349220451,Yes
40,16,Marketing,6.554972569993183,5.78797439705132,7.927043045260899,0.8420112802192731,4,3.606501738269987,88.90138220273944,3.5209542250894725,52,0,10,2,18.446581446247638,3,5,No
34,16,Finance,25,8.216914073003673,18.116166232939257,1.3849379907110946,3,3.4860637825219674,59.89064393119749,3.478188139432123,15,0,8,6,19.656805184930544,4,3.760721363588341,No
38,15,Finance,3.00477753083473,0.6048863076749412,15.851469752010836,2.6648417174795376,3,3.921382403978044,53.99900363013213,2.691234741293356,28,0,7,8,13.41891928013226,5,3.670220277073765,No
40,14,Finance,1.6943895674167708,0.3,7.235085048188266,0.8061844178483517,3,3.7717528313010096,35.86674895110172,4.317038231202194,23,0,7,6,20.144180843643017,2,2.0325297594985727,No
45,19,Finance,12.820741465109707,2.2017273313126395,20.43128001618361,3.600862072738733,4,4.194383185770227,52.31712992769841,4.106572214889417,12,0,8,5,14.038382909774665,3,2.3064437322119997,No
24,19,Operations,2.955457738356314,2.955457738356314,11.73024536208548,1.6438678900296249,4,3.1985974659508325,40.865746121355016,1.3153817226985318,47,0,10,3,38.413582628611806,1,3.2666757577603143,No
26,14,Operations,2.3552224621491917,2.2084737911477688,11.811327958076745,1.620749674293171,4,3.8846841237605703,63.598058732842595,3.805586963458947,43,1,9,2,29.427487363777452,2,3.4822502805699145,No
31,18,Operations,1.182202802736455,1.182202802736455,8.513124720483031,0.7695189769895612,4,2.7999547915220235,41.54550676405034,2.7038832964716724,23,0,5,5,22.398082363853533,1,3.974786257283695,No
39,16,Finance,2.3312603309051325,2.3312603309051325,9.39371245608788,1.749785426740848,3,3.0740254837146046,53.351935284535706,2.7869085193067353,29,0,7,5,31.449828540066616,3,3.6677962431876345,No
35,15,Technology,9.50278728692923,3.40363659310337,16.85414678894219,1.454890985435512,5,3.596120286886693,48.0385521347777,1.7278702516318,51,0,12,5,24.807535910677327,5,4.206084074609233,No
31,16,Finance,4.957911249435288,1.0071079901621431,7.432661375801098,0.9954271864790158,4,1.9544965935777132,31.755985298119814,3.386384318946707,37,0,8,2,48.422761610425745,2,3.0712611648359687,No
25,14,Finance,1.8237214589202826,1.8237214589202826,4.958154485452657,0.4674181634513756,3,4.589453430818348,62.515524186081194,1.5946816317212904,31,1,8,2,32.90614148394127,2,4.1031351024522715,No
30,19,Sales,0.3,0.3,8.788852279863598,1.6649131576390859,4,3.796096102457835,65.30382443534614,3.1769301371885192,23,0,6,2,30.623364291746192,1,4.99803199959798,No
30,14,Finance,22.487370257275842,3.741981201737977,28.532157409915857,3.0596458393593906,3,2.8153152132152512,78.75178918975776,4.60791517203143,19,0,9,5,6.644140336206628,3,2.3473904832983874,No
33,13,Marketing,0.39485714938506894,0.39485714938506894,9.469140608486159,0.9121804835798836,4,4.110198434344113,51.19746264489655,3.1896749520174748,48,0,10,4,43.82710133287568,4,4.981586001313284,No
42,15,Operations,0.3,0.3,11.472068583131088,1.875954055156274,2,4.928631271886591,80.0382567352465,2.0774084567779654,18,0,7,4,30.368744275858276,0,3.4210762126335186,Yes
28,15,Finance,3.4562926186688223,1.9434408767029576,10.81026224084389,1.6124404078875028,2,4.4968766077146425,74.99127865339075,2.317069451573046,11,0,5,4,20.270200909635992,0,2.9097175440020275,No
21,17,Technology,11.97370383517285,4.338829202325079,19.489616348297815,3.6808159624017094,2,3.596529590115271,64.20588608125665,2.6244520185045372,56,1,11,3,2.700180247041545,5,3.91178515710009,No
35,12,Technology,6.364993839548321,1.015141051162964,15.976010662948948,1.1102160573850237,2,3.608049996746578,84.98743318391128,2.8097192503967166,27,0,10,8,32.85848321890624,2,3.5934218818969077,Yes
28,19,Technology,1.5936124107148573,0.3,9.290715218286312,1.045435442060912,5,3.6160341440269272,56.882393445213246,3.1033966007100426,26,0,7,6,53.91873056363931,1,3.4599099033389984,No
21,15,Technology,1.7085965397087677,0.6097457888465333,12.331814125383106,1.6395112614729384,4,2.8073126626294043,79.05292066774001,2.323416039938908,36,0,9,4,23.057862426839552,1,4.167542082461398,Yes
22,17,Marketing,9.217195483714317,7.855936781382954,15.457250709058458,1.1481422303158684,4,2.8119337038865275,63.41567981633873,2.006035080020545,7,0,7,4,13.86670130035544,3,4.098014162457795,Yes
41,17,Finance,5.106563842506615,5.106563842506615,9.822621060627252,0.535384975051753,3,2.7437498496994444,66.71326921815539,4.122445688081099,30,0,9,1,62.18510034319091,4,3.6958269324087376,No
40,20,Operations,0.3,0.3,5.963060167094859,0.3322572450249703,4,3.1791668456461473,66.39308590015268,2.430601564250213,7,1,4,8,29.23424510942028,5,3.310706328997875,No
34,15,HR,9.41401766682803,2.9813441931392624,12.671823056684033,2.4909460443772433,3,2.6836063518239825,85.05903470272166,2.1977768926639194,36,0,12,1,80,3,2.159128444498545,Yes
46,20,Sales,3.4252829009803,3.4252829009803,11.208597561272967,1.4785039886745646,2,3.5884135487487754,77.63785016549616,3.1933138155476968,29,1,8,9,35.18317103387442,2,3.900438210026679,No
35,15,Operations,21.186478863990434,10.05704122084222,22.58002187284134,3.8247842968391317,5,3.5026286005524914,50.47729637618971,4.390759527993747,54,0,14,7,32.06186022334849,2,3.77124775270617,No
42,19,Operations,4.044611727275647,4.044611727275647,7.253921231161458,0.526555554808699,3,3.3889224813812873,55.49006591145524,3.2072256396104475,17,0,7,3,34.02066821140799,3,2.907816190668057,No
35,17,Technology,4.699231456356705,0.3087740180810349,9.08338277818684,1.5960877080304685,3,1.9677748751765838,91.1815521038485,3.3073050247912077,19,0,7,4,23.319052888514836,1,4.6376429808995745,Yes
43,12,Operations,11.50550635724565,4.423313875725658,14.090501938228785,1.4896120759955938,4,3.5705980609640373,85.68104082294263,1.8019908458970204,57,0,10,7,17.799752114997897,5,4.8485796982089076,No
41,14,Marketing,2.8914629880650766,2.8914629880650766,7.888178340361225,1.4139754650778538,5,3.389068672265644,62.594549498244916,2.321164250234538,10,1,7,5,32.16044681010627,4,2.758986674746638,No
42,14,Finance,0.32724857911960653,0.32724857911960653,12.052654106983534,2.3306978999763084,3,1.7996004368673415,60.411282725773674,2.7986253065913136,39,0,7,3,22.343714569632215,5,4.184061509554566,No
35,20,HR,1.7927337408948136,1.7927337408948136,11.796624360874697,1.3041436501556736,4,3.925373003325175,90.75261183256711,3.309482092959799,46,0,8,2,17.786036058120537,3,1.680653195913579,No
29,16,Sales,4.0628817481624875,1.0694681160037423,10.631292430215451,0.6658943195469955,4,4.2054216251583885,50.41579874031895,1.971414356697406,29,1,10,8,16.23589613948848,3,3.447842321093386,No
40,12,Technology,1.314638762084345,0.3,4.555660837977335,0.7240331710508205,3,4.102210610495035,83.85522061194757,4.124899316539499,20,0,8,7,12.207005061539121,1,1.4980895278953776,Yes
31,16,Sales,10.409369134401038,6.820928677822456,11.44167879912778,0.7666959350239069,3,3.5273855350016463,42.5646118740069,3.3046065261277358,76,0,14,3,15.976381248237788,4,3.804951544248497,No
31,14,Operations,2.3807493011005167,2.3807493011005167,12.33216139356256,1.6932418356276762,4,2.098564113940318,83.69137943253644,2.8760773764113607,27,1,8,3,18.334757862638664,5,2.6831701344116854,Yes
42,16,Marketing,5.999804475324346,4.44956383647934,10.476020648039773,1.9544621029671705,3,5,51.46053713978888,3.402170404351501,58,1,11,4,34.201224282536295,3,3.4193746724994147,No
29,18,Sales,4.975923382641819,0.3613420716226632,13.58651618366564,1.7454209184759657,3,2.290655225534586,52.78446939064925,3.878646821313243,70,0,8,4,72.06604958873015,2,4.232542505786312,No
27,14,Finance,0.49742206868963684,0.49742206868963684,7.058642465074981,0.9411332903702272,2,3.5990931396430894,42.47396450496887,4.996112531461401,18,0,7,2,19.19104279939493,2,2.629046162374653,No
27,18,Sales,6.323932688664284,2.3042472371484886,11.107898336518364,1.4799457285391873,2,2.5045417899039704,46.69215816574979,3.0695611910515335,41,0,6,1,20.022260127253897,0,2.1853447777906996,No
40,12,Operations,14.9037274336205,6.292763835800755,23.37330799768064,2.7836024165221893,2,3.0973624361800893,53.547864420247315,3.4154544482106832,40,0,11,8,6.423516270464257,3,3.774066479492686,No
37,20,Finance,24.911195704426312,3.99339156141376,27.42531795758412,1.8039910978170055,4,1.7208583336933003,27.19499082166087,4.405777998137223,17,0,7,4,13.597165467752463,4,2.1769171668694027,No
45,16,Sales,6.7600526056261465,4.687555621959642,9.711014603782688,1.0743878247006746,5,3.69917426062084,51.494318038956244,1.6057759564753784,11,1,6,9,7.640445326148886,0,3.954018197320041,No
37,16,Operations,1.9963697312997006,1.9963697312997006,10.958500509757942,1.010535375496352,2,4.114517742882423,70.8389125803251,3.218583274585422,36,0,8,4,10.178539852065732,0,3.7177534748018273,No
36,17,Operations,1.1173725313954141,1.1173725313954141,7.48890819877275,0.8203045648804196,4,2.785744076413798,54.81192637481078,3.713502836630972,52,1,7,5,9.140445150674129,2,2.3913336678923467,No
30,17,Technology,2.5696791731387885,0.5411652314379318,8.55751517313367,1.1637957077800585,3,3.085043225860837,34.56937449585349,3.1174830429144764,15,0,8,5,37.46219322930235,5,4.051198495512219,Yes
33,18,Operations,0.6592153147744064,0.6592153147744064,11.44467988404817,1.2554463218337768,4,3.6128178208947808,53.107852573418626,3.9118184982415336,17,0,4,3,18.524246482287722,3,3.3358830992316544,No
36,13,Sales,12.54188356756657,3.0392965667276286,15.642941826573304,2.0421387697022175,4,3.9908122711494416,54.96895078451013,5,13,0,9,5,63.094618229494515,4,4.339187407487119,No
30,19,Finance,1.638235117402409,1.638235117402409,8.532558538424393,1.391247001063108,3,2.7842517358834518,47.75133622095727,2.7922319477324966,22,0,4,4,20.04081197902211,1,2.2977442493205302,No
22,19,Marketing,3.5746577621160744,3.5746577621160744,7.101898822769415,0.7143793173583992,4,2.5772722587150927,48.48425250303889,2.394554360338509,39,0,8,7,46.53489680394764,3,3.119357827758227,No
33,17,Sales,0.47495406252047334,0.3,9.6966301345779,0.8700458464045239,4,3.234097223695983,44.21703103636931,1.9798976428752455,22,1,6,2,16.65397404396336,2,4.476025312367731,No
27,14,Operations,5.4065418992621606,4.487621752323444,9.098238641378213,0.8907560883313403,3,3.7943140101732182,56.00192234250647,2.3049591261343925,24,0,9,4,17.7492863195695,2,2.2609622141639707,No
44,14,Finance,10.301383349183888,4.807512687947076,14.095658181383689,2.23422946875034,5,3.4851807721285173,68.44414987126068,4.794637225749129,35,0,6,5,16.542421534127993,3,3.405869427935282,No
40,17,Finance,5.508422665600815,5.508422665600815,14.015452113263445,1.2005679515876717,4,3.5052309809230393,42.11496127523318,3.310835427268302,38,0,8,6,26.12919241621907,1,2.2814187185884034,No
35,15,Marketing,6.614167027872293,3.9806674318696085,8.109880560319892,0.8648987137793646,3,4.3893687407747715,52.0254477481011,3.898006561279658,28,0,8,5,15.781350040877125,5,1.1164693524479639,No
37,15,HR,5.946657980182342,3.1248544717553086,9.505791919215184,1.5599144073948406,1,5,71.25908745761097,2.4165633460917686,36,0,8,1,20.51989818845826,4,2.3326801754309288,No
41,16,Sales,1.9722211585645912,1.9722211585645912,12.903767565505776,2.3811566417972583,4,2.3134504854609546,70.92922016246942,2.674261376457814,13,0,5,6,26.92438558089793,3,2.5839499197857108,Yes
42,17,Technology,15.676125173842097,7.972783103706549,21.81127056561567,2.4342258714963463,3,3.089199622334283,49.721022200820315,2.7884252419982074,13,1,6,6,30.48545988338028,4,1.8081652461859081,No
32,15,Sales,5.966739671285316,0.9117144384074338,14.151851325176061,2.4558816590161636,3,4.093014980265051,59.21358673257879,2.9260735061605363,30,1,7,2,20.620610044766412,2,2.894242428090541,No
34,18,Finance,4.013433533887106,4.013433533887106,13.98642398832293,1.2682558740439684,4,3.4207856519770816,40.544651675769536,3.006663233220527,42,1,8,3,48.606153000081264,2,3.486050945573197,No
22,19,HR,5.881783592376511,3.683766275426309,9.265752820201634,1.6569728203005087,3,3.514541012220901,63.74493322813084,3.008437370211874,43,0,9,6,25.068194065342304,5,3.2485506396254573,No
31,16,Finance,10.157076271312322,6.789693032265679,13.637382460399133,2.0842531447314387,3,4.901655900022005,43.617789594504345,3.867095656204222,33,0,9,5,32.282120115716985,2,4.111285010602055,No
21,14,Operations,2.86410752379962,2.86410752379962,10.308395478162337,1.4063998863682585,4,4.992042587721703,40.962326505623984,3.4766267562835624,58,0,11,1,53.21056323817868,3,4.541162452214406,No
25,16,Technology,1.1232809660662761,1.1232809660662761,6.9683148287637495,0.6087720763511876,2,3.88009716768681,44.16943138058448,3.8128865031737664,14,0,6,4,49.41020981512553,2,4.921000326781543,No
24,14,Sales,5.704835669915057,2.8243495951698416,15.890888370803468,0.905044372431875,3,4.82726337038858,54.634637296966226,4.917124485473239,46,1,11,9,10.370442008617202,4,4.416714581220464,No
44,19,HR,4.364985967240858,4.364985967240858,9.91636776083434,0.6576832793680947,4,2.008611759580627,46.496043791721036,3.535308331123192,18,0,6,3,29.484190319761936,2,2.8285349324437363,No
33,16,Technology,1.9839491137371281,1.9839491137371281,11.258810757165385,1.9382526817132513,2,3.0207931902378373,49.144987288111146,2.792961806407515,21,0,7,3,37.49225953341639,4,4.253931004971556,Yes
39,12,Sales,3.570394695363411,2.802217480749252,9.680548068228736,0.9062198644181876,5,3.4012336848348688,40.14003112922029,3.2045981587888197,16,1,8,3,22.544306887133587,2,3.576235494667201,No
29,20,Technology,2.5457493596951966,2.5457493596951966,10.737332737246746,1.0621972633478105,3,3.601284031056964,92.87351150332007,3.1830193012473815,52,0,8,3,40.81823055386684,3,2.8391995927774807,Yes
36,16,Marketing,10.945022276324682,4.777842456709864,20.67380003167228,2.309401396943034,2,2.6870541946562656,98.078626814764,3.674168812370559,7,1,6,8,48.434837185836905,4,3.6405728020911368,Yes
47,14,Finance,0.6178216758258571,0.6178216758258571,7.785790123155977,0.8016368372980188,3,4.198725860208567,35.43313212899805,2.2999879568207584,44,0,6,4,23.722034005746515,3,3.0625534807722854,No
48,14,Sales,1.0769350550141386,0.3,8.352154522846913,1.261566739165357,4,2.5063376326833744,56.899878706786104,2.6952135345008466,26,0,8,1,16.495550710418392,5,2.465485485648129,No
48,17,Technology,6.275409028291762,2.164069368213962,10.286972186748553,1.947020011234521,3,3.3149791244285374,57.383572580773965,3.9841710673699993,9,0,4,6,27.441923023735416,1,3.945183223205652,No
33,18,Finance,1.032923450596485,1.032923450596485,5.631936676372772,0.6542931915650952,2,3.0851918508602556,55.50395901539159,2.978635035898124,25,0,6,3,19.679954749617764,5,4.240635388768707,Yes
29,13,Sales,6.321397949250384,3.1254656797155795,14.279942085335128,0.9242583277522247,3,3.471873916697839,76.93528456156017,2.597155124985225,13,0,6,3,21.40978817274621,1,3.028005009697898,No
37,18,Finance,1.8799839365349438,1.8799839365349438,12.60730708368866,0.6839194711272492,3,3.806405682258713,45.04878130569479,3.689394136626175,36,1,8,5,13.210488010605326,5,3.8146300478363044,No
51,17,Sales,0.3,0.3,10.494415240501562,1.6257748203124265,4,4.110902660492016,74.00734163839944,2.0212676242474727,29,0,7,6,78.19356334210235,0,2.4355724623153825,Yes
31,15,HR,4.3441960622098135,2.7859672835978553,16.584842025336084,1.098478626562478,3,3.993935415666625,69.14583092702709,3.3933481365625955,22,1,8,7,32.854792483951066,4,2.8659493235221944,No
26,14,Sales,14.818564633272358,6.673628295133052,19.410191986543637,1.6398393365694777,3,2.6088534160639556,57.44478924606952,2.5011425585556757,32,0,10,5,34.46367645546053,3,4.545968557198213,No
44,16,HR,4.549653061864374,1.2394015320499503,7.522499355681535,0.8344552020723444,4,3.915341505282122,48.385487202094396,2.166117089427556,52,0,9,5,34.9580239081225,2,3.3201650237540616,No
28,16,Operations,2.9239199258172515,2.2734817561446046,7.421959784923691,0.8015575679238829,4,3.6067329546171174,72.03502974832024,3.4826929621456935,38,0,9,7,23.091135028947217,1,2.597710700295853,No
41,16,Technology,0.5655874513627674,0.5655874513627674,7.841117140369846,0.7559622781037458,3,4.094723371729215,74.49977920515664,3.606032716452262,34,0,5,5,69.35914520643342,4,3.947099568566523,Yes
21,20,Marketing,24.97888913291576,9.457614441498626,19.490079288452858,3.774470116740954,3,2.347289124879213,60.08622223490784,4.416336662123183,72,1,13,5,3.375649614928377,3,3.2524713658882685,No
30,16,Marketing,9.34358150238199,8.948815474452093,16.154264119064926,1.2571997275775644,4,4.322809409394169,81.7008204189725,3.5738469425566324,39,1,11,2,15.5174924413463,5,2.3979760710803903,No
28,15,Sales,4.708954569456496,4.708954569456496,16.477938924224052,0.9648369701183277,3,5,73.14695618688071,3.8975605766956387,14,1,7,6,30.503733671220424,3,4.212397513174277,No
35,15,Finance,0.3946478854398721,0.3946478854398721,8.639237111428276,0.6299024864521676,4,3.3930784254581736,54.95949257309209,1.3243792227005853,48,0,8,4,9.26112423670481,5,4.47285547201983,No
31,16,Marketing,1.934837056980069,1.5478436942492484,9.905552591654116,0.708915733887646,4,3.8916536031095337,83.8480815390213,3.410243875537062,8,0,5,3,41.68373645350276,5,1.9877085459479231,No
31,17,Technology,2.767192057535827,2.767192057535827,11.16027748924308,1.557128259034196,3,2.294814836642451,76.38662619894995,2.5040077715798676,29,1,9,7,26.641276833162692,3,2.6745190016949856,No
44,15,Sales,0.4948068718856393,0.33823557594972303,10.327860170156562,1.9690176856112738,3,4.8893189225892275,42.603233737954234,4.348242835607726,41,1,8,4,54.30626901562749,3,3.3512700350020146,No
43,13,Marketing,4.191678443456055,3.0939807667440524,11.511367290706062,1.6220768567970878,5,2.5904927459064107,39.38244203287033,3.302072009937052,41,0,11,2,35.30060513951145,5,3.385258747323861,No
37,12,Operations,14.685553941692444,6.914236670816174,20.07600025951339,2.1431624107715956,3,2.7923652764864824,85.22271936576834,3.5037965834105074,42,1,11,5,23.912237251184173,3,2.859912321940961,No
40,19,Sales,5.258297048487364,2.694532884876519,9.755005687504461,1.651879057770868,3,3.0016164426342105,57.0423910675465,3.391679913664686,34,1,11,4,17.771581719846086,2,4.531077817280506,No
40,12,Sales,4.7554692709796775,4.529224603241669,14.807347674521964,1.5126357321554431,2,4.077126464629723,56.63177304270526,5,44,0,10,3,15.134386110229823,0,3.661198402501553,No
26,15,Sales,2.314275998138087,2.314275998138087,9.622847563649147,1.1705545238742745,2,2.3174149644486612,59.215581928438425,3.2861965364682404,34,1,9,5,9.3281004440364,0,3.517431879820899,No
27,19,Operations,6.05781953231565,4.261096500886775,9.583352019792999,0.5565145106143357,4,2.8141018810272214,71.54729094631266,3.403381824666178,42,0,7,5,24.735439349235936,3,2.3176861833489752,No
27,17,Marketing,0.620708868361446,0.620708868361446,6.193634115497588,0.47638058339187384,3,4.012929194356151,75.51132475822692,2.8060476362487323,52,0,7,5,61.34682414460077,0,2.9951563431979737,Yes
31,15,Technology,7.657742378827532,0.3,13.894541468662924,1.7134496686250804,4,3.499063351217988,54.3784435144945,4.9081919680844335,41,0,9,3,30.19012785928702,2,2.8874903663159253,No
48,17,Operations,10.23245476641613,2.7697854560982633,11.778859604501204,1.5528413321500385,3,3.90803403754913,66.15343450992235,3.3003500399996546,25,0,7,1,12.802249883678849,5,3.602920322066652,No
37,16,HR,17.685441807553094,5.934580920837631,27.459985702422156,2.695973760487236,4,3.7976671205573327,58.83716562159928,3.1949137411825435,18,1,10,1,11.503164902350248,4,4.707582536730563,No
48,14,Marketing,4.7656035903493095,3.092678796856803,12.725022193111267,0.9582637799711201,3,2.67876445507522,66.16893117622037,3.4741411219563623,37,0,8,5,30.96008446719546,4,3.4499124277917383,No
49,18,Finance,11.488097262555767,2.9005415755030914,11.814542225991138,2.305349195737359,4,2.722165188490856,60.74760374626885,2.8949543253454313,48,0,9,8,35.539232940485654,5,3.9845677079497053,No
33,16,Technology,4.152506225211369,3.378412142450593,9.614650639704744,1.8985713760518583,5,2.7979802624186783,45.61227605813912,3.615579578342141,41,1,11,2,5.633427418799016,3,4.020472117464552,No
21,12,Sales,7.441569842660667,4.995769203332148,8.674887026636636,1.6737562788822176,5,3.400898051365614,39.262447075418855,4.908919474276133,49,1,11,2,26.16866918281605,5,3.6948218782807256,No
43,19,Finance,3.589938351204673,2.8263196905285763,11.62017350526742,1.8753342448732793,3,2.513126496093278,46.273011157010565,2.8932190057387395,30,0,9,6,7.361408185214485,5,2.7054064592403644,No
49,19,Sales,3.8609737925963534,1.0950612852003916,7.519408697634911,0.8357619918098567,3,3.40220305415879,62.83423915362139,4.1161192036967496,42,0,10,4,39.33827876818115,1,3.0056553621071447,No
22,16,Operations,1.707873867324213,1.707873867324213,9.888075903073553,1.1133943816145593,2,4.387232742750409,85.8253278465869,3.9122291666425064,76,1,12,3,26.3403934846736,3,2.5386905065403966,No
36,16,Technology,6.230481266438217,0.8459758844477928,9.713673826939207,1.666108926712858,3,3.48589742914416,73.32069317483443,2.932527946397679,42,0,9,6,8.251231917375021,0,3.897954689475114,No
34,17,Technology,3.042073265600102,3.042073265600102,11.72602378889911,0.9847785047101252,4,2.9999641238673562,42.72377977114312,3.612910350079631,24,1,8,7,19.67421617845396,0,1.599929528063673,No
48,17,Technology,9.017071116370673,2.280128605407244,17.701225518817083,3.1944521850217846,3,3.481122989333588,47.121999614342236,3.6057081660316483,28,0,7,6,43.976419482159706,1,1.721242405171568,No
39,16,Technology,10.456467216179476,4.835995026171781,11.885015157533699,1.2720465954900515,4,3.3919812909120335,48.301900210887126,1.6158674891630584,49,0,12,2,12.996170260069272,4,3.992270656203092,No
35,16,Sales,12.035861256673455,6.8992449236947735,19.079272825661548,0.9550619733874957,2,4.376753210651425,62.74423170937067,3.5932232927469343,30,0,8,5,25.78017553168821,2,2.991679584254051,No
27,17,Technology,0.3,0.3,6.838682890889056,0.42895031450481846,4,3.9139902349260858,61.219573215757535,4.021852237563694,35,0,7,4,14.5908430443758,5,2.5272810048340135,No
35,18,Marketing,2.0101627630099936,2.0101627630099936,11.976524884811276,1.0778450517697375,3,3.69407079697831,68.20394517132834,2.2111571487152992,39,1,6,1,11.793401123662292,5,2.8996614168915094,Yes
25,20,Finance,1.334179482810431,1.334179482810431,10.60337363135742,1.5726909436661454,4,3.7241486591166155,53.345514026842906,3.3074133346267787,43,0,4,6,33.90275640071187,2,1.1756328705284123,No
47,16,Operations,13.924451049297202,7.130128914257777,18.76255297026974,1.750527787402465,4,2.400947525000905,54.590793385204194,2.709916324957962,67,0,12,3,37.16274948849585,2,4.047151520871889,No
37,16,Operations,0.9992541787819685,0.9992541787819685,7.01754872684728,0.6664928185912324,3,3.69814549144306,82.21741900739475,2.160302881513932,26,0,4,6,34.46848185122478,2,3.7334088629219715,Yes
35,13,HR,1.0660090252790686,1.0660090252790686,8.341070348137974,0.9188121477967753,3,3.3743772409030055,78.98484027517331,3.1791819953031104,39,0,7,3,39.19700408380955,4,1.913083900617074,Yes
21,12,Sales,8.765420340767493,5.206737595823834,14.171943201723314,2.0897660864650556,3,3.8952808340706397,65.25263178082636,2.0911096987208015,24,1,7,8,41.644126853389096,3,2.664539291797613,No
33,20,Operations,3.616292622429307,1.7650384341034038,12.851436298773908,1.8676927226235227,5,3.0915941733553827,78.69347736870603,4.189571385743809,21,0,8,3,7.325877687100913,2,1.1911096285354963,No
33,16,Marketing,3.6611478037092735,3.6539608017104888,10.450283443081648,0.6548050046506954,5,4.894055589741839,70.94837307060553,2.898965144561991,46,0,10,4,40.85071971092572,0,2.4150298258249214,No
43,17,Technology,20.148334322247393,9.235163038468253,28.31207489180489,4.721096568643599,3,2.9104494752244716,50.64517134631233,2.908898314290671,38,0,9,3,17.196015858522674,4,2.3167747992876753,No
32,15,HR,6.609820648068154,3.067292141297707,10.934163207798694,2.077462438805696,3,2.513131357261925,69.47663248379618,4.308247052290872,41,1,9,4,14.459765294627298,4,4.399928863935407,No
38,13,Sales,0.7964617778490323,0.7964617778490323,9.586214774107567,1.453004104013812,4,4.401758500522911,47.210890640939255,2.882551226240673,38,0,8,4,10.177349838858643,4,3.2054089805759975,No
38,14,Finance,3.026992385319444,2.688006220708053,6.648034328407939,1.271914938400025,2,2.7095546566431414,60.41085027671348,3.4913252608860335,52,0,11,6,14.760293647646598,3,3.292259336429222,No
39,15,HR,1.2177753445768318,1.2177753445768318,7.9112103344114475,0.5373160832270937,4,2.8189544810899756,47.40007460864272,3.294411696869354,27,1,8,2,47.980742584658756,5,3.0841237636046244,No
44,15,Technology,2.2623836262083725,2.2623836262083725,5.4720683568306585,0.607279586340469,2,3.4363401508261746,57.282043332514725,2.220460963394205,33,0,7,5,16.117750821024078,4,2.6484390036800374,Yes
40,16,Sales,3.8951718679371705,3.8951718679371705,14.33966152118712,1.5556806824113423,4,3.01255632289653,60.5362865327241,2.1904042590796045,31,0,9,3,14.342227006231118,4,2.354445881161449,No
45,18,Finance,3.173243965330048,1.1373049220608524,13.800120034819415,2.567222711865708,3,4.3187497904458905,48.429723163144885,2.72949548304094,75,0,13,3,29.221857504175027,0,3.0313252274529408,No
24,13,Operations,4.074263012778371,3.625193238255425,11.933266865189214,1.8470221012021324,4,2.9112338494447467,36.71682660228146,4.111767439093541,17,0,5,3,31.80140172383844,2,3.487217408973036,No
60,17,Sales,1.7413007714821833,0.7288403874533409,8.367250562565202,0.9401756264072448,4,4.712612885642653,70.14939352953861,2.797236275415149,27,1,8,2,55.546156947132765,0,3.9520005270013523,No
32,14,Technology,3.9702455761197606,2.7152625063707863,16.835113892023355,2.859459639830037,2,4.10013708903577,48.16430807073309,3.70471638102509,13,0,9,4,15.619039149867467,4,3.5742665479314013,No
27,15,Marketing,2.060941439908861,2.060941439908861,6.875165733682725,1.0961872848873955,3,3.1927478050709466,72.17268262996753,3.3836474201667532,27,0,9,4,70.2474491992691,1,2.3354046659524106,Yes
44,14,Sales,3.9299772325995503,1.130596671769547,8.688594212971218,0.9947359227021694,4,4.1299912056143455,59.56689658283399,2.921997160614808,29,0,7,5,15.564395655688468,2,3.5666953442489517,No
34,19,Operations,5.300034596290944,5.154728885690907,10.109411985214281,1.7481239314230972,3,4.810545697641338,71.40280878276964,3.6797878868957103,18,0,6,4,80,1,3.2865558704233218,No
50,18,Operations,23.668687336536433,7.856359450770471,44.58693808639761,3.788884223486654,3,1.813080785272232,34.71650400030086,1.8139717425573232,20,0,8,4,2.465825935315614,3,2.454997044655314,No
35,15,Operations,7.046437371740121,3.821814688795604,6.470388880779591,0.7058940862426428,1,3.2993189364723663,73.9785676911438,2.9233829694049698,35,0,10,5,48.16116513869426,3,3.8407529780172758,Yes
35,15,Operations,1.1634736144007036,1.1634736144007036,11.867486688277076,1.7595859571646097,2,2.086963087059101,66.83067212410835,4.285156461178102,50,0,6,8,23.20904325490562,1,4.0245301142305046,Yes
28,16,Sales,0.5512200712812038,0.30500573039273554,11.169566080609409,1.0090545023804953,4,3.505915692634918,75.63569650028187,2.198784221648829,19,0,7,2,54.044989715402245,0,3.1798722704723787,Yes
35,16,Sales,0.891830976318776,0.891830976318776,9.599298756611002,1.2211051845152854,3,3.1792116726339494,45.44561466650411,2.3225855422718453,13,0,4,4,11.459165398801018,0,4.025403392106433,No
34,16,Sales,5.9546719774418655,3.30084141666476,14.19458297792405,1.3806842106032828,2,3.267806226373847,52.86366218664773,3.1839319055622948,30,0,8,9,14.70082984735471,5,4.2076080177442545,No
30,15,Operations,2.9992751324310563,1.1535758142788877,8.970353406125124,0.9318850289203386,4,3.42799129763749,38.35167554360473,2.1977930975125886,40,0,11,6,26.430606397280282,1,3.3075767426108307,No
39,16,HR,1.9108833501971634,1.9108833501971634,7.831569301795082,1.5523419249341346,3,4.0010944100578385,78.2885241233429,1.2918325360963374,32,0,6,9,26.571173172253314,2,3.991930541402216,Yes
21,17,Technology,9.095389370096662,3.7649784996170435,10.516039236820346,0.6701793102195561,3,2.6987716965540893,15.408327403006075,1.088076007924093,26,0,10,9,44.36215331939872,4,2.833395393620482,No
41,14,Technology,24.979348541306283,11.450370959616972,46.20870893608811,8.460271106102198,4,3.9930427173392955,36.604110219957526,2.1103852481757706,30,0,15,5,32.14096263047135,1,4.446503794373776,No
30,16,Marketing,2.8757814974636235,2.2858652771020043,8.958936115791646,1.3846787279526416,2,4.6219451251348005,72.70301548807312,3.108483199163176,51,1,15,6,47.51439351666433,5,3.4443755113615695,No
45,18,Operations,0.4107793739774879,0.32418638065628186,8.170408370259159,0.8361922403120327,3,2.2984097890521946,81.46993668278441,2.9099266627244225,56,0,11,2,11.42054069996958,0,3.8780311788879476,Yes
28,18,Operations,7.890153632646188,6.81649607900156,14.006642506737078,1.071065702996916,3,3.618487671517175,43.48461728122549,3.5032753980579665,17,1,4,4,14.795401297827457,2,3.128626087204142,No
35,16,Marketing,2.7147890251628932,2.7147890251628932,10.475079351541787,1.631874894881742,3,4.007326854557491,30.10541246122113,3.368405741769648,38,0,6,6,31.92534811245692,1,3.105898492214371,No
30,17,HR,5.341727402529478,5.341727402529478,14.369880842921619,1.0469113438307491,4,3.5209824535127314,31.30931309765522,3.11511661416844,17,1,7,3,16.15701081833211,0,2.3938182289079983,No
32,12,HR,0.828315982644558,0.828315982644558,9.081293219413164,0.4414745007585046,2,2.684484097399115,72.95252878095624,1.7860144339691906,53,0,9,4,56.6034742464324,5,2.908018652536369,Yes
33,15,Marketing,0.9813052220288289,0.9813052220288289,9.768291652627024,0.5459805174668518,4,3.013303845821753,70.95262039462153,3.404802192213507,33,0,8,4,17.793126436036598,0,3.8050141398494155,No
28,17,Sales,2.971452852070409,1.8909941281241702,9.597200600814327,1.273561130088817,4,3.2947891292708618,77.77563784725801,3.9173931071506796,74,0,11,6,21.329655354528878,5,3.9399985596113982,Yes
28,15,Operations,0.3,0.3,8.794725613781532,1.531343669374281,3,2.209342679721534,57.33026675479982,2.606058375203863,28,1,8,1,35.55922239362364,5,2.087125870542401,No
35,14,HR,0.3,0.3,14.172090484138492,1.5986859562848812,3,3.598033815036596,77.58429703231901,3.61559297495049,39,1,6,1,33.981734664687444,1,4.989187904660556,No
39,15,Operations,9.799857777749263,3.2442315057486977,11.775090711028234,1.0765498932671325,4,5,33.996446125688195,3.588530145912155,54,0,9,6,15.304664115691395,1,4.718775294259838,No
27,15,Technology,1.960396978639058,1.960396978639058,15.963514501453387,1.506111753296254,2,2.792321287515133,66.14778751188045,3.390807523984352,20,0,4,2,27.022292578666647,4,2.4577276507986463,Yes
33,17,Operations,18.844263463599386,3.6696635256776595,22.915026818888126,3.605005257111635,4,3.5063187169804495,69.97866725865204,2.9076667662239597,10,0,7,6,28.979309878379965,5,3.955811342716648,No
49,14,Technology,10.6038850395427,4.878657432689668,12.392215283692936,1.558536655926019,4,3.1938708572241463,56.12779642625987,3.6144885741169026,77,1,14,5,8.169148961502014,3,4.417164535962721,No
46,17,HR,2.2733013830768387,1.558767132600408,10.854630070498082,1.5112834949548697,4,3.6006405486213535,58.11071181497791,3.308543445477483,24,1,6,2,7.809671297873413,1,2.855655125109413,No
38,18,Sales,5.368333137972097,4.235452549520185,20.536436212616014,2.7143352824439506,3,3.2915897939800227,66.679080676256,3.6098730782075203,25,1,6,4,18.93580727807439,5,4.574906924414408,Yes
39,14,Finance,1.5105110043904515,1.5105110043904515,17.05954571229351,1.0386642801847812,2,3.187620795605207,78.1720903858344,3.234692241526559,32,0,8,3,19.91780699368018,5,3.268437850651026,Yes
43,16,Marketing,0.646303780487426,0.646303780487426,9.307671873028244,0.692315280962202,4,4.190596273197237,36.1282854441072,3.0083261964048136,21,0,4,4,24.835683260198277,4,2.4996464969667023,No
45,12,Finance,7.958709525705635,4.810784274386117,11.903792928681076,0.7371988780778612,4,2.993489445191783,71.85371866408579,3.2263740409527593,17,0,7,3,32.908483849598476,5,3.609243866064916,No
33,15,HR,4.808051170580014,4.808051170580014,15.969212477024131,2.24950784209155,2,4.989117448452794,54.97523208695756,2.698323110844168,12,0,9,4,12.491390482542931,5,3.693162480265344,No
35,15,Marketing,1.0476286127552081,1.0476286127552081,10.296176957421915,0.5887607085983193,2,2.8110302943229533,64.52039439261786,2.9201192406057648,15,0,4,5,19.93127447496119,3,3.1198854858496805,Yes
35,16,Marketing,5.10039120512172,1.1593251772148776,6.9978188892501505,0.6581915538940882,2,3.6763639477923507,50.18313969705858,3.3819405789145893,24,1,8,3,24.428917735312382,0,4.097873046616629,No
48,18,Technology,2.5643536960245674,2.5643536960245674,10.183132620330182,1.2707982688882387,4,4.9925890649096605,79.44606489681972,3.4965101367653397,27,0,4,4,30.384898436998515,0,3.9458569432338466,No
39,19,Sales,11.832694847299233,4.77613624746291,15.663669412251354,1.6330437566549738,4,1.903342135853963,59.31774052834233,1.9792059047799542,46,1,12,3,5.273855736770091,0,3.2559417778325037,No
41,13,Sales,4.174016831817369,1.8317400985239276,6.181437775433544,0.38128557573907684,3,3.5995252852686708,46.17053654640757,4.322940287507582,32,0,8,3,35.546951606515044,3,3.790675828973433,No
39,17,Technology,0.8621747697601082,0.8621747697601082,11.496865938366444,1.1877640463609207,3,3.7245843778706007,45.05671089374011,1.483682505619803,22,0,7,3,14.634451861208014,2,3.159390261242057,No
27,15,Operations,1.7346928461088444,1.7346928461088444,7.454555281940043,1.321209599771607,4,3.1957338233017305,67.66036984090178,2.458984426002672,46,0,9,1,11.189733866702886,1,2.8845942448586204,No
21,12,Sales,1.5594431670471056,1.5594431670471056,6.573984499857817,0.775970308529073,2,2.6279749084591932,71.85487997586841,2.1910356449245185,36,0,9,5,21.875255978978394,0,2.571287786679477,Yes
30,16,Marketing,2.024422572409925,2.024422572409925,6.843008739339659,0.5223259914911911,3,3.7945072325064326,58.78954059474461,3.192972771429015,19,0,5,3,28.00474046177083,4,4.725085495482181,Yes
43,17,Technology,8.213893312969912,3.735203925200593,18.954476273636374,3.756917956381808,4,2.8138474394992077,83.44873036109753,2.99654601240546,16,0,6,4,23.70858346776336,0,4.174735449182008,No
33,13,Marketing,3.558459402782453,0.3,13.234719448414102,1.680724560704051,4,4.097285402113932,45.497875763378254,4.112297575735529,32,0,7,1,29.60322692106486,0,2.7936964903469548,No
26,19,Sales,19.731987151325644,6.513935611933975,21.601400109601393,2.0529398356447834,3,3.293315165165803,85.78379641458491,3.2853585561379544,18,0,9,4,50.07375959033596,4,4.6976345228675465,Yes
33,14,Finance,5.83857325166275,2.2873401512894707,12.024741304363744,1.9002734458515187,4,2.212085801327367,58.055267350437155,4.031077464852869,27,0,7,1,13.454795752935983,2,4.084289760750223,No
31,16,Sales,0.7742724525368233,0.5219456542839152,10.433881200429585,1.4860102143255107,3,3.8046897430059055,53.358540895103125,2.5186010895018422,20,0,8,1,80,4,3.30546978344202,Yes
46,16,Technology,0.6342212382102935,0.6342212382102935,5.76508722002486,0.8855978758691546,2,1.7974833811966884,70.50022909942633,4.28049699120791,14,0,6,6,14.701223840273338,5,3.6649396165896904,Yes
34,16,HR,0.31712793095636826,0.31712793095636826,8.022532470982323,1.3757574173229798,4,3.1124564747930554,69.7532849560854,4.381471853115781,45,0,7,2,20.41009556043282,1,2.6318792367398487,No
36,16,HR,9.395404571479643,3.942390735149482,9.306284416340038,1.1171274618240163,4,3.3082136062849163,43.31904857952914,4.196902735932445,18,0,8,4,21.429205398692076,0,4.012685997966872,No
39,17,Finance,6.0055149937177035,4.163215172997437,13.191929086868374,1.6463634186694753,2,4.700015252680505,75.39958241392088,2.723629717793797,38,0,10,9,41.972797670222256,3,2.7695625938543342,Yes
30,17,Marketing,4.724048542167472,2.2844020652587376,12.168370357258022,0.9527433915953246,3,4.470101986210071,65.42182851292843,2.7099029142675146,17,1,7,4,35.8204627701339,2,3.5957503495098764,No
31,16,Operations,5.732710707083821,5.732710707083821,12.81818564260281,1.333417857684594,4,2.7919533935221486,49.24519716227244,4.265454490938688,43,0,8,9,13.430162404759876,3,2.5902754037466136,No
51,16,Operations,3.5987800804112875,3.1787453024372505,6.3833529674337965,1.091142594644051,4,4.190029298015467,49.119772658103315,3.025233366680299,82,1,14,4,9.643126338102451,4,3.9393311510628677,No
30,14,Operations,2.250270321843054,0.6875661444400761,11.080948252144003,0.826743514237962,2,2.7908845409021614,42.267425449151894,1.7185879097311958,19,0,7,8,43.729408687452164,1,3.7274128537041533,No
28,14,Technology,2.021925612492517,2.021925612492517,12.544738107228284,0.6805522698517467,3,3.083945624985779,82.46944015072793,3.705109808659221,43,0,6,4,20.552083876345613,4,3.7578249610024,Yes
41,16,HR,16.557459123665147,7.546483170643103,20.93283607581446,3.9895804670775536,3,3.8225533004335817,57.81210733779075,2.304720367161684,37,0,11,6,44.72738504491502,4,2.8169174177737935,No
21,13,Sales,0.3,0.3,4.532353792434427,0.5951377223165637,4,2.3881304667001437,57.08927821967468,1.5847866907509602,19,0,9,6,69.96820553777953,4,3.4248646817768074,Yes
43,17,Finance,3.4915841166981756,1.5316264696601538,8.941989482226452,0.810970649368582,3,3.11414917025509,50.036530210245026,3.8124593143229903,13,1,6,3,36.81302873164854,4,3.1956130663688604,No
39,16,HR,1.2634659980468386,0.980347332614956,7.48705216615724,1.391542599005352,3,3.3905318343043023,77.77621993405333,3.4885787326678876,23,0,8,5,21.881223767544125,0,3.4197329397453355,No
40,20,Sales,5.710527505328311,4.946929993074003,15.44907333713949,1.128133167162216,3,1.7789800942417453,70.5935256360269,2.1283390263559663,28,0,7,3,29.759382306012103,4,3.03773749100811,Yes
45,14,Technology,4.074915969483457,3.359208855014683,14.556451691724156,1.4405542404659897,5,2.605721453183344,44.21498900646622,3.5091995188577,20,0,5,6,18.142152077862274,0,3.462734594665464,No
38,12,Sales,0.3,0.3,9.049729717073001,1.735375653435562,4,4.809805441095181,62.812931433468606,2.6889682179434278,18,0,5,5,52.93881621556933,1,2.357253115943219,No
21,13,Technology,3.516584371861423,3.516584371861423,12.033601875354062,0.782459216820044,3,2.7763149617320573,55.443778730631486,3.3005407691474136,38,0,7,2,23.387855420482797,3,4.483190142686002,Yes
24,20,Operations,0.9783109382709494,0.9783109382709494,8.807392411398636,0.5094809995760538,3,2.9075801303988946,78.59282984987537,3.753330221081023,16,0,7,5,37.851155268956134,5,4.9280877603176485,Yes
28,17,Operations,1.4000068754534445,1.4000068754534445,7.8888927505580115,0.6238013425398308,4,4.0158063554327414,80.60262480624905,2.3897199064726764,59,0,11,2,23.945317922292652,2,1.95071382587482,No
35,17,Sales,2.801096604832381,2.801096604832381,13.470258483586763,1.1513646557442498,3,4.006618379241728,48.51879344695558,2.3073398318458356,59,0,9,1,13.243200898533054,4,3.1009473462929744,No
45,18,Operations,10.865085296355527,7.808374671911547,18.723426701890634,2.666526574302431,5,2.6086862201302523,52.97036940152955,4.086544125683148,27,0,7,4,12.568962736736808,4,2.448979522634113,No
46,17,Sales,1.4441084458162308,0.4185301129567558,9.349978212197733,1.3795504254505444,5,2.906124095449215,73.13538018367841,3.9788093965447957,55,0,8,3,59.17406755812086,5,2.653425923405024,No
21,19,Operations,2.562614251762606,1.4692051179338987,9.979564893158061,1.6634636717818974,4,2.7166646288482186,49.93891904021448,3.132928277002717,41,1,10,3,12.274023399688822,2,3.3949262162530376,No
38,16,HR,1.5035474956088197,1.5035474956088197,8.10463552552587,0.43144639477962055,4,4.997642248403296,76.76160690959102,3.7109371761204235,50,0,10,3,10.75761677203998,5,3.3908833064031714,No
46,15,Marketing,8.98741229830154,1.5235081671365682,20.42268201816143,2.8345321413278217,3,3.8925673529951803,75.70779320558654,2.208046552627327,35,1,8,2,12.250074502814586,2,2.6951510638819025,No
43,19,Technology,1.5823414187021607,1.5823414187021607,7.095728858917636,1.2300427486691956,4,3.90078240234753,92.81432194278149,3.396784864239577,22,0,4,4,30.804131570258598,4,4.736440957604124,No
34,16,Finance,0.7488452048772675,0.3086818891605886,7.956833559989278,1.2011641149651193,3,3.211960903056252,51.413329868392466,3.185873011209585,85,1,12,3,57.576318123543935,3,2.198973626378688,No
36,18,Marketing,4.080656475582586,0.699578618684441,9.306912853777625,1.4323299181511797,3,2.837415537517887,66.66330765843011,3.4112088511267866,33,1,13,5,42.392383486746645,5,3.1658687225015676,No
43,14,Technology,3.776812453186448,3.776812453186448,14.195342036233196,2.7670944417759777,4,3.6117407560197656,87.28029541917178,3.310556744666145,52,0,10,5,29.375194053462433,5,2.8389015790401966,Yes
29,13,Operations,9.204033506122224,7.272948533698354,12.6036226722656,2.1398244165419587,4,3.3793255543073295,51.63445600757688,3.51053389112606,21,0,7,5,16.18635968025413,4,3.3552742242283933,No
25,14,Technology,1.1108526028524564,1.1108526028524564,6.268519806457325,0.8181396205561086,3,3.2937618597614735,70.565039176055,1.90400606408063,33,0,8,4,31.20566014588082,4,4.976082004715154,Yes
24,12,Operations,6.966846990135684,6.966846990135684,17.768312993991184,1.934989187742557,3,1.5977817005930355,64.08262258372108,3.582705076564055,19,1,5,4,34.255258127840264,3,3.9603107623257814,No
21,16,Finance,3.44503581580804,3.44503581580804,11.205138229465181,0.6438001673461141,3,3.5883508687168377,60.45069568395525,3.4915541325454904,57,0,12,4,47.89259616150363,0,2.6413870268945696,No
23,16,Operations,7.819691271526569,6.109618530567755,10.732721832627641,2.120004618679068,3,2.695156642811198,55.94863232289175,4.405027393413258,61,0,13,6,24.332973092148002,4,3.9134144255508536,No
40,17,Finance,2.213255550633379,1.5216498140393686,12.727852423026118,0.9530922816889492,4,4.706120150810531,98.55141728224883,3.4080365879830117,31,1,5,5,22.524878239959122,3,2.625582280235669,Yes
24,18,Operations,8.625804402509747,2.7778411501342566,10.924256910008339,1.5886292211925517,3,2.719905818651308,61.1294475226087,3.600252749376317,37,0,11,7,46.63635175102431,4,2.0055198993816012,Yes
29,16,Sales,2.9717549904208416,2.9717549904208416,11.770984438611574,2.123155456519877,4,4.609944309488317,70.99085254614587,3.7727379525367035,41,1,9,4,17.342180745191673,5,4.679650449415961,No
37,14,HR,1.6041279623903246,0.3,7.918116403634814,1.203944069543066,3,3.1303893957739874,62.212441899344306,3.8021359789811235,40,0,6,1,32.678215791663675,3,1.4733302757928608,Yes
43,18,Marketing,4.234396533569774,4.234396533569774,10.82341127352513,0.7313413839145728,4,2.4030869789737244,78.04794902248526,4.385804102848864,30,0,5,7,49.87177744890826,1,4.016373941694984,Yes
21,12,Sales,0.3,0.3,7.674950837306402,1.051159619412236,5,3.4841567194479297,42.57400023950883,2.528155990169566,22,0,6,4,15.152875643324462,3,3.940142140891012,No
35,20,Technology,5.324645827636271,2.7509552987386074,10.258512524418549,0.8567326864284875,1,1.707065587941967,49.235954310589115,3.473245138195081,34,0,10,3,16.138177831907907,2,4.809324072204981,No
21,18,Sales,15.823422111437774,3.8098247735582587,27.23491667993421,3.595019549261476,4,4.95684407767594,62.88886763027005,4.092819417987081,42,1,12,5,30.742884087765916,0,3.7867874854882584,No
31,18,Technology,0.3603577530265896,0.3,8.218972384109168,1.6226261886910898,4,4.314209459458325,74.05929681508408,3.1345545875089202,37,0,8,5,38.13216041723287,0,2.864531736846179,Yes
44,17,Technology,8.756000978592052,2.6413245750363976,15.823845033636374,0.9781495673255629,4,4.703294162529962,64.82779968799112,4.723479402818032,21,1,7,5,31.158437275557503,4,3.1170397465347888,No
34,19,Finance,3.7202645870594804,3.7202645870594804,7.177896970248184,0.40241171721987484,3,3.7682867119471744,73.26489297178219,2.80335460544487,28,1,8,4,12.936989054432676,4,2.4157090524136042,No
32,13,Finance,0.8803877509375295,0.8803877509375295,6.6491147056184365,0.9932325834216674,2,2.905703640903778,37.454051458229195,3.8230865262426446,20,1,8,3,12.58458797182714,5,1.3246325380761637,No
42,19,Technology,0.8968918352207045,0.8968918352207045,14.497132611443808,0.8788901901532423,4,2.1180103366095633,53.15447005971151,4.189247396911925,26,1,5,5,12.019790810329962,2,3.311593944726086,No
35,18,Sales,9.606573219129471,5.849568086924738,9.730396022164143,1.781631550348684,5,3.9830289790843847,55.50917434226226,3.0042884662181133,19,0,5,5,12.82254843189153,4,2.7733953244855973,No
41,13,Sales,1.8271496816014947,1.8271496816014947,5.8023145821762885,0.8607718082122533,3,3.4817965984466914,74.0299896354379,4.900423888525727,26,0,8,5,27.728583266164758,2,2.3731445406547693,Yes
31,18,Technology,14.798837112310096,5.4177409437278605,19.880713215504656,3.525920614976309,3,3.6051275492899872,58.77335183921112,3.71979667403827,46,0,11,4,11.380878864281126,5,4.176659860258004,No
32,15,Sales,11.63191929472841,3.151789944531738,15.325781841189135,2.9072835447351206,4,3.9974273162163216,38.6261310675416,2.5665262808880573,20,0,7,3,18.78349324399203,4,2.1169422480898903,No
32,18,Operations,12.388957070982956,2.4114631669800977,23.239176436353542,1.3571565912809371,3,3.5956992860161607,45.93795566206495,2.673855363864,52,0,9,2,27.06416660411745,3,2.5599317594928044,No
36,15,Operations,2.419668329881674,2.419668329881674,9.500100629958027,1.8658938219444896,2,3.424908644499415,52.42828485785287,5,19,1,7,3,16.121929703996205,5,3.388616379833051,No
44,17,Technology,2.986268895226105,1.7195798646086526,11.42921497704538,1.7154090906160693,4,3.8245313276219797,86.70990601877074,4.224432284174993,11,0,4,4,47.13134812490197,1,1.8387210874156825,Yes
47,18,HR,11.719047102693176,2.9203350288219436,18.051865032833334,1.8922168881771384,5,2.824161868293971,47.47100688171496,3.1832946118829066,27,0,11,6,16.47857284272575,1,2.9156703886191755,No
34,15,Sales,2.9515967667087777,2.9515967667087777,11.62586581414097,1.4055735647829797,3,4.210140742567306,47.31861112780169,3.282652499110629,32,1,9,7,21.706049300195797,2,3.886178039445037,No
28,17,HR,0.3533541703276476,0.3533541703276476,7.209089488061762,0.8273738487610648,2,2.8738756401306293,31.32219717402265,2.821187127764522,31,0,8,3,17.07719032006604,3,2.3861517311131277,No
38,13,Marketing,13.146372812306902,6.394365700726128,18.27492750196441,2.065525862691341,4,3.8053487596999247,69.46056390293862,2.8921128288546822,26,0,10,3,32.151919009471044,2,2.6749817142391032,No
21,12,Finance,0.9546715862140052,0.9546715862140052,10.933143558352999,1.9002622810653529,4,2.6922925108669697,61.49929170351063,1.499767162949617,25,1,8,2,37.16315885778297,0,3.9790766149898777,No
24,16,Finance,2.618240767016803,2.618240767016803,12.565477168692397,1.6451946939778037,3,3.2849250541323505,51.460673714890774,3.324822502327305,26,1,8,4,13.196200733957738,3,3.0626452271183453,No
42,16,Sales,11.739689864963417,6.3217739289462305,14.422295199153032,2.4151151789689913,2,3.509478755995117,80.83710555085956,1.7866416634076725,49,1,11,6,31.337057772605338,4,2.140506149425495,Yes
23,15,Operations,17.407522045537796,7.205817703557693,26.160359133636277,5.2357130719530245,4,3.9987483771561396,69.32438761017266,4.4109695801495254,41,0,9,6,22.740064451499002,3,2.8743143941964324,No
35,13,Technology,0.5215805104627778,0.5215805104627778,11.970300575099373,1.1956585676144982,2,3.1838183941889917,92.78967264592683,1.3970428410780869,5,0,4,1,52.55327484381169,1,3.4210352323324966,Yes
47,15,Technology,5.428241620931689,5.428241620931689,14.258164827740295,2.251107770702041,3,2.6770020680691093,60.519454056813885,4.410803218531077,37,0,10,2,25.237405768928777,2,2.3289148402368935,No
30,20,HR,13.413960884721542,7.968898669902435,18.912043093801095,3.0797643813864592,3,4.013770794866018,70.31840617076993,2.8555158211916822,45,1,11,4,23.651002139447897,1,4.924887284085892,No
28,19,Operations,4.812980280252823,4.001952482793318,10.076000793769214,0.650152887806984,4,3.711433504305136,24.019180466189617,4.682379464374874,72,0,9,5,16.995153934088265,5,2.7235150265558272,No
40,17,Technology,8.2724922239514,2.8452286064087424,14.870041202850091,2.3217254531485105,5,2.4210832267596336,72.5797500249718,2.792351950868383,22,1,7,5,28.618738554708045,4,4.1216469917189995,No
42,17,HR,0.3,0.3,4.843027817402231,0.944554890593515,3,2.0921603516294143,80.32690018006603,3.5062727938565317,57,1,10,5,39.47884942341304,1,4.916604571961889,Yes
45,17,HR,1.1868669609906213,1.1868669609906213,12.323993064506656,1.38987492175772,4,2.703363095648932,76.94159203913128,3.7003113657055424,37,1,6,6,34.07925077493921,5,4.416321319683424,No
37,17,HR,4.533651164217152,3.4509405979777354,13.311586774422691,0.8176575472521329,5,4.4034550658605385,85.73464017553682,3.107996758786156,61,0,11,0,20.608244337255798,3,4.016506319778899,No
30,16,HR,2.1542377202092733,2.1542377202092733,9.639303031821912,1.0102302588087255,3,4.477337843029829,64.3666900485315,3.679531385586496,60,0,8,4,15.775244205418073,3,1.779661545795902,No
21,15,Finance,0.9984953275728602,0.9984953275728602,6.374302096326826,0.8711344768044684,2,3.703442005853963,40.553753982564736,3.6030811312529583,23,0,7,2,24.899305126243494,3,4.198623899134063,No
35,17,HR,13.24057651277235,7.969899441407519,12.412706084138648,2.2839256815466205,4,4.617926428104827,54.080927005171624,4.59975112909446,26,1,7,6,34.165116802922576,1,3.072584902500555,No
29,20,Finance,7.500680205794041,5.123518401833043,10.874299835262985,0.6867363839930645,4,2.821935221429486,73.09459465474391,4.396137310198683,40,0,8,5,12.659479970941888,3,2.925589333123676,No
45,20,Marketing,4.380512747577703,4.380512747577703,9.726232053187674,1.5830670911189213,3,3.593212435235462,38.71472594755976,2.8942264213803557,40,1,9,6,34.60154658232276,5,4.108392785547891,No
37,17,Operations,2.5185591377182845,2.5185591377182845,7.403859069727111,1.2383077005240852,2,4.199156964875711,50.035288392857,2.3968745268849827,22,0,7,8,29.111756277525817,5,2.913063278686306,No
39,16,Operations,15.448834199671797,4.817314725071843,15.555718077718728,1.681821430522716,4,2.1969772911298993,39.39364065162954,2.997544441483479,28,0,8,9,23.67869286607337,5,2.751413721528697,No
24,16,Finance,14.53157579656662,7.0480829677245955,30.145494875986998,5.558656992068344,5,3.103673011621245,44.753077661731986,3.9949769711871137,29,0,9,7,27.26341628320474,4,2.391785443916153,No
21,20,Technology,1.243179765719462,1.243179765719462,7.504919254749321,0.40284701009929136,3,3.8939765187348843,92.12209649619416,3.2943476481889116,26,0,7,7,19.24901951903058,5,3.625938873408513,Yes
35,16,Finance,0.3,0.3,5.731615516081984,0.5920880965290135,3,2.874814977104123,71.28416085972661,3.4921013894183406,19,0,8,4,26.384561642594807,3,4.521021519109102,Yes
34,15,Operations,12.787288786655628,4.306824270435612,27.542556290836238,5.205329579644331,3,4.183478732362022,51.74804465497963,4.0016131682190945,34,0,10,5,7.907004663174752,5,5,No
42,19,Finance,0.3,0.3,8.846292261142281,1.7568698444575277,3,3.6061445361058118,72.64934353588237,1.6004075250287746,20,0,7,4,33.43888948346266,0,3.1110121804643085,Yes
37,16,Operations,6.899050549944088,3.178229122802622,14.538195275793475,1.875084261032895,4,3.207843928842312,82.01976654589086,3.984162136434899,21,1,7,3,39.22588737155018,4,1.7138717295521273,Yes
39,14,Sales,1.142069386822738,1.142069386822738,8.071601882497722,0.6154317627257401,3,3.1876967511899696,62.202910946452974,3.190883014770438,10,0,6,5,25.249966076196415,0,1.816699573614925,No
43,16,Sales,1.6285576764090928,1.6285576764090928,7.17935908430965,1.0159463693898285,3,2.792695736708855,22.962656396966572,3.691379142643661,37,0,7,2,28.715314469414917,4,3.1242496384293443,No
24,14,Technology,1.3830771432662778,1.3830771432662778,11.367517508968962,1.968009675580008,3,4.39313337738498,58.409763537792614,2.418818142847763,48,0,12,3,22.191337084381917,3,3.2477255152890385,No
30,16,Operations,7.988648584463836,5.685667163934046,10.580819515170285,0.9787763652449425,3,4.212196748609949,51.705199861838985,3.0927360261924113,23,0,2,4,23.251594545117953,2,4.17165534246444,No
28,13,Technology,17.480882416887358,6.58609637798643,39.70966740943657,3.523848621398863,4,3.190060816069491,75.09984901838894,4.49354285791786,18,1,9,3,48.772716380761665,5,3.846343176780373,No
33,15,Technology,2.476668484805776,2.4207642279259756,7.6991883110559085,1.1979774770525158,4,3.702049198992662,62.76516916550852,3.5918094572231136,30,0,5,5,20.32975919963249,5,2.7086619749798584,No
21,17,Operations,5.701851812771892,0.5625967193520215,15.413746088513808,1.5428648680960029,3,3.9925735810918663,64.3807441561549,3.3809379628552874,34,1,9,10,54.787674171424655,0,1.6941769904693698,No
39,12,Operations,1.4329007740933282,1.4329007740933282,7.4035789963187835,1.1985087026332109,4,3.296191448985498,68.7160569551853,4.1863347280889975,27,0,9,6,21.924526684246985,3,3.8983228924480833,No
36,13,Technology,9.724255782683752,1.847073581150888,18.343894250448873,1.7809711560561534,4,4.102114659534125,50.601024168095314,2.426828875731503,50,0,8,3,11.33887540663738,1,3.3133418128828405,No
43,18,Marketing,3.544621521939211,2.7388889209896616,13.737656334700878,1.7910550776555967,3,4.178901246536844,53.691115544464346,2.880455693935413,21,0,8,7,41.460815355775665,2,3.0825118724544214,No
43,15,Technology,9.477454016264417,8.594096426326523,12.806342426262537,1.2788162849070188,2,4.097756476200182,86.05614090176705,3.605173695622074,16,0,6,3,33.18236259921471,5,4.432565225382646,Yes
35,16,Finance,0.36448872449071834,0.3,7.718611965814464,0.5460556059351418,4,3.0359105420285575,40.4233446978231,3.505031547072575,14,0,5,3,80,3,3.228894988873339,No
31,13,Operations,2.0194543320562914,2.0194543320562914,7.561618639126375,1.196000039982935,3,3.809109806731663,52.801069066609095,2.3018512249467618,47,0,10,3,22.965378615575393,5,4.666032118124172,No
31,17,Sales,6.1402401163476705,4.752855132534189,9.801730149119587,1.2986198095879646,3,3.3225532489397045,72.0111488347244,4.103144142906083,35,0,7,6,24.80465447045459,5,1.565590576521006,No
41,17,Finance,1.136060705081572,1.136060705081572,10.032131427403153,1.4559748307591562,3,4.212592405522532,84.08698321940786,1.6977169670071226,25,0,5,4,20.195459239951397,5,4.030090169187394,Yes
34,18,Finance,0.9852901096340159,0.9852901096340159,11.13767522411246,1.483102895538064,2,3.7238521918710243,56.6867189250671,3.205080511099866,61,0,9,1,22.24680722216664,3,2.559438443052782,No
37,18,HR,4.1031966219859255,0.3896768140951456,12.495690273263937,1.2587723922583334,3,3.1925526261611754,68.22834757759419,3.593247794593873,51,1,12,6,42.70478172604291,3,3.658160704979347,No
26,14,Operations,11.885214787139216,9.441010095178951,15.409087753956525,2.386671592962559,3,2.7662331167888428,72.06596269525242,3.731695100207556,44,0,8,6,31.398952911445438,3,3.203980159725067,No
46,15,Technology,0.3,0.3,7.068352959398329,0.9107991229670286,3,2.877367664907502,63.96958856668975,3.9107217368138762,44,0,9,5,44.66837087697434,0,1.8859154896315498,No
43,19,Sales,1.9570220279197075,1.9570220279197075,11.035487943086888,0.6887717254763481,5,4.601127242628454,53.445184207998985,4.089538080124564,37,0,6,8,80,4,2.7905149143053833,No
38,13,Operations,10.871724169514215,8.736244373198552,16.545581324509374,3.2906610512852073,3,4.304447564150002,62.3671748122594,3.4043676115256076,85,1,13,4,6.535259853566452,0,3.391899386735984,No
40,18,Operations,4.419926826890851,3.2847236423069104,8.6824774177003,0.7274590505307863,3,3.6012719966457465,65.65460397693428,3.715493668203588,47,0,11,5,54.07001868853365,2,3.1683351795113137,No
49,18,Technology,8.032592570545484,6.600863314676564,13.824060579487838,1.255416259734054,1,3.7030136581704927,19.809393588775023,2.1035342353011055,47,1,11,7,51.42390899708674,2,3.9629461481938852,No
42,17,Marketing,8.25556570957618,4.082195791645195,14.201802934026837,1.090493275767018,3,4.105427865484907,78.78201589904302,1.8872011357633172,49,1,10,4,41.286050494031365,3,2.8068300923914626,No
32,17,Sales,1.569136980424077,0.3,10.079488939689352,1.677973058857393,3,3.007831814213109,66.7484407976828,2.999030733577948,36,0,6,7,30.166537838837115,5,3.9397399972315887,No
33,18,Technology,4.93061625588818,3.609508240235439,18.895570165022562,1.5908282917223469,3,5,89.77050655265391,2.714832142363839,26,0,5,2,16.18415681231131,3,3.350603987170755,Yes
32,14,Operations,2.6762199608695485,2.6283697564694815,9.132557033302465,1.6099513122000069,3,3.3874544334439833,83.29280998331069,3.693241687485069,32,0,5,3,65.9743614949294,3,3.6284383538697678,Yes
31,13,HR,0.9916922211217468,0.9916922211217468,6.856420673575546,0.48823246971225404,2,3.2084735262494255,72.3461632589518,5,39,1,6,5,12.901923967510914,3,2.379504886151528,No
54,19,Sales,8.03515538600235,3.7678508328620923,11.206123968721583,0.596051738708254,3,2.411403982927749,38.77066895762332,4.361431685641307,20,0,11,4,61.59207634097452,3,1.9916097044815688,No
42,19,Finance,4.83540039448436,3.4949603582293234,12.523054898953603,1.6504115320414463,3,2.722952917829231,82.30653445520858,3.2076576843490203,8,0,6,4,21.315682446697192,5,1.2551036509570934,Yes
26,16,Sales,1.7349554873113442,0.8946647156859671,7.706338981118632,1.1304904001075549,4,2.5667907644221732,50.58379287501208,1.9897314708872176,20,0,10,5,13.804840735059143,5,3.3897136527810443,Yes
27,17,Technology,8.827423509461024,6.9622001400665985,17.176270476518333,3.059281382589383,4,3.294001404406394,53.4170853818808,2.4062983800095643,49,1,10,5,37.42497718989647,3,3.089222231544494,No
23,18,Sales,0.42106432086917733,0.42106432086917733,10.556463245983227,1.4702820725878787,3,2.2032468376101138,56.53584671308093,3.884629509479368,58,1,9,4,45.248744308498416,2,3.419409714045521,No
28,19,Finance,4.582775097749605,4.582775097749605,12.127549236245603,0.9561423990269495,3,2.604483175900986,57.98102249274372,3.691429018892801,41,0,9,3,60.50144187323793,4,3.294271130995793,No
36,12,Sales,1.621037386254072,1.621037386254072,5.281760811707296,0.5485856987243302,5,3.93276220234858,72.26253339844908,3.4075492911874505,62,0,12,5,29.482093024879052,3,3.110949226422145,No
21,14,Technology,22.74467725415191,7.395769949173078,26.877437557770033,1.7151296516390298,2,2.9695969104213704,52.26332579064136,2.8106654182519843,18,0,9,9,57.47095313688026,4,2.5505913120038715,Yes
29,18,Operations,25,8.367921378622814,37.96954869227937,2.466488374906507,3,2.410492483669672,70.70244479250972,4.771132077296391,25,0,11,3,42.521310665784306,4,4.147325241184466,No
32,16,HR,0.6514933184760049,0.6514933184760049,9.721244804625833,1.3508322870754235,3,2.993148082390636,56.17733352875065,3.58993632566159,30,0,4,6,26.785307611434618,0,3.601503131956171,No
39,15,Operations,0.3,0.3,12.200448410530223,0.9110321181918565,3,3.3032518936829063,61.39132862252237,3.092270982125938,41,0,8,8,24.46611237774586,5,2.7383660440721065,No
39,13,Technology,11.695386826683002,4.437977486335926,22.647775052235,1.1972388348349357,3,5,47.30463228897733,3.2036269233338555,27,0,8,10,35.60506058475444,1,3.990377402950531,No
35,12,Operations,4.343120347260765,1.7197845981841342,8.675969555698282,1.7064632406030764,5,4.409273652629762,54.12242867997249,1.824848592344621,23,0,9,7,13.210169873809948,4,3.307151963079788,No
46,13,Technology,2.6940408252396275,2.6940408252396275,8.38032546780474,0.7394631126537282,3,3.095341702523186,66.85245200588606,2.824351783808592,25,1,7,5,16.835561974435862,5,2.421538510480699,No
36,12,Technology,10.925427190663234,7.188119090543456,10.3367993043212,1.1880264605104303,4,3.129836387999849,65.93999639458914,3.4093608111269726,13,0,7,6,2.805879905503961,5,2.995915939469443,No
32,19,HR,1.9679752939813149,1.9679752939813149,6.776642170247682,0.3602666818062824,4,3.562509514727762,78.38571408678136,2.591579585581745,38,0,9,6,15.324265033347306,0,3.7621083292052035,Yes
42,18,Operations,1.5219179206902633,1.5219179206902633,9.343839749262369,1.1859772234665291,4,3.725672234981055,79.37782100938803,3.5898192601805112,39,0,7,3,19.886916898461386,3,2.770803833493948,No
24,17,Technology,5.0323536520684495,2.781884357659797,9.34892938866204,0.7586026725987962,3,3.208819146630277,36.888248861628675,2.4031392685269157,17,0,8,5,47.407256655320424,3,1.9537454927526354,No
23,16,Finance,6.207531809530378,3.7042249743576394,10.887850279137801,1.2097666346732558,4,2.9132112502098835,55.996795359187885,2.882231695720206,12,1,6,1,10.331003663913833,4,3.469935836094872,No
34,18,Technology,1.661277547274834,1.661277547274834,8.728829352361569,1.3478387727396433,5,3.590882266851203,85.6252337452399,4.101905636721077,41,1,9,4,31.416875710656388,3,3.6721412731118246,No
38,15,Technology,7.4790294621889775,2.304157948393573,5.680916708831956,0.35160581225272813,2,2.7983544178044517,34.91007769977738,2.5052832207035465,53,1,12,6,27.287514464532237,2,3.610987735727742,No
52,15,Finance,2.827790878815155,2.827790878815155,10.362265188600263,1.291473723627826,3,2.589654778013474,59.414505969867044,2.994847264005415,14,0,1,4,16.779573959150174,4,4.995783333700484,No
39,18,Finance,5.433275377666361,2.072474655214732,11.848752277763507,1.290170406869469,3,2.981493074069303,58.435656337426614,2.1121014437564196,24,0,9,7,19.760353628952718,5,3.39851399735959,No
28,16,Technology,2.8824239336613573,2.8824239336613573,10.123227560443254,0.6534110762905381,3,2.606415836435212,60.453349943438184,1.275648868406379,34,0,6,6,28.297858500121947,2,2.7873979160819813,Yes
43,18,Finance,0.7595295164017719,0.7595295164017719,9.115724236990603,0.46055163158931367,4,3.7922663599815887,59.618251520479845,2.9236589765787273,16,1,8,7,58.02029759138108,4,4.77616030954303,No
37,17,Sales,1.597482536125513,1.597482536125513,6.426862549523619,0.7496396505430042,4,3.3002099968192993,59.92343807116329,2.774729036281914,28,0,7,6,46.394526424002414,4,1.8871311642756607,Yes
31,18,Marketing,0.42614671265302917,0.42614671265302917,6.7841914927147675,0.3399427537175116,3,3.3875124954573668,58.48183735482383,3.4034244505086564,32,1,7,5,27.891070491448215,4,3.588797995107801,No
42,17,Finance,0.6177426775457775,0.6177426775457775,8.430959603386306,0.7873167571282144,4,3.3008897581285765,41.936106886035304,2.008686940507748,48,0,8,7,49.23913709865442,0,2.319594308689957,No
48,16,Sales,7.0589068827651635,3.4374510486915124,21.680363625659002,1.8409703095781216,3,4.491261239609216,57.726576241425015,2.796038388511098,44,1,13,5,78.70438008409842,2,4.496888507012152,No
35,16,HR,6.902982900104373,5.139066803477608,15.598601700305581,0.9391571384693213,3,3.777460515709752,62.82799388241844,2.1214642215119075,32,0,12,5,40.520015238256775,4,2.3001954638819653,No
21,14,Technology,0.8602449241414561,0.3,6.46712675312368,1.1953492762712892,4,3.017189344535118,35.303038814081596,2.2292725692630535,35,0,7,3,57.735463665576184,0,3.6675153901453665,Yes
25,15,Operations,4.627489166793655,1.9908482171287372,9.988429972338627,0.7071969891404043,3,3.591995297878185,54.13067764850768,3.391433034523724,83,1,14,1,63.183844801880085,5,2.4253174414029197,No
31,15,Operations,0.350422933318158,0.3175715465201901,6.363689038289825,0.4847300090712583,2,2.901936293760174,75.61597625103472,1.888387701952945,73,1,11,5,16.960771967373965,2,2.0828350490095717,No
45,15,Marketing,1.5663409227336962,0.34687230176885,7.363199551165636,0.7445253387052198,3,2.827037301560937,61.379180962039285,4.21374965346477,56,1,13,9,38.31851388479792,1,3.553453274762345,No
40,16,Finance,1.0110635761760685,0.7906603751964982,9.378186507828417,1.2521318321689012,4,3.1771668385539606,35.889996844553934,4.1033556925327135,58,0,9,5,19.5916380276234,2,3.798569554961692,No
31,16,Operations,1.3220794544242724,1.3220794544242724,7.172206088880857,0.7843526004985485,2,4.81121670265048,50.002149737681926,2.014104346254026,18,0,5,2,66.9826329510008,4,3.5621188806700776,No
39,14,Operations,7.698477267228058,5.218366352324831,8.64198311532817,0.6481712977837514,3,3.8048468012041172,23.477811228175195,3.287416651041851,17,0,5,4,22.404631126868924,4,3.664469266363661,No
32,16,Operations,5.630405724639436,5.630405724639436,10.19017854033397,1.5231865621307104,5,4.20027850577148,80.14592201324587,3.8093760779323027,52,1,10,7,15.871503853427411,0,3.4031202226431962,No
45,15,Operations,2.1031475318115653,2.008013236132169,8.022400502331491,0.45976476152312284,3,3.429004832914897,59.240859388407934,3.577069991497704,23,1,5,8,46.78586458845683,1,2.7337008564659424,No
38,16,Technology,0.3,0.3,6.104784643779558,0.29316583779018757,4,4.764193912738744,52.58787312004184,3.086765601144326,15,0,7,4,39.65267768035039,4,3.8874418829222375,No
28,17,Sales,1.7063846642550489,1.7063846642550489,9.868049573106223,1.7122640448117874,3,2.297589902460292,73.0980619286042,2.780672328806545,99,0,14,5,36.565702927354714,0,3.7836966912321883,No
25,14,HR,3.1421449934996413,3.1421449934996413,9.009488720628427,1.4306184043314871,2,3.802642028138327,85.02655449958375,3.612136830785284,21,0,7,6,37.712085623744045,2,3.6414033767990635,Yes
50,15,Technology,5.657403662908033,0.41376375106323904,9.128279334021876,1.7185700858837007,3,3.4062118280471494,53.59511050289997,3.895338779236271,28,0,7,4,54.76907118995082,3,4.228051886928669,No
39,16,HR,4.903208276840747,4.903208276840747,7.163877247158963,1.2619278377182028,4,3.4877870710419745,59.96280753447875,2.0234204518666012,31,0,5,3,37.912001669751376,2,3.554987500994424,No
36,18,Marketing,6.63251198775782,6.63251198775782,10.39196316158644,0.7066960115768925,4,3.3988779620276928,56.176251782385236,3.4169525650281405,48,0,7,5,35.34991787165693,3,3.758730121195322,No
30,16,Operations,4.443189073760475,4.443189073760475,11.575962195034975,1.080136613385753,4,2.4084631114705575,63.32243223481352,2.8028885414125337,35,0,6,4,41.04753078011177,5,5,No
22,17,Marketing,1.6753984150289463,0.3483254765399982,12.185180560023685,1.4554157733265758,3,4.979600535700735,39.58266166742499,2.7121768015769794,27,1,8,4,32.16295185974542,5,2.8499230563149607,No
21,13,Finance,4.315595123075303,2.9959837073270457,14.75687704044182,2.45080998272067,5,4.110055143784583,28.911846398045082,1.7030329077259545,37,0,7,8,26.19393548088837,4,3.4968982413405443,No
37,19,Operations,7.5550547372573025,2.494208840393306,10.388196392862124,0.6622847133208789,4,2.5037374362584046,61.87697337872771,3.7023097294707545,32,0,8,4,25.567353977727763,2,3.881448803919304,No
28,14,Sales,5.559790215915273,5.559790215915273,12.22239832021718,0.7402368178502519,3,4.385111501377398,62.94528403908588,3.0057565571108498,26,0,9,7,24.232074864672594,4,2.361427545652777,No
36,15,HR,5.86713947576503,5.793164261494679,7.986701289628394,1.441815131738162,3,3.758006773846763,64.82565663326386,2.1078749331918516,45,0,10,5,34.57996267981918,2,2.2727242029211436,No
45,19,Operations,0.30711985294818056,0.30711985294818056,5.150822525782025,0.5460146428407737,5,3.9748356495802506,57.493443359969326,3.9773667776104253,46,0,5,4,51.13406985737563,5,3.4997923425388193,No
37,18,Finance,1.1006327859604301,1.1006327859604301,8.389535115318028,0.6917414706859857,3,3.5237631566512837,48.116902869579796,3.289340288445327,17,1,7,2,18.789093149390585,4,2.738287664919759,No
36,16,Finance,2.2318116256761527,2.2318116256761527,10.901507847945618,1.728152748228836,5,3.4088883646753323,51.39054168650109,2.523575832954917,47,1,8,5,49.12594071343695,3,3.336138137087289,No
35,17,Technology,9.104758837365921,5.549487475927625,10.736240857296528,1.049216028429689,3,4.402070272951107,43.547453553135256,3.7048489785468592,27,0,8,3,41.87842562629763,5,4.47229540750754,No
23,17,Finance,9.984329563313288,4.878327563974817,14.950806803475341,0.8573844628647005,3,3.9657419665053686,61.94814866135883,5,33,1,11,4,60.350421316290976,4,4.578636773717632,No
29,14,Finance,25,9.013097093764937,36.172879687809385,6.839558439989127,4,3.180626328485277,63.99682901938335,2.2032489296204307,42,1,14,2,20.69645887976699,3,3.917988394513051,No
31,15,Sales,8.97737006000559,8.195251432519528,14.649507082502653,2.2271091747017113,4,4.169974355844026,61.649494191920795,2.1746300084371777,64,1,12,2,15.108413503053367,5,1.274562093117562,No
35,14,Marketing,0.3513082007943709,0.3513082007943709,6.75218927686215,0.711164798697467,3,3.1412447730104587,40.73693026391034,3.197613126905868,16,0,8,3,55.96674142968265,0,2.6465602643448807,No
35,17,Operations,3.6223796702123963,2.574426535323646,10.068051346316869,1.2367223874872935,4,3.9055728772530864,15.969912349899252,4.297033077185409,35,0,8,3,36.438095678142325,1,4.000313826856128,No
34,20,Operations,12.283532395146255,3.8833284666954495,13.562743517666076,1.8701189067816408,3,3.611472350037455,59.14986879413944,3.202818894163806,30,0,9,4,14.706464773712478,5,4.113710721947497,No
44,16,HR,2.817533313875936,2.817533313875936,8.413069373249096,1.5450664904104854,5,3.705764833794746,37.01581888055151,2.205895036169902,83,0,12,4,57.28448106380417,3,3.422747800053304,No
27,20,Marketing,12.064249046418624,8.742195829913967,16.12303379103319,2.244353780411732,4,4.006844257948684,67.31583463674035,2.798214110971347,20,1,6,3,11.053664708816974,3,3.339347370891707,No
41,18,Operations,1.6032062959588433,1.6032062959588433,8.05664255958467,1.4188773843727271,3,3.4796277457293954,68.4455363376516,2.9047043117028823,32,0,7,6,57.38559575272402,4,2.0494288513291354,Yes
37,19,Finance,2.974264218135743,2.6016939355142195,9.533131600968288,1.2078601243466636,3,1.9920669573079874,69.94425149359677,2.132933313591731,15,0,3,6,19.05168062655853,1,3.1981086701043706,Yes
32,14,Operations,0.5392073432228015,0.5392073432228015,6.458830090481052,0.4183669288889912,4,3.411294678867022,60.50925023612008,3.3859566614476364,70,0,12,8,8.104749659132628,1,1.7933454923107741,No
39,16,Technology,3.3208260127700964,3.3208260127700964,11.3904798974021,1.3935819407042218,4,2.269581461818862,45.40034082821373,3.7074519674312296,27,0,9,1,11.217160979665412,1,3.6999840111687488,No
29,14,Finance,2.361146556484711,2.361146556484711,8.375776617534013,0.7618985516611085,5,4.493543495508895,54.82670413651792,2.836582330346321,36,1,7,5,23.496770853029062,5,3.711053561267596,No
24,17,Marketing,13.207152486616067,3.8086419130168307,18.73200117622101,2.332006695702585,3,4.0702088550025906,50.70284283098366,3.4867435513799423,23,0,8,7,28.25188037437797,3,3.0797784682711677,No
34,15,Operations,12.466405847433846,4.381211365108928,12.389329487807835,0.9409841552189926,3,3.393181759449322,74.27982389307212,4.393084755085936,11,0,7,5,30.200349450226447,4,4.066093053974646,Yes
28,18,Sales,4.536382201010986,3.563271862207338,12.873684709464769,2.269059868885888,4,1.8288204706117923,67.43920293418883,3.812419004198679,27,0,7,8,23.193685898315636,4,3.5166190866351537,Yes
28,17,Technology,1.2731501337631914,1.2731501337631914,15.273370741800948,3.019619059329592,4,4.021171694936547,77.59311360983813,4.075846800046913,56,0,8,4,38.11952104342944,1,4.994047510136176,No
36,18,Finance,3.1617689881485918,0.5704774670262631,14.091804896751983,0.7896367120768776,3,2.8095051301247316,74.18691103293204,3.302528408473274,45,0,9,6,42.23860611482274,5,2.3569288059836557,No
38,15,Marketing,4.95069791572165,3.2688395416197435,11.3594086290753,1.4980829836880292,3,2.974268079019769,38.87673960690009,3.1204119731089204,26,0,7,1,20.9907692140745,0,3.3279287408154716,No
37,17,Operations,1.809732504371252,1.809732504371252,7.58489523086646,0.6543341799183124,4,3.9910731443220273,72.32679126030546,3.9823897660972305,38,1,8,5,11.772838037358033,0,2.1956410323256588,No
36,16,Technology,1.1042792958478849,0.3663807387182774,6.1730859557330104,0.729040916616332,4,4.001506025969572,38.34250314067087,4.407881386085253,40,0,6,5,18.832084416599848,3,4.460495324874294,No
50,20,Technology,3.6348263433745034,2.56482931348245,9.176295100519681,1.5415668686155968,3,2.995966299125539,35.79767894432915,3.107570910352906,46,0,11,0,16.306554604195092,0,3.1853376447425146,No
55,18,Sales,0.6325075622146987,0.6325075622146987,7.841955425799804,1.2813832515208852,5,3.195378521657369,58.55723643639375,4.621188837231311,26,0,7,3,39.28294925808715,3,1.3409543868537068,No
51,14,Finance,5.462063338203474,0.3107984195041693,12.039260366334789,0.9339155114846064,2,2.7829515884039893,45.287823198158875,2.104067507730471,29,0,8,2,24.280565742465644,3,3.7602497543028437,No
27,18,Technology,15.242648062564747,5.316531373019053,21.52571324830475,2.1285526697918837,2,3.1682184716212394,69.24435605451377,3.1314241119997366,58,0,10,6,23.756945753551125,3,2.9960418525402983,No
39,19,Operations,0.3621492070582258,0.3621492070582258,9.312672863130517,1.3771783882645765,3,3.672529455881378,70.96654997272759,2.906537511157029,20,0,5,3,17.443288882264962,2,2.7872747955229396,No
25,16,Sales,16.059932255019113,4.888140060186128,19.644859006379253,1.2153523318727435,3,4.016043345671518,84.34780557124893,3.9218931600247617,12,0,9,5,64.47610168757801,4,2.9304166615843914,Yes
31,15,Finance,3.9398177158516483,3.9398177158516483,8.597664893187988,0.9569658297376967,4,3.6985978856998867,67.3583356771962,2.6980520336886804,19,1,5,3,45.038733218915304,3,2.5144231588062724,No
28,20,Sales,8.748203142340877,5.3015423776967765,20.423444263460926,2.284602458192717,3,3.79910243901703,54.79084123033042,4.284579248177745,70,1,11,1,50.152842372402894,3,2.3040051564085373,No
35,12,Sales,9.41076315630322,5.495024610211839,22.883213148028865,3.697165795776868,5,3.399294054349274,66.74918490709233,3.6906203071013364,41,1,10,2,23.637698089470298,2,3.53167372280704,No
32,16,Finance,11.909452988418193,7.575271236605609,19.929354856247162,1.3854500121820508,3,4.097144036714627,43.44496686604846,3.099392078722697,19,0,9,8,79.3540852964212,0,3.4702382697631666,No
30,15,Technology,2.1188813264071054,2.1188813264071054,9.694409983284933,1.2585697568498813,3,3.2130113442499066,58.42575986915497,2.7842444991182296,18,1,8,2,59.028583515907854,5,4.376900060783136,Yes
21,13,HR,8.850344726266997,4.959598112650542,16.23196554929401,3.0203853438841937,3,3.7890345558865324,61.86591730877894,2.6913622214087676,16,1,5,5,22.110269876715492,2,2.8313403920155578,No
27,19,Finance,0.824609422244659,0.824609422244659,8.40640370765884,0.44410981360845675,4,3.2870001695329463,65.94096985111781,3.0851361618871653,53,0,11,2,25.999688088612807,3,5,No
33,19,Sales,11.485716582392243,4.430512964400376,22.025713281807683,2.991643035675534,4,3.608607305594358,49.887663188964275,3.8968341186797035,11,1,6,3,16.33713791909227,4,2.3409079002826876,No
30,16,Technology,3.87916341496924,0.5690222578536135,8.554880693949265,1.4391003832078255,2,1.6965083579879985,69.93539898429215,2.4206325329503176,18,1,7,5,22.721186176144702,2,4.0288484642899345,Yes
40,14,Sales,5.585327165391036,4.434804760697371,10.888257784315243,1.7782866542253788,3,2.397206468301117,40.83608970121327,2.9051854905690355,26,1,8,3,32.217271269521255,0,3.412645816020351,No
28,18,Sales,0.3,0.3,6.643931053881677,0.41146554325347007,2,2.912065309171614,46.305722938477366,1,19,0,6,4,16.575918028871865,2,2.6216726292806105,Yes
43,17,Technology,5.795224037476136,5.795224037476136,12.722350764927716,2.079027109733775,4,2.1839666665504303,57.824206737456635,3.0978073424139576,41,1,11,1,30.2801713695474,2,3.6882388435317086,No
22,19,Technology,0.3,0.3,7.806859272640608,1.3245318829059105,5,3.9424733093974518,90.4577709223464,4.597542122538257,32,0,6,6,28.529857608329788,3,3.1826037696029763,No
41,15,Finance,15.413003444451244,3.3400307579680457,26.920403827393763,3.76557718218118,3,2.490844217088331,67.82967513586823,4.401526872984145,27,0,10,1,21.81574718578362,2,2.5764175116002632,No
30,17,Operations,4.143881016804735,4.143881016804735,8.277415190813942,0.7075372447262587,3,3.600018426338256,53.98051543871759,2.6115112885741882,33,1,9,4,67.65382455290501,2,3.2726233381777527,Yes
27,14,Operations,2.1364523391007,2.1364523391007,9.395391316994214,0.4901191046179052,3,2.400680103678148,64.92301007358569,3.476649832174063,38,1,8,7,36.7219871879208,2,4.260911395706387,Yes
31,17,Operations,2.345642507418712,2.345642507418712,7.991483137777999,1.3128452696380004,4,2.499311329598008,98.48675096285957,2.8946400708664086,17,0,7,3,23.226561815228347,3,3.2302643464196787,Yes
31,13,Finance,0.3432199869475367,0.3432199869475367,7.244188041614286,0.9291519831783606,3,3.3751768917431386,40.77149964396078,3.1182826818190654,10,1,6,2,46.331422710754566,0,4.968678693932534,No
41,18,Technology,5.625149282902744,1.0059500741941523,9.777900348787712,0.8485980527788258,4,3.9206218379435884,75.17612565589573,1.6002266889773302,55,0,9,4,33.902036000307795,1,3.3569839680857454,No
27,16,Finance,3.758760165144635,1.153517349797782,13.671835415200016,2.3706133873283037,5,4.225638739290028,42.20049364470881,3.5838006895265684,25,0,7,8,17.938751470048174,0,4.324681811985119,No
24,17,Operations,1.2682114120811145,1.2682114120811145,9.053916051470482,1.668227155945205,4,2.6856034149398127,50.85070646430423,3.6877390939485997,26,0,11,4,13.917488391300752,1,3.760793129912523,No
22,19,Technology,4.48829014090292,4.347619450980687,13.88588402985467,1.9739005574514372,2,2.9967730972102986,79.43424930623006,2.2888097868831525,32,1,7,9,25.033941032341076,0,3.12218745144413,No
37,14,Marketing,1.6605291994964124,1.6605291994964124,6.7434185751685956,1.0724950810807037,3,4.398114020208612,68.88548260562672,2.1962679780286205,30,0,5,5,42.05616877154537,0,2.966645948266523,Yes
38,18,Technology,0.3551765222543833,0.3551765222543833,12.203541020103199,0.6378304513539239,4,3.822427352697974,85.37139259660215,3.3003310613041803,15,0,7,1,43.62357231865049,3,3.5578201680962254,Yes
26,14,Marketing,0.37336851821354833,0.37336851821354833,18.273133755318867,3.231840230891226,5,4.306049255951345,71.94897782401695,2.4953193940125695,51,0,10,7,29.918604675148448,2,3.4318012233753152,No
22,17,Technology,4.516663841254274,1.5477425990240856,11.94772181872636,1.6340734700141373,4,3.3955773757507033,75.3553381086857,3.816645679760962,42,0,7,4,24.63787279189354,1,3.2452047465278424,No
36,17,HR,2.729981257221853,2.729981257221853,11.472699635175584,2.1764688477894856,5,3.7933710074134663,65.26897094455364,3.302671246309888,91,1,14,4,24.618142666846644,3,2.9998872858097703,No
54,16,Marketing,7.8353746464121,3.61715426157171,12.285152362430026,2.420537549019461,3,4.54043565788463,58.088557857049636,3.7812832844803697,58,1,10,2,12.87433100792527,5,3.533182220818337,No
47,12,Marketing,2.5244349943176005,2.5244349943176005,12.842470443119925,0.6791873032624436,4,4.4116553820339295,55.81431570491808,3.282462129650646,30,0,8,2,14.390603347623689,5,3.508608707413296,No
37,16,Technology,1.7015082747569938,1.7015082747569938,10.902905296909932,0.5762371102714442,4,3.388665228103073,37.29337113388408,4.267610884811003,32,1,7,1,8.99975847486536,3,3.5475934677258785,No
37,16,Operations,0.888908642742293,0.32878677456773503,7.062324304678396,0.7462987135029013,2,2.6087752382819698,51.994611575279656,2.7652305338075824,47,1,6,4,40.62174814983683,5,2.336530834487027,Yes
31,13,Marketing,5.599345215422056,3.992628542739212,8.731572431827656,0.5979889328344477,3,4.986456076031517,71.63134460257879,2.3448273338008727,27,0,7,6,12.310783383215288,0,2.687551970200414,No
30,15,Sales,1.9372524812487621,0.3861530159206983,13.8543987404369,2.1852373894470225,3,2.3950980329419207,80.02056550325698,3.687311066599487,43,0,9,1,41.89582687783654,3,3.0889148366600234,Yes
34,15,Technology,9.490442819111342,6.0843223933854365,14.492645727426723,2.3950995985407757,2,2.664472255027197,60.211527428171124,4.238626877344227,29,0,10,5,35.28067163649835,0,3.0444852201957047,Yes
26,16,Sales,0.3252446962063586,0.3,6.283933585064331,0.874589531114557,5,3.835837977404162,71.96054314018633,3.686575763955089,54,0,8,3,16.007222961822723,3,3.409761869910543,No
41,13,Finance,4.763383273909664,4.763383273909664,8.714772272717589,1.239291628173392,3,1.7123033407726584,67.55024604587982,3.397599986003826,24,1,7,4,24.58205916259728,4,2.2994355427646442,No
37,17,Operations,4.188352200719839,2.823974114601249,9.69077912703111,0.5084721815907725,2,3.7065152226454434,63.916989384347005,3.4896696124754873,48,0,8,2,47.38387300497919,3,3.6563697378265454,Yes
39,18,Operations,3.7377906389203823,3.7377906389203823,14.221309127528343,2.0740365017960194,4,3.473136030286286,62.62303846740623,3.908396340694361,45,0,8,1,24.32500947267858,2,4.736260179363956,No
24,19,Sales,0.7454911556512717,0.34893117148934816,11.537702321367624,1.4611400310723155,5,4.134958520049026,79.030085284305855,3.7081793276660253,15,0,4,6,19.313777995165843,3,3.624261932500368,No
26,14,Sales,0.9459484906811886,0.9459484906811886,7.5254198986894405,0.7534044510962629,3,2.7984058965465923,65.73241913719609,3.3379157111836366,60,0,10,3,52.5129139593227,5,1.6488699498563324,No
39,19,Technology,0.7260156199865829,0.7260156199865829,10.707516062916302,1.3564757161808567,4,2.594017473407278,42.87146048110602,4.1172302557525144,44,0,8,8,51.6099339486498,5,3.3608413016455354,No
40,16,Finance,1.5819868373068564,0.7975510522531299,9.571266770899703,0.8658484143028522,4,2.598416184622326,52.3357315935505,4.311332422613302,32,0,9,9,47.447119745858195,3,3.973648836788986,No
51,14,Sales,5.287720253969446,2.6355080440789487,10.390148599541948,1.0719291413597933,5,3.590639314298592,82.70567286310241,4.999317797999814,32,0,6,8,27.984295426142822,1,3.1699911628205997,No
33,15,Finance,5.378671952396236,4.505493133099279,14.808054559953268,0.839442606714385,3,3.205167437456925,94.58066296596391,1.2944372472766414,19,0,4,2,42.0271448678394,2,3.10107753585553,Yes
37,17,Marketing,19.77939724795473,8.219539790753721,19.733977481195488,3.0521540797759905,4,4.787070047035146,60.05583785973096,3.6933753496853017,57,0,15,6,25.40744292565959,3,5,No
40,18,HR,8.112452520719236,4.751907335895528,14.597323105349549,1.0875110795238103,5,4.100057825687018,65.76609104934049,4.19877907678611,45,0,10,5,29.371040320760585,0,4.877045216291435,No
27,13,Marketing,9.877688207234392,5.499310857114245,16.50990607271578,2.62159811490817,2,2.713723635555931,85.87146613990517,2.1854869847595757,35,0,10,3,23.120758845358697,1,2.6165534273052113,Yes
28,17,Marketing,9.202102646176737,4.71702237668219,13.630217325355503,2.293993956404674,5,3.1141167295072023,25.426380483963158,2.9655808457372057,15,1,4,5,14.341926241031151,4,3.405915742121831,No
30,15,Marketing,24.55661015478523,12.135763420493374,41.33447976873913,2.909248854115781,3,4.088395074634059,52.79273272264932,2.604456523318589,52,1,14,3,45.431928998666976,0,3.251765100495575,No
52,17,Sales,5.794024752939516,4.168120311074778,14.41314240347304,1.473207315400062,3,4.694055053221132,80.3863895323317,2.903788178030204,51,1,10,6,67.35665895249747,0,3.39288171646349,Yes
21,15,Technology,0.4576961795861783,0.4576961795861783,8.056599774812044,0.6500532741712421,4,3.3888229168552644,43.874752198297564,5,41,0,10,4,34.258745010101,4,3.154988611453625,No
36,17,Sales,0.8645696908941747,0.7969619554961908,6.455950077011056,0.44617561422075663,5,2.5873963924986976,78.56436134043567,2.2059341334102034,32,0,11,6,45.68105678442716,3,3.6519900520190256,Yes
42,15,Finance,3.941947009826871,3.941947009826871,11.81915071689107,1.3353169173553108,4,3.691169988024177,40.34037318918475,4.112579995980734,25,0,6,3,27.192061073089846,3,3.835839299452903,No
23,16,Marketing,4.1169361106579,0.3,8.586534408773096,1.5411805034145918,4,4.313347386534501,49.78534966625923,2.7969810265042128,43,1,9,1,18.927369431898974,2,4.434274651518381,No
40,19,Sales,10.557596153215787,2.0840718159589136,17.062053427920002,3.348286219390768,3,2.69464767863869,58.63904322513272,4.0987875079333875,44,0,11,2,44.040908182325445,3,2.6606619671669343,No
33,16,Marketing,12.63658036261042,6.913659402397558,24.008477161588793,3.9884292362734572,4,3.7018909504485227,87.66150160698973,3.3850725152555583,29,0,9,5,36.52886294167264,2,3.020301167378512,No
46,19,Sales,18.884256602481518,10.348453268650717,19.382659839955462,1.5521440996803477,4,4.285225037993117,46.13352934106693,3.122803489787357,36,0,11,5,29.115820779474088,5,3.1608390583625425,No
50,17,Operations,2.4565543792874163,2.2202764975787725,9.001225811716168,1.707349477193287,3,4.585472697308783,80.686949316538,3.993058358988187,26,0,6,3,67.1849531544646,0,3.6373314676855037,No
28,12,Marketing,8.044072690039963,6.747779960743324,16.633437545748574,1.084404495875831,3,2.9885732632244184,26.957126767921633,3.4370279725389987,25,1,8,8,18.207277278688892,1,3.3147684683518777,No
41,17,Sales,8.508384560082828,8.143903549435853,15.882521055537099,2.7129760068654614,3,2.6191824101983117,54.46534897734473,2.894167054750006,53,1,12,4,14.745120486605837,5,2.3791036060463058,No
31,13,Finance,4.373740535458625,4.373740535458625,14.975979839373213,2.686372102807307,2,4.772120324033604,59.261958919158495,4.085227263790257,27,0,7,4,74.59056890829062,0,5,Yes
51,15,Finance,0.4302302463651511,0.4302302463651511,9.370435480760943,1.140088251891883,2,4.239109242222141,60.7937201286128,3.414839357121865,32,0,10,3,9.371753864192081,1,3.9071883788445962,No
31,15,Technology,1.5547968467064577,1.5547968467064577,8.93741955737198,0.7846172269607218,4,4.1940348229900435,85.76922748714628,2.299135051950779,61,0,12,5,33.98530190865123,2,3.0500512869813448,No
37,17,Sales,8.542903017946207,1.1581941555281536,16.606363773267145,1.9082447895561687,3,4.088556404159161,41.62313598325515,3.5344092994515846,22,0,9,6,29.84928689585702,1,3.8513088799168775,No
42,17,Operations,0.3,0.3,6.526651510088182,0.5011650231279596,3,2.797586231513938,56.746696316735765,2.5949199945617805,29,1,6,2,27.246955437723642,5,2.829343009149115,No
34,19,Finance,2.8511756106208,2.8511756106208,6.385062522111044,0.7833559365587293,3,2.7936748133808997,53.80678091343707,3.48871633202672,35,0,11,5,16.148498996418166,5,4.964278928905096,No
37,14,Technology,4.792970312396597,4.792970312396597,7.9786812043974225,1.2683651588025495,3,3.9913611726428777,63.60664544335668,3.7053011431672953,32,0,7,5,29.57638639370393,3,3.5877950556159792,No
37,18,Finance,0.3,0.3,9.104871130860271,1.5389125861544837,5,3.982809717276091,61.447447709091286,1.665841814384647,22,0,5,4,20.177772369641207,3,3.0575223597795103,No
32,13,Sales,5.9950291172187296,2.918700072260422,10.761006472432321,1.2915063594804945,3,4.826595144206696,65.9360008873614,4.5670148010253335,29,0,8,4,37.983924597841884,5,2.9877152486290166,No
21,15,Marketing,4.73873541057353,3.624106100276501,14.562951114951117,2.9142010504274127,4,4.813277028115332,56.22426686296794,3.098327741278019,65,0,10,5,29.81257955250051,4,4.29551101999218,No
40,16,Finance,6.950963986659894,2.315761988912004,11.037776752617784,0.9821511051073701,3,3.0802045288888213,45.822097168130895,3.7877851894523,43,0,9,4,10.650365622072059,4,4.2820087765472055,No
46,16,Finance,3.7602449617936644,3.7602449617936644,11.879436095346955,1.938378190369783,2,3.217468122254369,41.36433359820601,3.09778968905363,39,1,9,5,15.406266181001923,3,3.529282600880692,No
30,18,Technology,6.18434767047439,6.18434767047439,14.24927747116333,0.8947132518530287,4,3.475313145102091,53.98712327792238,1.809295732894467,55,0,11,2,24.819403923711945,2,3.276926118417576,No
28,12,Technology,3.4025216224675505,1.235390508303438,13.184291355524627,1.5264465682651753,4,3.6118863555887595,70.07653320100411,2.872344081638604,42,0,9,4,4.827627750026397,0,3.466173482064817,No
35,15,Sales,1.1056610155617799,1.0215285621966568,9.95779615945525,0.5162536067977446,4,4.005109515309319,62.241610620758124,3.5007091308019445,20,0,6,6,14.15866715613008,1,2.9863147430511616,No
29,18,Sales,0.3,0.3,9.050165263115547,1.7568580751502956,5,3.606511641856717,64.95703669240885,3.2904526522289683,11,1,7,5,12.098465909474143,2,3.919642294331892,No
40,20,Sales,6.959545716446001,6.419710873049712,7.760862825053501,0.9818388082830091,3,2.41051788624079,68.98942121048448,3.5225932962414044,12,0,7,6,20.355150312710872,2,3.2681566827393205,Yes
53,16,HR,5.2565759931413005,3.8691267197763457,8.93873100135156,1.4305926659350725,3,3.9963501429582955,86.35643497734999,2.4367931263868323,46,1,8,5,18.491193914544578,4,4.406518378019547,No
41,15,Finance,13.129392747120683,5.4947335351337605,14.441684636062627,1.2054158547972669,3,4.300714974883141,51.57209029631457,3.1753120163097956,45,0,10,2,12.208675087723353,4,4.480234812804074,No
50,14,Technology,2.697862641223718,2.697862641223718,8.149558927989025,0.6103062269873109,5,3.492332169089224,45.71868985965986,4.291637337671469,39,0,10,7,29.148161672261484,3,2.394350717322136,No
33,18,Operations,1.1664578114083506,0.40129262515910524,10.78889502391379,1.0389573248153563,3,3.2928929767164004,71.54478179593004,4.213813251298806,19,1,7,4,32.737272079186596,0,2.672725252505279,No
32,17,Sales,1.877256341555105,1.877256341555105,10.408687091697454,1.5949558222466416,5,1.8136445833649324,81.98817535192082,4.09423217081439,11,0,4,1,17.369081838765446,4,2.037405544647659,Yes
31,15,Operations,0.46568345290338414,0.46568345290338414,4.857626428784327,0.28,3,3.9049148098186612,47.96486826650827,3.483699129063835,18,1,6,4,43.25236129755368,3,3.325009591998021,No
36,13,Sales,8.647026674410316,5.415881248454701,11.766498231137371,1.5024618305613822,3,3.3040629196323414,66.02003359364775,3.291016625354115,19,0,9,4,16.46921788511241,5,3.594853980023352,Yes
27,19,Marketing,10.337120173955014,3.594955724756899,18.49398804254278,2.397589621631198,4,2.822663075896493,59.027858721220454,2.304251438047363,12,1,5,4,8.2350069566917,3,3.435990250095548,No
28,12,Operations,11.740234651059097,4.654113665594108,17.56374567437462,2.0611770901507933,3,4.111306814221728,78.26879402961085,3.4891552528532546,32,1,9,6,34.449064661528325,1,4.599473220848778,No
39,12,Technology,7.483747080542584,3.5966573442588,10.534585990603231,0.9810052667156783,3,3.5067765602811942,51.83899789744673,2.5904064440916637,42,1,9,7,7.785751889988268,1,2.487957185664179,No
43,15,Sales,9.110379672942436,3.9651009100822017,14.277894466445819,1.0245051668045653,2,3.9851945082532776,77.37448304272733,2.9193674417624735,14,0,6,3,31.44657415108037,2,3.75445706689132,Yes
33,15,Sales,8.961171249271429,2.394076222557214,15.49066462857716,2.360246960283426,2,4.094178306958572,63.2051764681922,3.0090810392952885,28,0,7,5,80,2,2.381049829374327,Yes
21,18,Marketing,1.0135218598001754,1.0135218598001754,7.1469018761298955,0.7003944969370246,2,2.9081661156840344,61.30983914449233,3.38209105235487,11,0,6,2,5.097361377435058,4,2.775531224843013,Yes
29,15,Finance,3.0470295632854834,3.0470295632854834,9.53502629552602,0.488542342445936,4,4.905387642352448,40.895949295981815,3.8842002534246216,38,0,10,4,34.627107967476654,4,2.877145709965077,No
43,12,Sales,3.870515661768512,3.870515661768512,14.813680907311655,1.271078256042785,3,2.9093497211933235,55.143925261036074,3.494753015148754,51,0,11,7,32.70741889740819,3,2.5101025349091235,No
36,20,Sales,1.4758093986191818,1.4758093986191818,8.01121886922516,1.5129553301529672,3,3.003990833792332,62.92361401244227,3.6935186296294096,23,1,8,2,16.308747696232555,5,3.9438759868802657,No
37,19,Technology,4.012783562600503,4.012783562600503,9.540333946165822,1.4315761886863116,3,3.407303861335269,85.05661645950994,2.3824625503228907,25,1,7,5,28.197001437263808,1,3.271688598994578,Yes
33,20,Technology,1.2655401841680503,1.2655401841680503,6.3019086605782215,0.6260114649162609,3,3.5911769538013143,61.51241749736257,3.1197514692760033,32,1,6,10,66.27225441124324,3,3.532179502106388,No
41,15,Finance,3.6845778733620795,3.6845778733620795,7.349511057594095,1.4446710571315435,3,3.4002339342498153,53.00338736248133,2.7078123775686396,49,0,11,0,22.161255069173162,0,3.334354377259931,No
34,16,Operations,2.4820415347749156,2.4820415347749156,10.294227179786514,1.2099177205534752,4,4.921094508856524,78.51709830476587,1.9990558424003393,13,0,3,2,37.018245495293776,4,4.135799460167235,No
35,17,Marketing,3.3375418436012523,0.6015863937606492,12.043848639681046,2.08733625477861,4,3.4986639345331656,93.42143990847019,4.026666617462591,35,0,8,4,52.104281276023045,5,4.018013146939024,Yes
30,13,Sales,7.245455615389323,2.5294900866827934,18.79260830724264,1.1843647704577893,4,3.8845479448661817,57.82443343043312,3.98440120328877,29,0,5,3,18.025798579870347,5,3.775130413091073,No
38,15,Finance,0.3579958650697123,0.3579958650697123,10.724516406259069,1.5484963189592278,4,4.482696093362732,74.32551589800339,3.4160794440907787,24,0,6,6,12.281798475728525,1,4.52693860707702,No
27,15,Marketing,4.295793332767124,4.295793332767124,7.5421519220969815,1.3477021600549288,4,3.9066125090521924,74.49299553991524,4.314000651978866,15,1,6,4,40.531168168598235,0,4.296959700824261,No
59,15,Sales,2.68139469516159,1.313196243610823,11.105883841190334,1.695368048245777,2,2.6287019906844518,86.33800019248696,3.1935682718448244,38,1,7,3,62.64691141573193,4,3.304123091576455,Yes
34,15,Technology,5.628155646198413,5.628155646198413,14.71696942162091,2.240360411655215,4,4.0066243890058155,63.56734720945277,2.8075480311006578,7,1,2,7,60.67926533088894,3,3.3238165881035657,No
30,16,HR,0.8975434678793373,0.3,6.954004072994888,0.6719428063424016,3,4.720803838896732,54.4015729417618,2.875254581068742,25,1,6,4,49.40189824506555,2,3.4071118167955894,No
42,14,HR,2.6484475962640204,2.6484475962640204,6.6304133189947825,0.6456769055549251,3,3.698482770084042,54.75876104215276,3.6789522571627407,15,0,4,3,20.018552392362583,0,3.462079973438379,No
34,16,Marketing,12.917918823607664,5.565256474231165,15.409877997087712,0.8006048210349693,3,2.5820692200907187,89.68784485285903,3.6841771456551067,47,1,11,6,28.028549958962913,5,3.5704313763317135,No
31,16,Finance,0.5856404621997883,0.5856404621997883,8.570278537571664,0.4593606923879633,5,3.4267345256517197,72.01480330742355,3.5846533604995643,21,0,7,2,36.06500895228871,4,4.599038179151179,No
30,19,Operations,3.125682942205683,1.6875862459907975,9.824066267306163,1.6126058176157443,3,3.542033443195227,58.484565250611354,3.8765780265867007,20,1,7,7,10.349576874516808,1,3.334520398761553,No
37,17,Operations,3.171452288871316,3.171452288871316,14.096510181489432,2.596521889202618,4,3.9188356872875483,28.45668026942883,2.3789119068207305,19,0,6,5,32.25249429273234,3,2.607926913619878,No
26,19,Technology,1.5214249938491335,1.5214249938491335,7.775984859057313,1.0030706245084462,3,4.2055003309016,72.78389494454534,4.00361012952089,36,1,8,6,51.10999940695858,5,3.692715152373725,No
32,16,HR,1.8534580918719261,1.8534580918719261,12.11059045574423,1.8385301139902683,4,2.4110625852782586,68.53211225446265,3.306010616671225,29,0,6,8,23.78838272283476,3,3.656053635236262,Yes
33,15,Technology,10.903191789112551,4.573193363172554,16.855580090985505,2.727071742777161,3,4.3009235811703785,41.67557093587069,2.989920748718058,32,0,9,1,16.423411995884887,5,2.6651211040297316,No
50,16,HR,6.767983883892167,3.5647307780417243,8.416936697946523,0.6380904893250209,2,1.886786229156748,36.00261599941687,2.5144231158895862,40,0,8,3,15.085033855520543,3,2.4060144359486295,No
39,14,Operations,16.000250274481854,4.865552445453454,25.37855505877214,3.079977354761327,4,2.633707136407062,56.544919274520886,3.489489610173362,10,0,8,4,17.816750096078938,2,2.3709069169630537,No
52,17,Finance,3.719941980801149,3.719941980801149,9.385777666500434,1.7870175939589468,3,3.8943597772594885,61.67773577361565,2.7970953571459978,22,0,4,4,47.657905393044864,0,4.389208791812577,Yes
39,13,Operations,2.6404300774491136,2.6404300774491136,8.88163511286908,1.6274896386230049,5,3.6885173178017014,94.28092360462679,3.4899283016532006,35,0,10,3,18.025357673120332,5,1.626255003136502,Yes
32,19,Finance,1.7193814000266903,1.7193814000266903,10.415128535506769,1.2237127469588116,3,2.806752069639282,57.89167965865962,2.6928793779293883,22,0,7,4,30.407663108038285,4,2.771804969098897,Yes
25,16,Finance,2.2346717132210494,2.2346717132210494,8.837725544192685,0.6840630473242857,4,3.8826908121153223,77.45683733740692,2.467000002734509,34,1,7,9,19.773611022338446,2,2.6612577503658286,No
36,19,Technology,9.354313803261888,6.331909326263177,13.406165092228717,2.6165128765993053,4,2.4096836445172243,38.90321926803543,3.2130919501249955,13,1,7,2,51.98660920913636,4,2.102563284343356,No
29,15,HR,0.5729604003857289,0.5729604003857289,7.963435880994405,0.5356477212535298,3,2.715612385748241,55.14135376956822,3.834801586214812,51,0,8,7,67.6128734197141,3,4.191685955684609,No
29,18,Sales,11.766915841420309,6.937940296154574,13.40820317282336,1.4289767408359682,4,3.59591359094927,49.79841036300817,3.620494697389614,22,1,9,6,18.794099176567567,3,2.8451191109449603,No
26,14,Marketing,7.914050577631864,4.865821533503831,12.723623683233836,2.4996428111438034,5,4.618863343582927,59.93424855786449,2.4721252346777365,40,0,7,11,35.422532257260066,4,2.366473912489759,No
26,15,Operations,8.348891894599248,3.9916735801093934,11.570748560980695,0.7447420617302154,4,4.07967080593151,54.795851036161764,3.959193758667138,70,0,13,0,30.36770492980989,4,4.876868896948152,No
28,13,Sales,2.4685517221534,2.4685517221534,9.013974682181189,0.47713279245950835,3,2.4738208708633502,43.995792662588116,3.181177329024286,11,1,6,5,13.647192346280141,1,3.645689513146851,No
21,16,Sales,3.433759100192332,3.433759100192332,10.469726818093488,1.746827619370155,3,3.1002015038476443,91.57094512993672,3.9133624767261983,41,1,6,5,58.30085954029187,1,4.5538122181342855,Yes
43,17,Finance,0.7736188603050498,0.7736188603050498,7.591267497282597,1.3112279019889357,3,3.6811659987750125,58.770361043598484,2.8821870532017693,29,0,7,4,13.527324703084451,3,3.8049295857120193,No
27,16,Finance,0.9108018645203512,0.9108018645203512,6.304024283902163,0.482750544749712,3,4.385981717951634,71.33952683850146,3.0960028355805056,25,0,9,3,14.16189940500205,3,3.945634713142877,No
33,16,Sales,0.4468428180853814,0.4468428180853814,7.1168082788560465,0.5156157601169992,2,2.6890962050474254,42.868130584977635,2.9959660722694905,52,0,9,7,14.121266400216033,3,3.758921726458359,No
43,18,Technology,1.2226702397324811,1.2226702397324811,5.474649756860483,0.4823180255438576,4,4.400552522993768,60.61137796265223,2.7928883920779235,26,0,7,9,25.412439088664687,5,4.051554282187874,Yes
31,15,HR,1.576303478289774,1.576303478289774,8.669839966490818,1.057414795579783,3,3.8166163618418136,53.75648390688084,3.884943019717791,35,0,8,5,20.933104971822363,4,4.357103219500411,No
27,14,Marketing,0.7794106902008388,0.7794106902008388,3.58,0.3479705866539734,4,3.672581349165651,77.8783138411862,3.3674762368400355,40,0,7,11,65.58585611117897,3,4.819707158964686,Yes
33,16,Finance,0.8051251810030189,0.8051251810030189,8.063471297367576,0.43258902201505156,4,3.594079743267359,77.7766208929741,1.7737730421637516,44,0,8,5,48.36716546693333,4,3.535083091966461,Yes
38,16,Technology,1.0249817103199632,1.0249817103199632,8.786556258785998,0.5023051377562858,2,4.517576646742898,69.57314642849707,2.8895610545706996,41,0,7,4,60.17038996829799,1,4.17665961251286,Yes
25,18,Operations,25,8.99091100397672,25.16641276995812,2.55914782349047,4,4.722843308286471,46.30889149976277,3.3035210159371147,48,0,15,7,29.38879475212876,4,2.9441902438492775,No
33,17,Finance,1.1984184427195397,1.1984184427195397,9.878967846235417,1.0483274070954334,4,4.485769268987658,22.525898726969938,2.908569196274104,31,1,7,8,13.250149975246678,2,4.241498277932213,No
34,14,Technology,2.4673942912453883,0.3923601485648335,10.113711516091294,1.4985198727465872,2,3.6934444387183794,47.40657754993994,1.4078868644810842,44,1,6,9,79.8707078137653,3,3.314360867038279,Yes
26,14,Operations,0.3,0.3,3.8372561957731333,0.6733658248864091,4,4.919090988657903,37.856069787194436,3.3941606198093597,26,0,6,5,25.14858252595176,3,3.8232577712328353,No
27,15,Marketing,7.762463373197947,5.756542878151545,10.157941093514552,1.66231451499435,3,3.5927523383663837,49.55864487981359,4.216446959608777,48,0,12,6,29.030732046367863,3,4.447949461875211,No
21,14,Sales,1.0998951681326226,1.0998951681326226,8.144197322385022,1.377381033720815,4,2.906238395697127,76.97772417868596,3.5004591217330625,42,1,8,1,29.065820231970527,5,2.8089483804277444,Yes
45,18,Technology,4.685473606331013,4.685473606331013,9.258938871849155,0.5979336671828779,3,4.227885597897124,74.00565149814149,1.9588323320958012,29,0,7,5,24.800542748874093,4,4.557031067115256,Yes
38,13,Sales,1.9288840423594313,1.9288840423594313,13.997516289391719,1.9304903163453702,3,4.228255953988389,33.417086643533615,4.70568014472493,13,1,8,3,46.685218936298796,1,3.999021528599725,No
39,18,Technology,2.3149233672381295,2.3149233672381295,9.692752704992442,1.051872926482137,4,3.0976256565240976,60.09426962905621,2.8465748590199573,29,1,6,2,20.278499909095004,0,1.0083384484882894,No
40,18,Sales,3.180003485559488,2.1436454671091294,14.82237963083601,2.754526204448369,4,1.4934528242099627,56.96404654180419,3.8011164914261584,22,0,8,3,29.892511475581664,3,3.1420969293348318,No
49,18,Marketing,3.0399803763267954,3.0399803763267954,5.946227119717813,1.0715492919399003,4,3.3003914102270526,49.54978899792722,3.9240044596768704,19,0,10,4,41.088155076738595,5,2.738358737690609,No
23,17,Marketing,0.3,0.3,5.666628288832192,0.956271489976479,3,3.1009317039279205,30.47071827195542,3.5085280373985084,26,0,6,3,19.799031423398652,3,2.637840751515574,No
30,15,Finance,15.282757610317853,8.992261471256205,24.766788170632424,3.538532019164945,2,3.084041467290542,48.42424027867303,2.4999919186455237,21,1,10,6,30.44606573556414,5,4.1792989392335915,No
25,18,Operations,10.641485270461988,5.530486721897909,17.4217782213637,1.6831047349393053,2,4.136969866616366,42.56133367261601,3.9963241329654045,11,1,6,0,69.54969912246608,3,4.250747283064726,No
45,19,Sales,0.6086489377337224,0.6086489377337224,5.643093209648781,0.3681801325561231,4,3.506061927860654,99.11906577805395,3.2122840773568653,38,1,8,3,14.37285022713658,2,4.017465086718946,No
34,15,Sales,7.6950375520774825,2.2140796297429746,13.867159389513942,0.8060873613167562,3,3.6139819470738392,45.362004193403635,3.9130356978284535,33,1,8,4,41.02358049471736,3,3.7824110221123686,No
41,17,Finance,0.35269511385584695,0.35269511385584695,8.812815046748128,1.0881300618235354,3,2.6074299792156825,43.12871383400296,3.6039302281860883,26,0,7,7,31.507940788222047,5,3.8982089163555202,No
37,15,Sales,1.9653123951803377,1.9653123951803377,8.009438431645743,1.0829691121097818,4,3.221759061263375,34.3547701386295,3.1135538254389945,17,0,8,4,79.35081916882805,3,3.9166582033172483,No
22,16,Finance,1.2428004235866403,1.2428004235866403,9.861716072016165,1.4629507889416113,4,2.3192905862984783,66.52031164755573,1.9115228826648727,35,0,8,7,17.283688525929403,5,3.1992013398374306,No
36,13,Operations,0.3321559111606869,0.3321559111606869,7.512900209170291,1.190716846295001,4,3.3967017318456385,60.051345641284975,3.8200627525477917,46,0,10,6,54.47430314276099,3,4.724549805795729,No
32,17,Operations,7.510261925064546,6.359733008196407,9.718620389253125,1.2029599646804154,4,2.681656849969303,40.9339932237117,3.1083070525261083,32,1,7,3,41.26649801594346,3,3.874317794706136,No
28,15,HR,11.72326695739614,8.037862142945668,15.025506837552145,2.2143062480241174,4,2.475345383037914,61.29600492791937,2.4765631022585444,8,0,9,6,23.90419317809144,2,4.647342160320601,No
44,17,Operations,1.99127837059875,1.99127837059875,10.69929685282533,1.3609178628412126,4,3.109633712481782,41.356296909920985,1.3090698269846162,49,0,10,2,24.2737841337282,3,2.5771059712281885,No
37,17,Sales,2.666590423486089,0.3,11.765904708323456,1.408444658551863,5,4.377161907356847,75.00989248742341,2.7064915902500237,56,0,10,3,26.596534331189464,0,4.9864807622289575,No
39,18,Sales,2.9601873304841777,0.9144352148027397,10.31498426859215,0.5378322043664288,3,4.937150026883478,44.245983726145525,1.5128800991659674,47,0,9,3,6.463717190525381,0,2.5537333140275025,No
37,17,Sales,1.5948427998087908,0.8663072906378105,9.662178702015886,1.6192522536947593,1,3.0643674418310285,94.9932146798297,2.28399373539893,24,1,7,1,35.91069234894233,4,4.2158931796904255,Yes
35,13,Technology,7.408532401173199,5.1019629892930585,12.179548329281326,1.5303937540083616,4,4.926805119364169,73.93246035463433,2.8188034891831917,82,1,12,5,15.554292305786898,5,2.9444132993713135,No
46,19,Technology,4.150480537523388,0.3,12.046294895640806,2.418536079303713,2,3.9954641159356017,45.24982471566687,4.989872937949568,44,0,11,3,7.344994086744029,2,2.6504847243322813,No
43,18,Marketing,4.7909540888119135,4.7909540888119135,7.19857588352197,0.9606171625760602,4,2.9109092689971687,58.43773435176365,3.6877040657839353,44,0,9,5,7.021395556945668,5,3.469666625688139,No
32,17,Technology,1.6983659605944417,0.3,8.130263664566096,0.5156185529265953,3,3.1124297366479814,64.0081792766404,3.4871100080705224,11,1,6,4,39.45126232901093,0,1.0807118694808233,No
40,15,Technology,13.680584717507122,4.958897384317669,20.085564701337976,3.800920337098619,3,3.184596155580065,58.11120958777577,3.0877686938333015,34,0,13,5,11.971715793293043,5,1.3074584639690539,No
40,12,Technology,5.657898490164948,0.3303489846324402,12.658374711458736,1.9105829942144135,3,2.6081687484585387,48.2150358882405,3.5819353621104013,8,1,5,4,15.145453437175739,1,4.143474090878249,No
46,18,Technology,6.648936802499111,2.9975162377566167,8.164957422621656,0.9057868603490143,2,2.6549713294484416,54.18659566653483,3.4890678907303703,45,0,12,4,12.191190276148388,1,2.5730683975311415,No
38,14,Technology,1.5949682331557689,1.5949682331557689,8.592036305915629,1.501485943270241,4,2.0106673264863923,84.59700485760477,4.012755273673361,31,0,7,6,32.81225667242865,4,3.2725445280162653,Yes
49,17,Sales,2.9313741686850774,2.9313741686850774,13.796372557157651,1.8508118125341377,3,3.766263300167661,58.7071463133321,3.11128111256703,28,1,6,3,40.58691035762812,2,3.2932289574394122,No
42,13,Technology,8.301629974362712,3.247775028145261,16.363077591699692,1.150939266804396,3,2.596371834885103,28.90439068263555,4.696040197345663,44,0,9,1,21.443332891226675,2,2.8244709597665487,No
39,17,Marketing,0.7423559004862134,0.7423559004862134,7.2035109708101945,1.211325921121731,5,4.584134614519547,95.3257308815567,2.2067989192430666,40,0,7,8,35.232953888736056,2,3.7725774170616058,Yes
32,18,Finance,1.5288208694832706,1.5288208694832706,10.553426174538332,1.8659124651640158,4,4.088742731849261,80.8945795770724,3.3084810581501607,18,0,5,2,13.38560082465251,4,3.3459173682848213,No
33,17,Operations,5.542531174781501,2.56168996148241,11.406082514864863,0.947235474870132,2,3.4837201937553237,88.14461413323497,2.918236969426651,54,0,10,5,34.397829524097986,5,3.8964068617585843,Yes
36,14,Technology,5.583878942294569,3.494235216087095,11.287836067556936,1.9672747922410931,3,2.4978849010764375,76.33890095760493,3.601089923062166,23,1,6,4,37.19750541093066,5,3.3241331135389984,Yes
21,15,Technology,2.3075665528729097,2.3075665528729097,11.415545295778543,1.552446442453233,4,4.18415467662156,65.08298286261457,3.4983751329972175,42,1,9,3,61.68026870054715,1,3.3204504924358913,No
44,15,Sales,10.432072867249843,3.4538045257932164,17.475050109459325,3.2868987128820537,3,2.011323430142265,66.12905515945704,3.5972232805103577,27,0,7,4,16.166902356037333,0,4.111083646165454,Yes
35,17,Marketing,0.5263000522435491,0.3,9.214367434688889,1.0741251623300607,5,3.708825306338136,62.04945510340591,4.198827712564827,41,0,10,6,21.02646254779324,0,3.6655092631581114,No
25,15,HR,8.082646146207113,6.878375196227985,18.830016953444016,3.0395662843401365,5,3.2283177606106355,47.27495626716219,3.0005768105332176,69,1,10,4,30.741326964617652,3,3.274409150526746,No
45,18,Sales,3.9787324418728645,2.213976418687364,9.077727412010544,0.8896548613955462,5,3.7026087256017735,40.528835387953755,3.5136910455994155,38,0,9,4,37.84535179525788,2,4.710370414245499,No
21,13,Technology,0.9448013709164153,0.9448013709164153,7.024784719249049,0.6321429267496722,4,3.4995403084430547,51.96112134897183,3.1834045148033345,21,0,5,1,17.293216821848958,3,2.276377171026326,No
33,16,Marketing,3.3968844717567226,2.4537399911841162,13.024750210128639,0.6813932362747694,4,3.2044017383336025,46.351878721788204,4.484142494013424,59,0,9,6,23.74178468696509,4,2.8783559150778877,No
21,17,HR,2.9930732397192803,2.6998186978047256,16.93563977990412,2.9221645079745513,4,3.7092459054306257,49.195408486703826,2.1270209298755782,24,0,6,5,28.791352054979885,5,2.15741559026803,No
40,14,Technology,13.190804371393535,7.734535276365156,12.548019161098871,1.2300539239857966,2,1.7088230104235502,49.7457927463301,3.5093973243481074,42,0,9,7,37.98507769657247,1,3.019251011353571,No
55,16,Operations,3.4738704358866155,2.4835791598536416,10.656144129784774,0.890345627250657,3,4.797074491266894,49.05802999525728,3.9171507217853314,23,0,7,1,27.67263399825735,0,3.3051036792104376,No
34,18,Finance,12.310872785816043,6.18407161104937,20.3436057749391,2.428532334824039,3,3.6913220606734245,57.09652405860055,2.878362892959665,20,0,8,5,7.57540369905028,2,3.4891073356507203,No
36,19,Operations,2.346088452150645,0.841606821673643,10.414966319416042,1.838491323076949,2,2.6054413202819413,49.18028067083806,3.5900505990828564,15,1,6,7,51.44538650470634,0,3.7474677313442455,No
31,19,Sales,12.32730816649221,2.902878126334132,13.586330449966718,1.1138573932590514,4,4.528120787312904,41.34228090757469,2.8743592976184495,22,1,7,2,28.45191915478011,2,3.723990865395677,No
34,16,Finance,3.5810985226309957,3.5810985226309957,8.97812468613804,1.653268071885519,3,2.572759597101477,35.31222508078781,3.41618143706496,25,0,7,1,10.832606801460472,2,4.6623049869915745,No
57,17,Marketing,11.622064112893568,7.660960643221061,13.833693277968601,1.1625663180384975,3,4.101452317010574,36.52203491948231,4.093829715318107,23,0,10,5,18.51628556227994,4,2.289419068939881,No
39,14,HR,1.9649757459938433,1.9649757459938433,13.219205272553399,2.327675036823539,4,4.005671514474225,64.79436328456457,2.6087737978436074,19,0,4,5,29.310648873195365,2,4.0740530514462145,Yes
30,18,Sales,3.67042593787197,3.67042593787197,10.697480096823544,1.3331029037699087,3,2.984044717648113,59.92954271361354,3.0121439336584634,27,0,4,11,27.10955599824014,5,3.1367993747750593,No
40,18,Marketing,6.9478414077258295,2.262103507072084,14.805269947602726,1.0962711451911389,3,2.2798950537866927,64.96792295982927,4.205449664333432,53,1,11,6,47.99844157535303,3,3.389698211662701,No
46,16,Technology,0.3644729069057565,0.3644729069057565,7.529760760203514,0.525285886441845,3,2.804716880243954,68.78379739353541,2.117079531619488,8,0,2,5,5.689230146923029,3,2.789569790705014,No
36,15,Operations,2.9330510304812334,0.3,5.548733696918529,1.040676887344261,4,2.3962890299017796,69.45419509790621,5,37,0,8,7,43.959536975358446,4,2.691732288981536,No
30,12,Technology,24.98572603576673,9.100456658268179,49.20359082332639,7.338872154050212,2,1.87922400811105,26.6305860203355,3.2973850429846143,10,0,7,2,30.05963748074068,3,4.05552395386001,No
53,19,Marketing,5.466602295436006,2.0726943969343856,9.6597667012755,1.455954323966462,5,2.8121659165523623,61.7079709075629,4.484404282815863,23,0,5,2,14.850644859739765,4,3.514348908885924,No
21,17,Technology,5.265607423725438,5.265607423725438,13.402345950427573,1.4319747248488195,4,3.007396734016466,68.98300464992076,3.139202390910886,38,1,9,5,9.120947306632122,3,3.9371329680071208,No
30,19,Operations,7.518067869528775,2.843023478530993,12.783283673018886,1.6749326763554924,3,4.290551127555701,48.36376905865921,4.229886686006321,30,0,8,4,11.142469815236568,3,3.9841695085425486,No
31,17,Operations,6.778261114144461,5.886034354031989,12.755975897293148,2.003250843758136,5,2.4978472835626033,80.54464957528734,4.181158437455344,30,0,12,4,32.75369152777434,0,3.0054554457954694,No
36,18,Finance,2.318308526719013,0.3,13.083701631560595,2.5666938183847483,3,5,42.73041167003078,1.688299599714231,78,1,12,3,27.66590178175758,0,2.405187136301143,No
30,20,Technology,0.5808001532535885,0.5808001532535885,7.733727484406052,0.9578994733896354,4,2.9945430845762786,75.9648534013203,2.807693721440082,27,0,6,1,23.269815615520205,0,1.301692307058755,No
26,17,Sales,7.135447994086653,3.439759902475418,10.798527320258644,0.6684077920153139,3,2.711525733819561,45.012973375162204,3.2809732838379126,24,0,8,6,14.377277558045545,4,4.000538633147908,No
35,16,Sales,0.38770404862037494,0.38770404862037494,6.31715680175435,0.7893938462508097,2,3.506566566634572,49.21984181943021,1.2650877633429365,9,0,6,6,20.34219543484969,5,3.8887832142298566,Yes
38,18,Operations,4.676900284564116,4.676900284564116,9.297587832116102,0.6694335047763705,4,5,75.29172131562775,1.2962701564192998,52,1,9,6,32.08990775903996,4,2.9280685581500348,No
39,15,Marketing,3.8061807024703,3.5405975068986466,8.123405347382663,1.4280826787818057,4,4.693115136634781,45.95306643030272,4.7061950358229385,34,0,9,7,25.460170093492124,4,4.4959573214036705,No
32,16,Operations,2.144841671626788,1.7130918494417033,10.97257073807284,1.3652312800896582,3,2.7815390080392928,81.68285125903513,2.379770138225786,22,1,7,4,24.401933531466916,4,4.1540625400265565,Yes
39,16,Sales,7.433396489916653,4.378754340609898,10.312967482639298,1.1490845560718999,4,5,43.183181166049266,1.7880146903053626,30,0,9,9,17.9207164887168,3,4.1112376167222155,No
25,15,Finance,3.0814754188876154,3.0814754188876154,8.444230122840759,1.294334468387618,4,2.3000523576751135,59.65506020822113,2.9740875397358764,32,1,8,6,9.472357458827355,2,4.068384974206529,No
39,16,Operations,11.356311487245096,6.634562964211126,13.180748129544437,2.2930318961304015,4,4.096356370016011,24.035531060216687,1.904166580191783,40,0,8,6,18.029611890711582,4,3.7217784724611884,No
34,20,Operations,3.3323994008052047,0.3,9.126545724035992,1.5685494108129068,2,2.9045840626829715,21.668862457774658,2.2944970085956924,32,0,6,4,44.63748523565451,3,3.360325675466297,No
40,12,Finance,1.5662629263969348,1.5662629263969348,10.48345213861008,1.9239298700850058,4,4.437298192086161,52.220351948827556,3.7998865692669748,38,0,7,7,31.944400641588818,3,4.342442986672477,No
36,19,Operations,4.883326364858244,3.2279397279882285,9.532036775709392,1.3102134002534682,5,3.330392777040347,66.63495776846348,2.993481134431655,33,0,9,2,49.4806113639829,1,4.924820301854943,No
22,19,Technology,12.216298630760242,4.645360871815004,22.80326303476626,1.2455365512132328,5,2.2610356792451745,47.335378888615836,3.6038112852754995,57,0,11,1,25.264678539287814,2,2.8766803730838477,No
34,18,Operations,1.827659986128452,1.827659986128452,10.103989490915083,1.5373909101325334,2,3.4915575134038175,57.48524169772589,3.178400205194624,12,0,6,5,25.22421919865723,4,2.701240344053469,Yes
25,17,Finance,2.2120664397529213,2.2120664397529213,5.574600461279654,0.9400719788193523,4,3.3849786781311724,65.07035787147588,3.091871878888848,17,1,7,4,28.205515310169368,1,3.4127470860894027,No
49,15,Marketing,5.8949271448379355,3.853903099637724,13.859559624015658,1.6602775737391213,3,3.482573735600361,49.353663151144175,3.1388264162553168,42,1,10,4,49.196325465496294,5,3.1864603323667495,No
25,12,Marketing,2.4773608381007284,2.333847232774228,11.42835908544669,1.9973912828488303,2,3.790771179354472,58.27876197308348,2.808731347808091,43,0,9,4,18.32597278591299,0,3.514307935990267,No
28,16,Operations,7.430808225352905,7.430808225352905,14.171849485707526,2.243722720504782,5,3.699606437758459,70.70688999642418,4.99270431032498,79,1,11,2,50.540401269096016,5,3.9149748771686608,No
37,14,Finance,5.6294647997466285,3.2315157921673197,15.573017767445343,1.826959655109761,3,2.8086540821555634,57.70890280898826,2.9187618006554876,22,0,6,5,27.259020364528944,2,3.9956065889985313,No
34,12,Technology,4.924235281670543,2.7674781923420406,8.96953199750155,1.0991877266417125,2,2.8582857138854254,42.492570721823824,3.8160717981437857,34,1,7,5,16.71331382180644,1,3.484660552054351,No
31,12,Finance,2.6360808584522615,0.3175191182525409,11.946176746449915,1.583084823226483,4,2.569454942688889,38.74966394676663,3.0005004689783004,26,0,8,6,30.236609041376123,4,3.7137109093386176,No
28,15,Finance,5.824858792845933,1.9564247122639769,10.676282349981118,1.3934018682137155,4,3.3731337904360394,75.57682031365336,2.477338269960941,35,0,8,8,39.20521042731135,2,3.5326941419418763,No
39,16,Technology,5.002240641487156,4.758190644418281,9.153076394626195,0.6932708522385337,2,3.0943142619273383,79.18686540251494,4.071272312816833,16,0,7,6,45.70122133934642,3,3.10416558060064,Yes
41,16,Technology,16.211442704070492,8.983628281110866,18.718010283881092,3.550614940179802,3,3.980626205853065,76.70007509661096,4.4889682073664625,9,1,6,8,11.612892102949493,3,3.9501784020022432,No
28,17,Finance,4.838549947340143,3.3464885201233154,11.063584268962153,0.7980665814396931,3,2.7809737462103894,30.80746134162399,2.693067262894403,18,1,8,2,37.684079878270616,0,4.0738683420826085,No
28,18,HR,2.6700141407560003,0.406064323754912,12.460370590606017,2.015509557427424,5,4.801159402631213,64.90460257251547,2.893399261853521,32,0,8,5,45.74750693671593,1,3.63241157365663,No
38,15,Technology,11.80735958562885,7.80770499904258,14.193015727429167,2.0836309892168225,3,3.522993348333408,89.87167870033123,4.215048228065329,20,1,7,2,33.17702811880408,1,3.622870424930858,No
31,17,Finance,8.02689056755163,4.455106814843698,11.419503619112007,0.5975448031871677,3,4.69836003174205,57.172192004366245,3.48891853674877,34,0,6,6,64.07117587081329,5,2.900947003180697,No
21,15,Finance,1.2491815249846454,0.4541963711080568,5.894324431130967,1.0862448363928623,3,2.6087195233527716,61.50587559849303,4.789485012073319,36,1,7,3,30.972262104925353,0,3.6709479569102155,No
36,15,Technology,15.565511910643249,6.362817982078787,17.193050891385983,3.3443622340749664,4,3.06755953945374,76.18954971252691,3.1131851471570475,39,0,12,7,58.112379838842756,3,3.4733956089809346,No
38,14,Marketing,8.170998865751905,6.332540000514401,15.016465096827979,2.5566440165567097,3,2.6175064486120427,28.115680611971776,3.277635330918362,20,0,7,2,25.699437840364,4,1.888213119393203,No
35,15,HR,0.5385352062592973,0.5385352062592973,12.156841124422092,0.9355329811057485,4,4.809648243431025,53.8000965260896,3.719852305129672,48,0,9,6,31.320888783101285,3,2.673042341277823,No
34,14,Sales,3.559989005748842,3.4405719404120623,7.11981694152443,1.0542854234135142,2,4.174990930390851,57.08084122223695,2.5078554323824673,24,0,9,7,54.05885664079437,4,4.687557137022551,Yes
36,20,Finance,0.42471643212908966,0.42471643212908966,9.249110331874759,1.7895697738955465,3,4.183359680838458,52.65981547037063,2.612765748869352,38,0,7,6,52.41620104056583,4,3.9857400019297837,No
32,13,Technology,3.2260207464372437,3.2260207464372437,12.459073296729757,2.270440217554208,3,4.69495438178464,35.96027387065288,3.0406191979696566,41,1,8,3,10.980255084113741,3,4.407268131916062,No
37,17,Marketing,0.3,0.3,5.181386432688532,0.8284353459662925,4,3.015173019194942,71.6751022771182,2.186683939800071,14,1,7,3,15.930257301317942,2,4.457084577598674,No
44,19,Sales,4.552073100630691,4.552073100630691,10.870237421134561,1.0407454950809423,2,4.30187039999487,65.13177362659354,3.5002392138130123,18,0,6,4,61.48648835933588,4,3.9271279863489235,Yes
43,17,Operations,0.3,0.3,7.399418199286181,1.292140406209387,3,3.890598958626168,64.16374536425414,1.4988580050404576,37,0,5,4,31.593615097692947,2,3.428756730443499,Yes
39,16,HR,6.093544272926259,1.9339905453271364,14.173064003137684,1.0847114163754787,3,4.001538842406358,62.26688493338992,1.9769146931753583,40,0,11,4,21.6839989247729,3,3.537420056478168,No
37,12,Sales,6.219623552608746,3.4964939359038816,9.67828356569396,1.2953387194489001,4,3.578520121558528,54.43737724604625,3.976788203253379,31,0,8,7,15.390033412374459,1,4.708111176847959,No
35,16,Technology,4.713754853501654,3.045764843365396,10.703940559010556,0.713680419350459,2,3.3022304020699513,32.6397912932916,3.9092607755983733,26,1,6,4,15.216163289780928,3,2.4868134323921804,No
40,12,Sales,2.472894767867069,2.472894767867069,8.657499467158486,0.8373705472841101,4,2.4718377359117922,78.6814917514669,3.8238309924389426,19,0,6,9,29.8692297286012,4,4.052885747661136,Yes
33,19,Operations,3.3394377808458238,3.3394377808458238,14.513881213383398,2.409878964392329,5,4.097850535847007,64.32969445134685,3.6027275444343183,16,1,5,4,75.94574538263652,1,2.6070115107796696,No
22,18,HR,14.445096089822895,2.193176710283308,18.062708535185745,2.738561858459299,4,2.91260054175439,85.91235429773333,3.5002185968822968,24,1,10,5,9.369927339032685,5,2.0278697329296738,No
42,19,Sales,3.5478858403214373,2.309199038780832,8.118251968550407,0.7358890748150206,3,3.4103852113199533,81.60781143631719,3.0076579113738107,21,0,5,7,11.236117121577658,2,3.8601757339548564,Yes
41,16,Finance,3.782863817499003,0.3344091569696642,8.060350136289127,0.6133875953000457,2,2.583498480159609,59.19229441148919,3.7284300451565726,26,1,6,3,80,4,4.201036038256637,Yes
35,14,Technology,8.126943663106477,7.301294381180195,15.744708085337022,2.379377228686914,2,3.12102271237605,68.21542829349058,4.187524490498464,47,0,10,7,18.061257306793255,0,3.66205019309014,No
40,16,Finance,2.527148814532069,2.527148814532069,7.340210077505951,0.6906590977429917,4,4.325168740485991,63.50623026960316,2.7324841122553742,35,1,8,10,16.601570960805507,2,3.785415230193476,No
29,16,Finance,11.238326857843859,4.920633889492293,15.894056080461842,2.618056282947297,4,2.796762220279658,57.90807269754856,1.812060094826578,20,1,9,2,54.09372258584428,3,2.7045657895175252,No
36,14,Technology,9.035409549874386,7.088964667546454,9.950824722399497,1.1131421575451415,3,3.4961820446939904,56.85146911352466,2.9000161720136655,58,0,10,6,21.229192525892064,1,4.02582024011115,No
30,16,Operations,7.2200950014285485,5.573709345758099,14.465085398297134,1.419069762605008,5,4.8017561654038605,51.11568705847535,2.6023558902992847,49,1,11,3,75.10723652406915,2,2.322796563324496,No
29,16,Operations,3.1281063176993116,2.9241759588206424,6.459913238204704,0.5086414806407732,4,2.5914073666730393,63.736371289204904,2.566005217869199,24,0,8,3,4.671081121609614,0,1.8134775510240961,No
32,12,Operations,7.654827126077865,5.292578597482391,14.323338098693549,2.730854152652664,4,3.7960394693451858,75.454810638966,2.813745752713849,60,0,10,8,73.1090291916529,2,3.187228171834025,No
35,14,HR,9.020063668957071,9.020063668957071,11.228507084330326,0.9988691364959228,3,3.0871802238791703,44.16216477765656,2.403759285772558,8,0,8,6,23.30543102603187,3,4.870715932544513,No
34,15,Finance,5.439787585511725,1.5328780996202982,9.056721661505497,1.4074301183191789,4,3.698753265347717,71.44716998899342,1.7169312784111515,25,1,9,4,25.84157621121079,3,3.9551236357473534,No
34,16,Sales,1.1983338295586756,0.9680809035063312,14.488490446087136,2.725941915145009,3,1.7957995873481924,47.37872560020918,4.207914153069258,32,1,7,3,35.23542021122198,4,4.1655113610069865,No
30,14,Operations,5.952010406609373,2.672488165562572,10.187511281527492,0.6111721604892665,3,2.976284912094924,52.96358730492553,2.1243325773447146,22,0,7,4,79.62688765361483,3,3.1817466837118813,Yes
35,17,Sales,1.9933881282898671,1.0918641631411112,12.867971728278281,1.133158859624448,3,3.5188485614499965,62.15594136828692,2.904807779717032,48,0,5,4,65.40162582614846,3,4.980849568474597,Yes
27,18,Technology,3.4419424212972003,3.074901085115211,11.981034323747133,1.4349390859011861,2,4.994892270008051,49.132303023344164,3.197132673913248,39,0,10,6,72.73645769558883,1,3.288158999038064,No
25,16,Marketing,0.8109705723898037,0.7528429928716904,11.057916308536177,1.714059806092642,3,3.627925323773986,59.99301551404399,2.897195581187273,18,0,4,4,51.45822621122755,2,4.6922284826291625,Yes
32,16,Finance,4.693160900220214,4.693160900220214,14.50258462539127,2.1373476387546835,5,1.9851983204027757,80.51598764397505,3.8969682263795073,50,0,11,5,13.944416032935262,5,2.6047961657560217,Yes
46,17,Operations,3.243511198155481,3.243511198155481,8.630703894660538,1.5496026663323632,3,1.7216023529243216,59.559509527700705,2.892674865895947,14,0,5,6,57.09960129113736,3,4.6033288492485855,Yes
23,15,Operations,2.7399025231847003,2.254534578330555,8.484585523582727,1.3281707661299689,4,5,54.39570525658698,2.893797121948552,20,0,6,0,54.87252545178432,1,4.41071633486715,No
38,16,Technology,2.264584523487292,2.264584523487292,9.046795813175693,0.9442026104032868,1,1.7234918604593623,74.54830734006843,3.314706083558336,77,1,14,4,7.159738474217204,0,3.988402239203048,Yes
29,18,Marketing,3.8115726112590003,3.282312518442534,8.62356390272866,1.0484821388506262,4,5,56.09943471411097,2.594438432918513,30,1,9,7,9.540351835386714,2,2.0625376747313884,No
21,15,Technology,2.4261897854067995,0.8098576215187906,8.942462942400105,0.9141393868153709,5,3.4068294119794618,38.24879089241757,2.6098605364129432,25,0,4,4,26.594169183823492,4,3.5322984851349375,No
32,17,Sales,2.3092072678379822,1.183462312370812,11.07658313466,0.627368901973743,4,1.992263223248555,51.73166711463111,2.8705172285355083,69,0,14,2,33.838245192428346,5,3.0247374763123185,No
29,16,Sales,3.5272076155493584,2.268832278779256,9.40990259204683,1.7768722338053093,3,3.812209462679478,59.79523453995748,2.710684101882551,16,0,3,5,17.385597585837257,5,2.6956209611707505,Yes
38,15,HR,3.4350636153077407,3.4350636153077407,8.206026442964816,1.3646422607731816,3,3.7003599851306666,50.51604095852329,3.267163633133694,22,1,7,4,10.105254620338695,4,3.192474936358307,No
36,16,Sales,21.039963264018418,9.94060538849419,27.284953323088804,1.9613540131249836,4,4.612689102928853,99.97858196939168,3.8841815658879444,40,0,11,4,9.44800499051227,1,3.912818877470975,No
38,19,Technology,7.168020156657107,6.6437523083294785,9.668606391768376,0.775959991162126,2,4.606318240297542,51.019768866407844,4.686749725775489,46,0,9,6,35.821599459836264,5,3.5147084441764926,No
40,12,Finance,0.343955912357834,0.343955912357834,6.321037473282837,1.1150539295749247,3,3.9939837451620672,60.06249962620309,1.8935179499730332,51,0,9,4,21.859885351071974,5,2.4377135908187664,No
31,16,Technology,3.310593380313434,0.32327537246868243,11.759507942215206,2.267060467296136,5,3.3961583489378255,55.064344752376904,3.8083083014971244,28,1,9,4,40.36346843016477,0,3.015601656787194,No
36,16,Finance,1.252566374599312,1.252566374599312,12.369475430654145,0.7448305765043634,5,3.875877406904398,76.39023333251428,1.5944168755755548,19,0,7,6,24.615474881979978,3,3.495656626524792,No
21,20,Operations,3.9488067165798646,3.9488067165798646,11.717444222299378,0.6321762152866423,5,4.030128435168521,30.81245433142015,2.994431852915791,17,0,5,8,14.663886530680136,2,1.600421836527282,No
48,19,Sales,6.3485256790371,6.3485256790371,10.10798768133105,1.511606004882604,3,3.7991464039549143,66.3070931320027,4.10537209859651,29,1,7,7,57.31880106332133,0,2.3264010830505537,No
33,19,Sales,0.8477185708715446,0.8477185708715446,6.557090460591536,1.1932121214832665,4,3.393905530274647,68.94266776614258,3.7930137823702106,71,0,10,8,55.56309109857025,5,3.698572637267486,Yes
44,14,Sales,3.0303855820932624,3.0303855820932624,15.351334279643034,2.9629968594598335,5,2.829310847123975,68.38481967006396,1.2735927851922917,57,0,8,3,5.841888052595934,4,3.641998382944153,No
46,13,Sales,3.6879504079912238,3.3343177545492337,10.222841177705767,1.2138270910976978,4,3.896468428412644,86.76001990858802,1.2009129366768705,28,0,9,2,20.625160324044796,1,2.3185611651607427,No
36,15,Sales,4.0804209729289624,4.0804209729289624,10.517721085211393,1.9320132788534203,3,3.898290484266303,58.69010289863363,3.6708554123538826,70,0,11,3,37.67734577170315,3,4.1495345391168454,No
29,16,Technology,1.698277394196339,1.698277394196339,6.836681331925799,1.0431671222169705,3,5,63.92859381287081,1.323049201209166,34,1,6,7,17.36956570856065,4,2.6131588914041006,No
40,16,Finance,0.9420355450871839,0.3,10.414211855597705,1.6919596875189837,5,3.0999184323470463,34.84376292656613,3.1656374716238376,14,0,6,6,11.420534692687635,4,3.8089589544965357,No
42,14,Finance,0.41360090844773467,0.41360090844773467,7.23525869070964,1.0876496605115156,4,3.6059118523236906,95.36826866980805,3.0569787706259812,17,0,4,8,24.394984362538246,2,3.8589113096671714,Yes
24,16,Finance,1.3376394316315134,1.0241795004349286,12.811246411773967,2.032751462671678,3,3.0261051970008426,53.25225319740391,2.7839896115079754,61,0,9,6,35.21422361909986,2,3.1831074738323486,No
36,16,Marketing,2.278095363190843,2.278095363190843,9.682187042893439,0.9570386447138484,3,3.575770313387485,63.521647391251726,3.302957910598122,44,1,10,7,11.291088585436857,4,2.959641914200099,No
39,20,Technology,0.9594927832363789,0.488134941387204,7.986879718683424,0.9712532457831714,2,3.0938541060650833,51.86495289661539,2.5894954621011337,26,0,3,5,15.485009653849646,2,2.899164645175388,Yes
37,18,Technology,2.913014272885428,0.3278919542747324,9.711686532990642,1.3015039266278434,4,2.3964024534107824,69.76647883924007,1.614946791843909,37,0,7,4,22.005688196699865,1,2.6000609803791215,No
39,17,Technology,1.2461573062259992,1.2461573062259992,8.997498812083967,1.6744312489047712,2,4.193332798450055,44.99694558988044,3.6054690733995813,15,0,3,2,15.640082124799354,3,2.683842146636771,No
32,16,Sales,14.064974571726884,5.766271984353546,12.682115826575325,2.2525554383250554,3,3.6851915540552422,48.64133761619828,4.095589917345856,37,0,11,6,13.150875709013874,5,4.208394803692964,No
25,17,Sales,5.0571336673663305,0.35366289700514636,10.05602320281956,1.9705602766859394,3,3.807285456842015,77.14970245718658,2.2714642504487483,52,0,11,3,19.87871518179711,3,3.459100518303088,No
21,18,Finance,0.35671638974287917,0.35671638974287917,10.313785687002069,1.4688518783970517,3,4.802212317946261,67.56301444708731,4.207380565990314,16,1,6,5,10.982786873978073,2,2.9656164390221686,No
41,17,Operations,1.2650941705198622,0.46743259492893285,15.471342178616064,2.697196360020885,3,4.289640447743728,69.79448649782327,1.4011637009652969,30,0,9,9,34.11437749034721,3,3.101670940005209,Yes
21,17,Marketing,4.8492005476619395,4.8492005476619395,11.172388655271575,1.8384531268953295,3,4.407859138043255,53.67070480629723,4.269916830279706,15,0,6,6,18.953927110489598,4,3.7440261194546274,No
36,19,Operations,10.214983070471089,6.631839418575265,12.13985278794776,1.4711201229105797,4,3.9127369809693393,43.803989574870016,4.7258391033604825,18,1,10,6,12.683956852510557,5,4.449238106456129,No
41,17,Marketing,5.245152307873466,0.5977527567340202,8.513930487331189,0.5108426509679153,3,3.5739818991615633,79.69987526364197,1.912416325819356,15,0,5,5,11.84705977476553,4,4.2877993143087645,Yes
45,17,Sales,5.67092479012814,2.0586513726084115,8.60948992342764,0.643888768298125,2,2.6020779100221487,36.98223719352395,3.266841477954725,31,1,8,5,10.690645664150155,1,3.328351246732691,No
38,15,Finance,2.8728710830205544,2.8728710830205544,7.170513246400621,0.3901064494930313,4,3.9067916029133,69.0464388851977,4.19553693882023,61,0,10,7,49.65432338886358,4,4.2058157663105025,No
21,20,Marketing,9.950026771114725,3.485258011274632,11.188176932669226,1.9233435457789896,3,2.991722420500163,45.00003299807613,4.1254177234706955,32,1,10,4,23.835870053260763,5,2.7112051516906357,No
30,15,Finance,5.351376453625072,3.072895691652536,13.22069981957751,1.784118768461333,4,4.419125944415653,57.81269430211936,4.598101670518057,38,0,9,2,37.928189808007446,4,3.88339413413151,No
33,18,Technology,0.37481765711289183,0.3,9.88537944282248,1.1833170293214927,4,3.6310103375652867,47.79847097279097,2.724739295718611,62,1,8,3,19.67025169207163,3,2.28593672902938,No
45,13,HR,2.87907071725562,2.87907071725562,10.851386764613672,0.9266432440757096,4,2.608172175301297,64.27385991581512,3.488192113814733,53,0,8,5,38.68254785970988,4,3.264228360457097,No
47,16,Sales,5.5992182385654194,3.8414606220934933,15.273631912566085,1.5577694121749872,4,3.887662898334505,44.92823869681361,2.48356921526376,32,1,6,7,41.35106326634218,0,1.7958792934977432,No
36,18,Finance,2.109939205928467,2.109939205928467,6.988064476739965,1.0999610674908762,4,3.3947982492400746,65.41218896928557,3.8795862981601545,19,0,6,5,39.64953137592735,1,3.4332903914674513,No
32,16,HR,3.173997786867262,2.9773147186194393,9.45860663202737,1.7698587054422128,4,3.1954993668349627,65.50165421661043,2.5078691960192496,15,0,7,5,26.071954657503696,5,2.5145547988729007,No
26,15,Operations,0.5149821992684103,0.5149821992684103,11.321624353730726,2.063235617277057,2,2.98471212004872,40.8540797001786,2.805218960060476,27,0,7,5,31.040804192698005,3,1.2760372451862168,No
31,17,Sales,4.074303903991871,4.074303903991871,13.20274019336091,2.3165080076837556,3,3.7872325810267684,38.84149202592953,2.3151831343697986,15,0,5,3,80,1,2.8057656868148193,Yes
31,18,Finance,1.2424923419002054,1.2424923419002054,11.415387881358628,0.9418702763791016,4,1.5892618880726603,41.88757149299543,2.497062029600634,26,0,7,6,66.16244307828256,5,4.266655606619972,Yes
22,19,Technology,2.039657024046698,0.3,8.024809056304111,1.1897513188594357,3,4.378090149245925,59.731365167081314,3.091094074241077,23,1,7,7,27.938762885669014,2,4.317329760888352,No
27,19,Technology,0.6725588923136596,0.6725588923136596,11.654411590495377,1.3259884763190455,3,2.9949302452037636,83.06579563516036,2.481973961209841,52,0,12,2,28.145741580407428,5,3.009865873617702,Yes
21,17,Technology,11.724348391199724,4.00936349372347,14.723082419737413,2.662231702859484,3,3.5208901151614693,50.66161022258025,1.9029128752898776,15,0,10,2,54.34365527702692,2,5,No
34,17,Technology,0.8683631377148718,0.8683631377148718,8.82989948635917,1.2930951756816071,4,2.8902124983058535,65.2244690775179,2.620078379365541,14,0,5,1,13.003366931437142,2,2.1172246911362538,No
33,15,Marketing,0.3,0.3,7.765680515494945,0.7056161040580136,3,2.7181662792266787,96.6080014122125,2.7686924359168947,50,0,9,7,29.5906186487367,1,2.648313393527329,Yes
34,15,Sales,6.163593789366943,6.163593789366943,16.693958952327353,1.5217848063117534,2,3.526579519572673,65.8732182248128,2.4858344701073847,64,1,11,1,45.29893977830688,4,4.998940195831494,No
40,13,Operations,9.406691038989353,5.753439157508099,17.781307690958165,1.0204267796527466,2,4.1008599955222405,31.985710455174445,3.6811997180270377,36,0,10,1,30.242081949462268,3,4.370735737743585,No
54,18,Sales,7.052659474451597,0.3,8.531059267095317,0.5213577697405188,4,3.58852283001533,61.4319240185247,3.2762214308215825,21,0,7,4,19.3463695208242,3,3.3433009521191805,No
38,17,Technology,0.3,0.3,9.868315105548072,1.376074877822489,2,3.2164183087596965,76.48694915881143,2.993679534541584,20,0,5,6,30.13833326287355,3,4.977055230039626,Yes
24,16,Marketing,14.722473407903477,3.9826298500791024,15.49853474433598,2.1553008124024533,4,3.5936917263375245,57.45015689132909,3.8987373774895615,17,0,9,6,11.649609989575767,1,1.7349483072416365,No
31,15,Marketing,5.100103498767224,4.68067872650882,14.467421078551585,1.8136315080719887,1,4.303645007132358,45.09972983646627,4.681354783140467,42,1,8,5,13.934539232718224,1,4.371067418216116,No
29,19,Finance,1.3546238876805519,1.3546238876805519,12.605587360307705,1.2925307131415655,4,3.584474313586313,54.90250809864235,2.721825266789928,36,0,9,3,48.424475427018464,1,4.694354664432342,No
39,18,Sales,0.9593838805817941,0.9593838805817941,11.92463909252265,0.6247676073181996,3,3.0118597886021328,64.10571236809905,2.7353716326551982,36,1,7,7,37.37256550814624,4,2.4518896386925437,Yes
39,16,Marketing,8.39234138194859,3.8601975787467206,12.545601163632067,1.0650436633894589,3,2.282714655782865,69.00081043680639,4.603031497490859,24,0,10,2,32.06084211016286,5,3.8348797814412348,No
31,14,Operations,7.72121870715045,6.558068074889718,10.512802441109933,1.786295321556035,5,3.073605878911708,43.189804259165996,2.590254945699475,13,0,8,5,50.602118517778216,4,1.5917397566561988,No
27,12,Technology,9.8899131642769,6.15793686439658,12.70475122171798,1.5752751157936058,3,3.1978948882907816,76.0765167035029,2.4862528922969385,50,0,5,3,23.887880885242073,2,3.9760584643394137,No
37,15,Sales,11.638801137182817,1.0288920499800402,15.480411698160783,2.928043015745411,3,4.095895987427143,49.738536318444766,3.587013916169301,24,0,6,3,50.564729899396816,2,4.617335835827148,No
34,17,Sales,25,7.579582112727262,22.306291314893343,2.226964318064312,2,3.2035618479661574,45.50368756007382,2.207958465000375,35,0,12,5,26.791144934411477,1,3.730949449196242,No
30,16,Sales,14.142813714834318,7.7488783604613465,19.190747383721884,2.0616260876214274,5,3.88859927529787,47.04617069712353,3.8964041681243446,34,0,9,5,6.456651303359726,5,3.6928879477475753,No
42,19,Sales,12.066239088306284,5.477497243855406,20.436469361003553,1.5443899312130502,3,4.993191230073816,54.97654573644833,3.975474549519375,52,0,13,6,50.83565486809528,5,4.689668274655968,No
34,14,Technology,4.199795339359958,3.7678275088622213,12.492847506579514,0.7286217286704113,4,2.9856742066720234,88.69545060945094,4.218353978854261,15,0,5,5,39.70836019611315,4,3.493514405850671,Yes
31,15,Finance,1.5858087133470593,1.5858087133470593,10.120180288162251,1.3336747870926609,2,5,76.69565409874122,2.9982310554392413,100,0,11,6,25.879671497633275,2,4.036592296273151,No
29,13,Operations,1.2210599432971936,1.2210599432971936,8.883081626548345,1.0317879329057547,4,2.469543997774062,72.51997251212784,2.4940704829994544,41,0,10,4,10.910602919885477,3,1.567890109493057,No
29,12,HR,1.8577078861817422,0.4788938830190949,7.2651093267817455,0.6453835049657566,2,3.510614169240869,68.20493135960503,2.3146978719401075,22,0,9,7,17.841831456957127,2,3.7672011022096985,No
36,12,Sales,0.38164602572747186,0.38164602572747186,8.085665649630348,0.9146090366178137,4,3.685625698167394,63.5844129070597,3.6099338725688526,23,1,7,4,10.493332898376597,4,3.130794087214534,No
50,15,Technology,1.1769264469634262,1.1769264469634262,12.311508183276144,1.538381384114688,5,2.477513660356098,50.215830833780835,2.408282307257101,15,1,6,2,24.033171724755217,4,3.4863590716063024,No
49,14,Technology,3.086108668666087,3.086108668666087,8.26570347262279,0.4379156501841239,3,3.906732040195708,31.00187458550977,2.1361494197019955,33,1,9,2,12.50875443982817,3,3.594977550091654,No
34,19,Finance,7.191327327608123,1.4309099910101166,9.325428219040742,0.9217382843461593,4,4.698704185862671,41.390575729568894,2.90714358480051,33,0,10,5,67.04243615450909,5,1.793524414152705,No
29,17,Technology,5.466873000744209,1.0958744860793146,11.030573771504717,0.5962513294654188,4,3.538095221471606,78.8636471754907,4.5199533762551045,17,0,5,2,24.228745705285547,3,3.2191670912838246,No
28,15,Technology,1.0721632695767938,1.0721632695767938,7.8942709700511084,1.4535737278687637,4,4.01282915545234,100,4.9825923581865705,64,0,11,5,24.426258881260352,5,4.177242869211898,No
43,18,Sales,0.8390664630857734,0.8390664630857734,6.830754626247626,1.3435331481890698,3,3.0106242471314895,48.285319935443205,4.9978962942907685,8,1,6,6,43.54941401973826,5,2.337462011113583,No
47,15,Sales,0.6890893123348083,0.6890893123348083,7.75123965994153,1.487346176095573,4,3.4011627216757256,40.840965328901085,4.340117685626265,36,1,5,3,43.2358027820014,0,2.8451177354387878,No
44,19,Operations,10.958820565088917,6.763013207430869,16.251546996670708,1.1272948422904636,3,2.883875170898328,74.99114276205123,3.186890833323426,11,0,7,3,15.00898815905012,1,3.478804419602684,Yes
41,15,Sales,1.4595894070017936,1.4595894070017936,8.56847108106872,0.9867187359764491,4,3.696025198953801,59.58449996119753,4.821007235731801,7,0,4,5,24.34689390815231,3,4.080786120081615,No
37,17,Technology,11.379411321029767,8.657526744608633,7.93576920033917,0.8504346019970879,4,3.670624088235218,54.1659256254826,3.489379492793513,41,0,10,6,16.372541326712724,5,3.559749400322838,No
30,14,Marketing,0.3432947528725774,0.3432947528725774,7.300519171639671,0.9262657471321005,3,3.4020993307127427,69.28342015929657,3.3722492413999925,56,0,11,3,17.96137454417371,1,3.43195142159448,No
56,16,Operations,1.3455430335492768,1.3455430335492768,8.15527705943955,0.645824478595481,4,2.2832708824416317,52.799346458333105,4.3723084080403964,9,0,4,5,44.14715533195474,4,2.4950097551903716,No
32,19,Technology,2.6665162408064185,1.4149557321381634,6.840898315000645,0.5213112608986287,3,3.6896879079418965,64.68028788386825,3.709514513954955,34,0,10,2,29.518799995045885,0,3.1549052325081828,No
29,15,Operations,3.7630184082235836,0.3,9.70750341988163,0.5549212024123471,2,5,21.84857612003839,2.788683373573658,48,0,12,5,45.380337839297475,1,3.397450681965439,No
31,12,Marketing,0.4842987292866522,0.4842987292866522,10.755992275111058,1.9145655546690028,3,3.2197620750201503,73.60198778975,2.1926244804299992,36,0,8,7,16.505254719236248,3,1.907670247919511,No
34,17,Sales,8.624860028746642,5.719083837438272,12.63786036190681,0.7762581962439491,4,4.439299348094723,42.527084633482424,3.8204612330330425,27,0,6,5,16.487735316199515,4,4.172920133011852,No
43,13,Finance,3.0104901009568525,0.8345658408645829,13.252140767917295,1.7098282798803788,2,3.892222909115197,69.51250754961798,2.3063225569206454,24,0,9,4,33.371599348796764,4,3.485615887660834,Yes
41,17,Marketing,4.309518886359398,2.8723899934731834,8.868737259994193,1.5433854804255687,4,3.29187191421667,62.54871176846379,3.086499030474475,25,0,6,5,35.852715967860476,3,2.1417385751287865,Yes
47,14,Finance,11.21370760642678,2.5666365835965292,19.446732688491295,3.7737975525612946,4,3.2100677106358533,48.3946583241672,3.33452465644167,36,0,10,6,22.70966550882148,5,2.132600385308786,No
32,16,Finance,24.901570361790146,7.573982676052198,22.73287722910543,3.944243839712502,4,3.011744921562936,47.00900356490475,2.5913761222915186,42,1,11,2,11.218829142028628,5,4.220625868445889,No
38,16,Finance,1.3573787904437737,1.3573787904437737,9.398324569064185,1.5640582017128377,2,3.1018317653021006,58.363691775773155,3.2882196869335134,37,0,9,5,8.980393873304694,4,4.314747312886146,No
24,14,Sales,0.3,0.3,9.632802966290669,1.7883247198619923,5,4.614647133700724,36.21126678969769,2.8014784806912663,42,0,7,5,46.34364619085631,4,3.4608104341754555,No
28,14,Sales,3.135592889901938,3.135592889901938,12.791153376246989,0.8739055148899283,4,3.5386000308190155,82.53943474063139,3.6074657090693965,18,1,9,10,6.32729246094909,5,3.8096740644566145,No
37,16,HR,14.960729672291004,6.273765535270238,17.42371420129157,1.5270597646798352,3,2.7048312190089736,60.67755015048327,3.215659376191915,10,1,6,2,14.819555413205213,5,3.72817756234564,No
36,13,Technology,0.5519577598927277,0.5519577598927277,13.507616562918907,2.0477616596569828,4,2.7198306808446326,20.71773768448801,2.8052519888185308,81,0,11,8,20.949687233878738,1,1.6009095658406156,No
29,17,Finance,5.2505749489623215,5.2505749489623215,9.041432337754905,0.9663379185041785,3,3.116590396303753,71.90746436071466,2.4227339592514174,19,0,7,5,33.94931713954485,2,2.8451379003002204,Yes
30,14,Sales,7.54484618414646,1.309562716740224,9.334312203255465,0.6094390226785991,2,2.5939309092736442,63.48456766932583,2.8987556594136352,61,1,12,4,26.30538311817316,4,3.5196766282246186,No
40,19,Marketing,8.597802490457369,0.3763699703105298,26.940826422707115,4.25353894143873,5,4.015734795356118,54.71210406450568,3.3017708134066233,30,0,7,3,11.978611278707634,0,4.248349305163219,No
21,17,Operations,9.606755365088802,5.738755660070845,9.94778571062682,0.849361668507163,4,3.486914446731148,80.28847913779508,3.2026631271898967,59,1,11,3,8.909698652843817,2,1.3940765388968808,No
36,15,Technology,8.618779684730562,4.946715233479947,9.040196268025523,1.5392396824808137,4,3.7921814087989416,47.65476271383666,1.5911598057806395,18,1,6,7,24.72311386761055,5,3.710686475481998,No
29,17,Marketing,0.3216350017550246,0.3216350017550246,8.321065733445723,1.2359353703758134,2,3.0896380443678004,67.69589027895539,4.567457508789555,15,1,7,1,29.492904033843544,1,2.7816981397936775,No
25,18,Sales,4.4813788415310665,4.4740085060473564,12.259174904577362,1.4017877245191248,3,3.4878507784053556,69.91321520387504,3.412266166288187,18,1,8,5,60.77780532440594,3,3.6073688386138065,Yes
40,16,Marketing,2.2710040909305627,2.2710040909305627,8.604187695047473,1.0583048710127665,4,3.8159675806798172,94.05846838152831,3.0313114355438,32,0,6,4,13.812611595368248,5,4.0411854565432055,Yes
28,19,Finance,0.5451426944041446,0.5451426944041446,7.656690324682658,1.0617050765000529,3,1.8002909631690025,58.2651882477965,2.8170310813838686,11,0,6,7,38.37436906536102,5,4.980143783480533,Yes
41,16,Finance,17.736555509788975,3.9907094759573565,23.98735824876664,3.5381433578188277,4,3.91758113381685,72.54825271719089,1.9981780070338344,20,0,10,4,21.542883108854,5,3.042203723510423,No
21,15,Sales,3.3318397832520126,3.3318397832520126,9.427497572090914,1.711964770914635,2,3.887145741870613,89.97669258887026,4.316130625012557,29,1,9,10,34.15664227418872,5,3.7565214499348847,Yes
32,15,Technology,6.603253030222355,6.392579610136344,20.21737265805905,1.395511452134871,3,4.185021772185442,62.97757861043636,3.5918806259424603,10,0,9,5,74.0846252845563,0,4.440640884143453,Yes
26,19,Finance,4.014539727633655,4.014539727633655,10.360952139867294,0.6761716517126459,4,3.125530864276975,40.85440546608683,2.9152075087530456,22,1,7,6,69.97334193311895,2,3.9613205382940135,No
35,17,Technology,4.891643918949292,4.891643918949292,7.831685866458108,1.4053051205552467,2,3.210775596441112,71.39289204839227,2.914847039145398,29,0,9,8,53.880855976320895,4,2.9790455124603987,Yes
23,18,Technology,1.825134764968538,1.825134764968538,11.77832576905661,1.1309394866608173,4,4.0847553988985075,45.309652801951245,2.7928656250977446,31,0,8,6,19.80633398912114,4,4.760669249046624,No
26,14,Technology,2.5444392196802204,2.144643140246883,6.885684219561519,1.341439809714057,2,2.8799879186234336,83.38548216091898,1.000743447947639,22,0,6,6,16.656342286091363,2,2.271976662255491,Yes
27,19,HR,1.9876106629317178,0.33681302023192106,12.103146666300585,1.6998851914136077,4,4.1994955533102996,62.1968113800482,3.588796331242709,28,1,5,3,26.88384557018013,3,2.728007312893548,No
51,17,Sales,2.6401266312683855,1.278913208148542,6.140863141410063,0.8087936788939765,4,3.4028985466591455,49.37601915401248,4.239728077543241,10,0,7,4,32.283940280671025,4,2.9100655934273094,No
28,18,Sales,7.713520423322218,3.538777319909095,11.424036851541688,2.0336112466472005,3,2.504680272040645,63.817525307134815,1.693007130851008,16,1,7,6,32.006730937356465,2,5,Yes
21,17,Sales,1.482131038873924,0.5378463726556373,7.295157272878406,0.5081909266816753,3,2.8748229005705435,34.04285372273739,2.385293994485275,58,1,12,1,6.119688900481276,2,2.8802424466070975,No
27,16,Technology,6.655017318517973,0.3,18.400498049202806,2.3525300615861693,3,3.000076473308716,44.10194995825642,4.303511473187658,30,0,9,3,30.77558945837328,1,2.6993714679508782,No
43,17,Technology,9.309886200565728,7.054292635562778,11.109405256394123,2.1950625191652158,3,4.183160217367936,70.48670855551201,2.8141769977744517,32,0,11,7,31.74351059662562,3,3.5598093843272425,No
37,12,Technology,1.1644932132528478,0.5455670788943641,8.775600483257515,1.057142985292479,3,2.5962758040680662,48.968284509415916,3.227568629598035,12,0,4,3,11.806359895579964,2,2.0458038953658884,No
24,19,Operations,0.43722840616807823,0.43722840616807823,9.78889223128521,1.2265534851208948,4,4.287745422278256,50.60929838939179,3.516698560162555,72,1,8,3,63.39309472847925,1,5,No
29,17,Marketing,0.9156376436755868,0.9156376436755868,8.355869193837508,1.4426010345377793,3,4.11162714960469,63.34932200827283,2.5021104708158504,29,0,8,6,14.115587321238024,2,3.602510151137877,No
43,17,Marketing,8.18072635195796,3.699869986587552,10.878440984925122,1.9686786957926627,5,4.190529926745302,46.58079250683471,2.1028982469170168,75,0,14,5,17.21531206619065,4,1.7043277874114602,No
32,18,Operations,10.6929301444117,5.601354090126329,11.16826960086785,1.974726803177297,3,4.635513181542548,69.13317064054367,1.0155786343896887,21,1,8,4,18.21642333266727,3,4.611890177025027,No
39,13,Technology,16.31392966887617,3.0516011443656637,15.495168425534965,1.5008826610181685,3,4.482288677264307,86.98943822339206,4.98701653732048,43,0,10,10,53.751632670819134,3,3.9581392511617697,No
43,14,Marketing,15.465796512938645,5.20215828699185,17.275746687155262,3.2482573877782084,2,4.501094486603391,62.16520162669449,2.594498803380789,10,1,8,9,41.60978852717647,2,2.547087092093295,No
43,19,Technology,0.9067571900271947,0.34513625202655374,9.643067007845575,0.5911444527452832,2,2.3728881285258203,57.3116804046974,3.904671775633554,30,0,7,4,21.745296262795677,4,2.2794252336876375,Yes
32,15,Finance,13.518710285934002,6.549116295464471,8.938036149420322,1.721062420448234,3,3.9924059444427327,57.93800898915192,3.109367516516873,14,1,8,2,11.9036964667406,5,4.668661783413763,No
38,16,Technology,2.4696861374641483,2.4696861374641483,8.530098462378533,1.251623886609091,3,3.5993784205972124,73.90754564373438,3.112982950983066,45,0,11,6,16.44952974743567,2,2.974195316278066,No
45,15,Marketing,4.8369796717244835,2.018646386691161,12.314684668155591,2.1179286988842256,4,3.4046781396392993,58.90365181449657,3.532556867356165,43,0,8,5,15.867395181791647,4,2.0302941952260496,No
34,15,Operations,4.180792938360561,2.2576860960315823,13.535124416335808,1.3744598845961313,4,3.6827874102773075,61.71336516477256,3.918612121666457,13,0,4,5,26.834273123117168,1,1.9301362452350956,No
28,17,Sales,1.8449109538197819,1.8449109538197819,12.165575369772306,1.341811199138118,4,3.179640470096033,49.734457933153784,2.3739611288580478,13,1,7,5,13.076639004429977,2,4.135467139720618,No
23,14,Operations,25,7.698832025548705,17.98162839245537,1.9219940916785847,3,3.1090675269207813,33.09941828242788,1.7008375726344633,29,0,9,3,26.733609243923098,3,3.7599680298306364,No
38,16,Technology,20.593374145884226,8.812058750789461,22.41867451167072,2.1425993497850886,4,4.017863753242586,40.54289783813706,2.9813577543834127,17,0,11,4,66.72268970986589,2,3.0623932145671953,No
32,17,Finance,2.8370090469952935,2.8370090469952935,7.190434803763317,0.6167419151577994,3,3.0909746932145215,56.428907007681644,4.0442772284583794,38,1,9,3,38.73774604231304,3,2.6329408508451664,No
33,17,Operations,0.6798617893640999,0.6798617893640999,11.581819468131783,1.3827538014795135,4,4.573483208231074,34.027616037878275,2.8064205643801907,21,0,7,2,30.093072861028418,4,4.199053541252739,No
34,14,Finance,2.1520118498253376,2.1520118498253376,12.399468732569373,0.9031806309141629,4,4.395178618912963,67.18477768323665,3.219490959159583,24,0,7,3,35.69489905228074,4,3.984281643056239,No
51,18,Sales,9.54113171812232,0.8586738381608161,14.36626732561579,1.8641328356151787,5,3.6099292880164806,53.71657311015842,2.805055844547879,26,0,7,4,12.379117285369084,3,2.633470675207029,No
21,20,Technology,2.2832746681605625,1.101520212099345,9.671693992773045,1.7560044231612906,4,2.5022954656071845,44.73533169460437,4.130878430969306,8,1,2,11,25.615473441136054,3,3.9455702486554145,No
28,14,Operations,1.559019371756914,1.559019371756914,6.788100678335747,0.529273141412388,4,3.7044751161292897,72.08996300969461,2.287077602985142,20,0,6,5,30.1575377109544,4,4.186431351539645,Yes
27,17,Operations,0.343939559624588,0.3,7.57889846152201,1.5040805233836054,4,2.7202797441009454,57.801551895013404,3.124132398722816,31,1,9,5,19.1201191556491,2,2.8936456681842433,No
39,12,Operations,3.92130604480798,3.8054769333823653,11.127335914602714,1.4782446760860821,2,3.3158027097670915,73.54825584501812,2.9865334702999773,17,0,7,2,32.66973789460249,2,2.424212829484245,Yes
41,16,Technology,10.567526139615557,2.556507189821541,15.04186616623577,0.7550757476389064,3,5,45.796059222592646,2.3024572506321586,36,0,9,2,12.02353865348449,1,1.5718022007693175,No
27,15,Operations,1.8930746289947364,1.8930746289947364,8.243962573143303,0.476126374174566,4,3.692881351107951,59.272099044047906,2.501323229248295,26,1,6,1,25.640873480222044,5,4.743424963500083,No
26,14,HR,3.916645364540881,3.916645364540881,10.738506192546266,1.414780072976003,3,3.8936345264854864,62.02804880512129,4.11321316713834,21,0,3,1,34.23447350355426,4,5,No
34,16,HR,19.91627365848264,11.579719445567148,33.894810783963244,5.4595259628995425,1,4.026080423985189,74.3738166617615,4.20591331821874,55,0,13,7,4.425601382942727,4,3.5845439479664094,No
34,15,Sales,9.97836656432958,6.155596434239922,18.018324812309746,3.571107911177145,4,5,69.30043191717802,4.409389067950279,44,1,12,5,32.30712516749737,3,3.265442259858943,No
52,18,Technology,9.946796785894545,3.059662685920079,17.872205653515426,2.245667357868027,3,2.1082020909739856,28.489174518976217,3.1128835855450814,38,0,13,2,34.8559744487358,3,3.1187215926810445,No
42,15,Technology,8.441835208373542,3.8872847082974697,11.32129564245433,1.4515961207843697,3,4.0939241389564875,45.3730103342012,3.3830189242761954,21,0,7,5,32.16935731094008,1,3.2325549656844346,No
32,17,Technology,4.396658873490854,4.396658873490854,13.788845867011814,0.9421130747155292,3,4.286760054005497,68.93823317899678,4.42089791394687,28,0,7,3,43.99086349060873,4,3.314276597260071,No
31,18,Sales,1.7045090664727853,0.4740667929931737,6.420234275990893,0.5450977734822928,3,1.9144031802992114,55.222487419870504,3.4912597722364436,38,1,10,6,24.745299475279687,5,3.6887849298391657,No
32,16,Technology,3.9350826382809725,2.281013763383046,13.892035789954942,0.755404290952233,3,3.0635056937258596,56.71321876237736,4.175781934676273,82,0,12,1,56.01527154125635,4,4.957969847066605,No
55,13,Finance,2.261705549452396,0.3,20.044854721897142,2.7721903018658307,3,2.7792316250831055,45.29967779948571,2.1170765567193732,51,1,12,4,29.577874685628256,3,4.2454582822517395,No
24,18,Sales,16.07496197881495,9.74862729044497,24.55693572527782,3.4425883187598627,3,2.493554146754831,70.31709318148272,1.2029475280708353,27,1,8,2,12.28535744585221,3,3.9747893878123413,No
21,17,Finance,6.8103056509198385,4.368723271149504,10.080331579501058,1.7785698093805409,3,2.702505142542648,28.368904317076666,2.903072683676636,23,0,5,4,22.883396236135376,4,3.1577341777791603,No
38,18,Finance,3.126857437417719,3.126857437417719,13.110841912427976,2.0782704041491042,4,3.2975370053179955,38.66819977160891,3.686711223098219,45,1,11,9,15.493973404003741,5,3.5862515827323604,No
25,17,Sales,5.2057169987219405,2.146737312435184,7.196729146088407,1.1033415592480784,2,3.2939629084879662,46.688264267694684,3.2141938940355708,23,0,8,4,33.01754100645116,5,3.260101304888379,No
56,17,Technology,12.774811213340001,5.053152826754517,14.530791464967672,1.6429692427062499,1,4.998052189767184,34.022565843447744,4.7126903264475875,14,1,7,3,20.640039184822413,0,5,No
34,16,Sales,9.59077370510743,8.309637097295031,10.669886539812476,1.4042296603695832,2,2.392613429535887,79.29182664277195,1.9051791809695424,13,1,5,3,11.03296299160475,3,2.749592074563932,Yes
33,16,Operations,5.876781932501428,1.455963207245689,23.738642830774605,1.7644525094148948,4,3.807517369950332,85.84556389028671,4.090541795989532,23,0,8,5,56.52491366620818,4,3.3821669107626677,No
30,15,Finance,1.554597193144993,1.554597193144993,16.693872533299956,2.8829942043921184,4,3.0795295596726926,53.11548185302375,2.814548915319913,25,1,7,8,15.122275099807533,4,3.4470106272988996,No
28,18,Sales,14.140167310302147,2.3793167646069615,11.135606841197555,1.8476780276117768,3,2.985650016543464,61.9828967612404,2.324667905367662,62,0,14,5,32.42279676955225,5,4.326503517597473,No
31,19,Marketing,3.361199377677451,3.361199377677451,11.114475765259447,0.5660387304503395,3,3.5641343616589714,31.384502000261172,4.722402958252596,50,1,10,8,34.893079635207954,4,2.2787661117354525,No
31,16,Marketing,8.165305315154555,6.465777052313905,10.009197291591587,0.7355214880748495,4,3.818722728489839,52.84304235260198,3.6597428437518498,35,1,11,8,19.44796767581352,1,4.642593725795897,No
40,14,HR,12.698847633790674,5.817642266279621,19.4275996945097,1.594714568879583,3,3.509854687517436,45.63639928746329,3.3128255507676374,20,0,8,4,27.473540239548367,2,3.5600877886082567,No
38,13,Technology,9.558548273397944,5.637608213568497,12.58323106950708,0.9444740690274183,3,2.426670783890487,38.10277688265265,2.9150657723647146,52,0,16,2,11.993092686275139,1,2.3661173578296752,No
27,18,Marketing,9.079032542306276,3.614402620438898,12.58236252802953,2.109893314861612,3,3.607969600002082,60.727243170075056,3.2768586058023232,20,1,9,7,19.62731454036002,3,4.077942227911347,No
33,16,Technology,3.9094808828187686,3.9094808828187686,11.133125877723948,1.8106899680975548,3,3.7051029262531423,87.56391890103706,3.189801743249871,30,0,9,3,12.897904664213403,0,2.9295825441721486,No
27,15,Sales,1.3073927049768845,0.6644092458863815,6.261460052155924,0.9419908586054871,3,2.504296753375133,72.54406169526888,2.3037193714947115,14,0,3,4,60.00701404926647,5,2.955731346299633,Yes
27,17,Technology,3.5824696672800256,3.5824696672800256,9.104064405702244,1.5642360028781175,2,3.18428810633519,65.69929675806029,2.7890285942981996,23,1,9,7,21.694979697656674,1,3.5261399584481663,Yes
35,15,Technology,3.201117544355544,0.5349247187926609,8.642184609462765,1.64224946896355,3,2.9109844509022755,79.05519633173057,3.104813790980179,38,0,7,4,27.85915704009906,4,2.8157253873251324,Yes
32,13,Finance,10.995345646430478,6.7821421815424365,8.135556044879728,0.9394624407720102,4,2.497229835757157,66.94419897719577,4.489230513094069,33,0,11,8,16.058001767816435,1,3.591388028287574,No
35,17,Operations,7.81993450404063,5.573263852673243,16.143853576649732,3.11869476852665,5,4.99109060182465,51.51333194617455,4.70448282516569,33,0,9,5,20.416353181288347,2,3.4410429488200345,No
28,14,Sales,1.0612877577657458,1.0612877577657458,10.660923941070772,0.8370954373609705,3,3.1100236005684794,26.588806881292133,2.016404260972761,31,0,7,7,30.416026594190292,0,3.086572297095779,No
46,14,Marketing,2.770506360335025,1.2856914317437593,12.302222651138777,1.9032788524989486,3,3.8661121548473947,57.553275662728396,3.092104768550307,18,0,8,4,17.934765571910923,4,4.147394988261087,No
35,14,Technology,2.883259858606564,0.3,7.465716982497992,0.9573077865071463,4,2.9700448185231556,60.86447728768984,1,19,0,7,6,19.268767615297747,3,4.7889393810628755,Yes
32,15,Sales,9.06851133570075,3.8472346069871994,14.298306970244388,1.7517605336101394,1,3.4095392512289058,67.17455100077335,2.505684244309406,37,0,9,1,23.087882417827746,0,3.016577638182702,Yes
38,16,Finance,1.2737179674708574,1.2737179674708574,6.667256429599773,0.836407417264951,3,2.8775976385955717,80.35546186264654,3.8768723985970275,10,0,6,8,35.097702655003815,3,4.23178705220082,Yes
45,16,Technology,19.604601671724286,8.78513634900154,25.19467415527675,2.1039381373807218,4,2.3497160744317975,57.930124365505876,2.2055833628785764,28,0,10,3,27.686944433600225,0,4.462359609213213,No
32,16,Operations,10.270746557612304,6.248161755863134,21.68180372296629,2.6012411677354046,5,3.6077858873230744,50.71618773455523,4.01814565457944,34,1,8,10,14.651492151925227,2,4.178600128226781,No
28,15,Marketing,6.523627285180008,6.523627285180008,10.925087828603582,0.6646108902051704,3,4.710500345174618,51.931819631884025,2.8192645214961445,50,0,10,3,42.160753658225694,3,3.710502844975039,No
42,20,Technology,4.414823019737216,4.414823019737216,8.764649385009571,0.5554675971161792,5,3.421126965140407,79.40800642324564,3.378414978126491,73,0,12,5,6.112150931019708,5,1.9632942323284575,No
36,17,Marketing,15.951106888992776,6.85911411272474,24.375736323161096,2.464884922063342,3,4.230467833447049,80.95940137314417,3.2023703800290644,28,0,12,5,16.25659759444018,1,3.6174124362589692,No
50,16,Technology,0.4655437560409801,0.4655437560409801,10.77872929479151,1.473737194848455,2,2.459766567441876,59.94957224788891,3.1038229747962838,46,0,6,4,17.353741260947672,5,3.743535362987397,No
35,19,Finance,5.2442832307066585,1.7971101731930403,12.967281806678422,1.0797198978842881,4,2.8065528497160974,59.73934678608245,2.2998285230194098,21,0,9,2,28.041598123271463,2,3.564675772295972,No
36,16,Technology,14.172110135937391,6.265724380035298,21.541714915310774,3.5271674941919513,3,2.877024793737038,32.97406207640546,2.6836040938957217,8,1,7,3,29.15825591629766,3,2.9729592416437356,No
47,16,Sales,10.70364946351425,4.57802608357876,16.00300362619702,3.081908467669066,3,3.0953518501169683,98.8326998005,4.219038872194435,24,0,8,5,48.591711294151885,5,2.5469650965030417,Yes
43,20,Operations,5.443148305884079,3.1830260940259136,17.49900561639781,1.1432190848165003,3,4.295964251982312,88.65676411633059,3.4314468373189935,40,0,9,5,31.73314529586866,0,2.1541076583607945,No
34,18,Technology,22.485611785783092,9.90349196608019,26.941655004399223,3.492848892632883,5,1.205718926923018,56.84700420492549,2.995441385313955,49,0,11,2,18.56950617542818,1,3.44544309404549,No
30,17,Finance,10.895254878189032,5.472581816583319,17.02346739539417,1.6544474518591856,4,2.9107770291089032,65.84079543732723,2.8919671844192183,21,0,6,4,32.7124670467099,4,4.5074323975365544,No
32,17,HR,9.25821221584281,3.024019687409181,13.356745135455975,1.239216611683118,5,3.808695220535113,67.84581036453677,2.896712133153819,33,0,6,5,48.76951136930547,3,2.3671511027658734,No
33,12,Marketing,1.709676781345658,1.404359062962424,9.729506774123683,1.4565378964798283,3,2.0133661830880887,88.75209643815056,3.3761317069487,60,0,13,3,52.715977201824074,3,3.403286698735923,Yes
35,15,Sales,4.794772663435469,4.794772663435469,8.725383826614038,1.4995993051373662,3,2.9013280118239053,69.15784930284089,3.0112243940924923,27,0,10,3,31.326255411569512,0,2.97279841515979,Yes
21,15,Sales,3.134007763092367,3.134007763092367,6.644296737216242,0.5198553936288252,3,3.879806481467281,70.40105743136957,2.1842391281232465,44,1,8,7,38.45477443632118,3,2.245781441058103,No
40,12,Operations,6.128561359752295,1.9787869154383164,10.233853664156706,0.5354342776817811,4,4.6975986058141,83.97748116560895,3.7945603802635763,35,1,9,6,32.91629055129327,4,3.3042134147536766,No
49,18,Finance,7.545299566309511,5.208034163786298,13.205996203556674,2.343911345419484,2,3.195904624440787,15.364306439962137,3.418653170991991,52,0,10,5,40.728768452735224,5,3.7289642477831397,No
24,15,Technology,6.917209984779268,1.8859682840758403,11.146956015281807,2.1957905999066916,4,3.1814721438084814,84.04405646014428,3.605913264968701,21,0,6,4,53.80721878959951,3,3.876953337295089,Yes
36,14,HR,9.17938466063364,6.790859171429828,14.950070403490404,1.2159508621169346,4,4.134364811477027,26.689692295656677,3.504462675094726,10,0,7,5,14.223468748051822,3,2.283816132398035,No
33,12,Finance,1.2336101042177752,0.6671077633221052,12.348625868902536,1.2100156706073777,3,4.795008286340612,71.1143810014099,5,26,0,7,5,23.16635584123529,3,2.6046509258517903,No
46,14,Operations,12.730597758307436,4.9785116605621775,17.898342847325537,1.3435713899460697,4,4.698923307027266,47.95434557112147,3.3976745267277098,11,1,8,6,31.499354230365626,3,3.221668274915277,No
32,18,HR,0.3,0.3,10.583186599381971,1.5440048855934667,2,3.7678812419778964,90.31196418659404,1.9928830943302278,47,0,7,2,63.58607404822795,2,3.283575365261582,Yes
33,19,Operations,12.108308536074068,7.756215444235168,14.450112142415971,1.3678828949874358,4,4.6937865013671685,58.21540769723157,2.090512752968212,55,0,10,5,42.72324148082961,4,4.213923328573217,No
29,17,Technology,2.1095146502403006,2.1095146502403006,6.89427697080377,0.9967366466645228,4,1.8051678694322209,16.35766540151748,2.299619154158792,23,0,6,3,42.928441163021375,5,4.186838772404693,No
34,20,Finance,0.3,0.3,6.472332583337107,0.754216811888439,4,2.498560412251474,58.545283253797606,3.6293324656499446,36,0,8,3,13.831049899247908,0,1.9546842649587084,No
55,16,Operations,0.3341072151588249,0.3341072151588249,10.48920958388276,1.7324998292363458,4,4.311711203373037,96.85556069900187,3.9738643023264313,13,0,7,3,52.29485158022678,1,3.446821576732081,Yes
39,16,Finance,22.97680992988496,7.0797054591226845,19.718072354866973,2.4897009883400405,5,2.6123144571267347,38.674349897158045,3.910533775759415,24,0,11,3,42.432084200384395,2,1.4601962821004846,No
32,13,Technology,3.770699825874316,3.770699825874316,11.107786438728391,1.6850139926821708,3,3.2008526047901795,76.11269932222021,2.9836746147406,14,1,6,2,43.9896951600622,5,4.240182594780608,Yes
41,17,Marketing,0.7274511850957981,0.7274511850957981,7.994376985794375,1.4522354936771964,5,4.079612077963872,73.46017109858249,2.7957870951521158,24,0,4,3,42.87010865444407,4,2.5648013018719493,No
40,15,Finance,7.345384677452058,2.8382427054441925,6.432253939095201,0.5820256240267555,3,3.108841248027237,48.98314495054745,3.415771659469513,23,1,7,4,48.50176163316476,3,3.883747631964629,No
32,15,Sales,9.539136667092817,7.084329516211074,10.183462546855308,1.0818457551977794,3,4.8219550925635515,52.93051779702123,3.4000319607181075,46,0,7,7,15.199618028303746,2,2.924189198530192,No
36,18,Technology,2.2151466455997206,2.2151466455997206,9.100542278607461,0.647054412811698,3,3.3202288792306596,78.1945000063123,4.792454126639822,47,0,11,11,17.424136404741702,0,3.0695353495547653,No
47,16,Operations,1.3989390443420744,0.3,10.675265254553874,1.4411756627736325,4,3.6976515794753912,79.91227690312775,2.2295802165687366,30,1,4,8,80,5,3.0014131514293876,Yes
24,17,Technology,1.5802998219109954,1.5802998219109954,9.173238079187632,0.7341798133355645,4,2.892844727936937,69.70157780122479,2.706635925920649,22,0,9,8,22.173256593356506,4,3.7371094705129058,Yes
28,14,Marketing,0.7264054080143653,0.7264054080143653,9.028140532099323,1.1719708411725647,3,3.692800447058248,40.31459775746847,2.7914016991914976,12,1,4,5,37.58521886232057,1,4.334259673773146,No
37,15,Finance,0.4300261793349712,0.4300261793349712,11.201158539557687,1.1914679223079576,3,3.102755335115723,47.62443275329251,1.4872738697028984,34,1,10,5,20.269073385263646,2,4.394354189832226,No
34,18,Finance,7.319232907859485,4.216080873627193,12.847888687138884,2.039495179009314,4,3.916304642715102,58.40192362539559,2.614561779159595,31,0,9,6,41.42976140600138,4,2.5340047514693786,No
38,16,HR,15.243403156002302,4.052377750108769,24.9454272858104,1.7401294119229567,3,3.299739742233787,56.51547485299888,4.548179118279962,13,0,7,7,14.45501680570066,4,3.839143803920928,No
34,16,Technology,0.5952684254482414,0.5952684254482414,3.980916501649346,0.7033678396467781,4,2.7019527766728366,38.438606657261786,1.8017863947646142,32,0,8,0,45.94174436278735,5,1.7872713165494312,No
23,18,Operations,3.9372723534705543,3.9372723534705543,13.052981842093592,1.1442172986810948,3,3.391040561573037,69.13378457700026,1.6898747399310345,20,0,5,1,23.722725487031052,3,3.140271998500349,Yes
31,15,HR,4.314379453141459,4.314379453141459,8.111840875975101,1.0877210175524088,3,2.4897270442442205,58.010117617919164,2.7872696912971664,48,0,8,4,32.50334215652921,4,2.2142725367560647,No
43,15,Technology,0.681371084204495,0.3,10.228516591232523,0.674589443882523,4,3.1877388677027567,37.28908194197414,2.818980911050682,41,1,6,3,40.83614831004915,0,3.507712946595715,No
42,19,Technology,2.5631151917072543,2.4418151445758585,5.258119006405286,0.856827472161665,2,2.9198627367454524,83.27921166682695,4.210641012094423,28,0,6,7,34.83242433951491,2,3.295155070433985,Yes
38,17,Sales,0.7087211875872533,0.7087211875872533,10.089367829917322,0.9149763327471417,1,3.4950670516292273,71.07437552301131,3.0970616986157555,18,1,5,1,24.364091239023896,3,2.176050327068232,Yes
36,16,Technology,0.3,0.3,6.345656343776213,0.42519643264483525,4,4.9753272881185815,84.03437337589146,5,39,0,9,2,22.49378059572091,1,2.5794620008617075,No
34,20,Sales,10.91708696440494,7.7774931239198635,15.81766288740791,1.3802043785143392,4,5,81.25196254354135,3.400547823062501,30,0,10,4,52.69533964984591,1,3.741733239150153,No
49,16,Marketing,2.845863169867175,2.845863169867175,6.539361290960496,0.6282299778112673,4,3.395265723637375,52.509958507793236,3.5087235699248045,24,0,5,8,16.633067843342594,1,2.3009861994739764,No
36,15,Operations,4.296075854126085,4.296075854126085,8.40724901227757,1.533879143499646,4,3.8216017827427433,62.79431129414101,2.8803991923452674,15,1,7,5,11.343751748587865,2,5,No
34,16,HR,8.578464899006399,3.1015827238010085,12.44042174066851,2.365014172763706,3,3.0695746821767242,68.50568808398597,2.6089540412531047,30,1,8,4,21.614103165951434,2,2.806571736369251,No
32,15,Operations,7.1626700475511305,4.7538725704875215,12.243566732002888,1.1858236331887475,4,3.6816480433303442,40.03764259051506,2.225735629588457,24,0,8,4,32.408282655910156,5,3.2248497812149792,No
27,19,Marketing,5.298349773663901,5.298349773663901,11.489773871754657,2.0278518074846215,4,2.91035047150051,40.81559748750737,3.1033428551717805,31,0,8,3,16.12664987837009,4,3.760766515717098,No
40,16,Technology,3.3021635958899798,3.3021635958899798,7.562170150168691,1.3397473071065868,4,2.808972329123786,62.70907506075771,4.1096210821836054,29,0,7,4,25.66481390318621,4,3.104070703058673,No
21,17,Technology,5.070061263685148,3.081749326353879,14.289400312400042,1.8174181971777277,3,4.312076680120228,84.96647668605235,3.0933791492956364,20,1,9,1,4.771956818753901,2,2.1962263620864215,No
23,13,Marketing,19.987300912663056,9.424581891751561,28.60730671926307,3.9256708093387847,3,3.8685707598800034,56.20178374233064,3.800165176315542,22,0,8,3,45.479177274798644,2,2.511019161821955,No
37,15,Technology,2.062664590108317,0.3868212880812872,11.21202613068602,1.5201216779677986,2,2.6228574961902402,51.12832272536257,3.0172174076559055,27,1,7,4,49.81952687287236,3,4.238771253260279,Yes
41,14,Operations,3.3870673621588057,1.95938314747202,11.573518776348756,0.7885831646032483,5,3.7237957454264117,59.95546290224664,1.7062781075916917,18,0,6,2,35.556479714304594,3,4.383127578974795,No
35,17,Operations,19.123429907854472,11.704132637393865,28.18422567116187,4.498119516871717,3,3.3963601548933493,62.20279023959865,4.317051164934408,18,1,7,2,24.971005854500948,4,3.5324966462275915,No
35,18,Technology,2.6572311746235826,1.8526546015378014,9.12655547633227,1.5568480134998848,3,2.0784769181484397,39.302496082279774,1.9821722043068988,8,0,5,1,20.434265326562812,0,2.1079089244594824,No
42,16,Technology,0.4027767543279575,0.4027767543279575,9.573511076846202,0.9182647468576766,4,3.508479031011892,58.97813875131733,2.475265366657583,37,0,10,8,23.915886254702208,2,3.4201183383448335,No
28,17,Operations,0.3,0.3,7.025715176810568,1.37568782511136,3,3.6002863745322697,33.80497180373041,2.889623556765672,18,1,6,4,63.89334322845882,4,2.90285216121024,No
38,14,Sales,24.943639372184855,7.735478386778488,31.242713742923968,4.128640777031462,2,2.420629506787619,47.03927916761163,3.1968085057155267,55,1,11,3,63.37501389235478,2,2.969659512744289,No
37,16,Technology,21.725660214197184,7.02481442626384,26.25171093817069,4.4627282176832415,2,3.0295588294592593,78.68270899252204,1.3073572539776497,21,0,11,4,45.31711743001082,3,3.605940912950734,Yes
31,15,Technology,11.961333733652152,1.4863960338994646,20.061258911396475,3.81622300308943,2,3.210711725493689,32.184665520695276,3.271456991602491,32,1,9,4,9.727036554090096,4,3.484857670786675,No
28,17,Technology,6.286402079543183,2.7197078942479225,10.12326023472844,0.6001981102712419,3,3.568941275355833,45.040639278230834,2.2110542833753737,27,0,9,5,6.492378047173479,3,3.6130820794895184,No
40,17,HR,0.3,0.3,9.64822000444036,1.6926377666947117,3,2.801446659581436,79.18364613601462,4.699048757035156,9,0,5,2,31.464427718275147,0,1.910157827476168,Yes
40,15,Technology,6.116984674967852,6.116984674967852,11.008768252053308,2.1093167666980612,5,3.57783721492791,73.13706591411886,4.608423613782088,34,0,8,1,15.325148119127402,0,3.1862735592892792,No
28,17,Operations,10.616073157165893,6.195717545819243,10.683382563553414,1.931200670697959,2,2.8953893501886747,64.05214323342899,3.397516704268765,33,0,10,6,38.35290207900505,3,4.084939109681435,No
37,17,Sales,0.3,0.3,8.761587009669926,1.2979300972284926,2,5,66.0850031881258,3.641071406180189,33,1,4,4,57.710701625817016,0,3.989252343805661,No
50,16,Finance,14.473103475615828,7.294078211593676,30.979739722753592,2.534091392311186,4,3.2113484068001084,33.05445839632577,2.712407715342225,21,1,8,6,9.572702767465836,3,2.8881903313916983,No
34,17,Marketing,3.8430650637365953,3.8430650637365953,17.402189987372033,2.665291901421984,3,2.9295867069845607,60.02302218577844,4.209794350977607,25,1,8,3,69.1687924772714,1,3.793374458158667,No
34,17,Marketing,7.034775045050481,2.9660061514105407,8.96307903686113,1.1536692772044632,3,3.1040173104941986,54.86595408087344,4.58081084834816,40,0,6,5,22.661858358770026,2,2.3723276281767007,No
30,13,Finance,4.338792598888457,3.0385404630823842,11.893744097270828,1.9253927474534487,4,3.6115860701562057,43.83686099977925,2.6987717275023906,27,1,7,2,21.676113001222088,3,3.478619777328983,No
29,17,Technology,1.2625003539111046,1.2625003539111046,12.282482438898011,0.7372552061707172,3,4.090354570164714,67.88765235469874,3.0114930468759247,10,1,6,7,31.827320858201844,1,3.82195176505318,No
24,15,Finance,4.463610816011216,4.463610816011216,11.72773543864589,2.3466308695240206,4,3.313317019032193,48.36410951622847,2.966325676705722,51,0,9,8,20.734913221067522,0,3.2515288755675256,No
40,14,Technology,25,10.375436965017048,37.93289534912279,6.29724879177004,4,3.906360271737455,76.29942466810375,1.2747620133451802,25,1,10,7,49.961136382906865,5,3.9348247522506608,No
45,17,Technology,19.635952430942044,9.815348580785448,28.787766736330543,3.4748838425830826,2,3.778719088117052,57.96543401048315,4.304263582277726,34,1,11,7,45.684271962360285,0,3.520291283303467,No
31,14,Sales,5.681519473996455,4.379387484442502,11.380904445961042,2.0880153175921694,3,5,48.905968745339045,2.911491484589145,45,0,12,2,17.64520233328941,4,3.7556348874098986,No
34,17,Operations,0.5354268435391281,0.5354268435391281,9.945496127453445,1.9103816733263375,3,3.32387554782195,80.47116923881956,3.2438643792600192,51,0,10,0,5.709330300848706,4,2.1204620355634924,No
39,12,Technology,4.589192332193879,3.2289868209604675,12.013746022163058,1.349810670480629,3,3.789859679644519,87.421264778336365,2.878807749798207,42,0,8,6,29.29567234658205,0,4.432767097352344,Yes
42,16,Finance,0.3099117876658056,0.3099117876658056,7.373600945956899,0.6174809430404307,3,2.5764537789137814,70.00061428738107,2.60052269694145,19,1,5,4,25.937853882120198,5,4.513862376382825,Yes
57,16,Operations,4.901516929589595,4.901516929589595,8.713957124371763,1.339191465769091,5,3.693950668889788,63.51551370865652,3.509831985242448,31,1,8,4,40.34801343761348,4,2.4814155042687096,No
49,17,Technology,8.521679624115869,4.294678766236145,16.752772863790245,3.0678528315717783,3,3.429678894658465,56.15622622991658,1.8478239448597604,23,0,6,4,23.249387257880002,3,3.120902072004882,No
40,14,Finance,10.22953556910431,4.767605916577587,19.63952229543269,1.2922931071439479,5,3.075566146789501,68.20329155189738,4.694628344103904,63,0,8,2,40.920407773268074,0,2.9617050263771887,No
31,14,Finance,6.342306931344741,6.342306931344741,9.999851035374403,1.748631897494041,4,2.4893909957371645,81.53602966772407,3.6115856426023645,9,0,5,4,21.63318311034178,3,4.241555622431155,No
47,19,Technology,3.7269208671955276,0.8891202349408532,11.33757641747462,2.2242675175463877,4,4.363123644925145,74.78160825017478,2.9077652988513063,26,0,6,6,52.44203038875163,3,2.5060084288069864,No
39,12,Sales,11.783825133485609,0.47295679075258307,19.90928317598309,1.650658712092316,4,3.3902333202363524,43.5644439089717,3.7109830563419957,67,0,12,3,24.15182909329184,5,2.0064444563710335,No
30,15,Sales,3.5465942568718645,2.7807629100253615,11.001041163087253,1.7586722192527589,3,3.3057486581278503,34.228295870352646,5,22,0,8,2,4.53825081897343,3,3.8376079932039127,No
48,13,Sales,0.3547368986528838,0.3547368986528838,7.94843623989563,0.9389452745170079,4,2.6144727490258832,42.911727346317534,4.001576857346334,35,1,10,9,32.024302612641215,5,2.996837117385879,No
48,14,Technology,9.279436308788288,5.476736061939444,13.92296098431979,2.6125606783413278,3,1,53.39206609827587,1.1075740330031714,22,1,6,3,46.40845867676037,1,3.8940912467650497,Yes
43,16,Sales,1.306708272500097,1.306708272500097,12.220088738093102,2.3686519024747983,4,2.5916142023655944,47.8980706179742,3.808235316373819,28,0,10,5,31.481537903149743,1,4.1449340687377925,No
43,15,Marketing,1.6542195617195494,1.6542195617195494,7.736149172128834,0.9820551255457715,2,3.917186743740118,49.3221510082343,1.7076944520471624,13,0,6,2,33.30260382092029,2,4.27442575987335,Yes
27,17,HR,3.9108669382407593,1.7668683261435358,10.582074979658394,2.0612443814000607,2,3.0085261706343736,44.48536041419378,4.199715147368834,9,0,5,7,18.906100556183965,5,3.536993355928615,No
38,20,Marketing,5.760399797103497,5.123927218487188,16.056734880360846,0.9406381289964303,3,3.6865809874968942,67.2155950031507,3.2124200345647096,32,1,6,8,32.14508344516198,1,4.045057549564609,No
30,13,HR,17.545543151474938,6.590044071128069,37.78911603554488,6.696419517431586,3,3.8090300007063362,66.32959275922109,2.097176082283419,44,0,9,4,62.92269933322477,4,1.9240540537357385,No
21,14,Technology,4.206195023754559,2.185453562701907,14.807572786191276,2.143469314564122,3,3.994266776829147,48.228256198189385,3.121527055276495,39,0,6,7,34.43926871361359,1,2.5236931923235137,No
50,15,Sales,12.16159399510844,4.654335627318887,14.776521208665034,1.8045230756047754,3,2.012517869519554,74.77088213400414,3.486456868139089,19,0,8,6,23.952294094178875,3,2.317794561181463,Yes
33,13,Marketing,0.6750165632170484,0.6750165632170484,9.611518017001552,1.404989961134729,4,2.9025540742997773,70.01164035571992,2.7862918527315297,20,0,8,6,45.77384689070241,1,2.8993598910928164,Yes
22,17,HR,3.3486474093745833,2.9771857965656396,10.27131402992794,1.1368450938644674,2,3.993143564682928,48.75082459581438,2.4888459950858435,30,1,11,6,23.33177443229993,4,2.7902543293379005,No
37,16,Operations,11.510744732585682,8.142885932960285,21.213580932465952,1.6440350621576827,4,2.7085383002040055,83.54310614508492,2.9217563419642856,18,1,8,2,22.45333031157249,4,2.3979679830955294,No
31,17,Marketing,24.971396112611934,9.59368825797404,24.1163416006826,2.348534960942284,4,2.5791753841490292,62.750062446535956,1.702877019815767,15,0,9,9,10.466494597708692,5,2.637341796093733,No
29,15,Marketing,9.045523006276412,9.045523006276412,19.937424865099484,3.1373209783123555,3,4.6819104413373465,59.75164877742528,3.9081655585753268,43,0,8,5,1,4,3.269994116788948,No
47,19,Marketing,3.3290934939710843,3.3290934939710843,12.18695628867843,0.9118297015362797,4,2.000003530275948,62.56556799373824,2.813917846841739,38,0,11,3,12.507220942398648,0,4.996327947268356,No
42,20,Finance,0.7360471688626768,0.7360471688626768,9.276733960297344,0.6392390552291818,3,3.8191907453246987,42.26166543874812,3.1041084406872277,50,1,10,2,49.8631475633994,4,3.877629725937103,No
21,19,Operations,1.6363166848330666,1.6363166848330666,8.634132979164733,1.1946620266107741,3,2.1137682951051677,76.52502907768773,3.2027904940671674,43,0,7,6,52.41281746583776,5,2.8007304716496066,Yes
28,15,Marketing,13.973639142343428,10.133028579485192,18.675118131961572,3.478018716874408,5,2.2776371013146832,33.93360771179029,4.0055194996665975,35,0,8,4,36.07783291205867,0,3.632154693033025,No
49,14,Technology,7.852273619527101,0.38173027486078903,19.013603643408043,1.0293054287694547,1,4.576845614998069,61.18910650652723,3.4128807016274925,13,0,5,4,7.227113427213938,2,2.519169206453663,No
36,14,Operations,4.404912543236756,2.28189932402116,10.950990549439107,2.114726154954273,3,3.912087070919022,68.7097869403006,2.9719540404983817,18,0,8,2,30.607950406295565,4,3.531630647614122,No
48,14,Finance,18.425286877061115,5.48290639075578,32.01679400449246,4.568094643954542,4,3.7973420297217144,57.60422250848003,3.7214830603687883,21,1,9,8,45.83834386431171,4,2.799412286703884,No
34,18,Sales,8.239388156956798,1.0777769679577736,14.873377251964033,1.286963287567527,3,3.706176415986499,64.27305582510962,4.3179253305479355,37,0,10,4,37.83396069303796,2,3.536788126566363,No
22,15,Operations,4.528247728793292,4.528247728793292,10.757073138501838,1.1464101507423199,4,3.586007632763994,78.44769196301938,3.099044651697908,38,1,8,2,34.695301987072135,1,3.1981618392038254,No
35,12,Sales,0.3,0.3,8.83009308081378,0.43408453102440037,3,3.712998988076108,69.87774913222171,3.3841247400175707,26,0,8,4,23.501215945950335,3,3.9345718212866307,Yes
37,19,Operations,1.2101474440642623,1.2101474440642623,10.394767213953912,0.669266940371717,4,5,77.51528633784885,3.591928702316138,46,0,9,4,25.03571725410211,1,4.404955293963201,No
21,17,Finance,5.097639880032692,5.0133473447686,8.869440096810607,0.9563624722240429,3,4.299685016423806,57.06371488404429,2.212607734452216,44,0,10,3,50.77520559384583,5,2.570756507440453,No
47,16,Technology,7.210346814690766,5.576650044492841,15.95855181843159,1.952492977844642,2,4.041346040434953,68.6706507920416,3.5012465591204815,12,0,6,10,39.31499708302991,5,3.045941483548331,Yes
45,16,Operations,4.222417546462124,1.7478976186133612,9.623432518910054,0.5303298383280087,2,4.273853725038876,61.96325415157242,2.5121691430432955,23,0,7,3,46.65092468055971,1,3.5277462973858547,Yes
37,20,HR,0.3,0.3,7.336041181538229,0.6086404884954718,3,2.725099070907798,67.24023780206494,3.740050586659785,45,0,11,1,13.349604499544249,2,3.100310294231474,No
44,19,Technology,5.679161992860213,2.131493354663751,12.459741177725371,2.38685340814938,3,3.504554205106292,53.69573502545683,3.506104685303775,20,1,8,5,23.03736411986783,0,4.00197139927523,No
38,18,Operations,4.5177327455910055,1.7252625690385597,9.05002386681354,0.5766124494165485,5,2.8948225162690595,92.48762233022161,2.7061356849646456,33,0,8,8,53.13930444567854,5,1.756559603389001,Yes
37,12,Marketing,3.384111845969187,3.384111845969187,10.148218366865153,0.5508837034445553,3,2.8184628485888084,35.43242274303296,3.308863579480421,33,0,8,3,26.809895592660897,5,3.9122467859079064,No
42,15,Technology,5.975028121152286,5.049428352610607,9.113546236496303,1.4758327495012185,4,4.2923948970282275,75.11005342452265,3.481206464923417,53,1,12,5,31.41823961001375,4,2.912432768494677,No
41,17,Technology,0.3,0.3,7.857810342244379,1.2718926984897732,2,4.991485135184615,95.15683000194497,2.2982257533859793,30,0,8,4,10.667656019177468,1,2.50067661967435,Yes
29,13,Marketing,3.7999446130748193,3.394771819820939,9.209415568761564,1.810206571087224,4,4.490663878728196,75.60154387517656,2.7079236349497853,38,0,11,5,21.476848924452344,4,2.444012499376943,No
30,20,Sales,0.3,0.3,8.09855655621876,1.311452904816363,3,3.6207434877602114,50.40781604118478,2.784610041313773,9,1,3,6,31.1396457023125,2,2.973665234473546,No
21,18,Technology,3.6841475977691838,1.6864252834607811,11.820877370687354,1.1675988650337783,3,2.8101616561882268,57.078455715442225,3.687675008809898,77,0,13,2,12.489744352667227,2,4.307150034419566,No
36,14,Technology,10.447847549155918,2.6268668636644663,15.981696900451064,2.2687954898954374,3,1.1111371933159793,29.266781586935053,3.7938372302825467,66,0,11,7,31.972488232196017,4,4.029322737159056,No
21,20,Operations,3.0342345021890234,3.0342345021890234,6.027322256296966,0.5397717165662128,4,3.1911297902161686,56.38715224198664,3.6668172281072073,67,1,11,4,57.23581987536515,5,4.201048056381138,No
25,17,Sales,2.391030465615504,2.170655530541241,8.980837999336963,1.075049113612502,4,2.3984787718736706,64.62548462075691,3.496675908600826,21,0,5,3,32.9470675199613,1,2.3124144403296722,No
29,19,Operations,10.131514093233374,7.028024668579623,11.650903221441574,1.228635002068194,3,1.982985467478707,46.39423627201431,4.1045572757628195,37,1,8,4,76.84494991915761,3,3.4208155020350826,No
47,16,Finance,1.9516009090843154,1.9516009090843154,10.519877639112783,1.9043400371356374,3,3.18724025579943,54.93327238906428,4.116880143651022,22,0,7,7,30.81172035445641,2,4.308234171830689,No
26,14,Finance,1.723739652290093,1.723739652290093,8.31659353405271,1.029806984968372,3,3.505012122028904,46.507870680452115,2.8364094264891895,11,0,4,5,37.93477657680386,3,3.045942372749145,No
33,14,Sales,8.376529885791815,2.0173837446952945,10.274900784486906,1.996607421731092,4,3.8112600391259064,56.951507388749995,3.2915601558173737,38,1,7,6,27.114902392631027,5,3.151076681346459,No
43,12,Sales,1.5096618447734027,1.5096618447734027,8.537419027703603,1.3392863487376216,3,4.39909086155759,86.63968589864768,1.323667974641638,47,0,9,6,14.789278496557786,1,3.4957515270027093,Yes
48,19,Operations,11.33419700790466,4.108862208461203,16.329759069389716,1.5188913794571783,3,2.891783953359916,86.36666473473255,3.801357675138693,28,1,9,5,9.053371714002042,0,3.969324620835963,No
41,15,Technology,9.38124970458203,4.332870406559917,10.21665794594783,1.419629490649783,4,4.12507383924146,98.97797304751089,2.6987934660659305,37,1,11,9,9.665188473195354,1,2.2484449284927073,No
37,16,Sales,3.0109639596298146,3.0109639596298146,9.418070845844833,0.6420760134409187,4,3.026902458183169,71.12511159539463,2.9887529122727137,41,0,8,3,12.773671169495701,5,2.169805488592327,No
29,13,Finance,9.179583426536878,6.4676269174922565,14.82614321071941,2.3880276596107475,4,4.297734321967289,60.82386616651034,3.393022009213528,32,0,9,6,40.378957834894415,5,4.04505391703001,No
31,17,Technology,2.9242406748590515,2.9242406748590515,6.70878906196435,1.2176228646059297,3,4.091242575655213,62.318257123995934,2.845889871751372,10,0,5,4,34.16242724985323,3,5,Yes
42,14,Marketing,8.288496963162867,5.692106259300981,13.979155735903054,2.3064727584677533,4,2.998589716004824,61.765254139209105,3.6000386479565183,20,0,7,6,34.74129139968444,2,4.059284549695235,No
38,14,Finance,17.9529104035736,3.941040684856912,29.928008283399162,4.330953942651361,3,2.8033296773241085,65.42904916176192,2.115416249261406,30,1,8,3,16.09646135444618,4,2.236577767773366,No
41,17,Finance,7.173498402858182,7.173498402858182,16.74220344145881,2.4127599898278254,4,4.021675646711184,78.86108373634724,2.5929992407185027,61,0,9,3,43.461740924923056,2,3.5469261995321832,No
44,19,Operations,11.269859632728107,3.132890819117558,16.6913812752258,2.727301946976003,3,2.613009689593741,75.38508236182734,4.807498987141015,9,0,10,3,54.83572134347493,5,3.161946547774751,No
37,18,Finance,4.733704248151978,2.728584976573117,12.25448283795586,2.3962166061934873,4,4.995358061391291,78.3395791860073,2.9991829257139173,42,0,6,7,23.936811078238577,3,2.882218273671365,No
27,18,Marketing,9.450722703984905,8.805770413310402,17.679156440797048,2.639781547829812,3,3.4949532983993103,73.01712718811063,2.4986645332662216,28,0,9,7,55.89061932914146,3,3.703770735298442,Yes
53,19,Sales,1.9603549293257432,1.9603549293257432,7.929872244988828,0.6263594100912598,2,3.4255731467016406,39.09262854306822,4.182695061711078,9,0,4,8,17.670369447866015,2,2.7605449382309994,No
34,16,Finance,3.9740133051530893,3.748089943111638,10.443240676738103,1.888270323455664,3,2.5935252756288034,50.0058263511235,2.50539936024768,26,0,4,3,60.77137220296559,4,1.3693670398751083,Yes
25,16,Technology,0.9515597372089236,0.9515597372089236,15.905416868558055,1.9263314377954721,4,4.409467745126685,78.07737920579996,2.8965003977994512,14,0,3,4,14.653982951836035,3,2.470983644576708,Yes
37,13,Sales,0.7170975608023122,0.7170975608023122,12.306885600163387,1.2530569592179712,4,3.8792677866394074,55.80683936214972,2.403556047613174,30,0,7,3,51.089190936783766,5,2.5752170113274073,No
44,15,Sales,9.692760677727275,4.9148336020704715,18.396804818281787,0.9655202653620467,5,3.4023135204799884,56.5498144065367,4.294218112365409,41,0,8,3,49.45645630182141,3,3.1959298964940683,No
25,13,Technology,2.410979086034837,0.3,10.230973781735164,0.7835518716109537,4,1.4882056773005896,52.86790754979729,1.911057789602113,29,0,5,4,12.422702133777403,4,2.573854155462289,Yes
30,17,Technology,2.7898842580940943,2.7898842580940943,12.685298401433458,2.1536219936080334,3,2.917627155017849,51.86097601658357,1.9957000302214238,33,0,5,5,33.76028709797601,0,3.764356606423231,No
31,15,Technology,3.646441854484261,3.14457052736866,9.237469796562817,1.466329135064184,4,2.9848950298338996,64.40233386513708,5,42,1,7,2,23.17988581939769,2,3.5124361389240106,No
29,13,Marketing,8.184685832886442,2.979986515196888,10.884538847386692,1.8539958024908163,3,2.4939019668262117,55.64840914512698,3.896220336412422,54,0,12,3,15.2476419423456,1,3.9143604419165423,No
33,14,Sales,7.753842512205869,1.522213978197151,10.787813473167125,0.8294055429070464,3,2.978810937895144,51.97458784481324,2.303193627385843,30,0,8,5,12.963699036252379,4,2.7409279413343315,No
41,20,Operations,14.664526956856212,6.307267866985427,19.09690445721123,2.9833398540518368,5,2.784117558526114,80.99695646457329,1.8103518093819893,10,0,9,4,24.95050552811194,3,2.2126352283884727,No
23,19,Sales,5.233356528606282,3.9484848402004737,9.278197545301225,1.2545035069267096,2,3.082446204382912,72.33580504251873,3.193361605086568,7,0,5,3,42.10427992388364,4,4.074666243444409,Yes
27,14,Sales,6.111308425714487,5.694831898629671,16.31724495794595,2.495752019660023,3,4.879538485118964,61.40853890073128,2.4962830065916672,16,0,9,5,22.75382296848777,0,3.463961035989887,No
41,17,Finance,1.9487180019537125,0.3,8.114200119456067,0.8507612285250119,3,3.318930044654493,64.93981002259162,3.468832698320908,20,0,8,7,20.4228027945706,4,3.581662165444194,No
31,17,Technology,2.8593645260898786,2.8533338285015795,11.21051207775297,1.4278084194448022,3,3.321163454360508,47.772057416313096,1.0240815462662967,21,0,4,3,19.691919959456914,4,4.459532315359879,Yes
33,17,HR,0.42003933144742583,0.42003933144742583,10.621655861259283,1.075676560934349,2,4.688367937818141,38.30034279983199,3.404709219175748,42,0,6,2,19.38923816178395,5,3.0717344946908938,No
40,12,Marketing,0.44726024025438826,0.44726024025438826,9.306962899359807,1.7733586945693411,4,3.8126395411311025,63.856411480691634,2.6856890185024196,68,0,11,5,35.55522423709535,2,2.964394262401469,No
24,18,Technology,8.280826790585774,2.8690625365436873,10.686672856858372,0.8166970053038025,4,4.404745476876783,50.772943437117696,4.513408544738844,74,1,11,2,61.887679358290036,2,3.6534670052358544,No
34,16,HR,6.3270805619193515,4.8607549283075775,15.628940439711156,2.1390480820872586,4,3.436735760847438,63.70530614863441,3.4194170014016207,33,0,7,5,25.467203121994086,5,2.984296155849393,No
26,15,Technology,11.350349071748692,3.989190684195506,11.508837973206916,1.967850507058583,2,3.2056747631230844,37.22308051266783,2.589725870486998,22,0,9,4,13.039318851942749,1,4.353969039543098,No
38,17,Technology,2.833570459318191,2.833570459318191,11.752714092701698,0.809849904499096,4,2.1110030798485093,49.5163067981368,3.010404234743565,25,0,7,7,80,1,3.354239112138844,No
29,16,Sales,7.537709653084002,4.605367983553257,9.37265249228275,0.4511953171298626,4,3.2930155132508796,50.76546834358622,3.4137429489647158,69,0,11,5,48.35178597235071,5,3.9393213409000203,No
33,15,Finance,14.18101384945187,6.3417213251026086,26.198276626227255,3.861068609506726,4,2.9043477957556942,49.908251808466325,3.0110361386179227,21,0,10,6,41.75998967860171,1,2.712580277290406,No
36,17,Finance,3.935577080371917,3.935577080371917,10.14184318395152,0.8402707285957375,3,3.118169366131148,62.789298044696196,3.4046758027911834,36,0,8,8,14.123609754770625,4,1.9118223283637399,No
44,19,Sales,10.854416507663727,5.660651727085316,8.366493826739726,1.0165341325417598,4,2.7057294433464287,72.1658999161469,3.0784637965308876,11,0,5,1,52.96944448056278,0,4.591389017467808,No
28,18,HR,5.078487263618502,3.9146222444158885,13.346120742711195,1.1530630614621384,2,3.383319533743933,69.20019420223547,1.9879794381695823,39,0,7,10,38.06259200290611,1,3.160321232890935,Yes
36,16,Technology,24.287860987548722,10.834663483948473,26.571082406167633,2.8037508928611863,4,3.4812045744715014,66.35306910227177,2.6807728259766024,14,1,6,4,9.564968007847199,2,4.349043445539365,No
42,17,Marketing,3.8354690037630874,1.582979702722309,11.875232126882468,0.9894924878293794,3,4.703900494698628,72.3523428800786,3.576376598944376,12,1,6,7,11.229622008666578,2,1.6240135272884328,No
33,12,Sales,3.708423189239486,3.708423189239486,7.1898441038074665,1.3274059771712117,3,4.520611613297189,55.51005818153648,4.307832095959881,48,1,8,2,13.399642502341836,3,2.1580911586642433,No
31,18,Sales,8.013329854014783,5.242434809784897,15.318542064619093,0.7820733572848749,4,4.101157147203921,65.37770360825175,3.7158659872947117,11,0,9,3,41.537019761914955,2,3.664039381151377,No
30,20,Finance,5.106867493836872,2.1903296423280967,17.12640069062803,3.1524685213465595,3,4.6907159774293525,60.61229012605398,2.345127457892913,30,0,7,5,28.542612759540237,5,3.633135663098347,No
31,18,Sales,7.510265056988696,4.0883819715962355,15.014187200677593,1.7536515663376833,4,4.217742556066825,55.116742484160376,3.0111556229072804,25,0,10,4,18.836207905009807,1,4.251753810833035,No
32,16,Technology,1.4870316718280956,1.4870316718280956,10.513092344986323,1.4559938268468533,3,4.598027545761854,46.90562953132564,4.293443566631376,17,1,6,6,9.132476884485174,3,2.7472961910865346,No
40,20,Technology,9.611662909232264,1.3095343169993954,16.88051918285311,1.3295836035948547,3,3.2988662565723934,67.20549792910296,3.116889029437234,15,0,7,4,39.41297308887723,5,4.366437389496019,Yes
25,16,Technology,0.4796917231956599,0.4796917231956599,7.047107878279678,0.5472949312209621,4,4.107217784724699,60.336256836982194,2.7003711107192334,38,0,7,4,44.69954139025675,2,3.4057245120850967,Yes
35,15,Operations,0.8468519048108056,0.32809993943735544,8.509638008246606,1.6936242257132301,5,5,64.32393513388516,3.70782305379768,45,0,8,3,15.894483627273893,3,2.5445980323600343,No
31,16,Sales,17.283923718358956,5.034501722750192,14.361809287274921,2.168523447206082,4,3.9166711378587706,52.64042483682007,3.698448559480085,9,0,8,5,31.938688836261363,3,4.371638642647283,No
21,12,Sales,5.123154160545788,2.1555278884660445,12.364176904609552,1.5563105930808057,5,3.5921359981479375,82.99908655107022,3.5160946639527086,36,0,9,3,15.595227493467911,3,3.5835234895785115,No
37,15,Technology,2.747181490429898,2.747181490429898,6.644440191788273,0.8035472109219332,4,2.9128106331882675,74.60210233032984,2.2974092647836244,43,0,7,6,39.52468435311671,1,3.889845398917878,Yes
28,15,Sales,5.421600651076781,1.4062502194891178,10.08781748322131,1.8921530848304204,3,3.4912739906638217,45.23398842326977,3.2032136514072227,22,0,6,3,52.55148558109069,4,3.1992524764250265,No
41,16,Marketing,0.8724199466024187,0.8724199466024187,8.916789369070603,1.634594927268229,3,4.404059204169461,41.309539838589096,4.084587667581607,35,0,9,4,26.52355527889593,4,4.5156750574604985,No
40,16,Sales,6.092469352525116,4.330247982939418,9.299040168425021,0.6087914410585684,5,2.587861423963942,54.8205410082572,4.197252214333618,81,0,11,4,15.678879592013491,3,3.82433190383534,No
23,17,Marketing,15.013244859766283,7.310128751317154,21.757157341787494,1.6924796154117487,4,1.9070933530025418,53.81002687533191,3.773516090146821,37,0,8,6,42.091842160050895,0,2.631467106303404,No
47,12,Marketing,1.2114576461519586,1.2033193872341232,10.489461004960772,1.9477536694541002,4,3.4022766202073345,52.01822751546775,4.005950269562936,36,0,5,5,51.13395064164904,2,3.9482583947542205,No
25,18,Sales,0.3814482942827576,0.3814482942827576,9.90376658824715,1.4208883974417017,4,3.7038427992742444,39.83651574363564,2.424247781002368,25,0,6,4,8.2095194907139,2,3.490660157780845,No
34,14,Operations,1.277484771618908,1.277484771618908,4.716370247677479,0.6276503533135315,4,2.2782582495836614,72.22310603514931,4.203882931120857,34,1,10,4,21.40155059252029,2,3.850629761658898,No
26,20,HR,2.9283660358050576,2.7075817749263655,11.183016257727756,2.011066746211377,4,2.79840140000239,66.08295591338474,2.2150691954143285,37,0,9,4,14.77825010707855,3,4.535250805823415,No
39,17,Marketing,7.0265997046448145,7.0265997046448145,16.189442619571874,2.0692923848053626,3,3.4059351239078555,83.95093363594073,3.989059999489423,26,0,5,2,12.810130049797436,3,4.241853084304064,Yes
43,12,Finance,3.5236471453466844,3.5236471453466844,9.056669996448074,1.1573675737600668,3,3.6018227157374967,50.53024590930032,1.690588087827946,42,1,10,4,7.460640066661441,3,2.260735773330917,No
40,14,Technology,2.353893477044316,2.353893477044316,12.985628404744183,0.6346560583769154,3,4.112344328178689,34.59744061747297,1.8098016159972035,25,0,5,6,38.75923246704201,3,1,No
40,12,Marketing,0.3,0.3,9.896215599059298,0.6512864857426108,4,3.896930951525051,35.83715528560836,4.1208420538681185,42,0,9,3,29.71866478255779,1,3.570152895685337,No
30,16,Technology,13.109230653202909,7.47929780353279,20.682150850890253,1.5409620864991602,3,2.7993135258603963,47.00319921562926,3.5361556796553653,55,0,12,4,47.1422517557216,1,3.126158776521995,No
51,13,Technology,8.196611517539672,7.108764814130802,9.693941950893082,1.2528897448805039,4,2.789706723504794,46.303019196513056,2.8186677198941394,47,1,11,2,70.1180996206637,5,3.7429531000145784,No
29,15,Marketing,3.6800721994220424,3.6800721994220424,10.591857825108047,0.5994748860041844,4,1.3910419331023438,24.885240388379607,3.702374214729734,45,0,9,8,11.358238827269181,0,3.476655125740513,No
35,15,Marketing,14.951185045480356,5.253558765767301,29.629404242321066,4.814904268556954,4,3.8182994800361394,67.07116269238263,2.8213825751324073,61,0,11,2,38.813013227502665,1,2.3717228186296855,No
35,12,Finance,25,8.903746039604245,37.054949092481245,2.881773361958426,4,2.3956580339576483,75.3531233132067,1.581330540343569,33,1,12,4,11.070564459506006,2,5,No
27,16,HR,0.3871689563477658,0.3871689563477658,8.063817278166047,1.6105911368988814,3,3.8206682975331505,66.44389182535726,3.1093881602183053,36,0,6,3,17.09313329278369,4,4.800390824483738,No
32,18,Sales,2.1552131632727174,1.375721883909859,13.401439457244864,0.8261744757010746,4,3.4864583264310314,50.06013663279541,3.828948678496826,27,1,6,5,5.772766892703332,5,4.069168172476615,No
34,16,Technology,5.4392882245071315,0.4157443478110889,10.900790117281662,0.78954240377554,4,3.628622185866807,37.790909337681555,4.89567307486577,21,1,8,6,20.42788449785485,1,2.7641955939549505,No
43,18,Marketing,1.974466784323987,1.974466784323987,12.522830297069733,1.602405390037933,3,5,57.60681123173232,3.695222208062214,16,1,8,6,10.232367433415389,5,3.612137929106178,No
38,16,Finance,2.6226989073241405,2.6226989073241405,10.819099702378528,1.1423331692054888,3,3.7791469542052094,46.30358290442916,4.796421632423265,35,1,9,6,26.102033355057024,4,3.515773733035756,No
28,15,Sales,5.5716515080911275,4.674197975021829,10.857632395701165,1.6295146064746207,3,3.0869786109338095,59.099538188815984,3.4229435025024477,26,0,6,7,10.974991804377272,0,2.285206611727025,No
26,17,Sales,7.118074149803795,3.9690407806448276,11.595723926083641,1.089030292299177,3,4.931848162670225,85.85009388736592,3.6984080865090943,50,0,9,5,43.36098253382965,3,2.8705072606882855,Yes
38,15,Operations,12.448869260185011,2.0044854504468805,13.820046929212111,1.6261193118379467,3,3.8864783720024527,88.23699931048944,2.7077058899539312,62,0,11,7,25.00522438005605,3,2.9620313468730344,No
28,15,Marketing,1.4073273428395447,1.4073273428395447,8.609233537827905,1.5051350894325624,3,3.6915120529391814,48.99731178127159,3.677424198334832,29,1,7,2,32.01200349537338,5,3.49363095707324,No
34,12,HR,1.909808378140486,1.7330557323166658,10.759034414445651,1.0608797537585957,2,3.5953965221885174,44.19397207235092,3.311732583418811,51,0,11,3,14.331988120313563,4,2.838270774422323,No
33,19,Marketing,11.323423553597648,7.058817089595542,21.63906901667162,1.6773792262234193,4,3.7956320847435703,70.69329834731855,3.517670041047557,45,0,10,1,14.57662655861388,3,2.4964988791483136,No
36,19,Technology,1.6912239094381354,0.7236023078647464,9.146478461388499,1.696340187426405,3,2.323975362756696,15.055134035641382,2.889218001179712,26,1,8,4,39.16353322791938,2,1.3299176245331097,No
32,18,Sales,2.3353590108543267,2.3353590108543267,14.317630639761024,2.3673214978087547,3,4.59708469332938,88.31028564691928,3.3002948561782146,28,1,9,4,24.39663016359708,4,3.599430698377653,No
36,18,Operations,4.007901202094376,2.7253772414579176,13.631815162623788,1.462754462581312,4,3.2216494233189636,40.5572366198946,3.379451104892187,13,0,4,4,67.3286636254269,1,4.090946681392689,No
34,13,HR,2.0090691728014933,0.5617688929449051,12.025527777298871,0.8979504778456623,3,3.700307436282782,65.69039940819802,3.7891022492688693,81,0,11,6,49.16733371138242,3,4.164268336976271,No
22,13,Finance,16.473368771431662,12.5,23.540608522486554,3.7166146705319525,3,4.262437326082967,67.2959310470201,3.5894054024322215,50,0,13,2,9.458984236754258,3,3.344689240315961,No
32,17,Operations,7.193016483044513,7.105120840191568,14.06919725148162,1.176210675513856,3,4.582452505148395,43.77341608772425,3.1022920256138176,11,0,8,6,50.202770201696765,4,4.3828877584924415,No
24,18,Sales,9.354432316004692,6.349204332106261,13.931892891343388,2.1439671619087672,5,4.8927217169918045,31.535044816126547,3.725738351241613,6,0,6,6,5.228657513907188,2,4.526417749266235,No
21,17,Marketing,1.8746067572757503,1.8746067572757503,7.7360533774757645,1.4239965759154962,4,3.038235389794204,64.75637081580116,3.5810932318475417,34,0,6,6,40.5659834218789,5,4.312472722991805,Yes
33,18,Operations,2.598493805863331,1.2880122433798995,14.227017767517244,2.1563433123396285,3,2.899456048294252,36.79191781880131,3.2069116428053612,32,1,7,4,49.03220205351204,1,2.6676110428142303,No
39,19,Sales,12.40895642488796,5.980427854289867,17.510874167122747,1.972417381754754,3,3.6704301180252235,64.22372895753735,2.183516906657609,28,0,10,5,21.523106852490866,5,2.813976856179185,No
21,19,Operations,12.383387181529708,3.8161826110648733,14.704258373354843,1.1904812347726192,2,3.5956829728040316,79.21842008333269,3.906201147333921,50,0,11,5,15.82989860423924,2,4.392984797106254,No
40,15,Technology,5.76363406808284,4.978883032044593,17.041604152244165,1.9306865887285982,3,5,53.17697641417422,3.6628852098202818,33,0,8,9,22.70682827749775,4,4.274301257324857,No
47,18,Sales,4.654954817776528,4.591896437700616,12.440434934929554,2.191715579864161,3,5,46.22283432547991,2.007024326419681,20,0,6,1,25.173679083875392,2,3.676118975298622,No
30,16,Operations,1.8901285809962243,1.8901285809962243,5.360228113760846,0.39321197166902544,3,3.213641034954101,55.875958778230775,3.1101543409573087,25,0,7,5,18.75160307885463,2,3.5603413739202536,No
34,16,Operations,0.9282148936767642,0.9282148936767642,6.658100007553902,1.126353139277107,5,3.9362514332139154,48.06743303875721,1.7962210994205612,22,0,4,4,33.275502266116774,3,2.6471966264175806,No
46,20,Sales,0.4155024531848457,0.3,7.341022676558681,0.7480664164450506,3,4.303399711439212,80.62690431350114,4.502318367092901,62,0,10,2,27.3599774425278,5,3.642405568329408,No
49,18,Finance,0.7705768607163668,0.33441569734575494,6.999341896271921,0.6865525328489466,4,2.707122120440079,42.81644818396137,2.8080020131794954,21,1,7,3,10.784888171979661,4,2.31814460228073,No
36,14,Operations,9.821451346832923,2.5402972488518074,12.817176062869517,1.3412865223016277,2,3.7975975013833163,63.96257208332617,1.3765085972100273,15,0,5,2,3.181596732737725,5,3.2616751494372185,Yes
28,18,Operations,3.199549220805698,3.199549220805698,7.960965854872982,1.2045690701323553,4,3.208987050913505,77.73762422292606,2.4970391765569864,24,0,7,4,13.911233369584782,0,2.1505951948222486,No
41,16,Sales,8.88233056283525,3.735481543765352,9.247761928811496,0.6005484649809014,4,3.2845581537603232,38.84658162194073,1.610606674125743,44,1,11,8,42.675506796760985,2,3.8416851800394674,No
27,17,Operations,11.257159103002287,5.937562059560229,19.11437778647923,1.0981726483551135,4,3.2931556025786506,60.572511660322235,2.3945991931617456,49,0,12,6,19.355590455050766,4,3.375041648633516,No
44,15,Sales,0.5467755998212566,0.3,11.12755554459095,2.189402391439164,4,3.508266726338238,57.561915967208535,3.2011638321175155,24,0,7,7,17.83483735765164,3,4.26724241474547,No
54,17,HR,12.353340190577498,6.614107354514683,13.54403395532025,2.689318653906007,3,3.7952583840518592,62.37669817668559,3.500217568670834,9,0,9,3,14.266778574436142,1,3.204832580912899,No
26,13,Finance,2.134318654414853,2.134318654414853,11.380981920319144,0.80620783770935,2,3.1257584760137544,62.748093257044445,3.6922586686968812,21,0,7,4,17.68650305146776,1,3.5622109648315274,No
30,15,HR,3.5824245670798223,3.5824245670798223,10.480666317457324,0.7617940188758928,3,2.3003990369109797,71.56766093725383,3.782331407673884,46,0,7,3,24.91983077295996,3,4.425132148907493,No
50,16,Marketing,0.5376271925507654,0.4232172753092077,11.365975158357177,1.0733916161395942,4,4.823588806889605,46.83130959304964,2.5172364918279304,53,0,12,4,14.412411060824587,1,3.5690897109789934,No
30,15,Operations,13.480364062309704,5.656966588847646,19.155344540590793,1.909401478643966,5,3.211919408953449,30.99079668582475,2.7796802333158213,13,0,6,3,36.00965203474986,3,3.5800660057429714,No
42,18,Finance,8.026580995131447,3.4793293001764902,15.705145900113033,1.083841084827645,4,1.5003579499906448,48.39600898117239,4.617300539939497,19,1,9,5,74.08842949270743,1,2.3807545451420027,No
38,16,Operations,6.238551532836188,2.685643478036176,7.952424576613805,1.3201019175000952,4,3.6861671122205357,44.43451550329905,2.9954836290252733,20,0,5,7,27.997003805008887,4,2.5475391540516577,No
25,16,Operations,0.3,0.3,12.675129206293906,1.595318748782001,3,3.1949392107268095,66.3692697436571,3.1119404936419057,28,0,7,3,25.939679894339143,2,3.842361151870539,No
29,18,Sales,12.215607595876206,2.983185216318272,14.556467250220127,1.2020754380756544,2,4.522846244771048,58.400293717498904,4.398407060164082,56,0,11,4,34.150280678518854,2,4.088317948568783,No
31,17,Sales,12.634632345786043,3.4524586955592302,13.304753508528853,1.6761998831043843,4,3.906092208213568,50.061636797701816,3.511060604209348,24,1,8,5,9.365072498751497,0,3.921583950807522,No
48,17,Sales,5.19881124739937,0.49808880192280564,15.745888486133731,1.8710024613027383,3,2.7290676859283356,72.7087057132926,3.4098507730186007,32,1,10,2,16.26341303930594,0,3.406500152760323,Yes
47,16,Sales,18.657566225009507,9.652923430505309,28.367545704771178,4.660423230889748,2,3.295529797573633,60.11705335637767,3.3273789078614624,51,1,12,2,37.862702948727275,0,3.067465675405143,No
39,16,Marketing,7.224201910769836,4.475805761430682,11.79576450616231,1.7157980784801372,4,3.7116688751311107,54.72127844780195,3.5953513882042367,62,1,11,4,58.323811162931364,1,3.75192516921099,No
34,18,Marketing,18.69399677255769,6.552637868520038,18.433557954370432,3.3598763428947,4,2.580048410449471,46.63429897408263,3.7757160129085867,52,0,11,2,7.249743706432364,0,4.438099383178222,No
22,13,Technology,1.0975854614559999,1.0975854614559999,11.227018338331767,1.2845798645470234,3,3.382889133586928,25.689140794907082,3.1078320689515686,7,0,3,3,11.51232308795074,2,3.5919779531105167,No
23,15,Sales,2.7557182870306796,2.7557182870306796,9.10742260185993,0.4583838616945326,4,3.988397367550984,83.48349851157839,3.520246254158354,48,0,9,3,17.409111318414634,0,4.810080109442467,No
38,16,Technology,16.782765444833537,4.2205682444345785,21.19633714801507,2.5679585185655713,4,2.1077400612681285,48.72877403332562,2.5039511499770892,65,0,13,5,27.878756730170753,3,2.8453112961419293,No
37,13,Sales,8.25556467298241,6.208065632595632,17.67093701356188,2.7209960895534486,3,4.0058254137674805,71.82842752741513,3.5292231322684553,18,0,6,3,26.180202747532757,1,4.3186590445962585,No
27,16,Technology,11.483077082061156,2.0316146628010325,20.371121233808626,4.068022166238882,3,3.4103871917940225,84.72918985849569,3.092369371809554,29,0,8,5,34.79431277371655,2,4.001132663555148,No
28,14,Sales,5.325168587303448,4.40765489353873,12.75989459810991,1.8774826888053109,4,3.402467589610404,41.670985017060566,3.4111151942943723,73,0,15,5,10.093786196260462,3,3.5490598904974573,No
44,16,Technology,1.5952108009550812,1.5952108009550812,12.603052891730176,2.2141201489995272,3,3.2214645691084876,43.616994495136005,3.710118538621545,35,1,5,4,20.46870169514325,4,2.933796429393925,No
35,16,Finance,4.384209558316031,3.419969816228196,12.229428711102551,1.203212178609304,4,3.5179677825701967,52.48458387703631,2.4262553945334293,8,1,3,1,46.8810080678586,4,2.61603177546898,No
21,16,Finance,1.6992784263270033,1.6992784263270033,8.026867156690104,0.8585627376807973,3,4.301929645824304,59.616957380092124,2.51969797214708,25,0,7,5,36.681041286072734,3,3.2332696286533036,No
29,18,Sales,10.997886490054132,7.608377434436902,22.000442696374982,1.8647273201679206,3,3.8102358041246243,39.69851333775979,1.9946900267062775,29,0,11,3,3.372713176800005,2,4.166730786791843,No
29,18,Sales,5.277356878800448,5.277356878800448,8.573512365452098,1.2589967787059329,5,3.2826920719035937,45.25257825680031,3.82354946543286,41,1,9,3,9.146276233801224,4,3.3662382109628393,No
26,16,Sales,2.74273816311087,2.74273816311087,8.65416842433576,0.7125554814612133,3,4.892119044067359,48.37876970213378,1.885180291606129,34,1,12,3,34.22359715016773,5,2.282270635272913,No
31,16,Sales,2.776974202002662,2.776974202002662,8.760296712512913,1.4972750962553985,4,5,34.37612491278419,4.0197075080074365,30,0,9,2,57.666672883992284,3,2.0257162477089437,No
28,17,HR,2.9128076834728414,2.9128076834728414,13.041505977677565,1.3906227198271286,3,3.1092861369149807,54.619619123258964,3.19594355739552,24,0,8,6,66.07069706145435,5,3.3683681535805237,No
33,17,Marketing,8.194663254273209,3.2062389603645247,8.480000088594254,1.632793484798829,3,3.3679373789170923,72.78201255995734,2.900303369671654,26,0,7,5,21.252459834067714,3,3.6471033515498132,No
34,17,Sales,2.387675125043855,2.387675125043855,7.893933280425872,0.7085238129195819,4,3.414743817013939,58.3569077858725,3.4790386043132946,22,0,7,3,50.65523567896036,4,4.307893920208048,No
45,20,Operations,9.824695134501686,6.222087532069166,12.223282613972081,1.4619856215388323,4,3.2987552655880696,54.57410983543275,3.3117905256866975,25,0,8,6,25.246460346275914,3,4.444919421588766,No
41,16,Marketing,0.33565478230089973,0.33565478230089973,8.878469135189466,0.6770684595337121,3,3.2112928973990047,85.94419772159765,4.004420611698886,30,1,8,5,36.47469916152994,2,5,No
21,17,Finance,0.41198545207757103,0.41198545207757103,7.993154896204834,0.5284893108035111,3,3.6093609870020296,60.24409635451751,2.528577780325202,27,0,5,3,7.597720204109098,4,3.269417068986598,No
43,13,Marketing,2.7073309964440946,1.8090604793282927,8.252715906052426,0.5035278620481581,4,2.790643857963596,72.41445993612642,2.8134753037357756,51,1,8,3,31.53293452669068,1,1.76469149962025,No
34,17,Technology,7.175646317295256,2.4299588448411362,11.23063216994804,1.6262082585996294,3,2.9103888003563654,60.9415950808104,2.2071135604395784,44,0,10,8,24.086251549147267,0,1.872876296157065,No
29,20,Finance,15.842678268242029,5.834182635516121,23.00130185336355,3.8618480036294955,2,5,67.39118773620008,2.975421235617405,28,0,11,1,80,3,4.591427915579811,Yes
23,14,Finance,2.6526287149867525,2.6526287149867525,13.98702250956741,0.7361655136435101,3,3.6614728798686738,65.71080341613687,3.4025876067473764,13,0,8,5,31.536794212830433,3,3.7910477581559143,No
36,15,Sales,10.324433505970484,5.845257542180902,15.571608300286888,2.106258346588118,2,2.023459447589835,56.08970821071112,5,38,0,12,3,27.693510423207723,3,3.1193689193164085,No
27,14,Technology,5.661547570900155,3.076314026739876,12.136326211546772,1.2003150444798516,4,2.880437590996836,89.53627202840092,2.8069447407857377,20,0,7,7,37.729566291729164,2,4.192842194572214,Yes
43,19,Marketing,1.613249224468792,1.613249224468792,9.811657039379641,1.7653771422334277,3,2.522949808233463,48.72822251119608,2.892959868143065,15,0,6,7,19.432197148310962,1,3.098371734433183,Yes
42,18,Technology,0.585645191304815,0.3,7.514509530109396,1.2304796814694066,4,3.5077989948399084,46.097444751555784,3.0136398668684987,55,0,7,5,33.49374894378343,1,4.210905679598956,No
39,19,Operations,1.461866023270699,1.461866023270699,9.70247118353519,0.9809772665314473,3,4.026656993751183,67.93411906728727,1.3917681356108675,35,0,7,4,35.96685066353914,5,4.421390219180897,Yes
26,17,Marketing,5.018871296601175,1.6497173357668642,9.777009773259365,0.9278446504943879,2,3.4109378919886155,55.171696848163336,4.1064586560330945,46,1,9,5,40.40823782677902,1,3.2583522365813904,No
36,13,Technology,11.842545737563599,1.7220405510023546,22.254355212241517,1.8343934152988506,3,2.1052451314935334,62.510851547236314,2.517343642735196,19,0,6,6,40.68021086868198,2,5,Yes
33,16,Finance,25,10.303198442693798,49.76070187730256,8.956217167458963,4,3.165937439271614,41.765595749972036,4.985713767909068,26,1,12,4,27.633211921822586,3,4.621808457695845,No
43,18,Finance,0.6286635030164096,0.6286635030164096,13.774724505829045,0.7770445306435895,2,3.9823422844222405,57.08738606911115,3.7781666323105716,36,0,9,6,31.028289545518952,3,2.9673189548154806,No
48,18,Operations,1.6419149650675824,0.3,8.011656981976367,0.7297289770872643,5,2.8908425227059347,65.55932278438378,3.4229683064371406,24,0,9,8,27.466312081175776,4,4.98474891360402,No
40,17,Finance,5.738511560736184,5.738511560736184,10.674941642210383,0.9093840582735492,5,2.104789264357124,46.1904171524915,4.153717767882285,31,0,7,4,46.15054286287275,5,3.090408313261377,No
24,16,Marketing,6.847245070000749,2.9285697146864176,18.06275449007237,3.5771895661590003,2,1.9102148433487511,72.94638180456843,1.9374719208944957,36,0,10,5,34.30337735441965,5,2.7405896580433047,Yes
21,20,Technology,2.8646108127047816,2.8646108127047816,11.259276613278537,1.320404084040678,4,4.400211914959335,53.775191771819856,3.19628129592,35,0,7,7,28.366285525127932,4,3.2491061018387435,No
33,19,HR,0.4320398173068285,0.4320398173068285,7.957255245646785,0.6482671203968761,3,2.4110685986819114,58.90657989331572,3.4002556905194328,33,0,8,6,51.715212934338076,3,3.9475024577078854,Yes
21,19,Technology,5.369476217268945,0.3767552154332537,6.640805910377521,1.0034695150913446,5,3.4756179140648187,49.20871751226269,2.0958720146895398,79,0,12,3,22.735865290266112,2,3.608796171934597,No
33,12,Marketing,1.7354519407825306,1.7354519407825306,10.964273238703557,1.1068699930504413,4,2.0829295102777374,68.07340885851278,3.1054605412015532,45,0,9,2,6.355001136256333,5,5,No
41,17,Marketing,0.3,0.3,6.803481834706934,0.6399718060332085,3,2.889451620123002,65.04106084261747,3.533576399102487,28,1,9,3,51.333971939871,3,2.9724862200892916,No
26,20,Sales,1.8242698035826426,1.8242698035826426,8.314076528282927,0.8368256045092776,3,3.0844578172922095,48.727262343756266,3.2076353485418267,48,0,8,6,51.82099470151066,5,2.674591942761133,No
31,17,HR,5.820130068394422,1.3915285901882415,10.341031525364627,0.8719922790768181,3,4.001298091723345,83.114084460357,2.6936641708356275,29,1,6,6,23.096984749212275,1,4.401042544452161,No
43,16,Operations,0.5110304989716097,0.5110304989716097,9.001028867801864,0.9485935548453944,4,4.502993189667189,77.71723184530612,2.289472878867631,22,0,6,3,25.289253802486286,1,4.57479811397892,No
28,18,Technology,9.809501143831316,7.495001588561644,13.533165474308587,1.278879486632675,4,3.607792088584902,69.32000750696,3.1182708973557594,53,1,12,3,2.467839580667949,2,3.091441582150949,No
28,12,Finance,16.313072184064765,8.577752936954612,14.164213755287511,1.9442215868503192,3,4.685282556708635,15.073158981809668,2.8970170318067576,52,0,12,5,45.30712292847683,1,3.38451215242996,No
32,18,HR,3.2530651580182974,3.2188670322604103,11.398598174261082,0.7061610316163592,4,3.0741509327075045,42.31747261843834,4.1024087623086665,41,1,9,4,4.638085078860735,3,3.2313458905525243,No
33,18,Operations,0.8533007988669936,0.8533007988669936,8.551316398655286,1.6883303444053435,3,3.695821382442003,46.36694741279196,1.1188676062189225,60,1,11,6,37.83315484147879,0,4.9955230174373,No
39,16,Operations,5.9960006180756595,5.82367285149985,12.797527708073773,0.8616275789026385,4,4.804697656668618,52.36855673546677,1.898030555381922,20,1,9,3,31.954831907266215,3,2.986432309758727,No
43,13,Operations,0.3388425947204844,0.3388425947204844,7.160395304883486,0.7775951249829771,4,2.317944637425297,68.93164347159022,1.9054921788229866,52,0,11,8,63.916954103145315,5,4.0209305098151935,Yes
33,16,Sales,4.223928708174188,4.223928708174188,8.179766535076617,1.5821746107258372,5,4.087563892213463,52.09460893764509,2.716204888693284,36,1,5,3,66.39746892187466,4,3.0828367146807025,No
33,15,Marketing,0.3,0.3,8.417699156823634,1.4904091440809888,3,2.513942489592165,52.49241719374299,4.195469084828098,62,0,12,4,32.42897207624014,3,3.440830162725794,No
33,15,HR,2.181479165295072,2.181479165295072,7.846732743314068,0.5538481006774427,4,2.913638303270623,22.511870516729378,3.2108294680236873,12,0,7,8,54.410982994756495,0,3.299352930040258,No
51,17,Operations,0.8334892389598034,0.8334892389598034,7.428569440933431,0.9726972984238755,3,3.552467584683492,72.15445937810831,3.583095560662834,12,1,7,4,44.90269580724938,0,2.1925992596122756,No
24,16,Marketing,0.9461416070735905,0.4237435702675895,10.536693508933448,0.6527229498266763,3,2.9148187897869064,61.987305070867635,4.3861596043262345,35,1,7,3,15.525199168219894,1,3.0813341865259445,No
36,14,Finance,9.691438728084853,2.81986816682633,14.411568249297428,0.9497274263736237,4,2.4052741199947225,54.78834090252802,2.8226320720298954,14,0,6,5,14.49154870096743,5,2.158992729015498,No
25,14,Sales,8.654663606526526,3.5447092948024026,14.10537275861679,1.1373925162751675,2,4.579389177953669,76.00898001997152,3.4168042524164437,37,0,9,6,52.17987819547303,4,1.2876019552259985,No
37,16,Finance,8.307834013749225,5.214027223981739,13.482812180750317,1.1121860843270424,3,4.705269954635766,59.583788937797515,1.678022761398235,22,1,10,6,80,2,2.1146482631408667,No
35,15,Finance,0.6923020975033785,0.6923020975033785,5.9953857530351105,1.1772262895025927,2,3.7881442318774776,91.00193712251236,3.2112339687937927,58,1,10,5,23.52757240156802,4,3.2577292268147606,Yes
37,18,Finance,1.6298683853458968,1.6298683853458968,9.258587302680528,0.7965001912763628,2,4.100183380120391,60.451116852344775,2.777719845804874,57,0,10,6,47.407066964003924,4,4.328019401583201,No
32,18,Operations,0.31752178478634135,0.31752178478634135,9.461282711986224,1.1434556316739266,3,3.509684994308255,81.52521817088017,3.181462483456164,45,0,8,4,32.56114465050085,0,4.884337567166541,Yes
31,19,Technology,6.311592685080592,3.0937048607069237,8.41490428930214,1.7018708762403127,3,3.772428218539164,80.63136162589717,2.470103192575949,58,0,11,4,14.491679999205587,4,4.03494117894766,No
21,16,Operations,0.33521740560570124,0.3,10.533036511070847,1.2477683547027776,3,2.5208648117620447,64.8819077905017,1.0026471601940747,69,0,12,10,34.88359358011999,3,3.4328212956833806,Yes
22,19,Marketing,6.417828436061437,5.207921427788528,13.14741154489231,1.5483523249338633,3,1.8001347320905996,74.51698193618313,2.9857985441080737,77,0,11,2,2.8090241229754755,3,3.370664291087166,No
45,16,Operations,7.509374048643517,5.162685218767206,12.31855479553323,1.4623034121619252,3,1.7854360925953983,69.03634134122805,1.91436221413164,14,1,5,4,35.33392493546695,5,3.522752846765986,Yes
36,16,HR,1.9191162141142575,1.9191162141142575,8.436070643420756,0.6721204363671428,3,4.572564785364343,27.227457220834907,3.709165166767066,38,0,10,7,45.01409768394048,4,3.479712749581272,No
26,18,Technology,0.3921192556281519,0.3921192556281519,6.061201310559805,0.4543723391721826,3,3.189051386725649,55.12145114610401,2.9027142034773217,9,0,4,2,7.483019679139467,1,2.656734418993145,No
30,18,Technology,8.950068236720332,0.3,8.922585473081817,1.442152648233786,4,3.608614186342754,69.28186610108921,1.7954433992166308,23,0,7,6,30.786669153154165,2,3.4010133508738436,No
26,18,Finance,10.677388371764133,4.287072578612882,11.558202047160925,1.9867804666072908,4,4.398621772352065,58.074601773278225,3.1087493927564642,31,1,8,4,24.988662978878736,5,1.6933564631391587,No
42,16,Technology,2.8427215389293683,2.8427215389293683,10.003061262537365,0.5859292111828551,3,4.373832189109758,80.07562678010123,2.314308903319146,38,1,8,6,21.042781507275667,0,3.162494646899815,No
53,16,Technology,3.534453512674049,2.180047196120738,10.468323170525109,0.6386934426160013,3,3.60497221704208,63.591388365242025,2.210913462393935,41,0,9,3,42.823345945509374,3,3.627030661599046,No
44,18,Sales,3.7848399810652102,3.7244119814141015,9.250778549171503,1.1955836942076645,3,3.8034443943440337,72.39232660696233,3.6012340936685985,53,1,11,5,18.561979034139483,0,3.5936311822558165,No
40,12,Finance,15.190376169895208,3.3846625301436255,27.19159443160986,3.612005920804304,4,4.180389016914237,57.45474878297937,2.693355807004343,44,0,11,2,15.853161971022942,3,4.2503605746052004,No
23,18,Finance,0.7695177953563296,0.3785112568497383,7.016537507443689,0.9347487359662685,2,3.5052274637354315,76.15526505605638,3.102523236088876,28,1,5,7,77.00597213713051,3,3.9670678175109435,Yes
29,15,Sales,1.6601643371348391,1.6601643371348391,5.332518266972621,0.6521544715120402,3,2.7019892302305,44.0335241357895,2.5122217185657028,20,0,5,1,18.337146019224125,2,4.077644898213282,No
53,16,Operations,9.89206052812227,2.918310286564427,12.28405936495506,1.7697841887016244,3,4.67454004890896,64.3573556080373,4.113043807656111,34,0,8,3,33.18485745052145,0,3.3806982007160027,No
44,12,Finance,1.8943366301718694,1.8943366301718694,6.296100708847484,0.6585227436790222,3,1.9233316384060763,54.81615619536345,3.227516420301798,21,0,6,5,30.498482408659367,1,3.465650909911044,No
21,16,Technology,4.322412101233223,2.964511240999667,10.173396734180804,1.0285460153037407,3,4.236779534198603,61.354461444993234,4.0253048301417556,11,0,4,5,55.94030861680162,4,3.777281252947489,Yes
32,20,Finance,4.688331614291543,1.9140471220706077,16.788138394239486,1.2490777202468124,4,3.125894802523912,45.41683962332739,2.9029052051824604,20,0,8,5,9.788075509165884,3,3.7220663307751667,No
25,18,Marketing,2.5731695626423345,2.5731695626423345,12.066286243634726,0.6499702899727042,3,2.3980307540778933,88.980712933038,3.005489420494503,35,1,6,4,23.776899347583896,0,3.153591596285504,Yes
41,16,Operations,8.810698857950719,6.716742702977458,7.502963793212381,1.3610053807576499,4,4.3959978297702875,61.29516284623449,2.5939895608926933,7,0,6,8,22.336988740940374,3,4.07830939087655,No
26,17,Operations,1.405825345423802,1.405825345423802,7.316043109732189,0.5468203850624955,5,2.7004295137764385,56.83466211270287,1,17,0,5,2,18.857315286590026,5,5,No
38,19,Technology,2.11808260200262,2.11808260200262,10.677909817070077,0.5377451971386958,4,3.923280045747321,61.16867677023792,2.309885776864479,15,0,7,3,20.63030435019851,4,4.1385865049303,No
29,19,Operations,5.974194814620137,5.656338767176128,12.889712071028576,1.2390524278275274,2,3.9269463290953404,57.620217711586996,4.696555901890579,32,0,10,8,58.071178384874486,3,4.323679253530891,No
36,16,Operations,13.290652200341396,3.7357897909738726,14.908427599901607,1.7183022551493983,3,3.165012174940293,84.25562340888268,2.68961314408812,18,0,7,6,62.570909724982684,3,1.6431880664886396,Yes
30,12,Finance,3.152118933237159,1.8784320246362232,17.283349585954216,1.6653319861787004,1,3.1074160961623742,43.73861609225805,3.587656733019151,29,0,7,0,9.97264308642909,5,3.78177480079184,No
45,13,Operations,3.209224011338659,3.209224011338659,6.626488291611921,1.267992273526172,4,3.1102441196037764,47.21005284533036,3.4204414264696497,65,0,11,5,12.269939639867273,1,4.5606689345882,No
54,12,Sales,6.06651176682664,6.06651176682664,13.052604830130944,2.132745073344258,2,4.812508782262084,35.196908162552354,3.993937724128119,18,0,6,9,29.287540851317363,4,3.8964493628858894,No
44,14,Finance,5.485422924579556,2.6859916144341827,14.19952566191087,1.33119342761888,4,3.5052565579443216,32.849636002448975,2.7653520607639472,26,0,7,3,29.001348955259612,0,2.026031752907677,No
25,16,Marketing,11.540662083940363,8.707026626807671,18.13727122406815,1.1253400468975105,4,2.847064305710369,41.07593718371053,3.289917998339344,21,0,8,7,9.89707340284144,5,3.3071494770249474,No
39,19,Technology,0.3484216264020421,0.3484216264020421,8.741019999300002,0.6790116897014942,3,3.7952673343523147,52.35131735469497,2.879810771329961,24,0,7,5,7.301770692395088,0,3.7063664070904356,No
42,19,Operations,1.2991172475985548,1.2991172475985548,16.06209779481914,1.9961582218072054,3,3.3330825154699544,57.4816385604619,3.598158027208022,13,1,3,4,65.12027077019786,4,4.120844149827998,Yes
22,16,Finance,3.9232119755800556,3.9232119755800556,7.8716459224267465,0.4500777995271583,4,3.303308686313836,69.62938914695407,4.012523391447308,34,0,8,4,15.501383674477767,0,3.8499423859104325,No
32,17,Finance,5.560263709911421,5.560263709911421,12.325439794279317,2.073462102497397,2,2.473425067015787,70.82708943576725,2.3965287307330474,29,1,7,7,3.101015922306367,5,3.1844228557018304,No
48,14,Sales,16.853727568084047,4.687279433800438,28.843928061487663,3.951349484585469,3,4.225008579370287,58.89149555161252,1,38,0,11,4,22.732012539485865,2,3.241547426617057,No
21,17,Technology,2.6005660251372062,0.3,8.820711172610574,0.8273779886329786,3,3.509533352685246,67.50219809824837,3.548591431038846,16,1,6,6,64.3194975449884,4,4.376064411159564,Yes
34,20,Finance,2.1065211944601745,0.31290096760750785,7.260599420574638,1.3223819900547573,4,3.5935388799300916,44.231360205086695,3.7000032706180663,93,0,14,6,26.134032658049588,2,3.7960623831936093,No
30,20,Operations,2.1505043656995966,0.3,6.406481235716446,0.7235787266969653,4,1.5014287724228197,65.29303769577777,2.8483389452787486,48,1,11,3,20.568803315302194,3,3.770986906262878,No
31,12,Operations,5.8380058100935415,4.342128075102784,17.40468738708778,1.4903663160068623,3,5,36.468158362764576,2.4026381110124126,26,1,6,3,49.79919208271395,2,1.9761888057593306,No
28,12,Operations,3.9740915949506115,3.9740915949506115,9.568111226902536,1.0078024033303676,5,3.209308900118498,49.888472164033054,2.3060292616830926,75,0,9,7,39.1279522924561,3,1.860822180163266,No
43,20,Finance,4.927833244897077,4.927833244897077,10.136802329022283,1.3466974016177633,2,2.7215188476550476,74.50532337397595,2.3960288532473326,14,0,9,2,28.755321780161722,2,3.7063847510267767,Yes
22,12,Technology,4.104787614205996,4.104787614205996,10.615536037020416,1.7726887157539377,4,3.040560833069414,63.058503312248234,2.5196509078543645,73,1,12,3,44.21727854558137,4,4.069807323570051,No
36,17,Operations,13.51325231187958,8.142854667134372,14.675948287510485,2.8945693880236725,3,4.109628997952853,52.31503159177939,3.78820952650947,56,1,11,3,29.03386580977472,1,2.252556116200945,No
43,15,Technology,1.0279791778238536,1.0279791778238536,8.736988185484421,0.6409617568755084,3,3.4974376374752754,61.18829234310877,3.014643604698133,31,0,6,9,34.83592846338939,0,3.42443170099446,Yes
36,17,Finance,1.1182386252723306,1.1182386252723306,8.313838024957596,0.8855045586571783,3,3.2022983679627113,88.0910601755007,3.8888192738143283,28,1,8,6,17.895067380119393,4,4.108033091102084,No
42,16,Technology,11.169389269791552,7.021688420352865,18.183836148618337,1.1271339041683366,2,2.6210543737029055,29.53658705979146,3.527588975809346,44,0,8,1,20.48373919234716,3,3.9925958692810988,No
49,17,Sales,13.597555542625258,5.532058629941747,21.044308904730933,2.219523027149285,3,3.287926398845748,77.1685370656139,2.3981595275287395,45,0,9,3,61.49537835915286,4,2.648860964374084,Yes
27,18,Operations,3.0524446281401953,0.7687649942297574,12.08251586508063,0.68906599654401135,3,3.2874702738299,34.21535543098235,3.9062447296949077,22,0,8,4,7.413034568495691,5,3.3822078284197765,No
40,15,Technology,3.510644813422267,3.510644813422267,7.619569924251122,0.9457156588281143,3,2.480630725449071,48.29255569815308,2.7781240385785844,52,1,12,5,24.530507529389112,5,2.9359426016753893,No
43,16,Sales,11.421926652993722,5.632194268207637,19.348387965328413,2.7460264190545383,3,2.73427159714865,94.87100298626827,4.793516659710469,40,1,8,3,52.67367892214947,3,2.408068864294991,Yes
35,15,Technology,8.45985977285457,5.658691637494653,15.397572018296554,1.0173417602313346,2,4.755621754542185,100,4.713225831299623,43,0,9,7,32.70522062374723,4,2.855041335447931,Yes
39,15,Sales,8.51515822596691,3.2144911955262776,10.59809479949729,2.0679536588647216,5,2.805098727163542,85.9498735844602,3.7198383137940927,31,0,11,6,11.658674400166586,1,2.8174354042814644,No
35,19,Sales,2.5947980342471806,2.192657409316224,8.983408136648219,0.4492194240239274,4,3.117125953708114,84.0783082894127,3.595834138271337,39,0,10,10,43.23832323202465,2,3.4908963255049086,Yes
36,17,Marketing,17.288390167478266,6.980624965163178,16.36510976203097,2.69811957627293,4,4.274065780723955,86.81605761064544,3.9091071809532325,9,1,10,4,24.872922741994067,5,2.4286024438484057,No
41,16,Marketing,3.3055640814080216,3.3055640814080216,6.8374496611269135,0.8608065286679568,4,3.0102975799423866,69.96007601018418,5,15,0,4,3,38.71343856235849,3,4.983465160699947,No
37,17,Technology,12.362920091383394,8.396538256353823,20.200628838841748,3.378820715179573,4,2.274634767182667,70.94337744484841,2.104975879794294,83,0,15,3,33.500844749121974,4,2.777017698122251,No
46,16,Technology,1.9801997330875167,1.9801997330875167,12.355123385477704,1.1124145870034707,3,4.1877989450121955,53.80602156122095,2.904526033333346,24,0,5,5,11.813790385872842,5,4.985158134760776,No
21,13,Operations,1.9338812258337836,1.9338812258337836,12.100982448230734,1.3867681932459444,5,3.1103373341014477,40.61781032810676,3.008478359549117,43,0,9,4,24.406592033425888,4,2.6273578201163104,No
40,15,Marketing,12.35674165220128,7.351708906908436,14.36297978532673,1.6590938867636873,4,3.130674881882485,54.18836903408366,4.19070781342891,28,0,9,4,23.10636437162731,4,2.334233422662741,No
35,18,Technology,1.2942664914849231,1.2942664914849231,8.031759470839852,1.1931984687003816,3,4.423166602722057,58.44458853188614,2.493432968562403,70,1,12,2,14.874920940302925,5,4.0644448038854515,No
32,15,Finance,0.3516922936206619,0.3516922936206619,10.837739406239862,0.666208261264233,4,3.014886490822492,67.28504671204996,2.802101977000217,24,0,7,3,33.43401877619686,4,3.5252476160652906,No
42,15,Technology,0.3,0.3,6.871158154270698,0.9664319336533173,4,4.988618025735627,87.18781135118459,2.401876260679919,35,0,9,6,79.42861471900211,2,1.6451398934427872,Yes
32,18,Finance,2.7502801972343782,2.7502801972343782,10.321984130918878,1.4124352013219008,2,2.5946613666868705,51.995362490052194,2.5865860925074013,6,0,6,7,27.99017888273798,0,3.046800191700133,No
35,17,HR,5.681071988395821,5.681071988395821,14.800228172447614,1.4081031724333768,3,3.519993617737403,63.03561324363673,3.3091551323034336,22,0,6,6,35.48034302470369,4,3.3802146465617406,No
40,18,Technology,0.5546783109916982,0.3,9.245229187829466,0.6085287841832908,4,3.564916063337525,35.7911419937132,3.510433875707655,6,0,7,7,8.607694624768275,4,1.4849923151722857,No
37,16,HR,7.953673563712226,5.069337788848291,12.575868318471544,0.9098059099486681,5,4.3191979553027355,38.120777284994176,3.023599235887711,27,0,8,2,23.237925088830075,2,4.189008906914031,No
34,18,Operations,12.840558591900624,4.221809080548401,20.094279607770623,2.180849898199336,3,3.611315148937214,62.09222898990111,2.520957613989715,34,0,7,6,30.192517019453234,2,4.5097221856683465,No
31,17,Sales,0.3,0.3,8.491751299038878,0.9079842679362962,2,3.2192978578457354,42.875148285876186,3.6815323174071226,31,0,8,2,16.808684687706638,5,2.364348733302723,No
28,14,Technology,6.99498045332162,4.545312583669641,8.412721693739549,0.8991568282612711,4,3.111542389263714,56.11064209767487,3.5067146267776765,37,1,8,7,19.88495650139159,3,3.4968778323746283,No
32,17,Sales,0.3,0.3,5.513506388731848,0.3905819037316808,3,3.3944463671102043,27.09494002339477,4.2812189498658855,22,0,5,4,19.21997635315089,2,3.343098433097687,No
29,13,HR,0.9952488390967638,0.9952488390967638,7.50552233387911,0.6311539758473003,5,3.798290584736617,66.40964048400866,3.096079937089624,29,0,8,3,15.561268631560104,1,2.3547407581928077,No
34,15,Technology,13.91339245347753,7.951212393284609,14.543888182003217,1.9543139693551932,4,2.711009385774976,74.222975566857,3.3824593546926045,20,0,9,6,57.09108889425285,1,2.6389641553771583,No
33,16,Operations,4.523928940866872,3.002868982034577,7.201472483584464,1.0135677329275725,5,3.9933139003344995,56.93369385089086,1.892379729712504,7,0,6,6,50.03812125745484,0,3.671887603765425,No
37,16,Operations,6.258128752338933,4.8877065962380115,8.6600408205606,1.642237664917598,3,3.6942181617375165,62.704210295321,3.0804727283546725,43,0,12,1,47.82077565113939,0,2.7215414237679347,No
39,18,Operations,2.089858093486349,2.089858093486349,9.708277876641732,1.4026871507017553,4,2.3178135095233574,56.163790742641105,3.298184627794172,25,0,5,3,37.07915564660102,3,3.418989634465748,No
35,16,Operations,4.443258735845166,4.443258735845166,9.690678983569844,1.1152710445319518,2,3.2050340857551163,60.49020747869479,3.2734346693992356,49,0,10,3,38.39371319890862,1,3.0781895269426207,No
42,19,Finance,3.238059526509174,1.4032436648881714,12.848165813275191,2.5673898594102336,3,3.573014293395163,48.16117388408138,4.195148773770426,36,0,8,8,80,2,4.795815262975369,No
42,14,Finance,4.691289271465702,2.402523610542741,11.604288686334742,2.2101965607915157,5,4.008573833191328,52.876853484005885,3.2889184128095343,53,1,10,2,50.49361416761126,5,3.484201027136824,No
32,19,HR,3.4680962633003327,3.4680962633003327,8.414844252644754,1.549470320357227,4,3.8855393565082537,62.19428224458762,2.1953330049225808,33,0,4,2,42.75447445489049,0,2.4375606241428582,No
46,14,Finance,1.5756440152215774,0.3,11.824545041360697,2.290720068982989,5,2.6024907415680305,53.36349565144907,4.532118466164132,23,1,6,4,30.7301247487339,3,2.3597431104875723,No
31,20,Technology,4.6759242967189225,2.8904064861089873,12.471032362901537,2.2638140223179306,3,3.4952861168080442,77.86714418262973,2.9959211027629338,46,0,10,6,40.60844348375114,2,3.0021980157765173,Yes
33,18,Technology,9.74392954852736,3.8057148361537343,23.085554885653874,1.7416350250682706,3,4.813088944625639,36.92049904219983,2.31007645390358,45,0,9,3,46.33189451741418,4,3.326465726287295,No
49,17,Technology,2.956507845585874,2.0444403167794,12.669921800131506,2.18794424054749,3,4.192074621676218,63.44965501506483,1.0089589649111639,18,0,8,5,29.882027058805484,5,3.650826145095667,No
33,15,Operations,1.895075862376309,1.895075862376309,7.004503333134426,1.3190461217088099,4,4.088780089570918,21.33943231810054,3.0226963313396897,80,0,11,6,39.2108084642838,0,4.1755061250413865,No
24,12,Sales,4.343747130401892,4.343747130401892,7.546468496100278,0.7280219253485475,4,2.2781955479811877,67.78025296895179,4.670236126680732,26,0,6,4,13.3605760943464,4,3.8925254393557904,No
32,17,Finance,5.11196980275053,2.7390824571060275,9.54858399878565,1.586298587336045,3,3.7093521060878922,38.09090545875899,3.803918127436677,40,0,10,8,31.181426784768863,3,2.772589906044501,No
36,12,Operations,0.3958976828284182,0.3,7.459558237512142,1.1991088675182477,4,3.810257113885807,82.39623400465338,2.5962581935273565,13,0,4,4,4.871236731692216,4,3.986437827651622,No
27,17,Operations,3.0402518896782267,3.0402518896782267,14.689428283954554,1.7757285574547952,3,4.88687546268195,53.203949167908476,2.3836449626214113,7,0,5,1,24.677532012349936,1,4.369796456410989,No
27,18,Operations,6.661434853841548,4.584302389372128,10.34119356545227,0.6261410587253659,4,4.593164857027357,53.985087842855634,2.8150983446647557,61,0,10,4,43.23175540679573,1,3.439904761603799,No
27,15,Operations,0.3,0.3,12.843336775533203,0.9652564047307389,4,3.5901419944109447,33.40089922469723,4.429198918965899,46,1,8,6,32.20591129441918,1,3.2092553866014897,No
31,20,Technology,4.41037228144094,4.242930173553904,7.898672334147134,0.9282593461377611,4,2.9762820362641618,56.9271757968603,3.011394351820492,27,0,5,3,32.898023288996995,3,2.9760940820857917,No
47,12,Technology,5.992992062530823,4.361181962912334,12.046361689001083,1.0274795456066317,2,2.9001217646512223,84.60524799962363,2.0856933825733734,24,0,9,1,51.41917213410465,4,3.107848304460999,Yes
36,15,Marketing,4.292710087816834,4.292710087816834,7.514758244617445,0.48276950954487935,4,3.6070002036104616,44.37837955968748,4.209239043514148,27,0,7,4,34.68240098681909,3,3.4408601565177817,No
35,16,HR,3.528714390903605,1.735960435373767,12.827810868180913,1.1507486867594294,3,4.4214771731429625,70.19220525319146,3.1037583549530154,18,1,6,1,22.10543855868401,1,5,No
28,16,Finance,1.598348152169158,1.598348152169158,13.154472778498155,2.017536766335519,4,4.200702305651211,15.359699915346424,3.01949049735725,31,1,7,6,10.735286916274642,2,1.7972363587928932,No
31,18,Marketing,6.272193266171385,5.037044752996875,15.468501461757869,1.2089112183968,3,4.681247978863918,61.762081882761,1.893445375434777,44,0,9,0,36.80256761174754,3,4.224501426684856,No
21,13,Technology,4.469935351551662,2.595726736886613,9.640899048073525,0.6256519214569438,3,2.6865196700071587,59.78661110794438,3.4698410841963403,32,0,6,3,18.315250012178158,4,3.520496387394174,No
43,17,Operations,4.502821545640873,4.502821545640873,12.128723217802378,1.1331156876993689,2,2.399357831459766,23.251349981133362,3.2841722228285146,35,0,8,5,21.383794284324516,0,3.8794520772825414,No
28,18,Operations,3.9223177469850423,0.4175155723690865,9.758798451070145,0.6629299991608882,3,2.9177282763887753,75.24545621753947,3.117882477814607,35,1,6,5,3.9493329226175824,5,2.0890020739532633,No
38,18,Operations,21.738946941068317,5.091259467774829,28.34805755928225,1.476231461478362,4,3.3869578695635654,58.625732935520794,3.7968820851686234,23,0,8,5,24.191688040190446,1,1.7958951647092436,No
21,18,HR,1.5896176340990995,1.5896176340990995,6.920690228190696,1.1710272279049097,5,5,65.6239473485287,3.197324383576058,29,0,6,3,7.721733443311481,3,3.7099600620984714,No
39,16,Technology,11.740223417716392,5.656212216676436,17.02208756070024,0.8797256390527228,4,3.9344035777724677,54.88317737305104,4.103357287856628,21,0,11,3,17.745028701176064,3,4.761616486125329,No
43,16,Finance,2.405062481421077,2.405062481421077,8.25282851343533,0.5554150814566386,2,3.113458744280039,71.053061202265,3.694936963913121,11,1,8,6,7.125678548179746,1,4.664211950352342,No
31,12,Finance,3.189750124611301,1.8936429164168866,9.183648207589343,0.8011008448258538,3,2.8997758100231055,63.58875221537458,4.888619641941608,21,1,5,4,17.496933694888284,4,4.04882739305548,No
30,13,Marketing,0.9616227041208691,0.9616227041208691,6.596806374567005,0.9146747740205672,3,3.2993932533131964,75.64448920068453,2.3051891169137533,17,0,5,3,29.897243527574023,0,3.2519936416950572,Yes
29,14,Finance,7.997913441837706,2.1104606060538202,12.563324994799899,1.6396334672683832,5,3.276352516917093,48.96129502134043,2.1184859765972175,18,0,6,3,79.85034156991954,5,2.5344974162055607,No
37,16,Marketing,1.0303918995304566,0.9383250652625647,8.39104614774735,0.4462004467287939,3,4.298508502155782,56.52009412622394,3.0079789465684055,36,0,9,7,20.382958265089524,3,3.7128029258927695,No
29,15,Marketing,0.3070716526758998,0.3070716526758998,8.277246675827488,1.2641764459680975,3,2.8767608581373887,70.61832708262888,3.1934706429307322,24,1,10,3,39.52377569834425,4,3.565867267346531,Yes
40,16,Finance,8.292708912908038,6.75092696732759,13.313109971978411,1.2981984369149109,3,4.9995514015613844,75.06270866310128,3.0848260899402433,30,0,10,2,12.985560493384888,0,1.7930290567584144,No
35,17,Marketing,0.9854891818365139,0.9854891818365139,7.758953452997815,1.3379307287495703,3,1.3337025639972975,83.1489012312266,2.48194756057847,15,1,5,1,16.51043216160149,5,4.660132699407168,Yes
42,17,HR,13.181475101287736,8.310728827475202,13.615896787922011,1.2318228459560063,4,3.886747525585378,48.639163883507074,3.2925457510757368,37,0,8,0,43.63745818430745,5,4.713571356121763,No
41,15,Technology,0.7081513381162337,0.7081513381162337,8.400336400854638,0.8192026489032708,3,3.502486202544668,38.973750220225966,2.312539898259576,47,1,8,3,14.443309643454095,0,4.564485943779529,No
33,14,Operations,8.125481536825959,3.850810903035539,10.069471228323792,1.4394698088252555,3,3.689372192116977,51.957500571085234,2.4113610626385977,22,0,8,6,51.66500590539169,4,4.215333011937317,Yes
21,13,Operations,0.435815538118298,0.435815538118298,9.763893381893242,1.1842392934102408,5,4.207276748828934,100,1.6847628911830965,40,1,7,5,22.4451475305191,1,3.163620299769135,Yes
47,15,Technology,0.3,0.3,5.283238288346141,0.7364226049983584,3,4.99107987180978,58.47010375064023,2.80073515493019,33,0,6,2,34.223189059829835,4,1,No
44,19,Operations,3.4528627182942113,3.4528627182942113,7.811114622261892,1.105435746397323,1,4.310018918480072,70.89163520585737,3.919482249144946,39,0,7,3,61.93572203890792,5,3.6962266132633244,No
27,19,Operations,6.6119879359548355,0.3,7.081180418947624,1.0675702026667238,2,3.27683788643667,57.07455637162219,3.886917411123223,27,1,8,4,20.88776113959838,5,3.684741792653549,No
38,15,Finance,6.556899736175914,6.461861293316958,10.43190852331954,1.5351247779156105,5,4.658925906316824,66.578407275275,4.971647916223111,38,0,8,3,64.60521350095009,5,3.531320070969556,No
48,13,Finance,1.78701472353443,1.78701472353443,10.743587906722967,0.941063752166571,4,3.8875749598945997,82.11525672867447,3.3988540282014914,18,0,5,6,71.56984658295681,2,3.5982578671594054,Yes
39,19,HR,2.2672414683636988,2.2672414683636988,8.716537876910548,0.4832342198662464,2,3.4900676636948047,81.82888465689898,3.195769578635494,83,0,13,3,23.688676465881223,4,2.330660977309617,No
36,18,Technology,1.0277182753389114,1.0277182753389114,10.511842606682428,0.9399576946865702,3,4.610653793347341,88.89407901116851,4.0218224212020015,44,0,6,2,37.06533319242561,4,3.733225510782283,Yes
33,18,Technology,5.902458175969777,4.472806793133072,7.969737663776254,0.7930551562647365,3,2.999643665358351,66.65551633465097,3.798999205573817,68,0,11,7,34.39722546010721,3,2.45591420791565,No
41,16,Marketing,0.730079279380222,0.730079279380222,9.451883302552854,1.1567886361618784,4,4.305378900125336,67.29710552399972,3.8204408165601387,10,1,6,5,19.553913463641095,4,3.4298860636824546,No
42,17,Finance,1.646304785469136,1.646304785469136,10.317319677123743,0.5198589659491458,2,3.276243446466034,96.94101630773301,2.7029349159877483,30,0,7,0,6.701183890828836,1,2.1412517568302505,Yes
46,15,HR,1.092130481965108,1.092130481965108,9.748049079300701,1.3120735011634725,4,3.67867241893175,83.87544194217382,3.4109148804481233,44,1,10,6,35.14568973228772,0,3.8754007015619663,No
34,18,Sales,1.834744517512618,1.834744517512618,5.610691525173105,1.0836909848214331,2,3.3071449044610444,46.988744309406776,2.7951432180641853,40,0,9,7,55.40975462709124,4,3.0730616220244813,Yes
40,16,Technology,11.664222297760057,8.016630594970914,21.512407838692155,1.3622651530502583,5,3.5922132953221406,38.504339654158166,2.493516253338575,42,0,7,3,21.428328889956727,2,2.14444486829992,No
27,15,Marketing,0.8487691811286333,0.8487691811286333,6.608458653964862,0.7648645529232833,5,3.7832792812009814,68.51797353990965,3.822028180108724,24,0,6,7,14.824557490625002,5,2.939419684456472,No
41,20,Sales,0.9552085530375196,0.9201090683922849,8.435716983455189,1.353481703857507,4,3.7899447243243998,15,3.7915585724078573,27,1,7,4,27.7663928629678,3,4.643786268011449,No
34,14,Sales,0.5317857455325028,0.5317857455325028,8.164331497413642,1.6041996169743498,2,3.2033419147742848,42.4747971005268,3.8929395689021042,46,1,7,5,29.240201571120682,4,3.363972010039818,No
37,16,Technology,2.0737192618937077,2.0737192618937077,10.036334488124462,1.638747215413954,4,3.3036919175848425,54.9810565447652,2.615407982278779,33,0,9,8,10.766895729279224,1,3.0032370015392225,No
53,18,Technology,18.201725458015208,10.434988056253102,16.9235078332105,2.744646211816296,4,3.806339218598476,87.38123072390059,3.0192357447911515,27,1,10,4,25.714371074594272,3,4.995358394873908,No
40,16,Technology,16.076593036713923,7.38679443278613,19.61317038467321,3.3740912762601063,4,3.489266115510476,64.42107005910009,2.6703656529030133,35,1,11,6,27.18728408928378,5,4.59106295241731,No
