Age,Education_Years,Department,Tenure_Years,Years_Current_Role,Base_Salary_Lakh,Annual_Bonus_Lakh,Job_Satisfaction,Manager_Support,Workload_Index,Work_Life_Balance,Training_Hours,Promotion_Last_3Y,Projects_Completed,Absenteeism_Days,Overtime_Hours,Remote_Work_Days,Engagement_Score,Attrition
43,13,Marketing,4.189578842922052,3.0928400590128913,11.41442200407784,1.6103371404587425,5,2.600957276794357,40.330020541654505,3.3213753999829416,41,0,11,2,35.94481947408859,5,3.3833832827948718,No
33,19,Operations,12.077220226163924,7.806446743622936,14.506325222539418,1.3619003572343997,5,4.700385024120787,57.1980338118152,2.106739637466997,55,0,10,5,42.76179141057361,4,4.2199390894612545,No
30,16,Operations,7.122233360463024,5.580790815547373,14.285698051171579,1.3756885862905144,5,4.784499084300898,51.151750833778124,2.57714059873933,49,1,11,3,74.92383795774528,2,2.3354745923050335,No
22,19,Technology,0.3,0.3,7.6043657390124615,1.3259729771838389,5,3.915076958790349,91.05783650485219,4.616865277210966,32,0,6,6,29.44277754007598,3,3.1533702247656503,No
24,19,Operations,0.3074860545050947,0.3074860545050947,10.036528483857214,1.2198919438638556,4,4.32402991803844,50.959633934977205,3.501578924632821,72,1,8,3,63.27059048671286,1,4.996226667171011,No
38,13,Sales,2.0163346489309695,2.0163346489309695,14.022552265837277,1.9532407708933974,3,4.180719428830663,32.99497812420475,4.724603745241999,14,1,8,3,46.922957120163986,1,3.9679119843254376,No
29,15,Sales,1.7133502519739652,1.7133502519739652,5.374125092562553,0.6563499951716258,3,2.7109599014350527,43.39264658492827,2.5004532425506283,20,0,5,1,17.934765508843405,2,4.09053691486995,No
24,16,Sales,3.9019334259043696,1.3119531436224534,9.802727354108605,0.9517679763856345,3,4.02512531245302,44.344087954911224,3.2054709102243635,19,0,8,4,29.703786437770074,4,3.372197731167062,No
39,18,Sales,1.0332451131001157,1.0332451131001157,11.893109249140577,0.61724057476823,3,3.0032519098201393,64.23238955627937,2.7090345219919887,37,1,7,7,37.35345350284905,4,2.4352879419027356,Yes
35,16,Finance,4.213349896943538,3.4062768949927307,12.142915938784439,1.1772546671258528,4,3.5087457894657947,52.510165826607945,2.3748347630426556,7,1,3,1,46.16993009738096,4,2.643267558239419,No
41,17,Finance,0.4191973290290457,0.4191973290290457,8.95071186395247,1.064550876708469,3,2.5914496952544726,44.10220811443284,3.593062932607174,26,0,7,7,31.603639020694118,5,3.913432825366882,No
21,13,HR,8.889865128680372,4.905286195235835,16.095648003927334,2.9926299501256457,3,3.786428764451543,62.28056951031309,2.697248670436784,17,1,5,5,22.41823440083441,2,2.870595339551003,No
38,16,Finance,1.3312391739944167,1.3312391739944167,6.502191770195951,0.8578427610201657,3,2.8927908845451653,81.28532935034451,3.871436602546115,10,0,6,8,34.55774411642658,3,4.228846592729162,Yes
37,15,Sales,11.747839994221655,1.0204171389416425,15.539712188463547,2.9359818955771515,3,4.114816157683156,50.00972535072218,3.597443255112775,23,0,6,3,51.26155381671092,2,4.6226748947990455,No
27,17,Operations,3.011480177645078,3.011480177645078,14.701664113131768,1.8119581172814299,3,4.902282200431843,53.739479643424914,2.4080152405260407,7,0,5,1,24.970081237675235,1,4.3959730662128775,No
45,12,Operations,3.230345935634817,0.3513176310289633,10.246495327818147,0.5409574921257692,3,4.283492732985349,49.68800109081019,2.4885476945118423,73,0,12,5,21.32264572764929,4,3.286147677877642,No
38,15,Finance,6.533715109439368,6.335137301861654,10.549493418669543,1.5332987072434785,5,4.738385563354149,66.74946177553227,4.980608546431215,38,0,8,3,63.90144170510012,5,3.5566651033996166,No
40,17,Finance,5.294693137832289,5.294693137832289,14.008607493725872,1.187999247837701,5,3.4907426023895582,43.21459810146834,3.3054447661801496,38,0,8,6,25.292131197740076,1,2.2926036118356516,No
28,15,Marketing,14.084220683099778,10.130664275294079,18.483394508893856,3.4258238122888076,5,2.3111046610003187,33.63666848818934,4.02132327407241,36,0,8,4,36.486845547893374,0,3.650274708060774,No
41,16,Marketing,0.3419211560176641,0.3419211560176641,8.895392014329344,0.7067082348331941,3,3.203499830765177,86.3969508156296,4.011965877553457,31,1,8,5,36.36021991240247,2,5,No
30,18,Technology,6.303140367557152,6.303140367557152,14.187652116981742,0.9058488657722237,4,3.5202230676237494,54.18345323771098,1.7961825117586938,55,0,11,2,24.675095548856472,2,3.3182274087446917,No
26,13,Finance,2.0709636781955645,2.0709636781955645,11.426533066212517,0.7806643085651884,2,3.1137550998883987,62.29927611979576,3.6889604467235535,21,0,7,4,17.35276955615159,1,3.5420307696317783,No
35,17,Technology,4.819367951127348,4.819367951127348,7.922202319386939,1.411713494325556,2,3.198446473957137,70.62028598338735,2.8886758679740927,29,0,9,8,54.131137071240914,4,2.954987627252982,Yes
44,14,Finance,5.535622116104787,2.594593584550808,14.295267050384584,1.307621917020756,4,3.5185619143420785,32.16848787360787,2.8119644994666744,26,0,7,3,28.077040606160566,0,2.0237732240554154,No
43,17,Sales,2.0165647342959074,2.0165647342959074,11.701380322550706,0.9152315479079084,4,4.588832503297514,49.657382798080626,2.488627563876297,10,0,4,3,14.362314823080203,0,2.6612760277731167,No
32,15,Technology,9.78076414369407,3.4866463688417184,15.25699149495859,1.7511562492039041,3,4.121249822102912,62.04516565652936,4.008394267008738,73,0,11,5,25.90064665143687,4,4.993591588001872,No
22,17,Technology,4.640991020147912,1.4630213421312084,11.903612213683392,1.6677418278700544,4,3.3888336815931797,74.71383206849843,3.7827851310882914,41,0,7,4,24.67605050852804,1,3.2579005406361263,No
42,17,Sales,9.164879971618205,4.841634166760865,20.168998125671436,3.334798558166262,5,3.1992075533112296,65.21518353096106,3.093880699309883,42,0,9,7,25.76964414142691,2,3.0117148926943624,No
42,17,HR,0.44581398892760443,0.44581398892760443,5.001099730018907,0.983863103922263,3,2.0951079993856974,79.23854214777629,3.5221180702240007,56,1,10,5,39.627271310072715,1,4.920895134465896,Yes
45,16,Sales,6.752341682263482,4.6666985178627245,9.805445155130522,1.0434513775291903,5,3.7075646023547733,51.41304681843805,1.5812666368895634,10,1,6,9,6.448174844828576,0,3.9704498120693796,No
45,18,Technology,5.033806091360568,5.033806091360568,9.242163099750769,0.5841272288973083,3,4.218632981515094,74.22871560611394,2.0238423143423683,29,0,7,5,24.421431310752393,4,4.59434152270313,Yes
24,16,Marketing,7.004259853481976,2.8902666268125206,18.11488399774735,3.5583559379770464,2,1.872494391795487,73.21807901069526,1.8883403044755227,37,0,10,5,34.30028351273337,5,2.7237626598250952,Yes
41,16,Marketing,3.3093489242868164,3.3093489242868164,6.703775923344405,0.8952069968020875,4,2.973730607370304,70.2022087350788,5,15,0,4,3,38.98761418337827,3,4.9524988499186176,No
38,15,Finance,2.867680274129254,2.867680274129254,7.17177567870089,0.40060683946458553,4,3.9220328351209672,68.70401281631912,4.224062920402498,61,0,10,7,49.44425191554207,4,4.192505475702282,No
37,13,Technology,1.1211142196534145,1.1211142196534145,5.576528396916273,0.3169796084163358,3,3.169827239106319,86.37582102992813,4.393243490136146,67,1,14,4,17.45164087928315,1,2.7203336472382293,No
23,16,Technology,10.727180717656001,8.017681660841825,15.919841463786453,1.57923096402824,3,4.5003071084938355,78.01790842238566,4.208253037487917,22,1,6,5,14.423596339421357,3,2.718806874420634,No
33,12,Sales,3.587313165915798,3.587313165915798,7.27459545371669,1.3019957933473487,3,4.502783633330337,54.80624206790679,4.313960516839105,48,1,8,2,12.967818024906206,3,2.1137167358488016,No
31,15,Technology,5.554544580670806,5.554544580670806,10.165186112290503,0.938819846318576,4,3.3290364218627593,45.81134970295521,5,24,1,7,3,22.526543241219542,0,1.7348150581493396,No
21,17,Finance,0.4061235216818866,0.4061235216818866,8.12509285319236,0.5450156603940205,3,3.602274975265659,60.536137203998194,2.4576447909811368,27,0,5,3,7.2860056622875575,4,3.2777915728267666,No
40,20,Sales,6.7738121331060945,6.383196545757943,7.662637173509323,0.9864687347807248,3,2.419084373024201,69.37782023696862,3.511599895112717,11,0,7,6,20.130829480908236,2,3.2481669609388035,Yes
33,20,Technology,1.1156271189593383,1.1156271189593383,6.153628681137204,0.6424554952104172,3,3.618605993968554,61.745858638948825,3.0591226214546876,32,1,6,10,66.79981709300276,3,3.559448012793106,No
31,17,Technology,2.791131238983628,2.7830563853485546,11.313665861063328,1.4652096755309194,3,3.294478346795933,47.94381632587976,1.0089960796983253,20,0,4,3,20.32315125439927,4,4.471444397294517,Yes
25,16,Marketing,0.8230704925228159,0.8109588366768217,11.048598985194612,1.7363160567438056,3,3.5845822248180608,59.41661571199775,2.915748510078733,19,0,4,4,51.60135450310967,2,4.682225409642001,Yes
37,13,Sales,3.9174483204310837,0.8805675405383844,7.694961326226017,1.1228798084938212,3,2.6979721991786656,50.36294015946514,3.1943001010728014,18,1,6,4,79.77853917088885,5,3.5319520528151136,Yes
21,12,Sales,1.5593470380911691,1.5593470380911691,6.768127981639951,0.7829075967446956,2,2.593227980288853,71.96634206886542,2.195105474253933,36,0,9,5,21.755897405855432,0,2.6019612139509904,Yes
22,17,Marketing,1.743567633556371,0.32531259707833327,12.219404574529062,1.4446634522507062,3,5,39.789784640760665,2.683083756726918,27,1,8,4,32.360589265364155,5,2.852643179798364,No
33,15,Sales,2.831614590902936,2.831614590902936,11.544674802035159,1.4250680928689747,3,4.195247183907592,47.14279653710275,3.297043996777272,32,1,9,7,21.95921464702159,2,3.8704425433007597,No
39,14,Operations,7.485957395709214,5.229603404163182,8.743422317612866,0.6317730229544356,3,3.790626123372078,22.949719215393433,3.3018976763917633,16,0,5,4,22.87336561526036,4,3.6751684038595442,No
31,18,Technology,0.38476838414086584,0.3346149954318243,8.25944857102655,1.5964771882430226,5,4.260266428949535,73.61591645454536,3.0907485379026625,36,0,8,5,39.11419790107983,0,2.8938758506735343,Yes
32,18,Operations,12.582063705629652,2.4282404110579012,23.297246915838745,1.3901704244820825,3,3.59926782734774,45.363851202934065,2.718005083153124,51,0,9,2,27.066929443298697,3,2.5659289228795505,No
29,15,Technology,4.305543633085364,4.305543633085364,9.967494596336936,0.7053150923085199,3,2.006852956514061,66.71958119531799,3.069476139184217,26,1,6,6,21.03546905752132,1,3.266290459129011,Yes
42,17,Finance,0.715790752122813,0.715790752122813,8.319788741962483,0.7802397443261012,4,3.2839577779041527,42.373004857199604,2.0190789197244134,49,0,8,7,49.420143600903074,0,2.290236566230058,No
36,15,HR,5.977753243408235,5.790394962493614,7.905937842130994,1.4708759737945747,3,3.8045308823299635,65.11008376879249,2.081786258001146,45,0,10,5,34.649521935725424,2,2.2701802974093765,No
30,16,Technology,13.078929502133601,7.511923414203367,20.516163638366134,1.526005993757217,3,2.796185591296748,46.32655777289954,3.5067923319147316,55,0,12,4,47.35661370153806,1,3.1915170703610998,No
37,17,Operations,1.9105514790015001,1.9105514790015001,7.432745210318646,0.6689211169582938,4,4.0047011103827295,72.17431143026252,4.023881364854848,37,1,8,5,11.68475759822681,0,2.239660421494593,No
48,14,Technology,9.433457942420992,5.575977727986773,13.750978708614783,2.6079272183172955,3,1.0026193864658004,53.6797971627388,1.0619276177759827,22,1,6,3,46.43792506478532,1,3.922439132524787,Yes
43,17,Technology,8.2885558133585,3.5758645928347317,18.810379411696683,3.740934852055683,4,2.7773432676139387,83.74579621678672,3.0242339734334514,16,0,6,4,22.61512437354268,0,4.154343667773901,No
42,15,Finance,4.001557081377575,4.001557081377575,11.821955055715172,1.3365967568680648,4,3.7019803027859535,40.58613442053007,4.132602916375901,25,0,6,3,26.483278495645855,3,3.8287617728848007,No
28,16,Operations,0.5154264886729711,0.5154264886729711,7.408917894017918,1.2047618180789634,4,2.967925921923136,67.76978381454606,4.086050602770414,40,1,8,3,42.00712585807074,2,3.481039220423012,No
21,14,Technology,0.7764367689413352,0.3216324409445212,6.5080303706400375,1.2436556990963414,4,2.9798964929553575,35.32164940384865,2.2421519142823674,35,0,7,3,57.945837813012595,0,3.715613318233217,Yes
41,15,Finance,3.4894507490790034,3.4894507490790034,7.353308116098575,1.4247535411759613,3,3.3673498472726555,53.4323119940677,2.714990263648954,49,0,11,0,21.607357206013283,0,3.289624183282422,No
43,15,Technology,17.61462098777775,5.93139000168711,25.19133664365086,4.03472076926413,3,3.1908514014762166,43.91376500816345,2.004015078472099,6,0,9,3,18.875347389149887,4,3.986144904034149,No
43,15,Sales,3.250691393361297,2.3348726705167637,6.696330339450753,1.2900445723652978,2,3.1075175643779662,64.93126654579143,4.3768226936264645,51,0,8,4,56.58388443844534,5,3.2143957157208924,Yes
25,17,Sales,5.224821485590918,2.041016527064301,7.079348547979243,1.0760289314178166,2,3.281834276132853,47.00899278286637,3.19030620590608,24,0,8,4,33.06591470980425,5,3.2773663619922155,No
41,16,Technology,16.025214888057057,8.96304830240044,18.62664990059742,3.5714655638007837,3,3.978084772300206,76.96202551201313,4.495988841431439,9,1,6,8,11.697767690684712,3,3.973772820993616,No
32,12,Operations,7.589014624378836,5.272899278110664,14.174771184877033,2.7365478095978575,4,3.7975622532837785,75.51436111888394,2.81598454306485,59,0,10,8,72.82381202330404,2,3.2226609507304094,No
34,16,HR,6.320279811480349,4.922949756323613,15.71477479405459,2.106905955267643,4,3.40655357204215,64.18214856659397,3.4183060583039913,34,0,7,5,25.99741131727366,5,3.004078218563035,No
22,16,Finance,1.1420344754715372,1.1420344754715372,9.64279460762647,1.4629484371499086,4,2.3007636134031646,66.10275747752547,1.9011891903318543,36,0,8,7,18.092222065130137,5,3.1897653526234704,No
39,16,Finance,2.329347074585099,2.329347074585099,9.516530181204113,1.7680187463114343,3,3.101273554041831,53.31111699360868,2.8073057913977855,28,0,7,5,31.911075863927604,3,3.6450233089514117,No
26,14,Marketing,0.423350013602106,0.423350013602106,18.271947995022686,3.2249697924775944,5,4.300742961880304,71.473426508535,2.5123644387734236,51,0,10,7,29.207716779666182,2,3.3893600895070994,No
37,16,Operations,0.4493903493110262,0.4493903493110262,5.376365309360256,0.48234756964283915,4,3.9030552658505275,71.15246387019478,4.213787467254243,32,0,7,4,31.014523755002124,5,3.230422383830367,No
25,18,Marketing,4.527991529179611,4.527991529179611,8.423506104093319,1.0985205477122737,2,3.1086015874575943,61.706682242411084,3.280963476791889,59,1,12,3,13.653296917268678,3,3.2255235339336648,No
24,19,Operations,3.082779776850767,3.082779776850767,11.666721239888368,1.6316161719486826,4,3.179478757026474,39.83107305097709,1.3100228029276033,47,0,10,3,38.80916864327331,1,3.2706229816480357,No
35,16,Technology,4.707443641296936,3.0255718287731823,10.59374667185497,0.7020396389565965,2,3.2890236630442033,32.54515054643551,3.9112202333285033,26,1,6,4,15.093138890512202,3,2.4802557540106904,No
36,15,Technology,6.562153522873966,3.5086294197701022,16.44550504871475,0.976857745807496,3,3.416534198525195,39.42613170170001,1.419760820297353,30,1,8,8,17.752826344209105,4,3.173870652942381,No
31,18,Sales,3.7291132096177657,3.7291132096177657,10.055778344723468,1.2438539071481218,3,3.6041197037127737,52.35793555792708,3.110235206637584,34,0,10,2,39.5959662895783,3,1.7351519429706934,No
33,15,Finance,5.478079188144856,4.399085720367249,14.595311574300474,0.8188965176669543,3,3.1866400102289214,94.21393956719015,1.2934494750194436,19,0,4,2,42.90730811513067,2,3.086094433193324,Yes
32,19,Finance,1.6634454820326483,1.6634454820326483,10.335172586318492,1.2476225510722474,3,2.7952081898305408,58.178980790827005,2.7184531335635023,22,0,7,4,29.870792229277082,4,2.766720851047938,Yes
33,18,Technology,3.2712405279604067,1.2682883864005694,6.441074051567795,0.41448577290402866,4,2.4086000129872223,43.885147516926025,4.960061471530124,10,1,6,4,23.657145093000747,3,4.548943321179791,No
36,14,Operations,15.337368755710193,10.328269979318556,17.120613528296772,2.9340034273082884,5,1.5866301199323498,63.776999448137566,3.6912792225141873,7,0,6,4,9.381961824492695,3,4.9815635968471,No
32,15,Technology,6.707820168701114,6.448192133007546,20.028519932084436,1.3946572161790143,3,4.217962415753601,62.467568384737845,3.578626685588131,11,0,9,5,73.86764646484528,0,4.446680960876883,Yes
47,18,HR,11.772429594622752,2.779002459044027,17.88082430602796,1.8714289908815862,5,2.7736236548202857,48.59660320324812,3.217742003631455,27,0,11,6,16.721562488088974,1,2.876756895743463,No
41,17,Finance,5.099375482189223,5.099375482189223,9.802144358220975,0.5241324716212789,3,2.7237228377216933,66.86395756523942,4.129622105145595,29,0,9,1,62.30354872809818,4,3.654876434607727,No
31,16,Marketing,3.068171047794419,1.5049343421644814,12.68382412083984,2.3855410150634104,3,2.314784386436967,82.74680880819703,1.1882325191231837,13,0,7,6,10.433273145005822,0,4.338849210970189,Yes
25,17,Sales,5.209345273381222,0.3103345996647299,9.836206755602289,1.99612214732073,3,3.796296225741521,77.17726303649073,2.315451627608991,52,0,11,3,20.030823098016338,3,3.459202855581047,No
47,12,Operations,3.781676690976857,3.781676690976857,11.823888850793214,0.9134632239609423,4,3.6877499493875603,75.62525009641347,3.645751137026408,41,0,8,3,36.85357989562612,0,4.5636229179412835,No
39,19,HR,2.102873126048505,2.102873126048505,8.834823657356152,0.5117797630693154,2,3.517032824109372,81.17726367859512,3.1893965532028123,83,0,13,3,23.996768624452343,4,2.3447360147503704,No
47,15,Sales,3.2788410111366737,3.2788410111366737,11.359737200645254,1.4425820678323098,4,2.7981766304680558,65.26263152436059,2.506238478965119,29,1,6,5,55.21254938504525,5,3.353925211506055,Yes
28,19,Operations,4.7596145530258065,4.035047361577002,10.04770802189247,0.6248887103166338,4,3.683321069541918,23.932600188580803,4.698398302185995,72,0,9,5,17.143439409480596,5,2.7044776894381153,No
47,17,Technology,9.355664632738625,3.4275306161715013,12.669819239652144,2.1323214903905034,4,2.835297911914961,31.6851159198237,4.345005374320704,5,0,7,1,25.011467986539735,3,3.2716475044595907,No
33,18,Operations,0.7366633548843315,0.7366633548843315,11.40096044120138,1.2822874044051564,4,3.6176442339219146,53.65824627475316,3.9197086425975067,16,0,4,3,18.72054202536189,3,3.3388526868593837,No
21,16,Finance,1.9112776327573817,1.9112776327573817,7.988986427493997,0.8520508521571937,3,4.2889704437509995,60.06927980304233,2.4999300607179205,25,0,7,5,36.16625393084009,3,3.2276050524630984,No
30,20,HR,13.40431194755076,8.119640020415753,18.854257112608433,3.0403587975832274,3,3.9978577055901714,71.01386772379068,2.92647596804213,45,1,11,4,23.84456723660183,1,4.901570600102391,No
35,16,Marketing,1.0070565227913235,1.0070565227913235,7.50129921333045,1.3795151555743514,2,4.380147522693461,35.1069248725683,3.381848416515384,31,1,8,5,76.38972362170892,3,2.6029443546111284,No
28,14,Marketing,0.6868226564532139,0.6868226564532139,9.086867471689976,1.1926936845082101,3,3.690418475065314,40.5227001858283,2.801331258234405,13,1,4,5,37.86039123826214,1,4.2832086702272045,No
41,16,HR,16.57327841077291,7.653549201883237,20.951497755986047,3.9546028486010423,3,3.765182968510891,57.960947973622446,2.2849156919246383,37,0,11,6,43.92703314948415,4,2.732103403214205,No
29,13,Marketing,0.6923484700784468,0.6923484700784468,7.701196584060721,1.237383677325656,3,2.977166124182448,56.069742753247276,2.8192388199588887,45,1,10,9,16.99000629950027,0,3.801272504817661,No
39,16,Technology,10.32412721500934,4.835316783036946,11.893313054022537,1.2437059908727006,4,3.3685710454381734,49.24741113896377,1.5951957331687414,49,0,12,2,13.070689433680702,4,3.9602806309592813,No
44,16,Technology,1.7514665689312612,1.7514665689312612,12.30044651520495,1.2523009723820588,3,4.105260503286195,53.76375903543301,4.2137303661091154,65,0,12,7,11.329540974972431,4,4.538436280056982,No
33,15,Finance,14.05968796460239,6.279872689493557,26.352563994807184,3.8544087676244345,4,2.8754268463588395,50.07227425253211,3.004041492298637,22,0,10,6,42.053362912477795,1,2.7142807377957427,No
30,16,Operations,4.68156577391118,4.68156577391118,11.579797986962166,1.0673219833208802,4,2.37086778734944,62.93729200882883,2.8137591977010215,34,0,6,4,40.79618246792926,5,4.977095574099217,No
43,18,Marketing,2.140415517542474,2.140415517542474,12.541582776211861,1.6156806395706307,3,4.998365207020603,57.49536663246274,3.7107102813149617,16,1,8,6,9.292661783211598,5,3.6677771286734693,No
50,16,Marketing,0.7449156105920256,0.3,11.395192602505093,1.059521326431188,4,4.797201315349522,47.033204115249504,2.509026090863713,52,0,12,4,14.048728082920713,1,3.5925372071252757,No
35,16,HR,3.516661037709484,1.5715512004416559,12.934313906221368,1.1583085599414562,3,4.390836423369856,70.10970068881791,3.1019478455731586,18,1,6,1,21.88975747377962,1,4.965504677505116,No
39,16,Technology,4.819151735780367,4.7481533204782815,9.112506335698477,0.7157895814642626,2,3.1168103606199593,79.31370625813013,4.111843740830313,16,0,7,6,44.23457781210291,3,3.070873238837031,Yes
30,18,Sales,3.4750759917047427,3.4750759917047427,10.573734188404812,1.356439463552526,3,2.990464173768498,60.1819075680984,3.0039908573586724,27,0,4,11,26.202947980433045,5,3.111083101167272,No
36,14,Technology,5.55141420432697,3.3644130135204247,11.248585696106392,1.9559796993908771,3,2.496454118256768,76.883135829174,3.6080967755552544,22,1,6,4,37.732496470740244,5,3.332708736569669,Yes
40,12,Technology,1.4700896514807034,0.31526917252543457,4.64987449032833,0.7144961903823941,3,4.099294628003071,83.84944226249736,4.088643074861645,21,0,8,7,12.468922036218824,1,1.4948445025748935,Yes
48,19,Sales,6.263941893233557,6.263941893233557,10.114408722243313,1.5171714178096687,2,3.8259955477914236,65.741183446917,4.1146594356253345,28,1,7,7,57.205989589487864,0,2.3144019169896213,No
40,15,Marketing,12.41070928784226,7.176483644285217,14.405985484681727,1.7017003617485549,4,3.1278973683394757,54.01500321390509,4.217085769852471,28,0,9,4,23.560150824530798,4,2.3154795558148917,No
35,16,Finance,0.3,0.3,5.636135459011247,0.5593766210512969,3,2.8724489812200757,71.34950804857084,3.518478485647027,20,0,8,4,25.59261092862168,3,4.53387007556741,Yes
47,16,Technology,7.25541147960345,5.651632213732729,16.051752280363537,1.9530977094043236,2,4.107440133021832,69.5042661921184,3.4963668786957283,12,0,6,10,39.54839241505196,5,3.049124052312934,Yes
38,13,Sales,0.9730272611792095,0.9730272611792095,9.50999831780128,1.4223927078906367,4,4.389391967510726,46.6430437547263,2.8816721679799104,38,0,8,4,10.201526046550915,4,3.2167776650667643,No
32,18,Operations,0.3,0.3,9.351775025693994,1.1229699257991137,3,3.4956217782907526,81.718469434255,3.1656289356403158,45,0,8,4,32.345163418187106,0,4.848783662220284,Yes
30,14,Finance,22.4947158164149,3.808619143141931,28.532217335714417,3.0607353035736327,3,2.7926471635378824,78.64042855717828,4.6159268289291395,20,0,9,5,6.9062107879560335,3,2.329678403061972,No
49,19,Marketing,0.8105337796700257,0.8105337796700257,6.514439447919494,0.5360427804640808,5,4.883249943020325,54.278841318365465,2.6818052530821213,20,0,8,7,47.06962028208232,1,3.2094160458098417,No
39,14,Operations,15.943078356220157,4.786576564497598,25.331131882927586,3.0607426479911384,4,2.5951418732301823,56.487723421662125,3.514309057049279,11,0,8,4,16.604318668771594,2,2.4115273044819054,No
23,14,Finance,2.8359004784341013,2.8359004784341013,13.870841556271335,0.7458166260116605,3,3.709238038254358,65.83392013586933,3.3846581790387655,13,0,8,5,31.01288385221118,3,3.8183967032467416,No
28,17,Sales,2.0921871677842856,2.0921871677842856,12.324227027958656,1.3449407413291312,4,3.2026781399309834,49.65376976684136,2.389623553901204,13,1,7,5,11.809262085452168,2,4.082881029509767,No
28,13,Finance,0.9660540895497645,0.9660540895497645,6.9637808678450845,1.282106403980634,2,2.724740916906291,39.789501681352974,3.1027286018769664,40,1,9,5,55.086087602038745,3,4.542793521615869,No
45,14,Technology,4.114440018426687,3.3660977146114504,14.503731448475934,1.4637462212998886,4,2.6077687474650055,44.218360427293966,3.51099679693691,20,0,5,6,18.00092866976441,0,3.4573717251947347,No
30,17,Marketing,4.764459062130335,2.225059734076916,12.013842186429878,0.9770579139855328,3,4.503214655186424,65.10867573946295,2.7153552446264237,16,1,7,4,35.196224074198,2,3.5464717533035244,No
35,17,Technology,4.724706391431479,0.3617407698858617,9.11534095243557,1.5971385929278765,3,1.9979453353940915,90.83492928103165,3.3095876081090005,19,0,7,4,23.618821733858965,1,4.627053181204678,Yes
32,17,Sales,3.2196478116544762,3.105528768089898,11.887197408591511,1.7951159085701809,4,3.585273697377569,66.17113976574441,2.6914554589655846,56,1,10,1,13.782209748025615,3,2.765162635915247,No
26,17,Operations,0.8120575090761147,0.8120575090761147,8.55185483019626,1.6802231314309068,3,2.7126834752585434,44.39708837444915,2.779960644323632,19,1,8,4,8.370810928320193,5,3.383619546465716,No
21,15,Technology,0.5343066427550205,0.5343066427550205,8.00518097185386,0.657840218306862,4,3.4021449219977984,43.921678421396436,4.976701203772617,41,0,10,4,33.71352705927706,4,3.142301813028313,No
52,15,Marketing,7.69371128031287,3.5288338362620246,14.464494066136574,2.654546041412538,5,2.095533319480908,48.835738139143444,2.1944071878044396,53,0,11,2,7.974179913465606,3,2.853508557536002,No
30,14,Operations,5.8194873466804795,2.8033313716845156,10.107809864324414,0.5994505744689669,3,2.999791273421784,53.31575412974624,2.090782560671456,22,0,7,4,79.34858528060911,3,3.2477939109727108,Yes
39,12,Sales,11.607068417645301,0.5282423416180049,19.77185960123014,1.6169045273925942,4,3.4037878253302636,44.990716288451935,3.6913047558446412,67,0,12,3,23.439259222507008,5,1.994408757215402,No
35,18,Technology,1.100223111196591,1.100223111196591,7.828396032552284,1.1893236496900024,3,4.398695004831859,58.62001911167569,2.4714973598292422,70,1,12,2,15.29730440815077,5,4.0931494396780685,No
21,14,Technology,22.846420583902123,7.300719530906799,27.140243310649154,1.7192465112141002,2,3.0143439269088623,51.70462806252438,2.810460353983089,18,0,9,9,57.6423198808961,4,2.487693799633471,Yes
26,14,HR,3.8343543294221236,3.8343543294221236,10.805620383661543,1.417970779348251,3,3.8753888224195836,61.9282052040492,4.085999535160779,21,0,3,1,33.984134233541,4,5,No
38,15,Technology,11.825733256778319,7.847351690193343,14.239133885118353,2.086810825612163,3,3.506228956251924,89.58682563020146,4.195294648901139,20,1,7,2,32.8154694557671,1,3.6599636598619654,No
37,16,Marketing,3.1409540625429675,2.837071952960489,12.912175291529255,1.4409167974535373,4,4.33802294165567,73.48323242802712,2.1734940777409957,26,0,6,0,29.458329712224618,2,2.6690766553095457,Yes
21,17,Marketing,1.842798184498005,1.842798184498005,7.7699570677491785,1.4530699672058125,4,2.986932024779228,65.09187665905107,3.6247180859594303,34,0,6,6,40.56792403865701,5,4.336417840059084,Yes
30,16,Marketing,9.151776956496596,8.785691144612866,16.02727849838396,1.2892862295847791,4,4.3127383687359515,81.20864785316795,3.614262380884061,40,1,11,2,15.406982322946334,5,2.4151303211832555,No
42,16,Technology,0.6964316902862796,0.6964316902862796,12.00034791648639,1.4788541472911887,3,5,70.63802528374467,4.890113586404938,50,0,7,4,38.92089917606309,0,3.121385949466879,No
46,18,Marketing,0.8065391470066766,0.8065391470066766,8.37009222067044,1.4459827180241456,3,5,94.0149549000561,2.7259009794292073,38,0,12,4,21.081763939655524,2,3.5022877321776655,No
29,14,Finance,8.054176733669427,2.0814166473684925,12.65288727174408,1.6222698520296834,5,3.3042391620341993,49.06326788198647,2.06979968218777,17,0,6,3,80,5,2.562008262471862,No
29,18,Sales,5.152280289458136,0.31463916866852,13.58226361798771,1.7447364523052353,3,2.3139759870572414,52.84589208133308,3.882422928397231,70,0,8,4,71.91534719412132,2,4.2123192233304145,No
28,17,Finance,4.61780366851678,3.2634235469860386,10.927911690095147,0.8003118811332326,3,2.782845683018765,31.137292039505216,2.679708705644317,19,1,8,2,37.537112031074976,0,4.10157501829448,No
36,12,Sales,1.3031624163202988,1.3031624163202988,5.254098463699242,0.5316561087738373,5,3.89125078438814,72.18947078371068,3.4133109344524946,62,0,12,5,30.47871979444883,3,3.106885721574306,No
46,18,Operations,7.650955987918712,4.9522678395554705,17.100993439665466,0.9183824373928311,3,1.6131755937020633,54.13120988236455,3.396297417815195,22,0,6,7,15.408588946596543,2,3.2971078029929006,No
43,19,Technology,1.5446422772649302,1.5446422772649302,7.172653142772686,1.2536873775557036,4,3.901164920031503,92.2507606370484,3.4007242347375235,21,0,4,4,31.513360584760026,4,4.702738818235005,No
28,12,Sales,8.024951333031291,3.7521604450915307,17.066270474398088,3.0437433997465733,5,3.7172386096656442,64.71223192633128,4.795546893048931,11,0,5,0,11.453043833847193,4,2.6964766342680315,No
31,16,Technology,3.4206318617145857,0.35643367236791457,11.730931431259508,2.287161255815204,5,3.385129869115194,54.53324871267594,3.7965421127858794,28,1,9,4,40.48728697228876,0,3.0182367326551756,No
30,16,Operations,23.928123940248312,7.389019473348282,32.120182947584055,3.051742029121347,4,2.5258541628266675,44.743749300784685,2.3036519616623754,36,0,10,8,9.915190266710054,4,2.8081698699654236,No
29,15,Marketing,3.6943424439351737,3.6943424439351737,10.502258096580695,0.6102415573952192,4,1.413437301601615,24.762077849377967,3.7313900427044624,46,0,9,8,11.230639544203148,0,3.4790748779361764,No
25,16,Technology,0.3,0.3,6.868106171269778,0.5518040194314834,4,4.102859575538385,60.520852348364,2.7239189276530653,38,0,7,4,44.629895459190216,2,3.3951590094016346,Yes
35,14,HR,0.3689936251872189,0.3689936251872189,14.180094629798878,1.6135168804125573,3,3.5877449988715324,76.97708223639701,3.6017785034953382,38,1,6,1,33.39838206025104,1,4.998315137165037,No
47,17,Technology,11.522207239416522,7.618326972290911,9.970857676470894,1.6129050730538812,4,2.69930613539881,55.7031364473896,3.0893448877014595,38,0,9,8,12.17287678425347,2,3.976916887395928,No
21,18,HR,1.429376231191797,1.429376231191797,6.739346981856471,1.1544201510375818,5,4.992028549631427,65.34127115839064,3.2253972683488663,29,0,6,3,8.5201522588689,3,3.7201681327230185,No
31,17,Marketing,25,9.710132439114012,24.183613279290935,2.3710177637534757,4,2.619925758753004,62.4981673536499,1.6925123308359953,15,0,9,9,10.494370972071644,5,2.6542942803669836,No
33,18,Technology,4.706083834606,3.5290794664738194,19.013228834601858,1.5591773913036016,3,5,89.463605721779615,2.69104704708867,26,0,5,2,16.6117888766017,3,3.3088473984316416,Yes
49,18,Technology,8.0013544404887,6.5857667040970025,13.981629340103154,1.278877956595944,1,3.7122813965542676,19.55246948360764,2.108465378107722,48,1,11,7,51.72451215993535,2,3.941919825216716,No
33,17,Marketing,8.30956359924677,3.1582115694483215,8.493927373891252,1.621786834161518,3,3.403878819314752,73.0403354194839,2.9178952647912735,27,0,7,5,21.689532108423343,3,3.6663214830910382,No
33,16,Operations,1.9513023717067997,1.3857405449550115,10.133690102737926,1.6314118650287415,4,3.2964797615983135,60.59698414478644,4.09265524682786,17,0,6,2,15.501904887985765,1,1.8454748730147612,No
51,20,Finance,15.912571118266287,4.4236175516576255,22.89412747877958,4.463893630375611,3,3.3263470885433,36.389281097926855,2.799997511341594,14,0,6,3,62.27686672363562,4,4.4614317128359655,No
27,17,Operations,11.408619621925324,6.011409223837662,19.15959820438285,1.1016008553072323,4,3.3194452456140313,60.59332204472277,2.3830866052132356,50,0,12,6,19.941759733115706,4,3.379004385770294,No
51,17,Operations,1.0882314038600995,1.0882314038600995,7.515567841213972,0.9418097095967892,3,3.5778041916566017,72.25727078057015,3.600322920021569,12,1,7,4,44.23380033179998,0,2.2065724210016966,No
26,19,Marketing,12.285948126729128,8.177840971973335,14.284234194931411,2.532569755500095,4,2.7066434602609575,74.84194262665527,2.894251204909069,50,1,9,4,16.79501549828016,2,2.9188961406484264,No
39,17,Marketing,0.9950491969943287,0.9950491969943287,7.067785714001881,1.241871403375307,5,4.604053898697184,96.24032491967792,2.1787003681833315,40,0,7,8,34.44221118913829,2,3.7795564600837865,Yes
37,15,Sales,0.3,0.3,9.989560204309178,1.814733476884174,3,2.2977470341319512,68.74205692892379,4.401086679076486,17,0,4,3,20.669560546604277,3,2.4585341818343864,Yes
29,15,Operations,3.7377402562318776,0.3419362703654059,9.791519860013622,0.5670970289403151,2,4.9998714674999425,22.40809030914728,2.8127844697011506,48,0,12,5,45.94017763260128,1,3.414243200922019,No
36,15,Marketing,4.189006795452743,4.189006795452743,7.638821100714495,0.4933214978721163,4,3.5941292522359083,44.79554953422116,4.204294775911487,27,0,7,4,34.494045969594694,3,3.4723125949572795,No
24,12,Operations,6.95533924482126,6.95533924482126,17.706085548689078,1.9418294086476509,3,1.5955877816870712,64.94033628765494,3.593441088997726,19,1,5,4,34.22310716412287,3,3.9847710587777665,No
21,15,Sales,3.1213247530555104,3.1213247530555104,6.473986781594386,0.5388861216654064,3,3.904231061715362,71.032256694879,2.1867809289675693,44,1,8,7,38.10822935492279,3,2.269140036118921,No
38,12,Finance,4.316133225713701,0.3,10.53138582283298,1.900241381537792,4,3.7906756637272343,62.91347255527528,4.208432776440789,59,1,12,5,14.24044673952927,5,3.4549284956898814,No
50,15,Technology,1.1666358891583262,1.1666358891583262,12.231350648164897,1.5205243872061793,5,2.4741114832307405,50.25499501182839,2.4069328397476246,16,1,6,2,22.912500738661635,4,3.451489591060171,No
34,17,Sales,25,7.580200484583398,22.238761635342318,2.22442418493935,2,3.22937351158215,45.25122343220439,2.185643805077385,35,0,12,5,26.75226114473192,1,3.7737492950028324,No
34,20,Operations,3.3064425722397033,0.3,9.084637354530637,1.563853533764938,2,2.8975751929004914,22.336551625275884,2.3323499281233873,32,0,6,4,44.551022042809215,3,3.3678347877068116,No
38,19,Technology,2.0073102437760544,2.0073102437760544,10.523994159173823,0.5574609717195146,4,3.8776068202357132,60.05132876972744,2.323835612187071,15,0,7,3,20.335277927499664,4,4.168601285627862,No
31,17,Sales,12.671666043007919,3.377854914958431,13.28253338854559,1.6582722955107387,4,3.879324155105238,49.67087100475743,3.521705094180554,23,1,8,5,9.512112356067057,0,3.93586553048783,No
32,13,Marketing,8.902558368327359,4.21630827881878,12.4896219887708,1.4883561447096574,3,4.891976325115512,71.83878125657114,3.8139557251449343,28,0,9,3,40.97875972853622,1,1.5205948090311903,No
45,12,Sales,7.882244135222804,2.3043476134976664,10.18599322992557,0.916577905595441,3,2.107830005040688,73.86078584454404,4.1852397839301805,17,1,10,5,56.06867525996613,5,2.4945660782037304,Yes
31,12,Finance,2.591293029537748,0.39056167567844535,12.017297119396668,1.5916476494589753,4,2.6180650259713376,39.02326774066302,2.9971727462039053,27,0,8,6,30.645122492797096,4,3.696449598513716,No
25,16,Finance,2.13610068898294,2.13610068898294,8.810173363107317,0.6914010064483156,4,3.91022665088741,77.14701675185366,2.4990237805157074,34,1,7,9,19.88474732899631,2,2.6389857353042485,No
46,16,Technology,0.8300396579865559,0.8300396579865559,5.8820370936496635,0.8819330671730556,2,1.8183610953304936,70.36577498569856,4.290452433146049,14,0,6,6,13.841622054198748,5,3.692750961040106,Yes
42,19,Technology,2.523172604726589,2.36964961526095,5.291110371209697,0.8559074346870207,2,2.924821762574414,83.89894279450178,4.190488503063805,28,0,6,7,35.07108524290034,2,3.30801172078541,Yes
31,20,Technology,4.605188842717586,3.004187298292424,12.432668533545742,2.247836492684047,3,3.50879528522986,77.75107534075104,3.000678657110348,46,0,10,6,40.458441897754255,2,3.0222347577505966,Yes
33,18,Technology,0.3080536852906789,0.3,9.967756064197099,1.1835521226126384,4,3.620885877166417,47.247072975000535,2.699884012234609,62,1,8,3,19.43438864116936,3,2.2882362921177477,No
32,20,Finance,4.505703932503019,1.8748927431740579,16.969256041207686,1.281908440947758,4,3.088551422716219,44.87786766959234,2.9128010907125548,20,0,8,5,10.181269950302694,3,3.7438213671052334,No
31,18,Sales,7.577102013016708,4.04361196696325,14.922407228723397,1.7519527641382937,4,4.178628145281161,55.33491895095976,3.0105555781174207,26,0,10,4,18.2561059823938,1,4.279115468613642,No
32,17,Operations,0.3,0.3,8.105970894399862,1.3524314770345964,3,4.967263421100784,57.33448959636483,1.7169494114799817,21,0,8,5,67.28192830063728,1,1.3993026037304532,No
21,13,Finance,4.172878086338667,3.0278730081296223,14.690469020199597,2.435842201573829,5,4.075828866984034,28.729908740640212,1.7087666314247734,37,0,7,8,25.215838441706584,4,3.555343732290667,No
34,16,Technology,5.470661517098334,0.3,10.98462650824095,0.7660351004737218,4,3.59760986658167,38.53886667757814,4.879638743144705,21,1,8,6,20.871781706301224,1,2.7781399908776185,No
46,20,Sales,3.4626738840020614,3.4626738840020614,11.142504723597568,1.4904692496623475,2,3.6031603865780175,78.2570264324143,3.203607137031437,30,1,8,9,34.51113228310967,2,3.8877880906432325,No
32,15,Operations,1.7264897452931132,1.7264897452931132,9.053226315336865,1.779052656879034,3,4.983803830948584,81.79982514485422,4.389241964262918,22,0,5,3,29.117837052548722,1,4.151199189991992,No
35,20,Technology,5.46964772143565,2.8194757904670977,10.17867137519573,0.8595306945260757,1,1.7132121232007487,49.61674461854327,3.4618256755682797,34,0,10,3,16.181768687644347,2,4.816213383365327,No
35,17,Technology,0.5123733530671699,0.5123733530671699,8.174004342552148,1.4500152846628958,4,3.5046460163367397,88.36022270742423,3.7416384695780476,18,0,5,9,67.6298860333437,0,4.889201075614016,Yes
51,17,Sales,1.5140291390122593,0.3,6.501448894881974,0.6864167631599895,4,2.61768670373511,26.31830303523921,2.706452159493574,21,1,8,5,44.00149985880407,1,1.504643723534031,No
39,18,Operations,7.493218966816046,6.506930083161305,13.78855166054347,2.6984321138449614,3,4.18484670318302,52.951107255170996,4.589952455558962,19,1,6,2,20.73360486680852,2,2.7201183023061946,No
36,13,Technology,0.6785517803270479,0.6785517803270479,13.530106534741153,2.0094315580407183,4,2.701284867613223,20.211436528564512,2.8193547893812902,81,0,11,8,20.77208288546925,1,1.619703447195614,No
40,20,Operations,0.3147735634113242,0.3147735634113242,6.148753982041702,0.3437078877189782,4,3.195313086566569,65.99715598325777,2.399769197534475,7,1,4,8,28.453074453359246,5,3.329293927626971,No
35,13,Technology,0.5919003820065549,0.5919003820065549,11.951307399324499,1.2016668982208347,2,3.181637476364219,92.0033582284981,1.416176714025034,5,0,4,1,52.78957893369038,1,3.440754612192767,Yes
44,20,Technology,3.7737412000371777,1.772955674059374,10.364136982387288,1.3149551039212992,4,4.507453216283519,59.31657142806308,1.8858213429432367,22,1,6,3,14.89245607751555,3,3.788328817350432,No
33,19,Sales,0.8938360748342336,0.8938360748342336,6.609012486485671,1.179500850898009,4,3.3666778505926853,68.6486583064659,3.7875028090433447,72,0,10,8,55.61573052307754,5,3.706279445051952,Yes
36,13,Marketing,11.266115607535022,8.152912239101315,17.140518505977152,1.5056191980267823,4,2.600104122110633,51.92611697768101,2.8127894199663013,81,1,12,3,20.65996201306765,4,2.9884334489221906,No
39,16,HR,6.222345551197018,1.9715207288272145,14.284662615227118,1.0968438883790852,3,4.027724180333174,61.75766775720121,2.0085632296805787,40,0,11,4,21.495302328829116,3,3.4936760253775248,No
23,16,Sales,4.525634751547157,3.0545200747483063,11.914065270110973,2.1218962048818413,3,2.2871416228981367,81.799673358422055,3.0141928172901182,12,0,6,4,36.23685559407322,2,4.171708464110065,Yes
26,15,Technology,11.406830468863905,3.9216168567853695,11.372048796734074,1.9688979891138938,2,3.2128009348356668,36.93905067581309,2.6060948946668634,22,0,9,4,14.458206124678929,1,4.323183349694806,No
37,19,Sales,2.5680057618365715,2.5680057618365715,7.084800093558919,0.4815192084691514,3,2.7739015273022156,48.0351980980016,3.5859075136558465,20,0,2,3,40.02427360653478,5,2.099244599871956,No
30,16,Marketing,0.4575047345194596,0.4575047345194596,10.302576096275557,0.8310438187575455,3,3.1237422619104165,58.96652645711972,3.694302902638625,66,0,9,2,51.718999768498016,4,2.3455983338312616,No
39,18,Operations,2.2687897143043436,2.2687897143043436,9.789644895923,1.4361510127196535,4,2.3139829537906147,56.667935180775025,3.295188913348813,24,0,5,3,36.489528490255104,3,3.4026584458205664,No
33,15,Operations,0.31454475381954383,0.31454475381954383,7.191420319993233,0.8261284893659177,4,4.904921647571131,63.26973644453662,2.214888092250912,17,0,5,4,43.26801300287096,4,1.0277252581536132,No
53,18,Technology,18.25821014890338,10.379817685267646,16.821377230669814,2.7528855489126665,4,3.823670074376143,87.33183012569151,3.0177929437988475,28,1,10,4,25.59045995665337,3,4.998044340948074,No
35,17,Operations,7.794349208139535,5.595002611161562,16.1546402870788,3.148394093757117,5,5,51.56346726996916,4.704209395546684,33,0,9,5,20.828510559947194,2,3.4446195692537795,No
34,14,Sales,3.8087656182841982,3.3093595238343703,6.992026512910972,1.0465581382809648,2,4.244263854616193,57.06766013923927,2.48630292031762,23,0,9,7,54.339725948471894,4,4.734207381269151,Yes
35,17,Operations,3.678492403751176,2.6636909454212323,10.300360764792874,1.2391469095772503,4,3.9224830124223073,16.249583588744574,4.279963005629877,35,0,8,3,36.59107139016295,1,3.9937003177029577,No
36,16,Technology,1.390162334993612,0.32315931030640377,6.218973993825369,0.7440214277365698,4,3.9932509234776115,38.09472634624207,4.421645099670589,40,0,6,5,18.586216148488646,3,4.473421921466561,No
38,15,HR,4.215664736678122,4.215664736678122,7.617299663831937,1.1373019026694295,3,3.397706331850838,84.98730768312741,3.884186637853097,23,0,7,3,73.36637150541992,4,3.0867425274244824,Yes
31,14,Finance,6.415224673704567,6.415224673704567,9.973646735913183,1.7501372352446714,4,2.48347197502301,81.19848741646035,3.5995660762255457,9,0,5,4,21.183004791084738,3,4.314297676427083,No
36,14,Sales,0.3,0.3,8.834820539795789,1.241599962286661,3,2.4802216970742696,61.39048145963563,2.874677540717814,7,0,5,5,16.22206694420326,1,1.7609828108673762,Yes
29,17,Marketing,0.9735539465112354,0.9735539465112354,8.39750491081767,1.4196245064830286,3,4.1022081205428735,62.95016710406504,2.490866049215473,28,0,8,6,13.593273295926029,2,3.5678642675787384,No
33,18,Technology,9.772126891609608,3.9079206338775743,22.921808312533532,1.7298702938234929,3,4.804168730458879,36.84949304281875,2.2939029328627125,44,0,9,3,46.20313278787593,4,3.305608439858505,No
39,15,Technology,0.5846759510271045,0.3,5.932521785476153,0.5573178207218323,2,2.0649718094069307,51.383268291295366,4.316759127573513,87,0,14,10,6.024575565532163,0,3.739870474974375,No
26,16,Sales,2.990738986572499,2.990738986572499,8.74894839971834,0.6952291684924685,3,4.920626040878116,47.85733606923911,1.910222224155715,34,1,12,3,34.67341930852159,5,2.2968031795614645,No
40,18,Operations,4.175784611975129,3.1715153482023215,8.618607594190365,0.7525524542220995,4,3.613360314563,65.43313516361432,3.7028032309587604,47,0,11,5,54.92045506636492,2,3.169330090144418,No
38,14,Marketing,8.119958213915542,6.44114706445766,15.031367946812843,2.5552230293503073,3,2.576473887545336,28.534602305736,3.281626617911709,20,0,7,2,25.844797206017127,4,1.8530080801746849,No
39,16,HR,4.944138400391907,4.944138400391907,7.02097641084561,1.278944313067664,4,3.4908984657177484,60.09781805593396,1.9904886692070891,30,0,5,3,37.96176152421572,2,3.5496062129650965,No
42,16,Technology,8.552377778317725,8.251211694888122,11.439271595336786,0.8270880839799085,3,2.921684525781501,49.86440323544755,3.8722576421739223,41,0,9,5,39.01709678425311,3,3.1535061000275633,No
54,12,Sales,0.8268540648262958,0.8268540648262958,9.904316609121405,1.2085863481696189,4,3.5106038108060265,48.95372560298278,1.9799365801041982,13,0,3,3,9.41971068858033,0,3.883992303232577,No
44,16,HR,0.37158299041010356,0.37158299041010356,6.738243925277854,0.6923295035414352,4,4.399043721335769,57.59411121091388,3.0058051405838957,11,0,4,3,16.551046356083706,3,3.728670078231689,No
35,12,Finance,25,8.949314424468076,37.11774034718191,2.8680135607994868,4,2.3830177183916375,74.79676463325978,1.5871532594235052,33,1,12,4,10.634193416178665,2,4.997234819279318,No
43,15,Marketing,1.6358655717293067,1.6358655717293067,7.53359874745734,0.9984719649110685,2,3.8974043916789776,49.56296546119429,1.6795198198963757,13,0,6,2,33.59105950551469,2,4.239756269822751,Yes
43,18,Technology,3.107640232099228,1.4909579616393065,8.44103380104476,0.5211738957067217,3,3.987249566768569,45.459941821696674,4.469274155564889,41,0,7,11,10.196509166273847,5,4.842362148463258,No
28,14,Operations,1.651767538555477,1.651767538555477,6.863864403572705,0.5385440136633189,5,3.7181795975751117,72.10582331451803,2.267319272640567,20,0,6,5,31.537006146740012,4,4.197799236415373,Yes
38,14,Technology,1.5691022846551623,1.5691022846551623,8.500162701690895,1.4727986842484944,4,1.9710089069202614,84.7396967621393,4.007401165331869,31,0,7,6,33.26350317896902,4,3.2498034268237252,Yes
35,17,Sales,2.1407860936552865,1.0277175634800773,12.739878170897011,1.1432949193512776,3,3.4964433750848642,61.787628940445536,2.8735230956660516,48,0,5,4,64.53145409540011,3,5,Yes
38,12,Sales,0.3,0.3,8.98892712744687,1.7373896111518352,4,4.826214630256768,63.17109839097954,2.69250595632313,18,0,5,5,52.91430940225043,1,2.377428431246645,No
39,16,Operations,15.27202061243635,4.908464295458354,15.469260656066531,1.6741723042860182,4,2.184191468097652,39.5688355171427,2.982345092193726,28,0,8,9,23.714738786527604,5,2.7778420471971206,No
42,18,Finance,8.122389406852186,3.5701168287652982,15.850048120160638,1.081196961214468,4,1.4975193273667522,47.693789994216985,4.5971978494006525,19,1,9,5,74.33985307615058,1,2.40089488194657,No
31,18,Sales,8.070389995915486,5.242145766679158,15.444988815813998,0.804558029616457,4,4.098069902304155,65.27841857340451,3.7490108334357015,12,0,9,3,40.95718392809069,2,3.6809821831362513,No
40,17,HR,0.31070103224848256,0.31070103224848256,9.609153891987736,1.6834901572474548,3,2.8006338468395513,78.85872974056576,4.716996818401796,9,0,5,2,31.616192178746676,0,1.8663865516908023,Yes
37,20,Operations,2.493778473108403,0.3,8.208833753147145,0.8959396028361695,3,2.886944396345128,68.30191272935473,2.0028326532457625,57,0,12,3,21.98596128789229,0,4.059460276340592,No
34,17,Marketing,3.745017389691176,3.745017389691176,17.405166270218828,2.676170447443111,3,2.9404711495128644,60.31362322984168,4.195539180258555,25,1,8,3,69.83173770774583,1,3.7771453281472747,No
43,14,Marketing,15.455334133516494,5.144149851103671,17.153437227794857,3.2575218443458636,2,4.524321776770846,62.09512491610466,2.5896644480876803,10,1,8,9,41.83596002683419,2,2.5731029312420763,No
44,19,Operations,3.4545802471765645,3.4545802471765645,8.045186604357088,1.08959500149965,1,4.347759775204733,71.23869176759065,3.9274095759044076,39,0,7,3,62.08046971215283,5,3.715589925183085,No
30,18,Sales,1.1287458554286804,1.1287458554286804,12.12853026416357,1.8047037807174198,4,4.297184422726015,63.75277911317477,2.703096404077326,28,0,6,2,36.94047289459932,2,2.806132134090065,Yes
41,15,Sales,1.3229060174182925,1.3229060174182925,8.546808490386924,0.9724193333809686,4,3.6877304242985884,59.32520884578237,4.780789825424839,5,0,4,5,24.47666634713823,3,4.130156025471499,No
30,17,HR,5.388780718917023,5.388780718917023,14.210394871196952,1.0559021785315479,4,3.497247536233882,31.113662565208454,3.1170421658464793,17,1,7,3,16.542630344880457,0,2.3998391840207187,No
44,19,Operations,11.074098570653488,3.216297971789124,16.765530448746375,2.7136435567106565,3,2.6105323392620905,75.80032718685008,4.7784132110735165,8,0,10,3,55.21058348779341,5,3.143306588921166,No
24,15,Technology,6.731115094823282,1.856769316968133,11.069854553270892,2.1874365502681288,4,3.1933917261208777,83.86214573753237,3.6250042421343642,21,0,6,4,53.33612604488271,3,3.9032339871678214,Yes
46,13,Sales,3.7706310604277586,3.2568212132262913,10.13006008426387,1.221208666802375,4,3.905677777259191,87.17987032359711,1.2008408542879305,28,0,9,2,20.908635636840742,1,2.311575230746954,No
31,15,Marketing,5.10846351328514,4.643869482953909,14.37098768864585,1.8142646645730165,1,4.291669093968039,45.27986763554005,4.735534929429755,42,1,8,5,13.610510489459376,1,4.378628364999798,No
39,13,Technology,16.3541667420008,3.1353114545367675,15.397518007044258,1.5201889775264883,3,4.506829678222187,87.35505829811125,5,43,0,10,10,53.67094521707403,3,3.9770621520449296,No
44,15,Sales,0.5387618058158176,0.3,10.229280863906352,1.9486117569051595,3,4.869806792970534,42.37827606596769,4.3016158792725605,41,1,8,4,54.05241527816019,3,3.3365552269003107,No
21,17,Marketing,1.9558740725659103,1.353874968715644,7.6583652556088815,0.9290140696314608,5,2.025264966537133,54.225904650868266,3.497894294261436,35,1,7,9,10.556456359040098,5,3.951675821892902,No
34,14,Technology,2.455159995887897,0.3,10.074097844830488,1.4989797666772526,3,3.6917468665682667,46.507303662675206,1.4147468572000537,44,1,6,9,80,3,3.320944136278996,Yes
26,14,Sales,14.84603933365214,6.741428711138967,19.43716915481752,1.6005700493021358,3,2.5982949308260777,57.57782230702663,2.520174866707883,32,0,10,5,34.4811595542602,3,4.523638904165984,No
38,15,Marketing,4.896675071766905,3.227001922618008,11.484696024580119,1.4859943018601727,3,3.021299190037926,38.29145114779736,3.0930667157733884,25,0,7,1,21.243568275935605,0,3.300962794949349,No
33,17,HR,0.32602558026475503,0.32602558026475503,10.667252503117766,1.072370411796893,2,4.728218235595873,38.05182713748162,3.387505141560715,42,0,6,2,18.79062807175932,5,3.040903915517563,No
28,15,Sales,4.759701007120349,4.759701007120349,16.43724667662167,0.964201889792456,3,4.973279468986821,73.0569635461082,3.8831610828576557,14,1,7,6,30.28699339873047,3,4.22536551173197,No
37,16,Technology,21.914681365771106,6.932887750206472,26.070158536519795,4.442125845249217,2,2.9798702997125757,78.616114012848,1.3152444259819285,20,0,11,4,44.620044298566455,3,3.6478981049510115,Yes
24,16,Finance,1.8494571334262484,0.961496506279846,12.747746548365692,2.0029105751851897,3,2.9843489909157617,52.996715102435836,2.8187353195728564,61,0,9,6,36.125007800249364,2,3.1996959954240256,No
34,16,Operations,2.2605079824683867,2.2605079824683867,10.371685297046723,1.21886579917739,4,4.917373697402592,78.65172322688706,1.971123904727564,14,0,3,2,36.883252739707885,4,4.1734268973468085,No
36,16,Finance,2.041463383098536,2.041463383098536,10.782129072266976,1.7188258221036108,4,3.413725859971263,52.17936782039843,2.4820799395689312,47,1,8,5,48.54845986712385,3,3.3189405175722926,No
21,18,Technology,3.714393166078413,1.722278807261719,11.981380735505748,1.1395967775306282,3,2.824667282551461,57.79049628285245,3.746356253674127,76,0,13,2,13.072022941059453,2,4.322689939741488,No
35,13,Finance,17.09656786774957,7.076582495495183,22.269711684650066,4.132343133092988,2,3.988804331494842,59.36089496672969,2.309917468981133,16,1,9,4,55.77778461874984,4,3.9555200885599104,No
39,19,Sales,12.154707400559849,6.0389258629464635,17.43289097769855,1.9464882666165426,3,3.694798016553278,63.66909410166523,2.2293018300175693,28,0,10,5,22.019222235672178,5,2.7823887233318696,No
42,19,Marketing,7.940355956353029,4.529990116531335,17.521660050462312,1.2432610186049167,3,4.107237861198936,49.59825755680723,2.0840951638076803,15,0,7,8,13.80238607376965,4,2.5952849544966172,No
46,15,Technology,0.3660605678704445,0.3660605678704445,7.165725300635236,0.9183153892042706,3,2.9100585619783184,63.727025391818,3.909241883159234,43,0,9,5,44.33122472734146,0,1.8728128231926573,No
50,15,Sales,12.187410695445733,4.677326267329605,14.637464280764451,1.8142783102541138,3,1.9862243532409833,74.26322187898857,3.4996954685959145,19,0,8,6,23.746191621214695,3,2.3336811977061864,Yes
43,20,Operations,5.406153000474155,3.1267172327647965,17.371934739799087,1.1404502996960078,3,4.3117144790114335,89.58458863232087,3.40924112418368,40,0,9,5,31.2995936778839,0,2.1666711023025638,No
32,16,Technology,1.686957980610955,1.686957980610955,6.295398458404133,0.8411270377230952,4,4.196269045578209,47.69113656633427,4.999938811274746,67,0,11,5,32.32206089121355,2,3.698383444304042,No
51,14,Finance,5.464056401829688,0.3424683727156306,11.910729218268411,0.9322621240128348,3,2.8023897309720676,44.90824996507887,2.0861808997648903,29,0,8,2,23.74036642437527,3,3.7412893176347244,No
31,16,Finance,0.6520328379166439,0.6520328379166439,8.518480227516418,0.4915583545095312,5,3.426809939831043,72.88704699650859,3.6143007395125686,21,0,7,2,36.24528225474293,4,4.590375772310145,No
21,20,Marketing,25,9.37583073695893,19.486994099658737,3.782113880863868,3,2.269840095768652,60.21269742064907,4.397855239467984,72,1,13,5,2.6782504974147288,3,3.210791871670063,No
37,18,HR,4.0638646140958095,0.3,12.46853364927083,1.2578334313309332,3,3.2006050386096954,68.41785673154935,3.608036460824619,52,1,12,6,42.54892277256399,3,3.6412130271318683,No
41,13,Sales,4.310849571377684,1.9279515256386637,6.268557392276267,0.3543488481372545,3,3.585062295312203,46.567475394868474,4.301620021127864,32,0,8,3,35.8642326345075,3,3.8193630076818015,No
38,13,Marketing,13.009074835757437,6.412641724396588,18.267687934756914,2.0722990386016567,4,3.8259204562038223,69.05385624187268,2.9368122210806478,26,0,10,3,32.25732015707997,2,2.7050634970062237,No
36,15,Operations,4.280978310862463,4.280978310862463,8.335362748182254,1.528243880639376,4,3.7927720956474293,62.985701922480146,2.899431465286247,14,1,7,5,11.081873687782599,2,4.996581643558915,No
32,20,Operations,0.6700797986315019,0.6700797986315019,7.073713930468656,0.7563788718965702,2,3.4256833389962464,18.465935951414643,2.7105683912255243,35,1,8,3,30.604255474134273,2,2.5150576768246613,No
21,13,HR,9.806973200557549,2.7808173671963607,17.12461901379416,2.8276065832843096,3,2.966606605811221,63.61945102140082,4.695735171030896,6,0,6,3,29.48788564415817,3,3.085606256331245,No
46,13,Technology,2.3434098890786954,2.3434098890786954,8.306158135573359,0.7416339622991643,3,3.0951005184254172,66.85272449048253,2.8015072390648204,25,1,7,5,17.853253383787568,5,2.417181177089919,No
21,20,Operations,2.9706196341654225,2.9706196341654225,6.260532852467213,0.5303185461521069,5,3.2048189609085944,56.481932887787025,3.705167259134571,67,1,11,4,57.06651308871216,5,4.225170667615015,No
37,18,Finance,1.680280845309861,1.680280845309861,9.015265481873817,0.8199283111701534,2,4.143745736359159,60.27617372139218,2.8218292788600907,56,0,10,6,48.178251938265646,4,4.380251089451009,No
36,15,Technology,5.4988380612459995,5.4988380612459995,10.990524609086815,2.2235341816943364,3,4.083079805597885,61.08819560911458,2.8067490264027057,11,0,6,3,38.09115131000047,5,3.0675512525456305,Yes
26,17,Operations,1.1981490746592507,0.3,6.897442344482019,0.8864058640915938,3,4.195070196720909,46.22664033072858,2.388029616425624,49,1,8,0,29.761361925756322,0,2.98041982731209,No
48,18,Marketing,0.9656248479974472,0.9656248479974472,8.214817102390164,0.47312859992234513,3,2.102010599871318,46.57308866504376,3.9890561183132593,52,0,9,3,24.66904833089043,4,2.9680038554747163,No
43,20,Finance,4.923937466243309,4.923937466243309,10.168379186550593,1.3415596577063917,2,2.7108686611975057,74.5894302971964,2.3923499626679097,15,0,9,2,28.322347798233757,2,3.677392352029241,Yes
29,14,Operations,1.7125519897629715,1.1864799499263006,7.352387520565039,1.2090268555013486,3,2.8033038522029377,46.71701372213994,3.0827890696434235,20,1,4,5,21.26175789142456,5,2.9935512496182635,No
36,17,Marketing,2.5968461207015854,2.5968461207015854,15.538020667173072,1.2884431180100768,3,4.411355329427424,45.23408406735542,3.600163860652342,62,0,13,5,7.423480391522641,3,4.0052623663301405,No
32,18,Sales,2.0724234902395127,1.5592787670918282,13.394079003695408,0.7957074872324795,4,3.5127555757494506,50.38332402113315,3.806552644869187,27,1,6,5,6.055954352802616,5,4.089920300861832,No
36,16,HR,1.942899478484609,1.942899478484609,8.268856340866456,0.6695173155701513,3,4.620819225186787,27.67311703644188,3.6675601116917407,38,0,10,7,44.299017339920326,4,3.4634043394717815,No
39,15,Marketing,5.231284763342367,5.231284763342367,17.233780389972594,1.348049252349925,3,1.7978463471599397,54.73310902273141,3.430552979365289,25,0,6,2,34.63397693207326,0,3.030550261235682,No
28,16,Technology,0.47938113838998603,0.35207396208404673,5.461551382760021,0.46935544307792587,4,3.322417025538661,65.09134674929786,2.500198347252194,20,0,8,4,19.477528875351492,1,3.888657600126043,No
28,17,Sales,3.019151674096566,2.173251329548794,9.059084354141747,1.6904149795147323,4,3.590363202992486,87.33650832127974,3.5899832613805644,32,1,8,6,34.38526567919504,5,2.6354468903400385,No
21,13,Finance,1.2344682988629343,1.2344682988629343,11.87047642657259,0.6374723931721309,4,3.4143730311249403,68.07712018109207,3.301433212522488,37,1,9,4,36.71341014127158,3,3.7590441433233446,No
31,17,HR,5.839669492576571,1.3720165896940932,10.093109985402055,0.8859729318827235,3,4.003724441670275,83.19510408697025,2.704617608034549,29,1,6,6,22.9269531047817,1,4.389099765641218,No
52,17,Finance,3.562655599309841,3.562655599309841,9.438065522122544,1.7917115754561757,3,3.907968870568526,62.09906721970529,2.7999599969977216,22,0,4,4,47.54623148001747,0,4.4047152193919015,Yes
22,17,HR,3.364438661643576,3.0596604083956067,10.139428968785383,1.1277238250680424,2,3.9654774393428704,49.03946304731497,2.5088918526185098,30,1,11,6,24.155149622744187,4,2.79556517657415,No
31,18,Sales,1.8690643737691368,0.43166643072198585,6.374471884648873,0.5749479032328902,3,1.8787327637245235,55.29952556541875,3.499098272969199,39,1,10,6,23.74927776282071,5,3.6730833381772077,No
37,16,Finance,8.202537032235824,5.183138019300016,13.466248456791503,1.1214388412933611,3,4.691782051415472,59.99824403576183,1.7024731789657934,22,1,10,6,80,2,2.151252094727447,No
31,16,Sales,1.0209443876675033,0.5998013703237429,10.467845567877838,1.4809760523775872,3,3.7863559978295207,53.761560994440195,2.5241182630761325,19,0,8,1,80,4,3.2804851423095407,Yes
37,18,Finance,4.862806738278772,2.7621253831310173,12.297181000753353,2.379718944868105,4,5,77.87723943739718,3.023587214317956,43,0,6,7,23.9494491046957,3,2.938303372225102,No
31,19,Marketing,3.101467669984663,3.101467669984663,11.049032670929934,0.5496407753484128,3,3.6002961372495417,31.47153730656563,4.718532086171332,49,1,10,8,34.159342386958926,4,2.2953635066807094,No
34,16,Finance,0.7893000523221931,0.3332057278157494,7.705789462922362,1.1857634382175741,3,3.1938570496788916,51.84603233920432,3.176880943968092,84,1,12,3,58.23520838943982,3,2.209849253034471,No
37,12,Finance,2.9483018899565385,2.9483018899565385,8.521153610096018,1.563780631231331,2,3.772438413657603,34.8482522772368,2.9655751946499076,19,1,7,1,16.32034292219713,3,4.327268060642904,No
43,20,Marketing,0.5997521916810772,0.5997521916810772,7.531211363755503,1.5148476207602344,3,3.5147227102305862,82.35591651307438,2.821949498788892,20,0,5,5,18.593580156414028,3,2.685244509077191,Yes
46,16,Operations,4.009085966564762,3.5088590306957226,9.586248522400517,0.615549178036189,1,1.1979289649259277,67.69931738470697,3.4003678232127807,29,0,9,3,23.94264487469126,0,3.049916310147195,Yes
35,14,Finance,1.6997138178993456,1.0892710300543595,6.638577399200502,1.2159435804584096,5,2.5825207628577704,46.654661215371426,3.2219270387129697,18,1,8,7,8.401959034018551,4,4.3432704465284395,No
35,12,Operations,4.090903301379792,1.6498961423797944,8.537896458784546,1.7063912823334144,5,4.399427715674002,54.22030587848213,1.8232509025735468,24,0,9,7,12.534001652079345,4,3.3537955651076143,No
27,14,Operations,5.3144777200115305,4.530604211531102,9.23423477476726,0.8886412885497734,3,3.8112343583669843,55.258382624414836,2.2920558809425358,24,0,9,4,17.755998586606616,2,2.2536352222206593,No
25,16,Sales,15.793122685392767,4.817976433567671,19.498633350111476,1.2137112574837228,3,4.000159552466617,83.94459860207401,3.90737445834348,12,0,9,5,64.29032777680992,4,2.9709147128626174,Yes
43,17,Technology,5.746197375711695,5.746197375711695,12.782311736751414,2.096884394163109,4,2.213936528661088,57.32860832239494,3.0730656324557053,41,1,11,1,29.97588705182396,2,3.678598313365744,No
34,15,HR,9.447001829827606,3.0604807724680336,12.707894113301055,2.4616441084340095,3,2.7126723989383916,84.84317397843874,2.210736238421995,36,0,12,1,80,3,2.138985906055222,Yes
40,18,Finance,1.6908752420840059,1.6908752420840059,12.46528512214879,2.362079289775327,4,3.519428511671658,70.1143662185057,2.4192962555790656,36,1,9,4,21.568311565592612,4,2.398061686553187,No
56,16,Operations,1.262538182714179,1.262538182714179,8.264849285373671,0.642973092539888,4,2.2953297317499337,52.35986096150243,4.378639806931926,9,0,4,5,45.060878782957026,4,2.4769581662066384,No
31,17,Technology,2.7372608629671653,2.7372608629671653,11.20465771920527,1.5542112869746565,3,2.3239862996895932,76.7228691487085,2.4737311035600777,29,1,9,7,26.77374117178042,3,2.626961204309249,No
34,16,HR,0.3398100829463272,0.3398100829463272,7.913097702738579,1.3928616587806182,4,3.10058896036771,69.27129566114954,4.422499793949857,45,0,7,2,20.271008777444894,1,2.603502675407875,No
34,15,Sales,9.99346005476858,6.261040807941931,18.37041078141553,3.6075129467114895,4,4.986227575775287,69.39127842828887,4.411894400088168,44,1,12,5,31.83642137194087,3,3.227571475840361,No
34,19,Finance,2.8880209241816615,2.8880209241816615,6.492696810120287,0.7951456492454878,3,2.7982101321230943,53.53001783747042,3.4921938686693066,35,0,11,5,15.583544307798467,5,5,No
26,15,Operations,8.431681485030536,3.8938044293612837,11.779794226585723,0.7475245206695671,4,4.101407761088985,55.3980862434239,4.01984093789734,70,0,13,0,30.136057623639875,4,4.916860390897314,No
31,16,Technology,5.951512453343834,0.865977950055046,17.588508850028493,1.7834924872695817,4,2.230206032335114,49.5583380674561,2.0885894144610977,26,0,8,6,30.187861605338256,2,3.835760617407051,No
38,17,Operations,3.2271440141459315,3.2271440141459315,14.254606557009964,2.607408510204941,4,3.909215080622215,28.432449388732678,2.3917492918728973,20,0,6,5,31.863746666055764,3,2.5828279736483015,No
30,18,Marketing,7.3162944258430125,3.636412909478511,21.00367925060903,1.6011964698706025,4,2.7161235607852867,44.543058624904255,4.087089198404194,33,0,9,2,48.70021905545869,0,3.5816658944364046,No
36,13,Sales,8.858184033606426,5.384147573141884,11.745669429044195,1.4786429078518328,3,3.2913774300177,66.2457473615906,3.318515878331839,20,0,9,4,16.438175110492608,5,3.5941712141252538,Yes
38,19,Sales,8.630520261363833,4.941058919777942,11.377924617411521,0.8509018314843021,4,1.882198052581386,18.27952358098714,2.274852380300694,28,0,7,5,15.73120426607824,3,1.5351974788160048,No
41,20,Technology,3.1519300891736304,3.1519300891736304,9.290721445331387,0.5563451303424019,2,2.721162122378043,40.15478363065274,1.4341683450483467,43,0,9,3,66.76029539509757,5,3.9392199966769286,Yes
27,13,Marketing,9.995756330794908,5.618008291585943,16.605887820891162,2.595800152285169,2,2.720399530486985,85.58420793610641,2.2089531984375363,34,0,10,3,23.96251916531705,1,2.6180163795393625,Yes
34,18,Technology,22.384223779492395,9.893343999378907,27.084610251894034,3.485264381390064,5,1.2066709923235617,56.71583634288607,3.0042095806213025,50,0,11,2,18.448888937685137,1,3.4536842778487507,No
34,17,HR,8.013838863294225,5.579366772695573,21.52960300947406,1.2076916532847524,4,2.810278846814532,60.22715383978022,4.796161536506473,16,0,8,6,14.418621911132659,3,3.7110148163143286,No
27,15,Operations,1.9996679252113876,1.9996679252113876,8.0198414379202,0.4691650284357468,4,3.702269343188411,60.445265045249506,2.500034040070325,26,1,6,1,24.692728870340314,5,4.704830992135122,No
32,16,Technology,3.856653599556017,2.386652083796271,14.135683284347477,0.7616614103159627,3,3.083466099933514,56.679503210722736,4.2189314695540565,82,0,12,1,55.096648274443325,4,4.978551812427775,No
35,17,HR,5.8735358637593285,5.8735358637593285,14.809318921827096,1.3979576491686612,3,3.5089612223208357,64.01152968261796,3.2993987100605917,22,0,6,6,35.01457607910816,4,3.358942683976236,No
28,17,Operations,0.3,0.3,6.9403943261892165,1.3545846443315368,3,3.560291899640857,33.62915288901215,2.881404923834185,18,1,6,4,63.494988121239,4,2.8931548989022238,No
33,19,Technology,2.1004118955800988,2.1004118955800988,13.03585521833701,0.9573383743274286,4,3.6803814328059663,58.20932574469051,2.2047615513740535,20,0,8,6,40.037116330684015,0,4.0502331120292405,Yes
22,18,HR,14.383086943037735,2.2133509708653665,18.26700544426117,2.754664747672747,4,2.9126858146114714,85.83711942092818,3.511746162106506,23,1,10,5,9.550372442619302,5,2.0518340367051158,No
40,16,Finance,6.898315671611025,2.435279323262377,10.951620865674588,0.9670588989343064,3,3.1001389914240116,46.00099316798518,3.7946295878951095,43,0,9,4,9.737418259900737,4,4.286480916911673,No
43,15,Technology,1.2274516367976105,1.2274516367976105,8.791169905829783,0.6149214050867322,3,3.498625394156974,60.94490787178499,2.992084135052853,30,0,6,9,34.541315872805875,0,3.4110575054850245,Yes
26,15,HR,5.557121574043057,4.291862183284961,9.707516666813554,1.915820108626125,4,2.0755706949709527,64.93519167116109,4.695085309681136,38,0,8,7,36.00341842261125,3,3.84244043393105,No
39,17,Sales,3.785991358610144,3.058749853581879,9.388984633256428,1.711378408469042,3,3.693221190073994,67.36477880245344,4.568799896899546,48,0,8,6,63.60419621179792,3,3.065007499264292,No
38,14,Finance,17.808895514809006,3.9138123121166144,29.74710498229808,4.324402545551572,3,2.816968210285379,65.22539438909251,2.114685518857774,30,1,8,3,15.806351359767328,4,2.260791708663529,No
21,13,Operations,1.9261943359003084,1.9261943359003084,12.159252244079171,1.3820375847251551,5,3.1155690292428027,41.043530521546586,2.9946073914125786,43,0,9,4,24.11755139654146,4,2.615744958792109,No
49,16,Marketing,2.9788119264660953,2.9788119264660953,6.655892525280776,0.6368170599015605,4,3.4275121423269748,52.43140254896599,3.5290887457662627,24,0,5,8,15.816055764027471,1,2.29179863996443,No
30,16,HR,2.1729393640555084,2.1729393640555084,9.550279435661885,1.0028728545980923,3,4.511694222130649,64.48880420684192,3.689597810401938,60,0,8,4,15.9460551052954,3,1.8009998376285312,No
26,15,Operations,0.5226633072421745,0.5226633072421745,11.349392623347189,2.0456196843988383,3,3.0372172563672124,40.615077763352005,2.798620116092137,27,0,7,5,31.338652513104268,3,1.2813972124782373,No
42,16,Technology,0.7712008808760258,0.7712008808760258,10.377620715617924,1.0040035650716699,4,4.099864915169916,76.45513359229012,1.9827147910262368,40,0,9,6,21.25417147310019,0,4.274640071274347,No
44,17,Technology,8.535608455184514,2.5982307609902557,15.70039644756529,1.0041204064309046,4,4.702802573023142,65.00774862105276,4.678226250087265,22,1,7,5,31.388586116190993,4,3.1527397829224615,No
41,19,HR,1.9064362621715176,1.8050439166017815,8.363343087944605,0.8888660774758449,3,3.035575851730301,83.73548308553858,1.971840672162552,49,0,9,4,26.95929861876207,2,3.2211939671053047,Yes
39,20,Marketing,0.9243640125710968,0.9243640125710968,11.895983169541388,2.150672793907302,3,2.7970790846910054,50.88017011689118,3.7142337869344817,50,0,11,4,17.794244216312098,4,1.872361089265146,No
30,17,Technology,2.7890108436478442,2.7890108436478442,12.524143734249005,2.1668191457732116,3,2.920412708093259,52.48566295726737,1.9730197588818916,33,0,5,5,33.88980723259697,0,3.7682072707438645,No
32,15,Sales,4.91873872981195,4.91873872981195,14.91213361582183,0.8424534155494608,3,4.39816726527729,36.32004299434878,1.625226144152379,26,0,9,5,20.863686266089452,1,3.972596359407612,No
31,15,Technology,7.658906470966694,0.31907269725091736,13.779566015017009,1.7132461118887832,4,3.495242553921909,53.93412215615314,4.907718347887844,41,0,9,3,29.66324716637576,2,2.8998529733531164,No
39,16,Marketing,8.131973780647291,3.9469217355470683,12.656054360620578,1.0687317510875,3,2.3258139086670844,68.47719611641972,4.59544999384239,24,0,10,2,31.899370149543984,5,3.795934246127107,No
35,20,Finance,5.389233592749172,5.016645248978121,7.793725864142873,0.8973229610940139,3,2.911312964463715,58.8891348544679,3.1010846936446708,27,0,7,5,39.508293515720425,3,2.0011358876407606,No
23,15,Operations,17.319946713901764,7.138271313047673,26.08613057101165,5.231364133796349,4,4.030485187518078,69.90147259998719,4.395641078470268,41,0,9,6,23.24390678973133,3,2.907019759694861,No
32,16,Technology,3.8436115601144247,3.8436115601144247,10.682956674932438,1.8700710394847782,4,2.89037881080821,34.392005060357626,2.7098984894161484,9,1,5,5,36.37406812140355,2,2.489180775682913,No
35,19,Sales,2.5279958182038995,2.0454301038244553,8.671270248010542,0.47243263881394426,4,3.0984608829974936,84.33653495815751,3.5823492467399967,39,0,10,10,43.36949772524582,2,3.500796693814651,Yes
21,12,Sales,0.3,0.3,7.870533897304671,1.0832600633916474,5,3.483356695267374,42.70254503910001,2.5135894378157535,22,0,6,4,14.792254727817527,3,3.913949546517655,No
33,19,Operations,3.1145692557447364,3.1145692557447364,14.568356207803145,2.3719747677678367,5,4.106841313994533,64.97761495193674,3.5871155639570973,16,1,5,4,77.07446797318556,1,2.627672825833735,No
41,18,Technology,5.596427828261343,1.0631993206730648,9.598642752493282,0.8017180332153322,4,3.8817234907754843,74.83833008336185,1.6026322264246216,54,0,9,4,34.20860870451828,1,3.3599269754123027,No
30,19,Sales,3.3379623240174485,1.9372771405921303,8.90649312036276,1.1790857059943847,4,3.689360759738107,49.08390746997161,2.401202695014301,26,1,9,10,7.741361874481312,2,2.810775189640885,No
36,14,Operations,1.3246812243728756,0.3152177567977838,8.032244354513209,0.8386328141480892,2,2.922037222576608,77.75719457906865,3.601992536145982,46,1,6,4,17.646058653964047,1,2.5232377598947053,No
49,18,Marketing,2.896922932479691,2.896922932479691,6.15637013891832,1.0978994130518476,4,3.291133155819083,50.06694434296312,3.8798674294626516,19,0,10,4,41.453799006616784,5,2.70077098705691,No
26,14,Operations,11.732949386609762,9.59149866071812,15.473018471871379,2.3754224652143847,3,2.7883525490621426,71.44152998088319,3.6875129311432846,45,0,8,6,32.00227235041628,3,3.1867858064503145,No
35,19,Finance,5.016773024148308,1.8070767809342796,12.999428001623347,1.1118483275319235,4,2.780014849006461,59.57228312901651,2.2929344495786985,21,0,9,2,27.22663346405282,2,3.5438513310277484,No
25,14,Sales,8.758689107871067,3.455717297759974,13.950393909567124,1.1387196384786542,2,4.612310120288271,76.0947586997344,3.3997350782139817,35,0,9,6,52.37525921901973,4,1.287026502829826,No
32,17,Marketing,13.024708331328222,4.915071210912409,22.868594200332765,1.6874770596155757,3,2.498553849515693,61.39937061908588,2.098302831867726,45,1,11,3,33.860860963144674,3,3.98378094306464,No
34,15,Technology,3.796177456131218,3.796177456131218,12.375854750907285,1.5864793699597208,3,4.193561707587999,63.780194553751834,2.4924391150590983,30,1,10,6,43.91903725154669,5,2.528546310892444,No
30,16,Marketing,2.7963498090372454,2.2733564079365567,8.82245751209162,1.427171306917854,2,4.606402625304469,72.82507830554991,3.1011397991008938,52,1,15,6,47.360227743987245,5,3.465443453506557,No
27,17,Technology,3.6695814622858802,3.6695814622858802,9.029734012480928,1.5693385514470077,2,3.2079707273236444,65.26293753765728,2.8233377721188835,23,1,9,7,22.017361241731592,1,3.5386690186455594,Yes
31,15,Operations,0.36612673378920896,0.3,6.399035902145601,0.45875262274976564,2,2.8987542400058888,75.52342136894188,1.9174866116483198,73,1,11,5,16.984547235930396,2,2.0856883445756718,No
36,15,Finance,8.516583487549564,5.3264632204745865,9.692000937260731,1.3189114062180183,4,4.617440512579493,53.66107218176398,3.1832789862468562,19,1,5,3,11.509042239378248,2,4.192024027577262,No
25,18,Operations,10.807549250323303,5.5215880179191785,17.585585077770457,1.6882040870159853,2,4.112131805488025,43.086628616939784,3.9987085146364016,11,1,6,0,70.15921430117938,3,4.293110932716819,No
28,15,Operations,0.3134544340150028,0.3134544340150028,8.73434456041137,1.5018987115923073,3,2.2166938907075275,57.36824163398089,2.6059808954525754,28,1,8,1,36.192411895778555,5,2.112354366364897,No
27,19,Marketing,5.312994941143872,5.312994941143872,11.635445225102748,2.013547031581293,4,2.8676450880670843,41.58790369552482,3.0801780021257903,31,0,8,3,16.275371894117317,4,3.7416501935900786,No
45,16,Finance,4.834458568129486,4.834458568129486,10.998117281910597,1.301363776872572,5,4.504411487135756,73.72782716104543,4.32454560384808,37,0,8,2,19.33512499810897,2,3.3661677278766766,No
40,17,Sales,1.921774490493606,1.921774490493606,7.496334299710583,0.8455344076282026,5,3.4919274525569635,71.96489834973802,4.215656865528031,43,1,9,5,19.13783196395391,0,2.3760628357304525,No
32,18,Technology,12.45848423012446,4.421959213877243,16.835527880877965,2.672624395313003,1,2.98308853242952,89.00885836814322,4.078186228822391,19,1,8,6,27.658329997188762,4,3.373401688296588,Yes
40,17,Operations,4.347756121532712,4.347756121532712,6.180569234515081,0.3184664046756661,4,3.7246862422445917,33.58445287194304,4.187762631150285,42,0,9,6,55.785024589627966,0,3.927592252835542,No
40,18,Marketing,0.3,0.3,12.579374910918958,1.7630989502542322,4,3.1245243328355317,57.48513970771972,2.5988878103069486,18,0,4,5,62.38836317585606,2,3.5076887667489594,Yes
29,16,Operations,2.8218719621128017,2.8218719621128017,13.745504534532175,2.0289099298893842,5,3.7853520412012314,67.48791337942622,2.394099943581798,37,0,10,5,11.081885095219288,4,3.1334787919787233,No
38,15,Finance,12.410081264410014,0.3147371005080762,23.739613569084543,4.579966216148524,2,4.380943671895594,66.5167918880423,1.9700492544713943,25,0,9,3,39.153035863431164,3,3.7527014406085786,Yes
29,18,Operations,6.444035070885475,2.6442637192612986,12.802085364052516,1.0475736700764167,3,4.9981746508776075,48.33664387574133,3.7126780696081867,24,1,8,3,36.23743141536301,4,4.080685535704969,No
46,14,Marketing,2.603380126818091,1.2059193529156593,12.438395103885972,1.8740955554563845,3,3.9094373359344172,57.11338213856316,3.0835309088263108,18,0,8,4,18.23573077144718,4,4.147346292739358,No
27,14,Operations,1.9338626583556977,1.9338626583556977,9.53036234511903,0.48867391648754344,4,2.4289097591262094,64.81962578164205,3.4872436985730206,39,1,8,7,37.304939350717,2,4.265091029326808,Yes
27,15,Operations,1.7021578283823509,1.7021578283823509,7.588730932751913,1.2988568879118276,4,3.2051354886505767,68.37363431415586,2.496222019451055,47,0,9,1,11.732539090855878,1,2.877151077398925,No
32,16,Finance,11.841669071918824,7.662141270928803,19.995175845413463,1.345340668320337,4,4.089868400119724,43.221300120944356,3.1335863338206287,18,0,9,8,79.00184241504375,0,3.4992471020260507,No
32,17,Finance,8.429058273789762,3.5643069683198303,9.799318990319883,0.7209280128774201,4,3.5786911708477356,36.74801649915062,1.6810160558746472,37,0,8,12,45.42965742338391,4,3.3001938486655145,No
32,15,Finance,0.5681221386999016,0.5681221386999016,10.821761308121687,0.6893395047194917,4,2.9881598435726624,67.39416648391709,2.820873229722156,24,0,7,3,32.67174471230385,4,3.5198332290449974,No
41,19,HR,4.194651715737604,4.194651715737604,12.159618578184377,1.6805096792373488,4,3.9857525306655823,65.20181010987007,2.217570987848935,16,0,9,3,32.95420943660999,2,4.303595882972438,No
54,12,Sales,6.175239274531789,6.175239274531789,12.87385323546893,2.1301463781636993,2,4.77669469219682,35.208037622782285,4.013286258155932,18,0,6,9,30.423025343529346,4,3.895385369623603,No
31,18,Technology,14.844238714241905,5.383775778144959,20.025963077761435,3.549695008476521,3,3.614168011729673,58.274882181226054,3.7024403268734543,46,0,11,4,12.12253725887671,5,4.154752751093423,No
35,16,Sales,12.069238342314787,6.931792030684051,19.053824766230488,0.9471819432086996,2,4.401816897898853,62.68246968248413,3.5942845342403844,30,0,8,5,25.866785925020892,2,2.9447476903135295,No
43,17,Operations,2.026011822299585,2.026011822299585,7.463293971829504,1.387953076417972,3,3.4131549017751763,84.6710817695662,3.0144321319212755,47,1,7,6,24.500286131938687,2,2.631455387537674,No
22,19,Marketing,6.5407945468676365,5.259740325421174,13.230620262579944,1.5663940418122313,3,1.803165271997093,74.90528574680265,2.9852741533185316,76,0,11,2,2.7642645700125152,3,3.370606787803494,No
38,17,Technology,2.9528327640040533,2.9528327640040533,11.674895582593726,0.7997134005998906,4,2.107577234719096,49.35317805549167,3.000492592679863,26,0,7,7,80,1,3.39879803064063,No
21,20,Technology,1.09077636298744,1.09077636298744,7.429442333805101,0.40657560364657347,3,3.9115845517376546,91.53614865222116,3.306681423677556,26,0,7,7,19.783131520995724,5,3.6528026844085333,Yes
28,16,Technology,1.3262108803825294,1.3262108803825294,10.98752906281781,1.4116201596802143,5,3.7071071946189433,52.63907317177886,3.8918943667921266,11,0,7,4,19.542126150262124,3,3.6981766629514583,No
43,18,Finance,0.6931398600053978,0.6931398600053978,13.791028115873814,0.7934628285484359,2,3.9836524035043848,57.752190428582594,3.7928141334461265,36,0,9,6,30.701949268979476,3,2.976434525755401,No
46,16,HR,11.80633906848785,3.17788678362995,7.32840582713095,1.030577608568306,3,3.188660093413253,82.08562988314608,3.514081153265781,7,0,6,5,25.438529789118178,0,3.686460310864337,No
34,16,Finance,24.92508765961088,8.257696668517617,18.09175860029165,1.4013842980860176,3,3.5323041562219606,60.034054631918984,3.503368090653775,15,0,8,6,19.413016890237476,4,3.778659805317104,No
31,16,Operations,1.3605978107908299,1.3605978107908299,7.1513404621625005,0.7717485764868189,2,4.78656524712297,50.65291647754592,1.9743753209977808,17,0,5,2,67.20371812965382,4,3.567899348645103,No
42,17,Finance,1.6295406106958261,1.6295406106958261,10.44401785029466,0.5393928485238665,2,3.3150494308467033,96.64472441255091,2.7199441727307176,31,0,7,0,6.85990973064035,1,2.1437138045885926,Yes
49,18,Finance,7.5727899245215955,5.374072695285666,13.27547851808621,2.3206858548993243,2,3.1808975061924825,15,3.3761212179775093,52,0,10,5,41.56546609600767,5,3.7085717396649516,No
47,16,Operations,1.2323407853283306,0.3,10.800849386226714,1.4513014432127866,4,3.6956553235488077,79.77483353262758,2.2207494208735055,30,1,4,8,80,5,2.9739110037104504,Yes
39,19,Operations,0.3034656677383033,0.3034656677383033,9.416653908090229,1.3755685550068797,3,3.6834177752499104,70.5922715678413,2.924938175737223,19,0,5,3,19.017600013009037,2,2.7939077241021546,No
37,16,Marketing,17.688897722164228,10.617129728471545,27.762323677676218,3.83765112696285,3,3.6209056373772657,36.73483160076759,2.77937114698295,23,0,9,3,19.959645539281674,3,3.146854966859562,No
38,19,Technology,7.201562751969892,6.679259370258596,9.535915467176887,0.80378353062025365,2,4.6369354778658805,51.38491852506144,4.6671253444259175,45,0,9,6,36.614261677364695,5,3.5098723667328153,No
27,17,Technology,8.856034909751177,6.99464202619504,17.2316443445977,3.0524255824436834,4,3.301732823914655,53.23309912765624,2.3604856576722844,50,1,10,5,38.234048683091906,3,3.082487039011776,No
31,17,Sales,1.8562844820467193,1.8562844820467193,7.750732443313827,0.7881857936117793,3,3.5964477467763865,53.405950864225375,2.6222239677109145,21,0,7,7,49.25668523207414,2,3.289435555661714,Yes
42,14,Finance,0.4738816950231113,0.4738816950231113,7.442761510181347,1.1071191554396398,4,3.635544781151903,95.52596617860017,3.073051790253016,17,0,4,8,25.12650243830375,2,3.9448053357066044,Yes
23,19,Technology,12.318926830352618,4.628536974765223,22.72322949409197,1.247730585546237,5,2.3251195123658746,48.05461067516871,3.603131122762787,57,0,11,1,26.55360863993057,2,2.8907488435888062,No
35,13,Technology,7.448714643674387,5.097205053476975,12.175827054568302,1.525452891447219,4,4.9137846831257095,73.41576793730692,2.8005018195513296,82,1,12,5,15.839402054972197,5,2.956352480595865,No
44,14,Technology,3.301360300471268,3.17602906711284,10.326704111446729,1.0234323851921094,5,3.794670614985753,66.37813846059935,3.415758260310801,12,1,6,1,19.833309048439663,5,3.9728726892452624,No
29,20,Finance,15.787974581945683,5.831353457547629,23.043954860668016,3.867236336174551,2,4.999832894706484,67.25370498813001,2.9819126522553194,28,0,11,1,80,3,4.579676161898995,Yes
34,20,Finance,0.31276837189082646,0.31276837189082646,6.614366657255827,0.7584782728655685,4,2.4856531554050023,58.56472268388305,3.61907866291102,36,0,8,3,14.400111316486251,0,1.920672930198418,No
28,16,Sales,0.8701750381440179,0.3273561222627263,11.225986803640723,1.0081933156519722,4,3.488858513710963,75.94890610040599,2.2100566720495385,19,0,7,2,54.10354757275083,0,3.1901482556593224,Yes
34,18,Operations,2.037138074489237,2.037138074489237,10.008504712415093,1.5495008173195681,2,3.516874845922738,57.82755284878003,3.2203236284641665,12,0,6,5,25.09139860831694,4,2.6580258372961927,Yes
55,16,Operations,0.6011250799768992,0.6011250799768992,10.22972217572759,1.7215912472609511,4,4.268271654348292,96.55483216455112,3.96987596207689,13,0,7,3,52.467660000060775,1,3.4428434504284176,Yes
27,15,Marketing,7.800069766127872,5.913456955181956,10.096951631146533,1.6759877494070081,3,3.6080039021345267,49.64527647576739,4.2010699714860955,47,0,12,6,28.820737975090083,3,4.468499397357415,No
21,17,Operations,5.887697900043542,0.6166707856027324,15.382858632692987,1.548870892562041,3,3.999313306108162,63.75720955027699,3.3875087749375736,34,1,9,10,54.58218067002314,0,1.6745600081449363,No
37,13,Sales,8.238453842137886,6.147872077571119,17.85519221653783,2.7099811290002216,3,3.988367011486712,73.00125041908824,3.4916565973964118,18,0,6,3,26.24958696905115,1,4.292938292837568,No
40,15,Technology,13.705262666600422,5.004929104378276,20.016742036003322,3.8098225850965073,3,3.222550256410384,58.30357042192235,3.0667863954433696,33,0,13,5,12.029838352456512,5,1.3140829560449194,No
40,20,Operations,2.726084402040009,2.726084402040009,14.384505711295182,1.2743066225358846,2,2.4980657755631768,42.14201932237679,3.583413121060953,24,0,7,3,23.66684995263292,4,3.501848241111107,No
43,17,Finance,1.0343064591949338,0.7791970742190458,7.664384819096447,1.2930844778108777,3,3.677573951924522,59.08421155916967,2.9094873375896944,29,0,7,4,13.727048523820029,3,3.779671477527931,No
50,16,HR,6.947292389795601,3.4871693703690565,8.489617336411072,0.6571254198865486,2,1.9175053204347856,35.65003625064403,2.5044880272544026,40,0,8,3,15.485246484682625,3,2.396585641610067,No
39,12,Technology,7.80351665185663,3.716721483390424,10.438540611886756,0.9438562528627622,3,3.530841320815986,50.45736235799377,2.5941984150886803,42,1,9,7,7.817926562177545,1,2.5115894059702293,No
38,18,Sales,5.4940259176965975,4.261507365237096,20.494213725088773,2.6958500461371955,3,3.3200771380765177,67.02904739396564,3.622880366000671,24,1,6,4,19.259398626699298,5,4.567777899127642,Yes
39,14,Operations,5.74885457950504,3.00968170487505,10.121439183242407,1.2179166953915845,5,3.788992401947568,31.349000442818955,3.3218888131520736,20,1,8,3,27.52957647700957,3,3.0079694744828234,No
38,19,Sales,14.012690677035593,6.815401250442077,9.595355313097295,0.8027058422880788,4,2.6804993688939613,19.60567911977895,3.890834300359098,28,1,6,6,31.756592730489196,5,4.268385134885736,No
37,17,Finance,5.796212837088756,1.9643163396442176,7.067307771972287,0.42568293477470126,2,2.4978118460886454,54.27777448508916,4.293189377714686,29,0,9,7,33.13497126081482,5,2.938557008839653,No
36,16,Sales,0.3191944748741754,0.3191944748741754,14.188506202020042,1.3943189943061616,3,4.295024112610068,47.53047527802843,2.615626813006275,50,0,10,5,76.0537757260558,3,4.283871833455285,No
32,16,Finance,4.490402136669046,4.490402136669046,14.624442898342798,2.164217883931276,5,2.000810545791029,80.23239879266237,3.9108600139196352,49,0,11,5,14.967676050038131,5,2.5930110310619368,Yes
38,14,Sales,11.581082373486984,7.826344056212762,18.303799004063144,3.2846457090502095,3,3.5217556226758053,47.877158804127696,5,27,0,7,3,27.08301372543886,4,2.951454014305692,No
38,16,Finance,1.4563243821374334,1.4563243821374334,9.35852439532184,1.5726576980964453,2,3.082210080961786,57.939662809391905,3.284355788917601,36,0,9,5,8.480807750873753,4,4.275056093507287,No
24,14,Sales,5.810669643389594,2.5986731145184705,15.867962018423023,0.8854427653659964,3,4.803149431811375,54.77919955203301,4.903246254778987,46,1,11,9,10.742217776840748,4,4.453480068837632,No
42,18,Technology,0.5526924625087497,0.3,7.380182042120434,1.2284414487854998,4,3.509818982474532,45.44047073354363,2.994213097186781,56,0,7,5,33.49101463230847,1,4.166557204681577,No
23,14,Technology,6.632630156380823,6.1604579751837365,13.005571958563152,2.5994281271097153,3,2.5985777353246498,57.39986075156135,3.5980299766725645,53,1,9,5,7.992933330874035,2,4.0710971931890345,No
36,18,Technology,12.359124701767117,8.804199126575922,14.312849154791378,2.267110746892244,5,3.1314058008394765,73.04876314259658,3.1979178125619567,14,1,8,4,16.163120143178766,5,2.384472483856618,No
44,16,Operations,0.3,0.3,8.082374057703085,1.325320049331642,5,4.09428349385524,34.594874629962945,2.590407703429386,35,0,7,3,20.244501224359986,4,2.5162076591622617,No
40,12,Marketing,0.3,0.3,9.334953923243006,1.779888368106254,4,3.7935923610714353,64.10833290237154,2.694218174053537,68,0,11,5,35.52962950466746,2,2.9880684291265984,No
41,16,Marketing,0.6742720330301457,0.6742720330301457,9.320142886059413,1.1454761539984368,4,4.294996240306595,66.93625341778383,3.776466427344931,11,1,6,5,18.74497874902776,4,3.4588378975374976,No
32,17,Sales,1.95688204387425,1.95688204387425,10.31762835313194,1.5911811441467454,5,1.8070038822261925,81.97228605884905,4.113984807094258,11,0,4,1,17.769267513952652,4,2.0195889791266826,Yes
51,13,Technology,8.21965830854933,7.13664620222079,9.848342275366814,1.260930500374907,4,2.819882694585833,46.26628081417371,2.784052302608346,47,1,11,2,70.2998574024015,5,3.7730032810027443,No
28,12,Finance,16.445492950801125,8.635953167911198,14.05249498748685,1.953339859733887,3,4.697488119643749,15.926904194525193,2.896526852451625,51,0,12,5,45.14884640260485,1,3.350067135135172,No
48,14,Technology,3.9818160735744756,3.9818160735744756,12.08967338050984,0.8351809311060358,4,2.1253859374826094,67.71503308180439,3.4909375101111877,19,1,8,8,69.15251543616023,5,2.7945926007172237,Yes
34,16,HR,8.627909917919318,3.234289447589029,12.557563087347152,2.369145552147463,3,3.123175715091198,68.7307025832414,2.6207718252939847,29,1,8,4,21.47110771541745,2,2.80949618405976,No
27,15,Marketing,4.213717940302704,4.213717940302704,7.40766130513595,1.3715125948929314,4,3.896085803491423,74.9836622173257,4.348398453375584,15,1,6,4,40.93670698242459,0,4.321620344103012,No
39,15,Operations,0.4140490021226587,0.4140490021226587,12.270808075933862,0.9044058602878852,3,3.3169769096018853,61.187869542379495,3.1332243729852203,41,0,8,8,24.460756329595746,5,2.726779188885834,No
31,15,Operations,24.636738622748148,5.866941470414319,39.57832192254726,3.278200618430456,3,3.8058344840857323,43.64918313204233,3.7239629548220265,17,0,9,4,17.957094726016038,1,4.010699972087308,No
34,16,Sales,5.97474238658112,3.263745382566271,14.212155078387273,1.3889317550204392,1,3.3025863635729564,52.90118765304969,3.1824542442763635,29,0,8,9,14.814785947911892,5,4.24275647056483,No
33,16,Marketing,1.058060004326002,1.058060004326002,7.339042206365043,0.7282134800686553,4,4.3866187572061035,63.16326657996167,4.416214581143156,30,0,7,1,40.55585819831524,2,4.166743551341114,No
44,19,Technology,5.737378842926137,2.0811518032424,12.298137096077879,2.3571919508083607,4,3.50347526014413,53.09900872420636,3.5060382098686964,20,1,8,5,22.3168192330963,0,3.9638743483534498,No
26,16,Operations,1.825077818276298,1.825077818276298,8.107479360252215,0.6097074756261875,3,2.227400632353313,66.3735090272398,4.105734414951478,5,0,5,5,33.97680437894232,1,3.3547955878367204,Yes
33,18,Operations,0.8347054028351631,0.8347054028351631,8.590449829781196,1.6725173808018325,4,3.701635338709156,45.60344246747824,1.1023493757177165,60,1,11,6,37.69551913121323,0,5,No
43,13,Marketing,2.614746993123675,1.7565718405178352,8.34175573476544,0.5025665247038691,4,2.7792216810776273,72.63017330556114,2.831772649643751,50,1,8,3,31.62579042135765,1,1.7184018706971822,No
35,16,HR,6.887113792632111,5.04570096276021,15.513001786477146,0.9243513110766209,3,3.801370886958561,63.112396172213444,2.118678908543161,31,0,12,5,40.82643069740019,4,2.321675514403767,No
24,20,HR,1.884093971555154,0.9653968497366512,10.385064690459991,0.5718739436281646,3,3.1450659091201296,65.69620708119221,2.528947353748786,58,0,9,4,18.56374719940539,2,2.5333511395329866,No
42,15,Technology,0.3,0.3,6.796881024564631,0.9847087181622176,4,4.998387843785147,87.19506791241781,2.400105131293064,35,0,9,6,79.86004213675766,2,1.65477760348193,Yes
38,13,Operations,10.93078790791559,8.849184984735167,16.610607004579883,3.2922898545372354,3,4.278738765093795,61.95349164422271,3.3962782426344114,84,1,13,4,6.620857898757172,0,3.368158346183491,No
39,16,HR,1.4810922530699313,0.9636980765320635,7.6693230720738335,1.4083464929588685,3,3.421805263636071,78.07781493231977,3.513408723088579,23,0,8,5,22.026428672485316,0,3.393511993731374,No
45,15,Marketing,1.8528200867093805,0.3308006569110804,7.39965601278419,0.7313229081081694,3,2.8088061373707136,61.58898497213975,4.210847062004829,57,1,13,9,38.1543317258712,1,3.549774970242003,No
48,14,Finance,18.499511244225243,5.309684487199055,32.08657211336906,4.540764289875684,4,3.8259304381652823,57.94635718830908,3.7103583537085285,21,1,9,8,45.107589436194104,4,2.7531002082086187,No
21,15,Sales,1.9649447153402515,1.7287146769077397,10.063275971981403,0.6372498044619875,4,3.178155938674929,85.07502237890661,3.00779306361659,34,0,6,10,14.958811141034602,1,3.181066042477015,No
23,16,Operations,7.835576787369951,6.064451611337338,10.701437940573099,2.1781038571338884,3,2.70489064963063,56.28327489552003,4.4050411285786275,60,0,13,6,24.21196598409299,4,3.8855787583963406,No
34,19,Sales,18.81583981644764,11.151455138761797,19.08492728021065,3.4338453899128014,4,3.181625393810579,53.16412349960724,2.585272214674486,41,0,14,7,27.338924062693117,4,3.0464078024284738,No
40,18,Marketing,6.875591647169683,2.2395868873784535,14.789904226543586,1.0740271884896002,3,2.305192485572607,65.49268917431347,4.207476259459129,53,1,11,6,47.26814272778887,3,3.41708768548885,No
36,19,Operations,10.265099119808264,6.679813712862485,12.264661811714744,1.4607980199964574,4,3.884340100383965,43.86614060434615,4.6853115986798795,18,1,10,6,12.548069528518235,5,4.471729564292027,No
43,18,Marketing,4.437114978681483,4.376096425560908,10.950528653576932,0.7390308462878669,4,2.401888160708369,77.75367063053753,4.400350799986416,29,0,5,7,49.60887956520328,1,4.008322089464777,Yes
47,17,Operations,5.395180572217671,1.5227637056180607,8.960692868497894,1.658473798629689,5,2.7937816504381865,33.18973079803587,2.6113275171621626,53,0,9,6,5.6967107468431575,2,2.880177772300641,No
27,19,Marketing,10.013122308613088,3.704166228240907,18.474828756101164,2.4133190735572865,3,2.8201600416633164,59.21616311997284,2.3175146603361747,10,1,5,4,8.986121349576068,3,3.446455984330979,No
29,16,Sales,2.9705032636834017,2.9705032636834017,11.921079719547382,2.1288817851996362,4,4.600229838937685,71.90994796451301,3.781702554048161,41,1,9,4,17.80583611492473,5,4.708701008487907,No
34,18,Operations,12.815697975800422,4.3247230241701695,20.05809591909333,2.1835449879569704,3,3.6093135880552007,62.04691532485712,2.50622778911852,33,0,7,6,29.46092807299759,2,4.468613359150973,No
27,16,Finance,0.8616157201652032,0.8616157201652032,6.20970938182292,0.5131730608918074,3,4.362247490206407,71.29168642276228,3.096948473887911,25,0,9,3,15.630260647148214,3,3.9036253807435726,No
21,15,Finance,0.9049615298949039,0.9049615298949039,6.369308170634338,0.8817116045071649,2,3.746615941268483,40.70806783892565,3.5968315862709663,23,0,7,2,25.00093265883317,3,4.209061573851295,No
35,20,HR,1.7511294335565906,1.7511294335565906,11.678534692547066,1.3066889072125547,4,3.9043084316859336,91.10157085595077,3.3066293175171344,46,0,8,2,17.480678148842735,3,1.670492371062876,No
27,14,Marketing,0.6843269271878846,0.6843269271878846,3.58,0.34252757971040937,4,3.693106090599101,77.74816878289225,3.405565549185994,41,0,7,11,65.90722237802814,3,4.808242886250754,Yes
36,19,Technology,9.298436073550551,6.177361952249235,13.531155294398102,2.6418155442013904,3,2.396731805536017,39.11861731726205,3.1973524162220976,14,1,7,2,52.00464558496038,4,2.1341392084610376,No
42,20,Marketing,0.6205593731492731,0.6205593731492731,6.416916133397326,0.9266384696878167,4,3.2151383273610987,65.19678350424229,2.4990699444227418,19,0,4,3,46.92118677282672,4,4.251864765217828,No
32,17,Operations,2.586608947738478,1.3648592585678063,9.916356247980636,0.6821792736421787,5,3.502004388372124,16.774553002248915,4.3820839319359814,14,0,6,7,18.345370727408664,5,3.1703177218961414,No
42,19,Finance,5.029418326255716,3.450290431856757,12.708513798708482,1.6536203370571085,3,2.698590430854736,81.88497386804207,3.1746987053994706,9,0,6,4,22.4570374394614,5,1.2512531507785156,Yes
29,16,Finance,11.21410026824707,4.9688706074865125,15.644849448846522,2.579771135120199,4,2.7996021158410156,58.980779270651965,1.7940206406582713,21,1,9,2,54.728167474441754,3,2.7420716637260063,No
36,17,Sales,1.6298755927427873,1.6298755927427873,15.214965405747447,1.5156750454671153,3,3.5225552145447536,42.28908319646145,2.802178720115282,14,0,7,7,50.95705185609305,5,3.5430296592683597,No
40,17,Technology,0.36424724162196026,0.3,7.503403675862847,1.3387488480613547,3,4.1892706693763815,89.5342500681705,4.998103494270316,24,0,5,5,10.63222603415423,5,3.367362727233481,Yes
42,15,Technology,5.853513131685666,5.16104830506021,9.152806760597699,1.4938261317460648,4,4.314099040847852,75.54436060802924,3.5146811161639366,54,1,12,5,31.88896001204834,4,2.9697545059144677,No
47,16,Sales,10.62037178811825,4.479877597179015,16.019621747181752,3.099233923276983,3,3.0713416352264407,98.8345010652147,4.206543931572572,24,0,8,5,48.49898736863234,5,2.4986046380658786,Yes
29,16,Finance,0.7724791336136707,0.7724791336136707,6.6851435673097575,0.43131814185057366,4,4.198129579595808,90.63811481467954,2.80046994105629,37,0,8,3,6.868618324906342,1,1.9936223009704528,No
49,13,Operations,5.15005039345659,2.4552528675358336,11.176399056436603,1.5769432357826407,4,3.520991971748606,36.58513373785567,2.685438364608838,17,0,5,4,25.67248117238218,4,2.843403444303409,No
38,16,HR,1.6109225841557888,1.6109225841557888,8.204961515405866,0.43254841715510606,4,5,75.92665086665477,3.7089730906609155,49,0,10,3,10.735964276931591,5,3.3787746885678702,No
35,17,Sales,2.8891799367389694,2.8891799367389694,13.451109858799235,1.1523527843221764,3,4.013389626506984,48.09562152534687,2.285278513297623,58,0,9,1,12.556511221222118,4,3.1447430542558714,No
32,13,Marketing,6.50561436452687,4.921103604100029,8.606058696170171,1.4181750949609782,3,3.387888778538134,90.61100840165297,3.0987200098706214,34,0,8,2,12.738108616320167,5,1.7103103809241516,No
33,16,Marketing,6.144535701930623,6.144535701930623,8.869372969761677,0.6301153475024692,2,3.124886814440774,62.1848857688882,3.906864932437865,42,1,9,3,14.043282764809856,0,4.324750356435357,No
36,19,Operations,4.753867254152579,3.2244722268597767,9.592402420418209,1.320253515221861,5,3.306930032358205,66.70674519971604,2.976308064694137,32,0,9,2,50.049707160679176,1,4.928341807792353,No
31,18,Sales,4.256723590197001,0.8682124863560823,8.663858741497867,1.6194525527765986,2,3.6197466657658595,89.61093280825992,4.5981297843707605,40,0,8,9,24.98591637482485,0,4.717458361586325,Yes
37,17,Technology,7.570195609772211,4.831720316300571,10.964403147823374,1.0189324088838416,3,5,31.64554885433811,2.705658462047613,12,0,10,9,21.911495718275017,4,3.1632774478065304,No
33,15,Operations,2.051437313977861,2.051437313977861,7.0461601512329795,1.3152716693806925,4,4.104921132704899,20.97728430730571,2.9945498222344775,80,0,11,6,39.08384804522123,0,4.166041886405053,No
29,15,Marketing,8.844124930764178,8.844124930764178,19.803551918661682,3.1560068229579397,3,4.70872234813202,60.16882021160459,3.900778859616461,42,0,8,5,1,4,3.2355333501947157,No
37,17,Marketing,19.784743733188087,8.355352002485168,19.644861314350624,3.0859665681537796,4,4.797275247925246,60.36826091117223,3.6963184234888478,58,0,15,6,24.897550863869235,3,5,No
36,16,Finance,1.5390338128194645,1.5390338128194645,8.437202279865295,1.6448876426246675,3,3.725265915559391,53.822777490820215,4.099444443894041,12,0,7,7,45.29038189210144,2,4.7981409893155504,No
36,14,Technology,9.083488598102047,7.116896184909899,9.816475196245943,1.1284122674867316,3,3.4919958267743927,57.35818214591831,2.904013481305286,58,0,10,6,20.905041387937484,1,4.041151700211269,No
42,12,Sales,1.065911659405798,1.065911659405798,8.62925164309601,0.8697752155824209,4,3.914960966277479,62.72464656105829,2.8212955311395294,36,1,5,2,35.86061835952655,0,3.33149336373236,No
40,14,Finance,10.884709381968667,6.096243015181798,22.68165051979302,2.0082057462464613,4,3.794515410164538,37.69769655055001,4.8880514492848075,12,1,6,2,10.837790229785412,2,3.7198699672590467,No
33,18,Operations,2.5856600799104927,1.4439948533865916,14.503865431839095,2.182869305249253,3,2.8891864462549526,36.459219164456606,3.201847494627047,33,1,7,4,49.44729888942865,1,2.666497183645114,No
23,17,Marketing,15.114245732436538,7.295841342637915,21.906718207705154,1.6604396490283728,4,1.8838695332314424,54.17000050077604,3.769587330768508,37,0,8,6,41.74933634690503,0,2.6662378717798094,No
34,16,Operations,8.611181326417798,4.38437346172699,10.240250696988387,0.77550382062461,4,4.202058351407835,44.68399054293811,3.818831768189729,31,0,9,5,25.71518375269458,0,3.866878541850557,No
31,17,Sales,1.3083260391385112,1.3083260391385112,7.648678138326494,1.3000061731632024,5,1.8977748563627759,30.933623129782923,4.303148898876112,38,1,10,10,15.858698943862697,2,4.971321915249192,No
33,12,Sales,8.598430704780503,7.78804048242925,17.301479562096652,2.5040608535191002,4,3.0875069206691776,93.65096454887326,4.975627669054987,35,0,11,7,2.777224256245999,4,4.111858821758945,No
27,14,Technology,5.566548700282763,3.0400517247554713,12.285379735797992,1.1649337807425624,4,2.8769061557757247,89.61312803198201,2.823468230779718,20,0,7,7,37.86157533437409,2,4.165350024328048,Yes
26,20,HR,2.8805148508987126,2.6876983607387865,11.158649813861041,1.993916181980929,4,2.7890561948968027,66.1777580771342,2.1897437954893717,37,0,9,4,14.82559692415565,3,4.530301621058116,No
37,17,Sales,2.3852225372996996,0.3,11.913110757491117,1.3981720099349444,5,4.420674445539747,75.54918879345003,2.6882066118467303,57,0,10,3,27.25717814165956,0,4.995762522550286,No
30,19,Finance,5.662688378374166,2.2788957637785887,12.111528701613858,1.1335277340542123,2,2.8975258882876385,68.00361283553849,3.2929458287847497,21,0,8,5,30.98737722034193,1,3.319897411701071,Yes
29,19,Sales,10.397234737321607,5.607824798745949,16.145548928774755,3.236100318063943,3,3.7940933941611745,45.622208093741726,3.280161338666438,21,1,6,6,22.079205535779877,4,2.322048403761724,No
30,20,Sales,0.4139332012455072,0.4139332012455072,8.108138529548816,1.3297201347657597,3,3.6341290604050682,51.06547394200527,2.8101219172145195,10,1,3,6,31.529170682273772,2,2.9746653907578677,No
29,14,Finance,2.534177680179402,2.534177680179402,8.24117063636168,0.7280758078504361,5,4.509078010958439,55.17069285154155,2.7941272860722677,36,1,7,5,22.970303107867213,5,3.705731512217462,No
34,13,Operations,16.558406245275183,8.5079165222921,24.56043178946257,3.770534318815995,4,3.6608145646659924,74.42368659876011,2.6641947847186978,33,1,10,7,33.13268855179686,4,3.608615903661774,No
30,15,Operations,12.297109925520292,3.8817316348796553,15.504317223494954,1.8358073743769485,3,3.302690997936342,73.82162722373803,3.2888145142537883,21,0,7,6,30.239670486768986,4,3.1204042124762545,No
21,18,Technology,6.445013012490391,1.7135812643963968,13.331732393132189,1.7760472394984061,4,3.509686062631261,54.76772477101672,3.2870265936207583,22,1,8,10,13.295907485786156,4,4.982367651420576,No
39,12,Sales,1.595196713408422,1.595196713408422,14.093750047458432,2.714794301482767,4,3.17847524821136,74.84348734788871,3.133834583293407,41,0,10,5,27.199660559107087,3,3.202282476962129,Yes
36,16,Marketing,10.847677528891913,4.681909956094599,20.84851996125302,2.317041779336389,2,2.6770958987209075,97.33237630456253,3.687525452016192,8,1,6,8,48.793435198405874,4,3.6148547406233655,Yes
47,14,Technology,1.1427269593363734,1.1427269593363734,9.786812401657569,1.8742545088502898,3,2.487682247852624,71.4449841336399,3.310392866648415,16,0,6,8,30.286422507461946,2,2.742826899888216,Yes
40,14,Technology,25,10.346954124673276,37.789888655581166,6.276154104798445,4,3.9083674318969166,75.97055407789206,1.2776683203121972,25,1,10,7,50.209809955104156,5,3.9262265686221904,No
28,16,Technology,5.72970247308129,5.72970247308129,12.314905919918806,0.7800989573157654,4,3.1035873035498582,51.666236931232035,2.4062674522996157,16,0,6,2,72.03325222564033,3,3.4785675491499717,No
38,17,Operations,1.9158084776145519,1.9158084776145519,8.854531088543716,1.1844206434162587,4,3.9829725985917186,51.20350466745117,2.3160627144116153,27,0,5,6,30.983063098236215,5,3.0058644229859715,No
27,15,Marketing,2.1995455347590616,2.1995455347590616,6.815421968729686,1.1052572265674219,3,3.191966984937276,71.61570782545247,3.4100434877275747,28,0,9,4,69.65993114409977,1,2.3440636166326825,Yes
37,17,Sales,1.6413825665832606,1.6413825665832606,6.341559392960918,0.7373035587484795,4,3.3053792187975324,59.40267571855965,2.803185936455192,27,0,7,6,46.33533741886713,4,1.8419425260522344,Yes
41,16,Finance,4.037975484773263,0.3,8.026520145394954,0.6275125940833765,2,2.623045795163846,59.32309021220677,3.7043867377174027,27,1,6,3,80,4,4.207209946773579,Yes
31,17,Technology,2.852993708019156,2.852993708019156,6.666837344539471,1.2036937756244348,3,4.119973826076062,62.065901322540284,2.9086135376724216,11,0,5,4,33.836085379233644,3,4.964037350817362,Yes
41,14,Operations,3.56447031895306,1.913755281438554,11.555354813381975,0.804519337045745,5,3.7090454450088153,58.691235944351156,1.6794778299362718,19,0,6,2,35.71863652451663,3,4.424269911909028,No
43,12,Sales,18.874518909863507,3.5207467535052173,29.727743701106913,2.2491496663016894,4,2.790764921145121,60.08503812811801,5,26,1,8,6,12.984235528366638,2,4.026530764458009,No
36,20,Finance,0.40902162509418816,0.40902162509418816,9.184793401094144,1.7874151366313782,4,4.210759800362433,53.1562339292924,2.578735074733692,38,0,7,6,52.806379209246494,4,3.9736880361066813,No
29,13,Marketing,8.17926129673108,3.063044846973546,10.98025371196138,1.8796586475752943,3,2.4942075887817325,55.65366367183472,3.9230992595785925,53,0,12,3,15.05692027845891,1,3.8967972724604594,No
31,16,Sales,10.515728678740038,6.796060815124569,11.452851919285122,0.7724815399639284,3,3.517223655412399,42.29284693206602,3.321615952988083,76,0,14,3,15.63998251830549,4,3.786989783834797,No
43,19,Finance,3.7205742856327997,2.7850560304713383,11.695414394701517,1.8809478596961997,3,2.4847300115409787,46.3441686847507,2.8803478494069674,30,0,9,6,7.021473447988213,5,2.721787274679526,No
44,19,HR,0.36429105396899003,0.36429105396899003,6.0893868133394795,0.9444865110860688,4,3.5852594419459263,70.16426225144596,4.7999785082059425,22,0,8,4,72.1598386592873,2,4.071886924142365,No
33,15,Technology,10.91962232637027,4.547066245572714,16.863618537029776,2.70686172190377,3,4.305998766486965,41.363599527893555,2.970106249523424,32,0,9,1,16.304797257197144,5,2.636843365807313,No
41,17,Marketing,5.333357962235956,0.5721822230218213,8.448095353031592,0.5392676357016902,3,3.581155197653464,79.66253067483699,1.8984713808230373,15,0,5,5,11.462486112402555,4,4.3129329816819855,Yes
38,19,Technology,8.46034054066868,6.456420799978086,10.490266631146206,1.1381912235542397,5,4.002554791696384,15.561601842259387,2.6930113537583065,30,0,8,5,26.719091000710222,5,3.9045378191345965,No
21,18,Finance,0.313446372733427,0.313446372733427,10.284222685815337,1.465822830926499,3,4.79958666965012,67.57778373929548,4.217354725601185,16,1,6,5,11.058370398719171,2,2.9475072496340364,No
29,16,Operations,3.113095404786459,2.978027356119592,6.530949633031279,0.5155239742973315,4,2.5710231132362535,63.97178754593715,2.609199501301023,24,0,8,3,4.655811435851409,0,1.7962541877158273,No
29,17,Marketing,3.9821325787095114,3.9821325787095114,12.865518687138007,1.7147786630364183,3,3.622925577467368,63.803903981483046,2.6219066472613566,67,0,12,4,53.14885967637926,3,3.3884342438762585,No
46,15,HR,1.0346504026218755,1.0346504026218755,9.59254673975749,1.2914367378127105,4,3.6922530835507215,83.58054620632794,3.3945710890142062,44,1,10,6,35.04585288379591,0,3.8485321670548776,No
54,18,Sales,6.982750234962782,0.3,8.42748565937892,0.4951931140331513,4,3.5957886420765215,60.68966072027602,3.290480545234854,21,0,7,4,19.2138281939155,3,3.3543555135124934,No
37,14,HR,1.4646425752578884,0.3075516461382337,7.99800291535548,1.2172223763725216,2,3.0817993965830226,61.97718327417143,3.8084927489355627,40,0,6,1,32.42704206192062,3,1.5338953205723975,Yes
32,19,Technology,2.6063684149455097,1.3211293784930749,6.82451206160682,0.508383606460244,3,3.7026140211656844,65.08642202920062,3.711365061887883,35,0,10,2,29.271910567524234,0,3.1383982699403097,No
33,18,Finance,1.3346741526268708,1.3346741526268708,5.58313392013621,0.6628805512973784,2,3.098723909484858,55.54959624732657,3.022548396419754,25,0,6,3,19.856698068612566,5,4.2899798021213185,Yes
40,15,Technology,5.926143018697737,4.886773889742655,17.114986851111464,1.9610439400390705,3,5,53.68639079490367,3.6961857880137887,32,0,8,9,23.168056764279065,4,4.301943655389995,No
23,13,Marketing,8.117799078431363,5.670918172096672,17.165251225723438,3.437206845895043,4,3.8968136212721944,81.35098374276038,3.4732612410954395,22,0,9,9,14.87455514560984,5,2.336235369534717,No
40,16,Finance,1.6839839382468367,0.8664439509600613,9.810157979374269,0.8690540366510526,4,2.6028531859399413,53.222954210644154,4.318816560848691,32,0,9,9,47.267026525807765,3,3.9869922621241574,No
33,16,Technology,3.723915820580661,3.723915820580661,11.22892010839424,1.840918035238499,3,3.6899389875120066,87.82678563912107,3.183802827519017,29,0,9,3,13.058764905597627,0,2.92968047150057,No
30,12,Finance,3.2815807591938873,1.8108881978776135,17.369326359757427,1.692029161013925,1,3.122156933649212,44.15845389471176,3.6102200808454215,30,0,7,0,10.057995819845393,5,3.786873885180701,No
36,15,Technology,15.391570468962618,6.402130368691687,17.047534751829264,3.342784060673903,4,3.089184467820809,76.21117715094351,3.0746162345266543,40,0,12,7,57.97687637005512,3,3.4843595258565676,No
30,14,Marketing,0.3834266739501839,0.3834266739501839,7.329073457493364,0.9445052333641767,3,3.406607806464402,69.10537970031295,3.4094129829656787,56,0,11,3,17.58910907483927,1,3.437959208736754,No
41,17,Marketing,0.3340563383944944,0.3340563383944944,6.95292264589786,0.6489440695107125,3,2.9107806966224263,65.50648381181932,3.4964147942413257,28,1,9,3,50.94815212922271,3,3.0143822319437716,No
34,18,Sales,1.8254208682670823,1.8254208682670823,5.439566236386464,1.062788592213669,3,3.303712590707635,46.97287328586201,2.789226706914479,40,0,9,7,56.21644098439016,4,3.0364053781292144,Yes
39,16,Technology,0.48731764280901346,0.48731764280901346,9.408818735460727,1.2970268989673317,4,2.469678593069818,70.06249809240762,4.290546668928263,35,0,7,2,24.477565547605035,2,4.570272075540927,No
35,14,Technology,10.21328407597562,5.836864907727719,14.165869497989387,2.475147497990615,3,3.396260683487135,68.38239258395737,2.913111064185886,23,0,8,4,12.128771090592855,5,3.705711232619162,No
34,20,Operations,12.185888208108597,3.8350441649944127,13.5718673882192,1.850808001736809,3,3.6192912893886486,59.77373668261539,3.1807576767369596,30,0,9,4,14.780214818326057,5,4.093169297649985,No
30,17,Operations,4.025595514775091,4.025595514775091,8.327658256641449,0.709089655962715,3,3.6039960390281793,54.69430445256802,2.5797044170204377,33,1,9,4,67.41572330520697,2,3.2777761040619753,Yes
38,15,Finance,0.4692274084925904,0.4692274084925904,10.709375395143597,1.5359643472884372,4,4.5189848385575155,74.72861786116272,3.388245677174373,25,0,6,6,11.87313151168645,1,4.49905418737727,No
31,14,Finance,9.699622631305699,5.604820560370295,12.948756230024138,2.1758555242640036,3,5,74.31713159939422,1.680344250066582,33,0,9,5,11.29004530755418,4,3.229638159412983,No
31,12,Finance,3.183649693304002,1.8237800501437829,9.403080094526977,0.7770415208182825,3,2.8754859341935095,63.570828929053015,4.914333389987456,21,1,5,4,16.916316230610427,4,4.001296734101727,No
47,19,Marketing,3.4209949188734106,3.4209949188734106,12.408335185820514,0.9007557328450677,4,1.992173155490864,62.601743716205995,2.8325534462769073,38,0,11,3,11.590229826476703,0,4.985008821893317,No
37,20,HR,0.42456955745058156,0.42456955745058156,7.356409090438684,0.5964523836306902,3,2.691140200569655,67.20860278680715,3.699700413458103,44,0,11,1,12.860709739036489,2,3.109124287934482,No
43,16,Sales,12.194459897768647,10.3808798638148,17.631938007240844,1.548511589263054,3,2.522525629851444,42.35528085025009,3.695840740703823,45,1,9,7,15.455884201528605,4,1.022259549316185,No
36,19,Technology,7.124772655177019,4.875693333240782,11.67506548646807,1.3106292696037962,4,4.2111190291130365,72.41122297090352,3.909738404116032,43,1,11,2,30.48847987254478,4,4.1410639759081365,No
45,17,Technology,1.1425653147141959,1.1425653147141959,9.893359895342886,1.7296584587495434,3,2.934552775099433,49.847319371161646,1.4075536268220181,15,0,7,5,8.82824909829263,2,1.4658154946811417,No
37,18,Finance,1.8439354958995648,1.8439354958995648,12.649026843210814,0.6881264576183832,3,3.7980862422856974,45.48816661428459,3.7145788760459637,36,1,8,5,13.229429954725694,5,3.8143925617331713,No
31,18,Finance,0.9932060183221653,0.9932060183221653,11.481772971539767,0.9231424881583399,4,1.609234240053683,42.752027020913665,2.491722022664342,26,0,7,6,66.17220025765043,5,4.2816270986848375,Yes
35,15,Marketing,6.775329070247227,3.9862480897947243,8.230041050429234,0.8506863584789445,3,4.396882010836744,51.78596025848837,3.8900499126706976,28,0,8,5,15.066553907794887,5,1.11115545562897,No
21,17,Technology,11.844102599164385,4.085195221144114,14.84131504173255,2.682892793425645,3,3.5156895567898867,50.4279819551765,1.9219217616274167,15,0,10,2,54.275908958881175,2,4.97176936254037,No
24,13,Sales,2.649357304879008,1.1418859678115532,10.63960382343803,1.7671391252861524,2,4.0710999201728,48.783331168768264,1.6269938036005767,13,0,5,7,33.362208800070576,0,3.2974339167246884,Yes
21,19,Marketing,12.979327432090319,7.967337153548445,25.122310024197716,3.9100520102725502,4,4.105829896077336,57.056207656383265,3.387944329750635,94,0,17,4,21.467088154472815,2,2.6185347216746395,No
41,14,Finance,0.6221985147278426,0.6221985147278426,8.451987510831477,1.6095142528491544,4,3.5098429293660387,46.71820954221148,4.216633263263291,34,0,6,5,43.10583764514285,4,2.7737133043006454,No
39,12,Operations,3.834516370497167,3.7662698466053084,11.093896106755272,1.5004821199352794,2,3.277349630250548,74.29525733143421,2.9629264221279277,18,0,7,2,33.15971690356965,2,2.3897045568457025,Yes
32,13,Technology,3.3009100308288035,3.3009100308288035,12.308021160046176,2.25585940876926,3,4.723601820749032,35.24468028947,3.011428744492035,40,1,8,3,11.462862147734088,3,4.373465819918493,No
21,17,Technology,2.4790944893248557,0.3747315779377312,8.875510619702396,0.8444623383383667,3,3.4952807813666604,67.27307007534701,3.5178322081108195,16,1,6,6,64.63969079116515,4,4.380590154745231,Yes
43,17,Technology,20.0438348448991,9.136159559426993,28.060498319827303,4.6987503063391785,3,2.884075381942051,51.20757904655123,2.9164842235600776,38,0,9,3,16.760412680207736,4,2.3200190372533473,No
27,17,Operations,8.654566836134743,6.975488571766436,9.618281495936891,0.9398460463683096,3,4.5070517318430126,58.97569730824482,3.182700608018529,13,0,6,4,52.94797373194721,2,1.6608562787240473,No
40,17,Technology,1.2977426844477664,0.8682141698640972,8.146354159806585,0.9176668693046854,3,2.38509542318157,43.298446924839816,4.516385386650277,46,0,9,6,34.623954090071734,2,3.8977911778303604,No
39,15,Sales,8.480551363917009,3.155484476828407,10.70304620769292,2.0496140586632468,5,2.7941876985860823,85.82213736839346,3.7300466448494882,31,0,11,6,11.962591765181424,1,2.7753322778354987,No
29,18,Operations,24.956520336534307,8.294486499399932,37.81816296068526,2.4985098814529216,3,2.3922594875587393,71.06366210004971,4.828574800931256,24,0,11,3,41.79280253922323,4,4.187459176264979,No
51,14,Sales,5.2180543602057865,2.544330880584943,10.228139290847365,1.083718091561744,5,3.5945866094849905,82.41498273507504,5,33,0,6,8,28.042933944659488,1,3.1705260409609433,No
35,12,Technology,6.361927613503817,0.9859907435695547,16.031506459613798,1.0884329988861507,2,3.5971850771684095,84.68635269101637,2.7964780436324572,27,0,10,8,32.85459513956109,2,3.550020846805502,Yes
24,18,Operations,8.574277482783721,2.7649596857889915,10.825377750657754,1.5614189900393145,3,2.715600090524148,61.491452591994914,3.6069689098017093,38,0,11,7,47.01126335674548,4,2.0173603511861065,Yes
36,12,Operations,0.435412605305043,0.3349369814473104,7.428940176890424,1.2251871409629287,4,3.7988219094031614,82.81746076884001,2.6199567568128144,13,0,4,4,4.729484853198305,4,4.016858386028366,No
28,15,Sales,5.318808736534552,1.4168126481517402,9.950364234838332,1.918654983033719,3,3.506736729177088,45.15743392504655,3.186943903549087,22,0,6,3,51.882437457250454,4,3.2472223266825386,No
45,13,Technology,1.4627155136587224,1.4627155136587224,6.8957776338777705,1.2561013039214532,3,2.9037531724933734,91.17439877398378,3.202482628322891,30,0,7,1,28.759566151090823,2,2.0522069399201475,Yes
36,15,Sales,4.106981723687144,4.106981723687144,10.59657393731688,1.8984884245964593,3,3.914584362811732,59.31230274806162,3.6968189288778475,70,0,11,3,38.060347086413614,3,4.178516924504505,No
23,19,Technology,7.60084928717127,1.9710499501810959,8.379521798444113,0.552612162255779,4,3.112416857999287,53.42189165459199,2.5722525241869434,49,1,8,2,34.830396222893164,4,3.9598140904965327,No
39,15,Marketing,3.6213751136793966,3.6152114962598945,8.230437027379846,1.4171745727410774,4,4.714785309229138,45.41050070638233,4.673878222266136,34,0,9,7,24.295772150847874,4,4.511840067524851,No
24,17,Technology,4.98782378094854,2.862298340361757,9.432918986000077,0.7536425909029332,3,3.1700555218845596,36.79411716311746,2.4109098647718694,17,0,8,5,48.33268901428328,3,1.9407325521403458,No
53,19,Sales,1.8365294585848224,1.8365294585848224,7.808328856620952,0.5986023733168893,2,3.3927013152374106,39.47609137610793,4.183694972838352,9,0,4,8,17.695694368068832,2,2.7797320710774343,No
45,18,Technology,1.440953013332986,0.37078676076079436,12.89347552546814,0.9854872634373119,3,3.989432375266838,63.67411712230536,3.7206886864281605,47,0,8,1,15.214750777004635,4,2.382574867738865,No
32,15,Sales,11.659645643445943,3.056585131996669,15.118189858435882,2.92830181902811,4,3.995965154519078,39.34499038247842,2.6178584842734702,20,0,7,3,18.937067267956337,4,2.116014702189313,No
38,16,Sales,4.348995676633653,4.348995676633653,10.213070353016848,1.0537629507639048,3,3.3163222419691594,44.169813305809456,3.9685499242688924,33,1,7,6,26.25520765191922,5,2.687408459530545,No
37,15,Technology,2.8633837298067175,2.8633837298067175,6.707603377520615,0.7929340818490722,4,2.8916696313279706,75.09824717504898,2.265013740857876,44,0,7,6,40.00441517628568,1,3.863661048409366,Yes
28,17,Operations,1.4486632026879052,1.4486632026879052,7.66180022557469,0.6248593229490509,4,3.9968565817059414,80.32134809427201,2.392944529331331,59,0,11,2,23.50401009340117,2,1.948137264166987,No
30,16,Technology,3.77802187169675,0.7487451159861439,8.620417786342164,1.4183987968564378,2,1.6993866018097514,69.62976325844289,2.4070472015084072,18,1,7,5,22.478506375042762,2,4.0748040658890385,Yes
33,16,Finance,0.788105534730281,0.788105534730281,8.051041620206657,0.4171539864411928,4,3.5835949710144392,77.44330533435111,1.8129812401889587,44,0,8,5,48.63116672796827,4,3.520279024082598,Yes
37,16,Technology,1.6169489061497668,1.6169489061497668,10.789763248266995,0.5574882343094525,4,3.4111468653971837,37.29753373404606,4.303986436917809,32,1,7,1,8.838309856886248,3,3.544975935945423,No
53,12,Operations,0.8119382632419847,0.8119382632419847,5.584729806760832,0.7871736287081436,4,3.982991841299676,73.23316545145771,2.8866835382971088,45,0,9,4,19.95696687138089,3,4.41522052744501,No
24,20,Sales,5.701443412009664,1.6631409795300516,12.54487516255392,1.7491805959997986,3,4.268155232805046,88.98900293286574,2.596064693133923,11,1,7,4,69.1930646463158,4,3.5506814604287933,Yes
39,13,Sales,1.031490377808333,1.031490377808333,7.285853633964643,1.0101569218250452,4,3.526432260646707,68.45762248294709,2.1947769455232407,22,0,6,3,29.850326644519214,2,3.7080491434339944,Yes
55,18,Sales,0.6542314586817622,0.6542314586817622,7.955388636496707,1.2593795846870013,4,3.211095008613162,58.49358008379231,4.5868737456270505,27,0,7,3,39.64917794392648,3,1.3110077676704173,No
38,15,HR,3.4050556114827994,3.4050556114827994,8.351439424193268,1.354715112380341,3,3.6895028147765667,50.502423591431935,3.304332071503947,22,1,7,4,9.968297903595117,4,3.2377882979846353,No
24,17,Technology,1.6272777926902522,1.6272777926902522,9.202531955974306,0.7392117197038872,4,2.899431585259858,70.28261432394933,2.6987220665348515,23,0,9,8,21.950325432774115,4,3.7473418025438026,Yes
34,17,Technology,7.074284836960943,2.4708424750624562,11.243403397800261,1.6242548936205221,3,2.9117723339845827,60.47510528376872,2.201291688966178,44,0,10,8,23.657847626336434,0,1.8751862461841877,No
39,18,Finance,5.706486818940788,2.0533508382501533,11.831560973457762,1.3051690820102,3,3.006295472065048,57.802307150394874,2.08077816588275,25,0,9,7,20.290170511210984,5,3.418052717510996,No
36,14,Operations,9.845684145020405,2.4839510770635793,12.744135908087207,1.3334603350496017,2,3.7951273133442736,63.929745449328976,1.402083915039105,15,0,5,2,3.5798992688875053,5,3.3278908790546464,Yes
53,19,Marketing,5.280494929571798,2.0816381902785963,9.736669220408892,1.4620586294575804,5,2.7864110253867103,61.26181074962144,4.480424618388382,23,0,5,2,15.091410947064295,4,3.511647346683694,No
32,16,Sales,0.9417601144552565,0.9417601144552565,7.929663390173096,0.8021516886212803,4,3.7967481132545795,45.24403231450938,2.287943047940393,28,0,9,3,26.054485698480036,5,2.164501160839736,No
32,15,Technology,2.32678052470678,0.7737095081375198,8.11129985712632,0.6699342867646487,4,3.807101419374465,80.8340805773334,3.086495093748275,44,0,7,2,42.019279202579924,5,4.2673102182472915,No
31,13,Operations,7.492269483946119,7.492269483946119,9.056410384479051,1.1677283600474846,4,4.408058751576272,72.50310661219588,3.399258534260322,56,1,10,8,30.610959861473813,1,1.6638376563268933,No
31,17,Operations,2.463840341731074,2.463840341731074,8.051191455948192,1.2904053040711385,4,2.501276181235653,98.5376391181766,2.9093675664745113,17,0,7,3,23.428135324687002,3,3.2560937130844705,Yes
42,16,Sales,9.717582778274702,7.103959313904763,14.638904810302227,1.1558816349998358,3,4.00362614958682,49.41560687384491,4.70017565070456,38,0,10,5,42.756610096974924,5,4.645065810793747,No
28,16,Operations,7.496190701134707,7.496190701134707,14.43833545911334,2.21470094448139,5,3.6900310268672745,70.84369334406277,4.990934790357977,79,1,11,2,50.61099885516537,5,3.941300275319748,No
35,13,HR,0.8437992424979343,0.8437992424979343,8.325196014371011,0.9105241243956064,3,3.4241419465683873,78.52420512955719,3.1785116071508184,39,0,7,3,38.949541155389014,4,1.8939980066437503,Yes
42,16,Finance,0.3611020213224076,0.3611020213224076,7.142105694719131,0.6508575178287475,3,2.5982305648402875,68.87864342219392,2.6082503369336356,19,1,5,4,25.845539141961563,5,4.490907619240609,Yes
49,17,Technology,8.273792589004984,4.188649070220805,16.748603156086798,3.0659615623938485,4,3.4187690578970167,56.40478167287699,1.9148384294232097,23,0,6,4,23.357735195809475,3,3.1150394644741,No
37,15,Technology,2.358682367443178,0.3084858505106083,11.076157100241076,1.5265820599084923,2,2.5991021378078814,51.38513214813994,2.983287035465171,26,1,7,4,49.62016365258305,3,4.2447973698214225,Yes
35,15,Operations,7.066467971835559,3.7529776380713558,6.452003986941537,0.702448932249817,1,3.3081298498612677,74.52857146416096,2.8996222615852902,36,0,10,5,48.13183663145998,3,3.814313193038166,Yes
28,17,HR,0.3,0.3,7.343643859830819,0.8576090417450145,2,2.898131540644325,30.874713366404645,2.8144035747983556,31,0,8,3,17.065166162414705,3,2.362440244142156,No
37,16,Sales,2.7601536199160086,2.7601536199160086,9.416809850748024,0.640492222375339,4,2.9914258591318643,71.00466447315809,2.999036076723325,41,0,8,3,12.405160075174864,5,2.219818814160807,No
41,20,Operations,14.694087214235626,6.330589374145167,18.959279078675625,2.9854217176123883,5,2.8438179444998575,80.70722964887473,1.818626160552654,9,0,9,4,24.494244900142,3,2.191708798453116,No
37,15,Finance,0.321511375911799,0.321511375911799,11.085316848974143,1.1635257513712667,3,3.111911075131244,47.119862717634575,1.4948810992432295,33,1,10,5,19.529138701233794,2,4.41832494455528,No
29,19,Operations,10.185833630694328,6.988693998149873,11.575554268952683,1.2290630393623991,3,1.9904958367658572,45.48753838361149,4.120873714255987,37,1,8,4,77.11536843288508,3,3.4662790139618633,No
29,18,Sales,5.385817578421426,5.385817578421426,8.515760607491872,1.2312416697855992,5,3.2866870419438987,45.697694250668754,3.8211011888644815,40,1,9,3,9.395375613345411,4,3.3614450208017854,No
21,14,Operations,2.752336442659135,2.752336442659135,10.29693003693254,1.377250065428681,4,5,40.53413586119998,3.529312835930989,57,0,11,1,53.53642366549376,3,4.582378883231966,No
30,15,Technology,2.105296423290916,2.105296423290916,9.797200809813837,1.2361173235387921,3,3.1867676010799433,58.08996581728363,2.790854224229769,18,1,8,2,59.53169186878774,5,4.398403687356135,Yes
21,19,Operations,12.308681906943592,3.8384554373246145,14.781032701612865,1.1978135078904517,2,3.59438287334483,79.29001174255669,3.9266985635942215,50,0,11,5,16.656141377644378,2,4.382882777384391,No
30,13,HR,17.514114055745203,6.444544192335108,37.774377136060195,6.6599939286693655,3,3.8034106726922294,66.24296810428066,2.05822766077753,44,0,9,4,62.56870135891008,4,1.926821225917203,No
29,17,Finance,5.266721391458282,5.266721391458282,9.081802085423492,0.9842108017580737,3,3.095948402842763,72.12412276160485,2.353594214489153,19,0,7,5,33.40270780708748,2,2.822285187794852,Yes
32,17,HR,9.330900533995244,2.9613831769799632,13.330290456040904,1.2491910594844384,5,3.784463385093226,66.9923655431232,2.8759017138761567,33,0,6,5,49.46402203511727,3,2.3525837003653636,No
28,12,Technology,3.110839464752445,1.1697342337915624,13.438659716322613,1.5244165689691866,4,3.606464210298235,69.6555733280943,2.9127819978355354,42,0,9,4,4.984438967323342,0,3.4482635975139213,No
28,15,Marketing,1.4052912732767058,1.4052912732767058,8.529047887901342,1.5125161036298955,3,3.690950643104595,48.39904492278982,3.7012577944035088,29,1,7,2,32.18662767223999,5,3.492700583737188,No
31,15,HR,4.007571389457742,4.007571389457742,8.139783239927844,1.0732167114720406,3,2.4963442042824693,57.91362307840782,2.7853719950067823,48,0,8,4,32.94745015330876,4,2.1947115992196546,No
38,13,Technology,0.3,0.3,10.711449042017218,1.1684488963719517,3,3.632862836211742,78.81796319691264,1.9288112111983358,28,1,5,4,32.12117758071392,2,3.8920908210874257,Yes
34,17,Sales,2.488993350404222,2.488993350404222,7.8914466643932295,0.708651755473437,4,3.4141638939306147,58.98696744124837,3.519301378306714,22,0,7,3,51.431317776388994,4,4.311000065562863,No
45,20,Marketing,4.4103409288672175,4.4103409288672175,9.8056928419508,1.561416465472521,3,3.591842165977098,38.62619673165246,2.8977276443006987,39,1,9,6,34.058614282616865,5,4.076043803321474,No
47,14,Finance,11.115548620285988,2.4592291945040423,19.308488260399436,3.7890550022834986,4,3.172315985147691,47.678025303760336,3.2806478555567145,36,0,10,6,23.630753350544346,5,2.13661618765698,No
43,18,Marketing,3.649770026622313,2.79131428146677,13.75009962351239,1.7943361055444327,3,4.216496483012973,54.080020827270005,2.8834028724551177,21,0,8,7,41.190494337707236,2,3.0624048791543004,No
26,14,Marketing,8.022144042281893,4.765286636152202,12.81183347347474,2.5135498022795777,5,4.610923811470156,60.14548397413484,2.4782690617313285,40,0,7,11,34.54117030503601,4,2.3564539390059966,No
36,18,Technology,1.1019812123347097,1.1019812123347097,10.430949746037202,0.9240923323399781,3,4.594023132380343,89.08417027230722,4.033991748919228,45,0,6,2,37.041541845731665,4,3.746411865335397,Yes
28,16,Marketing,1.4863924888488527,1.4863924888488527,6.920421523063728,1.0882760521900878,3,3.675632443558457,89.01746008355987,2.506202776087318,25,1,7,5,27.264770080276588,3,2.0223305171263264,Yes
25,14,HR,3.2176531342007153,3.2176531342007153,9.170136919837034,1.447854592917408,2,3.8009831292772147,84.80218255711993,3.580155832304625,20,0,7,6,37.97351476944218,2,3.6300924240643258,Yes
23,14,Operations,25,7.6411329787897975,17.94401875172436,1.932159451793302,3,3.0771404541400504,33.94281467442969,1.6942161978799153,29,0,9,3,26.72490652021414,3,3.768518437633306,No
27,19,HR,1.8563094594690874,0.3239054723789681,12.183460585768708,1.687365720891655,4,4.1682801620926275,62.55344285033124,3.6106734997918992,29,1,5,3,26.44419681681958,3,2.720641992865801,No
34,20,Finance,2.25494998861703,0.3,7.433872597808921,1.3256324716840695,4,3.5954547026628445,44.32731144709573,3.7052615346456372,92,0,14,6,26.70445010324095,2,3.7756053477840696,No
36,16,Technology,2.5626238138856503,2.3912261991695907,11.810147980325844,1.5072193840133628,5,3.7169134235268326,40.45325788442467,2.4301856086221725,50,0,8,4,20.48034379029079,4,3.153407921264208,No
32,15,Marketing,6.110883088323531,5.205193460683249,16.128697139190628,2.4707887060965597,3,4.981239423862841,32.46302095795269,4.497849798971984,49,0,11,4,13.17720926898899,4,2.488225470529659,No
26,14,Finance,1.7316035124297462,1.7316035124297462,8.391667358303282,1.0655631263968528,3,3.51330457050774,46.44954770642025,2.8325117012014958,11,0,4,5,37.32129967843781,3,3.071359149446381,No
35,15,Operations,21.31322578370446,9.985964215255507,22.482524991017623,3.8143956759343993,5,3.5072918300556335,50.47661594948388,4.378823362166918,53,0,14,7,31.990497648248045,2,3.778053186482318,No
37,14,Finance,5.951854591182093,3.065740116559707,15.909614177163052,1.7994863820246234,3,2.7927680069979393,58.13654498461832,2.8975648054058163,21,0,6,5,28.021225038059974,2,4.010096976813903,No
34,16,Finance,4.130207121291143,3.7942523222745117,10.560448566502021,1.8901025495068244,3,2.6149473699450847,50.45065452381347,2.489696418450072,27,0,4,3,61.1855723992794,4,1.3853637356605013,Yes
34,17,Marketing,13.463082680847007,6.770621653543131,14.52901489710469,2.400766957075249,3,3.5116935366884157,44.07295676869563,2.692805210518108,56,1,11,3,11.964479813646252,4,1.8621708615246062,No
43,16,Finance,2.393125315012102,2.393125315012102,8.262615166772845,0.5837493956169725,2,3.1169327706606618,70.62486068044007,3.7236319956492103,11,1,8,6,7.4433751232991545,1,4.684620755882257,No
21,17,Marketing,4.822205971929531,4.822205971929531,11.147637243744686,1.8583023704055701,3,4.414761114771194,53.36208688915606,4.305207322349913,15,0,6,6,18.945048184761546,4,3.7179345684847247,No
23,18,Sales,0.3,0.3,10.574496625752372,1.5143686139697834,3,2.2113556357142143,56.33647120356282,3.9259839443883964,57,1,9,4,44.63281885800465,2,3.389994877988841,No
40,19,Sales,10.623815994866312,1.771531065811297,16.962251745627725,3.3473587618052187,3,2.690764108860755,57.95997828978473,4.097880571024713,45,0,11,2,43.66707147544365,3,2.6530308737194317,No
28,15,Finance,5.853112673450388,2.0369687958296003,10.777655451599594,1.3718381526500587,4,3.427623955619531,75.93144058893832,2.4892831779618683,35,0,8,8,38.821477417544195,2,3.515387586387113,No
37,17,Marketing,0.3,0.3,5.015122526109414,0.8018827722499469,4,2.9806789946319188,71.35990030551463,2.191751228982006,15,1,7,3,15.527509819707936,2,4.450862061060277,No
24,17,Sales,18.256205390683327,4.796082872763404,24.037517844214406,3.049686522930129,4,2.796604321948344,60.24484105491865,2.60946045309746,17,1,8,2,60.86706011393092,1,4.774175711242908,No
23,16,Sales,2.4409977715086235,2.4409977715086235,10.08335031217383,1.9706431470731607,2,3.1792495214529617,82.03030998973513,3.9898090612089874,18,1,8,4,25.931170018752834,2,1.674309979737748,Yes
26,14,Technology,2.385690703111216,2.2278058682939714,7.089155129118049,1.3548896026075967,2,2.889113268311151,82.82983279369948,1,22,0,6,6,15.902808797316274,2,2.2787556852198034,Yes
21,17,Technology,5.227314799865608,3.130536188908461,14.075174930174374,1.7852122143881217,3,4.272809872964442,84.89513004848207,3.1130573677489486,19,1,9,1,4.852238819360666,2,2.185461087423781,No
28,13,Sales,2.4858555880352258,2.4858555880352258,8.941108299314493,0.4864118012655537,4,2.513949317012165,44.23502375465157,3.198378047765623,11,1,6,5,13.03490901113428,1,3.6161138450749366,No
45,17,Technology,19.49277856198093,9.810825213730356,28.683560351020297,3.4103155294052474,2,3.7797672370326993,57.09157840033324,4.311530710463054,34,1,11,7,44.93440869806004,0,3.5196693364062486,No
25,15,Finance,3.143307047650082,3.143307047650082,8.590188714908999,1.3254168261417991,4,2.3077798811624506,59.21030803360979,3.0197829653102515,32,1,8,6,9.885133265584034,2,4.058233210693127,No
33,17,Finance,1.2279270605801422,1.2279270605801422,10.031679987941278,1.0786351374312273,4,4.5040545475825775,23.16462987473234,2.908881034071853,31,1,7,8,12.370069598413785,2,4.228485414242489,No
33,16,Finance,3.6811756743709108,2.747282023061123,6.390904918292446,0.46575263069989403,3,2.393100433843699,37.602934845655646,1.9218975646939374,36,1,10,6,27.777023609036767,3,3.2483297615126085,No
51,15,Marketing,2.047752175427413,0.37229626749625844,10.192477416270798,1.8840471563258538,3,3.8790128940069666,25.797047280115613,2.908710037536573,14,1,7,3,15.63238968536643,0,2.5270690263328888,No
38,15,Finance,2.89318390330212,2.89318390330212,11.705416774616324,0.917441166158211,4,1.8796557690890643,56.62842125167763,2.4833343457519357,5,1,5,2,16.731135904453822,0,4.213714305019549,No
28,16,Sales,2.7838573548259182,2.6710164379026184,11.024244258334619,1.4947916633946767,3,2.321077751191438,41.32211553325541,3.5878780968292343,53,0,10,8,53.72669422558222,5,1.3426088871186928,No
47,16,Finance,1.8347679100318004,1.8347679100318004,10.348920611904504,1.9134986647251755,3,3.168756531858893,55.03417941111108,4.1096395003060815,22,0,7,7,31.514713127481485,2,4.289787854984342,No
52,16,Technology,3.555933957194808,3.555933957194808,11.75405080943044,2.1736968417199973,2,3.5141934572691835,54.39258427323128,3.3164074030711395,61,1,8,7,15.641690654845682,4,2.113022951793038,No
40,12,Finance,14.9627807964563,3.381082081105519,27.26420730249867,3.6232907027982115,4,4.188877037757007,57.72092326839857,2.6807176763528795,44,0,11,2,16.440852810295546,3,4.250616699903183,No
39,14,Finance,1.4649141035743076,1.4649141035743076,17.1112379271355,1.0249082078372256,1,3.207695734855857,78.09743755510874,3.2011410854491418,32,0,8,3,19.46116165253482,5,3.2998615703456,Yes
37,19,Operations,1.245938642670216,1.245938642670216,10.52409007314105,0.7072858437193769,4,5,78.02662548845909,3.6235599903760716,45,0,9,4,24.92606311017001,1,4.449873669756356,No
31,18,Operations,1.1892757548951631,1.1892757548951631,8.611069835432351,0.7609909446147559,4,2.790387023902798,40.293633248005165,2.7102812980012905,23,0,5,5,22.306258139717812,1,3.993817340134659,No
21,19,Finance,7.489126926600809,6.766764231426821,14.554984512984245,2.130450051439714,3,3.1044380034394274,63.32577639139579,2.6159264722652398,27,0,6,5,30.06373162393362,0,3.83007789833135,No
28,12,Operations,3.9488167397717646,3.9488167397717646,9.747092013083543,1.0164698151597331,5,3.23760854547551,49.949868346076315,2.3118482504847844,75,0,9,7,39.237753599212716,3,1.863137820325237,No
26,19,Sales,19.690996542633894,6.497853618970761,21.62719489162525,2.04798158280032,3,3.2915404531211787,85.22070671677096,3.2994295323119216,18,0,9,4,49.56862887350956,4,4.6939929620687515,Yes
34,15,Sales,7.404916267816501,2.187006335142103,13.781905219802368,0.799211173993261,3,3.5996302052171516,46.0639209832758,3.922033038000281,33,1,8,4,41.226076986717054,3,3.7670513764041056,No
42,20,Technology,4.39165493661165,4.39165493661165,8.771748327248137,0.5530900221074003,5,3.405736324223438,80.10134253976308,3.406738232134876,72,0,12,5,6.577173480243134,5,1.9253190618836926,No
23,13,Marketing,20.114445622038033,9.485267051510352,28.398591448048553,3.935329437331143,3,3.8901157105404534,56.14309409317763,3.8035787648428707,21,0,8,3,45.33105187765347,2,2.5251564866698084,No
39,16,Technology,3.1932256605479217,3.1932256605479217,11.468575511137281,1.3982329622849714,4,2.3224956612683587,45.3480856309091,3.706072712508994,27,0,9,1,11.386392646489476,1,3.6637419178699533,No
34,16,Operations,0.7359135786379888,0.7359135786379888,6.724208306910518,1.1358640877965063,5,3.910925315403048,47.63786117159691,1.8097701894361382,22,0,4,4,33.140079548243115,3,2.65907492021734,No
43,12,Sales,3.8503105892095464,3.8503105892095464,14.821121613437334,1.2807602831243015,3,2.912281689025546,55.025193607942356,3.5124882066619962,51,0,11,7,32.93015859344474,3,2.4890054565240822,No
44,19,Operations,10.737692303173691,6.877429414103606,16.20945391067729,1.1301360919863837,3,2.9093843536051147,74.6004053548691,3.190187396421324,11,0,7,3,14.750466042272985,1,3.4809774793221644,Yes
40,17,Marketing,7.4014463314615835,5.053893775968186,11.4085285101171,2.110279663957462,3,3.002585129323181,100,3.998274047922184,26,0,8,1,11.267543016727915,3,2.237849639676216,No
49,17,Sales,13.526909800109383,5.549464443511194,20.969301976690573,2.1959856621035465,3,3.2995688563895587,77.56851241081762,2.3924489328239917,45,0,9,3,63.13728849168999,4,2.6490095625713947,Yes
38,16,Technology,0.43876112102781406,0.43876112102781406,6.127101081858053,0.3241640637819854,4,4.785528927165676,53.1335479274476,3.1112015706059695,15,0,7,4,39.477718219645276,4,3.8809921967606584,No
48,17,Sales,5.1549572204058824,0.5341644000913881,15.906449090903562,1.8699287061342424,3,2.6883976352850407,72.45897283142044,3.3915708375901428,31,1,10,2,16.329051363853143,0,3.402192566609513,Yes
37,18,Technology,2.966086373236242,0.3,9.524297476263609,1.2927600858888002,4,2.3873018673501605,70.42494211522589,1.5703659866987556,38,0,7,4,21.86344106330996,1,2.6319906786720373,No
34,13,Finance,5.1033310627042425,3.8098358145573292,8.28750693800432,1.4331672735835044,3,3.203750551025377,52.04450078405956,1.7204557504782836,37,0,10,1,9.131632524629845,5,4.917388957766407,No
34,16,Sales,1.13809603275988,1.0121413721828982,14.514091401515415,2.7218045404475335,3,1.8093245017688617,47.73871981000716,4.181149499752468,32,1,7,3,34.713344222418144,4,4.165958024416665,No
42,15,Marketing,19.555596832751032,1.8948768404563228,22.856841602121992,4.075359000769443,4,3.8805005759068427,54.144881322545054,3.412029554783885,19,0,9,3,13.162121318886104,3,2.935779553357281,No
30,16,Sales,13.988482177940094,7.704959437779498,19.33285458286498,2.052632850831641,5,3.914234259484319,46.74870207549681,3.9053424559592607,35,0,9,5,7.442494612332001,5,3.6804734962062904,No
29,16,Finance,3.4111429272697817,3.4111429272697817,12.79047836757415,2.3834459004341495,3,3.790564693339737,54.7700669360956,3.0867025770723164,56,0,11,6,25.983551462362403,5,3.1786341189211393,No
37,14,Marketing,1.707281610092722,1.707281610092722,6.700329456126878,1.102346258962573,3,4.400934047818298,68.38209811314528,2.2067369580931686,30,0,5,5,41.431339951118964,0,3.003330375157785,Yes
32,15,Sales,9.81610673434998,9.81610673434998,14.776745532827935,1.7570056222091512,3,1.41995410444032,49.68349414931277,2.3853989859039766,7,0,10,3,45.64186647407632,3,3.5197321475704597,Yes
42,19,Finance,0.39079947468977994,0.39079947468977994,8.814246320018386,1.7575663788490463,3,3.6115642863560677,72.68997336711128,1.578362912876893,20,0,7,4,34.29143248541867,0,3.108348877836278,Yes
39,15,Operations,3.648283088403684,1.209413515804269,15.286796679378561,3.0297190575416844,4,3.091024470472032,42.25266354910243,2.980656126515269,38,1,7,10,21.58266867388619,1,3.532846049740611,No
33,14,Sales,7.837590586216251,1.6389339920847954,10.909491591108168,0.8353767099008014,3,3.0012212635882003,52.081720114150244,2.3180819836507056,30,0,8,5,13.658080434171728,4,2.7575584100270523,No
30,12,Technology,25,9.080108549815776,49.26746513122172,7.336961357333887,2,1.8966003817572419,26.76817623349575,3.2973556451742536,10,0,7,2,28.989820265355362,3,4.041581636585038,No
38,20,Sales,1.4366490174827753,1.4366490174827753,5.719697570426973,0.7538451624811269,4,3.190452926842258,60.516156293819485,3.9075441029395157,26,0,8,2,14.01626860645909,4,2.569847705810683,No
28,17,Marketing,4.709469260151799,2.9249790022236515,11.751726431550255,2.339810901100425,5,3.07632566365088,84.30200201929905,2.815673284433809,49,0,12,4,44.44186961518941,1,4.059279643246511,No
33,18,Marketing,5.928032496489149,5.928032496489149,13.097827816744395,1.6640361947034017,3,2.383126604745956,74.34510834253241,3.279820194432627,26,0,8,2,41.10766365934901,5,2.7976133751257066,Yes
31,15,HR,4.332652466192553,2.85846480813992,16.67060753892718,1.0823987966410376,3,4.001595125567486,68.67084437803895,3.386318743722295,22,1,8,7,33.079804894793675,4,2.8056602536899473,No
43,16,Sales,1.5167030383623001,1.5167030383623001,7.164482861564412,1.0209852754390885,4,2.7951750382545617,23.322235002417223,3.663376436108591,37,0,7,2,28.98400678499395,4,3.1381849105302004,No
21,14,Marketing,3.679957527610017,3.679957527610017,5.841809092540293,0.8937044726124822,4,2.4979835576732548,52.04607462720057,3.2107811649910514,42,1,9,3,42.074731192572884,1,4.432465195238118,No
28,18,Sales,7.693345491863429,3.4029483610849764,11.446229188649882,2.054691929459301,3,2.5047003529996426,64.25828006426468,1.6854356269658,16,1,7,6,31.62436648581486,2,5,Yes
42,13,Technology,8.39014848988488,3.174719438942958,16.538080469080732,1.1986139608729858,4,2.621431588453235,28.906961368658447,4.684263451788397,44,0,9,1,21.181241089183978,2,2.772128992428442,No
29,20,Finance,7.652521411685123,5.072530606069382,10.863279753927511,0.6796117587119013,4,2.7883519955491125,73.05761060417684,4.418915365567329,40,0,8,5,12.838636513241031,3,2.97798531625128,No
37,17,HR,4.576425391045191,3.430637635747323,13.360903600858423,0.8105386672047091,5,4.387791442781229,85.49053443111056,3.1021788273724815,61,0,11,0,20.573150488604945,3,4.054118003157388,No
40,16,Finance,0.7684478074513726,0.3,10.54306931589288,1.71486129613918,5,3.124785517733399,34.1856942603285,3.190297661667622,13,0,6,6,11.448988590177207,4,3.8052105436170263,No
34,12,HR,2.139380754550663,1.6427068886571308,10.680431757814803,1.0573951278028357,2,3.6191384462060503,44.61037268655409,3.2933394456393534,51,0,11,3,14.250479425131001,4,2.789641448535703,No
35,16,Marketing,2.4389091646782886,2.4389091646782886,10.497998480307013,1.6335037052582841,3,4.009998725731459,30.38168278401351,3.394650995417299,38,0,6,6,32.46350519945666,1,3.072310547306504,No
32,14,Operations,2.563308095363207,2.563308095363207,9.028424446047552,1.5875658559648984,3,3.403822050181362,83.23419071229351,3.7142755227714956,33,0,5,3,66.67843252535414,3,3.6209501861661484,Yes
28,15,Finance,3.399372667669277,1.9893088879836738,11.00035623264109,1.5763468255314057,2,4.4834675981676915,75.43190527511322,2.3193748463510486,11,0,5,4,19.930954560227587,0,2.8817974403622344,No
22,16,Operations,1.7198118381548388,1.7198118381548388,9.985921249046815,1.121212894593228,2,4.3834853001329686,85.91406270642054,3.9051320863194974,76,1,12,3,26.33877146697174,3,2.539124195467517,No
27,16,Technology,1.2478203759642494,1.2478203759642494,7.907036178527579,1.2088380635371963,3,3.3935216963693238,71.8393860777781,4.7009225685212925,38,0,7,7,37.43125012974281,3,3.4467555987647205,Yes
26,20,Sales,1.8873443718977019,1.8873443718977019,8.438899527902851,0.8210045749058401,3,3.098957319010566,49.13741649220055,3.208380447000313,48,0,8,6,52.3848274848978,5,2.670925940667644,No
25,18,Operations,25,8.996692792121536,25.278874329924143,2.595933523071671,4,4.70862788146057,47.23605818311637,3.2818098224018613,47,0,15,7,29.85772089276411,4,2.9253199923918953,No
39,20,Technology,0.5985612716576816,0.4575137669030661,7.986929177236333,0.9680903023487797,2,3.090823359370869,51.622361792290306,2.583785753629462,25,0,3,5,15.487063117506166,2,2.89614053225986,Yes
35,15,Finance,0.5872949186896831,0.5872949186896831,5.835738853666752,1.1509096845100057,2,3.7998035943619612,91.96480021158204,3.2323485989218694,58,1,10,5,23.36727920534277,4,3.2568452297223844,Yes
37,12,Technology,0.8108246756241673,0.5487869608534769,8.820788108613563,1.070953749745773,3,2.570862609118623,49.474571385520164,3.2095505502506834,12,0,4,3,11.51658155107628,2,2.068130285319334,No
28,16,Finance,1.6916673670566786,1.6916673670566786,13.203004212507262,2.0107769040204686,4,4.206117714124948,15.242753137757164,2.9902400664856,31,1,7,6,10.61566136507843,2,1.7582625069157813,No
34,16,Marketing,13.164248593816652,5.525020763032861,15.564640574975176,0.7935643260065312,3,2.607286821028753,89.3875411218582,3.6983129835148043,47,1,11,6,28.866906323502818,5,3.5921995432675056,No
45,19,Finance,12.684584680520558,2.2938851039404677,20.40082692108177,3.593633688036861,3,4.192821515167854,52.457330247850514,4.092336148731048,11,0,8,5,14.462770742454316,3,2.3205441760122327,No
49,16,Technology,2.485807859347329,2.485807859347329,13.854172321898188,1.121123292169519,3,4.2196939537958595,36.746359908648934,3.275161045488573,35,1,8,4,36.079298309325914,5,1.6963693851251507,No
28,16,Operations,2.7820464043589386,2.248407625998204,7.23187194253085,0.842689911857499,4,3.6116116411108807,72.07002616785812,3.4851291750435487,38,0,9,7,22.969572830570357,1,2.5716239249740043,No
27,15,Technology,3.8345016091713218,3.8345016091713218,16.10263675249204,1.2557688745964104,2,3.00604012171464,61.47602135454754,3.9907549233919117,30,0,9,7,30.67892544757144,2,2.152347961089489,No
30,14,Sales,7.4254980626729825,1.2993644925549863,9.301764999523325,0.6030189956881498,2,2.5756771023839007,63.26618705681587,2.881426004769101,61,1,12,4,25.710720506850297,4,3.5212615495792763,No
39,16,Sales,0.6302341790155304,0.6302341790155304,6.697166848847732,1.2640458679822513,4,3.600656645774759,61.26547892471188,2.7138868357472172,32,0,8,3,7.795326339500311,3,5,No
29,18,Marketing,5.201738618359005,1.9703059322826186,11.16148246228906,0.7369980617932074,3,3.2813586865392925,77.46317317639352,2.59668284580102,18,0,7,7,20.507990228965696,4,3.6228118622614893,Yes
44,19,Sales,4.4482609138151314,4.4482609138151314,11.088136352093139,1.0697321962515522,2,4.318357218518351,65.35408200595779,3.4868619975810464,18,0,6,4,61.56919804587648,4,3.977699045701095,Yes
21,15,Marketing,4.536932854666564,3.597583105042158,14.81259316976249,2.949920593180246,4,4.80204019489934,56.345853646743564,3.0843882388285877,65,0,10,5,29.26491019663332,4,4.298204358081223,No
35,17,Operations,19.041624102254577,11.701554634130149,28.188863256802154,4.531917336897124,3,3.4289859409795134,62.44120570732944,4.289300784464105,19,1,7,2,24.71652087559003,4,3.531725137572412,No
27,15,Technology,1.8739056152007607,1.8739056152007607,15.892041981525027,1.4939927380593738,2,2.8147111279864574,66.53079336331385,3.3872240115968277,21,0,4,2,26.73953191423893,4,2.4509131941142512,Yes
28,14,Sales,3.2233298726754804,3.2233298726754804,13.067594747120074,0.8655691158955704,4,3.4939950327006817,82.1385088084177,3.5959584630210393,18,1,9,10,6.286542547819306,5,3.842869400088761,No
45,19,Operations,0.3976152128125364,0.3976152128125364,5.066704357266552,0.591445718547449,5,3.97698521170623,57.86402883496422,4.006985532601764,46,0,5,4,51.47453196727119,5,3.489491359257233,No
29,19,HR,1.9678993328588585,1.9678993328588585,14.444348776387187,2.4129695444575727,2,3.5979724032430758,67.03234612190526,1,28,0,5,4,16.34948768029642,2,3.5256829285198332,Yes
26,19,Technology,1.523662280445919,1.523662280445919,12.333624292074857,1.079377336026818,4,3.2142931006189883,62.38104832309099,3.68644850607622,41,0,9,7,33.43275507296921,0,2.2356103717514166,No
48,14,Marketing,0.6816488673072518,0.6816488673072518,6.662496401251377,0.7890223635335641,3,2.0812196454116187,44.97255939783265,1.9078615552797473,11,1,8,5,79.82457833826872,5,4.54600628660313,Yes
42,14,HR,2.7849411651588065,2.7849411651588065,6.494790851522969,0.6340061268054482,3,3.7047949369685393,55.130288046805404,3.6863604182153704,14,0,4,3,19.830118375211672,0,3.475416771679015,No
36,16,Technology,0.6607185535029583,0.6607185535029583,8.205085510429344,0.8178586206731543,4,4.9849599648454115,46.296370433449,3.574650519328827,55,0,9,4,12.11181047198588,0,2.4743246368238037,No
48,13,Sales,0.33970199412158597,0.33970199412158597,7.8955396366654496,0.9395111931301365,4,2.5897202938413315,43.336206964997196,4.025579169450228,36,1,10,9,32.75149740625476,5,2.9661298181887013,No
42,15,Finance,0.4243592070343253,0.4243592070343253,7.43030539016742,1.223981452038848,3,2.6084195993606967,43.67621889910219,1.946006495426021,38,0,6,4,19.104004080137447,5,3.5203086934882157,No
32,17,Sales,1.4983914508372171,0.3,9.916797257985834,1.655276738601084,3,3.0086124664786023,66.30810043400633,2.9847908184603784,35,0,6,7,30.102190140074438,5,3.923653113329682,No
31,16,Sales,17.149924427635188,4.879994899478031,14.423509651253587,2.16298824886752,4,3.9180443002838667,52.590365586938255,3.683841245288617,9,0,8,5,32.20118179157721,3,4.391687858579846,No
37,17,Operations,4.090883084668445,2.85673573803536,9.669606486892384,0.5150366071696302,2,3.692512023612353,64.41714216682936,3.5227644975960835,49,0,8,2,47.43548862695751,3,3.6814144985734014,Yes
40,17,Finance,6.008885673752581,6.008885673752581,10.765426414443427,0.9271216883672555,5,2.1265797916764693,46.42436472983093,4.1853034249729335,31,0,7,4,46.72384901081869,5,3.065885702625494,No
33,14,Operations,8.095536418679274,3.9321790742222915,10.185965258019753,1.4325869682134764,3,3.7222304337736474,51.21380090385633,2.3896136238209467,23,0,8,6,52.45801135532636,4,4.225999352122049,Yes
46,20,Sales,0.4120165988267563,0.3252509797489748,7.270697393479559,0.7763115414908378,3,4.285040660136144,80.68476461367742,4.506711443248809,62,0,10,2,27.241561296670582,5,3.666951095629571,No
31,19,Technology,6.436079543701806,3.1318462109727947,8.567873962350111,1.6640802868713338,3,3.83394699852443,79.37957537979334,2.505852968371095,58,0,11,4,14.901839806805059,4,4.03672143979604,No
42,15,Operations,0.3,0.3,11.318797333837171,1.9138364195561772,2,4.907545148435612,79.68066787833709,2.066630540602644,18,0,7,4,30.549114720335563,0,3.3910254185704463,Yes
48,18,Technology,2.2305167745366026,2.2305167745366026,10.01458746109132,1.282883896359985,4,4.999301906931412,79.4909254459617,3.501045517257441,27,0,4,4,30.646060498494794,0,3.987109958140095,No
28,12,Marketing,8.166200129645649,6.767917900069042,16.625625641268215,1.1262554991990883,3,3.01277929804381,27.358942733765318,3.400672948838366,25,1,8,8,18.50027034305114,1,3.3037545890464943,No
44,16,Technology,1.6378905305723894,1.6378905305723894,12.637358510672174,2.186957157158779,3,3.198649117426049,43.619491356375214,3.7080150380999903,35,1,5,4,20.2822095784912,4,2.909517167382531,No
27,17,Technology,0.3210342476013825,0.3208748579374413,6.7594788782776245,0.45722264695489623,4,3.911228215113878,61.59096947028156,3.986652246038357,35,0,7,4,14.088862295486718,5,2.537332044887922,No
29,19,Technology,3.3262615949164966,3.3262615949164966,17.25209629680659,1.8312541523634132,3,4.408647812199891,75.64604753475116,3.5912000110381617,5,1,5,4,31.635263022626024,3,3.7733454187386775,No
42,19,Operations,3.833024870745429,3.833024870745429,7.245981978689201,0.53753546202826,3,3.4064499162489597,56.76160281721235,3.186621000869108,17,0,7,3,34.3843820661607,3,2.866676448324075,No
31,14,Operations,7.637920070320724,6.494808441964142,10.480725529491167,1.8173786713221116,5,3.0987867198133885,44.075157499787274,2.6078575480265913,12,0,8,5,50.198540088946736,4,1.6231202531729656,No
43,12,Operations,11.672838143831353,4.399911075438775,14.190516706921338,1.4870431701631992,4,3.6239194100967405,85.59900072718882,1.8128519386308708,57,0,10,7,18.404676509728716,5,4.8356704999651505,No
35,16,Marketing,5.104055493184015,1.25248231749128,7.122980035578852,0.6320876117907342,3,3.7015654045770905,50.157515014820795,3.4016898990418087,24,1,8,3,24.15656041381026,0,4.145378708477097,No
21,12,Sales,8.994578015346395,5.250490113254703,14.215105834394093,2.0794758399791604,3,3.8961015397316987,65.15595744628999,2.0945241474688245,24,1,7,8,41.68265997158664,3,2.66838508076108,No
37,17,Technology,11.142317528056552,8.653927021405346,8.123205382583176,0.8611262677240948,4,3.7165734112570985,54.04826560106046,3.5149472118091696,41,0,10,6,16.368451060178415,5,3.5653784180903,No
33,15,Marketing,0.990924148814074,0.990924148814074,9.659503466884399,0.5317516139130934,4,2.973172593648973,71.11625530252213,3.401381542919272,33,0,8,4,18.07561425231928,0,3.795399489504386,No
40,14,Finance,1.6421713834310574,0.3,7.217072087112121,0.8162069343088745,3,3.7841774466401303,35.68939277676299,4.321702041890102,23,0,7,6,19.95327038687738,2,2.0071430302950817,No
34,13,Operations,1.1352209697652436,1.1352209697652436,4.900011350822556,0.4478554679569665,3,3.4099482180835166,98.07162115201972,3.506884759157715,33,1,5,3,9.937721830682213,3,4.073192270746048,Yes
35,15,Sales,1.0679554446461814,0.9729416038922171,10.166219590554606,0.5106527661770307,4,4.023888441640144,62.29191052533719,3.528942075731084,21,0,6,6,14.264289129512084,1,3.0033072143396895,No
39,17,Finance,6.211808889023086,4.2940222945102455,13.305933329161384,1.6234102681970446,2,4.706284346748004,75.62565739162625,2.7091082369162005,38,0,10,9,42.75766900932161,3,2.749568352750217,Yes
41,13,Sales,1.6514577839291213,1.6514577839291213,5.972423598348353,0.859355874240166,3,3.4630764951010335,73.91906051610229,4.923230279103154,26,0,8,5,28.447444319247587,2,2.423850797349689,Yes
30,15,Finance,1.5639753639698648,1.5639753639698648,16.81977107685763,2.9104557326612066,4,3.0889212957890577,53.62038677273105,2.8145662884847793,26,1,7,8,15.783138347410949,4,3.4501500433309165,No
32,17,Sales,0.375732174616285,0.375732174616285,5.44115913265186,0.38550637315042624,3,3.405560054893506,27.68304855927006,4.287082303973974,22,0,5,4,18.990432043922187,2,3.339082198607841,No
40,12,Finance,0.3,0.3,6.169877608942918,1.1014240807708386,3,3.9780492634100666,59.90750203576448,1.91711897808123,51,0,9,4,20.83121093584179,5,2.398378566096089,No
43,16,Sales,1.372665647947821,1.372665647947821,12.248148253795174,2.3390828046851686,4,2.5751639690600734,47.70739639109968,3.794515198644626,28,0,10,5,31.37589677867015,1,4.116661264245733,No
43,18,Sales,0.7732497690897274,0.7732497690897274,6.931765314669008,1.341717385429794,3,3.0172906192372824,48.784486912880304,4.987865720267831,8,1,6,6,43.090903131466646,5,2.3889718909404074,No
34,14,Technology,1.4033838475320008,1.4033838475320008,9.23960566315364,1.722872930602196,3,3.1976693122230078,59.580801049490184,3.7123805646088024,16,1,7,6,19.63927377599729,2,5,No
24,18,Sales,15.873768945379476,9.609239109230803,24.520225541526603,3.401337229162821,3,2.481424812367985,70.6112647565884,1.18466392606458,27,1,8,2,12.076315447310503,3,3.968280348010753,No
36,15,Sales,10.502842499635308,5.811450692864256,15.628922929943094,2.1032432533144947,2,1.9748673211823708,56.29166493873538,5,38,0,12,3,27.54827074781669,3,3.1367160075404716,No
21,14,Sales,1.3206710851712005,1.3206710851712005,8.042644911128031,1.3860725834149037,4,2.924120146841482,76.66746013472701,3.4806184639363558,41,1,8,1,29.26159558006948,5,2.8658640585058635,Yes
47,16,Technology,7.80571513523875,7.80571513523875,15.57026035470771,2.827277817015243,4,3.2876209454163625,40.58070730381932,3.2541835146393514,44,0,7,6,27.2822063226712,4,3.3717478259638924,No
31,16,HR,0.88172830260822,0.3390183279941379,7.6280853117625735,0.4296561928212853,3,1.9464217344851353,82.26924000613923,3.4138531817139315,14,0,4,2,8.401551101348296,0,3.6110423222860417,No
34,15,Sales,4.770176384708675,4.770176384708675,6.466481187952078,0.6221158848952769,3,3.40054779001284,87.2746741353478,3.4914155415174135,12,1,5,0,34.9912815284718,4,2.0167614801006195,Yes
37,19,Operations,0.8670302858479115,0.8670302858479115,6.434953851469195,0.669316322350421,4,4.675900062786991,46.08444377104105,2.9044134591640263,9,1,7,4,15.92402892210446,2,3.6536701999415917,No
39,16,Technology,11.831104026489918,5.694685349387143,16.884316798994174,0.8778712848652624,4,3.8901297011911153,55.16719928704323,4.056067060845804,20,0,11,3,17.124714459053333,3,4.735819491734823,No
40,12,Technology,5.459680346793102,0.3,12.876662922197227,1.9146719036910012,3,2.590900983276843,48.740485167629174,3.5858063208302515,7,1,5,4,15.396325104479052,1,4.126199469622589,No
32,17,Operations,6.300933629840797,6.300933629840797,9.209449189293192,1.546687584775942,3,4.087625240570336,66.97983361049063,2.9115995207404493,14,1,7,6,55.57326218970634,3,3.7785412370243905,Yes
29,12,HR,1.983271210334207,0.512341228276848,7.2076020294106495,0.6546251461818878,3,3.4839889104114237,67.8470738469206,2.274108297790976,22,0,9,7,17.69269679080164,2,3.7846585294332376,No
31,17,Operations,6.874586780225694,5.814152056051226,12.642491691101828,2.0053941100779666,5,2.5116910872841633,80.95430476065111,4.229209856232752,30,0,12,4,32.980099343682234,0,2.9869627100950575,No
41,17,Finance,7.151457936161858,7.151457936161858,16.71434133956333,2.430894050415253,4,3.9988126614728596,78.24256436790958,2.6009433479711443,61,0,9,3,42.89653749161032,2,3.532454973462304,No
36,15,Finance,5.293598248637523,2.9607126766161884,12.155371720288363,1.119555724553421,3,3.805224766065597,73.13982976992558,4.305837464718512,48,0,11,7,28.444957607478035,4,3.169059472262323,No
35,14,Technology,8.061293318286253,7.303061612154936,15.544795956895207,2.372593183074368,2,3.0792461489159817,69.18177569051511,4.2149717364464605,47,0,10,7,17.882421851370633,0,3.6740087066984355,No
51,20,Operations,0.3572867108712389,0.3572867108712389,11.483708026891218,1.8210444552214053,4,3.6747494577318314,55.44585309582027,4.2112497998587735,41,0,11,5,60.278302393555585,3,3.011964759830124,No
27,15,Operations,0.3,0.3,12.892895350177344,0.9705711037072596,4,3.610784158915419,33.93855729038534,4.409015267082693,46,1,8,6,32.80873305924158,1,3.203834456542817,No
47,15,Operations,1.1433145452438178,1.1433145452438178,9.787460200568965,1.2430024072560846,3,2.598172433699946,74.13045530060151,3.188590315310116,30,0,9,7,17.424853454373572,3,4.762434886961037,No
28,18,Sales,0.33467892359806284,0.33467892359806284,6.798398563146926,0.40958116453521826,2,2.8917227310033695,46.50996406232401,1,20,0,6,4,16.602892899460656,2,2.60106091581124,Yes
24,18,Technology,8.533980100394933,2.8354098264430823,10.767476888620125,0.828497925721629,4,4.403609562895999,50.34078923500563,4.486838574187985,74,1,11,2,61.87994616430736,2,3.6621004359252116,No
34,18,Finance,3.8474689164317097,3.8474689164317097,14.027050432920719,1.2833370802224298,4,3.384851156631144,40.221211598491735,2.9988462685180894,41,1,8,3,48.08977594369592,2,3.5090021291462934,No
41,13,Finance,4.434051086421029,4.434051086421029,8.825800844940211,1.2368549790993528,3,1.6998803509692173,67.2345876200212,3.3947455642588453,24,1,7,4,24.857097208524777,4,2.3174029626809354,No
32,17,HR,7.857351612581853,5.321614090415155,14.197160639744926,2.140641115765998,4,3.6004391633836073,68.55089855478467,3.392124870956727,46,1,9,2,55.74951515329266,5,3.099035345835487,No
31,17,Marketing,0.9784631558977863,0.3,11.766219651091154,1.4669569239676818,3,2.7725811188999065,51.8491382080305,4.29882744716578,24,0,6,8,26.210968609297776,0,3.9895634267010256,No
36,16,HR,9.345349192387276,3.8794843247852535,9.269977213522067,1.1187849671809802,4,3.299060078376175,44.3651337907179,4.217358404460745,18,0,8,4,21.600917993480756,0,4.028421688636403,No
33,13,Marketing,3.5617028392652905,0.3,13.21967773305349,1.650369827571139,4,4.112479726009387,44.84453089900463,4.111256917351343,32,0,7,1,29.78205787775287,0,2.8228721605381177,No
38,18,Operations,4.632850492104565,1.7240303372743562,9.063403046308482,0.5843667239300316,5,2.9125308604374793,92.18530690592733,2.717700244229339,31,0,8,8,52.503809754314716,5,1.7248986621709606,Yes
37,12,Operations,14.64579597250946,6.909198930290064,19.7692583660119,2.1554891959540936,3,2.8024401834733443,85.94045176741959,3.5013175011333084,42,1,11,5,23.75169006811176,3,2.846380776635472,No
31,15,Technology,3.005373153789615,2.7653341509661002,10.935023593400595,2.1278691573168524,5,2.7053565812637554,69.76549470626738,3.109142994048655,13,0,5,6,26.566344732580056,4,3.5322289672331078,No
43,16,Marketing,0.48050846726605095,0.48050846726605095,9.139648128776006,0.687326340332631,4,4.195326903936909,36.01213452210256,3.001893223829833,21,0,4,4,25.233838012984315,4,2.5302480770331695,No
31,16,Marketing,8.155371179505812,6.418841695677283,9.91125925848644,0.7087765314802478,4,3.799659399745773,52.76645200627661,3.6937983269510757,36,1,11,8,18.8876376574163,1,4.6207867476494195,No
46,16,Technology,0.3522515936615035,0.3522515936615035,7.581252108207842,0.5163122119575873,3,2.7974273739392315,69.25769181322208,2.102838948512725,8,0,2,5,5.677549206291032,3,2.7399126827278955,No
33,16,Marketing,12.555264470465003,6.7435284627943055,24.15414250409044,4.012194812339903,4,3.71846490318836,88.12549648915207,3.4205164974407616,28,0,9,5,36.75080900060711,2,3.110796165553624,No
36,18,Sales,1.1225112136076458,0.3,8.872405825010546,0.4683850171549967,4,3.7150211121399876,50.967289082770506,2.4974701878405274,51,0,12,5,14.393544456877935,0,3.5011509306380693,No
30,13,Sales,7.432002814320927,2.6088450180910074,18.51395143734057,1.1965050982193794,4,3.8881754204616867,58.46252313582923,3.9858364567108113,29,0,5,3,18.012247662134715,5,3.7628499146273553,No
46,16,Sales,4.3779725512155405,2.127503916035373,8.376567839953214,1.4811970531021048,3,3.576196064151793,51.281541260000594,4.290696103363634,52,0,10,4,31.352590603466158,4,1.7052431322790889,No
50,20,Technology,3.6195339026953897,2.453323808566908,9.34693317750137,1.5479695028615703,3,3.01544328886393,35.7991383923626,3.0594134304666527,46,0,11,0,16.625214994331564,0,3.154137224975407,No
39,19,Technology,0.39467647742157114,0.39467647742157114,8.843475797117259,0.6898385382152179,3,3.8394462964066602,51.904721711311836,2.909621233811523,24,0,7,5,8.5276383528862,0,3.6692479498505026,No
36,15,Operations,0.6469760182241728,0.3,6.852152874752128,1.0814632361758234,5,3.0720017234622885,65.1517182243443,3.587964243589092,26,1,6,6,21.73990404027939,3,2.3707773361734157,No
35,15,Technology,3.0065909700271956,0.4504402481572532,8.775458587852052,1.6455505390932883,3,2.8944280848667994,79.37899146752586,3.094756134837466,38,0,7,4,28.244280660622362,4,2.740667403120362,Yes
37,13,HR,2.4826612656600813,2.4826612656600813,6.981892353961123,0.6124507550993922,5,3.2172823858386974,55.853337662613065,3.4862288771908743,52,1,10,2,10.564661987921935,2,2.768209012188456,No
35,15,Marketing,14.745287442964433,5.261603871146891,29.622787000195686,4.81882945825249,4,3.800172581359648,66.99629232255977,2.7879824213559004,60,0,11,2,38.28408616978726,1,2.3504646607296436,No
44,16,Technology,0.3441902697137078,0.3441902697137078,9.792742947233354,1.1267948352157047,4,2.806064770590009,55.15551570394389,3.084876071770288,33,1,8,7,18.781817166268667,0,3.7827717292823477,No
33,18,Technology,6.12188986426762,4.522768637529483,8.197153401140072,0.8170030042770873,3,2.997795653220124,66.8049575722693,3.7789329752212004,68,0,11,7,34.385496607595016,3,2.434467670720638,No
35,15,Operations,0.8521456380493218,0.3,8.515856646962783,1.6754062828720568,5,4.975664303095942,64.2652989766351,3.7016548720927256,46,0,8,3,15.72857123330046,3,2.499026190066236,No
23,17,Finance,9.747770341492213,4.960118888771565,14.886939911312897,0.87461845953978,3,4.0070624053510375,61.475218450449866,5,33,1,11,4,60.85643842136129,4,4.59794052312195,No
38,14,Technology,1.464783270916845,1.464783270916845,7.7885210424386795,0.6301978375902689,2,2.5145912033138758,87.37465795531095,3.1123110347908076,41,1,9,6,77.4165903580569,0,3.6042582804128402,Yes
42,19,Sales,12.102758267172181,5.569086906147666,20.441297710982465,1.5338567916233001,3,4.995942596370865,54.8156241565088,3.9743589788078673,52,0,13,6,50.68617946096334,5,4.665758448523332,No
33,13,Marketing,0.5667982769483009,0.5667982769483009,9.415131947392496,1.3984705536646524,4,2.888041080657378,70.56153780795974,2.8420934356972025,20,0,8,6,45.81134678334686,1,2.928376130369728,Yes
41,18,Finance,2.32778443936913,2.32778443936913,8.147037813655468,0.9097936113337061,3,3.406438363542863,48.49835355746364,3.994064201437509,15,0,7,6,25.25625540137824,0,2.5355217273312456,No
33,20,Technology,1.0949521293131097,0.4574421302059653,8.566829702309139,0.6823452266205656,3,3.2896545731569415,51.32892533012485,3.2123500645088265,31,0,8,5,28.357970620133585,4,2.729852644155095,No
21,17,Sales,1.8356111972675537,1.8356111972675537,13.67208447439175,0.9886218083653364,3,2.915215922194736,65.00950508209806,3.4894223860312885,54,1,11,3,1.632612036410441,2,4.244783772484826,No
40,16,Finance,2.745713076514527,2.745713076514527,10.008903707754632,0.7977841835644284,4,3.7848487658620584,55.1920663287468,1.0148777140123135,46,0,8,4,22.95592051050542,3,2.037697679851734,Yes
44,14,Finance,10.257474263915443,4.758617217861368,13.989284202942144,2.220925689521247,5,3.5065785152604114,69.39458210785492,4.790732465287255,35,0,6,5,16.465173998037756,3,3.4624563983337278,No
37,16,HR,14.750208585053123,6.201474297387311,17.31663658646791,1.5112137877745981,3,2.7116772183554994,60.361754872243445,3.229673080871191,10,1,6,2,15.145025899882597,5,3.704840553543305,No
27,18,Technology,3.523458356359445,3.141904977648025,12.025836146426307,1.4826619487311514,2,4.983516227052195,49.679892151264745,3.2100495045162845,38,0,10,6,73.02128763972638,1,3.2479769373099545,No
28,15,Sales,5.506584934150268,4.728399378511017,10.750634002237497,1.6032565591884993,2,3.1233001014926023,58.05843588563166,3.4196136202289598,25,0,6,7,10.58120858452416,0,2.2851595035054086,No
32,12,HR,0.970954509897045,0.970954509897045,9.165855711553858,0.48730872295975947,2,2.6945353837126813,73.73010832214617,1.7886554797749201,54,0,9,4,56.33675763839104,5,2.9398259663243533,Yes
32,18,HR,3.3347016237326197,3.2244650636979815,11.251137475195163,0.7059035644247386,4,3.1438399379839956,41.78329152429615,4.078180370802317,41,1,9,4,4.871142842671812,3,3.2419747869260327,No
32,15,Sales,2.714744041586018,0.3125596978442093,9.112546729999462,1.473412128892974,2,3.913687282655133,43.16639143450192,2.201030669904208,8,0,5,6,44.960716379788224,2,2.2081570177391447,No
36,18,Technology,2.1282056250900987,2.1282056250900987,9.026320449082652,0.643083705222796,3,3.2904823785404673,78.81506658886718,4.794946050139182,47,0,11,11,17.424702397761816,0,3.0651476115550884,No
21,17,Technology,8.919676113321067,3.8921562561093195,10.566858331287989,0.6577868780300833,3,2.6760878431905026,15.134686126867964,1.1063463306525483,26,0,10,9,44.703404176370135,4,2.819999861621375,No
39,12,Operations,1.5118895383621038,1.5118895383621038,7.341967545232521,1.2069036942311628,4,3.3274694507986693,68.11049155501314,4.1919611752419295,28,0,9,6,21.440574807865502,3,3.910116564967543,No
45,17,HR,1.1733482156046693,1.1733482156046693,12.437079293017383,1.4086468488414696,4,2.6902090687559888,76.86736909158455,3.705095728378997,36,1,6,6,34.16486173698158,5,4.411545798616346,No
21,15,Technology,2.333025724564479,2.333025724564479,11.487635866447048,1.5877835659143482,3,4.201202268893276,65.56260233520555,3.460606484829145,42,1,9,3,61.70499690937932,1,3.3213362321634827,No
34,20,Sales,11.224623854551442,7.848134349245698,15.995177470676119,1.3865756485930436,4,4.99708105123649,81.72139636382003,3.3950858785036027,30,0,10,4,52.77012279089502,1,3.752548888108246,No
31,19,Sales,12.42733627239677,2.8709991193291997,13.936423029533632,1.1134224951281906,4,4.508750142888781,41.85325623597515,2.907386259629584,22,1,7,2,28.559711871593368,2,3.7220686010893362,No
28,12,Operations,11.655348042312628,4.765509677173152,17.515670827327465,2.0776356627742385,3,4.100640593158395,78.45078177307255,3.4894054892620208,32,1,9,6,34.007181746529426,1,4.58362820256337,No
39,16,Sales,3.341615775234328,3.341615775234328,13.193155244787432,0.9993013337354595,2,4.011139858681342,17.63845082866094,2.725087740324849,53,1,8,2,12.402765513217128,3,4.56528651311998,No
31,12,Technology,5.616513863952577,5.226510041758745,13.197873159903892,2.588258241731507,2,2.87629467708943,68.90834575891552,2.781956326499264,41,1,7,6,63.28932272781995,1,3.0153096242873634,No
21,17,Technology,12.033243046140578,4.331625269284026,19.343924064930007,3.689360409122396,2,3.6103402205214157,64.4285648409404,2.630030317513891,56,1,11,3,2.8345940475906657,5,3.908046877987174,No
33,12,Finance,1.1885211781178728,0.5977696043253443,12.049628701016248,1.230479897016969,3,4.817948457248766,70.28188201079675,4.97093928952604,26,0,7,5,22.66802229278793,3,2.6062822923205364,No
34,20,Marketing,5.387913073953488,0.3,13.21680376954114,2.59371947149204,3,2.7082828227599864,80.39230823086861,2.068446382994954,26,0,8,2,22.237590822192043,5,3.227140720788487,Yes
34,12,Technology,1.6738762537854308,1.6738762537854308,11.219554200376638,1.3028204170280697,1,3.2248584991732057,47.50892538365047,3.3741708153734207,16,1,7,4,28.611904768996993,1,4.401444671308232,No
27,20,Marketing,12.008873145477253,8.7502867664112145,16.25884968502015,2.246784138178967,4,4.006001447345999,66.55018860080384,2.808585859806616,20,1,6,3,10.352029617414372,3,3.3793113625298337,No
33,16,Technology,24.95789294884411,8.799225097252348,30.265835267349345,4.615870907683568,4,3.103166914643123,42.739845950569595,4.70919237383371,35,0,9,5,42.234278277674946,4,2.757655536147721,No
22,16,Finance,4.05249794155701,4.05249794155701,7.677863466129716,0.44693621072523415,4,3.319972073075315,69.4720706916392,3.991360055408017,34,0,8,4,15.478070641473977,0,3.814496340987179,No
35,14,HR,8.904801158401682,8.904801158401682,11.155808535254062,0.9755357642481657,3,3.0945703727542035,43.576735346358014,2.369518138321522,9,0,8,6,22.971457215936514,3,4.933989244750436,No
28,14,Sales,5.133997396611413,4.369842808862548,12.757798435790054,1.8727341915810407,4,3.409756363593303,42.190439171275656,3.416548349446395,73,0,15,5,9.278231387646272,3,3.532656633581234,No
28,19,Technology,1.5595923140498862,0.3,9.199646959687618,1.063118604674638,5,3.5792629133856875,57.11594455896957,3.1125534578201957,26,0,7,6,54.28283338518924,1,3.457834308901379,No
37,15,HR,3.067455498444901,1.2514307623375072,13.668737251967448,1.4796635710474055,4,2.72315563342313,57.923739153824144,2.0858788442166785,44,1,7,2,14.516517431297759,1,3.9047674753584474,No
47,18,Sales,4.490456190513284,4.490456190513284,12.37365789596142,2.193522543149139,3,5,45.654549221399435,2.015725895236857,21,0,6,1,24.457987209444536,2,3.6920580015666933,No
30,15,Sales,3.5787876195992765,2.8107812650678725,10.928082870871336,1.7616715128008402,3,3.3144785720984005,35.11541152724779,4.989500708160454,22,0,8,2,4.609414397561154,3,3.8388414734249583,No
39,18,Operations,3.881260661366944,3.881260661366944,14.198145537175353,2.057996421660572,4,3.4696375726671014,63.6808559703387,3.9291117496888317,46,0,8,1,24.12308165886686,2,4.765198231596796,No
22,19,Marketing,3.495521256060162,3.495521256060162,7.13843774707784,0.682366084748712,4,2.5985253713575247,47.856143776804046,2.393008188151251,40,0,8,7,46.894216791215854,3,3.1334671239968475,No
22,12,HR,0.4876407425313354,0.3754309781394721,8.8078246569113,1.289491765515798,4,2.912408024322597,68.2188136781407,3.6766600170048367,34,1,6,5,27.339561290979333,2,3.8497281045185088,No
40,12,Operations,6.078631828770667,1.9895156118335273,10.114147532834178,0.5441322425023739,4,4.691897041648344,83.80804448759677,3.7993788705999436,34,1,9,6,31.767962501999705,4,3.2995754895563003,No
45,15,Marketing,4.839944221517575,1.9764177276088928,12.273774220977703,2.098070492063456,4,3.397915622913304,58.63679159398633,3.5349989785368887,42,0,8,5,16.266528668008807,4,2.022074912541568,No
21,14,Technology,4.197622420183486,2.3062327114412855,14.599474571536108,2.147035727889754,3,4.006640427816815,47.62055661778417,3.126112536750062,38,0,6,7,34.648774455912246,1,2.5417488419903798,No
43,15,Technology,1.0254564184019588,0.3,10.223691106508737,0.6909668953627722,4,3.2109171019538683,37.32053488133575,2.8024385582212954,40,1,6,3,40.59629264606299,0,3.484410210654111,No
36,16,Technology,0.3426577859757132,0.3426577859757132,6.298937133635646,0.4270295610349509,4,4.98584291776733,83.58498500554546,5,38,0,9,2,23.12436027189806,1,2.5636776322078925,No
29,13,Marketing,3.7777653986440565,3.4813797444301966,9.13969830350114,1.7996946183343643,4,4.508726015146987,75.18543865627367,2.7109432794705324,38,0,11,5,21.028173151651323,4,2.4400874790803546,No
27,15,Sales,1.3815803955700428,0.7511269034909007,6.07523803156959,0.930492981780037,3,2.49513393944005,73.5710734929448,2.3074807057485116,14,0,3,4,59.724359169988496,5,2.888319245900821,Yes
36,16,Technology,24.19782044862272,10.795420547928616,26.45462694132838,2.790779707195692,4,3.514552584983012,65.85282377330739,2.6954103509996377,14,1,6,4,9.864913771627078,2,4.381945504494993,No
33,15,Technology,2.5989258174357834,2.459419080777843,7.713859601737697,1.2077723706847525,4,3.7041739224831054,62.515454495048296,3.614315322623384,30,0,5,5,20.0452714216654,5,2.6864805913063288,No
31,17,Technology,0.46024747296251134,0.46024747296251134,10.826815900149102,0.6548656964965898,2,3.777589119738649,68.49650418697871,3.7973152551380105,50,1,10,4,21.01177633302954,3,2.9080441129657895,No
44,19,Sales,10.753358210221675,5.777831674956181,8.348105853341336,0.99711211791797,4,2.7196689874418847,72.1635979963915,3.0811419712793615,11,0,5,1,53.11252888600466,0,4.601360115951803,No
26,14,Operations,2.3137807729720143,2.302298098588025,12.036334008219995,1.6226491082406607,4,3.8939352799860796,64.15967257665565,3.8343113648870073,43,1,9,2,29.648636750028604,2,3.5525166152173773,No
39,18,Sales,8.173046355818242,0.31152576009365246,15.924690589016468,1.0840954197322885,3,3.4902689153972664,59.041677720045016,2.200113566071821,19,0,9,3,46.517522056374055,4,3.191503159510318,Yes
44,15,Technology,2.461596083229024,2.461596083229024,5.3754418229411955,0.5932754432319678,2,3.3552188180481908,58.003934570961164,2.17750054454816,34,0,7,5,15.949676516411545,4,2.6844748577149877,Yes
45,12,Finance,7.7388257033630525,4.73912886705355,11.886394354687232,0.7208731342002659,4,2.9893173448735433,71.09909558067869,3.2316041964569253,17,0,7,3,33.16154183307057,5,3.5847285274178433,No
38,16,Technology,1.0408801694716885,1.0408801694716885,8.962820161360105,0.5265921020785784,2,4.474135311934719,69.17318036048445,2.8907221055706347,42,0,7,4,60.06647183697272,1,4.177409194323876,Yes
31,15,Finance,4.1238960202638415,4.1238960202638415,8.568634932535877,0.9636998943071985,4,3.70781714025926,67.16805515517729,2.7195425384963094,19,1,5,3,45.36763625611615,3,2.4702307613690304,No
46,14,Operations,12.87134671369118,4.768988402139957,17.899952118667024,1.3508333732148134,4,4.699109027035569,48.351979591813944,3.4105811263173273,11,1,8,6,32.73112460036943,3,3.146374281766026,No
36,17,Marketing,15.850825323914071,6.956852911259809,24.343077587504954,2.460144350442391,3,4.22651249674507,80.76975460537662,3.200104874092527,28,0,12,5,16.410262853996866,1,3.632556438962058,No
39,19,Technology,0.8197224523719222,0.8197224523719222,10.6575174206799,1.3602719077421468,4,2.606158177529364,42.97355289103327,4.085527653443286,44,0,8,8,51.652626238457714,5,3.3840406870227215,No
38,17,Sales,0.6672969321341519,0.6672969321341519,9.98395696639285,0.8688857734242283,1,3.487366623958857,70.50858123648965,3.103761759993646,18,1,5,1,23.705969031208856,3,2.1839795392226717,Yes
36,18,Marketing,4.1912281877389015,0.6908288388562032,9.231945967610448,1.4606644588186188,3,2.786242080961445,66.24329550981741,3.402878619557736,33,1,13,5,41.617573046200356,5,3.175804410294652,No
40,16,Technology,3.4436870693305996,3.4436870693305996,7.55496246908455,1.3611730511575315,4,2.794582685706161,62.349122835547995,4.126821757397535,28,0,7,4,26.018220233634008,4,3.0408229701486835,No
21,15,Technology,2.4698092611849565,0.7301656396855329,8.902173055614282,0.9248498638699139,5,3.4232576245973703,37.70839321057202,2.580871101013854,26,0,4,4,25.919530792326718,4,3.522208486169788,No
36,13,Technology,9.764409282282196,1.8200312138782946,18.519135157503648,1.7738149856614585,4,4.127903919283544,50.217854423495226,2.40819816862814,50,0,8,3,11.82032145458597,1,3.350747027857599,No
35,16,Sales,0.3868766609889194,0.3868766609889194,6.1080764710002855,0.8027141561738732,2,3.5143766800670733,50.01630262973948,1.296104037178777,9,0,6,6,20.86812912363775,5,3.8525880654083715,Yes
45,12,Operations,6.916479270899468,2.4269577186919373,11.554167921396278,0.642516919204138,2,2.3071236926724428,53.367011121497896,2.511455495322306,45,0,11,7,20.127758358841678,4,3.8305424269103323,No
33,16,Technology,3.196895399972457,2.246808363402851,8.915808783341754,1.193240640246513,4,3.1321263705489963,75.38488362282058,2.3826856881016156,18,1,9,3,16.711477297242926,4,3.6302409388341434,No
33,17,Technology,7.808665847570004,4.089820607811606,8.786939691995995,1.4609489956508828,4,2.3918516363841693,28.34009020996227,2.3062269373917417,71,0,16,3,22.08522127031723,0,2.1879985995281754,No
23,17,Marketing,0.363214619232953,0.363214619232953,5.654190968442001,0.9258742582153744,3,3.1111150978972293,30.50291364411759,3.496782440740371,27,0,6,3,19.722907854044973,3,2.6218615577887117,No
38,17,Technology,0.3,0.3,9.799490510860954,1.4022062247070293,2,3.208996966666639,76.75866852491177,2.994123336874033,21,0,5,6,29.282951078627498,3,5,Yes
37,14,Marketing,5.6450412924485835,3.6386322815603487,9.267720137255974,1.1011883413704862,2,3.00799066701741,72.77292824654045,3.396616763123678,50,0,10,5,14.463751289322142,3,5,No
28,19,Finance,4.741645837023696,4.741645837023696,12.107207170807124,0.9507406833152787,3,2.6201790300913927,58.325370863308414,3.7085637987947395,40,0,9,3,61.03445518941534,4,3.3342779894160675,No
27,19,Finance,1.0679945575837186,1.0679945575837186,8.294061913107988,0.4497251664021484,4,3.3131845052590223,66.11052362623286,3.1085035412801485,54,0,11,2,26.250232286761605,3,4.984775751510016,No
39,15,HR,1.091603413943757,1.091603413943757,7.927943210490266,0.4894106166237598,4,2.7687395166228406,47.835817491967276,3.3040150010847498,27,1,8,2,47.636617312847754,5,3.091605765655452,No
26,16,Sales,1.683991705027081,0.8006301200617093,7.674788969828622,1.0743256966758872,4,2.601594516645502,50.63061275318015,2.0199130472968023,20,0,10,5,12.994196595239016,5,3.4162194683904867,Yes
39,18,Sales,3.121200201782472,0.9532873859361671,10.195447972859043,0.5680754930272367,3,4.880926482070269,43.699845931485,1.4970070476514301,48,0,9,3,6.27677360067322,0,2.564261833082778,No
40,18,Sales,3.3337460126851703,2.1382219899398476,14.811694721112348,2.773379205663511,4,1.4954444999876868,56.67487474732408,3.836498872944861,22,0,8,3,30.285603981660167,3,3.168544322642883,No
35,17,Marketing,0.497196046244906,0.33407213944441383,9.355387071608641,1.0806098471459324,5,3.7181177971307684,61.145838954320965,4.22265775552762,40,0,10,6,21.611973675451086,0,3.6729848002012004,No
21,12,Sales,7.412814159696603,4.973001457085958,8.577879021177237,1.6677054703693637,5,3.426214952412386,38.65879602655606,4.880104383426766,49,1,11,2,26.192558707103117,5,3.723855915326944,No
42,16,Technology,0.4292659692621872,0.4292659692621872,9.470325305245392,0.9086131045363545,4,3.5086474540157613,57.85942576865621,2.4729774026942555,36,0,10,8,24.12869087662404,2,3.4231678964095784,No
23,18,Technology,1.9863196176574038,1.9863196176574038,11.890771589720273,1.1171046606081696,4,4.108025998550864,46.10009853760661,2.802891312711568,31,0,8,6,20.55025128010539,4,4.791020806549247,No
31,15,Technology,1.452644717130709,1.452644717130709,8.845441951317756,0.7946803525243115,4,4.202286310820431,86.17449723260687,2.3001250604150068,61,0,12,5,34.37342169543384,2,3.080887288304798,No
36,17,Operations,0.9041737477503105,0.9041737477503105,7.453076272751025,0.8607207066180044,4,2.809572175155294,54.277561650702935,3.7089130620856166,53,1,7,5,9.669787996113293,2,2.3818025205266165,No
39,12,Technology,4.522385833170853,3.37526330526673,12.03799150198035,1.3449470244751744,3,3.7764890826774886,87.01102781271742,2.8656765378044673,41,0,8,6,29.524810189432802,0,4.438786629338694,Yes
24,17,Operations,1.0501120014033334,1.0501120014033334,9.083840137793619,1.6629688067024346,4,2.688999698096857,51.66774852630677,3.6999573101515515,25,0,11,4,14.345463586955253,1,3.77324392362385,No
23,15,Technology,0.7302040783133148,0.7302040783133148,10.243632162430236,1.4716693114458637,2,2.9101510054371618,55.94927561974615,3.632096169947464,53,1,9,2,23.90604317463722,2,2.633586535245451,No
26,14,Operations,0.3,0.3,3.79558798692001,0.6528276614421517,4,4.888429730873256,38.34818834691623,3.4032667146395776,27,0,6,5,25.555847037868634,3,3.8081868348257775,No
43,17,Technology,9.377025133688097,7.075916585604453,10.836320000859091,2.1584681683324196,3,4.227747908505974,70.38611329303407,2.789692864608292,32,0,11,7,31.757850530253144,3,3.5117806579706556,No
49,18,Operations,12.641269471313903,3.3848936074041105,13.94922577294806,2.473143825601224,2,2.424921214648388,59.25418420264595,3.4697402063551523,20,0,7,3,33.0128140687627,1,1.3411725149689935,No
45,19,Sales,0.616067917944517,0.616067917944517,5.568601374908314,0.3818210318858163,4,3.5310140640993355,99.64997479739986,3.1979143110959596,38,1,8,3,13.753679985607095,2,4.077430483770248,No
29,13,Finance,9.247582040505542,6.541896038403297,14.964660855570031,2.3934509062840874,4,4.3161929230318306,61.5379628895032,3.430034343729065,32,0,9,6,41.0379735448693,5,4.001530446100978,No
36,15,Finance,10.665708588559934,4.159725375238147,17.784970520230733,1.6513547412463883,2,3.012641298639213,81.09549052214962,3.009957167933914,31,0,7,5,35.59131068273221,0,3.5872726367210634,Yes
46,14,Sales,9.174066367531763,4.299001048484136,17.788434558854473,1.5760830377408352,4,3.115571500292429,78.22671453187812,3.3073062843580843,28,0,10,4,12.084546696238913,3,3.2148275306531446,No
37,16,Operations,11.610181723116815,8.291812312025598,21.16297194883672,1.6155875542777571,3,2.7217629929398828,83.88148613693012,2.8973867968427993,17,1,8,2,21.843938789772352,4,2.4002162955961763,No
40,12,Sales,4.662075011956559,4.538407856142891,14.725914379727959,1.5424008959461732,2,4.115997987731799,57.0445802461416,4.986180264182449,44,0,10,3,15.649347876212405,0,3.6356659688658826,No
39,16,Finance,22.976349892656522,7.0738932472864935,19.56748974760574,2.520739100587975,5,2.5993037070969156,39.16310174505562,3.879401034324712,24,0,11,3,42.92979878685081,2,1.4497894278665717,No
25,14,Technology,1.2868258574180351,1.2868258574180351,6.396095933908082,0.8302343097674968,3,3.280083785237062,69.70423008832122,1.8901015818802878,33,0,8,4,30.998816461310962,4,4.977514095778098,Yes
31,14,Sales,5.68157671584038,4.388330932179476,11.42492397287429,2.0938412979095355,3,5,48.69068764722387,2.9049259229106923,45,0,12,2,17.89777568429889,4,3.794870051656363,No
35,14,Technology,3.1946528906385128,0.32905112142672865,7.280995331161614,0.9497839539086954,4,3.012217184314525,60.69008403976205,1,20,0,7,6,19.809523482027373,3,4.81432191125303,Yes
48,14,Sales,16.81024005538864,4.720653789304661,28.746629457400957,3.9599733702719404,3,4.236809917086316,59.20518951011352,1,38,0,11,4,23.41389441445712,2,3.2723483417323633,No
48,16,Technology,0.8448453310063949,0.3,6.725165566630223,0.6835189736520197,3,3.7030172004228845,79.53061209580358,3.7839196557944565,17,0,7,4,8.220313257652471,4,1.8722743931688146,No
33,16,Marketing,3.3760948308959695,2.455032947426598,12.860919350667475,0.6674531593790949,4,3.178659275617573,46.30589440855461,4.497413527443942,60,0,9,6,24.094759542066072,4,2.896641243983265,No
27,17,Marketing,0.766024940133152,0.766024940133152,6.3109792545072025,0.47644319070108027,3,4.008473773771868,75.18400577099473,2.7886524015557845,52,0,7,5,60.924636736277144,0,3.0140785757840494,Yes
48,19,Operations,11.352403627600424,3.9929510759729885,16.21033188185027,1.5336686554426446,3,2.8924512656349517,85.91088323266462,3.806372518459424,28,1,9,5,10.026254806536118,0,3.9206868119,No
31,18,Marketing,6.310826840304842,5.1567235037139945,15.629634021627826,1.2145234264384788,3,4.697078593249831,61.65657780038974,1.9009646135822174,44,0,9,0,36.58041981578625,3,4.237594801980553,No
29,13,Sales,6.342284421431382,3.143582679383364,14.293035476452264,0.9106629022888069,3,3.4958651009369697,75.56065758149829,2.6134215813780872,13,0,6,3,21.749080230208293,1,3.026813433596156,No
37,14,Finance,4.0764832641339455,3.5544274243380043,9.980562117619874,1.0587580704849255,3,3.698111894807883,55.8013513077948,2.6923200689587405,37,0,8,3,21.809384231514848,1,2.5699553026190114,No
21,20,Operations,3.9569541787020137,3.9569541787020137,11.737810387584966,0.612017233657601,4,3.9793366428032764,31.41264215284591,3.000581467799362,17,0,5,8,15.150455547844274,2,1.5822120408712759,No
25,16,Technology,0.7436256938390347,0.7436256938390347,15.90759262602174,1.9149934875858527,4,4.405478603735897,77.0936686422872,2.8760072786880047,14,0,3,4,14.345277842126258,3,2.4557937159620153,Yes
33,15,HR,4.932822548028634,4.932822548028634,15.980079758022425,2.29092742992741,2,4.973300146177342,55.43264124011348,2.718115276911927,12,0,9,4,12.913055345554607,5,3.7403229617467675,No
42,15,Technology,7.209250599195491,3.8868681755959145,15.858575893271096,2.1235078678465524,3,4.994535582344857,67.23136859666054,1.9144104303317877,26,0,8,2,62.00062927191654,2,1.9492119094032514,Yes
24,20,Operations,1.0018337797071877,1.0018337797071877,8.879413877234487,0.4873505213976117,3,2.8802595287605697,78.39673366065058,3.7937019984836216,16,0,7,5,38.36481134518302,5,4.9026918718945955,Yes
31,20,Operations,0.6181832120768042,0.6181832120768042,8.940858139314527,0.67183704614227,4,1.6855543319913198,52.16615670963474,3.1146988534903426,18,0,9,0,64.65477623189865,1,3.9607867661174754,Yes
26,18,Technology,0.3,0.3,6.184134469356881,0.4415076463026964,3,3.1900665539245177,54.63547963792776,2.9273100086340804,9,0,4,2,7.098642958882482,1,2.64897237359236,No
42,16,Sales,11.788560098831626,6.231201934978701,14.500788356219049,2.409059851791402,2,3.487160205838937,80.8808795691305,1.7653278604176965,49,1,11,6,31.86386888921318,4,2.1719101760115316,Yes
42,14,Finance,0.3,0.3,12.164623512491442,2.3219282272303654,3,1.8196949198961994,59.71818616108482,2.7873342740402793,40,0,7,3,21.798937726836893,5,4.185425629786696,No
30,15,Operations,13.52764815113855,5.662172346361704,19.28282409377338,1.8865814430794752,5,3.218504317313138,30.674066455520524,2.774169196665783,12,0,6,3,36.407608294306456,3,3.600216702758272,No
29,19,Finance,1.2532798921865194,1.2532798921865194,12.614890489491396,1.3082453725400809,4,3.593129565335672,54.84521347282019,2.6781679652095254,36,0,9,3,48.78201746274273,1,4.703436486511929,No
48,15,Technology,16.04246513693918,7.657553736550883,24.508907966886955,4.573411331994235,4,2.7206573851110476,67.37719746354334,1.8995316670750082,36,1,10,1,39.27616754131099,3,3.050788514722553,No
38,16,HR,4.189652649672175,4.189652649672175,9.452413897478237,0.662285600221143,4,3.1247354260644586,70.71691597813005,3.5134182438287063,43,0,10,2,26.177738669137618,0,4.573057280901473,No
32,16,HR,3.1120263124594323,3.036561524213908,9.208606199229742,1.806865843593053,4,3.1886927349374194,65.07594647074671,2.5088751719945117,15,0,7,5,26.176668387641328,5,2.516441082920653,No
48,18,Operations,1.453671494107566,0.3064145508087755,8.013438841584133,0.6706604735159641,5,2.907854434652871,65.01189520851601,3.3897793464301005,24,0,9,8,26.98946041969158,4,4.994481987719885,No
27,18,Technology,2.7634952737423615,2.7634952737423615,7.893634785215496,0.9924742658824903,3,2.293555167346965,70.72506457800162,2.086602550692806,28,0,7,3,36.883371461277385,1,3.866529998659431,Yes
50,16,Technology,1.774400953299412,1.774400953299412,9.984050055867192,1.6197907836072127,4,2.3024493113123907,48.847943272431664,3.1749882518746713,43,1,9,4,22.671975754624647,1,4.787091753751237,No
44,19,HR,4.320355271952092,4.320355271952092,10.14226705788157,0.6575883055662842,4,1.9876478749088948,46.77479182235316,3.5306132513801907,19,0,6,3,29.289177159497854,2,2.8215537271361066,No
36,14,Operations,4.416100849150934,2.2295792736087092,10.859995549064758,2.1212273038761555,3,3.92287110689538,68.07155456873083,2.9880119221189294,18,0,8,2,31.068259468135576,4,3.5671745430983486,No
29,15,HR,0.4371468216521324,0.4371468216521324,8.022134841533937,0.5487011334433552,3,2.704900154516292,54.82823777583949,3.7982374985403435,52,0,8,7,67.60616903164285,3,4.194292088700806,No
34,16,Technology,5.03190364681619,2.715336156457153,9.646000003680891,1.8941656138556124,3,2.5769643125281863,51.66217825117795,1.9978020185746495,18,0,7,5,39.71386664465362,4,3.884378906511284,Yes
21,17,Sales,6.849103127934673,4.45410439806154,8.015459705830157,0.5995328225117983,3,3.7972794083812813,62.46982057332851,1.3881525661164256,30,0,9,6,23.875111886939308,4,3.4003619274518844,Yes
36,17,HR,0.3541622869972975,0.3541622869972975,10.252001617134631,1.315004620834086,3,2.6998172936865252,52.86338959494237,2.9043568828038215,38,0,7,3,9.46327359024229,5,4.073067888383053,No
34,19,Operations,5.350213475149876,5.070011707749913,9.988634712414397,1.7210274723902517,3,4.8115594406403845,71.20306039807573,3.708426414507235,18,0,6,4,80,1,3.2757972281359047,No
38,17,Sales,3.3120747747111374,3.3120747747111374,12.769128462762879,1.477177035618468,4,2.639047727540248,83.62183396292212,1.4382811965785516,43,0,7,6,42.42351811289371,5,3.788020902734344,Yes
29,19,Operations,6.188835080652685,5.701261740726852,12.76017352896647,1.2154561602098148,2,3.9323223675098267,57.93799844228729,4.703478191766803,31,0,10,8,58.95625533621775,3,4.275518666099779,No
46,17,Operations,3.2176580617990647,3.2176580617990647,8.719832765362746,1.5411817079976005,3,1.7192203333382383,59.47286885414039,2.9368795477232292,13,0,5,6,56.89734030837004,3,4.638942940456882,Yes
36,20,Technology,1.7210319496635695,1.7210319496635695,6.9581158856300185,0.6032155744632767,3,2.879461544923481,91.33923623028166,2.0071553641759547,28,0,9,3,22.044670030689055,3,3.9678591476160663,Yes
40,14,Finance,10.330134596177084,4.844243729811297,19.517098766237886,1.2980000907661855,5,3.1114666313671284,67.75714998158514,4.698966440804007,62,0,8,2,41.43956848414484,0,2.9629311467134096,No
27,14,Sales,6.074772937848843,5.5343371936325445,16.19054696289698,2.505792019138413,3,4.908251208410835,61.71536925804595,2.5112483787244053,15,0,9,5,23.319272881117914,0,3.449361731103368,No
39,13,Operations,2.4953246373163656,2.4953246373163656,9.050143518443411,1.6058412093410188,5,3.6841738969904734,93.57274240773283,3.5078890982716087,35,0,10,3,17.05404751795414,5,1.6257298400466869,Yes
32,13,Finance,0.8447193259652412,0.8447193259652412,6.604931819957692,0.9708389013523345,2,2.90093930289366,38.22584218006582,3.7991688863717794,20,1,8,3,12.361266305275459,5,1.3708721182563417,No
26,15,Sales,2.625542839817283,2.625542839817283,9.718976620446938,1.150196611556613,2,2.2875979149174834,58.604919255325584,3.3165090764958736,34,1,9,5,9.347669724112572,0,3.517066391430881,No
54,17,HR,12.444245466487164,6.604245632214134,13.63433150722482,2.6703608196842397,3,3.800642838779929,62.36123043912393,3.51012517135752,9,0,9,3,14.01466278957928,1,3.2064189336759497,No
34,15,Operations,12.492653635161098,4.45092626770414,12.200749760004332,0.9175701357243973,3,3.4058260825053437,74.15894066198892,4.407170303681774,11,0,7,5,31.16636261411522,4,4.080569593717098,Yes
27,18,Marketing,9.153827863757357,3.674505471415021,12.636860743073898,2.17735205379899,3,3.591664660042549,59.68287669127024,3.2982856012752704,19,1,9,7,18.86116486480247,3,4.066212634219851,No
27,14,Finance,0.4040004889235785,0.4040004889235785,6.840296950206988,0.9569790729376692,2,3.623115181484441,41.85117020057739,4.974013178150406,18,0,7,2,19.62460413399485,2,2.5913200120993363,No
43,16,Technology,5.520596864938154,1.7827571362160852,7.7049040665709,1.3398342705376827,4,3.1036649698484164,15.531278033562447,2.600006400978956,10,0,6,4,57.42824529442321,1,3.037088980710958,No
29,16,Technology,1.568826141525258,1.568826141525258,6.787643927036648,1.0411248277930512,2,4.988307017821659,64.41679496525123,1.2975045501081186,34,1,6,7,16.1406348712368,4,2.63769183902044,No
41,17,Finance,1.6482885350664134,0.32147962922032547,7.755486703088946,0.8823516045377671,3,3.302649248959354,64.82956388465873,3.493205158537632,20,0,8,7,20.72603202588585,4,3.584050042679345,No
29,15,Finance,2.9018657624652784,2.9018657624652784,9.744112091665102,0.49059401618255244,4,4.886864318902482,41.068105428666854,3.8797104036138323,38,0,10,4,34.921741755619564,4,2.853226253107252,No
36,17,Sales,1.0393214988368182,0.8163931419407612,6.3975392801748905,0.4568682282216119,5,2.589574053625552,78.39625015304662,2.2025390707153094,31,0,11,6,45.1707697489187,3,3.641585289473535,Yes
31,17,Sales,3.9715654875220845,3.9715654875220845,13.107311038555595,2.3494553206297604,3,3.7758735599598543,38.244602185318975,2.319964311650008,15,0,5,3,80,1,2.797159397030513,Yes
41,18,HR,11.046341892722806,3.8697481237539826,12.078384486513436,1.6444962952068594,3,3.3912407586783204,51.08269703158037,3.279266714431168,34,0,10,5,46.20550465685738,4,2.193984077968841,No
26,18,Operations,17.09337228953371,8.84723012701585,16.685473595378816,1.057054874377218,5,2.385706916177816,62.45120352815284,2.024091066583284,34,0,11,3,37.11963262939343,3,4.332135469318655,No
38,16,Finance,2.6270865949097284,2.6270865949097284,10.81183601893846,1.141932215495833,3,3.7667699890156756,47.02747031725497,4.797920474245019,36,1,9,6,25.888870161335667,4,3.514933163778304,No
40,16,Sales,4.012790747253415,4.012790747253415,14.618077774345485,1.5423204352764486,4,3.009763699191447,60.347583027860836,2.2213020862780035,31,0,9,3,13.842151334656643,4,2.3425333149878402,No
34,15,Operations,12.700411679761123,4.301943597184009,27.497846917712057,5.16788428374758,3,4.198418976045657,52.18707996183774,4.006168936921602,34,0,10,5,7.746366211055006,5,5,No
28,17,HR,0.6532529863767736,0.6532529863767736,6.887076105012348,0.7063022838045254,4,3.2251689765554015,45.03474188321712,1,38,0,8,2,29.26655027299353,5,5,No
48,17,Technology,2.82604096094903,1.224067750753922,7.356111067123571,0.827960305558819,4,3.275760173072906,42.45787796459878,2.878876386995835,23,1,5,8,9.927274500536647,2,4.980997212769387,No
38,20,Marketing,5.697677401641887,5.17857927412971,16.164541435057252,0.9360332233442139,3,3.681411485954296,66.6972405932549,3.2147783156630765,32,1,6,8,31.861650408371265,1,4.065997643687826,No
31,18,Finance,3.0712111970860674,3.0712111970860674,9.685492002637561,1.6391589138482519,3,3.011562249148891,60.33974454051491,3.874180726507777,42,0,8,3,23.29107618103758,2,1.8188748655754643,No
22,19,HR,5.611011077612416,3.636178605495484,9.195588911041272,1.655447729751114,3,3.512398846391009,64.00517608960055,2.991594177577305,44,0,9,6,26.032288472460476,5,3.1667555592229895,No
43,19,Finance,12.903959230993161,3.3402692392905173,24.193946657602353,3.774782034161809,2,1.9899523565385913,53.63253853198259,2.502851578254115,61,0,14,4,29.242343063054474,2,3.565831421198925,No
31,13,Sales,4.1239200227182895,3.9545061967193726,9.5257548486929,1.5764610337111609,4,3.2868129465605254,57.760660459907676,2.998062587690987,10,1,3,3,31.221616782993983,2,4.035246955808041,No
42,14,Marketing,0.85865194011402,0.85865194011402,11.815914095988026,1.5487735072504734,4,4.568664317649412,44.39934169311506,2.7034318518845724,14,0,5,2,36.38008237895938,4,3.9090234444523073,No
37,13,Sales,0.6762121972416342,0.6762121972416342,12.2763193484142,1.2272691128719266,5,3.9214904486074826,55.45972630243401,2.373309633868041,29,0,7,3,51.27911165698123,5,2.5789851289275716,No
50,18,Operations,23.490118404562804,7.777033717247552,44.71041514435941,3.821230775652532,3,1.8014535289462075,33.930432462910275,1.7924702498551877,20,0,8,4,2.848175102049282,3,2.4819999670939104,No
38,18,Finance,3.1790027885139933,3.1790027885139933,12.91091112234859,2.081390892648416,4,3.2513472050475705,37.48601864901953,3.673776657103749,44,1,11,9,16.194644625554485,5,3.603371003097811,No
41,16,Operations,6.116913401284709,1.9442832565326604,10.78429941860842,0.5898016773751347,3,4.2841648215807995,57.56151298550775,3.7069749402224823,37,1,10,2,43.04117481694849,3,2.2913845635097365,No
27,18,Sales,6.209666551871775,2.3043408290106036,11.073050075432139,1.5105541311029262,2,2.506381079900321,47.72497299533657,3.124901605858352,40,0,6,1,20.006194929781174,0,2.205058336289548,No
37,17,Sales,0.3,0.3,8.796422976564182,1.3013214401044564,2,5,66.30883751402865,3.613184047374128,33,1,4,4,59.04488549411403,0,3.9672786015163437,No
42,16,Technology,6.842674873950961,4.369080989563565,12.767902346667087,0.8947953207665793,1,4.0800167159786644,41.85159926098894,2.593996442121343,17,0,4,4,25.232241418005817,2,2.6007478269315163,Yes
40,14,HR,6.029049594377188,6.029049594377188,13.8315443714776,1.7054520689841468,3,4.292966056186264,36.95601422851927,4.8828520850446315,34,1,10,3,15.665589951461877,2,4.365399002505552,No
36,16,Sales,20.93443214045752,9.967837041925387,27.254599168254277,1.9521753818966492,4,4.599705868602958,99.89440610678713,3.8858805760495,41,0,11,4,9.87603485676982,1,3.9275528965408637,No
33,16,Technology,1.915786616924766,1.915786616924766,11.262461726969573,1.906825571078897,2,3.023307869820689,49.29637678066904,2.8071070866487493,21,0,7,3,37.91064798565435,4,4.241723494793133,Yes
36,16,Marketing,6.794275849238091,0.680475678539041,13.63153500857646,2.563214985080356,4,4.177407471029858,39.628850614774024,3.6117441411447735,11,0,8,4,18.08134977059783,2,3.496907102768178,No
44,16,Technology,1.8236248517671978,0.3390698961420003,12.088030963246924,1.5357164666396181,3,3.5726238992462127,84.98705627578077,3.7816110372587883,30,1,8,6,30.732374169000753,2,3.441182500080862,Yes
43,20,Technology,2.4373471350111093,1.9711595872342382,10.376788511936137,1.6802387121370037,3,4.984250213534349,27.036277337753933,3.8955523287140768,28,0,4,4,24.691800271104047,2,3.3213737841243574,No
21,18,Operations,11.822975812404534,1.098350797883478,23.987760100587668,4.81001169643351,5,2.898660115044633,53.358462011122995,3.1943636681900944,28,0,7,3,67.75365233703484,3,3.570557386785683,No
50,15,Technology,5.670106962932511,0.4000121358217976,9.015806452241174,1.7213904338517771,3,3.387045863725362,53.78397346699294,3.878777833678424,28,0,7,4,54.79849468578414,3,4.23342274550196,No
36,15,Sales,3.5285712758409136,0.3,10.610185144172686,1.985911983721884,4,3.315426720774338,81.68374750751312,3.060199713205799,67,0,13,7,11.785742728243699,3,2.339164976717651,No
37,15,HR,6.030090748818203,3.189196774268892,9.445364537644235,1.5567854123078757,1,5,71.50157886236106,2.3908040457061626,36,0,8,1,21.207902386471183,4,2.343093576047725,No
21,19,Sales,2.973500527841813,2.973500527841813,14.432528213159058,2.031613898711641,3,4.1988507802713935,78.15821813165941,4.008236759446046,37,1,6,1,23.320973370706977,4,3.57289817911403,No
37,18,Technology,5.865619833138651,5.865619833138651,17.74168837630964,1.3290274308865173,3,1.6764749535790926,96.57708158103499,3.2007841321193533,51,0,9,4,24.163326151595253,3,3.823232857343067,Yes
26,17,Sales,6.983248448777638,3.479783068137337,10.840264745111126,0.6643636318320779,3,2.7062180142944365,44.538824072605,3.2949022141910267,24,0,8,6,14.105631072270114,4,4.016196812412087,No
30,16,Sales,8.489841893911729,4.095528255356567,15.631755066528811,1.312831407231876,3,3.4072597098512096,37.08022113259458,3.1965528966558248,34,1,9,1,28.32434143442677,1,2.7322352835265895,No
22,13,Sales,8.464026298586903,2.3964618391238917,14.982994417647413,1.4189046854096612,5,3.4109230689788714,53.574666872702714,4.475859858382879,29,0,9,3,27.179629168772756,1,4.2123379236707175,No
53,16,HR,5.281183224976313,3.937397792214788,8.934852085082875,1.4106446473709686,3,3.9925820306039,86.591059428975,2.4148706035197667,46,1,8,5,18.510681733790012,4,4.422397985170748,No
21,12,Sales,4.585966934480626,4.585966934480626,10.26423544205435,0.693662724752904,2,3.509939579433159,68.45044669635493,3.802837871524781,23,1,7,6,45.57107745451668,1,4.879085938446262,No
41,17,Sales,8.589487339982956,8.230345389425747,15.832730562406457,2.701877266041089,3,2.5935351502750152,54.29671975005409,2.916905879276372,53,1,12,4,14.84082739859763,5,2.400864233047447,No
34,15,Finance,5.297778203230023,1.5700930250632783,9.0464341194744,1.390036681280791,3,3.685821176309607,71.38205594058559,1.727346651468789,25,1,9,4,25.93426807036302,3,3.924697986780652,No
44,15,Sales,9.76559544395759,5.017549190885372,18.43856290741991,0.9768026395958238,5,3.416366971739717,55.529810989624075,4.304297627423147,41,0,8,3,48.759386956396234,3,3.1620028410017196,No
50,14,Technology,2.7505302314426094,2.7505302314426094,8.031019845600776,0.6173685682667323,5,3.5218604679892476,45.44111547109853,4.310377864648042,39,0,10,7,28.69219631923911,3,2.395883003588864,No
21,18,Marketing,1.1479348415272086,1.1479348415272086,7.132415000142084,0.6966406677739972,2,2.9259441991956208,60.744279163720996,3.3659706018785025,11,0,6,2,4.497305925675852,4,2.7643131933440435,Yes
24,13,Operations,4.216767127307789,3.576202941882933,11.96924805385751,1.8512144882690869,4,2.8996643164361617,35.52956323749161,4.081894073025724,18,0,5,3,31.60309164115104,2,3.4914071299826017,No
35,14,Marketing,0.4396169328816008,0.4396169328816008,6.65082676168059,0.7403634496762078,3,3.1119810440786058,41.00350199947827,3.167042677519217,16,0,8,3,55.931843819304305,0,2.6506257371555417,No
51,16,Operations,3.6851201730080643,3.149318965343033,6.4932827731933545,1.1057711352117836,4,4.214311074100587,49.02367207999813,2.987963168261858,82,1,14,4,9.513913757957836,4,3.92380863426024,No
33,14,Finance,5.907593590272927,2.248139012851142,11.986869118959948,1.9078829044040209,4,2.198408526487034,58.3528817121314,4.00991306534579,26,0,7,1,14.169707910520344,2,4.050068058779231,No
41,15,Technology,0.7067312229244022,0.7067312229244022,8.522006356918103,0.8182491110600604,3,3.511511618481403,39.986090003385165,2.307169500961427,46,1,8,3,14.942250890301688,0,4.576445935578067,No
42,18,Operations,1.6126298938185102,1.6126298938185102,9.511261409773038,1.18591838549061,4,3.693375766473463,79.57305669876203,3.6170179151553628,39,0,7,3,19.53669210024454,3,2.752505936491064,No
41,17,Finance,1.152875589616498,1.152875589616498,9.800074216664804,1.4422753137649915,3,4.215187075448046,83.96841012650354,1.7120691139329134,25,0,5,4,21.00503644013127,5,3.9719097003735673,Yes
35,15,Technology,9.27153983167101,3.407559201173211,17.101961078395252,1.4325125099101605,5,3.6211831070114773,47.18329436674752,1.6866830714100682,51,0,12,5,24.369127651548553,5,4.227318794493385,No
21,13,Technology,4.563051370463899,2.475163653709604,9.67934854392582,0.6533393162387454,3,2.698013986888109,59.92101186331113,3.485885920111059,32,0,6,3,18.631020500293886,4,3.5366038217049516,No
33,15,Marketing,0.3,0.3,7.688939502728114,0.706461929329557,3,2.7271423021358254,96.57531816217062,2.801967365032185,51,0,9,7,28.99554241583208,1,2.6386923786118097,Yes
44,14,Technology,5.521249835021085,5.521249835021085,12.006110696966596,1.1147371148152658,3,4.996747235886674,74.48812000673429,3.111940117437237,47,0,11,4,35.50001881145437,3,2.6780804596765067,No
45,18,Sales,3.9598121406957896,2.1992937215177126,9.128088980408839,0.8909541918518269,4,3.6930909718715696,40.166152077779515,3.498013404651554,39,0,9,4,37.73006909561965,2,4.7324088810647185,No
34,15,Technology,5.556831754674599,5.556831754674599,14.730913935692884,2.2390174056356473,4,3.976197947491075,63.57274329875468,2.7923374063641724,7,1,2,7,61.496563569347316,3,3.3400541732508136,No
48,14,Sales,0.9217531874999894,0.3,8.314410312656033,1.2580969292068178,4,2.5013279783509867,58.222927992859105,2.7099074263167227,27,0,8,1,16.652145863032747,5,2.4653775476621056,No
25,17,Sales,2.4019362762314644,2.1786853662068264,9.133117590932962,1.0665680568177949,4,2.389083162242198,64.19489050695003,3.5213081717368704,20,0,5,3,33.01916436462236,1,2.3437171456647334,No
27,18,Operations,15.630833076250997,10.957337955756385,21.91532236920699,2.5958142962517914,5,2.7977721591581464,64.71143045243002,2.5222911615019363,10,0,8,6,79.961647586508,2,2.4190940876407647,No
27,17,HR,3.9253031409174994,1.7232355595039324,10.564264181056366,2.033719693700475,2,2.9970461174023257,44.50827054561133,4.182871365806319,9,0,5,7,18.670428683537725,5,3.549837027746666,No
44,12,Finance,1.9589649115801995,1.9589649115801995,5.899216383507474,0.6473724046740204,3,1.8835824384952695,54.30640884747013,3.213459411355412,20,0,6,5,30.0195099703095,1,3.4813635121644935,No
37,12,Operations,3.914675868583187,3.8651088511161427,10.025140342409536,0.9339831253258534,4,2.913348126015202,58.16828735985038,3.9081276892511956,23,0,6,3,19.833668928872143,4,4.9718601805463445,No
28,18,Sales,14.238089656710262,2.212785984636087,11.343098196953768,1.8428511494219908,3,2.9774934164411104,62.19178148574578,2.2612649969029874,63,0,14,5,32.52687816156376,5,4.304985505790802,No
41,15,Finance,15.494494422924793,3.2905633692431744,26.69485693699365,3.714455961507781,3,2.5260601411439865,67.53678434748683,4.421466381600458,27,0,10,1,21.787977584344453,2,2.550102691991629,No
36,12,Technology,10.873411202646631,7.1101745349484275,10.411058538878947,1.1662229232782244,4,3.114472642676991,65.65561245384048,3.402387046047464,13,0,7,6,2.9326822408891324,5,3.0109288882218785,No
40,16,Finance,8.27939697382605,6.865244036065654,13.286200344002593,1.3125774574338418,3,4.9796844652829195,75.30836286001644,3.1156682833764853,30,0,10,2,12.608745575557359,0,1.767194332147455,No
31,15,Technology,11.87829457779191,1.485654823873658,19.972989947104534,3.7880869895698663,2,3.1949021544809093,31.93935214772244,3.2754839164488807,32,1,9,4,9.792871054399416,4,3.5035762192226025,No
42,17,HR,13.161075740136406,8.269470735075654,13.599414920272197,1.253099167517355,4,3.9171690801309937,48.07500464553787,3.2829942237952046,37,0,8,0,44.12282971941217,5,4.7427971497816115,No
34,19,Finance,7.118349951232846,1.4392802300140402,9.16478512936813,0.925454641969117,4,4.677063380539573,42.08707036053783,2.908806427939458,33,0,10,5,67.2970307858975,5,1.7955356020875721,No
34,19,Marketing,5.047026683626639,5.047026683626639,14.598972348043795,1.067551133965456,3,3.2123932077258,71.02019248136837,3.4961219576959555,20,0,8,5,34.8844768676699,2,4.867327303989557,Yes
50,17,Operations,2.329480013716738,2.165386540049204,8.980372488076252,1.695131301743685,3,4.638883471426296,80.29551220748795,4.002624542118224,26,0,6,3,66.53231330723081,0,3.6486585154844877,No
44,15,Marketing,8.842962604240487,7.636218971760374,13.460601585987009,1.1366447642023245,2,3.299912422442944,56.40167881845865,3.501441014705717,84,0,15,4,56.516459830853925,1,4.062351062427864,No
35,14,Operations,6.128555092475205,1.9019134560870965,11.227299993342935,2.1593627570257197,2,1.821596826926135,79.94330851409241,3.0957048907113536,72,0,14,9,18.144530071766503,1,3.4682223897110402,Yes
45,17,Finance,6.171285958547987,4.83920321160501,5.8189805325665604,0.6935957959022256,3,3.968483435083375,23.314395129178607,2.3774370405556793,32,1,6,4,28.002634153953753,2,2.4033716865907206,No
35,18,Sales,9.484577419194478,5.842798746925826,9.740378160213812,1.7963855941342881,5,3.996103417139455,55.0384108733668,2.997085120609077,18,0,5,5,13.158885220827099,4,2.80134394866088,No
33,16,Sales,3.4707451238706155,3.4707451238706155,12.085504141356775,0.853650550091046,3,3.5918053718181437,24.407573603737834,3.892970610096253,28,1,11,5,23.14733510894429,5,3.939636721904318,No
29,17,Technology,5.655901343403241,1.1363369651036632,11.03375549281941,0.601534814910609,4,3.5151054188239006,79.46095806152157,4.497951100596434,16,0,5,2,24.130390799172076,3,3.2790283597719947,No
32,15,Sales,3.978334031976596,0.3,10.77868850365956,1.0581162924674594,2,2.6955124551574343,45.669015139851595,3.598976756141846,33,0,6,3,28.150575016691285,4,2.2642401086480803,No
25,16,Operations,0.3,0.3,12.617147825654447,1.5880522289608359,3,3.191576346987777,65.82027402732307,3.083725587659461,29,0,7,3,26.21443814302301,2,3.814025016303669,No
22,17,Marketing,9.195725394312369,7.9389296070270285,15.349388195098111,1.1231364874989647,4,2.8013892584537947,63.20422765952806,1.9735490947600942,8,0,7,4,13.93549469692181,3,4.1159008911839825,Yes
24,16,Finance,14.450837827470142,7.058970017193983,30.071511481198435,5.59801661392678,5,3.1073360952097056,44.21911400771083,3.9911023026572994,29,0,9,7,28.155208932679713,4,2.3988192232019885,No
35,17,Sales,8.066631690571805,6.229368151849248,11.696764708139384,1.9093040008334292,3,3.394423017284355,29.191567573386195,3.574111450587509,13,1,7,7,23.652066752982183,5,3.3236844647507726,No
49,19,Sales,3.91886626851127,1.0979078194597705,7.534452583823605,0.8550422265913588,3,3.391748141208139,62.56472977431789,4.136481349795941,41,0,10,4,39.111968250142205,1,2.963208283169727,No
40,16,Marketing,2.4052523946911486,2.4052523946911486,8.438063053168586,1.045487619555672,4,3.8171629245561234,93.97223093595291,3.0255432490551364,32,0,6,4,13.599263607665268,5,4.06437319663368,Yes
28,19,Operations,7.111870713735154,3.3332040640784504,11.64923992088274,0.781456369230717,4,2.80293217915278,57.021666181131415,3.3106683064748155,15,0,5,1,22.63838697937705,1,2.9793357590266263,No
39,16,Operations,11.266860833125406,6.6588835980589085,13.189607497719352,2.3003719245702565,4,4.080275155473937,24.409844995655583,1.8836445977833336,40,0,8,6,17.493160880988313,4,3.709074184031791,No
29,17,Technology,1.1235726846178042,1.1235726846178042,12.216456548031081,0.7217028531836502,3,4.103858280926554,67.43472747027047,3.016784827241966,11,1,6,7,31.995964698988207,1,3.796948603970489,No
47,16,Sales,5.671116777741425,3.894128900723942,15.372937628370186,1.5609577908698002,4,3.894743103174839,45.202092839292824,2.4954676367099937,32,1,6,7,40.82885996937029,0,1.8043155126793595,No
37,15,Sales,1.8188963544580619,1.8188963544580619,7.9100354851673655,1.095551420848695,4,3.2275608992533216,34.90262952155627,3.1140320841707325,17,0,8,4,79.68027354333634,3,3.933928626643929,No
34,17,Sales,8.591441824026811,5.741380177005208,12.790695487483234,0.7927769972477509,4,4.394181958715063,43.168556387859084,3.789457062106168,28,0,6,5,16.26656759300325,4,4.144872637626879,No
44,14,Marketing,5.864507659800548,3.9775577432104816,13.964503358318298,2.4043331300393,3,3.2051408042763767,70.71840615696395,3.415217922840325,17,0,5,3,17.243998746967492,1,3.835175395073284,Yes
37,16,Operations,0.8000255578425945,0.34836541631709117,7.290332022703565,0.7722233291153225,2,2.6174027453506348,51.988260225927675,2.793095251650577,47,1,6,4,40.360823052694165,5,2.37488098561753,Yes
36,15,Operations,2.345388585220161,2.345388585220161,9.480391966145907,1.8618832873001017,3,3.3980592652226513,52.18201561037478,4.988138031448343,19,1,7,3,16.38903400310505,5,3.387977994301593,No
29,18,Sales,0.430083084709804,0.3,9.017750022075608,1.7838980808613731,5,3.5810334938050996,64.77151814116557,3.3190484035758883,10,1,7,5,12.040759565724864,2,3.950274201787854,No
40,18,HR,7.8962252954159355,4.7474967381517565,14.724775958675465,1.101174664312138,5,4.103004755451103,65.67810916190257,4.175011456799655,45,0,10,5,29.226751525033617,0,4.9361807256831485,No
36,19,Technology,1.7530379401641845,0.7421609641501848,9.183014674974505,1.7195363720994834,3,2.2741394109345396,15.2024305857719,2.904765427112819,26,1,8,4,38.94759795378051,2,1.2922014626646603,No
27,16,Technology,11.612958665706149,2.1974750223283683,20.57871472180693,4.062890005839658,3,3.4045151274726226,84.17240215128292,3.115652123121354,28,0,8,5,34.98338235240799,2,4.010768540886767,No
29,18,Sales,11.829877690931903,6.988814219707862,13.543812974274273,1.406056393705567,4,3.6047627205803687,49.658634776093116,3.6173679013804305,22,1,9,6,18.41655159861892,3,2.824446629648239,No
40,16,Technology,16.374909768308306,7.4760780100536035,19.494166614865446,3.3854239673121254,4,3.4982262954656558,65.16512400735185,2.710347851039781,34,1,11,6,27.56574485155786,5,4.595929762535578,No
37,16,Operations,1.1093331120524936,1.1093331120524936,6.822761627060503,0.6672923895341702,3,3.698969611514735,81.57482052018787,2.2036354383713084,25,0,4,6,34.58711970239043,2,3.735737807535422,Yes
29,18,Technology,8.857956032574757,0.3,8.864901949269129,1.4314850096810143,4,3.6213935827293273,68.76699384651509,1.7802173163296358,23,0,7,6,31.024784337672628,2,3.4229042620725822,No
25,16,HR,2.3214996941167536,2.3214996941167536,8.015398843883974,0.387307353814146,4,4.405285504417298,45.54183913488618,4.294232197078761,7,0,7,4,11.804947384425578,0,1.503540880926259,No
40,19,Sales,5.4179461708294925,2.739833408558139,9.854216895571605,1.6195767805188104,3,3.020239239346839,57.29463595135998,3.3617159857891084,33,1,11,4,16.942948906274665,2,4.501517091038022,No
29,12,Operations,1.7861822377178886,1.7861822377178886,10.215700460093567,1.5770359850852917,3,1.8136114075196386,50.179360626325995,3.395169807614287,25,1,9,8,33.73593353512859,0,1.6279072577868587,No
40,14,Sales,5.658992033219376,4.48437221521046,10.90943973095772,1.7552768201890205,3,2.4078543337607923,40.783724922435724,2.893725736164165,27,1,8,3,32.22526847047166,0,3.3804341401020848,No
23,16,Marketing,3.9809827814623007,0.30988469497714577,8.6550360524966,1.5424945434660169,4,4.296404475626224,49.45734956276339,2.7921227787798757,43,1,9,1,19.15883331761412,2,4.429232622013622,No
34,18,Technology,1.8909984405508098,1.8909984405508098,8.584375350379458,1.36933379521235,5,3.5996601788102116,85.4015126241021,4.118495751576877,41,1,9,4,32.567776219983024,3,3.6756395854612167,No
24,17,Operations,5.378880033852464,3.8147503417832547,6.664724550844555,0.8069171773053225,3,3.106548548808054,68.70879366204892,3.273158054817361,35,0,8,3,9.879725560517588,3,3.0110649345024436,No
40,19,Marketing,8.601716725781493,0.40897014636853285,26.713165805655834,4.2203363357978905,5,4.01082519351277,53.913252905100734,3.3131989086122147,30,0,7,3,11.964383569929698,0,4.2445533691574795,No
25,20,Finance,1.2841679047220091,1.2841679047220091,10.473907773909474,1.5870841550053514,4,3.7276423168555723,53.35981452943615,3.292741183134044,42,0,4,6,34.40822006482122,2,1.1748072653420596,No
24,13,Technology,9.221713005394152,4.597486534117444,12.747402023119703,2.120291847718118,2,4.193517747135575,72.47836866809642,3.6574391214242903,30,0,11,5,37.04978439615795,2,3.7897054506951338,Yes
34,14,Finance,2.1316255002965017,2.1316255002965017,12.440814384451507,0.9154103027853105,4,4.407857981983067,66.64708898987932,3.1738021619935886,24,0,7,3,36.13438315970467,4,3.9926274584962513,No
36,17,Marketing,17.343350742107763,6.994624764503327,16.298880205624094,2.674554585540585,4,4.293297104684563,85.88635697106831,3.898428852447525,9,1,10,4,24.682536137760998,5,2.4255438079150293,No
33,16,Operations,5.920685277779954,1.5006524042049307,23.676135793799798,1.7763351342526241,4,3.8202369264534553,86.06923465514146,4.108163550706479,23,0,8,5,56.75741120976261,4,3.4130442774538063,No
53,16,Technology,3.5372806458464345,2.1164447371662254,10.257540402556693,0.6289719806754662,3,3.5830279163657837,64.04622457290941,2.16526471994325,42,0,9,3,43.16464112049164,3,3.6449914815770676,No
39,13,Technology,23.43024372419945,10.862325762803533,24.403580580487805,2.022593179779182,5,3.6955350595829266,73.75561009356005,3.8909871182442415,36,0,10,4,2.2827890242584994,2,2.6363014137076326,No
35,20,HR,9.380951727472416,3.643712206133006,11.746247569634946,1.2973249354601004,3,3.0086454466850983,48.9702328294485,1.4928172510150477,68,1,15,5,13.265738286451382,0,1.7835573996449634,No
28,15,Technology,1.3593853986937983,1.3593853986937983,8.025265212717347,1.4379732578681732,4,3.996885420800733,99.87683739403718,4.990086144665505,64,0,11,5,24.32739348093601,5,4.163675157032009,No
41,14,Technology,25,11.43334055651776,46.48921089814112,8.445484055075834,4,4.006093777601349,37.06318622059452,2.115531640879356,30,0,15,5,31.386128023697786,1,4.431825067793844,No
31,18,Marketing,0.4139977445116585,0.4139977445116585,6.715235012654647,0.37582658288006,3,3.402014665082212,58.46485092784027,3.384254847528724,32,1,7,5,27.693726129138952,4,3.617855839299386,No
38,16,HR,15.262132083719173,4.064626222460783,24.98072246874067,1.7244860810907572,3,3.282643181038635,56.15243636292254,4.496098147978347,14,0,7,7,14.83149670787133,4,3.8454468340044516,No
31,15,Operations,0.5355627731200308,0.5355627731200308,4.786299255014082,0.2836639952541365,3,3.903910397431957,47.54727136586556,3.5141208147765175,18,1,6,4,43.186150683927835,3,3.332641342432013,No
30,17,Finance,10.917873950058027,5.673202751641975,16.966361376061162,1.6161563134220276,4,2.9076908202908767,65.70206289381252,2.852008337866458,21,0,6,4,32.664825719758085,4,4.5144180152534386,No
25,18,Sales,0.3828473682248229,0.3828473682248229,9.865989997655904,1.3908889934385527,4,3.7054307605290107,40.200613806499035,2.385456361599794,25,0,6,4,7.903302229597774,2,3.4830820532004747,No
34,17,HR,0.3780057157828874,0.3780057157828874,10.262845690136595,1.5512252710221393,3,2.9127632095360143,48.07061468775855,2.5933760776629486,21,0,11,7,16.456115677201723,5,3.265479355526138,No
32,17,Sales,12.357676625808377,3.334279532161094,23.02230687176163,2.2730077295229294,4,2.9070658353286443,50.318822382442406,3.8209338417729843,36,0,11,1,12.652149554024327,5,2.8923118840875017,No
27,18,Technology,15.188466396937327,5.287042858992342,21.633539511206067,2.1345211646360793,2,3.208168525653912,69.66942776902282,3.1020189137908387,58,0,10,6,23.712944713392183,3,2.9781126722023825,No
35,15,Marketing,1.015004972560659,1.015004972560659,10.489165151576934,0.5653362334049508,2,2.8190825313109866,64.50633354317225,2.9018688716634036,15,0,4,5,19.918871052238213,3,3.1132702543524324,Yes
32,13,Sales,5.817926512825794,3.00796359409625,10.816012578088012,1.252322917028807,3,4.811608676694128,66.09769940141683,4.577810077746591,29,0,8,4,37.750883606648145,5,2.9686746020664083,No
32,13,Finance,10.913075826373381,6.827485724912817,8.035335518642357,0.9010243844728721,3,2.506009545566808,67.37027681302695,4.481638880075636,33,0,11,8,15.921791228276788,1,3.5636778039244383,No
36,20,Sales,1.4297923268428618,1.4297923268428618,8.25273856448156,1.4910822569670834,3,2.9769930437833283,63.591654920514145,3.7017607121825384,23,1,8,2,16.298629298295964,5,3.9126063335630508,No
23,19,Sales,5.13408566116042,3.9707980963204905,9.245508904253636,1.2660774352838402,2,3.0976918972604226,72.49208117072948,3.199414666071792,7,0,5,3,41.433536711719704,4,4.109777281888286,Yes
28,17,Sales,2.919216056431116,1.9049660598914728,9.722242092987537,1.2788703490596012,3,3.266129008000769,77.57238015463976,3.881497656272628,74,0,11,6,21.213506325269684,5,3.9353894011035857,Yes
25,14,Finance,1.1706467296752046,1.1706467296752046,15.41455150178268,1.1326985480472622,2,4.981499949103411,90.32380825738714,3.8880715667311905,29,0,7,6,11.49853356743092,1,4.300953808781891,No
54,16,Marketing,7.6990730923553805,3.6084622906167496,12.178408119715176,2.410565872488,3,4.489342506529368,58.57370253559629,3.798044706725636,58,1,10,2,13.277645589399588,5,3.5125261544727517,No
32,14,Technology,3.9548152305181072,2.779387490071769,16.690029053001,2.8051930395512645,2,4.093869946671377,47.7099401074302,3.6919616620474778,13,0,9,4,14.961822099651709,4,3.599575876478073,No
21,13,Operations,0.3726577584859002,0.3726577584859002,9.97774983537193,1.1849130656002755,5,4.205917850328596,100,1.696942103197858,40,1,7,5,22.850828982450306,1,3.1911797881342245,Yes
37,18,Sales,6.718404850916964,6.440881090936831,12.404727072194039,2.303709447215501,3,4.222414925489229,72.9957615602622,1.9003039174491052,41,0,9,0,59.70535982676571,1,2.058133008141113,No
39,12,Sales,3.699427764806182,2.7663641594491426,9.594181379012404,0.9219013169036505,5,3.4044515176946,39.06874346465221,3.204619031914472,16,1,8,3,22.840161649209954,2,3.620642570590499,No
37,16,Technology,2.0875566196148267,2.0875566196148267,10.078865745577517,1.669987860290534,4,3.313355386787263,54.85093030893069,2.5810839741126834,33,0,9,8,11.653763499158812,1,3.006557880714237,No
45,16,Operations,2.9852772115106214,2.2393784340190988,15.674951071615912,1.684818197204761,3,2.783744611324577,54.091447302827305,3.792716031611528,45,0,10,5,28.314228512144346,4,4.452889963717713,No
39,15,Technology,10.335099262699684,6.6314691350594375,18.060004538109347,1.507119905161392,3,4.215357495838024,68.40334514195474,3.008509579763725,20,1,8,2,48.56940621027708,5,2.7252925763343088,Yes
51,17,HR,4.3741628831991886,4.3741628831991886,8.530333730016885,0.9731884392976401,4,3.6159181950786086,64.40104378004249,3.7782281838921237,25,0,8,5,22.798616609077094,4,4.158827515573913,No
31,15,Sales,9.037070055631535,8.254383105854266,14.525572664655797,2.213218153779585,4,4.1970623670899085,61.962591426157815,2.2074825192527285,63,1,12,2,15.235114152596172,5,1.2712379070113289,No
33,17,Operations,0.409392553808117,0.409392553808117,11.58542012405452,1.362792103237982,4,4.60396392751919,34.31642293145078,2.786889062194867,21,0,7,2,30.079657564580735,4,4.187242946703964,No
43,19,Sales,2.086570833722443,2.086570833722443,10.992092998732605,0.7180692141440472,5,4.576473019724032,54.12799141405501,4.130925876968836,37,0,6,8,79.46941217491818,4,2.8451202577935644,No
51,15,Finance,0.3,0.3,9.430085335668506,1.148094427721927,2,4.19421447058842,60.576060766245774,3.377801690768994,32,0,10,3,9.546878452553647,1,3.9348472053797185,No
47,15,Technology,0.3,0.3,5.44256097551805,0.7558911223328266,3,4.993664299666361,59.43718633605671,2.7864068456930724,32,0,6,2,34.26356920584992,4,1.0140994313923297,No
29,13,Operations,9.195953636464573,7.2116732140736355,12.618560896432687,2.1423887149376655,4,3.3734344407084995,51.9233689390824,3.5469184906791837,21,0,7,5,16.27331149108738,4,3.3422118399977707,No
46,14,Finance,1.7199493169469333,0.3264296878618808,11.627640593941756,2.263897932422776,5,2.574763778406835,53.690586285090234,4.509158623358328,22,1,6,4,30.389850210907092,3,2.353088084850434,No
28,17,Operations,1.1322237455174373,1.1322237455174373,9.883412438336352,1.000270268168486,3,3.691107558204254,58.74498142366496,4.485474751837545,62,0,11,6,62.215523480653545,3,3.3383558743807846,No
43,17,Marketing,8.112715921996719,3.7119655004635206,10.941619792681989,1.9561871788522032,5,4.192671335171961,46.41727166578955,2.1371546463291384,74,0,14,5,17.072426698230622,4,1.7268506041789269,No
22,19,Technology,4.397557754501116,4.354031462349114,13.864150619100695,2.0018952008935824,2,3.0094203391010135,79.56057823570214,2.3498156067023723,32,1,7,9,25.880617810912586,0,3.130032601555851,No
32,17,Operations,3.089397942925276,1.9776785516510855,8.404134981668484,0.701422691917444,3,2.6000772202806472,65.41303270959239,3.5948476087204986,60,1,12,2,73.54258501823871,0,4.03916847259907,No
39,16,Marketing,7.4197344283726805,4.391943213012463,11.785830937450232,1.7258007833830349,4,3.6710597665778932,53.688668427574406,3.5974469702944387,61,1,11,4,58.95516413580931,1,3.790807108169349,No
41,15,Technology,9.188337056005318,4.344205727456931,9.931780130195108,1.386693646178968,4,4.1253051627405295,100,2.68249515509672,36,1,11,9,10.25302870926391,1,2.2844548664496798,No
51,17,Sales,2.5901857997194813,1.244669279701028,6.023576165642341,0.8085625085352219,4,3.37113494483701,48.680880610116056,4.189253671147624,10,0,7,4,32.66053784197049,4,2.8961893729399417,No
40,16,Marketing,6.618796022739415,5.863490187098302,7.911664733023865,0.8396808172733389,4,3.600364653184543,88.17096910097892,3.4875082623108367,53,0,10,2,18.10433454546634,3,4.9813492866303175,No
28,17,Sales,1.6868915435210659,1.6868915435210659,9.861920955622578,1.7295100450593184,4,2.3239890815720554,73.28054598346586,2.8160370668211745,100,0,14,5,36.773474253902,0,3.8048231825347334,No
31,12,Marketing,0.3,0.3,10.660962851936556,1.91686127962731,3,3.1776481133584036,73.2823893241277,2.205996760124554,36,0,8,7,17.111670390962853,3,1.8878513504400374,No
33,12,Finance,16.934522393034438,6.938396500386637,15.481916853794067,3.034077293589917,3,5,60.00326960471701,5,42,0,12,3,16.527912259002733,2,3.2611335495087346,No
27,15,Sales,1.4485416171649532,1.4485416171649532,11.564865388370428,0.6097570143596899,2,2.4939020261946796,65.00308733552889,3.5121578317557822,48,1,9,6,10.707163323481902,1,4.054393545599828,No
22,14,Finance,10.443599790685298,3.4425818843746256,14.006758186234988,2.523009960691428,2,4.491595339907034,68.07858160549489,3.6883582337404497,32,1,9,2,33.9704094661631,4,2.300503016931218,No
25,15,HR,7.827715777656822,6.868952732555625,18.72979092920864,3.0460222643304435,5,3.2244904449084903,47.45932111926502,3.0199272806320083,69,1,10,4,30.69407267231471,3,3.246962417826343,No
26,18,Finance,7.740384332860581,2.9146943891343176,13.021345375192137,1.4422932359780805,2,4.4123196852120214,52.041079607469065,4.237587031324409,27,0,4,1,13.04025174248314,3,2.4601298549678527,No
38,15,Sales,4.410718828549481,4.410718828549481,12.677667496870555,2.4451783244154486,4,3.1001763341790345,59.82499154330564,1.7135111897990596,70,0,9,4,6.569330199037307,3,2.4472922616710555,No
41,17,Finance,9.933321406082463,5.87170690186014,11.086107320547619,1.0009093533359261,3,3.7162202972081944,54.79758843858028,3.0180659292600462,35,1,10,10,16.09706452306404,0,2.9528874314196845,No
49,14,Marketing,1.1693158478037178,0.33101488367166915,8.507569288675686,1.185532281519523,4,2.4949139669796514,62.26306286889458,3.0056988151106006,20,1,4,8,57.36631221354695,5,3.1624114256159572,Yes
47,14,Finance,0.644131503621659,0.644131503621659,7.979507592376205,0.7746325402811409,3,4.204562619088389,35.07742729822533,2.330714995166946,45,0,6,4,22.970700947561063,3,3.044383984614084,No
25,16,Technology,1.1310853630156785,1.1310853630156785,6.851861034256653,0.6497172536587307,2,3.9380873794755527,43.94900948849053,3.8039993180760847,14,0,6,4,49.127416865777256,2,4.917015511836006,No
27,16,Sales,2.372083308409077,2.372083308409077,11.282083178830224,1.4450800150163363,4,4.581658815051925,55.73260815792629,5,40,0,10,9,39.07029353131913,5,4.387427819237781,No
42,17,Technology,3.1987050857361052,3.1987050857361052,8.980793154211852,1.1275126137825926,4,5,46.77896398047396,3.2928254660723657,56,1,11,5,10.516006452234661,4,4.095012356293603,No
38,16,Technology,20.658617887427358,8.726933685086209,22.56323643604188,2.184709493168505,4,4.009165855947654,40.205864067801954,3.0031911414383474,16,0,11,4,67.67589551340656,2,3.1146631622989887,No
36,14,HR,9.123663962339041,6.803154172568641,14.796785378499557,1.2068314485227614,4,4.12176158182185,26.496612772063667,3.483196706479696,11,0,7,5,14.171443336432644,3,2.30983966100228,No
22,12,Technology,4.244832811207581,4.244832811207581,10.483554242294838,1.7913061348685086,4,3.097816128967826,63.71146667783123,2.532050117137576,72,1,12,3,44.05791392921987,4,4.080037679681879,No
36,16,Technology,6.241118731318303,0.8541646655471015,9.802369613404915,1.6679906391279735,3,3.4938653409244282,73.30074004467825,2.8841399306830673,42,0,9,6,8.451485242142171,0,3.852408057040395,No
45,20,Operations,9.787639615517758,6.292144902901519,12.212455952890805,1.5041420377972552,4,3.3300481190924156,54.2502270828891,3.296317710129452,26,0,8,6,25.07999421394079,3,4.437622637543698,No
31,16,Marketing,1.8658398810001138,1.5727647224099488,10.04923304191278,0.7228008037625603,4,3.890788896390454,83.40497929860044,3.394070345336738,8,0,5,3,41.676728872184114,5,1.976422083344994,No
41,17,Technology,0.34281456880646743,0.34281456880646743,7.913780064251981,1.2668205108444093,2,5,94.9109062491444,2.2955715258975022,30,0,8,4,10.282529534744008,1,2.503667001508007,Yes
32,17,Technology,1.8679358995541153,0.35514617319886366,8.240537591912805,0.5171925107515944,3,3.1140722627956507,63.277813458415395,3.4933068518698627,10,1,6,4,39.563382684880814,0,1.0836404246725029,No
23,18,Operations,3.7862136907795296,3.7862136907795296,12.887229963435901,1.124650930427357,3,3.3974399597608884,69.32164016895851,1.6806211080092075,20,0,5,1,24.138100993330138,3,3.115798794073779,Yes
27,16,HR,0.4165933791311561,0.4165933791311561,8.045821168741234,1.611521060242687,3,3.8103911080396395,65.7180482393277,3.093124796064774,35,0,6,3,17.34262916587228,4,4.788880742912268,No
36,15,Operations,2.850400571857785,0.3,5.5921044002185365,1.022200106706537,4,2.3943467295598593,69.09648189490679,4.9755537039444535,38,0,8,7,43.66671599705463,4,2.694724592799423,No
24,16,Marketing,0.9768788342155268,0.5415488859778183,10.420309989080566,0.6386344894317442,3,2.873862870662041,61.862241932757065,4.408070947395874,35,1,7,3,15.165718386376303,1,3.077298568491379,No
29,14,Finance,25,8.90275820210155,36.273060477278115,6.851477356823401,4,3.1885984194157095,63.690400086040704,2.212125223442931,42,1,14,2,21.723573062585697,3,3.874988737827157,No
52,15,Finance,2.8202052786057066,2.8202052786057066,10.114782994877036,1.258736178088581,3,2.6015791337086127,59.23888576248294,2.9972363240593647,15,0,1,4,16.853119854775777,4,5,No
34,15,Sales,6.037559955384833,6.037559955384833,16.648938111953,1.534584978949124,2,3.4838093478409875,64.6767298908155,2.494459747648687,64,1,11,1,45.62497079061654,4,5,No
24,16,Finance,1.3823235297052676,0.3716500475156676,8.014271467467474,0.8788273185178315,3,3.1874414099401696,65.0563753935142,2.599742164099789,21,0,7,4,39.99218942156934,2,4.989263011070565,Yes
35,16,Sales,0.6728787995792913,0.6728787995792913,9.638911113888996,1.2100187034907863,3,3.199352831404852,45.69895972393051,2.297894011009327,13,0,4,4,12.07204981936896,0,4.003910216722877,No
41,17,Marketing,4.399708383026773,2.912517357398132,8.915873790969036,1.546677204384749,4,3.298094039753717,62.712420004104665,3.112246919769746,24,0,6,5,36.64269106105737,3,2.1352370755049357,Yes
48,17,Technology,6.5118657567381,2.2617356657499093,10.023202084328247,1.9972191395704917,3,3.3110005137607676,57.32558419011295,3.9968215161964387,10,0,4,6,26.74145952092022,1,3.9428307810099144,No
30,20,Operations,2.023804686369883,0.35020325231366656,6.287380269243517,0.7324134599380538,4,1.4914788303634574,64.62887378470782,2.80030938364054,48,1,11,3,20.446162110498705,3,3.740653853853369,No
31,18,Marketing,0.3115392271473576,0.3115392271473576,9.958879604868379,1.6776965670145523,3,5,52.06653679398075,3.499606867331187,84,0,15,4,23.505035368552498,3,3.5378582304814494,No
45,18,Operations,10.853892942728777,7.775278168958532,18.64657345450459,2.6428738594519268,5,2.6270634290199357,52.955218536842914,4.098526662391308,27,0,7,4,12.792146899396654,4,2.446667381697032,No
53,16,Operations,9.645488131168907,2.9662251429917714,12.351728827130561,1.758194626532255,3,4.688501895470652,64.3417920870107,4.109008925081812,34,0,8,3,33.53893503830208,0,3.403016224720554,No
48,17,Technology,9.107696085235895,2.295029332668271,17.85235908979458,3.233050055975568,3,3.4907716495016152,47.23555737091135,3.560139871195773,27,0,7,6,43.402307918893904,1,1.7257659456033505,No
24,12,Sales,4.2614996904540705,4.2614996904540705,7.643350172232914,0.763646194699546,4,2.3095395466697033,67.48881328816745,4.7016640665791565,26,0,6,4,13.28055931545264,4,3.931578935096519,No
33,18,Operations,1.1418647447878931,0.3792817593165548,10.69938313102699,1.0341603049640684,3,3.2885715426590107,71.06399116420673,4.1951806027508605,18,1,7,4,32.83371051459282,0,2.687070526655004,No
33,15,Marketing,1.1614519068605138,1.1614519068605138,9.75907273253877,0.6610823610669925,4,2.8094826450347847,56.04067757591119,3.60561200351498,17,1,4,4,37.01252713442055,4,3.473416420346994,No
41,15,Technology,2.3076722680854287,2.3076722680854287,10.232280555655832,0.9852103061111798,3,3.8155741763546605,52.64764130005867,2.5108001349106965,18,0,6,5,13.615533487241636,1,4.127679706413852,No
31,13,Finance,4.427798254722254,4.427798254722254,15.098747100672744,2.6882286935621815,2,4.801191743572364,59.709664784716836,4.107701749333777,26,0,7,4,74.45341416247082,0,4.98790550118597,Yes
36,20,HR,3.0282977529001003,3.0282977529001003,13.343043542211674,2.171602873709201,3,4.86462278436025,61.46784470670903,3.506207640464031,28,1,7,9,45.05909015632917,3,2.855673454776504,No
36,16,Technology,14.326969604626152,6.369875056497535,21.555390617456215,3.5202693911399576,3,2.8952535133922632,32.744010815444405,2.6959707283004652,8,1,7,3,28.216476473567653,3,2.9489764508563714,No
40,16,Finance,1.0059554046811428,0.7218195154392897,9.500125089687232,1.2610185915238612,4,3.1856130931341196,35.31304329850228,4.111799802754764,59,0,9,5,19.95935351310747,2,3.7990611685507787,No
36,13,Sales,12.549070922254113,3.063106720253083,15.648207972585544,2.093774108670626,4,3.9839747694701186,55.086815154629164,4.995156745773493,13,0,9,5,63.90940928368556,4,4.337058002194543,No
35,14,Marketing,0.3625153104088947,0.3625153104088947,10.858804827708413,1.8601828339151096,2,3.7198237259094604,62.031113445767446,3.5224950137723314,19,0,4,6,32.21292905044121,1,4.200670605759133,Yes
39,17,Marketing,7.068430398717197,7.068430398717197,16.311557253800437,2.0280316590141654,3,3.3945296789077397,83.49259598965521,3.9870060743822107,26,0,5,2,13.577039105989176,3,4.241970243783699,Yes
49,15,Marketing,5.856956015812806,3.984081601472797,13.790600267448813,1.6826141420541683,3,3.4944043316926394,49.98265758991887,3.090653077176826,43,1,10,4,49.08355294876362,5,3.1659671266182032,No
41,16,Operations,8.495209936784068,6.729956430374396,7.57225641973902,1.3849052668049817,4,4.404559526946991,60.68516452749386,2.5824814363581616,8,0,6,8,22.531758177876643,3,4.040550284293756,No
28,15,Technology,8.008209525552743,0.9288437750751309,14.844705927298541,1.0122175215037228,4,4.011542760376836,88.05349865762405,2.4194086333418805,33,0,9,6,33.0380716485319,3,3.1314149160551,No
36,16,Marketing,2.124372261164875,2.124372261164875,9.859864447411375,0.9618662300143029,3,3.629202765250338,63.99081678974238,3.3258623114886903,44,1,10,7,10.720387753296148,4,3.002872905187804,No
28,18,Operations,3.992878767614734,0.3252660521767732,9.700634072922082,0.7130852212891584,3,2.866872159940443,74.60781938599912,3.0953710169318818,35,1,6,5,3.957035013933571,5,2.0688294895764723,No
45,16,Operations,7.489968160511439,5.257738032452819,12.241765701953918,1.4484842623717873,3,1.7991861541381284,68.84546075956524,1.8928329040374274,15,1,5,4,36.57476699206113,5,3.5069331930029692,Yes
34,15,Technology,9.430196994239672,6.093093520698889,14.537758430905974,2.3923805298847998,2,2.6965412885349194,59.58360052764653,4.190891617705272,29,0,10,5,35.68660711459921,0,3.0345669540068,Yes
32,19,HR,1.9261518740989785,1.9261518740989785,6.703360660779182,0.37395332053955693,4,3.609267897048798,78.3220449516758,2.592062838911082,38,0,9,6,14.997200460437654,0,3.77433466459373,Yes
38,15,Technology,13.287848881668376,8.922758486150325,16.165745156674205,0.9079752678931184,4,4.316268366117457,70.50292395885712,2.2781037952947893,73,1,15,5,22.729631183052668,4,2.1000181155159514,No
34,14,Technology,2.9907848717919654,1.7449649756061325,12.69756452571198,1.6483110983708205,5,4.70608788464162,42.56976278974002,3.6847443991925646,38,0,10,6,14.788078370335471,2,2.737321067838413,No
42,19,Sales,3.3673173423694718,2.2721749622113747,8.180758620994002,0.7398844340804785,3,3.374656366856251,81.33487841671092,3.0037235168208767,21,0,5,7,10.826132053510326,2,3.843539165215843,Yes
37,18,Marketing,11.918635841387886,2.555838518887368,18.431358876375715,2.8655518529289155,4,2.5180346859650076,53.98799827407521,3.326874361719538,58,0,13,7,23.781910727725737,2,4.145680891910345,No
46,15,Marketing,9.086661983634965,1.5589552646339884,20.567616648229347,2.8285412736816204,3,3.890207537348555,75.37084660044384,2.1808800373633663,36,1,8,2,12.8240743896372,2,2.7135312639408506,No
26,17,Sales,7.258405875578426,3.8843146176714893,11.502385830624627,1.1053636831115368,3,4.904004861465092,86.81461336799353,3.679014945894031,50,0,9,5,43.59728013804135,3,2.878155076942336,Yes
35,12,Operations,1.5310792755227787,1.5310792755227787,6.41353144068574,1.0066434698889448,2,3.6874695494480423,74.52332918992174,4.215803938197409,41,1,8,6,16.770983089298362,0,3.364826226352993,No
45,13,Operations,3.095664797952447,3.095664797952447,6.581004829311721,1.2747821443850693,4,3.140285017219271,47.257244318410464,3.380780299724914,66,0,11,5,12.456366677488397,1,4.529448081152918,No
43,14,Technology,3.899883452688309,3.899883452688309,14.297702735830493,2.7586994458825265,4,3.5866498413812984,87.51836994028359,3.302127076169951,52,0,10,5,29.098878452652297,5,2.7867565719537435,Yes
31,17,Sales,0.3601366570740045,0.3601366570740045,8.530878973552024,0.9165993452973012,2,3.209493915087505,42.41698898833272,3.671168790952318,30,0,8,2,16.224411821215316,5,2.3620036619886644,No
35,16,Operations,0.3452710631105343,0.3452710631105343,13.314391521705256,0.9180203460292966,3,3.491152218342033,71.23492404603577,2.295435743313959,44,1,5,4,12.84994101258346,2,2.5887291021542738,No
30,16,Marketing,5.720847117224311,3.659627630416288,19.711400150644195,2.8321784164540684,4,4.790000525031707,77.47508867491084,5,27,0,8,4,29.22191763735719,3,3.5254976871054575,No
45,15,Operations,2.1909079462730348,1.972965761696987,8.13242027087691,0.44447636759344633,3,3.428133143385441,59.67905218626842,3.5985430828205014,22,1,5,8,45.81677522717861,1,2.748601384116714,No
39,14,HR,1.984753429973174,1.984753429973174,13.348003526546611,2.3181257388580936,4,4.016229388223706,64.96624103301403,2.5637748980426593,20,0,4,5,29.773542686387064,2,4.075684349631227,Yes
23,17,Marketing,4.817784358001944,3.530404756148176,14.208186044776793,1.3682505238375353,2,3.524534787566961,54.40544480248916,3.2811705916937197,44,1,9,5,20.15490512839737,3,2.332349286039358,No
41,17,Operations,1.275987153579265,1.275987153579265,12.167670448362049,2.184766927110921,3,3.705328395201569,36.923202228679216,3.278598595681627,20,1,7,6,19.10298090652118,5,2.5832352677676442,No
46,16,Sales,0.3,0.3,9.017664112932328,0.9267042662120571,4,2.4233380895966063,66.88152672069975,3.005151575578575,48,1,9,4,1,3,3.3430402949059586,No
38,18,Technology,0.3,0.3,12.13690427789142,0.6079740298803548,4,3.81423015415662,85.33281955830009,3.298579314836784,14,0,7,1,43.3494033811509,3,3.57253831948892,Yes
24,17,Operations,5.215946697336633,5.215946697336633,9.20268457776615,1.6754834337274809,2,2.785917338132154,48.52996183255577,3.7973644309632206,23,0,8,2,37.01230613840268,4,1.9223274274542912,No
29,19,Operations,9.700443054834663,6.769935185254976,15.584994294566219,1.6192349142998672,4,3.6982754810434724,60.83463137603986,2.7179566440187513,58,0,15,3,29.146825849892238,3,3.362632004174886,No
32,16,HR,0.8734241122625828,0.8734241122625828,9.737102397873029,1.3555837584564319,3,2.9748666097233216,56.41235367654144,3.6029626318598966,30,0,4,6,26.924167398161874,0,3.569755602305232,No
47,16,Operations,13.897945887451913,7.0237809886696105,18.675342416783888,1.7442172785356251,4,2.400051657961732,54.71179492480209,2.7110771729634133,68,0,12,3,37.051885798016045,2,4.046383306877401,No
48,13,Finance,3.1303353463311474,3.1303353463311474,15.348247275798451,1.7021193296710015,3,5,40.441461637410235,2.9356565474498275,32,1,7,5,25.335006890550364,5,4.986251273076963,No
28,14,Sales,5.55968989083551,5.55968989083551,12.261967710002777,0.7402683233740027,3,4.413314751208806,62.846298528339375,3.0070730730154636,27,0,9,7,23.885694917572422,4,2.353521459281659,No
38,18,Marketing,5.436878345323825,1.6853238538181325,11.454188803634525,1.00664247127269,2,4.428803695512623,67.46963035168305,2.995030190684248,92,0,15,4,29.73813147899033,1,2.8136083886228866,No
54,19,Sales,8.005358503722318,3.7431803370080834,11.111659110749988,0.5769068956716226,3,2.396726798563264,38.666425883930216,4.418543677493805,20,0,11,4,61.80152278833299,3,1.9670497271978624,No
30,15,HR,3.7198813308730836,3.7198813308730836,10.474221353263724,0.7846901161156966,3,2.3178159831480265,71.63999895057296,3.79353659380064,46,0,7,3,24.297814596829273,3,4.461304594586421,No
44,17,Technology,3.046823828089868,1.6339541001926263,11.535494066971966,1.6922734153074517,4,3.784074817454584,86.64657056345749,4.162198736247046,10,0,4,4,46.79955286121747,1,1.8170432427438776,Yes
47,12,Marketing,1.1594566635654127,1.1594566635654127,10.290852620765488,1.9284298946199065,4,3.408292587908789,51.58793314482203,3.966804569168953,37,0,5,5,50.81655939686675,2,3.959146667544667,No
42,17,Operations,0.3,0.3,6.386189993692083,0.5179737464434624,3,2.809524819072897,56.46317613889003,2.584931738440399,29,1,6,2,27.29283194011283,5,2.8463339756065147,No
27,19,Technology,0.6700573182605292,0.6700573182605292,11.624398186563079,1.3054611936850182,3,2.9774812713036423,83.23857960857066,2.4891645788198593,52,0,12,2,28.769258495722458,5,2.995539101834736,Yes
21,20,Technology,2.3728635282820267,1.1696655399570042,9.653275691233514,1.7712114571137898,4,2.5152588182383453,44.057821653346444,4.058984417411679,8,1,2,11,25.540457943411365,3,3.9750935262598888,No
37,17,Sales,13.549841320955869,7.483134171749588,18.419567725661267,0.9283409794908917,3,4.093612714748476,63.863019643327156,2.0029327681787517,20,0,11,4,60.54607632924375,3,4.523025170551743,No
28,14,Sales,1.161035338164535,1.161035338164535,10.808921981609968,0.846736873864208,4,3.0974549932993942,26.32868105634403,1.9943369788081358,31,0,7,7,30.069333555321027,0,3.0904400195855146,No
38,16,Technology,2.1573118918262275,2.1573118918262275,9.134349734218395,0.989587710591817,1,1.7085178589441035,75.02159066534384,3.2829329415348822,77,1,14,4,7.0053721198290715,0,3.987435225568788,Yes
26,12,Technology,2.944504190450841,2.944504190450841,9.576872675723822,0.9191973883554843,4,2.2806835136503603,67.97550200777147,2.276024581418724,44,1,9,2,51.0461403710757,5,4.1623372623816515,No
38,15,Finance,3.177180515011436,0.5019236715278217,15.659135166649808,2.650013548511636,3,3.9211454517963813,53.985474440018336,2.6750836360794423,28,0,7,8,13.094142345920353,5,3.664405920146594,No
44,16,HR,0.8759358070746831,0.380480816947561,11.062031410359074,0.6936653338582119,5,3.179498205496597,49.75050430883263,4.974251812609135,31,0,8,6,45.93153029348789,5,2.1861002520318564,No
32,16,Marketing,3.223046186590429,3.223046186590429,9.560989654643159,0.47872477355364534,4,3.6052704153126305,59.57473312517968,2.692287598587511,31,0,9,6,23.031253665708984,5,1.6174150564229854,No
32,17,Technology,4.682569750775728,4.682569750775728,13.753414802755392,0.9280558901884742,3,4.299682100003522,68.74052598849894,4.416266549014731,28,0,7,3,43.29265649576235,4,3.3089444189927746,No
29,15,Finance,0.9834799647606651,0.9834799647606651,11.022753990782702,2.0603519442803675,5,3.6935011132083737,58.11376817604345,3.712542468801475,32,0,9,3,32.4166253949628,5,4.226171316269525,No
44,14,Sales,3.819681258424475,1.1121447158095528,8.59705286970893,1.0163143237125194,4,4.101881714661708,58.90441821092496,2.9222950380869523,29,0,7,5,15.533937431042986,2,3.59977992973255,No
30,15,Sales,1.961101746476307,0.35277176738704696,13.933968294803742,2.213499650959009,4,2.407724241028494,80.64637658038856,3.7063955647391458,43,0,9,1,41.7924959226395,3,3.0782390521344043,Yes
27,16,Technology,6.738591588865392,0.36390538464533373,18.458523992096435,2.347549032826448,3,3.0440020970368984,44.11875731483464,4.294216165438469,30,0,9,3,30.395773395762397,1,2.7353486918688543,No
44,15,Sales,10.397148264736826,3.472197629687671,17.409819430781265,3.308446144951329,3,2.008688234686264,66.31616638175998,3.5855184193146634,28,0,7,4,16.301899397761815,0,4.077843511543842,Yes
24,14,Technology,1.2673732077963096,1.2673732077963096,11.32978080267,1.9652606610546302,4,4.39959402006804,58.31033824586688,2.421410229298342,49,0,12,3,22.09674757317194,3,3.263266483801615,No
31,13,HR,0.7723983200034542,0.7723983200034542,7.126604638888714,0.5024662409814312,2,3.199830490314297,73.04888494914304,4.981861289297564,39,1,6,5,13.255234826284703,3,2.3630975421301943,No
28,20,Sales,1.00688513621862,1.00688513621862,7.449069233386023,0.6805087990415395,4,4.4120883924465115,73.5958564939048,3.705690159189638,40,0,8,13,31.014316014444834,3,4.596782009823668,No
28,18,Operations,1.1530757473686541,1.1530757473686541,7.430094408340947,0.4775642150761861,4,4.114507778704983,31.537618939584988,2.9592512511881766,42,0,5,3,25.430061575586514,2,2.5627453163310614,No
56,17,Technology,12.707922439752716,5.160533703723163,14.618542635817109,1.668788857349897,1,4.974128041533149,34.19149883895504,4.704613516114203,14,1,7,3,21.944380365704536,0,4.984529232521754,No
33,15,Sales,8.878877858282225,2.4637561365064204,15.335224417860285,2.397147831505001,2,4.101344482946577,62.58899757038497,2.9946660328871935,29,0,7,5,79.92606484474298,2,2.3724850082877764,Yes
40,15,Technology,6.216712145995289,6.216712145995289,10.822837903812106,2.12415498931943,5,3.5937539733783535,73.08468027065275,4.594822656365238,34,0,8,1,15.6067227888787,0,3.183958132700007,No
28,14,Technology,7.207954841236754,4.495490782066166,8.502567185072369,0.8947051048598842,4,3.1050963549405024,55.72538911775087,3.525310112444078,37,1,8,7,19.409803514258847,3,3.5204037608455874,No
32,17,Finance,2.69062913686893,2.69062913686893,7.173782078156787,0.6070874079169112,3,3.0957679254626447,56.735646237785,3.9798905033216996,38,1,9,3,39.45266488284362,3,2.6298665039237408,No
41,16,Sales,1.0624496681430184,1.0624496681430184,11.260577832511457,1.094095077118335,4,1.9743040884036636,15,2.325263272302226,53,0,7,1,35.324572298464354,2,3.7448357544827964,No
26,17,Operations,1.536471247467769,1.536471247467769,7.30240218373629,0.5316735545975727,5,2.675007210750231,56.867930645267215,1.0017651794023945,17,0,5,2,18.859074615106707,5,5,No
41,16,Marketing,0.8655791313502523,0.8655791313502523,8.838439179823984,1.637688424896251,3,4.3809159694812605,41.78924346432758,4.10460906213538,35,0,9,4,26.624618339747695,4,4.488696881137663,No
27,17,Finance,0.9554307931524019,0.3,7.741029817040505,1.2535668455184266,2,4.406497456305794,69.65723081870557,2.8942374443493275,37,1,9,4,38.465903068966725,4,4.9925527624688035,No
28,13,Technology,17.414434498664928,6.5950590170495005,39.60293650858473,3.5430722302491606,4,3.208767544056694,74.92933664967326,4.532871051053446,17,1,9,3,48.79876223075302,5,3.7986723488398813,No
30,16,HR,0.7286015400360437,0.32435683012484806,6.982210775552693,0.6328644148650948,3,4.6892484733732065,54.23484996431757,2.883374103089324,25,1,6,4,49.537863094510556,2,3.4543781859929146,No
33,14,Sales,17.356347683207808,4.643521962048114,15.622475168718829,0.8217546802896136,4,4.440156798240111,76.26595675916712,2.9649644028764173,31,1,12,2,29.08743372412405,5,3.0946548972967283,No
31,13,Finance,3.5387584567344366,3.5387584567344366,14.542923341585999,2.1845788166426057,5,3.9735407855562537,66.29188796920025,4.504824115940901,36,0,7,5,75.29610351571466,2,3.272554277923044,Yes
36,16,HR,1.0351126220018838,1.0351126220018838,14.80746212617232,1.6455815700129113,5,4.202213514381786,44.79551773345455,4.0819355034686975,13,0,4,2,23.868479963560922,1,4.133133460452018,No
39,19,Sales,11.850571293152656,4.885217653548831,15.822171772842095,1.5937556486331492,4,1.8905886163761163,59.584427304464114,2.0061317262412652,47,1,12,3,5.648041659893224,0,3.2811382834494744,No
35,19,Sales,0.41584549409040256,0.41584549409040256,10.900539596919478,2.146322990226399,5,3.891820283976969,68.12733518341223,3.820433978937305,52,0,10,2,17.881230550202442,2,4.023185718218676,No
44,16,HR,2.959488699050606,2.959488699050606,8.311634730080529,1.5461802222814054,5,3.7055257747071657,37.85304260993381,2.21327943576268,82,0,12,4,57.244309293559944,3,3.400250468381318,No
32,16,HR,2.063276000745677,2.063276000745677,12.257976551007436,1.8354763068149509,4,2.38802047414443,67.69769346065489,3.3040442211763676,29,0,6,8,24.901907097001498,3,3.6670775415736534,Yes
31,13,Operations,2.1860191311269457,2.1860191311269457,7.578825826643722,1.2385377742062869,3,3.8327518614484,52.5786969384363,2.3098731835313093,47,0,10,3,22.992667903914683,5,4.656261084407618,No
36,15,Sales,5.705235425648709,5.705235425648709,9.832542125240511,0.8052516304611488,3,3.8035580985459974,52.64789991080327,4.50671624825434,61,1,12,7,28.837723061515693,2,4.679948579653578,No
37,17,Operations,2.582912371149919,2.582912371149919,7.3064880279464886,1.2000814023511306,2,4.19061856352401,51.131483694327244,2.4078546390261897,21,0,7,8,29.56260710040871,5,2.888754074722618,No
32,16,HR,8.492781651901142,0.31204307720781504,20.30274344861906,2.063061134026856,2,4.9562995862135475,68.12017672262773,3.6865545497361016,20,0,8,4,40.06029970386218,5,4.5591264412378525,No
36,18,Operations,3.9730756015019466,2.525258300057857,13.411256345186734,1.4623565049549851,4,3.1876193383944798,40.701963015783676,3.3812190683086065,13,0,4,4,66.77620669853889,1,4.101116850718656,No
41,15,Finance,13.051307737423876,5.574591997109947,14.509408129034027,1.1982207913360836,3,4.274037017753445,52.47367877049099,3.20895951006096,45,0,10,2,11.973504736982653,4,4.436728412860767,No
34,16,Sales,12.667763228395007,5.609173909374926,17.12869065407476,1.8712470533863466,4,4.195386907107062,68.02856982202259,2.212238992475182,55,0,11,10,22.552774314144582,3,3.567702373022718,No
33,16,Operations,8.268679855108727,3.951461610188816,14.813003671708966,1.5800765900925768,3,3.3960729628735424,59.6736421205729,3.599376159320163,44,0,10,2,19.212003502273866,1,4.434141163858346,No
59,15,Sales,2.643332691769165,1.2834622341342374,11.147643208767652,1.7264698115569703,2,2.6243826679095235,86.01031339330008,3.211231738384344,38,1,7,3,62.6275470064188,4,3.325883245733382,Yes
21,16,Sales,3.5515462022010573,3.5515462022010573,10.57443368135415,1.774271019826661,3,3.0901607743063226,90.65371882816505,3.8843553612381405,41,1,6,5,59.04366266540275,1,4.536831408314504,Yes
45,17,HR,1.0567688085628608,1.0567688085628608,7.789338601370268,0.8340219209655587,3,3.7239182282366614,42.44642771521372,2.2069046882325405,41,0,7,2,11.303099503132449,3,2.7341338227473475,No
39,14,Sales,1.9146524766233755,1.7355057715434306,7.065770919296834,0.5992265900585096,4,3.6022539634797357,64.86847216319879,2.3114661810650734,35,0,7,6,14.335933244440039,4,3.8176426515884145,No
32,18,HR,0.32499620473165647,0.32499620473165647,10.604611861058142,1.5521047141653248,2,3.7896491416189604,90.34375346367811,1.9987570970745783,46,0,7,2,63.38692534478849,2,3.3179205781070777,Yes
33,16,Technology,4.0498289974482296,3.318548467371093,9.467650198393308,1.9144911886019627,5,2.7990021854246625,45.994268211818884,3.618165875626805,41,1,11,2,5.736369018868248,3,3.9780563304757566,No
46,14,Operations,3.3893121194395937,1.7415171873420097,8.756200406963867,0.8245623482852422,4,3.993940562436821,73.96472445025198,2.703719910186723,13,1,4,4,28.448260291461818,4,3.980319282392012,Yes
43,18,Finance,0.6398540068768105,0.6398540068768105,9.194208380733311,0.48647714515192375,4,3.761269092732819,60.06994678427315,2.883910028172964,16,1,8,7,58.02017757191398,4,4.774003065792486,No
46,16,Technology,1.8887115602704478,1.8887115602704478,12.286366152798955,1.1078264522223196,3,4.200068724612928,54.07694157225193,2.9021489700089216,23,0,5,5,11.840335804104782,5,4.998620141575137,No
47,15,Sales,2.450888090955308,2.450888090955308,7.4068036596620805,0.8656885893622202,3,2.517322279959257,53.90006828185521,4.323029075721717,28,0,5,4,55.56028600143231,4,3.535752361134369,No
29,15,Sales,5.0334048701746115,3.772885768212996,15.214112491918662,1.685411120596876,4,3.5114839370090833,75.78694334606445,4.074829878977346,46,1,9,6,53.13542145608463,2,2.786830897459276,Yes
21,16,Technology,4.208942995855216,3.0706812277592843,9.979120669577874,1.0617751124819563,3,4.201967555256825,61.67356687279108,4.007301072102131,11,0,4,5,56.53266640628144,4,3.7922365711411334,Yes
34,14,Marketing,0.9033997431932028,0.9033997431932028,7.904275181580533,0.9964509349379618,4,3.028045492801783,48.3968601785656,3.4938539005396967,26,0,7,4,16.551515962281727,3,4.524446210310272,No
41,15,Sales,1.1767813632802282,1.1767813632802282,7.570633763194754,1.2043217709762744,3,3.3830845578128352,35.121693697867954,2.985397946830567,28,0,6,4,44.93684271841027,3,4.405815161459116,No
55,16,Operations,3.751965326720144,2.49309682424839,10.74571093794385,0.8397989132698096,3,4.790984308298282,48.324517269498415,3.9176572125506985,23,0,7,1,27.382331711430588,0,3.281184508474561,No
24,18,Sales,9.530955997458667,6.401027631898176,14.243000422329514,2.1689642677097787,5,4.876990061469996,32.18813891556925,3.6898527260550535,5,0,6,6,5.462883432790533,2,4.4713249983195436,No
24,19,Sales,0.6758921121173227,0.3,11.699639104538457,1.4514002541282074,5,4.098378015716148,79.52690910309789,3.6696700182051094,15,0,4,6,18.856403868505787,3,3.606363152905185,No
34,17,Operations,0.4403856142733982,0.4403856142733982,8.39219516601245,0.7276209480553365,3,4.214426668525398,40.16686870953133,1.6949771108107519,54,0,11,10,14.303654749952944,4,3.072996384734056,No
37,14,Technology,3.092553265709929,3.092553265709929,12.917809244122518,1.04654725231209,3,2.3054660880982016,60.16808413001616,2.6178787984049445,11,0,6,4,39.39502286543347,1,3.148255195958439,Yes
43,13,Sales,4.117358655878989,4.117358655878989,9.332661995089898,0.6346879812921776,4,3.282477257389445,83.22812819670307,2.702985386338954,41,0,8,9,79.96750864859939,3,3.0279185238954307,Yes
40,13,Operations,9.326303530562049,5.792309260631259,17.88184998727658,1.0261086693407269,2,4.093456279829437,32.51801862302857,3.691592406152672,36,0,10,1,30.442389631477425,3,4.368132227232079,No
40,15,Operations,4.795208280780594,1.1364194318910181,8.411164300684003,0.9753173777724512,4,4.2924804241657375,57.02919389685728,3.974689733845279,82,1,12,5,33.7063108769244,3,2.4616995843613316,No
33,15,Marketing,0.3,0.3,8.658783177481292,1.5312278739526783,3,2.5275620008998945,52.37803440546814,4.206360895199927,62,0,12,4,31.533087300120755,3,3.4821008540255534,No
28,17,Technology,6.0384953835194475,2.6025706433035065,10.090966307428467,0.6052875795497776,3,3.5971070935846807,44.990751608656176,2.1620206405097835,27,0,9,5,6.838236697067241,3,3.6271976070521794,No
44,17,Marketing,1.9326057743740341,0.7390143723063067,6.940052982534097,0.647553511490369,4,3.2940084128395406,51.88940819170438,2.5219682275030024,47,0,10,6,19.755757315530744,3,3.0450348238494533,No
27,15,Marketing,0.9774757193049718,0.9774757193049718,6.830659034121591,0.7723363650600519,5,3.8057682331302196,68.57465925891576,3.8213621614029494,24,0,6,7,14.750533503826365,5,2.905152265392339,No
32,19,Technology,13.479361653513065,5.864768882528958,15.066795608638111,1.1480426429573294,3,3.871738839096666,61.3646524663144,4.003460820584239,19,0,9,9,27.76060864238182,4,4.048688574558532,No
32,14,Operations,0.7116708534656744,0.7116708534656744,6.681658034553686,0.4082603052325765,4,3.434361054252139,61.06443746985481,3.414083711424757,71,0,12,8,8.2147637845802155,1,1.7726013938393128,No
38,18,Operations,21.631943579350992,4.99612707978067,28.33252767630175,1.4632993488259323,4,3.386621264912771,58.858104655270225,3.83048949149621,23,0,8,5,25.04585984620207,1,1.8616656619611316,No
41,17,Marketing,0.6115622942941629,0.6115622942941629,7.821802657199225,1.4685657496850226,5,4.090969246141091,73.43990525097757,2.7794866553814406,23,0,4,3,43.03644272592813,4,2.5633346843588463,No
41,16,Sales,2.0199483557970965,2.0199483557970965,12.929933751523201,2.388166897197103,4,2.303135002701494,71.37208192288249,2.679985824727362,13,0,5,6,26.760389747392303,3,2.590779742459297,Yes
36,18,Finance,2.5866159556415296,0.3,13.060041354365495,2.546780249725934,3,4.9729460457487695,43.12320926339179,1.7043490130379102,77,1,12,3,27.53264643229157,0,2.4022599235273527,No
35,12,Technology,4.701732609849729,4.40464394268631,8.71734567185688,1.3185303437277431,3,2.7325274531968566,45.05707535626259,2.823995828270398,21,0,7,2,14.996798411910403,3,2.701708929571381,No
37,18,Technology,2.0392692508224144,1.4093185398551213,8.811434795016647,1.0994824712525322,5,3.009677617181383,86.18223046131509,2.0839561426772337,57,0,11,4,42.83790612037007,4,2.06420934555804,Yes
31,13,Finance,0.3,0.3,7.356765877400326,0.9159436585420767,3,3.3763122185365297,40.642050621989945,3.1043053304571155,10,1,6,2,46.347472555975436,0,5,No
26,18,Finance,10.716300192627344,4.117565717133275,11.459017995648676,1.9436762398486138,4,4.384718992143413,58.146106269017345,3.0787368937377466,31,1,8,4,25.868919425832495,5,1.7108588470875308,No
26,17,Sales,5.390075215494375,5.390075215494375,14.43671277519927,2.532035950924618,3,3.4866073498125587,37.722660524794875,3.6129347404590932,39,0,7,6,25.612053465650483,2,3.0267037387905598,No
44,15,Sales,0.39785563180142425,0.3,11.063255121471972,2.1770190661805082,4,3.4975587612893904,57.65571584411646,3.2112598701342883,23,0,7,7,17.64829458241621,3,4.2916042841040865,No
37,17,Technology,12.394768744518412,8.423666315508205,20.24174189650956,3.368306667147007,3,2.301540402384253,71.07353323179593,2.0779402632351403,83,0,15,3,33.250554342519116,4,2.815896875846649,No
36,13,Finance,4.176811409561074,4.045152310310605,9.939671093364439,1.4241196851656868,4,2.66459885416905,66.0375347490117,4.172077672077676,25,0,5,3,18.648749580362846,3,3.821089622679302,No
49,16,Technology,1.6848037848379027,0.3,5.819556313866334,0.9638433154809997,5,4.39057392030991,44.14576531535496,3.8061600435397445,35,0,6,1,6.182456581567827,2,3.6645190985716654,No
29,17,Marketing,0.3432993816673876,0.3432993816673876,8.308102903056731,1.2441998734503166,2,3.126081486515985,67.2186510185377,4.5991280395249285,16,1,7,1,28.943076598614283,1,2.764423486409719,No
35,17,Operations,2.4187173030526914,2.4187173030526914,10.810321619424624,2.0993780332655403,4,4.500606118908574,50.256954309873514,3.115859432201085,25,0,6,3,30.139307583941434,5,3.873276347808249,No
43,17,Finance,3.481217655208851,1.5364507901316677,9.079789856024776,0.8183741679047416,3,3.09889480658787,49.61442291291038,3.8023413829684087,13,1,6,3,37.00619333185056,4,3.2003179176001963,No
34,15,Technology,13.94004678171107,7.791962539581312,14.816424787939317,1.9360411785535745,4,2.7249337854780595,74.17496488106963,3.397579675135812,21,0,9,6,57.16028590136534,1,2.6248892194577977,No
30,15,Marketing,24.523329057667095,12.129285372356078,41.2751102551313,2.93070635656628,2,4.1103136816831665,52.48560931536292,2.5911642730199684,52,1,14,3,45.54092171361282,0,3.275860145940534,No
42,20,Finance,0.526594040634983,0.526594040634983,9.32479604673979,0.6339675209424169,3,3.7998860870690674,42.29141328050076,3.085849376549742,51,1,10,2,49.964622987404006,4,3.85930886815893,No
50,16,Technology,0.6564259009517602,0.6564259009517602,10.941726098726035,1.4751654944049137,2,2.4809837023096764,60.419803248891796,3.084173316534258,47,0,6,4,18.105468399934153,5,3.7951788342440187,No
39,14,Sales,0.9176346164052774,0.9176346164052774,8.243079229182827,0.5873214729352115,3,3.2031550306411516,62.226613572437934,3.2159719021634157,8,0,6,5,25.117897924550373,0,1.8746254051537907,No
49,14,Technology,10.633684573253818,4.859284799926206,12.50908510522711,1.5641979250360125,4,3.176235420265971,56.028370236191016,3.577810728727694,78,1,14,5,7.447045996274892,3,4.391584992872137,No
44,16,Operations,6.036145110267124,1.3554575969649358,10.235747917138063,1.839199251745636,3,4.689823270730555,77.55904612238069,2.2421603098218426,17,1,9,4,5.596079401659447,4,3.9032779860493227,No
23,16,Finance,5.9736607477735815,3.67950043773865,10.778823810945422,1.207108281135267,4,2.9301274416399132,55.28737507407789,2.8849499251914352,12,1,6,1,9.913451225674214,4,3.4801360170759117,No
27,17,Sales,2.0979625489818496,0.34854701472885424,8.056643929120307,1.4603055172604391,3,2.4073454249667217,48.544075007776584,2.0963655922160194,33,0,8,5,19.60257788917996,0,3.2976561311390493,No
29,15,Marketing,0.34987411965087506,0.34987411965087506,8.366167814068932,1.2211680456233256,3,2.897200655253365,70.52041965659028,3.22330368083119,24,1,10,3,39.17047655062514,4,3.5591510725112117,Yes
21,12,Sales,4.938835050335172,2.2050847751706084,12.430266216684537,1.5756486162090808,5,3.6158692882283825,83.01264263978527,3.508857932100803,35,0,9,3,15.333705445687919,3,3.5764534804980905,No
40,20,Technology,9.453374237222086,1.378484520190207,16.820284233315395,1.3356653399345002,3,3.3061768035891825,67.22843444749869,3.1022050730914574,15,0,7,4,39.36175411935647,5,4.366738256767697,Yes
40,12,Operations,4.816848897419017,4.816848897419017,13.622296345359658,1.5764829871976973,4,3.5057301654443176,75.07275227228679,3.1651423664733045,8,0,6,3,41.20768379666314,5,3.8866936948222586,No
39,16,HR,1.9245760857630716,1.9245760857630716,7.806156635844627,1.5780979523558205,3,4.0238046924686195,78.49175454607051,1.2795185824971858,32,0,6,9,26.143084124233486,2,3.9963489209577236,Yes
41,17,Operations,0.9865669237403853,0.9865669237403853,8.957046684589164,0.9049467092037606,3,3.709279040423286,51.925609069350095,3.205243901303599,25,0,5,3,2.9510446189264408,3,3.6771018583026085,No
45,18,Technology,21.618712774197927,10.660049198585275,21.532323061070933,3.4714400375664276,3,3.027423041353269,39.03576155563711,4.2043500101584135,21,0,8,10,27.05684012424068,4,2.456689746757355,No
36,18,Finance,3.3188772529777157,0.41317453941283494,14.059918559129612,0.8004252557790522,3,2.793327198462155,73.3868723198032,3.314427379815514,45,0,9,6,42.79233193252591,5,2.343178380719151,No
43,16,Technology,7.5101950198139535,0.3,10.504082287711174,1.9190576175557046,3,4.080711872928092,75.75923548483885,3.4070221422973406,53,1,11,5,14.14030045278662,1,2.3530640439900146,No
32,15,Finance,13.4778001771225,6.54955925500755,8.774760395879758,1.7169078327596388,3,4.0002181028012975,57.93953051127291,3.102185430362744,14,1,8,2,12.075759803638132,5,4.6916995956887675,No
32,18,Sales,2.3676149782693323,2.3676149782693323,14.347643278873692,2.3566860049394673,3,4.618403875976133,88.00632634244498,3.3369538114615316,29,1,9,4,25.214212753415907,4,3.6006619224267267,No
27,12,Technology,10.135012746912258,6.196277498775493,12.475899697340822,1.572680538193581,2,3.2003113107677033,75.57682066760303,2.5308272335583917,50,0,5,3,24.39479468825225,2,3.9076231724637207,No
38,20,Technology,2.135329517831335,2.135329517831335,9.084398830412589,1.0840704176259204,5,3.394412695516508,72.04073839545902,2.2988168502920976,30,0,9,4,30.57462722106367,3,4.502017305079402,No
25,12,Marketing,2.594584128399116,2.308222926207965,11.5582154553955,1.989671413949808,2,3.774083995741072,58.37629073139134,2.814606530151313,43,0,9,4,18.549747253072017,0,3.484356251771071,No
28,18,Operations,7.869872484251861,6.721734813820031,13.99086265546711,1.0391492031737324,3,3.6349803126065487,44.16672261629141,3.48593503119078,17,1,4,4,14.407470506636278,2,3.089730547422625,No
29,18,Marketing,3.674742097826915,3.1679451864102686,8.754155772969657,1.0444770633546032,3,4.985641197033809,56.1299610011103,2.5857693233813968,30,1,9,7,10.034845159262197,2,2.110991023272477,No
40,18,Marketing,0.3961572395742032,0.3961572395742032,9.533626946058599,0.8292956229975961,2,3.3962359021889577,57.39813443020936,2.6243777544403017,53,0,9,5,54.76662697953676,4,3.766713903719737,Yes
28,18,Sales,2.213405604705671,1.9311751964235688,8.320077548512304,1.357013599100945,4,4.3724508799752755,75.46080471808281,3.3987948985948697,23,0,8,4,13.309466900236023,4,4.058961407004474,No
35,17,Marketing,1.02726135528262,1.02726135528262,7.795298573933372,1.329685850045254,3,1.2998942163175378,83.62584452093142,2.5118798047644866,15,1,5,1,16.86091783601562,5,4.6759621185732705,Yes
21,12,Finance,0.9247246068368891,0.9247246068368891,10.94279643351997,1.9170727143708877,4,2.702824573027095,61.07965627536819,1.4999818080143454,25,1,8,2,37.47098058952973,0,3.9764319673362696,No
43,17,Operations,0.33436562740681397,0.33436562740681397,7.527580349783317,1.286729484405754,3,3.9066664144367187,63.84627656757963,1.4873303904416342,37,0,5,4,30.92878871825079,2,3.4060204411111923,Yes
26,16,Sales,5.693679555815364,5.386419172739285,12.833132027534639,1.5950921915216876,4,3.996424068222678,47.67088015800893,3.222297296250886,44,0,9,4,50.41281239683345,0,4.663993775537959,No
33,16,Marketing,3.512431362255578,3.512431362255578,10.42358816350828,0.6881171166610992,5,4.893614971116924,70.66950778798903,2.8855700054491282,46,0,10,4,40.184408252744326,0,2.3947382806713278,No
26,19,Technology,1.6351501941083835,1.6351501941083835,7.773381541423886,1.0039965894598988,3,4.201423530699236,73.100061001172,4.012004246727433,35,1,8,6,50.98120814423837,5,3.7052883567889725,No
21,20,Marketing,9.644938873835969,3.4792144711325923,11.174097752101822,1.9193133903102104,2,2.99809999761134,44.55004570439557,4.101865024521864,32,1,10,4,24.09381616725586,5,2.7044557126072064,No
39,13,Technology,11.869218794973479,4.393619038391437,22.799865943103438,1.2205320958073442,3,5,47.00611167913187,3.211219503007536,27,0,8,10,37.1411416770445,1,3.9934274723023586,No
21,17,Sales,1.1968949280500176,0.4740056443813135,7.178905597572688,0.5102689289250139,3,2.9195546086676316,34.256111021880926,2.4206564629084704,59,1,12,1,6.733207205842461,2,2.8569263329679266,No
30,19,Finance,1.506754986303417,1.506754986303417,8.545594518850008,1.4104846644761175,3,2.827030987430788,47.92272813767972,2.7787433131379644,22,0,4,4,19.46724497410475,1,2.269549628664738,No
32,19,Sales,7.1317540548671,5.56063845358491,16.243594483843804,3.0008592674523777,1,3.716116009519988,63.91211046840926,3.6927306544594813,19,1,8,6,34.28916356146071,3,2.531764551445074,Yes
32,16,Finance,25,7.562737488226629,22.798397454179707,3.922700562948861,4,2.989411054517964,46.90897050243348,2.5996342048476677,42,1,11,2,11.114550621358111,5,4.17913491261907,No
38,16,Technology,16.564069684244657,4.334825704942774,21.375726579402485,2.5431565807142578,4,2.111091936128956,48.842334541730885,2.4896251170318515,65,0,13,5,28.632845851323207,3,2.8649398129476844,No
43,17,Operations,4.337649976475064,4.337649976475064,12.322942563389411,1.142463036252095,3,2.4082011271793013,22.827722722655103,3.2866360404758046,34,0,8,5,21.909584646629856,0,3.8854191965581952,No
28,15,Operations,20.07911984360878,7.492110325781546,29.808970298183915,4.715818963098639,3,2.486133053960257,80.88460858493838,2.907351858177129,34,1,10,1,12.148251073964259,2,3.8213816454643026,No
43,18,Marketing,4.7915391724401815,4.7915391724401815,7.435465304433584,0.96762505153432,4,2.8841739859000883,58.94485160278316,3.687819425214286,44,0,9,5,7.975956984760705,5,3.4848106463019692,No
25,14,Operations,2.008849706630369,0.3077468554841944,10.373254748659418,0.8449251244678366,3,3.588103784989091,40.81015503529465,4.592995528344025,14,1,5,5,28.491696427502433,5,4.082172912256225,No
40,14,HR,12.563858865745932,5.736551377198171,19.277322715170648,1.576447800641225,3,3.4882274579766936,46.23661432042381,3.287657943865666,20,0,8,4,27.72329205814456,2,3.560901919721483,No
40,14,Technology,13.33239517533449,7.779149186130579,12.71630718776318,1.2067567570572273,2,1.692191875088627,49.632438482397255,3.5155608841630936,41,0,9,7,37.88694547788956,1,3.0029071197297332,No
21,13,Technology,1.155532478767622,1.155532478767622,6.982120401047389,0.6502942758991274,4,3.4980076320253257,51.771704115082684,3.179293844972429,21,0,5,1,17.78508192651852,3,2.247236985311699,No
32,17,Finance,5.5518843378182785,5.5518843378182785,12.332302872418772,2.0818248151621317,3,2.4857297566662595,70.05332045927793,2.41265980603187,28,1,7,7,3.322876725132711,5,3.211768848772016,No
37,13,Finance,5.859897301854595,3.567125156641946,11.912653142692335,0.817283462389442,2,2.123631951818639,59.56515563486101,2.8296827115212637,24,1,7,3,12.643463595061851,3,3.152531911360215,No
21,16,Finance,3.3141858382304887,3.3141858382304887,11.449422290341117,0.6483715128973425,3,3.603026052343168,60.78303964892956,3.493122580699936,57,0,12,4,47.96070659129118,0,2.62099374661725,No
41,14,Finance,10.09951290940841,3.6200712251046316,14.777343028361491,2.639319426279545,3,3.489563318776041,59.11249833255056,3.7184623423399352,17,1,7,4,14.273027429801829,0,3.856523565279547,No
37,19,Technology,3.9675238735160265,3.9675238735160265,9.474665449853468,1.4398294999287784,3,3.3898193317891026,85.8403461832074,2.379659084066367,25,1,7,5,28.136142661132816,1,3.2740521954705066,Yes
21,13,Technology,3.7920608634240636,3.7920608634240636,12.032351112306422,0.8076975907044828,3,2.7981277362504406,55.07512415599618,3.292889463085869,39,0,7,2,23.452511524106168,3,4.524075468718342,Yes
24,16,Marketing,14.53822987242038,3.969270434954062,15.568138254533533,2.132628132915771,4,3.6301142919852913,57.269378362981946,3.9016717909868075,16,0,9,6,12.104810889639197,1,1.7263237849654258,No
32,15,Marketing,7.419404090065052,4.1789693552412315,19.566612460506732,2.547865053772263,5,3.8819635779620465,69.61773097279354,1.8919636808567113,26,1,9,7,27.21510486196426,4,3.3662728648177844,No
57,17,Marketing,11.543698488125179,7.618423018449944,13.714597708434368,1.1624049168704815,3,4.085732710873961,35.71110330825796,4.086009465785375,22,0,10,5,18.634323332555446,4,2.283917262789061,No
33,14,Sales,1.2223656444551427,1.2223656444551427,5.59636717040336,0.5949808672671474,4,3.5109472372485544,79.08184126491874,2.4807167942349464,25,0,7,5,44.18091611410703,4,2.8004033335644642,Yes
31,18,Operations,0.46506713830724045,0.3,10.003567077567613,1.6524760742032598,2,2.317145430546181,79.36078604390835,4.106195142121873,6,1,3,9,7.127591365772107,3,3.287158836934478,Yes
36,13,Operations,0.39543370380223974,0.3,7.297373254867049,1.1323121792016013,4,3.375440955268703,59.969894334733446,3.782498683034863,45,0,10,6,53.88111716418039,3,4.746808200924041,No
31,17,Finance,8.09174090223118,4.398248031970064,11.454106899594263,0.5903333278941104,3,4.714250352023911,57.44490631854474,3.5114371538865767,34,0,6,6,63.84055563626053,5,2.888547356377203,No
40,16,Technology,11.67513884342568,7.969266900581441,21.50529717102417,1.3768214390661253,5,3.605803647283939,37.82158383195185,2.5043531294056036,42,0,7,3,21.405249427141758,2,2.1329933049266407,No
35,15,Sales,4.6043771194314465,4.6043771194314465,8.54685141259575,1.4951409047824535,3,2.883093805172466,69.57398675907484,3.006146915506774,26,0,10,3,30.411812369079595,0,3.0087166504296303,Yes
21,13,Sales,0.30868529455756405,0.30868529455756405,4.491289219522133,0.6170324411974248,4,2.38820328718525,56.74242136681535,1.6252130583388316,20,0,9,6,69.91751231150428,4,3.4578774820637674,Yes
37,17,Sales,8.396448202632952,5.900845165827224,14.224868007123693,2.7599556131913165,3,3.1194099771881865,65.19129659246695,2.0716152914365153,20,1,6,4,22.073554892462962,3,4.856218895426927,No
37,16,HR,17.491198228585496,5.894772424900842,27.377077445651874,2.692142081069312,3,3.804814402393816,58.76117395009092,3.181255786081704,19,1,10,1,11.408299763122974,4,4.71808881387362,No
40,15,Finance,7.456250707653444,2.787748611134059,6.416409385813319,0.5780827287649837,3,3.110849890914708,49.57275159995984,3.408640325280787,23,1,7,4,47.71267371600818,3,3.89760153440443,No
28,17,Operations,10.716292940516068,6.224874301425788,10.719612406001083,1.9310205330713526,2,2.9114458630139164,63.70623377106373,3.4167023141628534,34,0,10,6,38.45620127944877,3,4.101794861633533,No
33,18,Sales,5.3293884065530355,0.6184857083352872,9.412536078984054,1.0759854453647788,3,4.492468452751689,62.236780403042715,2.2068671837747935,68,1,10,12,2.0392263425277575,2,1.4008661731234915,No
43,15,Sales,9.129721750024238,3.998819641493442,14.355163655522631,1.0510075761536706,2,4.004273593705015,77.67509319476892,2.883738206933513,14,0,6,3,31.133592625453577,2,3.7643394657948015,Yes
31,17,Operations,3.395992060464316,3.395992060464316,10.500330638364975,0.9139985700390598,4,3.634826528139841,67.4625417795589,3.90993695366679,25,1,6,6,8.072202926100195,5,3.6090597536080837,No
36,13,Technology,11.524654002425827,1.7710773618640527,22.330844302842127,1.8121411405102323,3,2.1088274515074996,62.64369933855749,2.5234848146756237,19,0,6,6,40.56130302081765,2,5,Yes
44,15,Technology,2.6986239008102983,2.6986239008102983,14.776259463084399,2.85255159277642,4,2.1924354177916037,49.14532073914126,3.802874182091919,30,1,7,6,24.73569740842213,3,1.5848623161275706,No
27,19,Operations,6.562352324070178,0.3,7.191487566992104,1.0684690308112668,2,3.3106321854301766,56.64155429760918,3.8830861632068103,26,1,8,4,20.84450002912596,5,3.6676731939173584,No
39,16,Marketing,4.334565533472378,0.3,7.1098935334244215,1.1624072507694865,4,4.142920292715763,66.25453030181437,3.9041163747425602,33,0,9,6,70.52650350857776,4,3.1999888958925,No
37,14,Technology,4.898890949076316,4.898890949076316,8.113302123520356,1.299202659405237,3,3.973671625432685,63.92001999747823,3.7228910763447565,32,0,7,5,30.35269781429505,3,3.5695981162834407,No
55,13,Finance,2.1130559726850824,0.3,19.92694740850368,2.792675047983578,3,2.7899347030526003,45.49654204866284,2.1222051471857304,50,1,12,4,29.278420213635783,3,4.240553979753787,No
29,13,HR,1.1545024281351925,1.1545024281351925,7.398053673470933,0.621303346781426,5,3.7747349721686887,66.9260017418448,3.104130930743241,29,0,8,3,15.60195100627165,1,2.3581131447795083,No
34,17,Technology,3.1345604256928983,3.1345604256928983,11.810970247279101,1.0073869442374042,4,2.9860737371912665,43.33056353483529,3.6177095804493162,25,1,8,7,20.033504454204405,0,1.5589389925543236,No
32,19,HR,3.346372781687393,3.346372781687393,8.296935816928452,1.5618553476445871,4,3.8827688969589085,63.21954495857515,2.220889529903413,32,0,4,2,43.33774176913482,0,2.4683749531631944,No
37,17,Sales,1.7264994134414164,0.9134125074668067,9.71069875578467,1.6524230343178534,1,3.099386900385777,95.62304761701722,2.273630146372313,24,1,7,1,35.46966140522583,4,4.219026861674215,Yes
42,15,Operations,21.160642705161237,11.679377297517732,20.327609147513893,3.548846196127161,3,3.3038274846902764,78.35089479489129,1.9908960984654027,32,0,10,2,10.732678446529365,1,2.0791077055976284,No
52,18,Technology,10.046041919641386,3.0226522225005445,17.95927248545932,2.2812771452750056,2,2.1028972028774575,27.71794272990668,3.0972149511437284,38,0,13,2,34.83979606032317,3,3.115789813975678,No
32,16,Finance,21.130006014390517,7.595271141329655,19.341558005286764,1.6114894268527091,3,2.5053977371370704,54.56445920328778,2.180742631242774,51,0,14,6,30.090898752973224,4,1.4316049606521224,No
42,14,Finance,4.838888310722858,2.4196810961432416,11.70111856211121,2.185412771152823,5,3.9710492343182504,53.19070857663603,3.2939138197129263,52,1,10,2,50.852784354486346,5,3.533293658709376,No
34,12,Technology,4.8893465962690055,2.9215930617986183,9.136312334708078,1.1009215124375469,2,2.8878468888316418,43.46294863815341,3.794825667310709,34,1,7,5,16.310930916007546,1,3.49901641133722,No
21,12,Finance,3.2833989180212186,0.33331230603560313,12.269429596834144,1.0334986023022923,4,4.298422805464266,47.32603721268321,3.6307935717474615,35,0,8,4,16.341500636271352,3,2.9256309192939005,No
49,14,Technology,3.112532903954138,3.112532903954138,8.322335515288017,0.41089929604651226,3,3.893855955170902,30.500393984960578,2.1030137870948504,33,1,9,2,12.266459649399698,3,3.6147496558313956,No
43,19,Technology,1.0033368391297488,0.3,9.821537132775433,0.6156741797849236,2,2.4038337486529575,56.50609143974526,3.9229502276866928,30,0,7,4,21.652569757632378,4,2.259044949597111,Yes
21,17,Sales,9.070656577658886,4.452632650177852,8.473667845681911,0.6416850631652105,2,4.4272554888953675,88.3010103097071,4.512262615082509,48,0,8,4,44.61933092830312,3,3.0904116550547935,Yes
30,13,Marketing,1.1988430157396381,1.1988430157396381,6.716798958147565,0.8920569272997286,3,3.3070564016529307,75.68614628819083,2.288945360160327,17,0,5,3,29.863691010711463,0,3.273763982094261,Yes
43,12,Finance,3.567076521685924,3.567076521685924,9.11674352585729,1.1876040238865646,3,3.631069770217337,50.31153672434488,1.6814820301210232,42,1,10,4,7.024678549232709,3,2.2404238949890467,No
24,16,Finance,2.593511748482618,2.593511748482618,12.410568049532834,1.6576720740154003,3,3.315937923739977,51.73716773508814,3.32520467650889,26,1,8,4,13.724546950245168,3,3.0339882171328005,No
49,18,Finance,0.5903101934667204,0.3,7.158903220100677,0.6777161471696691,4,2.73393323707568,42.94665780493839,2.8195769388859966,22,1,7,3,10.859092915482718,4,2.3232911992871017,No
21,17,HR,2.9932230634448582,2.693605891120994,16.794743088598832,2.918498967353548,4,3.692722880464394,48.824085301194145,2.093109996563955,23,0,6,5,28.4086471528923,5,2.169027436156662,No
31,20,Technology,4.424522982793282,4.300700067777471,7.7633294977173115,0.9423955634473441,4,3.002439762197391,56.652510215750226,2.9858234207423875,28,0,5,3,33.37637102513881,3,2.9972932500841654,No
47,16,Sales,5.690520402246992,4.444416101982205,8.97852665896974,1.0905597084948626,4,3.691553378552429,54.5008258350487,3.6012042083618985,18,0,5,3,16.898970962108187,2,4.113737908887769,No
32,12,Marketing,5.952866001064597,4.487443767436911,12.0718949632188,1.1965567167127973,4,4.2849990603470545,39.894364938168685,3.7898024684566205,13,0,6,5,40.4094255444689,5,4.762655973187543,No
31,17,Sales,5.852761346748579,4.651573945805002,9.744211844516363,1.3202063663068255,3,3.2803541190638073,72.19704770988574,4.1042663453787736,36,0,7,6,24.566105072787224,5,1.603806884037734,No
30,17,HR,4.0939794805342,4.0939794805342,9.400311086322755,0.7214158796977481,3,2.013840441740607,78.47791824685807,3.7991334199787823,21,0,6,3,13.026318933788426,3,2.0978715190235273,Yes
37,12,Sales,6.04467155197155,3.3966423889701116,9.511103734587605,1.2957265577905754,4,3.602421830572904,54.57285290947737,4.003121251920808,31,0,8,7,15.898727296025733,1,4.717303524892391,No
36,19,Operations,2.2452667071798857,0.7756230993467109,10.380725997585415,1.8872099108393052,3,2.627016207480723,48.82326321716508,3.6029518283102546,14,1,6,7,51.820686174226346,0,3.7190878280038406,No
44,16,HR,4.695161947379736,1.1738221937230793,7.6206371964022015,0.8388520062163547,4,3.9086767675524268,48.1938001257662,2.209536445040498,52,0,9,5,34.80678825178095,2,3.290031182205836,No
46,18,Technology,6.638816968050404,3.034485615358443,8.219422115510667,0.9065166173814992,2,2.683912332733389,54.56243876857314,3.468765786538666,45,0,12,4,12.148043575121148,1,2.582619464771768,No
32,13,Technology,3.8595954256839993,3.8595954256839993,11.053793531225633,1.6769566210551392,3,3.195795379068755,75.67775835322148,3.006947299805714,13,1,6,2,44.050975300209636,5,4.243129016805831,Yes
34,14,Marketing,9.878279308417772,4.083222200886466,18.785022791074997,1.1194665354571582,3,1.8939541433804592,54.59389109466187,4.284688801298273,42,1,9,5,12.926523487441264,5,3.4612546013606846,No
46,17,Sales,1.302521778894483,0.3,9.47072409306162,1.3518538876468682,5,2.88243712164163,72.38166558487517,4.001779675416398,54,0,8,3,58.376926918090135,5,2.650879394409378,No
21,15,Finance,1.1714321554678155,0.42831434790192874,5.953034799270494,1.105972267187186,3,2.6123497089585084,61.48936320750795,4.816504612643488,36,1,7,3,30.555391222445092,0,3.690691750356618,No
24,14,Sales,0.3121698499677766,0.3121698499677766,9.382783151361327,1.7895819554098418,5,4.6021448683433475,36.00649747392425,2.7956848822159825,42,0,7,5,45.677567426436255,4,3.4294850194122852,No
30,19,Sales,0.3,0.3,8.7552336784621545,1.6365965424782225,4,3.792826624893136,65.01370772930979,3.1746419785223505,23,0,6,2,30.222995950315596,1,5,No
36,15,Technology,8.562710678953971,5.013435983888571,9.023491901968441,1.5648388889623095,4,3.7790332827691127,47.618176321964924,1.6028339974521344,18,1,6,7,24.999557007162032,5,3.737694695130666,No
31,16,Sales,2.9693505668807396,2.9693505668807396,9.031342463516335,1.5228159398953087,4,4.998652339549326,34.69869130696525,4.00178711409946,30,0,9,2,57.14920957446815,3,2.0387668641278838,No
30,16,Operations,8.101830634168257,5.63347148406184,10.648165804473365,0.9961475512678994,3,4.213185412842321,51.25177182399937,3.070618138133426,21,0,2,4,22.648387706972112,2,4.2314271123384914,No
32,15,Sales,5.904387509127167,0.7889528557964952,14.168796151785344,2.445073500824903,3,4.119871738729253,59.413978435149176,2.9160695622861192,31,1,7,2,20.107158580336804,2,2.892965050799167,No
31,15,Technology,0.31231255863904533,0.31231255863904533,13.91397247677149,2.509483086714788,3,3.6721658606725716,79.81419065570604,2.890503306635858,29,0,9,3,22.170630583341918,3,4.85328951277854,Yes
30,15,Operations,3.0827302368623886,1.2071590872692108,8.89073571490972,0.934033956594617,4,3.3866533066028683,38.99852228196187,2.1744662638229437,41,0,11,6,26.377631037840523,1,3.3084018374851243,No
48,13,Finance,1.8031633356856012,1.8031633356856012,10.659808606963859,0.9680434779738321,4,3.8666028476697973,82.14978826217245,3.3929143928370324,18,0,5,6,71.180429040422,2,3.619510982837103,Yes
40,15,Technology,3.54607603196374,3.54607603196374,7.649356717445128,0.957322953991778,3,2.5078184940171777,48.21063465320488,2.7982503969276635,51,1,12,5,24.28465636257447,5,2.9352668292116006,No
49,19,Technology,4.144575066303963,1.6280149485036228,9.087963406564175,1.784790735508183,2,2.6765457045922236,78.52534133701442,4.496810985512721,10,0,4,3,29.185933546413125,5,3.754986561266344,Yes
28,19,Finance,0.44483742503465673,0.44483742503465673,7.757804984994241,1.0601874896528414,3,1.8027733906114003,58.59430678109746,2.778411250629054,11,0,6,7,38.063283706707786,5,4.994564809434678,Yes
39,14,HR,6.278887863457398,4.735120976094228,9.90151247543815,0.8846895348941856,5,3.5270161210434714,59.80565371948249,2.900698572972731,30,1,8,3,58.18625478984986,4,4.3376848207116945,No
34,16,Sales,9.521901529460521,8.250446557465917,10.658689669861166,1.4250837967688321,2,2.3956197249589977,78.24824380734071,1.8828711757143843,13,1,5,3,10.518036449958789,3,2.7085169213658986,Yes
25,18,Sales,4.472609417418866,4.472609417418866,12.385475315701866,1.3656818518909157,3,3.4910595399197684,69.06847993635205,3.395519118957226,18,1,8,5,61.191251492445176,3,3.585099660420622,Yes
31,17,Sales,6.182680382340848,4.760674770724071,13.533509946326408,1.8928418691904012,4,2.5953856910951023,16.104798178520333,2.214207109696129,35,0,6,5,45.70101324661559,1,4.972692474183665,No
21,16,Operations,0.3,0.3,10.53469922994191,1.268695730732584,3,2.5113880103297697,64.6978845743991,1.0093451411104841,69,0,12,10,34.997759342524574,3,3.430982211438018,Yes
34,17,Operations,0.4708289607699008,0.4708289607699008,9.878503139913155,1.9218793236973362,3,3.306961980184368,80.1668343638306,3.2053363083689104,51,0,10,0,5.843873402749497,4,2.1585210251717086,No
22,17,Operations,9.128536257649753,3.7512824139720458,17.455854899906583,1.6460869651598367,3,3.0716919609846505,52.634882017996674,2.3311027859001885,51,1,13,4,23.102055199118944,4,3.765875595066945,No
37,16,Operations,6.7865900228144325,3.1467902378434194,14.434584786114701,1.904247360166533,4,3.2113340496163003,82.72954719288933,4.006504722880479,20,1,7,3,39.66369377269088,4,1.7169228344772842,Yes
47,12,Technology,5.847935802161247,4.377616981540992,11.981153346032668,1.0200260131108116,2,2.878725575523308,84.52770316413414,2.0748555370156976,25,0,9,1,51.76048998440043,4,3.125511835866693,Yes
33,17,Operations,5.349687921007415,2.7286587626096623,11.44562526446563,0.9381671478451302,2,3.4999562019197636,87.9614866416314,2.9351350806417464,55,0,10,5,34.03720296166388,5,3.909165887493782,Yes
45,18,Finance,3.232714626772685,1.178857503575624,13.86045983442514,2.550834678478984,3,4.3158769657235805,48.39052997454407,2.701211719942579,74,0,13,3,30.099779123607696,0,3.0354588978081596,No
46,15,Sales,0.6778047455128744,0.6778047455128744,9.518065814472658,1.0965637469215557,4,3.2986009410760753,56.86989694808623,3.5092196465847882,47,1,10,2,27.956685760479342,0,2.8677180264871134,No
43,16,Operations,0.45351521691123,0.45351521691123,8.843377496903527,0.9500821400864223,4,4.5204398088710445,77.75809015032975,2.296641620858644,21,0,6,3,24.452661162752815,1,4.57728843271281,No
29,13,Operations,1.2176500689475662,1.2176500689475662,8.791469811675137,1.0479789120442315,4,2.4969280373090657,72.96635423566994,2.5076775617411533,42,0,10,4,10.194209520812494,3,1.5895293593101032,No
21,17,Finance,6.839738319824416,4.3369170650608995,10.002311478144398,1.7895790029369867,3,2.689612792235831,28.338124305658567,2.9235969624270637,23,0,5,4,22.93963795085198,4,3.161840215282262,No
38,19,Technology,3.6698541010068713,3.6698541010068713,7.09435394294775,1.2564546720117966,3,3.702727193679276,97.75082442071935,2.9200961139811556,18,0,9,3,6.610688474644878,5,4.112208298248873,Yes
28,15,Marketing,7.508921039997636,4.062212828618012,12.174274496144823,1.2614962702566839,5,4.183286736700156,65.53750070089264,2.7968464103657023,28,0,9,4,24.918076003980552,3,3.1756287868584967,No
33,13,Marketing,0.3,0.3,9.513716054917166,0.9128322951976683,4,4.0867990576692605,51.88249987514612,3.2108287750926916,48,0,10,4,42.846581521360115,4,5,No
45,18,Operations,0.3434308351701471,0.3,7.782159498022574,0.8412203099137473,4,2.304750797082625,82.1949264159516,2.9170381771534863,56,0,11,2,10.972216323077276,0,3.8903277397952807,Yes
32,17,Finance,0.3,0.3,6.838920046804285,0.8743595935069871,5,3.8085616570663787,45.867906978968456,4.2166589961454495,10,0,6,4,54.05315289153834,5,3.1046486831792035,No
21,19,Operations,1.5289008632729186,1.5289008632729186,8.69007784410448,1.212276991324897,3,2.116403423482213,76.24636574820232,3.2071223504756765,44,0,7,6,52.76503190810435,5,2.771406195297993,Yes
43,13,Operations,0.46053514017726055,0.46053514017726055,7.030899267033741,0.8086192598820899,4,2.3073399835803112,69.68147355372535,1.8953268773826693,52,0,11,8,63.633652543505285,5,4.026570657529537,Yes
35,15,HR,0.5075602276169373,0.5075602276169373,12.183957830141418,0.9146002018179124,4,4.812683298243621,53.20914287327277,3.7140344639451053,48,0,9,6,31.310885034733165,3,2.672472608693524,No
30,19,Operations,7.633412489184601,2.7990855320872163,12.89523520535488,1.6618341348462693,3,4.306020367909702,48.407543538649776,4.199457795472235,29,0,8,4,11.610367268699246,3,4.012353525576405,No
40,16,Sales,5.847893160060333,4.424825603948901,9.248221162540101,0.6154890634357242,4,2.6159012113080675,54.62166281787491,4.172074982929098,81,0,11,4,16.272734271258003,3,3.8392482313102807,No
29,16,Sales,3.469556177096687,2.310902520292885,9.263687159909319,1.7897908178183284,3,3.7976853920221485,59.89347083529531,2.7229431321705744,15,0,3,5,17.353492468290383,5,2.7023652344243945,Yes
33,17,Sales,0.4464412449975961,0.3,9.739479206793899,0.8491617737378032,4,3.199038544712178,44.22138963851841,1.9880556897949206,22,1,6,2,16.736848499306102,2,4.514313761317315,No
27,17,Marketing,0.3163544471931273,0.3163544471931273,6.60604455308758,0.32146450094786766,4,2.702619261227841,48.313868444699104,1.3730421465973865,34,1,6,5,19.977592921574388,1,2.9702530060675807,No
32,16,Operations,10.041190056371702,6.262615077784948,21.57056638287169,2.6008671793989073,5,3.5979020182206174,51.50586909839575,3.9973892564239075,33,1,8,10,14.676251982847782,2,4.190192421486443,No
34,17,Marketing,6.811663716768748,2.8123686565828967,8.969315693903328,1.1467868047998915,3,3.0957704936575356,55.000274391137935,4.592300437185781,40,0,6,5,22.997714624117933,2,2.392184692933452,No
45,13,HR,2.7904260159256644,2.7904260159256644,10.805388255137505,0.9084194962051892,4,2.6328175734928734,63.35042993789625,3.5248645699450867,52,0,8,5,38.845007364363646,4,3.2676805965687015,No
23,18,Finance,0.735427347163486,0.34376549183534494,7.028641192498709,0.964262442775544,2,3.5152392003842206,75.25817541272758,3.12236554060581,27,1,5,7,76.89413955698699,3,3.977450749580982,Yes
35,16,Sales,0.44502622998867847,0.3,8.260843268508596,1.2002464785810147,4,2.1967990476178394,74.48725716487927,4.7994684783380945,15,0,6,7,38.01133894681626,5,3.7110409823561166,Yes
41,17,Operations,1.3334979696297005,0.5127125487860418,15.415888418379788,2.684697430116569,4,4.307278755630537,69.75854547573702,1.4121822076688955,30,0,9,9,34.32472924926881,3,3.109787315002371,Yes
29,17,Finance,2.075744676544169,2.075744676544169,10.111095975760596,1.8967725799821609,3,2.977469817166375,47.779198990345606,3.221746616490587,16,1,7,5,35.19589785797358,5,2.3315814571233964,No
46,17,HR,2.3707825494868398,1.5805460106665896,10.712301722839504,1.4977231594922198,4,3.6069538822632348,57.6712347818409,3.2867944379599385,24,1,6,2,8.264272125387768,1,2.853681853754836,No
31,16,Operations,5.903307939799621,5.903307939799621,12.880317606278926,1.3021432788832734,4,2.824455761764478,50.32292813973433,4.337796437283193,43,0,8,9,13.436296234356305,3,2.596294256136582,No
34,12,Operations,6.2137643239362035,6.2137643239362035,10.58941650072483,0.9368004379739313,5,2.8935002230307365,49.054234640858915,2.712883834582267,28,0,7,3,23.50038911123015,3,3.0241343194910213,No
42,14,Marketing,8.225870303096915,5.557754380303897,14.128730550820839,2.295490379720516,4,3.0158833189180916,61.63181066932215,3.606349985572788,20,0,7,6,33.3834080684401,2,4.074670536503578,No
44,17,Technology,6.048569502185931,6.048569502185931,13.528189431235486,0.7540811983166253,3,4.973199175050445,62.56055501848618,2.303082319993503,8,1,7,3,36.03135378201882,2,3.5955204672967245,No
36,15,Operations,12.131892190027319,6.273559069352018,15.383185628525805,0.9856652103701095,4,2.826539052434272,69.85745267960976,3.122110969593907,42,0,11,3,22.820639884058128,4,3.2622955521299164,No
31,18,Sales,7.703139436259703,3.328367368624782,15.194726422151795,1.3363325535298292,3,4.385699211763065,51.54846278718506,2.9176794426009964,25,0,8,5,19.435154555432,5,1.6899827242406145,No
40,12,Sales,2.5488416159402503,2.5488416159402503,8.754644907393052,0.829975456111862,4,2.501121676579847,78.95704873739355,3.797378409834553,19,0,6,9,29.560078620701066,4,4.052506421093761,Yes
30,17,Technology,4.6516392846399635,1.0853096482057405,11.987475987252116,2.0050233369905226,3,2.805140825604246,65.06054785831076,2.275873306706692,50,1,8,2,22.601295622032474,2,4.784297105303716,No
40,12,Operations,15.05291739962845,6.260015028274445,23.4943540044631,2.780864360242582,2,3.095298220891855,53.97840196449634,3.434243851371192,40,0,11,8,6.448747648236256,3,3.809541548155676,No
35,15,Operations,0.9980473281577067,0.9980473281577067,11.84410554078888,1.7701751245624655,2,2.1136357551210163,67.62754773158979,4.285694224879922,50,0,6,8,23.45038940646945,1,4.012599882396668,Yes
41,14,Marketing,2.890219783708061,2.890219783708061,7.797112383260754,1.4219312521717438,5,3.4250808469322487,62.76448870537839,2.3229883150425823,10,1,7,5,32.48781530478172,4,2.7392347697418638,No
43,18,Technology,1.1470075599085883,1.1470075599085883,5.050590038413853,0.4723565311596669,4,4.410937495298132,60.85396908812421,2.8122815293864685,27,0,7,9,25.006751169178102,5,4.0351801317119484,Yes
22,13,Finance,16.389503668484405,12.5,23.619858037141803,3.7033846303874394,3,4.320739130364917,67.14482321421234,3.573744240809538,50,0,13,2,9.647599310810804,3,3.3351294976111863,No
31,15,HR,1.6181549615014217,1.6181549615014217,8.685735488002601,1.0405404541028989,3,3.835601816952151,53.27778636000812,3.913302295337205,35,0,8,5,20.807183518405054,4,4.370685238290587,No
21,16,Technology,5.658260836922247,5.658260836922247,13.027999470977246,1.6587624061219892,3,3.241123620740955,70.45992575609023,1.3704939538147678,28,1,7,8,31.427592542354134,3,3.7698815239182784,Yes
32,18,Finance,2.884709249465938,2.884709249465938,10.47226133979023,1.404403187990883,2,2.618916716661163,52.6783490929506,2.5932129965119297,5,0,6,7,28.639851574224032,0,3.0485840134162805,No
29,15,Operations,2.5719733816361297,2.5719733816361297,9.000008954263242,1.256622504043475,2,4.684517866180219,75.42341085216385,3.595122060512785,15,1,4,7,8.331646532516592,4,3.510247109178166,Yes
27,16,Marketing,2.20688774709429,2.20688774709429,8.797943754663118,1.416986663185606,4,4.5827749044504476,62.59332206272105,2.580467661954332,63,0,11,4,7.523044773112971,3,2.045904569510694,No
48,17,Operations,10.4059228088445,2.7960468795604383,11.549955130752862,1.588805662105776,3,3.9104851773009615,67.37192052989614,3.302902020559223,24,0,7,1,13.138605296632674,5,3.571800964023224,No
29,18,Sales,12.390589374678235,3.024454526476506,14.508385145827805,1.1590991798642214,2,4.493997529874084,58.47734886535592,4.4128807815772095,56,0,11,4,33.49371383487699,2,4.049171093182004,No
33,17,Operations,19.031852538027106,3.554068773908021,22.95526378564593,3.625903468849657,4,3.5251416574831462,70.21176558588967,2.922306021327436,9,0,7,6,28.329910776971886,5,3.928994752612803,No
48,15,Sales,9.785536978529956,4.260905767403515,17.231656879865618,1.0432135174407298,3,1.097555910992302,54.81813319601188,2.5022519338558196,20,1,7,5,33.36929323609882,3,2.827485766159216,No
47,16,Operations,8.644309633992238,6.45122334234052,14.19472734345335,2.3008755792646807,4,3.489524945322239,52.329750839747355,3.3630498478501325,61,1,11,5,21.148516498598834,4,2.771853464414667,No
47,17,Finance,0.6560990893593084,0.6560990893593084,7.686620746860871,1.3620225624333813,2,3.9661501535363257,48.75973687659044,3.6157941134195517,29,0,6,2,14.527235069855603,4,4.356927765877233,Yes
40,16,Technology,2.183877842449665,2.183877842449665,7.975264041752919,1.0870513301479539,4,4.974121870833716,29.329550524144977,2.9186500539670757,10,0,4,2,44.43572867551733,2,2.99508559254005,No
46,19,Technology,4.250910578872771,0.3383201718704027,12.064238744378327,2.420979779607209,2,4.003788168412707,45.161750135905876,5,44,0,11,3,7.436687508975375,2,2.64159140414872,No
42,18,Finance,3.032030925336738,3.032030925336738,10.932409724550878,1.9133958243522389,4,2.6752399494214982,63.295677855811526,2.39502885317573,46,1,9,5,64.19225765581433,2,3.7486297838184743,No
42,19,Technology,0.7801891898499551,0.7801891898499551,14.355398747753453,0.8858086907083406,4,2.084008363474262,53.82793239619685,4.176680126215586,27,1,5,5,12.053468629550059,2,3.3359726050999554,No
33,15,Technology,4.024455441571958,2.830000338543192,7.031362686847279,1.2571252215444184,2,3.981795831325673,45.79802145607471,3.598162819933542,28,0,9,5,12.584424300363773,5,3.5369964612018605,No
32,17,Technology,0.995425711724966,0.995425711724966,14.263419007638914,2.325212118660272,3,3.4951037091671817,30.83422625617784,3.180946990584998,28,1,5,2,16.233578985115344,1,2.267032679753176,No
25,17,Finance,2.329920373668897,2.329920373668897,5.648402766183111,0.94119734334156,4,3.3843554874907062,64.59177397799411,3.063829248041485,17,1,7,4,28.530705870095122,1,3.3925753372645966,No
29,16,Sales,4.06287196377379,1.0984165643047887,10.71773580476881,0.6437821811178903,4,4.166181788993759,50.36112851012676,2.0051545380726243,29,1,10,8,15.863313117974263,3,3.518321632141174,No
27,18,Operations,2.931194876759159,0.7044922038190239,11.99253562547596,0.6932788341234232,3,3.27814942614824,32.93614592743219,3.914607864502235,22,0,8,4,6.634940274967353,5,3.3885548231546267,No
42,18,Marketing,0.999627197453364,0.999627197453364,7.013385572139449,0.4707572677785783,3,3.4100858232709332,85.19801856672262,3.188845029107094,22,1,7,4,29.220262274531155,2,3.8157717648542366,Yes
36,17,HR,2.78122460615539,2.78122460615539,11.283682658910207,2.1608612180232285,5,3.8221699015609825,65.33773752717441,3.3074715761337794,91,1,14,4,24.00312390992431,3,2.975642319441402,No
41,16,Sales,8.772041758042164,3.8018060768893576,9.362995050644264,0.6287967965819659,4,3.296488975737467,39.40365622610291,1.6002255190163224,44,1,11,8,43.38801552976723,2,3.8783213476106884,No
31,15,Technology,3.607234315562861,3.161752511315593,9.294407169104296,1.4870563946874324,4,2.9909117368436067,64.68088438438757,5,42,1,7,2,23.097827274548678,2,3.4853672509524127,No
28,18,Technology,9.713978698333044,7.3586415679223,13.552933304844254,1.2834302927833343,4,3.5917508891667884,69.76448135678115,3.0798415023092325,53,1,12,3,1.9537871639812874,2,3.1209587660482896,No
31,15,Sales,10.680803110350041,1.2046039255654235,13.656232670404735,2.433172297971876,2,4.090969507087616,51.11832556777397,3.6001947513930093,36,0,8,6,38.14587589761991,0,3.5188214402231117,No
21,13,Technology,4.790901746022273,3.445703222930768,9.378175871928466,1.667552892457161,4,3.010192087264317,64.93154053141922,2.2821500487410695,29,0,7,1,21.192961403353827,2,3.4493701483664023,Yes
42,15,Technology,8.2993732896798,3.8921128366308624,11.279549136474444,1.4750309101083827,4,4.098005458529107,46.25699993911139,3.3833301802639637,21,0,7,5,31.273367664592485,1,3.2139001432014735,No
36,19,Technology,9.443804796795268,6.855509643600966,16.045592186259373,2.84615342853955,4,1.982095037351619,47.85704199827282,3.996277325991215,16,0,10,4,17.63756011522934,5,3.275017868304562,No
34,16,Technology,0.388612011554231,0.388612011554231,4.083501220250712,0.7605413662482584,4,2.7015709317317467,38.599780800857076,1.7810043210473177,32,0,8,0,46.19755905592134,5,1.7957832508790113,No
21,16,HR,4.370215562399884,2.0615458344779687,8.992495434043624,1.649490464698875,5,3.1078363779381393,80.53443096409715,3.811915710362875,15,1,5,3,24.76152268920511,3,4.7742704393252975,No
29,17,Technology,2.0407499598824987,2.0407499598824987,6.795675865753239,0.997856533259739,4,1.8180626972794964,15.62000407856147,2.320119451090215,23,0,6,3,42.848645558691985,5,4.218119828570835,No
35,18,Marketing,2.0127475363218883,2.0127475363218883,11.940947065583515,1.0968152478925508,3,3.700523846440177,68.0801099465511,2.210039560791333,39,1,6,1,12.432196222641382,5,2.9198333996191255,Yes
31,12,Sales,3.3145079628811267,2.599869956894111,6.364570940714918,0.4678479022558124,4,3.2964562397613646,74.1135276365227,2.879263501836951,14,0,6,5,13.491875691577542,3,4.5394980546022055,No
28,16,Marketing,2.4244750514328217,2.4244750514328217,11.93599515532316,1.0020740677106412,4,3.1303726520428024,82.50515446749145,3.4060029590839096,17,0,6,1,12.20772297807286,5,4.060791629507446,No
51,17,Sales,0.5699277577995917,0.3,10.375770545049582,1.6179667018130464,3,4.133372015935997,74.19517991830924,1.991671748523562,30,0,7,6,78.48619923162576,0,2.4163705756078975,Yes
38,14,Finance,3.3468566293382267,2.7977264804335733,6.634533616540159,1.28513995144946,2,2.691671708735505,60.18120605143687,3.492040506674868,52,0,11,6,14.628203886130315,3,3.2987493711687073,No
47,12,Marketing,2.7456185753471707,2.7456185753471707,12.609768689353702,0.6313395386330151,3,4.386538039181651,54.783337833805135,3.301064931137125,30,0,8,2,13.552304819755603,5,3.5369658092788065,No
46,19,Sales,18.696490809986575,10.380492038752514,19.328705354684956,1.5558282843197992,4,4.297705044570248,46.86879035451375,3.109953540408343,35,0,11,5,28.174089592394285,5,3.107862200755401,No
21,17,Finance,5.304064441486418,4.98238279868488,8.847700303365118,0.9595652565279448,3,4.30779753635956,57.172137776052494,2.2277858747315724,43,0,10,3,50.98414629207863,5,2.584257238236156,No
22,13,Technology,1.2774624571911857,1.2774624571911857,11.068609405344931,1.267826584242563,3,3.383748433646847,25.711104438550503,3.105118080886366,6,0,3,3,11.774533575677106,2,3.592956500453082,No
43,15,Sales,3.848035518845919,0.4496237449009822,12.073229526081876,1.613104538091012,4,4.07684817653441,45.95643036489733,3.2973527755535867,40,0,9,3,18.705838256812292,2,3.2471245272653277,No
21,13,Operations,0.9988412322814133,0.3,9.997427508086059,1.6769366349334218,4,4.1906725454924905,67.38869818117212,3.3243113988782222,86,1,12,2,19.138256861288227,5,3.0057920341398088,No
23,15,Operations,2.9166838498543997,2.209455246008486,8.596118888293885,1.302036043570275,4,5,53.9422905513126,2.8872907522039606,20,0,6,0,54.43242883244689,1,4.398260869452379,No
43,16,Sales,16.088851656173667,4.887970118229213,21.82292622789303,4.277746189854425,3,3.3171323501683765,56.35351853989458,3.6065669942740857,42,1,12,6,14.395842549057532,4,4.59185275748772,No
33,16,Operations,4.615810477408534,2.9382442502028665,7.155063631775955,1.0352295895609096,5,3.998527718234677,57.43638340596401,1.922467134363623,7,0,6,6,50.62299936826017,0,3.6966625999394416,No
32,13,HR,3.061786679404989,3.061786679404989,14.647399791952067,1.4953702167745706,2,3.2225025255788378,78.47045464984464,2.311838858465213,35,1,6,8,44.33726969085193,5,3.010590985907266,Yes
23,17,Technology,1.6980663235741555,1.6980663235741555,10.749727589582323,1.0043828617792347,3,3.394865413570176,33.283742945605056,3.7944572104608945,19,0,6,3,14.579686449839643,2,3.361050796426012,No
42,17,Technology,15.431781951549876,7.975918374399982,21.76340004490482,2.437256589275975,3,3.1198904914941488,50.206792999509666,2.7834803445157075,14,1,6,6,29.397575684566966,4,1.841684593040388,No
35,18,Marketing,2.7349480225254434,2.7349480225254434,8.927194493647228,1.7167235388357078,5,3.011439175544665,75.96691034953388,4.493885071660604,13,0,6,6,64.55287137754902,5,3.263770244031505,Yes
33,20,Technology,0.3,0.3,6.7604463531947205,1.285331787549622,2,2.8778655587894715,57.5953560633392,2.9205340785243767,23,0,6,7,40.83152802601884,4,3.6353035754581553,Yes
39,17,Technology,1.1226291929275931,1.1226291929275931,8.894115761179856,1.6947996382218389,2,4.220983318986403,45.545004332776465,3.591949381176353,14,0,3,2,15.963785776860943,3,2.679812075735099,No
36,17,Marketing,0.4164242680714648,0.4164242680714648,8.25746330576448,0.7477235575925614,5,3.597034611612698,65.6303872329992,3.2213972818942143,38,1,9,5,22.233731424157504,4,2.093501450461894,No
35,18,Technology,5.598253597635501,5.598253597635501,11.360835159346271,1.1924816125345912,2,4.186372187828054,75.06534846291808,4.479372701250812,7,1,6,5,14.942889383208787,1,4.735959860780773,No
35,17,Technology,9.116895033246799,5.456821084302505,10.84191239451926,1.0448311158756454,3,4.408887973345449,43.80221128794148,3.7009091001265233,28,0,8,3,42.118811570441764,5,4.450345241087014,No
49,14,Technology,7.904602003108397,0.4090151921421985,19.26075926726667,1.0310466288815407,1,4.590558774113045,61.136822351180044,3.40896597680319,14,0,5,4,7.4273878633493196,2,2.50167433419847,No
38,15,Operations,12.496974830462465,2.0170590105427517,13.804979678868,1.6212100253799533,3,3.8988122249883803,88.27501146809759,2.6844786127863616,62,0,11,7,25.170718227102586,3,2.9301344597190155,No
37,16,Operations,6.19695305522678,4.956184181788761,8.575730160192688,1.6488594585063752,3,3.7219280254871965,62.48907855681497,3.1041942914191574,43,0,12,1,47.970982630906974,0,2.7064275353379603,No
31,16,Finance,10.160437716954709,6.875514119629321,13.916854023590783,2.0765129405394647,3,4.913702849908241,43.52557190273776,3.8928807794194977,33,0,9,5,32.39091124423409,2,4.14471224075488,No
42,17,Marketing,8.039443453318501,4.067185118538724,14.135064426632459,1.0572748326380321,3,4.102428927541944,79.11727568812738,1.8830142047918863,48,1,10,4,42.04408785365761,3,2.814118061544969,No
28,15,HR,11.775604931219169,8.132026250844739,15.208502591538648,2.226514384966259,4,2.510687322993963,61.810394387443615,2.4996179423037526,8,0,9,6,24.06682974962246,2,4.6755795250627825,No
30,17,Finance,4.144446340598214,3.0264228080575095,11.148072068745646,1.4130812948225024,5,3.3106576549462834,52.587788882394925,1.6111569041529612,10,0,6,9,57.384615174910984,1,2.7588395854677272,Yes
32,16,Operations,4.103213961249806,4.103213961249806,8.23316584005927,0.5045189945027687,4,3.304265593812387,27.870253463831837,2.9918116922212548,28,1,5,5,31.255162335512313,0,4.981893252602449,No
28,18,Operations,3.3211726094773844,3.3211726094773844,7.900699865442257,1.2245968153223905,4,3.216962044754695,77.88420179972866,2.4881953752936936,23,0,7,4,13.209089392503053,0,2.20911843272903,No
33,16,Sales,4.060338925198766,4.060338925198766,8.101178465122604,1.5998655324156177,5,4.123340914194157,52.19590877840909,2.6875431384584334,37,1,5,3,66.01951341813228,4,3.0878642104518526,No
26,14,Sales,0.7842469507219944,0.7842469507219944,7.629544121199099,0.7524059768086288,3,2.826406551403075,65.95740371243951,3.3303354588777045,60,0,10,3,51.917428686473045,5,1.6677502056452418,No
60,17,Sales,1.608609386135506,0.8069858882016507,8.423786384934063,0.9381180713171281,4,4.683433976242844,70.21847012702632,2.7896609739446325,27,1,8,2,54.057956730276786,0,4.001522814067951,No
32,17,Operations,7.114715757447865,7.0825325605466825,14.050249042395393,1.174419090520096,4,4.581601863416514,43.06942751645628,3.1080789853720274,11,0,8,6,49.8730499033376,4,4.366106114050239,No
33,19,Marketing,11.1268278668042,7.032156745411349,21.629912084366243,1.6998008021875244,4,3.8018053092986532,70.79941804737733,3.5246981066461736,45,0,10,1,13.298932514092352,3,2.4678150599108273,No
27,18,Marketing,9.572751249247409,8.868375202041175,17.54247046747861,2.649293588572209,3,3.488033876967716,72.88140234457015,2.5118103044241615,28,0,9,7,55.98591304932434,3,3.7345719771158974,Yes
43,15,Technology,9.689439758419429,8.578146124385707,12.955978642875946,1.2880472812395096,2,4.1065812460976625,85.75997586896183,3.6101291556199278,15,0,6,3,34.49949667767387,5,4.446789176749966,Yes
35,16,Operations,4.449746712490713,4.449746712490713,9.543498807743521,1.0893848890815436,2,3.172673708393211,60.140196187529966,3.302339716665726,49,0,10,3,38.25464060875128,1,3.101803147200272,No
49,17,Sales,2.9229292991664986,2.9229292991664986,13.675974416569204,1.8368719000664662,3,3.829515035137204,59.21260565514723,3.0970099647376217,29,1,6,3,40.29991601372063,2,3.3029517277449263,No
38,15,Sales,1.3850356244744864,1.3850356244744864,10.775790153565515,1.303198790984397,3,3.071553900580603,77.02415078357454,3.203274449396138,16,0,4,5,32.58631794720564,1,1.400792081856407,No
26,14,HR,2.0081162945934055,2.0081162945934055,15.034787106381147,1.910718844345653,3,4.105687634434249,68.44741584175405,4.578986619326345,51,0,10,1,9.15341942136518,4,4.795378221976229,No
32,15,HR,6.4961883041491,3.1513775714945633,11.052008197722376,2.0808942764009917,3,2.482695448577513,68.96186687818084,4.316434283671899,40,1,9,4,13.049087305639096,4,4.393300869006178,No
39,18,Technology,3.7414263908373426,1.3642832763655486,8.204773813117923,1.4941297263450213,3,3.207877564064435,63.14368976770049,2.825205705379469,22,0,4,5,23.330482681119204,4,3.510445482818093,Yes
36,17,Finance,1.1725404941665434,1.1725404941665434,8.265639051336425,0.8802806477335103,3,3.1992724400237997,87.76577175314699,3.884982945267281,28,1,8,6,18.697519693600544,4,4.091565864823342,No
28,15,Marketing,6.453586668776493,6.453586668776493,10.913124488477191,0.6671900589253126,3,4.670209499983141,52.108600160805125,2.80385339969124,49,0,10,3,42.68810009176591,3,3.734050749741121,No
29,17,Technology,2.9555886380970753,0.33194208751429877,6.727772067380276,0.5795163295613428,3,3.5133528935156675,52.783228621957136,4.0243292059228315,26,0,11,7,19.19885318581509,2,4.14535192651202,No
30,15,Sales,1.1102851084364966,1.1102851084364966,7.139410861382561,0.6857997259256889,4,3.1026632117263446,55.338695504500954,3.626644758484525,31,0,9,6,26.697666621019405,1,4.988900027701438,No
21,15,Finance,0.7291807061264054,0.7291807061264054,9.452672630591024,0.7291127626694952,3,4.879012178691638,61.03758103005667,3.50734911352622,53,0,9,5,13.103637732382609,3,3.85004296063011,No
37,17,Sales,8.470345162732603,1.0877835597408727,16.605493437628496,1.87716772283082,3,4.085581526402544,41.75361587597398,3.511807062696237,21,0,9,6,29.728626096337997,1,3.790209362015004,No
50,13,Operations,4.228082454482941,2.947498822931042,16.255643570106184,1.289051573748943,5,4.304450081245978,84.98800239531298,2.2920235673216447,14,0,5,9,8.857522129248771,2,3.9606560917444815,No
35,12,Sales,0.40493169666447626,0.40493169666447626,8.752362890014313,0.46926043065789375,3,3.6974766771426273,69.68917057451152,3.415049205152125,26,0,8,4,23.506675584273218,3,3.9309487819022,Yes
32,15,Operations,7.165681755393298,4.804451882700836,12.13678578560271,1.1749436542595793,4,3.7025590223298868,40.20905482677827,2.2024850459459215,25,0,8,4,32.17200005777613,5,3.2291346772138367,No
39,16,Operations,6.027017700395863,5.727516355275404,12.849346908556614,0.8354317161300837,4,4.812197982054506,52.30271399076678,1.8906540418386704,20,1,9,3,31.815659850103625,3,2.9705951323584996,No
33,19,HR,0.4696716050739448,0.4696716050739448,7.928755687114213,0.6320746461684011,3,2.407842026628411,58.693558543531736,3.408192196717454,33,0,8,6,51.909792838780135,3,3.969922993736354,Yes
21,18,Sales,15.80464288615155,3.910972433519578,27.219189521407714,3.539910559259289,4,4.8924775456427385,62.73779796369071,4.102231771540923,43,1,12,5,30.758394535310305,0,3.8025777709824897,No
44,15,Finance,9.183029234341003,6.9937555300175465,13.25470909638017,1.8742602328089593,5,4.307964286509159,53.94855482338576,3.0860698881914614,27,0,7,7,17.246991281989985,1,2.7620883040099096,No
39,18,Technology,5.795940035961948,5.795940035961948,12.773246673626401,1.3943671162113387,4,3.789172113041731,57.03132106867729,3.010664661740896,44,0,8,8,42.8733831456421,2,5,No
37,16,Finance,1.44594476105868,0.4058303728294269,6.622537606577086,0.4326524478398383,3,4.490592477333421,52.148309654031166,1.889921612605853,71,0,11,7,23.19136723645585,5,2.9552312673988945,No
41,16,Finance,17.829902865659932,4.1238829162557025,24.113770575250136,3.536191035808867,4,3.899148855502536,72.39412347100053,2.0058420061779,19,0,10,4,21.591105825751203,5,3.0595170587179834,No
24,18,Marketing,14.187388239275275,7.632213107918661,15.64793011228616,1.8924026373870397,4,1.8925834969475772,60.38244981845748,2.4151812604865532,24,0,6,3,58.27011048275849,3,3.472764296171079,No
21,15,Sales,3.1704701988313997,3.1704701988313997,9.497130539286616,1.666504031914183,2,3.905190037698961,89.96170501616932,4.32237907624047,29,1,9,10,34.55425296111597,5,3.7118533931848385,Yes
42,19,Operations,1.3801629830748432,1.3801629830748432,16.02645968955223,1.9981921353758887,3,3.2820779560072193,56.84906886298287,3.554027176237021,13,1,3,4,65.21341774640962,4,4.1181611198748485,Yes
30,15,Finance,5.254113406095907,2.93839545948833,13.308360205227844,1.7686220042738907,4,4.38719512648964,58.44401212721034,4.5987270775764015,38,0,9,2,38.34293362557284,4,3.8592458621496135,No
42,16,Technology,2.6826966071028826,2.6826966071028826,10.04051013249355,0.5904027984379976,3,4.359866003856953,80.20329669174923,2.272104176200857,38,1,8,6,20.503768833244397,0,3.13423228235343,No
39,18,Technology,2.298265973671577,2.298265973671577,9.668550987859387,1.0628812832496262,4,3.104407558621321,60.59006161801026,2.798115661245892,30,1,6,2,21.2970599684357,0,1.012729532291845,No
34,16,HR,20.002315078977688,11.646303305105945,33.98223172035111,5.433982652813124,1,4.017892686267234,74.81346340017141,4.201752124254302,54,0,13,7,4.595830923102928,4,3.569561360025785,No
40,17,Finance,2.2730038796153855,1.5119032895125166,12.749851417490653,0.9672182995644828,4,4.7059276683789175,98.05416605256235,3.401285863523322,31,1,5,5,22.684498323220097,3,2.594182161733335,Yes
35,16,Finance,0.3,0.3,7.59542053468581,0.5514760231138778,4,3.0020100312478886,39.72269690279244,3.5219619968272204,15,0,5,3,79.78292345804415,3,3.2567749309112948,No
34,17,Sales,7.018618787219496,2.6711435694465364,16.20921207370382,2.8376713754709115,4,2.992194792809394,70.71437961711919,2.913637789185452,12,0,7,2,22.438038865332185,0,4.043282049045715,No
30,14,Operations,2.2205211773582425,0.6775464936594915,10.998999817856406,0.8121854028817754,2,2.8173514568323723,42.96610252102041,1.7158724482698369,19,0,7,8,44.11947534879416,1,3.71416800014071,No
46,16,HR,0.3,0.3,6.929420752198425,0.7650825802652123,4,3.806160074915755,66.87740238282628,1.7769502426250474,32,0,7,5,15.50701629858658,4,3.0741515979988994,No
33,16,Marketing,0.3595226080123824,0.3595226080123824,10.164981332926956,1.3901423649419489,4,3.8087318045289895,56.58491834235076,3.9707229221758134,88,0,13,7,14.039645521254572,4,3.6287045579325494,No
23,20,Marketing,6.113966574001963,6.113966574001963,11.848322608255927,1.2897461873035603,2,3.6274658536046376,51.06878574374026,4.126422023136177,21,0,7,4,53.11410016257834,2,4.325508252582385,No
30,16,Marketing,1.997994739088951,1.997994739088951,6.6189133429594005,0.5363055040884918,3,3.7988445488961404,58.442574677995395,3.172706778238773,19,0,5,3,28.082904467645655,4,4.731945646085839,Yes
37,12,Marketing,3.472389228699386,3.472389228699386,10.153228367913869,0.5873698690306043,3,2.7945302491005903,36.24239218378974,3.281646558004322,32,0,8,3,26.231704806948134,5,3.9346123181608568,No
38,14,Sales,25,7.747229204343551,31.293646208605164,4.107149454616056,2,2.415305075131358,47.23644188534398,3.193542050953027,55,1,11,3,63.95557450874182,2,2.9723555589539896,No
43,16,Sales,11.422987251499569,5.647440288402495,19.493875411298355,2.7033555255500126,3,2.7081690669711382,95.48814106592191,4.794467832008225,40,1,8,3,52.4554491985388,3,2.3919740275018757,Yes
25,15,Operations,4.710085171857063,1.830655338678473,9.867891666215153,0.7260820580264465,3,3.603322514357602,53.901667746636846,3.386153816588925,83,1,14,1,62.93956269102123,5,2.4244112448892863,No
31,15,Finance,1.5804202912724774,1.5804202912724774,10.321948569947827,1.3261351827742056,2,5,76.37917127625113,2.9751543645737084,100,0,11,6,26.343400316417583,2,4.0502894474747055,No
27,15,Operations,10.584970430440139,3.7097920848207306,15.933618552500455,1.3218001545052573,3,4.471206859400181,63.21210780241133,3.8887406218860705,27,0,9,3,4.959023690242812,0,3.0178124629013903,No
34,18,Sales,8.153025633181576,1.074201316530634,14.90771668302043,1.2964327114734682,3,3.698258210223618,63.97521011332257,4.316473192040243,36,0,10,4,38.247934672934186,2,3.5526730699061306,No
56,16,Technology,4.7216193325076015,3.2639632456052388,11.106645903169118,1.4115402064301912,2,2.995074762928638,55.942656737236156,2.6797280689433682,27,0,9,6,67.07345284672631,5,3.605167384251736,Yes
23,18,Operations,1.4928717494261223,1.4928717494261223,8.917680626625648,1.6435145595639338,2,3.9241260276608143,45.983126683831664,1.5896550123288742,27,0,5,7,19.795010242671893,3,2.9342806646128055,No
24,15,Finance,4.404166648896045,4.404166648896045,11.767926032472436,2.3227913344134596,4,3.300215448980951,48.67563922240083,2.88909159344665,51,0,9,8,20.250650816519023,0,3.2340857936743372,No
27,17,Operations,0.6025920765163242,0.3,7.379975290111681,1.4892675236809358,4,2.6927625752192514,57.545551968322314,3.1136091493372975,31,1,9,5,18.007491382672406,2,2.9153134134621745,No
40,20,Sales,5.78072851998097,5.013342950033937,15.277279592120964,1.1492873409587323,3,1.7875707307573798,70.71351532835854,2.0983410254682076,27,0,7,3,29.86227238104395,4,3.0274778509373172,Yes
44,13,Technology,9.428080032041331,5.045100666154248,11.584482872421189,1.8653808451098253,4,3.790227307391165,83.3981914635309,4.018060835199217,7,0,6,3,24.037337900614425,3,3.73713377724259,No
26,17,Technology,7.8611126317938975,7.291330839899347,13.262599204425397,1.3306620996284744,4,2.3990365969365564,68.02152473171829,4.172658032372266,25,0,9,8,41.93059724859206,2,3.943164383639987,No
46,17,Sales,2.6289696221348615,2.6289696221348615,11.838039651546895,2.22500326635514,3,2.4872003096322493,65.2889088435418,1.6896905631784709,37,0,5,1,36.60950821296682,1,3.688292577780953,Yes
42,17,Sales,5.5609797235543645,4.681746433776001,9.310567398526596,0.7817445631330298,1,4.4027835508797235,49.271236836004995,3.1819162139558057,27,0,9,5,24.893502702134107,0,3.638698784396717,No
36,14,Technology,10.415328284994473,2.616828919191692,15.85740032112471,2.254784629158938,3,1.076610478592195,29.588495435015325,3.77685467073249,65,0,11,7,31.809936489675323,4,3.9846757274411106,No
36,16,Finance,1.174757368796385,1.174757368796385,12.173945192532823,0.7137834112853316,5,3.8809782244414723,76.75182985918116,1.618872495247377,19,0,7,6,24.78427465305412,3,3.496075419655245,No
49,17,Technology,2.8562791133525964,1.8944978139421345,12.616016470003803,2.205165026892571,3,4.196176273528319,63.6085411626108,1,18,0,8,5,28.94022420549195,5,3.663208540822239,No
34,18,Finance,7.322563770727984,4.221647666872699,13.039762174346615,2.0612288836278854,4,3.9041839231238935,58.52172773990355,2.606291604787991,31,0,9,6,41.52843016511222,4,2.4806608576639397,No
42,15,Sales,7.398847583696652,3.8936415334311456,13.593103940997004,0.6659880068408153,3,2.997516803535918,74.43963471930921,3.7815938488296634,41,0,8,8,38.41959358887286,5,4.460434202840477,Yes
36,18,Marketing,6.70447245834025,6.70447245834025,10.50309534670268,0.7263903099940395,4,3.388224757706618,55.649342120838135,3.400595600674544,48,0,7,5,35.44655639028831,3,3.7662964501422898,No
27,16,Finance,3.776065066293396,1.1011680795441428,13.764319910387675,2.357092994893791,5,4.209477214204283,42.33897623760121,3.6026321038963958,25,0,7,8,17.822706047758874,0,4.336595400545932,No
44,17,Operations,1.9491754689730556,1.9491754689730556,10.59628478134405,1.3704408415549216,4,3.1084621415704534,41.61810767055927,1.331584740265164,49,0,10,2,24.454905609527124,3,2.560482119754561,No
42,16,Marketing,5.990242283063757,4.514585116418604,10.317370280765154,1.9748104392194759,3,4.991817503548139,51.4173687427595,3.405848262542013,59,1,11,4,34.15431305895304,3,3.4419283987700324,No
40,16,Finance,2.579152154446445,2.579152154446445,7.574574485975696,0.6981360263819945,4,4.292050136441565,63.59104918902446,2.7030842396208214,35,1,8,10,16.50078720585856,2,3.77728857767729,No
29,18,Sales,11.052236699767986,7.637549017774548,22.192633741783673,1.8887655377839883,3,3.80496004697241,39.75881334455759,1.986778709474743,29,0,11,3,3.671574814842657,2,4.196182848741676,No
28,14,Technology,2.1206005066987212,2.1206005066987212,12.627105943023388,0.6686022781903539,3,3.0948460269420695,83.08658638209171,3.7214062506294923,43,0,6,4,20.89676444536142,4,3.7649354068008933,Yes
40,17,Technology,8.558521519592606,2.9029043379926525,14.780963200279755,2.334117356158967,5,2.4191867201185593,72.92739214247781,2.7801364988823356,22,1,7,5,29.238388092886936,4,4.093800592595059,No
49,18,Finance,11.30466676449501,2.985332820353337,11.855219456410138,2.3209482907040995,4,2.6882796877193247,60.74972112121755,2.9244419020811754,47,0,9,8,35.31896102452996,5,3.9542097925645505,No
43,19,Sales,21.181497866049412,8.455390428110858,27.30503257965064,3.1946459937889475,4,3.990095247991513,48.219568462413164,3.3042537967035517,38,0,11,3,19.46705456236204,3,2.136733930378447,No
35,12,Sales,9.597363821883683,5.598901829459607,22.92337113865557,3.699289995440613,5,3.378661585771017,66.02813458498866,3.7406403811990967,41,1,10,2,23.176884307364045,2,3.508753018444988,No
38,13,Technology,9.570854933271864,5.518873028503965,12.522927492377448,0.928910796729761,3,2.382645263432634,38.40827573197304,2.888568717950228,51,0,16,2,11.717475966435783,1,2.4021765252867047,No
34,15,Operations,3.879985511158485,2.4860930036860562,9.00481117478748,0.5429427496774428,4,3.0713796629281513,54.63776698931647,4.1725961331910515,41,0,10,4,79.64647485350439,0,5,No
33,12,Marketing,1.5664372783040075,1.401168877242347,9.805229522299333,1.474033219084635,3,2.004522978988298,88.79533802050052,3.3644458757508744,60,0,13,3,52.9345270125446,3,3.4057984734669704,Yes
46,16,Sales,4.735077727680621,4.735077727680621,13.514273133894907,2.4595689581678695,2,1.9065022274342975,59.27024080256987,3.001932539495804,20,0,5,3,56.72784045270824,4,2.8773384577568617,Yes
28,18,HR,2.8793363697832035,0.38437386874486473,12.34984659565151,1.9989368316699814,5,4.815448753837034,64.28001542211852,2.8713275370240323,32,0,8,5,45.956376935320556,1,3.624937578027922,No
34,17,Technology,0.8334723943370069,0.8334723943370069,8.821992728097065,1.2513897900960578,4,2.8818936964783752,65.92810883063305,2.603900415835591,14,0,5,1,12.619363889404903,2,2.065090214005097,No
38,18,Operations,4.524333700772812,4.524333700772812,9.404475670460554,0.6722233170211739,4,4.986822430808969,74.85536975523787,1.3001821846869273,52,1,9,6,31.62949229476582,4,2.907153522252539,No
35,16,Finance,2.348863261027521,1.50775428444056,10.50388034195405,0.6282402407194794,4,3.6199108911650226,70.04491843851494,3.487118075082828,41,0,9,3,80,3,3.7560963405562178,No
44,18,Sales,4.119437999789303,3.7311511913307087,9.37796523657014,1.1647824873519657,3,3.823282427590032,72.26997749311501,3.569355379777029,53,1,11,5,18.557966824607814,0,3.628057420042686,No
40,14,Finance,4.979306369823168,3.557170604440886,12.959285876658077,1.3952048215687747,4,3.083258374821194,38.888326155279245,2.417862054804051,43,0,7,1,52.5015710418475,1,3.7943984356017904,No
31,12,Operations,5.995926231816894,4.2763020580287,17.133981008552556,1.4812975992764619,3,5,37.400415101412754,2.384712474192322,26,1,6,3,50.524985620769414,2,1.9387528286936286,No
25,15,Operations,15.764376582785946,7.952987579784632,24.573907575311846,1.827384638813457,3,4.214148258939619,81.5520163728316,2.412353474499,21,0,7,2,36.330688279807475,5,3.4490549460524162,No
30,20,Finance,5.068249619820852,2.1548429910996925,16.939393384085676,3.132521705086332,3,4.6623495681176745,60.24702669857882,2.3279300371344935,30,0,7,5,28.44060724646582,5,3.679060802579543,No
34,18,Finance,0.9238601806057614,0.9238601806057614,11.195929039953542,1.48151755123877,2,3.7153000372959313,57.069864839272746,3.160991698388475,61,0,9,1,22.182425758439702,3,2.561715985868222,No
25,14,Finance,1.7809908658362372,1.7809908658362372,4.917389845934736,0.48038672464207244,3,4.596048789019683,62.963052767998825,1.555902170796982,32,1,8,2,32.04871127618741,2,4.1398194645916675,No
34,14,Operations,1.3017597486826546,1.3017597486826546,4.63887956250876,0.6049648793614875,4,2.3197808378837443,72.38540940480704,4.187660338548096,34,1,10,4,22.11150571436273,2,3.8125062926633326,No
27,18,Operations,6.671520725597738,4.545029864206227,10.514393666314543,0.6097733807385948,4,4.6178562656159565,54.274515488746594,2.820141547492144,61,0,10,4,43.45961737435326,1,3.4451568388567866,No
47,14,Finance,1.1860099235926762,1.1860099235926762,9.396084899727137,0.8867383058204549,3,3.805819271766448,23.694039401132397,4.511253830001828,37,0,6,10,28.408269051731978,1,2.8579395612814076,No
45,19,Sales,24.99284911099059,6.222817536623601,31.000464685319095,4.174733321198697,2,3.306693348795715,63.31180658687572,3.297696335265383,39,0,12,3,34.66502603500781,0,2.093570983678131,No
38,18,HR,1.2976282840391231,1.1041455631403827,8.13021709180158,1.2104342805279356,4,4.310739461337148,73.47646416626172,2.994054814982829,27,0,7,2,36.68030540674512,3,3.659928089684904,No
34,13,HR,2.144621126006084,0.5714045191951156,11.600864131699534,0.9064261215622673,3,3.7059805677610766,65.56797870678035,3.8112248919389184,81,0,11,6,49.50547270390072,3,4.141558244879039,No
32,15,Sales,9.590335292937995,7.042897412513697,10.407635674601522,1.0821800687044028,3,4.815703502723572,53.3675664437063,3.3962639835173776,46,0,7,7,15.108509598997767,2,2.920633928593275,No
39,19,Operations,1.3175159690859206,1.3175159690859206,9.693231048790354,0.9941550854595826,3,4.013390444034638,67.79477793702887,1.3822895395211676,34,0,7,4,36.065929518257136,5,4.462132067038266,Yes
25,16,Marketing,11.588392453074409,8.655600742975619,18.15374237878879,1.1017422433113113,4,2.7853012980135796,40.537935336065615,3.282574572992104,21,0,8,7,9.732879397781707,5,3.3292648500313318,No
22,19,Technology,2.007220447507218,0.3188418540929141,8.11304761940205,1.223433660516243,3,4.381924434947484,59.283535324068346,3.0552263518106155,24,1,7,7,28.492416171913437,2,4.317074272278813,No
47,16,Sales,18.66884435896685,9.615633367670869,28.340966180326536,4.691112430290408,2,3.2911177435988193,59.620065405539734,3.281359518312027,51,1,12,2,37.605439976368636,0,3.0377162286547077,No
35,17,HR,13.117072744050851,8.119643654851917,12.368002080853397,2.3077148913102956,4,4.624726529221826,53.74783726666245,4.592312980706818,26,1,7,6,34.519904588970626,1,3.0497043064156557,No
33,12,Marketing,1.8292538835559444,1.8292538835559444,10.833875064172277,1.1292312033954417,4,2.081239354362778,68.11153271763595,3.1069183780556826,45,0,9,2,6.458221584443644,5,4.961955258106185,No
34,14,HR,6.006188946870437,3.496239408419965,16.96224192217373,3.2008545678954428,4,3.69566740675163,49.513638626766884,3.8932104311567897,31,1,7,5,29.670059760226554,1,3.2090879202117253,No
30,15,Finance,21.401302653300178,9.398957578303706,22.444145217715707,1.5758676559717781,4,3.603036035724066,23.976875388740492,2.620992607110499,16,0,8,3,42.9851735453752,0,4.369302440909761,No
35,17,Marketing,3.2809937905950544,0.5746925297230826,12.114560830888493,2.120351856061978,4,3.4846704771301003,92.91796900143869,4.004865970039063,35,0,8,4,52.97640607219609,5,4.016295434179383,Yes
37,18,Marketing,6.633159119973791,4.162335282512847,20.28315650458073,1.7150594090895876,4,3.4999049487271017,68.23760095344,2.8026936675278997,14,0,6,5,20.30917026969162,2,3.3130208760479536,No
45,16,Technology,19.650472780212812,8.77089704213957,25.326564633919325,2.0844349797720616,4,2.38385209862543,57.79320853127314,2.1898058946955126,27,0,10,3,27.132398254572628,0,4.444754331255704,No
55,16,Technology,24.295660164466184,5.133718434144698,30.41966936689492,2.7820236293354474,3,3.990795274499606,74.10339357913313,2.307465584644948,43,0,12,5,39.0537125712829,4,3.38424530379837,No
42,16,Technology,6.848839443003436,5.7410539908261695,8.639809070715163,0.4443342841117601,4,2.573378604704514,100,3.603148522542164,27,0,7,2,35.00923519880006,5,4.005111230256731,Yes
45,17,Sales,5.538011670972442,2.1396704635009756,8.493357103297413,0.6644054064826967,2,2.6224727142855975,36.7844676288813,3.304011862356894,30,1,8,5,11.5055372065625,1,3.3306439358464806,No
44,16,Technology,3.072344399381298,0.3,13.097376719968578,0.9888173071666742,4,4.676398247552939,53.05505943232375,2.3015621139963423,11,0,6,5,13.334397953546208,2,3.456927623351398,No
42,13,Technology,0.7010651191230006,0.7010651191230006,10.49177652609184,1.8324678675971944,4,2.4977644256939775,52.88373789441957,3.295007034709211,22,1,9,1,38.942470578821634,1,1.8310792113845207,No
33,14,Sales,8.415084511509452,2.044468797253661,10.168268345321826,1.9745122097783152,4,3.799337627154743,56.69681412887135,3.316106266592576,37,1,7,6,26.87889616132337,5,3.151277425705828,No
39,16,Sales,7.224701683498216,4.444787653788336,10.066102434586666,1.18011225604686,4,5,43.299182227700285,1.8058687773819564,30,0,9,9,16.976717401213442,3,4.154638369344161,No
24,17,Marketing,13.257546542228628,3.8129112583496667,18.70449431109466,2.2760744708130956,3,4.121690957830454,50.82952318319152,3.4613404287435503,23,0,8,7,28.09367182348423,3,3.081728362644822,No
36,12,Sales,0.3,0.3,8.059780663851937,0.9078513199422924,4,3.711916585204921,63.371875759468374,3.567978410555791,23,1,7,4,10.549263610341054,4,3.1250138356109787,No
35,16,Operations,8.881261328546632,5.782328359179066,8.559562995899288,1.560384641147951,3,3.1065575101431353,73.99777612361018,4.0129162230996895,24,1,7,7,38.53565884835697,2,3.7726371285946625,No
32,13,Marketing,0.3,0.3,12.0920924636568,1.6622363650828051,4,4.994821459977231,63.22426403099888,3.906010088089861,19,0,7,5,32.43600048955023,4,3.47606170135345,No
34,18,Marketing,18.827561731887045,6.535879446908341,18.578590351060832,3.3515685991910056,4,2.6191851688384564,47.23023713719714,3.8231382863532315,51,0,11,2,6.708527227436162,0,4.435792295683215,No
33,16,Operations,3.8926415709922435,2.814283766979587,9.484697610320337,0.5299938575973789,3,4.112717886225279,65.75788523550519,2.9080682671524047,21,1,8,7,52.89278451539984,1,3.0599397506198636,No
40,19,Marketing,1.171210765242732,1.171210765242732,8.713976618737973,1.0420277550188661,4,3.5799812523106973,81.0296323011313,1.8024056895346883,18,0,6,2,72.05643213449967,4,4.0216569684982035,Yes
32,16,Operations,2.0355981124550033,1.634026037028936,10.835740490703277,1.3433239977828544,3,2.8126151929093925,81.99244421852661,2.412698168615284,22,1,7,4,24.131182667202772,4,4.1640042687664005,Yes
37,19,Operations,7.44865429265575,2.4112121422834423,10.329267504277862,0.6672266218370125,4,2.5092032007241833,62.2194313806584,3.7065802429048285,32,0,8,4,25.245269339669214,2,3.9137417903390928,No
27,17,Technology,0.5836337337679152,0.5836337337679152,8.68882108536676,1.5761709148667704,2,3.1022472266426533,80.29409156701499,4.3924721202246095,22,1,6,1,49.8055088173527,4,2.605999969185046,Yes
37,19,Finance,2.9779563223904986,2.6758163698224426,9.580624692986971,1.1936306327633972,3,1.9816985431334928,70.252385091388,2.1187518799691114,16,0,3,6,19.40132636507509,1,3.2218825014170527,Yes
39,17,Technology,0.8386775905089949,0.8386775905089949,11.541299376339529,1.2106237972998837,3,3.7369571778743844,44.67986563209256,1.5319452996577607,23,0,7,3,14.338281205712365,2,3.136007268387275,No
35,17,Sales,4.446975033796255,4.446975033796255,7.7578835184983665,1.3842122085051192,3,3.907267868470016,57.12577495893634,2.521280235396373,38,1,7,4,27.55970277691938,5,3.7144904733736626,No
32,16,Technology,1.307115804966457,1.307115804966457,10.512434065950885,1.4622783017288283,3,4.619954369922069,47.03195471925656,4.315951114525363,17,1,6,6,9.418614243885317,3,2.749815057294957,No
45,16,Operations,4.153723521693978,1.7655285572402564,9.717225025098282,0.5674040170705956,2,4.3047443157228455,62.16154610768444,2.4862492313292424,23,0,7,3,46.8095079445517,1,3.5243716074468048,Yes
35,15,Technology,8.505610000098077,5.717422085280547,15.585500128654065,1.0130765998907774,2,4.821002676703145,100,4.680885750465959,43,0,9,7,32.78745816868099,4,2.8317368371500757,Yes
48,16,Sales,7.064894409102954,3.5123617017275306,21.69155312107903,1.823346450394968,3,4.471477970224416,57.05919471414109,2.782191962840496,43,1,13,5,78.60174942506801,2,4.472256487902138,No
30,16,Operations,1.8978068650875026,1.8978068650875026,5.381451657561766,0.3771010880453465,3,3.2085768802156474,55.52749677413118,3.086223939414149,25,0,7,5,18.755518575267654,2,3.5572643504550494,No
26,18,Marketing,5.597515417809232,2.245832561675705,17.114676695843965,3.164557488417332,4,4.101955332241883,70.57350043041245,3.5150575365129577,22,1,6,5,20.30276404804857,2,4.00314503491065,No
38,16,Operations,6.2526035577660215,2.615758924276126,7.826565910362505,1.3044212073623096,4,3.6814831532622114,44.983271099176235,2.972976402690689,19,0,5,7,27.139178396422903,4,2.5720128699030034,No
34,19,Finance,3.8805079686526494,3.5682043486832282,7.198972809930257,0.4029054089171544,3,3.7971023643702138,72.96031681460147,2.7938915897913055,29,1,8,4,13.34887734052251,4,2.4119657862663835,No
39,17,Technology,0.3,0.3,6.5035603071112416,1.2308279399358677,3,3.314317307546023,18.93539470595425,4.102075510171102,42,0,9,4,32.114686937717224,2,2.321807310663316,No
41,16,Technology,0.5990017707588506,0.5990017707588506,7.9019075477611596,0.7526911026577271,3,4.090342554445774,73.88301090229488,3.597221033836301,34,0,5,5,69.10506395968426,4,3.9224255841237925,Yes
40,18,Technology,0.30930575033524066,0.3,9.320131572448883,0.6053429983178301,4,3.585767775006022,35.83734280837996,3.496852755344541,6,0,7,7,7.8628883610329074,4,1.5143587305638486,No
37,18,Finance,0.3,0.3,9.164558429965346,1.5235409181643629,5,3.9742876553935282,60.91297008105692,1.6769313487393116,23,0,5,4,20.183308976546147,3,3.052929545523868,No
30,15,Finance,0.8562861108286922,0.8562861108286922,8.790869300671027,1.5589735890233478,3,4.685712800108457,43.27093263984234,3.5945732925479508,20,1,4,5,4.182542328363424,3,4.708474609151274,No
36,18,Marketing,1.1755694008114645,1.1755694008114645,10.727528987564579,0.8495198171795216,4,4.880843840229886,53.791408191113696,4.717842302259083,41,0,8,4,30.879276489284106,3,3.060448242950431,No
44,14,Sales,3.294610578402362,3.294610578402362,15.275118565050978,2.9845692719409325,5,2.817229967046939,68.49106316553168,1.3040124402972595,58,0,8,3,5.3836387834991966,4,3.642937898185807,No
46,15,Finance,0.4580105432061107,0.4580105432061107,6.0041701138828065,1.0548673603353964,3,2.587945490932211,82.73158921592754,3.2167572720575293,30,0,5,5,25.796999239792388,5,3.352452875300716,Yes
35,18,Technology,2.6302297659520044,1.9236691017775436,9.112075287445865,1.5815581508011889,4,2.099633033583317,39.42922380011237,1.9990064883692373,9,0,5,1,21.062670121685077,0,2.1421651749271047,No
33,15,HR,2.3067594694273645,2.0925953889589506,7.944278996483135,0.5604263871961522,4,2.914747335797537,22.572275273432865,3.2105026413130306,13,0,7,8,54.54151959750308,0,3.3169530712587374,No
26,17,Marketing,4.897805935637141,1.8028886920034521,9.856862462438906,0.9129059064913068,2,3.409222344806991,55.56458115948369,4.084858383005362,47,1,9,5,40.993112583812234,1,3.250969939452151,No
21,19,Technology,5.1613043280262305,0.30222647146451537,6.718915867018073,0.9863156383090961,5,3.51993678867012,49.302168689757636,2.094690234814868,78,0,12,3,22.29903855505215,2,3.6094129380168503,No
28,18,Sales,4.671597937734578,3.624560553325971,12.90373623777916,2.2919808911658093,4,1.8073575079733173,67.0438341167267,3.7868300951664855,26,0,7,8,23.305349153242602,4,3.50195019902167,Yes
42,18,Operations,4.314085348823154,4.314085348823154,10.92656016696879,1.9105944098612204,5,2.993385199203898,66.38587850620944,3.170841176150645,20,0,6,1,33.53242009120061,5,2.7806648266369094,No
32,18,Operations,10.801231796127835,5.663054105592632,11.01737103709442,1.9786480898573482,3,4.613967756633642,69.52521914893492,1.0089782166767964,21,1,8,4,17.96395665876987,3,4.620183438647879,No
25,18,Marketing,2.402433805893278,2.402433805893278,12.041487130909198,0.6750214156421416,3,2.4037724887599428,89.64098006364391,3.0153869220448817,36,1,6,4,24.099611806401434,0,3.1356711157960446,Yes
37,18,Finance,1.0789104130663738,0.9068736033592081,8.5041293420598425,0.712912242850436,3,3.4998891622813537,48.41726814552884,3.292409075133546,16,1,7,2,17.470816956265136,4,2.7178918196305712,No
42,19,Finance,2.999339030149707,1.4574680373305626,13.010945070079666,2.609283838978067,3,3.601965905641056,47.837277775796,4.214772970806641,36,0,8,8,80,2,4.781388154233816,No
32,16,Operations,5.424996841962213,5.424996841962213,10.35625316134916,1.5197621329953093,5,4.2107668922327,79.51738008233896,3.7754005978064082,51,1,10,7,15.73796505853998,0,3.4414989397059377,No
33,16,Finance,25,10.313133126395712,49.81,8.954839378952116,4,3.2188041648632932,41.92973249213861,4.993460356996631,26,1,12,4,27.090365739492302,3,4.574941279701995,No
47,15,Sales,0.8538428493353727,0.8538428493353727,7.79934067019705,1.4340836756780764,4,3.416195142252429,40.97543551201432,4.319307754022244,35,1,5,3,44.38373941202756,0,2.8188772186682134,No
47,19,Technology,3.67972105617717,0.9876253278674353,11.31718480602475,2.2256784237019036,4,4.4111276601151275,74.1800068348267,2.9311458112562714,27,0,6,6,52.07140567165782,3,2.5390510689688486,No
30,20,Operations,12.380248635025294,5.638606888256581,14.282599798659517,0.7779221218760384,2,2.9829977449483946,73.93286137794159,4.064007437634772,28,1,8,5,37.54266364471366,4,4.2479536136125775,No
36,18,Finance,2.067255269100303,2.067255269100303,7.010595396692821,1.1066564051218073,4,3.394767978586282,64.98680084150077,3.9037428040081235,20,0,6,5,39.51655042980533,1,3.413001925635541,No
26,17,HR,4.437569692533926,3.4986740804479686,15.088237596004419,1.3289159978968992,3,3.485619323237144,76.99829976353256,3.8951201577025385,56,1,9,6,17.341450487928473,0,2.849101039795586,No
31,16,Finance,4.940536731818292,1.0469682490766743,7.44099382929197,0.994530976665153,4,1.8984340400349218,31.949136636416096,3.3961745211162744,37,0,8,2,48.72766689361787,2,3.0319416504510395,No
28,18,HR,5.057260216433791,3.7218991625308875,13.394698468506723,1.1346718313710917,2,3.3911963181592006,68.91865624133139,2.001089065178888,39,0,7,10,39.10108649368434,1,3.1252219638955445,Yes
27,19,Operations,6.214329365583736,4.262342964724436,9.63710205523461,0.5554451654103117,4,2.819627652695158,71.76254542010392,3.3897288446430696,41,0,7,5,24.738090478412037,3,2.2999210222896886,No
36,12,Technology,0.3,0.3,5.869159911993726,0.6661663156483045,4,3.695017436600364,57.665899656844715,3.3918934734822472,38,0,10,8,45.4544281190738,3,2.5868143570014954,No
57,16,Operations,5.0336684320310505,5.0336684320310505,8.847439307530871,1.3214411142207405,5,3.712988865581699,63.45385465086844,3.4731112340953,31,1,8,4,39.884096986346705,4,2.4658439026106604,No
26,16,Sales,0.3,0.3,6.322239241416178,0.8692687466359532,5,3.7619735468165127,72.34457470530003,3.689568184851113,54,0,8,3,16.099999953188025,3,3.4033812827344763,No
21,17,Technology,5.375958969321019,5.236506324321573,13.51905611787294,1.4562741531478125,4,3.001582784799099,69.18639623162316,3.0774781442803856,38,1,9,5,9.092992717932834,3,3.924628337135809,No
32,15,Sales,8.963816888975366,3.7934691609006257,14.094169098544079,1.7222742039646526,1,3.4051104132673813,66.3612599297206,2.514639939626666,38,0,9,1,23.190901082033506,0,3.0161056976588583,Yes
48,14,Marketing,4.790428922116007,3.040053962116722,12.72705971159636,0.9516969210106421,3,2.70681509276669,66.32852188185575,3.4994006448009247,37,0,8,5,31.363796928664723,4,3.4089375833615563,No
39,19,Operations,2.415147910706054,2.415147910706054,7.0300643022680855,1.092262557565672,3,1.6673590073872682,63.03279408487927,3.0959671831566222,25,0,6,7,23.479026083955276,4,4.218099999009203,Yes
41,18,Operations,1.4570047114429125,1.4570047114429125,8.213135645113617,1.4686671687662358,3,3.485466095430291,68.77894782850403,2.9199337914902745,32,0,7,6,57.211804382676334,4,2.0878823486788898,Yes
36,16,Operations,13.077234356663578,3.673629041649005,15.118940182895965,1.7362367361646802,3,3.181152929070215,84.68356307788441,2.6971610846927145,18,0,7,6,62.98946517974196,3,1.6629761810441623,Yes
36,17,Finance,3.904293526537022,3.904293526537022,10.124503195319816,0.7778256183137823,3,3.061087322857462,62.97907097550428,3.3880958630493403,37,0,8,8,13.488775991875073,4,1.8742120831797489,No
36,16,Sales,0.3,0.3,8.044006115345631,1.1600845405568574,4,4.216935850361474,54.987758766779734,2.7959605271984835,37,0,5,5,28.178275771611904,5,4.060389798527865,No
37,16,HR,7.805854253681382,5.133824720032628,12.357703015174874,0.9173833016823217,5,4.309137513887807,37.96968003217078,2.9976253423117774,28,0,8,2,23.209205633716653,2,4.1884149929328345,No
22,15,Operations,4.536166550647584,4.536166550647584,11.111942362090648,1.1399247856567667,4,3.620599189638304,78.40360060083081,3.094366780956064,38,1,8,2,35.2858549040539,1,3.154059564639571,No
42,17,Marketing,3.5062081849081914,1.6550248541607955,11.834065850643997,0.9812784908377384,3,4.7199271616780765,72.89439591366461,3.6147378671995907,12,1,6,7,10.908812221269987,2,1.6348303956244894,No
30,15,Finance,15.31829730856615,8.91939366672239,24.800184305032477,3.533850293082543,2,3.1008303511558393,48.79073036817392,2.5048230671600473,20,1,10,6,31.685700740992207,5,4.161119950059666,No
34,14,Sales,0.6132770119267282,0.6132770119267282,8.198055501929923,1.6309181626844098,2,3.188979387900824,42.87848131890271,3.9025417217871263,46,1,7,5,28.898674959209174,4,3.377771568080482,No
51,18,Sales,9.642826287024963,0.8266588939200467,14.50329199973128,1.833026067265684,5,3.6057678772429846,53.43592874132003,2.7918432742487207,26,0,7,4,11.500545279162525,3,2.635669996466876,No
25,16,Marketing,5.605395156537168,0.959024491047122,14.090199849923382,1.2800592314171388,5,2.7082435860178413,45.85472842484202,4.672516209296909,18,0,4,4,80,0,2.3545437875837023,No
21,19,Operations,2.5361821945896916,1.5286123169064194,9.933416493060276,1.666292690299308,4,2.684975775636935,50.467203490090355,3.1058914577709333,42,1,10,3,12.000701240047691,2,3.3942807418195557,No
28,18,Operations,5.0138971336242,3.864234025795881,11.21873974883823,0.5978408300267278,4,3.8923885974980257,62.36365296840045,1.812883860604477,11,0,5,1,23.137299918335692,5,3.778659519189582,No
42,16,Technology,11.040216575901106,7.1125782204998895,18.166829896393537,1.1215579590334788,2,2.5603477123186464,29.30998633144811,3.5077114356339836,44,0,8,1,20.683341039070562,3,3.9955584847022627,No
28,17,Technology,1.2966392520493557,1.2966392520493557,15.384852723781684,3.0376679743482007,4,3.9858269356442184,78.1255765488988,4.132544730772884,56,0,8,4,37.55045318264245,1,4.968765194840202,No
31,13,Marketing,5.597168279223676,3.911577599780231,8.603703959724795,0.6117167212732526,3,4.987593116423067,70.98361450172209,2.2868314482846284,26,0,7,6,12.806507962588581,0,2.6952635569739476,No
21,15,Operations,0.39892843669900135,0.39892843669900135,9.063302007906234,0.5124820256185515,4,4.5365131446971025,52.110708882819736,2.5238645858543567,40,0,8,6,20.780370364593374,4,4.174947038694239,No
37,16,Marketing,1.1290013328897899,1.0144919018560132,8.317279653705961,0.4415862450667594,3,4.312252166078147,57.2492945696287,3.025023552735183,36,0,9,7,20.613313389920403,3,3.75753380722345,No
36,14,Finance,9.731197604101773,2.7217959656246484,14.507831315942152,0.9568477685760843,4,2.3801932165829087,54.48679095195171,2.767370449976352,15,0,6,5,14.681854975771838,5,2.192594385647618,No
33,20,Operations,3.524530461903887,1.6390961987019828,12.653546833566496,1.8903702110162428,5,3.1059208209403404,78.80959226633533,4.182170651765202,21,0,8,3,7.46663014673814,2,1.1983772610509846,No
21,15,Technology,1.6026512268884376,0.5325621858006506,12.311327262290996,1.6342729648955356,3,2.7892732383720142,78.95967636038313,2.299789723255682,36,0,9,4,23.364106077595718,1,4.2061598569187195,Yes
41,16,Technology,10.493139692417142,2.5014710874870523,14.902465397474579,0.7605374075862079,3,5,46.23617722193025,2.2877474331005687,37,0,9,2,12.036596369315372,1,1.552699690318928,No
33,16,Sales,0.4620559883559399,0.4620559883559399,7.235402479436727,0.5203818396063575,2,2.7091907233210146,42.543221437080334,2.982964867241149,53,0,9,7,14.202029663739031,3,3.772709097852638,No
31,20,Finance,17.880897567007715,7.873513580033346,22.48356170600319,2.2073519853977883,2,2.678089134972073,40.979096571760834,3.7976711794797025,44,0,13,6,29.134591311686997,1,2.9933925497053715,No
21,17,Operations,9.449578647247863,5.813309333751226,10.012170519563856,0.8532493262751408,4,3.4844761304629452,80.00095339227263,3.2152815827295673,60,1,11,3,8.385120938955232,2,1.388931882614232,No
38,15,Technology,7.574803690703293,2.250968396443101,5.751647204781483,0.3623216589946351,2,2.785673255039034,34.54761627647143,2.497364588071826,53,1,12,6,26.611471025105857,2,3.6241837808007156,No
43,19,Marketing,1.514273272334957,1.514273272334957,9.583876970099551,1.7692093716156654,3,2.5118531649591764,48.740591144378634,2.8627560357518433,15,0,6,7,19.64547310307186,1,3.1214199534237204,Yes
38,16,Technology,2.738515393023311,2.738515393023311,8.43245635728325,1.267597475750577,3,3.6101168880381835,74.97053667169955,3.0721527023706248,46,0,11,6,16.37553258282501,2,2.9853814138553734,No
36,17,Operations,13.586050468339527,8.117053699477978,14.745373866087018,2.912754897901773,3,4.108420216952351,52.14887716316245,3.781995979629844,56,1,11,3,29.324050360745343,1,2.2423184040612343,No
31,18,Operations,2.7370518082436224,1.5440970305896635,11.143182280189102,1.801701384542964,4,3.5003361345744533,31.0557086745201,2.6877433735261542,20,0,4,5,29.68158493375799,3,3.1054293517908684,No
31,18,Operations,11.506659941250517,4.428539391974783,22.143786775047367,3.6065213713866124,2,1.9949051751347768,64.20818358687406,2.9738154807827537,97,0,15,8,24.39846639479594,2,3.1693397377819448,No
32,19,Operations,2.55228204112519,2.55228204112519,10.222265252115655,1.5237326811544125,4,3.412071366436235,69.16521072603273,1.0871967763284085,18,0,6,3,34.50762957595464,0,3.815032849852638,Yes
34,14,Technology,4.209344413462921,3.839856714518877,12.518472148352483,0.7325229045947893,4,2.992705827768301,89.09669256267695,4.189105909343408,15,0,5,5,39.65249985712112,4,3.528919718304871,Yes
30,19,Operations,3.1066651128239964,1.5338705476804506,9.922123187363905,1.604076479408833,3,3.5214782343783737,58.47673711620505,3.909975553039932,21,1,7,7,10.253106422879133,1,3.3075600695507283,No
44,19,Finance,8.336756727561605,3.6407350328361754,10.718672497718655,1.7487818878333157,3,3.495201818110121,58.361308118391094,4.500167665798377,36,0,8,3,19.45412089710155,3,3.560321354493958,No
32,17,Sales,2.08213749945863,1.1315287165835044,11.107808607867756,0.6456468307141041,4,1.9968276491482924,51.32960667559675,2.8724024510123862,69,0,14,2,34.051647962684356,5,3.0233596919653873,No
40,12,Marketing,0.3183310317655578,0.3183310317655578,9.849447519183187,0.6572517934910832,4,3.873027157300587,35.805777474108275,4.0971400738110715,42,0,9,3,30.141543118589663,1,3.550049707289654,No
24,14,HR,4.3666271034068735,2.0190613263612702,10.476297124594046,1.9260230314514277,2,3.1874846492788054,53.10580001193698,3.5191398308199258,41,0,7,3,50.03396875951933,2,5,No
46,16,Finance,3.83934216113971,3.83934216113971,11.853085865165237,1.9008989341690192,2,3.1997345901386853,41.3286664962326,3.0878256887297737,39,1,9,5,15.499584841650902,3,3.564044746374081,No
47,15,Technology,5.3650853336958235,5.3650853336958235,14.24132265256683,2.2341382383706545,3,2.706580216297315,60.24089686900827,4.392638229296259,37,0,10,2,24.864782313523648,2,2.343729617447244,No
28,16,Technology,3.0948377899325767,3.0948377899325767,9.979417510440818,0.684115305202348,3,2.5787087263533257,60.497591560239705,1.2954066418657648,34,0,6,6,28.335983925020358,2,2.7588271206665835,Yes
32,16,Sales,14.199761439400259,5.766085625700174,12.711693058074907,2.255945389987572,3,3.7071388959577307,48.53186023024251,4.1470953968749775,37,0,11,6,12.747633456082646,5,4.19022126628154,No
32,17,Finance,5.100559369366214,2.82652103617681,9.303696894897646,1.5572973352541661,3,3.6786740763875945,37.856769789660056,3.784613298852841,40,0,10,8,31.467961721524112,3,2.746632893252034,No
30,13,Finance,4.254447082172449,2.987519796021958,11.733192275863546,1.9147788762609024,4,3.6099964247953418,43.23365898197142,2.7056471528401773,27,1,7,2,21.787447666527623,3,3.4530283040700005,No
31,14,Operations,2.406057461901225,2.406057461901225,12.33533164703351,1.692017694559649,4,2.090761405819289,83.5740027898697,2.893315618874867,27,1,8,3,18.326319525964294,5,2.6502606548239935,Yes
37,16,HR,0.5914635839274066,0.5914635839274066,9.868688137421477,1.3548667085386388,3,3.177447545578187,56.013258025521495,2.979153290480683,28,0,5,6,20.378202053079963,2,3.8642062494854694,No
28,17,Marketing,9.206465931143347,4.719881917920272,13.627981776885548,2.264887897398954,5,3.0970456903692134,25.599874732010683,3.009399747625432,15,1,4,5,14.361572233224148,4,3.412742823537362,No
29,16,Finance,2.4420531645762127,0.4851677684835528,12.155357294889823,1.6171025011743674,3,4.3857332724202776,63.40682699603153,3.289428112492719,62,0,10,3,26.200160638916806,0,4.038555778192261,No
41,16,Technology,8.593833377870201,3.447306266537005,17.908054028279334,2.2102793677672823,3,3.197664233233907,38.93485977517233,3.1026513590059777,26,1,7,8,32.18732333732949,1,3.4908208070808047,No
26,19,Finance,4.066553458645229,4.066553458645229,10.655516600460018,0.6527159230665304,4,3.106528105823625,41.84371209767329,2.8979247044140455,22,1,7,6,71.23933965188074,2,3.978814004527517,No
27,17,Marketing,10.907786884108832,7.204538611620885,13.690117128873307,0.7321855343217927,2,4.100847908902651,78.25538305477122,2.5057748190485447,16,0,10,5,47.24772220927969,1,2.213030919143641,Yes
37,16,Operations,1.863033744698558,1.863033744698558,11.179573138114145,1.0410378610521567,2,4.079938133240646,70.33853660743297,3.19381854751351,36,0,8,4,10.437861928808388,0,3.718380068134788,No
28,17,HR,2.8573251145770144,2.8573251145770144,13.066011465065845,1.4134297788407684,3,3.1126284736167595,54.84850393468312,3.1759020028422755,25,0,8,6,65.7368996746905,5,3.3896363415152027,No
34,18,Finance,12.403922268334368,6.154103086893591,20.285403681823286,2.4447160938901233,3,3.6849463662925683,56.86514242745307,2.886491059993517,20,0,8,5,7.133225341607762,2,3.4900793707969973,No
32,16,Sales,3.771046340492256,3.771046340492256,9.913163280428858,1.3146796299179895,3,4.689287223925651,63.25798315153704,4.706296547239602,16,0,5,2,14.19910809734654,4,3.019507151375011,No
26,18,Sales,3.9789779332214397,3.9789779332214397,7.60243247069391,0.6650917958837692,3,3.5168714830592345,66.69345294253151,4.8230042308895795,31,0,7,7,51.046034165726205,1,5,Yes
40,14,Technology,2.412892057016723,2.412892057016723,12.84811558101178,0.6522899262736643,3,4.098001480228133,34.85137993778668,1.8004454456950258,25,0,5,6,38.89850265045133,3,1,No
21,20,Technology,2.8987825264250797,2.8987825264250797,11.305775322648742,1.345440606881846,4,4.374786124372605,53.914877492968365,3.202901105904191,36,0,7,7,27.981840536082878,4,3.208667884006081,No
34,15,Operations,4.1430112392589304,2.322576286611473,13.613443787955182,1.3880446528341013,4,3.6915154958653393,62.202337147557365,3.8616140805563455,14,0,4,5,26.59448262655071,1,1.9132852463299497,No
21,14,Sales,11.320158615306436,5.094167347124868,22.60889908655514,1.4878927602481224,4,4.311274423028012,53.04406895648166,2.5006177062152184,28,0,6,2,19.058782036550767,4,3.040710582957201,No
32,18,Finance,1.5416323394190512,1.5416323394190512,10.296675774342631,1.8694133819462697,4,4.09018958242235,81.09126434342329,3.2915693205423504,17,0,5,2,12.968865212350195,4,3.321802521812408,No
22,17,Sales,19.134322361401164,4.167381773518412,22.049131373061282,3.167333030630887,4,3.7283537073724604,71.01704727777026,2.3028410565855975,29,0,9,3,11.817870969732454,4,3.8020242896965084,No
32,17,Operations,7.7528365333330225,6.419207013315466,9.531725354851313,1.20659725409067,4,2.7246476804051767,41.17356834326005,3.1034756549675144,32,1,7,3,40.35060532645034,3,3.8709195038503785,No
28,20,Sales,8.83501506940505,5.2680941494280225,20.514276366465648,2.2796536864223795,3,3.818126757003188,54.34689295416406,4.312515756599678,70,1,11,1,49.91973955589236,3,2.3411443044930915,No
40,12,Finance,1.612269108696679,1.612269108696679,10.380029017693667,1.9252244109710048,4,4.3568005735402275,53.05432445445387,3.7858490882814997,37,0,7,7,32.057409908835716,3,4.31167646905179,No
31,17,HR,15.479244936131305,6.479322997116729,17.117243595776475,1.484521213232866,3,3.0787928886026754,40.79251404489887,2.2780207992879182,58,0,15,5,14.789537134508794,2,4.330030307187317,No
37,20,Finance,25,4.031174042841271,27.580883796101478,1.7928182327323305,4,1.7373454575836462,27.568177748874497,4.424844677641728,17,0,7,4,14.282851190796396,4,2.1521864773386783,No
38,17,Operations,0.5632445102247721,0.5632445102247721,10.588898875603862,1.8147579584402418,3,3.8940169215194707,50.94308387120042,2.791653691707263,30,0,8,4,39.25840990989684,3,4.002078038442785,No
38,17,Sales,3.1626464178574967,3.0422398738574756,9.788385297622435,0.5928347533832098,4,2.2962817390815222,51.222763531099005,3.112882544266794,48,0,9,2,32.96843269657482,4,2.3940216555477627,No
29,20,Technology,2.772124371449466,2.772124371449466,10.838211408890203,1.080629500231067,3,3.5958419483892308,92.82122311106383,3.1804627121668267,52,0,8,3,40.41096444558201,3,2.825888277279233,Yes
43,13,Finance,3.057154298701974,0.8643335281928044,13.23263774335793,1.7023089102460327,2,3.9044944326139848,69.07116894487109,2.3075134423377923,24,0,9,4,33.69428892153493,4,3.5398714602115784,Yes
39,15,Operations,9.592131027740646,3.1473932451171267,11.849382365881075,1.0531522328668488,4,5,34.60242027024446,3.5804398612290194,54,0,9,6,14.305761697616447,1,4.736231457929293,No
32,15,Technology,8.4607276861652,4.341838794251064,9.024429764469977,0.6990536055504325,5,2.1950155009731036,54.587079363195855,2.4977983447934586,53,0,10,3,32.4593096400508,2,4.005012906845898,No
38,18,Operations,2.333866926308332,2.333866926308332,11.438333813431964,1.3692515088284634,4,2.874481313277967,72.38322269965703,1.0007187862123965,34,0,9,6,7.847578866046046,3,2.786323264606458,No
35,19,Finance,10.861013123205357,5.569116182108542,15.180958194865697,1.8559993187803732,3,3.4124919922792833,56.27921647861285,4.2206633765300925,41,0,10,4,41.2698320295722,3,2.8705078959259795,No
23,15,Sales,2.7421413120277514,2.7421413120277514,9.111621224547994,0.4521405326315808,4,4.002745916349437,83.28382037694996,3.4778611747453194,48,0,9,3,16.978739672755605,0,4.764228044908829,No
42,19,Finance,0.7433700533427481,0.7433700533427481,10.946439923822046,1.3431241895275405,4,4.096669379659295,58.45988521346156,4.587551462384749,15,0,5,2,29.890130824069306,3,4.184515653045044,No
43,12,Sales,1.6424902887194022,1.6424902887194022,8.391342958102145,1.3640209423979424,3,4.41608601287758,86.21661798126362,1.2929840961605048,47,0,9,6,15.002058868926639,1,3.476888159298933,Yes
28,17,HR,6.689370923904861,6.005081785919727,11.620898694752155,1.4771671338497394,4,4.949541075020307,51.34944057625907,3.8007553369319225,39,0,7,3,18.052760240749365,4,3.754263748327266,No
43,17,Sales,6.062243150559361,2.8199581423931632,5.162971014299291,0.5559523303070254,1,3.3794281639405375,45.16442639337078,3.0966017818369727,45,0,9,4,13.676870979941205,5,4.230435882645145,No
35,15,Finance,0.3,0.3,8.55126600186788,0.6395976275582362,4,3.4038415721481625,55.72297986844315,1.3183483696815521,48,0,8,4,9.499089858579818,5,4.469387098630378,No
28,13,Technology,10.007841658818151,5.177740502988294,16.228723977983726,2.076523776270606,4,2.4861532980074905,47.31414790047476,2.9763716705450665,47,1,7,5,27.610646253652817,4,4.223090699464921,No
34,16,Finance,3.6158304548856712,3.6158304548856712,8.745097739611335,1.6565983318109128,3,2.614478046639428,35.063367196913035,3.38905350254917,25,0,7,1,10.073582865722988,2,4.666617465384044,No
31,16,HR,14.20109562492424,4.03733556995469,15.089781811123109,2.4495102055964875,2,2.9893640747962404,65.19713554113565,3.403542950685857,46,1,7,6,16.970236461750947,1,2.929052915574148,No
30,17,Technology,2.49236366150505,0.6841409826174768,8.597888493345314,1.1710798703785736,3,3.08981659120505,34.62294772324322,3.1005374352858732,16,0,8,5,38.058194489989745,5,4.05010947070933,Yes
41,20,Sales,0.9309062674950254,0.9133598219888194,8.521772731467083,1.3500500381395952,4,3.8419985477120675,15,3.7974307329776793,27,1,7,4,26.269210380841987,3,4.680260294895954,No
33,19,Sales,11.746870182983491,4.374924109543162,21.99593799562868,2.9696934585226744,4,3.596726206993362,50.05792519869224,3.896986806763777,11,1,6,3,17.363413247878007,4,2.3958916170251694,No
52,17,Sales,5.828626456438959,4.087974543946952,14.251787170704064,1.4801665552153167,3,4.648612016957829,81.49828234390922,2.879345138526104,52,1,10,6,66.97993027189665,0,3.367821856800748,Yes
25,13,Technology,2.418186454813584,0.3,10.311678155658715,0.7870731376169974,4,1.5027330983423235,51.94555268682467,1.9232629172237483,30,0,5,4,11.59398259112843,4,2.560105467331002,Yes
33,13,Technology,7.8799391917584405,0.9445708825444935,11.257726241019085,1.9369596237133824,3,4.187491214836112,37.81725378321156,4.117730511717994,48,0,10,4,40.097615279144165,2,1,No
50,16,Finance,14.535452808451259,7.215306551216073,30.938808600931768,2.576900183197488,4,3.175905680158625,32.56756406140039,2.6997163466862313,21,1,8,6,9.33245529724118,3,2.8475055022337297,No
29,16,Sales,7.650291139569632,4.606048338263563,9.262780295454968,0.45793707144205764,4,3.28700868717341,50.920310903518924,3.4249606196615416,69,0,11,5,48.92955155544284,5,3.944870327779915,No
30,20,Technology,0.651116362592554,0.651116362592554,7.763687950559004,0.9742594686848128,4,2.9928193363431337,75.76337253481425,2.801411619140289,28,0,6,1,23.702182233003683,0,1.3007297479925324,No
