Age,Education_Years,Tenure_Years,Years_Current_Role,Career_Experience,Base_Salary_Lakh,Benefits_Value_Lakh,Annual_Bonus_Lakh,Compensation_Band,Training_Hours,Job_Satisfaction,Manager_Support,Workload_Index,Absenteeism_Days,Projects_Completed,Remote_Work_Days,Department,Performance_Score
28,13,6.103789208921469,2.105723260103907,10.353229896736337,16.114089208125417,2.2656172862741775,2.1641152397994876,7,44,4,4.698420443854591,94.31903733291999,3,8,3,Finance,100
36,19,7.839888663941642,3.372670159673659,13.170198257779063,5.230370991858567,0.7282018756309965,0.5980173388147172,2,69,4,3.193572262694267,50.861780344023806,2,9,4,Sales,99.86081826197828
22,17,4.798628075169201,3.5873745146814846,9.786123597365167,10.205374877566017,1.5968359458537638,1.312256648819671,5,16,4,2.8904444899217063,70.76241392676779,0,5,0,Technology,96.69713428845743
44,18,8.531175062229641,3.803091707297003,15.956366069085464,11.901943665962222,1.965888925023571,1.5419830678920388,5,58,3,3.923830116697836,66.19005639098198,5,9,1,Finance,100
45,19,6.298073218872615,4.331947959441932,17.153196301988604,14.014835626695506,1.6008739308355344,1.7648717848239888,5,5,5,3.320043946197959,56.52203472230312,4,5,5,Technology,86.80080654468759
26,16,10.507521539613641,4.866413644507038,15.952864399098901,8.867982883686853,1.26766112513495,1.0864582125511741,5,53,4,4.099946477494716,46.054746951078215,2,7,4,Sales,99.91531060165491
34,16,4.532818349065476,3.1148670944109624,8.528527627045968,10.52679883854077,1.7036760823182096,1.409812985172992,5,39,3,3.499469411773892,68.32578291127675,3,6,2,Finance,100
28,18,4.481603855899053,3.0556162501887894,9.265079431371658,8.511045065388592,1.3875035635314865,1.0795810946595057,4,35,4,4.185446240603207,74.38383304440612,5,6,2,HR,99.90137324291781
37,18,8.154886914359391,3.683757185012412,15.084179612813614,9.073418521216842,1.1854686415906261,0.9026686875503389,5,29,3,3.01270126864251,62.23945050021132,6,6,4,Sales,85.16782440999269
29,14,5.664158230218084,2.5228976137202865,7.356622840993695,13.86959056363287,1.9943158937631862,1.8941648725242213,6,24,2,3.1988046197057356,72.14027291291468,1,7,5,Technology,99.91729239414333
39,19,9.147644203243262,4.51614367053691,18.210805592419693,7.927983409064168,1.5520125731022854,0.9213727161907858,3,5,5,2.793433588265281,25.624395062886897,6,4,4,Finance,79.59667320460825
50,16,9.975025403485768,4.116200249465347,17.972002156576295,10.602738743102687,1.619604542782192,1.2560500131717545,5,50,2,3.605663014189507,35.98366604882024,3,4,5,Operations,99.83582402722881
37,13,5.7589566316967185,2.6193423653492305,8.429571254868176,5.209310719177909,0.8275533730857305,0.6546099785983645,2,41,3,4.392220847563725,73.24918635467138,4,10,1,Marketing,99.96162145968178
47,15,4.977156862545238,2.411336370321494,5.781032966185613,8.762491694966412,1.520253004059714,1.3586457813691626,6,16,4,4.414136539564845,37.03590054423746,4,9,4,Finance,100
49,15,7.674721096864958,3.868200623599526,12.769769496128227,12.99263890716091,2.3219204391081183,2.2465208728314936,7,61,4,4.481385771678996,72.62568084154468,2,8,3,Marketing,99.69113781371989
41,15,5.160256867536888,2.956860458684526,8.79344637281167,8.13883139109927,1.495234969791351,1.4186050137487454,5,38,3,2.502938251258203,45.595160170460794,6,10,4,Finance,100
36,15,4.794913554372883,2.275724563758133,12.361395310523983,7.7198658309019255,1.220880062717264,1.199312970827913,5,13,2,4.978957160762879,74.888442147123925,2,7,3,Operations,92.92918616550638
42,18,4.850059591901456,2.6372258166007883,6.181925638910052,7.474560410749103,1.0261798544755332,0.812912028000226,4,29,3,2.696472705755296,56.3111827794338,5,9,0,Marketing,96.67101383202564
38,16,3.7448188058733134,1.742657844396018,6.75483535110979,9.58424074093848,1.4052593887825537,1.065931473626878,5,26,3,2.4916475396433295,82.34518759910334,5,7,5,Marketing,90.43837014660654
29,13,2.602122835632913,0.9726363527944591,3.26806391693967,13.178597097223003,1.8851896841461317,1.7913854879653028,6,30,3,3.1806973003506975,49.61819674020402,3,6,2,Technology,89.0349543312012
35,16,8.192279782701332,3.3739867796464056,10.78087068480697,8.028780626747347,1.0642936006414088,1.089330767273988,5,20,4,2.8314736329857424,66.60855410160045,8,7,3,Technology,79.61058448149001
45,15,5.229866376767731,3.080546576147883,9.02833554704689,7.137782136309259,1.1761473052892688,1.1444253032141423,4,25,3,4.0929359213587,59.94843684174821,6,6,0,Sales,84.46615751303047
39,17,4.945425232690243,3.0506352939756742,7.7339387191116415,12.376093836256413,2.063364609842104,2.099521319855011,7,50,3,4.587467775541588,55.439654316896195,5,6,2,Technology,100
38,17,6.812847885083666,2.761719469564459,12.814422351226346,6.02992021041549,0.9911501165185612,0.8316375620484983,2,47,4,3.497311443584528,47.586288694025946,3,6,3,Marketing,100
48,18,9.526434983329443,3.017757989075554,13.251313237981313,11.634030360406635,1.5759234438505851,1.4720851808108577,6,44,3,3.8957798811602204,47.094408659760624,5,10,4,Marketing,99.93616731477381
43,17,3.966289267198846,2.8245819601829254,8.457299775226009,9.301767360861517,1.623053487088298,1.1992193016245167,5,46,3,4.594670156719144,39.79749111801064,7,6,3,Technology,100
44,13,3.664581546367598,2.246008928805971,7.193618096981878,14.305411029462846,2.116560664142237,2.043370266413752,7,20,3,4.281265969100599,56.75413983762202,2,4,0,Sales,94.9598964599973
45,17,8.016518692573873,3.6841621133509435,14.043360251972931,9.009036533782082,1.3776438089887204,1.0740421474673298,4,29,4,3.6177323847022005,70.95483360218111,1,8,5,Technology,100
31,19,9.32687890097554,4.615988865912618,15.391293206862075,8.566655403067426,1.5218062545116944,1.0131503550904108,4,13,5,4.414112830506957,71.77178422381259,3,6,3,Technology,100
35,17,4.274461111460796,3.09299992861357,9.52023014447126,8.433780512104336,1.391472594825917,1.3370462283564488,4,27,3,3.3770504638686827,77.0093609398181,2,5,3,Sales,97.73305352057561
26,17,5.777624825220201,2.501345389363546,8.385300328181708,14.769524479220179,1.97595999651792,1.9008031295677597,6,40,4,4.088293238767326,55.40703704106586,7,7,1,Operations,99.99499815420754
41,19,4.471433416416584,2.2007016602949463,7.0524771410749665,8.321319500961836,1.2098335846898065,1.022227220982594,4,16,2,2.2013676141013145,51.04645106180934,2,5,1,Sales,81.9603358295796
43,15,5.445399597300343,2.242995869666062,10.519064495875465,14.406258143963623,2.241075327114426,2.0070945356154923,7,24,3,2.812507967873447,57.841163262814774,5,6,2,Technology,99.95228885109981
34,12,4.800737702430683,2.4683046705695224,9.331382498000979,13.30900853620807,2.3338251481062957,1.421645587319767,7,31,4,3.986536112136281,36.72477038212105,4,7,2,Finance,99.88255246055296
34,16,5.017990851910498,3.0921785219435973,13.54882783479708,7.01101537717827,1.1924697706937162,0.8428656986798878,3,22,4,3.3876681698141966,55.77176097942773,2,5,5,Finance,88.4638975042623
40,16,3.6470280078925597,2.383623501868992,6.7958367726661395,8.6241609799993455,1.3134468486046802,0.9704647166628999,4,44,4,4.989649359994438,50.066756999925794,7,6,5,Technology,99.94933873620352
24,12,9.697226445221336,3.7875924516020403,13.654507478993963,4.60589956329887,0.7306192049888448,0.4865087085300241,1,27,4,3.882770005571393,57.318777905078036,1,4,2,Operations,94.10355840412764
39,17,5.394317870424757,3.0962506929441234,9.421988913847473,11.968775903565968,2.4933266280474515,1.7265168888207794,6,34,4,2.7904932321092226,65.14092720646268,7,9,5,Finance,98.6513768002813
49,15,6.927812810480184,2.5078224610283697,9.660485013330025,10.470634015141119,1.9234554830691415,1.2193822252910285,5,14,4,3.391447279517482,62.23455007811588,6,6,4,Technology,86.18382736311206
35,14,7.5923432386684775,3.707331635730885,10.460939551184154,7.941665775682915,1.366827910567873,0.9508816348613804,4,15,2,3.1992245708475373,50.466765325914274,3,7,2,Technology,87.92210008997486
43,15,5.155979066777963,2.891603801812888,10.487658122038482,10.615924880852186,1.3139856773626781,1.3754515386116006,5,40,3,3.518764872422447,75.97944492363465,7,5,2,Operations,99.97619918845939
31,15,4.101717533564545,1.9206570789955923,6.717305824936393,9.898474928523022,1.411383027322639,1.5807700042536514,4,10,5,3.6239350445733725,78.55770110091255,6,5,2,HR,83.76699128897539
24,16,7.071841937453895,3.467886986126331,9.927365881136955,10.880635287073234,1.5739950794626678,1.313325281708923,6,32,4,3.0706211051311776,82.9043773755434,4,6,2,Technology,100
45,17,7.19182209429137,3.8122992367225947,15.245481165666181,10.900274063869407,1.7531444265351506,1.4754582704854917,6,29,4,3.8755787364919425,50.794513531522675,4,7,0,Marketing,100
44,15,16.435050026887023,7.315819215849099,24.20781711847051,15.350140259422743,1.9977687724843283,1.8127908503148695,6,67,4,4.407398988007231,69.77316116099895,3,8,4,Finance,99.86774304532811
33,16,4.202332258896326,2.805104278845967,7.187779593952293,9.70308781977698,1.5734982627599572,1.527863235921428,5,32,4,4.0038164801714196,77.83816256276754,8,7,3,Sales,100
39,17,3.985906803127101,2.4169918811114983,9.901473364638255,8.689572479306234,1.4995102644294116,1.1580275179572963,5,73,3,4.524470011609111,38.88213206727759,1,6,1,Operations,100
36,12,4.774076195214504,2.702553120731782,12.134204312753635,13.139924064418906,1.8165262370515127,1.6011034252510874,6,56,4,3.6839021291223246,43.514061287530694,2,7,0,Marketing,99.81805780424752
41,19,3.8248534814320965,1.9739260775114806,6.437534556365841,15.631493642867184,2.5857820053268603,2.3507405056054904,7,19,3,3.195380249538505,43.07765032553754,6,6,4,Sales,74.77470742557308
34,12,8.491997808902244,4.284277224595779,12.925986237879808,9.328769086895289,1.5007491407683549,1.310297613133492,4,53,3,4.597791609344708,62.74833648378998,1,4,5,Technology,99.91737191798985
46,17,13.000571376190267,5.816001271845783,16.778367762146367,8.860070792602585,1.47252663328601,0.9896061352622687,5,47,5,3.477461941828353,74.0182149364854,4,7,3,Sales,100
33,15,6.254833419010481,2.7376657723208946,11.599537871350222,8.763128172121043,1.451973949179898,1.2615370420883836,5,50,5,4.182936009194005,71.21188789566699,4,6,4,Operations,99.81665892550487
46,15,3.8972576206775207,1.910554576548078,7.1014790411518,10.00301705312829,1.5635852161009531,1.557136535797026,5,20,5,2.2097937380624604,19.294605909749535,6,5,5,Marketing,96.9324673537782
25,19,2.5593622489020107,1.3648427302411794,3.227457437424094,7.227195456163845,1.4774880451701078,1.010174387864753,4,19,3,2.8197665296173215,58.83944434399993,5,7,5,Marketing,78.5008076721013
26,18,6.2642596796108165,2.908634584683886,10.441024860702846,7.652904470105085,1.158661234960542,0.9579051680298445,3,47,4,2.7042498794879215,65.4662523580062,2,8,2,Operations,96.4233160849672
44,17,3.089832575425424,1.2104626053265595,5.552192001547119,7.85379222761134,1.25898238931166,1.0523958827857263,4,24,4,2.9630483338121296,83.68590979320534,2,6,4,Marketing,93.72478256578617
35,17,3.89689141657727,2.5891747417917865,4.8624760367219455,9.711203686175514,1.3264562538186961,1.0957382929479582,4,58,4,4.484501657552408,31.58264721777224,7,6,2,Marketing,99.98785173947333
44,16,8.421447990952657,4.172000855883842,14.67127386994365,6.044569593605283,1.2522433960936274,0.9048385478024746,3,26,3,2.887905571422174,39.81426773745915,5,8,2,Technology,99.54622014375354
38,14,7.753333708664926,3.2937458243291062,8.353622497932678,6.754873936216462,1.2712179901722587,0.9017918158886999,4,16,4,3.693553736090201,86.27402765518762,2,6,5,Marketing,86.04762745310364
51,12,8.801270716530036,5.484487590911553,18.380470697426006,8.115622777664049,1.322423122982626,1.3370962872531844,4,19,4,2.395899495988024,75.6502357960291,3,6,5,Sales,91.09977197112107
22,16,5.113052250057105,2.800814973194218,11.33373776535221,10.924425103621026,1.8737812794680018,1.6133078468764237,6,35,3,3.506144679341746,49.376130535875134,3,4,3,Technology,100
33,20,4.735301954385165,2.4232185430716657,11.63051503853647,16.866713891205674,3.078290020445585,2.1841481418041586,8,22,4,2.393678311446515,56.36468027676211,12,3,5,Finance,96.25337534574147
43,14,4.497439234458503,2.646048253842202,7.987187975025381,11.532025011330795,1.6443644609493238,1.540925142480869,5,49,2,4.088185742861821,72.24547893068208,5,6,5,Sales,99.93949301898664
35,18,5.009964569213245,2.4939315645208713,8.430655919341714,7.0924651830170085,0.9674856684430557,0.7858884701370941,3,29,3,4.803148371135217,49.26835294929368,5,7,5,HR,90.8960939151851
46,17,5.876852741289592,3.020447789542737,8.378689504449582,11.625117460140109,1.8530959094796167,1.4212689301165855,5,36,5,2.4857045593574707,65.60951507630185,8,7,2,Marketing,99.97271907928311
33,19,3.2265573012377753,2.4254008960477513,4.416209714094848,8.855815907374877,1.6042485923137577,1.2483360236984755,5,31,2,4.715491980795061,77.46405172569806,1,7,5,Operations,89.26421562997972
36,16,5.085725791057551,2.7885035096141926,11.300283352362891,10.434659410218464,1.6492520383535973,1.2774271781115063,6,21,4,3.814402507402471,64.71505746181607,7,5,1,Technology,100
37,16,5.009527075546222,3.405513955105289,8.913520209526935,10.916786466848324,1.765137732800676,1.2185434784940647,6,27,4,3.2276220437899688,57.11307146167613,3,5,2,Marketing,93.20177233052033
45,16,8.107052808331726,4.7885860694074545,14.97973917584336,10.086661085443833,1.3818641517436125,1.0977784919139455,4,40,5,2.6853726732450376,60.30265386204537,3,8,3,Sales,100
37,16,12.149797464685355,6.057697931503972,19.45628723527288,16.43795077631028,2.2777130665779426,1.9860540452853621,7,19,4,3.4828414257155638,64.26545564150102,3,6,0,Operations,100
44,17,4.355133689569638,2.2181270432839986,7.900045699172678,9.19228699229965,1.1715696827731947,0.8654267307550788,4,15,3,1.8274512106768932,67.67547219957319,6,5,0,Technology,83.60531931404634
35,17,4.818228881106729,2.9261231542811577,7.911440866600689,9.36701566886353,1.4834156896294974,1.2273993830894459,4,47,4,2.5809507583670035,45.23693633266579,5,6,2,Technology,100
23,20,4.950757938320948,2.7373748489190577,9.016720906353939,9.464057686250861,1.4806826616252466,1.055054746995901,4,22,2,3.098662140955816,47.45371297493216,3,7,4,Technology,80.05573756749602
36,16,4.409456500670333,2.3042144199438006,10.098112599281851,11.449929001152496,1.7103021399479796,1.561545952837775,5,51,3,3.1915220457014977,62.637982034256034,5,6,2,Technology,99.89514354768276
34,18,11.357843079955098,3.519865813322506,14.243767146158296,10.4614446853866,1.5161137943103817,1.0484712268012961,5,38,3,4.203883071906071,63.155664640037415,3,6,1,Marketing,99.96095932250083
35,15,3.625623748249089,1.9961783380864133,5.01732457378069,18.571104021178016,2.6539823066125994,1.955506279054929,8,30,4,3.489838362386456,61.6729609124413,5,4,4,Sales,98.92797814595724
31,20,6.1859803465699645,2.8228985190695726,9.632503479076885,7.498526265566019,1.208247034436268,1.06663157457806,3,14,5,4.117613728116682,88.50335325255442,3,4,1,Operations,92.49365966564359
35,16,6.504403513471283,2.7765338538311433,13.12370338517135,8.446698313448119,1.2485429893184208,1.0656797891776268,4,58,4,3.8293883350573954,71.78025575966956,4,8,5,Technology,100
31,16,5.149440829518529,2.5253758073005916,8.138835275900659,7.396550744918454,1.2509105543824304,0.9619625522166761,5,24,4,3.5109256875405888,33.24055739934902,3,7,3,Sales,99.20518294974207
42,15,6.626368508360119,2.862584249902293,10.000386886630977,9.195455512907156,1.6635572681074973,1.263274890318029,5,54,4,4.417453918082328,68.68076774304674,2,9,3,Sales,99.9204041307181
53,17,4.668622854878975,2.2855856158324994,8.616833947416264,9.236954953382018,1.5131914740369663,1.0639011504292613,3,28,2,3.4947358997037656,58.788988124012526,4,6,3,Technology,82.2363093625283
36,12,4.7368070618013265,2.598510441490378,10.006422130089861,9.584317686846997,1.440862784758415,1.037719713332309,4,66,4,2.793529419256423,59.73336734945562,1,8,3,Technology,100
44,19,7.620473421508515,2.337898966045446,7.620473421508515,9.180798414466738,1.6950502391743216,1.2601149709918116,5,52,3,3.698862202395728,46.43584714911778,3,6,4,Sales,99.9995027060491
49,16,4.016429718836022,1.4168609326651893,4.016429718836022,6.434010580600175,1.1628796981015301,0.7378475102105324,3,55,2,2.39496527120988,77.57507278069143,3,7,0,Sales,99.96955532652092
38,14,8.663043705486842,3.7674775978525514,15.3710081485515,7.723295423126084,1.2228173641172424,1.0944079323838343,4,63,3,3.1073051145785002,58.82817388113235,1,5,4,HR,100
29,17,5.7180251187760085,2.1849038291161484,5.762841617114827,12.3960941255066,1.7398113625076599,1.3786167399400007,5,26,4,2.9175887588715614,63.98153111194634,5,2,0,Finance,100
33,19,4.887799831942914,2.525655324288192,8.771541491987682,10.114933609853878,1.555229306826496,1.3303993859672194,5,24,3,3.297266083491649,86.85362133986074,4,6,2,Sales,91.44185528728921
31,20,6.998326108829266,3.2759957846366135,13.238770179193907,12.015024189194634,1.6503944286799301,1.5708503003700338,6,22,4,3.903723783859077,78.11218108480779,1,5,0,HR,95.27673849150885
42,18,3.9284955224419384,3.1845499271852646,9.207145364599674,10.711050931734258,1.6511754539122103,1.3250737270588964,4,39,3,3.4842736402127032,65.31444587493064,4,8,1,Finance,99.74661704039585
38,17,10.00356335898265,3.804738775265477,12.3139914216052,12.616077677043595,2.2166919004308903,1.4675346016737971,7,43,4,2.5214423166726547,66.59563893730919,1,8,2,HR,99.89716881929758
39,15,3.761853401166266,2.3987860952684774,6.689995237052074,14.586634455722873,2.620480651459504,2.3115280098622812,7,31,3,2.377787634912519,63.443263533129304,4,7,2,Marketing,89.03226792475289
43,20,3.032116897778579,1.8980855665298408,4.291654595709172,9.934047817119408,2.1491727275341876,1.364584128893441,5,39,3,3.1807598025898964,46.15710805045824,6,5,0,Sales,99.91460194844211
42,18,5.9235881142172575,2.403405010342563,7.847165392041176,10.714657793962246,1.6263811040580336,1.481891728893031,5,19,2,3.0825249815973867,70.7169295629655,6,5,3,Technology,88.4916592816716
39,15,14.363226386263811,5.133258429518566,18.487780856546763,12.464123292914719,1.8137849853969503,1.3382147056608105,5,42,3,3.9883177160688796,69.38603445596316,3,9,4,Marketing,98.4010387070958
45,19,5.30922738855182,2.7708543607991745,12.156908945891367,11.078668129301542,1.7800958054422924,1.4293973580301145,6,32,4,3.0994356647883188,59.97703516273962,1,5,3,Technology,83.97824987642646
47,16,6.780267346037167,3.420647971857224,11.868045862194204,10.51931440117652,1.9074466430176786,1.2443384814111118,4,24,4,2.7046226971226015,66.15533844199632,3,7,1,Technology,100
44,18,5.017236787253806,2.083950147778007,8.248784932560362,10.065087969864326,1.4447726292249337,1.651013545253133,5,35,4,3.3088573574007434,78.84754940413896,5,8,5,Sales,100
30,16,4.6832845517124495,2.380270076211469,6.0615999915569345,4.877496491752701,0.9308632080862631,0.5613236680473896,2,64,3,4.391200544187211,76.24641734239148,7,5,5,Technology,100
27,14,5.127020187655048,3.0108680245400206,9.966946295669905,7.816867723159265,1.4575350646732546,1.059214251538442,4,31,4,2.22087003354097,65.78953867775598,4,6,1,Operations,99.82068259722126
36,13,1.8351038056130762,1.406630932309042,3.664990022313867,9.016999418019035,1.3051327762073084,1.31722825574658,5,13,4,3.297425777369845,82.88281949484433,5,5,3,HR,80.78079039701542
44,16,3.7547890654665808,2.021422626360882,7.8257208952540385,9.631527678970867,1.5752142057580678,1.4367798186527445,5,47,2,2.313161304394001,61.90800531654305,2,7,3,Marketing,91.27606663336519
31,17,6.358384818524081,3.3180388064766535,12.342919993751309,6.990706745576957,1.0771149803586497,0.6996478957189926,3,69,4,3.3755323815849323,46.17073663239284,0,9,1,Sales,99.96550633777801
30,14,11.924100252996489,6.484445971987281,14.675441928164826,13.711079631851472,2.5186995226945004,1.6241886125812495,6,31,4,4.116540454427351,56.36443724740944,4,7,3,Technology,99.97880626295243
26,14,8.035284806599487,3.3044535766014067,15.414089932109,14.609179442401375,2.605109619809272,1.8605213886928804,6,57,4,4.425724218010734,68.89709776305192,6,7,0,Marketing,99.92712434548706
27,18,3.2055401567939517,1.7943942532106276,6.630543315665108,26.43,4.25581160188053,3.2955882563220897,9,31,5,3.2828741264580943,44.39237604483462,4,7,2,Sales,100
48,16,4.998568077255619,1.6864855003020938,6.083935060021576,8.471012684137305,1.2421918620564936,1.0556197744559517,4,32,3,4.203415444793736,37.771443621837136,8,9,1,HR,87.07087529895762
23,18,7.850279476628926,4.114383524779049,13.76261969066295,6.591040285112557,0.9499937365399066,0.6744696878244443,2,72,5,3.0170180938351328,67.3369784378046,0,9,2,Operations,100
28,17,6.1164648433569555,3.467540376085472,9.873776527232645,6.879512042796752,1.161187499723321,0.7240046987597745,3,41,4,3.687610540624365,82.02235743409436,2,5,5,Technology,100
23,19,9.712351757690312,4.911609448074717,17.240728298366207,6.244036745172636,0.9584406653664581,0.7927065097541238,3,63,5,4.919770505236156,75.89989761139248,6,4,0,Operations,99.94524045954861
39,15,4.592652930979594,2.1725172928001926,7.32569936675043,10.147253146202653,1.578207222777579,1.2611816933464892,4,14,4,3.721045357366223,75.24085497921523,6,6,4,Operations,85.99510383777852
30,13,4.557344233786014,2.3888865379452926,7.151212229777077,12.246804669653216,1.9393805977089775,1.457487535981208,6,100,3,3.6205106480712566,72.85057022488962,5,9,1,Sales,100
44,17,8.69641873648507,4.3027628846614645,16.584181509265843,15.54606478337159,2.3531503745617037,2.047685245564021,6,34,3,3.8751767045065626,63.95366848227712,3,5,3,Technology,99.97980885410186
30,15,4.20785196501611,2.9364118576796034,7.272232412927987,12.682890288984062,1.3193126034948437,1.3027942212180075,5,58,3,2.8212983916923666,73.7547228554459,6,8,3,Marketing,100
35,17,5.070585999462715,2.9042000252024076,12.474690491599606,7.810562777115022,1.3792443163577597,0.8798457338094644,3,34,3,2.6494790956415155,42.06241568670844,8,7,5,Marketing,100
52,13,4.660429420243878,2.09651269326565,4.731735485850272,11.549298791053635,2.0897120879371456,1.7553058822533258,5,15,4,4.393361615150747,52.92926622254319,2,7,4,Sales,95.09839011318115
29,12,3.8985716616548656,2.1142135241301143,6.788219469150372,8.497051887601314,1.414568013269415,1.0084269164309863,5,16,4,3.996476340073271,30.280540753262617,2,2,5,Operations,83.57180518506888
37,15,4.646692641336201,2.5760306713604026,10.791208720659395,13.29213110770065,1.9882980039589546,1.564455609845112,6,55,3,4.192532276186211,72.08002629122046,2,6,4,Finance,99.99598987463376
22,16,8.162211842603813,3.4970374435257865,16.61760073437786,10.069574491461882,1.8124067819921514,1.3714455612410354,6,16,3,4.182257625005062,49.12640250965401,2,8,5,Marketing,96.88564045283101
45,14,5.667967206624561,3.0178455819637597,8.499828286235177,7.815998097599865,1.5043813126675998,1.0404084044971988,4,30,4,2.5990063125325102,62.88980041291132,2,8,2,HR,98.19260082009237
35,12,3.611575639090349,1.8967608639319669,4.792255297234825,8.672691271575706,1.3189386529068658,1.2868224736479261,5,48,4,2.768357467195639,65.8060102323452,5,9,3,HR,100
24,16,6.503888575373147,2.709082773725171,9.99113347785816,12.07879179643,1.4874279073602623,1.5251401193615275,5,43,4,3.5980688963405183,67.7019522917019,7,9,0,Technology,99.97988443986797
42,12,5.642342170693358,2.805131345406455,13.07324390766096,7.800292861491579,1.1995393032864237,1.2276110712121227,5,68,3,3.180416175082973,61.83006900750121,6,12,5,Marketing,100
40,18,20.7,8.321930981288837,27.700372395466566,14.821691125925321,2.5627876265081118,2.1880430498547496,7,30,4,3.0905584959128776,77.25710089606369,5,7,3,Operations,100
40,18,10.357880157337966,6.186804302302801,24.43926987968037,7.999532325654868,1.1804640381493925,1.0439396607961637,4,17,3,3.413292190285736,70.04118945416297,5,7,2,Operations,99.42908460974485
36,14,8.241116419284683,5.886093901428549,14.11054531738215,13.08606974336401,1.981614493495496,1.563163750638181,6,26,3,2.984977656681628,69.66413316065685,3,7,2,Sales,94.85257679618176
38,17,7.0630234711711255,3.2741604548119643,10.908817833564497,13.499986014057272,2.043175649679521,1.5568873646932446,6,54,4,3.1081862023537465,54.096625002856875,4,6,2,Finance,99.91412840161064
41,15,4.342924623631673,1.7601045419195969,4.713237109659492,10.74130971350553,1.3631075800129373,1.1003515458214628,4,33,3,3.5995152739423335,58.609915803645144,4,7,2,Marketing,99.81267825675293
29,17,4.2503854209594145,2.057368831678757,6.903426028684699,10.001657580315602,1.3569624953021784,1.0933331479543127,5,38,4,4.492167151061144,72.3266340323859,4,8,3,Sales,100
38,16,6.13683981149607,3.856460048334009,9.394243783243406,10.030087107142542,1.5518977604115403,1.3445168361842548,5,17,4,3.4043133874711677,53.05627441841764,3,9,0,Sales,99.96000403793053
41,16,5.584747907654486,2.881461033075703,8.920782485972014,9.324406869897976,1.3739745858906414,1.0406324172986365,4,28,3,4.067863981111444,60.02146106438109,3,7,5,Marketing,99.58743687255443
32,19,9.213753839316352,3.325233382802268,14.366152949879211,9.285564107209062,1.516081492461789,1.2027639770896117,4,34,4,4.289949764123848,46.31525917363316,7,9,4,Marketing,100
29,17,5.1807159875679245,3.8194610511435725,8.806116247537053,6.850105290834579,1.1057997318623607,1.1708002790063856,4,58,4,3.4909698527915305,64.87976787440523,4,6,4,Finance,99.822950039987
39,15,2.261646746345491,1.0639544133365169,3.948898676178573,5.50648471480236,1.034232945836803,0.8022071023593167,3,31,4,4.600088917733919,72.03050597177271,5,7,4,Operations,99.90391751877019
49,17,3.5898795562273493,2.041150176287718,7.307533572321943,15.4272200024188,2.1526625665750467,1.661041253558416,6,61,4,3.492255358948008,52.567594815151985,3,5,3,Operations,100
22,18,4.622998313085714,2.6972816623451927,12.386084401084851,10.304800491679192,1.6673170639412926,1.3656810789714482,5,27,5,2.807334198547289,47.457058060332386,4,8,4,HR,99.92115746101351
33,16,5.473744709540927,2.1452588796596963,8.765667649632846,9.800320065496477,1.8925894716374565,1.3363467749834643,5,54,3,2.9202922330548304,66.23880021816326,2,6,4,Finance,82.84942906255884
42,17,6.1016855540506905,3.465155154468299,9.877077998746751,15.37190291755345,2.249501540554246,2.1096211762488304,7,48,4,2.0793416528668107,53.565174245553365,5,6,4,Finance,100
41,20,3.9057850361948208,2.6152436204919085,6.597378332420262,15.99392862046698,2.1229677363141026,2.0151443160135307,6,31,3,4.119576585114736,62.09703147635028,5,5,2,Sales,99.95744924098445
24,19,5.794229379365999,2.9864567438863743,7.900782217073161,11.743187287434845,2.114389226598786,1.3401891612981176,6,41,5,4.007333029989009,48.008028298281296,5,5,3,Technology,99.92395906578184
50,14,6.046243256942176,2.2342625737065855,8.222355003162773,7.982290553663647,1.5228560093824821,1.2551210801241055,4,24,4,4.106299774712993,73.86236731927721,3,8,3,Marketing,87.94835727061921
34,20,8.377802116547292,4.553301877698273,13.170356001684537,12.871372584360097,1.9479956234380071,1.5063626182307106,7,36,3,2.7010101675952884,78.58983765115586,4,10,1,Sales,100
29,15,4.7121820858583865,2.5851439694916505,11.112344700087705,11.211073796745772,1.9779331867736096,1.6044843843123031,6,42,4,2.8236646100817193,42.311372413507705,5,5,3,Sales,99.91743424577265
41,14,5.5669548169054215,3.0043410730980273,9.090309837475797,16.213629969668418,1.760089998700243,1.4711392690381866,6,47,4,3.5005223593914057,53.57609592403521,4,7,4,Sales,99.77592300919008
28,13,3.5358968545857388,3.2775371092660057,6.104465289568948,11.414792239430938,1.5578337416352488,1.4183915406332328,4,52,5,3.295822033563176,67.39056536590012,2,5,2,Sales,100
56,16,2.899061547880536,1.212590099960146,4.23437070397741,6.5418608202781225,1.0415010509711506,0.833808713486661,3,32,4,1.884846275190446,80.92332287954292,2,7,3,Technology,85.70699136591789
35,16,7.476715518673533,3.1463247801828023,13.168548968604416,10.900235175131776,1.743938774016353,1.3560327778172456,6,15,4,3.0738552893261306,63.03757935177723,3,7,2,Marketing,88.39114373300346
28,18,5.09409622040837,2.417074884023478,7.347631933209218,11.076370014645011,1.8845816971969533,1.5520715925347637,6,27,4,3.1835727467821555,40.14994180284106,4,8,4,Finance,99.93370046898076
41,14,9.046467866714943,5.66966880687555,14.032504924932974,12.444361575887886,2.076046123319896,1.278860745694023,4,20,4,3.422385603389649,74.49040920633011,5,8,5,HR,96.16270391703758
42,16,4.834330432230661,2.108817293612083,6.810976582773635,9.159896104442222,1.4273811965816992,1.3078972850631954,5,37,3,2.494431747383325,54.43573983529116,6,7,2,Marketing,94.02906949374635
34,12,6.478931004449269,4.228861951663556,13.684012541559317,11.225120532378718,1.690908444997895,1.2243441527917271,5,33,3,2.6143453230019147,67.23714694051647,9,5,2,Sales,92.63780013689609
46,16,11.746793242814455,5.133204438164622,21.751498345561142,11.242669370828335,2.1459841168105553,1.284832779079262,5,33,5,3.6049206247826042,83.87562775378989,7,6,0,Operations,99.9751792978677
47,16,6.149619125386218,2.2290254241910747,8.575710570314637,13.514610652960743,2.3405806440225394,1.6983928032964384,6,37,3,4.29943415824927,80.5167289550401,6,6,3,HR,99.92639070441689
30,13,10.494689195671729,3.461405101530271,14.136073189166755,10.454970266810502,1.7340534849081937,1.3586792077363783,5,18,4,1.7250697058470106,49.39711526406458,5,6,5,Marketing,99.84144190137467
23,17,4.2971190855053,2.1950710308541828,6.277139585918023,7.059659744879228,1.2239177321205574,1.1110709044295193,4,15,2,2.0095400367979854,49.6829684107031,3,4,4,Technology,80.85793512272177
32,17,8.23521499104435,2.712904073963374,8.910355919877853,7.480041199193916,1.4218096065060721,1.1084249273128304,5,32,3,2.005895414861871,83.53826103130491,1,3,2,Operations,99.68541548373909
48,12,4.485483254933824,2.342814660024436,8.504625555470962,13.051162934579159,1.8282863501653883,1.2443225208255901,5,51,3,3.20418545590389,48.21406685867914,5,4,4,Sales,100
40,17,3.943921407452805,2.668015580942409,7.099625539051124,8.20094991389276,1.3116192470405381,1.1485852211487586,5,32,3,3.3859902167734766,76.03580831310416,4,3,3,Sales,99.77455967144881
29,16,8.23319238732817,4.9951858223993435,13.280352343581178,6.029677339452636,0.7966498697371648,0.8706425313822577,2,17,5,1.801469890381304,59.70294551292409,4,7,0,Sales,88.94450303344561
40,16,5.272899369194804,3.8792235657976843,11.537554767106059,13.186791705589854,2.014326394656923,1.553281185384712,7,31,2,3.0004003228871894,55.108899806889866,1,8,3,Operations,82.21599639024915
35,12,9.841522204780352,4.980387525061297,17.4956150235571,10.696727772532364,1.454485897901892,1.3002237590116177,6,35,5,3.710487591727,66.36767770401252,4,9,0,Sales,99.77072572771533
35,16,4.4993647736280735,1.612461363246071,6.239911143702589,14.990755795119838,1.998950715504966,2.0667808584771685,6,19,2,3.7769555346066257,69.1652447385701,3,6,5,Sales,98.66547894096468
56,16,7.565359955417109,3.1013047258088804,12.946272122897854,8.685444967727209,1.5087190426559602,1.1741889311488265,5,50,3,4.392398207733682,24.165151870322024,5,8,1,Technology,100
44,15,6.5224209327897125,3.5217466999741753,11.981615302179224,9.844725768155698,1.3422061953122888,1.3012643596946543,5,28,4,3.525887049547553,72.06796612643086,5,4,1,Marketing,96.4108432087533
48,14,10.32763299326494,5.9171225405928025,17.886978952994276,11.776171435846473,2.1870561047481094,1.679337041822782,5,52,3,2.9106753465059865,58.61880690054276,2,8,2,Technology,99.9268678475539
30,16,15.405896365998387,10.3,22.239429515033496,12.938748651314395,2.227797689531199,1.7061945513040817,6,24,3,4.196369678947982,36.00630942695168,8,7,5,Marketing,99.99565501938571
25,14,8.648900393755621,4.921679258607996,16.1755930474923,6.60461801955783,0.8330850818721653,0.5322900816767943,2,44,4,2.808762339307817,55.87150995843905,5,9,5,Operations,99.67373394672785
30,19,6.538310572244536,5.199210104453713,11.00075662890385,10.639443351218262,1.6109382170479587,1.200088969571465,5,48,4,3.5198962870630313,51.655746866084264,6,7,0,Technology,100
42,13,4.580132271218542,2.2759912373568674,8.84727843689402,16.593547951175445,1.9748348666467015,1.8501736006357972,6,38,4,4.132988572758015,59.52270267048645,2,3,4,Operations,96.63351318270225
30,17,6.354862092158468,3.962778799837889,9.863632639441038,7.558422456212695,1.3889800445500917,1.1322594009608629,5,39,5,3.9193708081359615,93.89462672931181,5,7,4,Operations,95.13706688252698
32,15,4.153974169465995,2.8100856161183785,7.6609733084057,7.958336199724434,1.4205166476835842,1.1719214069696098,4,47,4,3.7956428851293267,55.7874821016263,2,4,3,Technology,99.99187014691239
43,13,3.8958732701118612,2.320197396848748,7.72191067026307,10.828957561551759,1.7886460966863673,1.5345981034440783,5,30,3,4.099402045305077,75.71664202266581,5,4,1,Technology,99.9149287804287
49,15,5.91055064099179,2.8533935780867297,10.630244861313189,7.91243993453941,1.1338443382166772,0.828015667148971,4,50,3,3.1057416495664794,57.59293006620517,3,6,5,HR,100
27,13,4.989253566960067,2.0737998507588267,8.879024999833412,15.771779726094769,2.093370175369095,1.5500527680537877,6,22,4,2.28517935781111,68.58574924894246,2,6,2,Technology,100
41,15,5.528429289569023,2.8913769375550404,7.28657477981772,7.656813818140332,1.3461496730493254,0.9104232135065833,4,51,4,3.5151747543929845,41.000460190818956,4,7,1,Operations,99.94013295999989
30,17,5.253434924885647,2.4357361750353888,9.20755368811291,7.372166641141379,1.2095433137205862,1.0528120243779084,3,22,3,3.915465884317013,46.244434608177876,5,9,5,Marketing,99.92709733949698
33,17,8.093007448022604,4.139765161039303,13.394187787473834,10.694110427704782,1.677948890171762,1.5248059315957574,6,81,4,3.915231004267257,67.40240492707139,5,7,4,Marketing,100
43,16,10.205965664760122,3.8002198029025656,16.042050954464198,7.177138080999304,1.0178931701719818,0.7821727743567977,3,64,4,4.603731484949687,87.60542922313161,3,6,2,Sales,99.86219897496119
35,17,11.650694257846672,5.649900374123034,20.469878541832898,13.292085788997108,2.359330135132758,2.08498772557408,7,48,4,3.597406248442961,62.261517642076704,6,9,5,Finance,100
28,17,4.880645797629829,2.4140265716182223,7.682286735793393,14.254859298653395,2.920504247498931,2.4900119231325872,7,37,4,3.495892913830143,65.17265911245181,4,6,4,Finance,99.87459128707819
49,17,7.533768722773548,4.1679693302079635,9.482927420258605,10.487882166344919,1.634471035858447,1.3492635810788731,6,36,3,3.9150528646408245,59.024637434250195,6,9,3,Finance,99.93019652651857
40,14,5.787074018342604,2.586274365298714,9.346557916529507,5.731113339299734,0.8626799317798672,0.880419451984896,2,22,4,4.209377474157575,41.73245163646771,5,6,4,Technology,95.75609420220916
33,17,7.408202551043715,4.423508113116702,12.903574861297644,11.317661695267294,1.823856494774937,1.2319762631254092,5,49,2,4.918373705445738,73.6870487823107,9,8,5,Technology,100
41,15,4.2500250154504435,3.576710253303327,9.930170419723817,8.756591218161889,1.6511635704581382,1.3179014259137027,5,36,4,3.806782495597193,56.18750713064416,2,7,5,Sales,99.85531631867057
25,16,4.873445416733728,2.7486381011457004,9.394671021301635,10.801493762737085,1.490634554948925,1.3739575128405532,5,51,5,2.693900030710524,61.18037666720574,2,6,2,Sales,100
40,13,9.760670335481429,3.982214101932167,19.01979636112888,8.351407370222736,1.3706945957041572,0.9252861070628949,5,56,3,3.3952534949960818,52.17516005042909,2,7,1,Operations,99.8708920120097
29,13,14.291737268559595,7.774094193618452,29.718401098365053,11.578944940980763,1.4592871173780442,1.4409432423948814,6,15,4,3.605110832488086,71.2144358307024,3,10,3,Technology,88.82715799366261
36,16,5.004286749327794,2.5170320763376264,7.326770494760943,7.521194975640243,1.4927689349595952,1.1848794485656813,4,33,4,4.093183124967951,49.460559427848054,2,6,4,HR,99.97431163183231
33,17,4.6784782212852845,2.3109463843758595,9.427358688468425,10.985204381463529,2.1750559928094,1.4935201061581018,6,22,4,3.6799736505580913,63.09280316997818,4,7,3,Technology,99.65659525942658
31,15,6.806092524157323,2.4941271612743354,10.617696586341085,9.597071789754464,1.4988562274527177,1.1880518213056184,4,21,5,3.875937168707371,58.85776229312581,2,6,4,Sales,97.63435536236248
34,19,5.30338608227901,2.5118399390745436,7.451587863466934,10.344565964750899,2.204514539729973,1.622458932561717,6,100,2,4.2120986501108195,77.7677040940776,3,13,4,Sales,100
43,18,4.2915030941141765,1.8953886813112537,8.30878488322134,8.369793424858193,1.5160124393692267,1.2068058250103146,5,27,4,4.013187051928701,47.40081391116859,6,4,3,Sales,89.53528490538088
41,15,3.010674947108202,2.3948097668620223,5.637597428175557,9.351327560225984,1.7901647779506318,1.3948562857980673,5,100,4,3.9967764079627344,87.6042068019125,5,9,3,Operations,100
39,18,6.1059133137035,3.0065659515519467,8.608839082651887,6.928306944521691,1.2281021952376623,0.7816908043630737,3,27,3,2.877323108226632,62.24042071719755,3,6,1,Sales,79.79039175503551
25,20,10.206127955660895,4.034700897829614,12.910634886218078,10.446474836355254,1.9297828184917887,1.0782436283040653,5,23,4,3.8071638101662404,72.06056735952063,4,7,1,HR,90.4463264150502
37,12,6.236598467181431,3.5923110911010867,17.177323550929888,15.275079245777198,2.578995429285152,2.074905916655036,7,22,5,2.700450399595786,51.257828580599565,4,4,2,Operations,89.37731778235182
45,20,4.615371801712028,2.688864630188641,9.373810957072482,15.65728167104789,1.6871206113510337,1.7382801736604498,6,38,3,3.196920109621629,72.48821925372977,7,6,3,Technology,99.81169710793733
41,15,7.838057567491775,3.956402498422495,13.678565388682346,15.414808409081253,2.048226657205758,2.1400731847963064,7,31,3,3.3915704342341644,51.832748607715736,4,7,4,Technology,99.31163026534911
44,16,8.578297016936231,5.439148858442776,15.38946020605843,9.43978303264711,1.3894972413857374,0.9357174472853543,5,26,3,4.289158306122925,57.00623427343081,6,5,4,Marketing,99.76920054876588
40,18,8.034189542684604,4.093877405494374,13.663806613610435,12.088805674115267,1.7674395367989122,1.9539426466030976,6,69,4,3.096326294268681,56.51539722762247,2,6,5,Finance,100
32,18,7.111091683087083,3.211315240808539,8.643492209210685,9.611166831747907,1.5057279533892782,1.0163340408289556,4,44,4,3.494976992791914,93.52718604327474,7,6,0,Operations,99.80314024550096
39,18,5.874464186282201,3.5138464970283754,9.01233515872005,13.36046667626712,1.9682718199267373,1.5885056510618683,7,23,4,2.3026222999843275,51.180009364335326,2,6,5,Finance,100
46,18,2.8324192375604813,1.9671642809789751,5.865778428473152,6.424792975287293,1.0045559842207819,0.8277779569721845,3,39,1,4.918157006320562,51.73327317078405,4,8,3,Sales,100
32,15,2.9446165443713297,1.4932593161004084,4.279799679224097,10.708614702215542,1.5593306625861716,1.3133338418116884,4,17,3,2.400889719903387,69.61921740276814,3,5,1,Technology,87.64790223941941
43,15,3.8409930191161257,3.1049597113675182,10.576802097866112,13.714592113806471,2.4094180814832575,2.439791502167117,7,16,3,3.187683973611992,68.34673488367636,6,7,2,Operations,91.7908994747865
33,20,4.788358381117852,2.195173143021741,8.233849508699354,9.761412683912429,1.5622273604151604,1.4000039929422168,4,50,3,2.5029965123655233,67.6875590535313,4,10,2,Operations,100
33,15,7.075610501555025,4.380574444368497,10.42481442703509,8.82531647774513,1.47152568803441,1.1703912248730977,5,35,3,3.1826512278585697,69.54318854574105,5,8,1,Sales,100
23,14,8.857850500789528,4.036865392228521,13.965752033129446,9.95105949791335,1.4708890429550532,1.3249445941309976,5,19,3,4.991397071164667,69.76575248383153,4,7,1,Operations,98.28551042713697
35,16,7.557888186368462,3.7953164172252736,10.600850983598793,13.373652072349804,2.164421953247672,1.9133524493861747,6,76,3,3.1822700765607546,67.83891659885774,7,7,1,Marketing,99.89430699382004
30,16,4.510235737337335,1.9682165080697087,8.006748291752803,11.211574675833864,1.8428920109685576,1.4885425621412918,5,26,3,2.6964020121864447,27.85599512345865,2,6,5,Operations,99.90898375679592
51,19,6.201433693631508,3.5350809176703555,9.052573736329443,5.747022062520676,1.0678389809481068,0.81204381302307,4,37,4,3.988204377149402,77.91795660764461,1,6,0,Operations,89.87562485553048
39,17,6.4729095344289,2.7427514457624644,7.116192433746729,6.738496730887048,1.196773533761416,1.0056304039522073,4,76,4,3.498048166503922,50.231518636072906,3,6,3,Sales,100
32,16,2.5960341793862423,1.682368368295347,5.16986220688012,12.131157587797624,2.0889783754643014,1.81845602594867,6,12,5,5,68.39234933596546,6,6,1,Operations,92.70520799255117
42,13,4.64918469697509,3.291599075099681,10.985953774261032,8.71163473208231,1.3251799009166225,1.0440176749845114,4,43,4,3.2951821417359697,85.02690346284625,6,7,3,HR,100
47,18,4.266776700484371,2.835710787600109,9.288073575246006,14.780497638381759,2.321084894639795,1.7762671323330383,7,41,5,4.7134215362854635,54.504238072226244,5,7,4,Operations,99.90351775686466
38,18,2.8580216587343155,1.9671834926278928,5.166303073029779,14.712168752953446,2.249328527009399,1.9225799010651272,7,22,3,4.004713720857851,84.14099198621237,5,7,1,Marketing,97.04702082415479
49,16,8.022961010979834,3.4936225744827274,12.268117524390975,12.1818472166919,1.5526363799532468,1.2501678154115763,5,17,4,2.597367215255312,41.60259518174093,2,6,2,Technology,85.17289033269367
28,16,5.153993791895044,2.6091695918699775,8.78868778506091,9.574725637189797,1.6349736888729873,1.2250848007495603,4,28,4,3.393324805530199,33.098236024191934,5,7,3,Marketing,99.94506081677302
38,16,7.714097067494179,3.8011641272684527,14.513208615941148,5.344077624971383,0.9264406563548289,0.9177681766453044,3,45,4,2.020443494066835,65.37082178355843,7,6,3,Technology,100
30,14,3.7201466215970553,2.121325253593829,11.052541089662132,5.108537003698337,1.0217367259580252,0.640816175124146,2,48,4,3.4180854248411285,83.013684393943,4,7,5,HR,99.88955230940032
34,17,7.314482774764815,3.4624209585585035,15.893462887494998,7.752808569846817,1.437274534088641,0.7419552737360378,3,32,3,3.3987107179816105,48.01186732952351,3,5,4,Sales,90.82932171661595
28,12,4.647748701593325,2.3198000679867175,8.08847792692036,8.095447143764382,0.9691596935898682,1.1041810992265397,4,15,3,4.387424071987909,74.19477217333164,4,5,2,Technology,72.60934507685725
55,20,9.316067531504777,4.402625784106496,19.1589513608208,11.950453696223324,1.7645496507167053,1.2336758207976748,4,46,3,3.5167762737585635,80.98829588037616,5,9,5,Sales,99.95770330954029
38,16,5.7348454683094205,4.075229886825199,11.155153608412213,7.641901232125739,1.4335396586948752,0.9490233472587871,3,56,3,2.6106484707487376,87.8733803882105,1,6,5,Sales,99.9386193800917
42,20,5.110919457188446,1.8837254484316701,8.443316394849617,9.694962812050253,1.4872503783828845,0.9330909843260694,4,11,4,4.089355332156571,40.59873996796564,4,8,3,Marketing,99.79609109171491
33,17,2.2124383374702776,1.0909450265107759,4.3582916206775915,12.489451221403092,2.418182857921,1.6399451283266624,8,15,4,4.606914108986882,41.87590143656262,2,2,5,Marketing,75.18743566620743
43,14,3.5969382185417116,2.2257554412765908,7.439979717851341,10.718999045217194,1.6567972092497212,1.4865167082526702,6,52,3,3.288909352002267,39.80194357999011,4,5,0,Operations,99.82274293502068
39,17,3.063228312259054,1.8223215012460856,6.688450456294196,9.398297644530937,1.5698850494886096,1.304636893330343,5,41,3,3.405900496781344,73.42541712649151,9,8,4,Marketing,90.95191233299417
34,15,8.511783185535311,3.322927391757407,12.65642013213052,7.711791450452885,0.8667344405749275,0.7997734895744081,4,23,3,3.4736898046654043,66.9510912471175,1,7,4,Operations,88.8882765464618
41,18,6.389352676518262,4.068258455453542,10.37553344652552,11.308812376096215,1.9450315122585065,1.5084117376702608,5,16,3,4.702731042620605,45.10854719047037,6,8,3,Technology,99.90588023994954
39,16,5.498032567971569,2.7528698805679395,9.237547747738818,8.700634384678057,1.3634562751450905,0.9767314824986905,4,70,4,3.4036146567434464,50.18657495572688,4,6,1,Sales,99.84554427798437
26,17,3.5988671436285626,1.6231554227312865,5.136742129192423,10.152717923236606,1.053650991909634,1.3147888356386317,4,47,2,3.916103556341383,65.791480582837,2,6,4,HR,93.28754966230052
40,19,6.1610933210373755,2.819289176469331,10.15864867345337,4.835169293136118,0.7289901274921201,0.5927440288377396,1,25,4,4.088554980079763,76.83489421988376,1,6,3,Operations,92.15302268495444
38,18,4.074700420311688,1.7049344706274483,8.450324254814163,11.35692343483217,1.900765674605041,1.388522914154836,5,28,4,2.9049868613403964,49.265974720276404,4,3,0,Operations,85.05155794651624
25,19,4.400070211910297,2.0826891735114366,11.038075406892228,9.998886821658703,1.2282431547049741,1.431620157967489,4,27,3,4.608570229976373,61.06133267869737,5,7,3,Sales,100
47,16,3.6781703024293555,1.7977410964131317,5.826868134853408,8.319224542874375,1.3641798539232917,1.1507751234950871,5,44,4,1.5987206136680612,51.76609801710222,5,6,5,Finance,99.82119227249657
29,15,5.0959091920086905,3.522929244418832,10.272486246653852,8.835662322593347,1.27488457033453,0.785592759021499,4,71,4,4.507712393941031,62.424933975306494,3,8,4,Operations,100
34,17,3.4380262814710614,1.6997173028904264,5.660226681822186,8.195632219079954,1.4075398636594878,1.3357085040553598,5,33,3,4.583430902729181,34.85193571274792,3,6,3,Sales,97.55877744941203
38,15,12.007066199165328,5.0921786871529005,19.889807813963998,15.106897959197626,2.183925374260342,2.548732339897893,7,32,4,2.877775082434595,41.86780626528245,6,7,3,Technology,99.96058273937521
34,16,3.0479118376990213,1.5203602642856846,3.847633226573153,7.991269135308941,1.187527694392184,0.9397421644744427,4,30,2,3.2069957990606746,54.20973277739553,4,5,3,Sales,78.09332629805
38,19,7.168128522051333,3.7935511935022936,11.298511730500095,7.974648336547392,1.6800000464215212,1.062934742864092,5,65,4,2.9827208706061894,67.59768289788273,0,6,3,Finance,99.96134722196024
43,14,3.981571705600628,2.775469124793433,9.624980508797261,11.391277801120689,1.955126667199574,1.7192368081366514,6,40,4,3.0896053678887077,76.94768966083554,3,4,4,Sales,100
22,17,14.638927007718406,4.899142924843864,16.859888419514817,13.17099765519293,2.3914932828012305,1.81102336958712,7,22,3,2.894697466138105,55.2350898413601,4,6,1,Finance,100
36,18,5.877601317889721,3.6894331544581354,12.548504690692406,6.276134529005527,1.088260714447981,0.7505803920406331,3,32,3,4.810812241645168,77.79962036032303,4,6,1,Operations,100
35,16,2.962125584541371,1.3733185829061099,3.7452526520327134,11.257696389503623,2.405490172018544,1.994685266300009,7,81,3,3.731707766955063,64.79849370083889,2,8,2,Marketing,99.8600279822391
43,15,3.9739236415328834,2.412284778694519,8.898832666379787,13.86971537846681,1.2972886399689867,1.196859096618257,5,38,2,3.9364565709598773,67.41093218253997,3,5,3,Operations,94.57483343510326
34,14,5.854939626364744,2.634052038695725,12.312105428252313,12.7238333757114,1.7575245914426396,1.2879149427310708,6,33,3,4.108436808852164,53.36881616862847,5,7,5,HR,99.98824894701843
36,20,4.809681797460227,2.384907930616664,9.995286352877807,12.362937078321226,1.825159185712313,1.7027325885305111,6,38,2,3.2894413434120793,38.98097115589588,4,6,2,HR,98.93027456244894
36,16,4.915096961281939,2.876381448915101,9.662565399985905,11.823794417918643,2.2482842155065312,2.1756734109330766,7,43,3,3.913642490857958,76.96685014054886,5,7,3,HR,100
39,17,5.036637864051538,2.6159295023154403,12.27714384248632,9.602893261870362,1.3021961169313456,1.0120101273130926,4,72,3,3.0986142388586866,54.75692683228397,5,7,0,Technology,99.84004946039254
29,15,3.95517664862624,2.615088199432335,9.999575292765382,9.83900156514427,1.3906166546333767,1.13137283547693,4,44,3,3.994328957970964,52.605555356654406,3,9,2,Operations,100
25,20,5.750204203520831,3.0870909531449917,8.054630734709855,12.638882587537115,2.056810732376828,1.3060774359539074,5,16,4,3.6049875396502022,81.16659723662195,2,6,4,HR,86.8324478317523
45,16,13.719025550175061,6.598833819803331,29.34240409814554,6.6863372036606785,1.0955167756996034,0.7812488653768928,3,34,3,3.472120071743816,69.36024212681227,7,9,3,Marketing,96.95344688833049
22,16,4.300370938064392,2.409737388510315,8.105120317266575,5.694661756023759,0.9803598446392061,0.8900716332293483,3,15,3,4.183823223012961,52.492318631334285,4,2,1,Finance,91.01331084313394
34,12,6.679843799008533,3.330955963209215,14.071052903646512,14.548176338955455,2.2523396971303793,1.7053683523168859,7,46,4,2.5066268936124896,76.25130498810152,5,6,3,Marketing,90.35249937550373
43,13,7.100040459105757,3.8026934113987685,11.026350422435756,14.045699186315707,2.002783494467041,1.9411285487555316,6,22,5,2.4282761573477347,69.45798022084082,2,3,4,Technology,91.49918006223848
45,14,5.501461203114708,4.8927426958976845,12.416545198809743,13.290879907687826,2.0271412624050225,1.7524173455302825,6,53,3,3.6083417460253377,70.34447752495531,5,6,4,Sales,100
43,15,4.317413277065039,2.09809630669876,8.228401222062208,9.043585427352612,1.4624417430136247,1.6407424013904353,4,44,5,4.295848734210241,57.90458655225381,1,6,2,Sales,99.88239099028749
40,14,8.066473522330952,2.381180591859476,10.59149304974238,7.3495378590122575,1.2831101462002177,0.893022732469066,5,38,2,4.990909899866923,65.6115774312599,4,5,0,Marketing,97.23328159103635
34,18,2.6105869829909145,0.8122103984364423,5.096599205997297,7.828862444455209,1.210344724717072,0.7367168935551883,3,82,4,4.9664303746358645,70.33096365097487,4,8,2,Marketing,100
45,18,2.904551088551661,1.7927628771715747,7.391049719648357,10.872529532206576,2.248560501138234,1.752511324220958,6,25,5,3.1911074209300816,39.420408657387156,4,5,3,Finance,84.98212886792588
27,17,5.822386575419697,3.087056531768798,9.41180804775226,9.16125344681174,1.2655510356767217,0.8864436566890653,3,33,2,4.592451031272664,46.60930521325362,4,7,4,Operations,100
52,15,2.6249350379426084,1.1227098325607077,4.376325453981649,12.580649670516207,1.4489657730705816,1.3951796206098417,5,21,3,3.884210095928278,61.98086356797135,3,5,0,Operations,87.76012567460344
38,15,7.509605453934141,3.6261321937578255,10.576510068737981,10.804020681377807,1.5135375407034155,1.342443571376039,5,34,4,4.993910916734605,47.9147677292187,6,6,0,Technology,100
32,15,5.781621609641146,3.095407615630304,10.199228776983663,7.7692336479055815,1.2662764074197066,1.0421508351181503,3,40,4,3.6993637165521793,26.48124191427795,2,6,3,Sales,99.82643892398445
29,18,2.4529418355101087,1.3898307075128866,4.262430667016144,17.42046001725479,1.8144259873222996,2.5447955997351404,7,40,3,3.9724830610397466,47.9854806155844,2,8,0,Technology,99.89093464760994
38,18,3.7226200810632912,2.325967344065762,5.845785433016516,14.774031846387391,2.4899100331912463,1.974075659691997,6,21,2,3.808935302482323,54.8824775309011,4,7,0,Marketing,99.97420059646304
27,16,6.147240636084156,3.599921928280399,13.696452367443719,7.423912141214327,1.2211253755860616,0.9672419631614235,4,23,2,4.5482871567856025,54.146451360562914,3,2,0,HR,88.05890534708276
34,18,3.2558034443455983,2.220419308840632,5.681736404915949,8.966096652294068,2.011324205594139,1.522460020565428,6,25,3,4.102862038390155,66.45940347741812,4,8,2,Sales,88.08129260595895
23,17,4.415003487152448,2.2011033114377674,8.181848206835125,13.446973170254337,2.398608341140996,1.8759909935027497,7,14,5,3.7943453551210338,20.73478503981966,5,4,3,Operations,99.97164328707672
41,13,2.953355884174544,1.5761568827798866,8.950317439098805,10.627871737272256,1.2022610191108059,1.4446943996873414,5,43,4,4.973692939791938,45.99713844854328,2,4,3,Marketing,98.51697590711873
35,15,5.666435999654796,3.5051330098590445,12.339569702504106,8.809117094652384,1.5180417013542138,0.9967697547905361,5,21,3,4.099558474824271,56.943521131285515,7,5,2,Operations,99.96570786900918
34,14,4.330151735446061,2.604146963354226,6.198277667520156,13.416665985457428,2.1398384287882743,1.485880886734901,6,16,3,4.423129743682293,58.14320804298161,7,6,4,Finance,84.32675864399845
38,17,8.280339756708607,3.7039645458078203,17.238479540821963,7.275014277925197,1.2725950995134427,0.9269413205631298,4,29,4,1.78332490370717,62.250849238288566,5,8,2,Marketing,99.78352810924072
37,18,4.49562498690429,2.2933227663061553,8.45076012356877,8.461684830109908,1.3633771647068407,1.0490333015452835,5,5,3,3.411091171672473,44.221544834858385,5,4,4,Operations,87.75270278946826
42,14,3.5529552842730636,2.195362653458048,6.937071716543567,5.286303083333378,0.7793615262105072,0.5583639757470887,3,28,2,4.386742536158542,80.06211961358733,2,6,3,Sales,96.98215886349081
38,17,7.606004034187385,2.344405263679857,8.955492161390358,10.494866126629482,1.4602805441327698,1.3564029928382897,5,34,4,3.6243512097674238,67.89462652811022,4,5,1,Operations,96.05261381880769
35,18,6.660198551458765,2.7094327778714127,8.381441380925274,8.13440212882585,1.084745124929116,0.9206696759810081,4,31,5,3.1953481661950063,86.61908805292288,3,6,3,Marketing,99.79966787545645
24,20,4.980114452916029,2.2924952775978578,5.72196284701188,7.027787143609955,1.2649807634095869,0.8114821785351412,5,36,4,2.4099049175108656,54.30835317683462,6,6,5,Technology,88.63892106214963
36,15,4.7246891135505695,1.9810244314327223,7.784660459647695,10.563022176474155,1.2668555458025161,1.0777392111560582,4,18,4,4.082429338682343,45.49367468802029,3,3,3,Finance,91.88380086413558
33,17,3.9762475071830083,3.205588938570007,8.94841248370933,9.725082359811909,1.6788479553665119,1.1098603444814603,6,47,3,3.7068015928242293,59.03003931317462,4,7,2,Marketing,99.85611026186245
40,16,6.158650083906512,3.1180590745743832,11.232787459143255,17.19617564871095,2.3180407796563016,2.417370968667603,6,22,3,3.3850289007349037,54.64546591646907,5,6,1,Sales,100
23,18,9.580904109719071,4.880911213186965,17.979549759892514,16.899446672243748,2.5701627555665274,2.2649471390507623,8,57,3,2.0701844176104687,77.66027180146638,4,4,4,HR,99.96424663725894
47,17,5.842213644506103,2.8294666566970004,10.52475073311723,10.146655726895718,1.5594912764187217,1.4848952229387007,5,34,4,4.5942171667069545,64.79601928121411,3,4,2,Operations,99.93242993420014
39,16,7.083044090472868,2.825546849916506,14.400418882840864,5.549494386770556,1.0137527004149376,0.7791034136899907,3,11,4,2.3115918809117004,41.442131394416016,4,6,2,Sales,91.99351324350867
38,14,8.085956400497984,4.036666165886068,8.085956400497984,8.7029055516002,1.3953572654329196,0.8934846330614049,5,20,4,2.7637656916469253,52.58203827016248,6,7,2,Sales,100
39,17,7.71290157816258,3.0680887509582955,10.997504818955367,12.65463006828303,1.9468665716335978,1.8259559188268843,6,21,5,3.8962196544919587,31.527844264084916,6,7,3,Finance,93.33511575241256
27,15,6.759114330436885,3.600896714266583,7.763751218455303,9.04518230405632,1.4786763199150275,1.199766894886243,4,39,4,3.687752157786421,57.06269679537351,3,6,3,Sales,95.28105469152682
34,17,6.773326907373905,3.0049918405523997,10.439273771471175,10.422202425521045,1.4619205454060145,1.2772300118094593,5,43,3,2.6150564942348313,31.191220115114753,8,8,0,Technology,99.82382262870195
46,16,4.700506204051831,2.623985767834864,8.084805351333895,5.358511180808808,0.9741538419404524,0.716907482083817,3,25,2,4.988286345658269,39.74511543803227,2,7,4,Operations,90.08742976019953
46,20,6.440123827092611,3.5491837302085862,16.459936470862562,17.217323181275752,2.3308954957205423,2.6112862731402835,8,72,4,2.880879855844968,46.57323364559405,5,9,3,Finance,99.95028573610104
52,16,6.606863124394412,3.589550180332834,15.040315050212262,8.48172442519903,1.418528480932732,1.402637636179175,5,64,3,2.9850198659129177,62.770882094905645,4,7,2,Technology,99.7939202566775
35,13,6.4714425021930255,3.7090178449074473,15.136150846005801,6.371365139224163,1.02662188821832,0.8890591272927305,3,39,4,4.47332462287895,65.29767293092965,3,7,0,Marketing,99.8722897792974
33,18,5.703894003707809,2.206082060183336,7.426504840739066,12.738994985533607,1.6769418759883985,1.5517990197748093,6,41,3,3.3819276694687503,55.678650728297605,9,7,5,Finance,93.0501375754414
43,15,3.4638953260242813,3.4638953260242813,11.406050331928729,12.578512038564739,1.9178698406704386,1.2356015593662173,6,30,3,3.585448457374024,63.7473211405936,4,5,1,Technology,99.94241200046973
44,16,4.773291086450235,3.120323392855559,12.85603160523588,14.264913465412551,1.8225955173513972,1.4787800888755038,7,18,3,2.504788362054646,72.02489758591767,7,7,5,Finance,99.77699961859197
32,15,4.620762173282601,2.6924586808090614,10.128432180474832,16.01105239451718,1.8707247823699928,1.8596615913777288,6,34,3,3.901816685694368,66.54691594893472,2,3,0,Sales,99.81416954715785
41,18,4.526688494319539,2.4884824191744985,6.387880260407375,11.172571238913978,2.024703124562207,1.6229890203465123,6,17,4,3.0008028270316633,65.13837057704045,7,8,3,Sales,98.999546503936
34,16,5.300909523796377,2.242110990343881,7.060006276500047,14.164160604446135,2.2483416581282603,2.1254504060259234,7,31,3,3.7993278243871624,50.69690814658433,3,5,2,Marketing,85.64398697325727
26,17,7.649434581185533,4.121410397727445,17.917639404868453,9.908747016459685,1.7263811279194525,1.405670313555208,6,23,2,3.2948938674416755,60.56174099564634,0,4,3,HR,94.05249319421947
41,17,5.802399642465866,2.247529930766385,8.499556408479647,11.367964302504777,1.4460409425536596,1.241621959991453,5,19,4,3.5847598598705774,32.71920791775996,4,8,4,Technology,99.88376375645055
37,15,3.45048756903642,1.629521388037932,4.748040851515982,11.104269018632891,1.5113319859079102,1.1776192171637356,4,15,3,3.5181894523994504,55.85884586590796,2,5,0,HR,72.7543505290923
34,16,9.458320529498335,4.996305123479773,14.713620290066427,9.582879670006418,1.426354963204361,1.210187628753889,5,35,4,3.5875610946329837,73.50397242328586,4,4,3,Operations,88.8468424047712
33,12,7.083530411741998,3.876261809806853,16.491245618925145,6.386451058998723,1.3261987286128207,0.7004900549110739,3,37,3,3.1264419361640665,86.33052771478746,4,5,3,Finance,99.32582629821361
29,18,19.204705702582682,8.085312552015512,32.86465525041455,11.046205260241816,2.2207564571771674,1.661136885479676,6,31,3,3.126324564621192,45.82474477355395,3,8,5,Finance,99.8232268600128
35,15,9.288249113990242,4.873394176815657,17.4033357198804,13.284598435593013,2.1367537867612727,1.67314635346296,7,27,3,3.6058640515314995,62.50362890308597,6,6,2,HR,100
37,17,3.8151028779231644,1.708110362221395,4.584609733608413,6.945098170433083,1.1259304595457418,0.7830669975539246,3,25,3,2.9227361711319264,42.92518632101121,4,6,4,HR,85.01005380611993
43,17,3.3878967357575105,2.01960728733046,5.543673607692215,10.985935929507008,2.15663403626026,1.639533733069427,5,49,4,3.7893797768044917,63.65731505080266,4,6,4,Technology,100
29,18,2.5323368561567166,1.4566678756384837,7.153877543648068,14.244489209952114,1.879599198157801,1.7457695954655912,5,44,4,3.278064784916899,52.66760572555742,6,6,3,Technology,99.90514355503578
30,17,8.083487908713655,3.8073575247350804,16.6730793424922,8.070193070387948,1.6278569631116502,0.9143355048411665,5,47,3,4.785244314197586,73.95700632638413,2,7,3,Technology,100
42,16,4.558718611827759,2.1866173162703797,6.084225949726213,7.170758502384276,1.1314470368088705,0.88453440993112,4,11,5,3.6785482575320083,58.802157130508654,3,6,5,Technology,98.49832136540859
44,17,5.207592420857744,2.8972707068825625,11.466309838594164,9.257296659528023,1.577615273494615,1.0321332257153728,5,24,4,2.7093345998172014,60.02926871308239,8,5,3,Sales,98.39930743392097
42,20,7.207256172922173,3.892177199271809,18.462497255775897,7.511842674733726,1.038590986828423,0.8302684552260885,3,32,5,3.3309762325449874,49.61840110444569,7,9,2,Technology,100
31,19,3.03330257929145,1.518446153356855,7.223349502664993,6.678379781645747,1.4499145350403178,1.1784056896771562,4,16,3,2.315664565858981,35.22935793377276,4,2,5,Sales,83.79758779023798
39,14,4.388352250095656,2.654345599386631,7.098575436376021,4.504957308738274,1.0140625613841872,0.7382022470132288,3,34,3,3.387552364742272,49.11670955191024,2,5,3,Operations,89.40416230588497
34,17,4.648092329609533,2.015934573116967,7.449997928150814,14.764461622079365,1.7000883522000059,1.5928796174460567,6,46,3,3.796902589408804,67.40442173730145,4,9,5,Sales,98.9598972861648
23,19,4.725088857019892,1.989667488031984,8.722733966215547,4.892904633480633,0.7497368693087025,0.6299113009178794,1,36,4,3.7049080535021055,60.93565757434926,3,8,2,Sales,100
29,16,5.570092387053163,2.6927982067379865,11.591937306829745,7.956961146724694,1.429619170650294,0.9492905329880628,4,56,4,3.7902705003586834,66.6322756098109,4,5,3,Technology,100
22,17,5.211743011827735,2.100015884906006,9.956770478733034,18.461571155670818,2.989985960113952,2.1103876985271817,7,24,3,3.8207400295547607,53.83059298492899,7,5,1,Finance,97.4876007837805
33,18,2.4383300228883966,1.0132131089053846,3.2819544295609306,11.031627420159866,1.560785367898531,1.340528683530481,5,5,4,3.5994720663806383,56.86537259145326,0,2,2,HR,90.27509760303987
24,16,7.985980057145366,3.8771732254975655,14.685508308376717,9.82410895178299,1.723141910131411,1.4743456633755292,5,34,3,4.179436543922907,83.51655395267309,3,10,3,Operations,99.76113250008842
42,14,7.489589695511111,3.500960221086757,10.158668219753174,20.292144091148014,2.2471349125932893,2.273106577220266,8,45,3,3.8021703118998826,50.66201910846873,7,8,3,Operations,99.80238750063785
39,15,10.963815298551362,5.612065516890839,20.55749166706985,9.576203002056841,1.3503526848540894,1.3194719368904773,5,35,3,3.964254543742793,30.226120042420614,1,7,3,Operations,100
22,20,3.608546070654029,2.0047697476959003,7.671361134149229,8.602537161715842,1.5492280805577197,1.2103851999110284,5,41,3,4.191693865159723,42.76821076778823,7,7,2,Marketing,99.9408885220657
38,16,6.53495258672385,4.189720940492253,10.86193995531506,9.43709711826131,1.5891370760913148,1.407156264527964,5,27,2,4.7781029505695285,59.07360192103915,2,6,3,Operations,98.85284586448289
32,15,7.080242609907895,2.6235437430593587,9.778950078641218,8.90455853208642,1.238253132140063,0.8541336300289984,4,10,3,3.3081657450744637,71.58456353247875,3,6,0,Operations,86.57629499460663
22,20,6.218316364441812,2.6012409598770314,11.380989785682676,11.369401372707907,1.8906749129212101,1.8758654741628316,6,45,4,4.211910750077701,70.33783657791355,0,7,3,Finance,99.91786993579879
28,17,4.617434320372701,2.6116223551826434,9.996045679246539,13.0187727117162,2.3834288478578802,1.438511242893557,6,37,2,4.297122518058435,73.39419862218611,5,5,4,Sales,89.10768843038024
41,20,2.4050742641663634,1.4597831191788353,6.264889351365286,9.026555599856158,1.3307069489392016,0.9693109446644663,3,28,3,3.3047288104137067,25.280218336571732,3,7,4,Operations,97.44052629091323
29,14,5.402664674372715,1.766357335965668,6.0964942427701825,9.341624484570119,1.411906736661248,1.0776560884848463,5,29,3,4.482289368990279,79.36465893577716,4,5,0,Operations,73.19979522692527
28,16,10.174102657695737,4.670224314480961,20.496782646604682,11.904002905386493,2.282278224684242,1.3199866807405953,6,31,4,3.5170903264279696,73.54340100608529,2,6,5,Technology,94.79908914265874
38,16,3.9744077733118757,1.824315336993025,5.4539027699606955,9.87881804031111,1.201753084080654,1.1871240844707627,4,24,4,5,41.77369281026728,5,8,2,Finance,97.13560893389757
34,15,5.529311382169712,2.4270510660333047,9.442902257780055,9.763289570907292,1.3168590095117372,1.2398902485346885,4,32,3,2.584292690495263,47.03595829452143,1,6,4,Technology,88.69291945014709
36,17,4.030489717763947,3.696884830634918,9.938812636150972,14.287791464301472,2.297904757794158,1.94476677179929,7,30,3,4.503321167136848,65.90585344090493,3,4,0,Sales,100
41,18,3.9887269804965255,2.254283048362731,6.7361408218521515,12.46928433298386,1.7224449158896271,1.277869481431664,5,20,4,3.4960529751627756,55.66720850752896,7,5,2,HR,91.25283252087729
34,17,5.268355077364993,1.9392969171763759,8.27424175535981,11.229720629315215,1.7792440947763817,1.5793216408033446,7,38,4,3.886235566793592,39.049573334888684,3,3,1,HR,91.74582092222207
40,15,3.951627528180434,2.701721979471822,6.665614084370929,16.93473961466105,2.457414563508458,1.8701594899089282,7,65,4,3.700871864228778,76.99789235857976,4,8,2,Technology,89.52383824377317
38,17,5.043472293461652,2.198051057690477,8.701468771204752,5.642991164082711,1.3119972104603077,0.9165023826206407,3,31,3,2.6134247709033533,67.99424381475018,2,9,3,Sales,90.86027121410811
32,18,5.112345035414193,2.5835177781629954,11.978777592274964,7.763978426621611,1.3698606106980098,0.9867807023536072,4,17,4,2.6999238919100184,76.29224543419343,2,6,5,HR,86.62604432018951
28,17,4.679576894681426,2.3003671998278565,9.98484903076499,20.39406216485174,3.244278302197823,2.742596864720875,9,76,2,4.048263160866551,65.78136211337662,3,11,4,Sales,100
41,15,8.286344060766254,6.767364170591227,25.09666216916071,12.166719860027086,2.100452842652192,1.3523223129984638,6,16,4,2.6747498173547886,49.41885880120451,4,8,2,Sales,90.84574850428005
50,13,8.425813665274188,4.984003470512479,14.806198714324928,7.417132341181126,1.3811394704514242,0.9607340111098766,3,48,3,4.104892581363307,67.68708230863739,2,7,2,Technology,100
44,15,5.482162456399875,3.585877356429704,6.691358732346299,11.681142892383196,2.181004314350651,1.7526124013346116,5,20,3,2.922789895112792,64.32587864400188,6,5,5,Sales,85.14787372952408
36,19,7.1034234025917575,3.9976910933905696,12.294079211254264,10.399115008075217,1.2998941504862553,1.3017150730240783,5,10,4,4.69765511015276,44.26465288059209,4,6,3,HR,82.0110259720687
26,17,5.660660861025203,3.3972019058917122,9.300707532289488,10.581135932721423,1.8223461442459628,1.199741719417551,6,20,3,3.3900963801093953,37.10028931435145,3,6,0,Technology,93.18623171313668
41,20,8.081768403915454,2.6582009283981134,12.701325282294423,20.60639191082835,3.667667236271329,1.9561498118226655,7,18,5,4.322347534434834,41.61830398391171,5,5,4,Finance,99.99148148336953
32,16,3.299362223542226,1.4201295389457036,5.56955682047265,7.181149947960785,1.366995725875218,0.9177892406904657,4,11,5,2.8004533145140487,44.737011188787484,3,2,4,Sales,76.22563482291125
30,16,3.691152929233445,2.458001197752916,11.317275394443062,12.45336003434264,1.8646207470991336,1.6529975883916814,6,26,4,3.11631126691822,80.34411799386352,2,6,4,Operations,94.74849660250894
40,17,12.206676524030536,4.105801249102193,16.103329307185067,4.787087756961857,0.7974856773212932,0.4330238893747571,2,32,3,2.8823486356787327,71.77608045150399,4,5,1,Sales,99.89895761099105
30,17,2.3841998839538823,1.231888183474876,2.3841998839538823,5.6225327081925265,0.9919448990800814,0.7613815458973905,3,26,3,3.9030270265443123,77.48043525030036,4,5,2,Operations,81.73787794751999
35,14,3.708125066952212,1.9963480766336383,7.057762059409734,7.805303487712428,1.5108854651037167,1.1090964045497762,4,62,3,4.706731913146923,66.32841733490254,3,4,4,Operations,99.87498360188833
29,18,6.36345395524469,2.81043975057876,13.388624897864931,7.003620839627854,1.1963113909178749,0.7483535983920248,4,42,5,2.6926347226998004,73.20079687926297,2,4,3,Operations,99.81777876767363
42,14,9.373327674608536,4.504382295564904,17.565776064479806,11.17088730248762,1.5057992687680446,1.4968861187509517,5,27,2,3.8877750049037036,56.63461039426331,5,6,5,Marketing,100
32,19,2.117715993436453,1.2233783522065422,2.9034747609026432,9.149443930915881,1.3975445829531832,0.8652653387918423,4,13,2,3.47781404952101,63.50323141457029,1,4,2,Operations,78.13693119201388
36,18,5.266736368344188,3.691383644480094,8.865327512618192,5.4268520530136435,1.1185997283162141,0.6154974917213031,1,10,3,3.196822728593346,61.62865186715876,9,7,0,HR,73.23396890548479
22,14,4.83371338456452,1.8841159282732107,6.067297402830237,8.080263724785418,1.2183688846688367,0.9181043268443545,3,33,3,3.803432648859743,47.41451648082869,4,4,3,Technology,90.63004201164544
43,16,4.488153795971581,1.904860535035732,7.6950245862569755,13.099010743739706,1.8834247651628326,1.4255401462457844,5,46,4,2.423446921236126,71.80660891341984,2,8,2,Operations,98.71805476724175
37,14,6.286667447543765,3.4831444236538105,14.864758056811821,9.132534673866447,1.650101434341654,1.2750177528353002,5,25,4,3.3039075238820437,68.51117476045567,2,4,2,Sales,99.86086545574261
46,18,5.220280874356527,3.4003575623257127,11.033331778827216,5.731581732477679,1.1065226540554463,0.7087530244072995,3,22,2,3.4016899958516484,58.41214665874842,3,7,1,Marketing,96.60654422430018
32,13,4.958932905317815,2.9217205500066883,10.326528994526715,9.507326281458763,1.1877569710040194,0.8899500004076941,3,36,4,2.7957739506528805,72.28539030240171,5,8,4,Marketing,99.94467096684357
47,19,3.580409876297575,3.5068015258451886,8.719471444506397,14.878789480224341,2.578911770174416,1.6865252103712276,7,45,3,3.378613043444039,67.34797514712086,5,6,4,Marketing,100
31,12,5.822398563517577,4.810768153778169,14.184359070215574,9.704084939666224,1.456438585535396,1.250021515841247,5,24,4,4.399376247587914,60.9519534903397,3,4,1,Sales,98.53727074629242
39,16,4.021467006531143,2.151436000291739,7.961215815827335,14.626924038031294,2.3354595330869374,2.16963155456518,6,45,4,2.7722805964794612,52.05854494707643,2,5,5,Technology,91.48124399445031
36,17,6.341456952863862,2.809315639578306,7.858850922628819,15.914922974304448,2.1319288598778443,1.8859594274288816,7,31,3,3.914419223534611,73.22534763003917,4,7,4,Operations,86.72301283104613
31,16,10.053403972755536,6.280730773801801,18.808728804162776,10.572062926700914,1.75879700134512,1.349732358005358,6,48,4,3.0096898900373104,55.61757819026599,2,7,1,Finance,100
24,17,7.241435565393375,2.2822787601394285,7.780519570140827,12.771837568015258,1.6020521442593252,1.6614530611092997,6,54,3,4.008513462406223,70.31127747809603,3,6,4,Operations,99.76915711250071
41,19,5.901814205426554,4.416126961365342,15.457332857471682,10.381439344369076,1.9129485994368174,1.2776629408693054,5,12,3,3.707307264981268,58.312676870611185,4,5,4,Marketing,88.19337592409856
32,17,8.673458072945923,4.201113944647616,13.387878382222452,7.328960054479931,1.4424150396194804,1.0350556594863567,4,14,2,4.406555854945603,59.361233035671994,3,5,2,Operations,90.94563775043643
52,19,3.7683692315079105,1.7847718123027794,5.863896527641994,12.098761970418456,1.8669246597653288,1.4681093008279842,6,52,4,4.980569758707163,50.71609481883682,2,8,1,Technology,99.73685487531
43,19,4.522978571783613,2.5829045917104665,9.691276503754798,10.430877854635085,1.547844897439418,1.1186635699344278,5,30,3,3.305834983972207,42.95036502101743,1,8,0,Operations,91.994010051217
28,16,5.295153493998299,2.502380657610767,8.84497362624858,10.892305366937041,1.5656127256281076,1.2479925639409384,4,17,2,4.717518147946618,60.51820676271145,1,4,4,Operations,80.50533332565789
29,15,3.73733708141441,1.794343235157335,5.8579530623054215,12.577546885641846,1.887192067394006,1.3739025880751232,7,55,4,3.7819793247391975,55.24493861574926,6,7,2,Marketing,99.90490530310686
22,17,6.323620195706335,2.678889442106239,12.151768581973153,5.221430914061971,0.8145443373785369,0.6641492949392214,2,15,3,2.9612428620944713,80.36627043566068,4,5,3,Sales,93.72728502569082
24,14,5.097847699903655,2.101126904670439,7.778794657724949,9.183755215410466,1.6293760612241601,1.066318621970642,4,72,4,4.317762981785606,63.045620802733765,4,6,1,Operations,99.99327659541657
37,14,6.802832364303908,3.1921582240516555,8.072406440701828,11.27183411160161,1.7156166739149195,1.4829129339473592,6,42,3,4.197457152754902,66.78208875463247,3,9,0,Technology,99.93461603120606
29,14,4.392193927999435,2.242029947996169,8.568579139096498,13.659951174093809,2.3181691891496894,2.1580034249780344,7,22,4,2.6099155489034085,65.9129960757904,4,2,3,Technology,92.25435808423835
40,16,6.967707238980666,3.910078168831135,14.238452579913238,6.932213851074704,1.3603598856948933,1.0961101389604413,3,15,5,3.9997542902771723,59.90517239351571,2,7,5,Operations,93.63944735869636
39,14,6.538707229985192,2.9907981693722796,12.696836073415788,9.612042594068013,1.5499044860991131,0.9654948850071114,5,22,3,4.312963007575411,54.070272101069136,3,8,0,Marketing,99.86064757830123
45,15,9.69817458476525,3.299744251806654,12.978542302629714,6.907460015770457,1.3428723139053285,0.9489654404418256,4,49,3,4.628924585491831,77.13996075984524,6,5,5,Operations,99.97773934005497
36,15,11.243838834772253,4.085627526078147,14.584117576585953,10.435698774880168,1.6144049985943043,1.2668191336739092,5,35,4,3.4030669747829467,44.19472278402823,6,8,2,Technology,100
38,20,5.55749362439613,3.7312475248204575,12.413207521940771,16.9775791450576,2.3668982137970636,2.5446194440384216,7,12,5,2.7038211194891235,79.75100904273778,3,5,3,Sales,99.70676552447858
32,16,6.856418498694917,3.367263652633037,7.805732553873633,10.785433873990666,1.7069059482826408,1.2512081564251258,6,9,3,4.622389588395639,80.20989189154241,10,7,2,Sales,94.98661655673983
33,16,7.286701474841186,4.467311350111156,13.399400355865355,9.882491445905702,1.6407083653256724,1.6055331076456925,5,46,3,3.680754257511589,89.31520423125616,3,6,3,Finance,100
32,12,8.774627901648483,5.779050697735649,14.441021562795283,9.292137731074106,1.5563386171957272,1.1927218640671717,5,15,4,4.195717750854713,59.300766547206116,7,9,3,Finance,99.14818520125131
43,19,7.33458048296058,4.114589811803378,14.036493227429412,11.253418772261169,1.633092749674214,1.3759923444193167,6,40,4,2.6935256680956816,66.75361321434299,2,8,1,Marketing,99.88214812457997
34,20,6.414432971949971,3.2339268837542066,8.707025105425222,11.871024656587455,1.6118866927828759,1.3569378755103128,5,49,3,2.3126291798479697,41.200350427648814,4,7,2,Operations,100
34,19,9.001328777150157,3.059362854865538,15.497877835886797,8.41720226520331,1.4541230015790947,1.3750318407757398,6,44,4,4.587335776804114,40.33046803808608,3,8,1,Operations,99.59550674050364
38,14,7.403548362728168,2.4192227104445645,10.455201855705928,11.33692079535878,1.700427180471542,1.2799906503520349,5,28,4,2.584539427375651,33.9876128642253,4,6,0,HR,98.59745714355995
38,17,8.607696077064565,3.671851719043023,17.94318500613813,6.752712942781433,0.9573052854136869,0.8694565814508847,4,29,3,4.128380450234919,51.06291659765296,5,6,3,Finance,99.82144858918741
42,18,6.550161105244444,4.078676939548394,16.483705203570977,11.45051181466481,1.6376051783392067,1.6422192040280237,6,11,4,2.9185772982158924,68.3858471859139,7,9,3,Marketing,99.94372323189663
45,16,6.075516312526812,3.8138231310347064,11.692135065720041,12.352250265817739,1.9559744764205182,1.404510545885264,6,16,3,4.1068860677391585,58.69328625222132,4,7,3,Operations,89.39392091974631
37,18,8.159224886557482,3.8919013280564525,14.806107222247931,6.791086235888932,1.13358179946804,0.8024436059218638,2,38,4,2.8948182036905763,61.65177562592769,1,5,3,Sales,100
36,18,3.3046050552598096,2.126918823393456,5.0701967978428515,6.010186379382933,0.9946042812746826,0.858159309209485,3,32,4,3.1767740638133177,23.922204549024894,7,3,2,Sales,79.45105631288224
35,17,5.904659198787907,4.550368356420468,13.958344887588359,7.791125366184615,1.375009142478856,1.104003621833294,5,28,4,3.1005623691146718,26.51268282923883,4,7,0,Operations,99.94378491398963
42,15,7.542724477513641,3.9018736103921325,15.252011571384118,12.50256448009351,1.5176097464986902,1.762836822008808,7,52,4,3.3122193428108666,80.50994415307588,5,6,2,HR,100
41,14,5.526162521244148,2.1069399705167373,8.130498334058922,9.27821347456983,1.4446751300013427,1.0755203795566395,3,20,3,4.193238773603781,85.09299148761454,5,6,2,Technology,87.39817757562162
39,16,6.52154353763233,3.667544154339225,13.827038095895047,8.989498785347351,1.2271324755729378,0.8566163885874652,5,27,3,4.701308456907762,50.51419607882737,2,5,4,Marketing,83.89111915577267
28,17,10.997099930388009,4.025495856424558,18.272515605880244,8.432369881418918,1.5842589919444459,1.3035693973916858,5,21,4,4.114350076585274,37.86371884263254,3,9,3,Technology,100
44,13,5.759292641586389,2.8810050797809086,10.870086502618168,9.823614413481558,1.7201465242056093,1.6375972373155032,6,30,3,4.617886263530166,80.35173262696993,3,6,3,Technology,92.44985718326731
35,18,6.958358100179628,3.7747329878691445,10.71972571536456,17.437211744350382,2.7660409603526737,1.9648088122524834,8,26,4,2.802489033600206,61.83679503160675,4,5,3,Sales,93.53090002660791
32,16,8.044520071306065,3.4625816691914935,15.51303257222707,13.647626684868307,1.7367641989058549,2.5101219515035917,7,39,2,3.995661004660775,52.612747892444354,4,4,2,Technology,99.93544618444015
35,19,8.356148023689629,3.800863141217923,16.499636778763183,14.342153328956048,2.8495013321603095,2.2349576240186675,7,52,4,2.396653449999764,90.61533809571176,8,7,2,Finance,100
47,17,4.16365081040388,2.6253333154218375,7.257741286490586,8.561393007492669,1.4199854922952482,0.8444694544450163,3,11,4,2.5853247345355816,58.31768814661482,7,4,4,Operations,87.20916427330158
24,12,4.1428066262830345,3.223814762882444,8.269276654326884,15.048663527900217,2.123157752873802,1.7561129207153732,6,24,3,2.668684779405149,87.8602040503183,1,6,3,Finance,99.92169733765414
22,16,3.520786650114673,2.245320517498476,5.952587672264626,8.651719478621107,1.2857189161586384,0.8934744387267426,4,48,4,3.611324207597671,50.767535452260006,5,8,2,Operations,99.83859442421786
35,13,2.690495956016378,1.318177953790514,5.291424644086426,14.83931543754833,2.2590763116360186,1.7473571175677314,6,45,4,4.006915344014523,60.251774666077594,4,9,3,Finance,99.74971422004546
35,18,4.297373338456983,2.9959091757293623,8.524024211008369,9.30990131214378,1.6938647182205762,1.3620318951747525,5,22,4,2.825406077588141,49.253523650857524,3,6,1,Operations,76.75062743332076
29,17,8.866509831020483,5.294221185961319,17.000033405314113,18.999023048362705,3.243208218663333,2.4348170918191867,8,82,3,3.9965798663148258,60.33892103350928,3,10,3,Sales,100
30,12,7.368636887965274,3.2171082795883543,12.533993081020808,7.213875595318965,1.199181292586851,1.0901333081556055,4,24,4,3.6051448185020254,49.89024797550686,5,5,1,Finance,97.4443955433836
34,17,4.0679142207398495,2.6073561346878784,10.044120996310514,8.303692367097993,1.3736241154939823,1.2212555316874265,4,17,4,4.210977687311937,59.279905678465525,6,4,0,Sales,87.82737476283343
27,16,4.317732684142841,2.604487826872424,8.267316143684793,5.918644854780061,0.908754338607277,0.6723121966679279,2,9,3,3.9981873504997343,70.74103503157065,3,7,5,Marketing,88.15476789156826
55,16,6.653078696345986,3.7715921895113804,9.724051253891982,5.81437352119924,1.0050367503022934,0.8523032786272854,3,19,4,2.4024931079298586,60.86118581399871,1,8,2,Sales,94.49369894513184
33,15,5.631224807516234,2.3171198237428565,9.93962492374375,10.984384694597622,1.654363516278065,1.2738654295931346,6,40,2,3.606514672443072,86.78005765143402,4,5,5,Sales,100
27,19,7.781948216577718,4.758634284228093,16.48067026660591,10.453344858908515,1.8396586130816477,1.3320712167564257,5,26,5,3.6757120781215185,75.01386738405246,11,7,3,Marketing,99.95827107076381
26,16,5.998769048513877,2.477607374129649,9.932789658748309,11.237432793542308,1.5671434709283887,1.4506040530035718,5,15,3,3.6860000916985243,67.41474700218589,6,4,4,Sales,85.37195690947223
39,17,6.317869916319901,4.491636487046776,14.203998191374163,11.026409971375587,1.8337935266804228,1.3773719952737635,5,58,5,3.893933663977324,66.41159406494144,1,10,4,Finance,99.91379623289072
39,16,6.787937827948314,4.088606222479583,15.637666147654414,11.367713875960028,2.3691770816805358,1.7937323987802127,6,15,4,2.80449099830709,37.192671561133764,4,5,5,Marketing,85.63480958142743
22,14,6.065220289094964,4.083643505994425,9.828068893008465,11.818743873703319,1.6276255183771144,1.7096700856302365,5,30,4,4.107385687233345,77.8210983004202,5,3,3,Technology,92.74093911416489
32,15,5.049249289767611,2.933234383838239,12.431933031857056,6.732259708845567,0.9745298269653504,1.010991954132622,4,11,4,3.8930918134545864,41.28890322272165,3,7,0,HR,86.6862759239623
36,17,5.478133937508724,3.226627573726741,10.661287496727518,16.971926716407502,1.810151427524343,1.7407132224535389,6,33,3,3.2836988242965655,28.804584486106585,4,6,0,Operations,100
44,18,5.63578105143419,1.914674629071309,7.257116569095574,12.306477037482974,1.7978937809344844,1.9379175090470033,6,24,4,3.7064042188081445,51.06118731493265,3,5,4,Finance,90.18641335576889
31,12,2.835836820474679,1.2423054537024105,5.181610414380265,5.370910607196514,1.2394864376995638,0.6545480825469939,3,20,4,3.45770837994844,58.352904007329684,3,7,3,Marketing,79.56352470443304
32,12,4.92549351007909,3.368090209078822,10.615531588900474,10.66058325603729,1.9888258432611174,1.3960188748595013,4,18,5,2.991423448252801,62.19866596929116,5,7,3,Technology,99.9816975213573
22,16,9.74569403248581,6.202615593303534,18.21989416671303,4.765597248982648,0.96991242390867,0.8255187895684821,4,29,2,3.684705056971194,58.941799947674085,1,6,5,HR,98.27246419508678
22,19,5.056679076518843,1.9889306784010958,9.083050653698884,9.374289731565428,1.7111138467014462,1.3170436990744563,5,23,5,3.7080428621607937,57.526220232515605,2,5,2,Operations,88.00659545094311
33,13,6.98744679041584,3.397357749400524,11.159804934968985,17.11643986311533,2.066042094100712,1.7982211263414627,6,31,3,4.307801878274329,60.53664887962895,8,4,4,Technology,100
46,14,7.160168756440894,4.717528206250996,10.186065841605595,7.345277204973615,0.9584819163190622,0.8836841084420982,4,38,5,3.4908316407158657,42.31235599935126,1,5,4,HR,99.97267962298933
50,19,4.420293236744972,2.6953749567240024,8.744794614705071,13.953816223734272,1.612374940185214,1.700212085813967,7,22,2,3.8042092942527193,74.29028322246732,8,6,2,Sales,88.07475883399795
43,18,2.9795755811310696,1.7984754274600971,6.402997349223722,12.047549142940687,1.4170188123588385,1.7542245936376342,6,14,4,3.873845534603157,40.36776860685361,4,5,2,Sales,97.07652116289766
31,18,6.516461367623883,4.7867018052701695,12.5243113619483,6.939455208812942,1.4168259510329249,1.2993063819784596,4,20,3,3.1285036908980546,78.51899388277411,1,3,1,Marketing,94.16491079719343
31,20,7.131985131173736,4.43087559553058,12.534001165000642,10.217014129082214,1.839650989686586,1.8193516607130844,5,28,4,4.578441389006992,59.401211524347374,2,6,1,Marketing,99.91707323520639
25,14,11.601718117078958,5.880512194718153,17.678510658055497,14.037547203942669,1.8293552602296126,1.722649630119826,7,21,4,4.0018988044338135,45.99840158262273,4,5,3,Marketing,98.92678895559362
34,16,5.976880190305658,3.806177182370489,8.141675373236263,17.759500239703556,2.3465145942492747,1.610741189365001,6,52,3,4.995402112050515,66.29816758806312,1,5,1,Finance,100
40,16,6.2776264811474185,2.404957716519709,11.26922865406253,15.075534873821656,2.5476386091868144,2.117260949594944,8,22,3,3.894276916561337,65.79116152268183,5,3,0,Sales,90.73501702987726
27,16,10.745273393562803,6.600548217435684,27.523160052837223,9.865713806987978,1.6978378811590895,1.3619033205340536,5,38,2,3.800137196868017,64.66361894411654,4,8,3,Technology,99.93203215510262
28,17,3.9159904666753116,3.1832525680280463,12.783991306710444,11.075830401532626,1.469962890435408,1.3530945860762873,5,16,4,3.5956449741007153,63.37478893215417,3,6,2,Technology,85.2445398460972
33,20,6.647317287715856,5.642181669386027,11.624656685454223,9.502079339949836,1.441182781161876,0.9022799896303013,5,29,4,5,60.351529908938204,3,3,4,HR,95.86293342868647
23,15,4.632704093819704,2.5131204002669247,12.25739982015961,5.923799310093432,0.8199976383212597,0.6492152264720465,2,60,4,5,85.34615335502244,4,10,1,Marketing,100
31,17,9.35062956647958,4.200530656557773,14.311120273571982,16.62152620157133,2.52301760140448,2.0808397300235852,7,41,3,3.4964689169303464,41.9133770788972,6,5,5,HR,99.93969977141215
31,17,3.538106697324423,1.7028057440722495,5.252777136459349,9.488219332869141,1.8674853199963481,1.5949133203825194,6,27,3,3.1965140192891592,63.99858656681651,4,7,1,Operations,99.27567469673411
36,17,8.255170164720308,3.4352559987029316,12.904942047086838,9.618040363748868,1.5971050973678478,0.9771104995355887,4,28,4,3.5952543814248323,42.243098773007006,6,5,4,Marketing,96.0941749648978
41,17,4.442201482487106,1.619521469551068,6.662698622813163,8.839562280580886,1.4832957089804757,1.119077126812238,3,17,3,2.993203138606881,69.12383765448054,3,7,3,Operations,94.72406286680389
42,16,7.84706849619086,3.6797361874639503,12.521928211306202,8.001882740243532,1.2170403706055406,1.0475238689481798,4,23,4,2.0093831266304116,66.04981315913997,8,6,4,Technology,94.73934054891008
42,16,7.64465612401486,3.2119078808822903,9.38521634297873,11.442929441648955,1.9231769507407295,1.97370358756697,7,12,4,3.8138417089355636,71.73548189711316,6,7,0,Marketing,86.11596301779285
29,14,5.502695758532417,2.8001273970194527,9.378101275051872,14.940870926873087,2.757320465335249,2.044561918466308,7,38,3,2.90814845073359,38.81122447330664,6,7,4,Finance,100
41,13,4.621464839511397,2.6806871003295405,8.655499541471492,11.990360357199902,1.9326793065868995,1.6784210485399893,6,38,4,3.074856256112714,41.48764546240336,5,5,1,Finance,100
29,17,9.191793666684097,4.254200403311576,13.882150533135269,6.543012509896103,1.0819104304613703,0.782153302857887,2,38,3,2.990631131413209,56.357682241281914,6,9,4,Marketing,100
49,16,6.273883268743439,3.415797389969894,8.11479506095692,6.420294966307256,1.1275832797518164,0.8096248450669196,4,39,3,2.21335287192836,55.411876460860285,1,7,0,Operations,93.9713590770346
43,13,7.936914739784907,2.68268732516986,11.907272361435126,12.528432318704528,1.802950186707493,1.4273545997206016,6,60,4,4.3990591413104445,68.09532439197537,10,8,5,Sales,100
44,20,4.146604883608826,2.1108263647042804,6.753677686084721,9.283507733941699,1.817169524121267,1.4439022692882535,5,10,4,3.8936403642316733,65.09126038868858,7,6,3,Sales,89.71753384982449
39,13,4.013942357624803,1.4887610146209933,4.495441234544118,6.03802885252382,1.1724130541348847,0.9272606459179269,3,37,4,4.103559061282376,66.92542549686151,3,7,4,Marketing,100
48,17,5.988387860973849,3.5810656801320757,9.91470087322771,8.131954869296168,1.4856296737730543,1.2264945511001792,5,53,2,3.487342299168605,83.0432643401422,4,7,3,Technology,99.85461331296263
31,18,8.140393848516888,5.099692306199578,13.299452113047106,8.067289069050542,1.2292155237093851,1.1363043621644353,4,12,4,4.9746588014504844,64.00965382142319,4,6,0,Sales,74.85520777019562
38,15,8.588079002636182,4.582062702330109,10.900593726531458,9.658531880167505,1.603416334684633,1.2744243643184172,5,47,4,2.5006036905241156,41.20871556317037,3,4,1,Operations,99.84612284723791
45,18,1.9289256936220731,0.9172727356637822,2.7738189192617195,7.9601755249425095,1.8991945893988138,1.4711708879376466,5,15,3,4.386746245300274,89.5695234503097,4,5,2,Finance,90.00808617684258
40,15,4.339190341554997,1.7013612225090633,4.855373141153424,5.5353900697348575,0.890743402512032,0.6916335204238859,3,33,3,4.585545657659709,49.354597327168726,7,8,4,Operations,99.90810827943726
45,20,5.661706304428458,1.7391593711368925,9.274261994866999,10.294459313237901,1.9802113639743109,1.3412230483833019,5,47,2,4.192597269589839,66.30555788428498,6,8,0,Sales,99.80928457971724
37,17,7.894126492829987,4.412381533484148,11.64774743989741,9.378208200183503,1.3195259022059727,1.113511189659731,4,64,4,4.822370298247816,48.21726730763681,4,8,3,Operations,100
28,17,2.495820317852362,1.0922505675419918,3.8203031669812457,7.2488381748555835,0.9920096410481162,1.1390076608248598,4,35,4,2.7190409508199203,51.93076846302899,2,8,5,Technology,100
35,13,5.949099836498178,2.3246624348426623,10.124397354817212,7.645713031948985,1.158325087891229,0.701956551142509,4,16,4,3.3128963797030786,68.98733155253684,7,8,4,Sales,84.99872869979427
22,15,7.943823937682061,3.603473992604313,13.71753129667047,10.952338791291787,1.5070425792847895,1.6650168062360111,5,25,3,3.606167961183698,52.80317161124141,3,5,2,Sales,100
24,17,8.398502961602903,4.079082936180535,14.011869725405841,12.934733026296641,1.7823097154984369,1.488378915796637,6,56,4,4.511993168492989,81.28585313828425,2,7,2,HR,100
44,16,4.273988803137341,2.3911638155412387,7.146656075512013,11.274507447899358,2.0586714246818203,1.4415774542944924,6,34,3,3.2001224587127144,41.1660314438605,3,7,2,Finance,99.91713013293986
29,16,3.5911101145853555,3.20453110140846,6.172361835631406,9.81889476648128,1.4623548018570773,1.2004481020945088,5,32,4,3.7016663711814397,79.45589194430056,5,5,2,Operations,100
39,20,3.3901867215813173,2.2957650539429553,7.219051671901967,4.9607699703664085,0.911969901182987,0.6404157819227916,4,47,3,3.2961100378115398,49.137208507148955,3,6,1,Operations,99.85115835482533
22,17,6.145474486346513,2.292715204211552,10.736670070166227,15.258399091003186,2.308652886197694,2.1842760557727874,7,17,4,3.373584720675045,41.54295162953609,4,4,3,Sales,95.41635522797071
49,16,7.881428770607765,4.188525082509026,13.881575550766748,15.638655893573251,2.15999183176559,2.1619534321295992,6,36,4,4.105819438598132,54.39319563246257,5,7,0,Operations,99.9809883751871
28,13,7.638449240346071,3.186464828839994,11.799442004703565,8.388639138162786,1.261516198734306,1.003961915602983,4,49,3,3.7884357222635527,61.721096085383195,2,8,1,Operations,99.8461905478013
28,18,3.0667191652590993,1.3933247938627504,4.573718991218603,17.505759296059782,2.0349835558626315,1.9307744034014545,8,49,3,2.817912223183757,43.27209273439386,4,8,1,Sales,100
42,14,14.262927223473266,9.138315978553507,23.206811377724556,7.697847588516651,1.3783997719715837,0.9056671049631673,4,22,3,4.40391045670784,57.54177723189924,5,6,1,Finance,100
27,15,9.810232752330192,4.302925813983273,17.367758374090158,8.402940323153624,1.2335425177280839,1.0852612761025782,4,12,3,3.6006146530916836,61.42117324520934,5,8,0,Finance,92.19632371679485
32,15,9.042873215517321,3.825486683045508,16.059827753652435,12.403861293246658,2.0661178729846643,1.8272281943172801,7,50,3,3.6911315044536464,54.869323116777466,5,8,2,Operations,99.96895460300534
39,20,5.216187999856314,3.009520448255502,8.65308132662661,9.50563209968104,1.6792129421798982,1.6121858456415197,5,7,4,3.2991733967936714,46.51387859245292,2,5,3,Sales,76.11032003029837
22,14,3.097488565867965,2.01985130781683,6.711865455657463,8.958159778900166,0.87192571846129,1.173030297508765,4,13,4,4.599905030137442,68.35224959223589,4,3,5,Operations,83.40954012424051
38,17,3.732707713036031,1.6142911237151705,7.0176836079966884,17.553795712851393,2.143598269937721,1.904358440940891,6,20,4,4.985469372449052,58.01555557958715,2,5,2,Technology,100
34,15,8.541873619763528,4.443225770060307,17.497242073764234,9.787241043750027,1.649508430667703,1.6300293925942637,5,23,4,3.288405183288578,45.668737517077616,5,7,4,Finance,97.30455246763387
44,17,9.537030812201069,4.427211390645936,20.247684889737513,9.0807841869965,1.6837986992353369,1.292293836065858,4,57,4,2.6145934927193855,44.482815620708095,2,5,1,Marketing,99.96804959067714
28,15,5.1331850920498105,3.3116570833231953,10.482365652513487,9.900104495180797,1.9944929258895971,1.527433700917564,5,47,2,3.8079236311598548,65.56094764563369,3,7,1,Technology,99.84555409846885
38,16,6.183218542216885,2.8147964686400595,14.183739439083617,8.08159449535297,1.4762803862968248,0.9910889003985914,3,16,4,1.992149645021621,72.77490556062595,5,7,1,Technology,93.38716325681952
28,16,5.541905551817238,3.417969735807472,15.567275846293738,9.92542946526347,1.8143499412995872,1.879057950582312,6,54,2,2.4910328210520074,67.96936885605221,9,8,1,Marketing,99.91775402298121
22,16,3.9157501889617232,2.4948655897445327,6.270596465824669,16.692708350575618,2.345832555794447,2.455589007542823,7,16,3,3.620741998316247,84.87904558905531,3,7,4,Marketing,86.39159111842052
44,17,7.631592042921808,2.1773933089431194,10.095102860128849,11.049558593146969,1.55821031119941,1.1493937661817908,5,40,4,4.07499542983544,28.590863361903935,1,6,2,Finance,99.99268535166344
34,20,4.447928882632691,2.9656886973080714,8.522892647874501,9.614137204837718,1.3565113256186743,1.3397422465018185,5,23,3,2.5904229772417104,67.71915081934077,2,5,4,Technology,99.99137859622279
46,17,6.787638567748572,2.793341992787381,8.844512209922115,10.899630657359898,1.8060463191732403,1.5559484219773805,5,22,3,2.692040944520986,36.19322355129402,2,3,4,Sales,91.86579459776686
27,16,6.523087611291972,4.224095874668871,10.993919092142919,11.085018372315602,1.620160253302503,1.4967924867490678,6,25,4,3.769798498914239,41.99842413368231,2,5,3,Sales,99.98624185061671
38,17,4.7369333403563925,4.681317323456174,11.456629067314717,9.243483245870625,1.6059146953688135,1.0071452253122657,4,34,2,3.6155968866751413,60.86731672832571,3,6,1,Technology,100
27,20,5.652535862515605,3.462982961970254,12.47232285289776,10.112369406184726,1.7728552081376525,1.4304060247971906,6,25,4,3.012654791422181,74.25443524569134,3,6,4,Operations,100
39,15,5.99244599943087,2.8709890096816264,9.629796304292787,17.507724055554107,2.2538907322189106,2.4471934684673813,7,25,3,3.387720857961432,60.35889448056812,2,6,5,Finance,99.89809804189838
30,14,6.211902054936026,3.4683449575382155,10.961822325881855,14.961341173831702,2.743381970696468,2.123172325887928,7,51,3,2.611365951814932,64.04453483735136,4,8,2,HR,99.95326145838726
36,18,5.186559066057765,2.110559391640748,11.60487872523619,5.18344337194073,0.9688171338225109,0.6934786012832731,3,26,3,3.2798348117657876,83.57253577010897,2,4,3,Technology,83.05429446071533
40,20,5.130749553946907,2.5737820316886513,8.940693675168276,9.811492825509385,1.8435697671823303,1.6530317496900349,5,32,4,4.52045684583571,58.41486090500117,5,5,2,Operations,100
48,18,10.022558473361698,3.473495190832356,13.150055490306436,15.592604582565153,2.239094347282196,1.977536215503266,7,53,3,3.7049402460285563,78.46098685549715,5,8,0,Technology,99.9979007326854
34,12,6.796382925399654,2.8826694220946165,10.66910334916008,12.62358564539718,1.8525976473010495,1.5556878690827312,7,82,4,2.405276925056321,52.667418084831695,1,9,4,Sales,100
36,18,6.808474191644762,2.9193091202303525,8.053572993122788,8.511775252177769,1.5007512366239562,1.0458198263830119,5,37,3,4.997667115598482,61.9389351760171,4,5,0,Finance,96.4200613087533
33,15,5.420315053150639,2.986330232715281,11.762708139590432,7.622454204694222,0.8784419416563557,0.7328231904872313,4,54,5,3.501827705579237,64.70246604158665,1,7,4,Sales,100
33,16,4.093689098214895,2.493395793981216,7.103406228781476,13.62968273422242,1.713771819716681,1.5187765683231365,6,25,3,4.0031540355649655,49.162550803492515,2,6,3,Marketing,94.97336939828901
33,19,7.257708398787668,3.1003224287703812,14.584141022488788,6.296192309729108,1.4408544032953345,1.0208537281303343,4,38,4,3.7924538009761086,71.6078850967941,3,7,5,Marketing,99.87859265261646
44,16,6.443511737425601,2.9138986078776923,12.840261758405685,11.798288953789783,1.3717482008613804,1.094463079104434,5,34,3,4.486307294859586,61.17017655559067,4,7,3,HR,86.73162195305412
23,16,5.6283944662477605,3.6619444580031706,8.952073587021575,17.784793282603275,2.2535683620486826,2.3282360458797218,6,6,5,3.6646076726075565,68.7011706145757,6,5,0,Technology,90.3251593350777
36,18,9.747125256454074,3.777534290682682,13.742860601239608,5.591044702567079,1.1431693802209275,0.7277626644001421,2,25,3,3.582139734007802,60.94221091537008,2,8,1,Finance,98.25662589781399
45,18,4.57325010953317,2.386626672763759,11.597474911219404,7.855244409041432,1.151388100662745,0.9586988167508494,5,27,4,3.6087513964169027,54.83421222451711,8,7,3,Operations,84.23773977299238
31,15,3.2172207939810566,2.0003732258899105,5.592416906302188,6.209254867853617,1.3243987822637107,0.8238654884229504,4,36,3,3.2940820883030875,60.02348537377597,5,6,1,Marketing,100
40,18,4.199530110060604,1.7177569889719437,7.430757207196866,14.879625397334987,1.7349673623045816,1.2585014201742528,5,25,3,2.697728043546445,59.48176715959296,6,4,2,Finance,97.93584954297762
42,16,4.538092263939954,2.7114372861846783,11.14653045915118,10.96393111162227,1.618754229565353,1.3009660751958896,6,19,5,3.7879188031501596,63.516971339598285,2,8,2,Marketing,99.88040905805312
25,16,5.021916244811256,3.22590569127412,10.870273762803729,12.154379481995461,2.260073879777989,1.9845784017847372,6,65,3,3.7152114392058975,53.266600928252316,5,9,4,Sales,100
44,17,5.411430603003943,1.9892697471367025,8.965558798897273,6.727570525063892,0.8409924575177177,0.7750786665388497,3,22,3,4.525334058284597,55.1258813219236,4,5,1,Operations,84.72062199225397
35,12,6.774384005679913,3.6432971975023913,16.15791818909041,9.070583533739724,1.9205500236597486,1.2515837030865864,5,40,3,2.5823628201104682,50.75898012099305,2,6,4,Sales,93.40394955278728
28,14,4.243432396102496,2.1952303907220645,7.236528986098611,10.372313902639089,1.4826209381869295,1.1473842678267197,4,64,3,3.5908540709364223,66.5804955530193,2,8,4,Operations,100
44,18,3.527976906921304,2.285795003345011,5.85199167163686,8.133330727952897,1.3705778271679723,0.9714699719419961,4,62,4,3.1785275009649707,53.02409818475341,3,7,5,Operations,99.87840206099912
29,17,3.6391593243486073,2.1348651413231763,6.105776985207981,8.15529927099365,1.067697612061818,0.9114390730656623,4,39,4,3.1992668452581325,65.91649068193999,8,4,5,Finance,96.96393708984542
35,14,5.0708676177403484,2.0780046767669482,7.776695008417423,9.92040371986639,1.3811616039245327,0.9833673245621831,5,23,4,2.7784394976292535,37.98587732620481,4,7,5,Operations,90.95472422888095
41,18,3.6163011078006035,1.6934459414810914,4.998532520977737,14.211378291843426,1.6067122551587998,1.5247454239096399,5,73,4,4.312252125152096,65.9869797099248,3,9,2,Finance,100
50,18,5.23078222664956,2.2079315007622564,8.267854456235488,8.229213023130034,1.4963666234065733,1.290095986986156,3,12,3,4.672814333523989,72.39323521069458,2,3,1,Sales,79.19602601547085
36,16,5.424562922084224,2.7085450805178573,10.273692834135467,8.562404273296014,1.5298651815882598,0.9771192854311275,4,32,4,3.396568155606709,53.37521785097097,4,10,2,Sales,90.38769040873326
33,19,2.238530860427993,1.698905399039442,6.853458300727648,4.785374054388728,0.8820513368443956,0.495436735162586,2,24,4,3.318590158412559,33.266197939677475,5,4,4,Marketing,95.32872791812122
34,18,3.4143660522810575,2.3226547411427574,6.378498191498155,5.592094046977539,0.9804396581984351,0.713657804880398,1,43,3,3.083745056688439,48.775202309255555,6,5,0,Sales,97.41271463536256
30,20,3.3035641720812396,1.6694947794272403,4.3959229135329805,7.499206768948047,1.0932462552014675,1.1882220361411655,3,32,4,3.2978672851506086,66.37926272455339,4,4,1,Finance,91.41056435279738
42,14,5.007388712763523,2.4700526718138094,10.991445895283045,6.405174623168164,1.0368753794624304,0.9269755089881841,3,21,5,5,56.41218971153182,1,7,4,Finance,94.68487673826738
41,18,2.7920942976041396,1.418609401692685,4.969202592391532,9.523027938932865,1.4169448634956496,1.2686990875274509,4,88,4,3.002444488275493,37.877177118685545,7,6,3,Marketing,99.793631128925
53,12,5.561166493545971,2.2074978419076574,10.102710735693497,12.879203444911981,2.284782430004116,2.131036762816986,7,42,3,3.410046805643581,75.39316946485462,3,8,2,Finance,98.71537234718343
41,16,3.44756414876912,1.9242017359214112,5.219160745935135,7.731866435229295,1.0876163290683667,1.164395034892789,5,33,4,3.477054503044381,54.350447734660406,2,4,5,Sales,78.97393023193429
33,16,6.168229709429007,3.647150146605348,16.845960796121435,6.611491110600333,0.989040571364779,0.7262196924602372,3,21,4,4.48400930251089,78.47947027613884,4,5,1,Sales,97.39445913444457
27,17,6.229528583390466,3.9170510389863433,16.35404106097716,10.315914265916064,1.5010188358082037,1.491067016602336,6,37,3,3.2869658449360117,77.37192030574386,8,5,3,Finance,100
34,17,10.77499227145979,4.423509158804134,13.795836307393378,7.954564817969851,1.258997619587944,1.5994518284168744,4,38,3,4.508474119003991,46.45796521548968,7,8,1,HR,100
45,18,5.5978338277834405,1.9859389122209279,8.160834597958605,8.939589095441374,1.2104840822937,0.8270455117483317,4,34,3,3.9027477013107164,41.64944799055605,3,9,3,Marketing,99.74389581547692
31,17,5.706353288535142,2.894073784731434,9.189161530066277,11.740654900586213,1.9738063859212864,1.6916227915295934,6,91,3,4.301846984863193,34.57339580412791,8,7,2,Operations,100
32,19,9.474579081287963,3.722685494793552,13.433093754450702,16.711119527354988,2.6449706238883404,2.164374221479107,6,80,3,4.685472978003668,62.293882951819796,7,6,2,Sales,100
37,18,8.185817366233083,4.782199246240593,17.34363816843988,14.66702228035044,2.1526168913414385,1.5654275667186788,6,26,3,3.2868999606959393,76.52414173054535,6,5,2,Operations,86.48267593126285
33,15,8.385914927891342,3.615443222787616,11.526809701491793,9.419744288328587,1.5663153758423247,1.1747475146009194,5,29,3,2.6942876217114278,60.18296874944378,5,6,5,Technology,96.83947045454192
31,16,8.272572486226352,3.8071456179225556,15.837160609852214,14.927291747250022,1.7656178592634353,1.7669688659345477,5,39,2,3.315683791993458,63.02051729244804,3,5,5,HR,99.95896054042473
27,19,3.750431358833946,1.9109114421326718,5.522569967235403,16.52052452455533,2.532077049781332,2.1454328700397203,8,23,3,4.305823252354816,72.34204882329827,4,3,1,Operations,95.02341862538222
37,20,5.863225791798312,2.6372617670844574,10.733588000048305,11.565336329425637,1.6121027474427327,1.5221624337880573,5,9,3,4.198237998886961,52.399197939105086,6,6,5,HR,89.08833876304634
35,13,4.347687934830713,3.1120685968209982,6.211836072719034,7.304086539700029,1.174551692315082,0.7019760254948334,3,33,2,3.1201180549928784,59.50190351784023,3,6,0,Technology,93.28030406559817
40,14,7.0899565137563405,3.709615939143203,11.615477744637156,7.446929107788291,1.637119174537912,1.0509804551357838,4,39,3,2.804259138847659,71.08869793066009,4,6,3,Marketing,93.22886589855294
31,19,8.336986820800936,3.8090651402212803,14.129343760179689,10.41625288385027,1.5800057849280387,1.5706683342062515,5,50,4,2.991978334792322,81.03358223201796,5,6,0,Technology,100
28,15,3.592816804890651,2.026352727600446,4.837237719583059,8.164233905795456,1.507702103784301,1.152787013502943,4,18,5,3.7930804071547604,40.033425085647515,3,5,2,Operations,95.09800210664149
41,16,10.67428700291277,4.655947717819996,14.842966284392016,15.562311228901883,1.9773038742432414,2.0226824099446423,7,34,4,4.074507781910896,50.734760698326554,2,7,1,Technology,99.83107562623293
44,16,2.9367607278520764,1.591527721351789,6.789988053353182,11.777045571515522,2.2432408653886435,1.6450305705322739,6,17,2,3.2928063226993562,60.033008410894844,4,3,1,Operations,89.95194440404715
42,18,9.09889744805786,4.492826477181154,12.717493850018684,7.954542700244599,1.178081160777608,0.937188157892517,4,13,3,3.81668611267348,69.80062870431118,3,3,4,HR,92.1188415941093
48,14,4.679067381682124,2.7965814105963736,6.604795444250988,12.311665385708118,1.7227903244598441,1.425503049068056,6,40,3,4.110229693350638,39.30382741996329,4,8,2,Operations,99.20672906441405
35,18,2.308627997094242,1.1904801754032812,4.612521347191173,10.339151245988722,2.1000586160104646,1.4206512903867177,6,63,3,3.590543520980134,60.06196666490976,5,7,3,Finance,99.82277646610054
28,16,3.704730514706824,2.4996120823555086,8.94161149683447,6.988101862630873,1.192987229695933,0.7292363400429014,3,23,5,2.3973852911067994,76.94730878931753,4,7,3,Technology,91.08431603182271
22,14,4.690626475296379,3.3065913407860097,8.623312640031353,6.535197428383641,0.8658404816874348,0.8294855278977401,3,13,3,3.094789158037726,54.199715681976365,3,8,0,Marketing,90.47692076457639
30,15,4.741092967269393,2.6645069906632823,6.767069197357868,7.1463833441735805,0.9842557851782047,0.8118459792606547,3,17,4,3.7127452876587976,60.155383160076425,1,4,3,Marketing,93.9538396419449
42,17,7.248874671224685,3.9275414914843125,11.662392507807565,11.569789818411328,1.616497683761348,1.3957989355581812,5,24,4,3.2155930543725546,82.32144106065786,6,4,3,Technology,98.1961574529571
27,19,5.950835132011682,3.698891933675454,9.221071459559525,11.130033927343634,1.5479555213127572,1.167094404979576,5,26,2,2.914135207767713,64.2034636095592,6,6,0,Sales,99.89351437210033
38,16,9.62695097141078,5.285498692981467,21.2778898354133,13.760395866961309,1.694327294018416,1.308862038302632,6,37,4,4.319610175787417,76.82372316000667,3,8,5,Finance,99.9114433246394
34,16,7.595151543294376,5.312750943035267,14.542941979886637,15.304617841120505,2.5251110547073408,2.8026327971403364,8,34,4,3.887789104816988,33.982031976971754,8,6,2,Finance,99.68129675492126
42,15,3.4121121732926976,2.791186525841928,7.912446911745979,7.199685502047014,1.4057048282246232,1.0955032543724263,5,31,3,4.811595719288115,57.6905405551065,2,6,1,Sales,93.10915713057933
41,18,3.855791754181423,2.2868943331093305,7.0434245614683375,5.919175651271999,1.133891495419865,0.7805159724123549,3,30,3,3.604284290895893,72.98572718147332,2,4,5,Marketing,76.45199873955927
38,19,5.445351958373103,2.78316231432798,10.144635321170954,10.971049990090771,2.0125798084240616,1.5090914436097504,6,22,4,2.9984891971605654,52.117784324288266,4,6,3,Sales,96.53776878001253
35,14,4.759956322634071,2.529461523319385,8.076210482464477,10.226796942360519,1.0381750867388573,1.0864600395046133,4,45,3,3.2254167605687933,88.48315215505065,5,7,1,Operations,97.91544321369047
31,16,7.753106216393646,3.50383871294276,13.907712547779907,14.80576390382291,2.2050811956392247,2.0197434605300906,7,29,3,4.691178664263964,47.944931195184886,0,10,1,Technology,100
36,16,6.070051666070607,2.5011964545954006,12.662386065852617,11.123761017010366,1.7219461926555173,1.4094074574402122,5,36,4,4.190284398974831,47.471408339943146,5,4,3,Technology,99.93165576487671
22,12,9.530269209171394,5.496952598043803,17.396905973043665,8.555934325381509,1.115239352407658,0.9844529683906298,4,10,3,3.6845195165403357,60.298395941698644,6,3,1,Marketing,92.45861544909214
50,16,11.120714074365225,4.008264677141507,15.10558678165155,6.300361848414524,0.8673853738333778,0.7150505268212144,3,16,2,3.7820175074548446,62.32353345260664,2,6,5,Marketing,100
30,16,10.779678619872868,7.01154598251812,23.8843456857658,11.107699838571909,2.0723434789683504,1.660014075278156,6,33,5,2.8096405616676896,87.05339885613192,6,5,3,Sales,99.94196205552367
37,17,6.616310169843206,2.5005424606426483,13.20174179478445,17.744504976577517,2.238858335399561,2.1721869331099577,7,26,4,4.013597803033466,67.27638193105916,4,5,5,Marketing,99.99727171083615
52,13,7.348580567228962,3.4999635043671615,12.06504590933006,15.896298348004366,3.0639132616121656,2.214318938888133,7,15,3,2.9983062719226994,52.380274625382825,6,4,1,Marketing,80.32549916429907
60,18,5.232991715178029,3.979407513528072,8.255467000317717,6.199740488001833,1.1102664287950033,0.9761758086468497,3,40,4,4.075947422023592,46.82804484485642,4,6,0,Technology,87.5093426100879
41,17,3.498381259166704,1.7919691062464704,6.547792203097024,9.249791473831365,1.8442211791065823,1.3188737607892065,4,33,3,3.676094457779723,64.99647978996154,1,4,4,Operations,84.90065690586711
44,18,7.797610248077051,2.234303054716321,7.797610248077051,8.644710078950004,1.486056856035229,1.6125795354605215,5,6,4,3.977485648621232,78.18935687376477,3,6,3,Sales,92.12751046040918
23,12,7.2402938455324675,4.561237155919729,15.873032309930691,7.533450731177863,1.0405800991885132,0.862375974467363,4,48,3,3.2025769968359237,72.62595549534782,4,9,4,Operations,99.89840142644437
39,19,9.194957287562138,3.8890977406251657,19.464550797489927,9.925061885464027,1.5011983792172205,0.959794302620602,5,19,3,3.4742036827201654,68.36190793599023,4,5,0,Operations,92.52305748309031
48,12,7.0447497781836415,2.3943778885353475,8.435113084097104,16.58811090242182,2.2777116200875844,2.136005840742038,7,43,3,3.2904044063036704,85.8358061887776,2,5,5,Operations,100
37,17,3.651454673821275,1.9526593057846628,9.18073912971081,9.656081585528828,2.1568940187761303,1.6445165743864165,6,18,3,4.717980262464432,52.5296064069765,4,5,3,HR,99.96737076225476
37,17,9.135092092268287,4.611572963924713,24.234183638205636,9.43510570116669,1.5267703257469614,1.126811368752572,5,32,4,4.001557590872032,59.66839115679393,4,8,1,Finance,100
45,14,7.565583594304155,3.740736391875907,9.425510139353133,9.4920542651471,1.8309805941825845,1.0837438605514624,4,19,3,2.7005262718858343,43.23060373393057,4,4,2,Technology,99.81030505441689
22,16,5.453446447888964,2.299187880011036,7.36404040296875,7.657029303250471,1.1709438228117097,0.8602641480333488,4,32,4,2.493295457586515,72.82794046459239,7,6,1,Operations,99.98223250386663
37,16,5.825489149121909,3.423702576318935,8.280956905009711,11.570158702443557,1.9618534302290478,1.5850854813989272,6,21,5,5,48.06744875384692,5,7,3,Sales,99.80732551121487
35,19,10.288925527575755,5.777562569648567,16.842504181230325,8.99481500286147,1.198086623648279,1.0998440141886474,4,73,3,2.6007820014364045,55.84328319542662,3,8,3,Marketing,100
22,13,4.316206829596324,3.210639755127688,10.95866352123986,13.373246111470987,1.8503666973538357,1.8517421156766694,6,29,4,2.824381551134336,48.736620924418524,6,7,5,Finance,99.95384360140113
37,20,6.711236881546687,3.176257141443658,8.757736616953673,11.534112265861841,1.9085253805055733,1.5136548612177476,6,17,4,4.399012589847547,47.487323855010395,3,8,3,Operations,94.33732568708726
30,16,3.4956739932065974,2.66815389655538,8.232146243118985,12.373984183245135,1.7055659810529165,1.3303768480736484,5,11,4,1.5744258210504862,68.79115430558016,4,3,4,Sales,80.0970254863527
44,14,2.211858496237192,1.3158083891325896,3.0702298508133863,9.692491201823026,1.7710594290030321,1.3637461563537547,5,38,3,3.792844767333511,48.824666498158976,5,7,2,Technology,100
38,20,3.479601504208006,2.3165648457386707,7.047305620017733,14.175777313840754,2.0519296474202307,1.6992712032138926,6,15,4,3.503394076328956,26.53851312322491,2,6,2,Operations,90.47452378172287
34,20,7.670696452162877,3.390736501619545,16.974370114892626,10.20189951882011,1.679047399808959,1.3541825018812719,4,46,4,3.879896343526389,73.28031776929599,5,6,4,Technology,100
32,15,4.2011161009919205,2.2859571041618922,8.17181049321464,10.100017359385546,1.4622014457200612,1.2449605821567995,5,14,4,4.775781055409032,65.11297714823417,3,4,4,Sales,95.43768519259974
23,19,4.045396517125654,1.8110323742401355,7.398094413584684,12.393118579749785,1.6591532727912606,1.7441510452693847,6,30,4,3.7079853535068383,53.087108919258235,6,8,3,Marketing,94.41184053830084
30,18,7.368392144883061,2.8969764581313244,15.180989643563363,18.282324938314574,2.7584881602774356,2.680789185572645,8,37,4,3.9240619756940323,45.39785063876975,6,6,2,Sales,100
36,12,4.562287530250828,2.4094824038353515,7.006834201289939,9.599433413171202,1.4779358934878803,1.1792491074735962,4,41,4,3.3949901870385344,54.53453234188272,5,8,1,Operations,99.95969095570743
41,13,16.050447271736804,5.616091510044452,23.616229123641034,7.950764889720597,1.3157166914040552,0.9694512045634142,3,70,3,3.514840034577905,57.48862227598965,2,8,5,Operations,99.55447427869613
44,17,7.826969355002838,3.897565317086337,11.888112859577017,11.064893040928624,1.872457450519284,1.5844279093523435,5,27,4,2.8881497930694646,60.493528275035935,5,7,4,Operations,94.61633752484184
36,16,9.529128181706568,3.0464540004386333,15.090508627541695,9.574088437444564,1.701913987468719,1.146870403950266,5,43,4,4.110113620899186,72.21474574307096,1,7,4,Sales,100
22,16,4.338136458558229,1.1547431211675812,4.982407990987794,13.640981351984289,2.0314550020234936,1.671776753315746,6,50,4,4.000225801293273,57.99272551304445,5,6,2,Marketing,99.98000505872292
37,18,8.138673429789383,3.8796034407369118,13.635613253044994,4.9116089944597245,0.7506383792597178,0.6432361818738638,2,34,3,3.1100325827434316,51.64901994678177,3,5,4,Finance,99.96203716727254
45,16,5.095018204802048,3.087367281534082,12.961307176184334,13.768775825122782,2.499135536570978,2.1290619697378577,7,24,5,3.8258444229560205,19.627930950855717,5,5,4,Finance,100
35,17,8.586238957451537,5.89418145868496,17.109037004681152,9.385381239275691,1.5087342352876207,1.4209504970060753,5,18,3,3.498958832589846,52.62730679452203,2,7,3,Marketing,99.9246174547161
36,17,3.4837822810058356,1.9975216638800393,6.909161652722617,16.333262324356042,1.934306807980179,1.8333433476695205,6,21,3,2.897048919020964,49.18964036989869,2,5,5,Technology,96.83127409251547
53,14,7.475840134692948,2.9195938805493484,15.295024074248591,12.339244584873637,1.860781910894422,1.1592539441358372,6,59,4,4.001033449439434,64.90102047297847,3,7,4,Operations,100
43,15,6.12329561065891,3.0150618522687904,12.785423466924001,8.018115563290763,1.4020267385026766,1.3531570347061408,5,21,4,3.393439723393816,70.25774003764735,5,2,1,Marketing,98.56010839624128
33,17,4.476073568952523,2.120677279337732,7.038952440475585,10.973685685017438,1.7483907000590988,1.5344136831229902,6,10,3,3.0852015899395506,47.71499396407191,6,7,3,Finance,99.2681742046506
33,17,6.427034642518294,3.214541749544196,10.476612250342251,15.174174661939546,2.3740894312336924,1.9206364491858832,6,17,4,3.9874952191410045,68.03573788097772,3,6,5,Sales,87.85665121279757
34,17,7.890598334767814,3.2934215776653017,11.740461452835454,13.384541521377903,2.3449119962115423,2.00555102980073,6,37,5,2.8005598033033867,38.241615413341364,2,7,3,HR,100
38,16,2.876059964951352,1.6868483056945194,5.273359338171014,6.9228332090107045,1.199224144150745,0.9501317283911195,3,16,4,3.277037661144042,59.78033282536178,7,7,3,Operations,81.22493560468027
49,16,3.9885186129710912,2.128977326357974,6.103814550450157,9.978421316752815,1.2698161249272455,1.3534197421084064,5,53,3,2.586482215835011,33.38273270673026,11,10,0,Operations,100
41,18,8.241939852657117,4.875709512540725,14.171917980683972,10.264499597181864,1.8693852242131608,1.728626644146353,5,13,4,3.8064167105088944,94.036901786344,0,5,1,Technology,89.16434888939332
43,17,3.2824333783242374,1.4857081591858006,7.963831640234964,8.308764945530791,1.280293266966724,1.079839696958016,5,42,3,3.2979729040592414,53.62106085214055,8,4,1,Technology,96.15946144599556
36,12,7.858077346615778,4.150978940000731,9.117819930305297,15.782957410299533,2.3516907653934833,1.694461725187471,7,21,4,4.222246848167989,96.54302498604612,5,6,5,Sales,99.99756298674512
35,16,11.149595666387306,4.1872560289788145,21.553720569827377,10.122180093252238,1.8217007152285343,1.754402834665719,6,16,4,2.3792493973038047,52.56378571811566,1,4,1,Operations,94.14967949784965
34,16,4.129364231281812,3.481241006062832,8.190856204724263,11.265263689546595,2.0784762344106027,1.9226266981926776,6,40,2,3.9822186835919138,43.92561789897037,2,7,3,Finance,99.86024603951114
45,15,6.438644699482908,2.5242645477477854,9.097877407073494,10.119187808169738,1.550611963507412,1.4637759284101313,5,30,3,3.395196219652847,59.322315055975935,4,9,5,Technology,100
27,15,2.987832080809406,1.4375256002616652,4.860373710731752,7.126396030790857,0.9068618335475588,0.8366158213545202,3,20,4,3.1912317348959904,68.00888254787807,3,6,5,Operations,87.6688276853421
34,14,8.19473839096611,5.174533985678614,18.015195025717382,19.627575635555324,3.3185572733369204,2.3600254988782523,7,39,4,3.0875157504375887,58.12042133771795,0,9,5,Sales,99.96096410350829
39,16,8.450062002371997,3.5870928860259412,14.473860386492007,16.954173942663168,2.2797289214176124,1.9381233454632458,6,42,2,4.893987041014644,51.070490261834536,4,6,4,HR,100
31,15,4.609802789478406,3.030496225423037,8.523362693890862,3.759128511725515,0.920936539838989,0.7569127554700267,3,77,2,4.072496236920319,43.435830815603865,5,7,1,Finance,99.89586105427904
32,13,2.6948987456389246,2.099670256990987,5.548196320157128,7.716404933887527,1.5126481019491562,0.8563851068003167,4,38,4,4.01914443201296,74.39847504430001,3,5,1,Technology,100
36,20,4.96605848134146,2.2223911318321257,8.19650334425594,11.000855364917426,2.1439837806768893,1.6039989331323083,5,14,4,2.9898163592034908,36.07998943308553,3,6,0,Marketing,81.81191740344147
32,19,4.512008622179799,1.8113730860402326,4.70502412242109,9.952294665187441,1.5844146287118648,1.600795684260411,5,27,4,1.7977633819589822,50.92589234398438,4,6,1,Technology,96.15169433223686
34,15,7.784728910570421,4.010349464653797,15.822112306691587,10.473499849422245,1.5083551086778557,1.3365511988651222,5,70,3,3.5925206651548733,54.3296485373585,3,8,4,Operations,99.91972907964539
44,17,4.120315902339455,2.3076693696277375,8.94905941273237,11.947267425031777,2.335316615144088,1.6420206530805148,6,15,4,3.1910690590210318,37.11111726548852,2,8,0,Finance,99.84732499302683
31,18,2.3521737158170293,1.4041832246682808,4.440265212443771,16.558141396057728,1.9719019729026137,2.299001389562235,6,8,4,3.938218302901794,49.98543520762161,6,5,4,Technology,76.82136694462604
45,13,5.713187050275438,2.310768964061939,8.744953383111472,8.205220212973273,1.6470778582939751,1.0237158697400652,4,20,3,4.009382982562382,58.624142079295595,6,7,1,Technology,91.02582327012213
38,17,7.474318584971123,3.4936098503573456,11.795010656776842,15.73551101057621,2.301528589987629,2.2690912378278463,6,21,3,1.3,46.084179870606256,6,6,0,Sales,87.7399016376987
35,16,3.7208159761353996,2.0121482948566216,7.646018292235816,6.807184040259225,1.387592382969607,0.8733017808440372,3,52,3,3.7696096901948826,46.72018958694539,6,6,2,Operations,100
48,14,3.4231243776328393,1.718560213306645,6.518043370693989,8.707467165034348,1.3270043718659201,0.9985821928585,4,21,4,3.6121527569292375,78.3656107990137,6,6,3,Sales,89.97350354117602
28,17,8.361949544026146,3.688471972955322,13.397623868487555,8.788245604659926,1.3883889738117543,1.1715968824299992,4,26,4,2.4797831000668697,54.35657138694431,3,6,0,HR,99.75318127350404
45,15,7.312932833717012,3.179024306314681,10.068335773200616,8.424343371887373,0.932678866311262,0.8451320538965787,3,58,3,4.291267785703715,59.05585763619426,9,10,3,Sales,99.7943121762828
23,15,3.382464283290631,2.0896479608179983,5.020421622786919,14.717451871235719,2.386844966378483,2.134197504738868,6,62,3,3.202173592860825,57.42588534318534,1,7,0,Technology,100
41,15,5.468267006613486,2.8676305751303595,7.7095581421547585,11.531925714815106,1.9536985787032721,1.815501088603,6,65,3,4.315461903994162,74.71160411438579,4,8,3,Finance,99.9913860074666
44,17,4.6146496094664275,3.2274211210104524,7.205944623030918,11.64172837461686,1.7085576884566822,1.6456988732032334,5,60,2,4.489629627978608,77.97191773193312,4,6,1,Marketing,99.84071116337915
47,16,5.318878664199224,2.423792554963206,8.778061575066417,6.720973159195513,1.1670653954775925,1.0151853945459908,4,40,4,3.6909601646359356,43.01601916052143,3,6,5,Operations,90.58938529794537
34,16,4.156375506621491,3.407117961759153,10.49041613083982,10.926772995706798,1.895901611130752,1.572761874922302,6,34,3,4.7024593549858995,60.128061700233395,8,5,4,Operations,98.17598001112994
22,16,3.726618487879377,2.5106175205500465,8.72527606425353,7.86927378332744,1.232708954723027,0.8805705547602388,4,43,3,3.1864793334337906,62.53602970933954,7,9,3,Technology,99.7942360499948
52,16,5.197436326467416,2.4594006400435573,9.847966728977687,8.311542368417948,1.2644984714591039,1.073602094290231,3,23,3,4.094999780156359,55.33800525653848,5,6,4,Operations,98.08415099726616
42,16,5.833509875981591,4.698689860116497,12.750085082620519,9.980021304386227,1.7685650468964564,1.2070600688777167,5,33,3,3.291667297239919,60.31184842900262,6,7,5,Technology,92.0323028239495
30,17,3.3444199510591224,2.588107994621483,9.492160914985067,11.017226119518085,1.6755356793739513,1.1884440454912049,4,83,4,3.209669345966552,74.32324112406774,5,10,1,Sales,99.83325568215044
44,16,5.659647014299176,3.2001196335812243,12.491391801348914,11.987758300637317,1.8485464731113765,1.7524801433528294,6,38,3,2.4088863749728,42.65546776093194,2,7,2,Marketing,99.95551088153847
28,17,7.181211011795603,4.284191571924025,10.248878317912535,9.54349265790217,1.1873504724292228,0.8623675652386209,5,16,3,4.310600473532553,68.92406493477495,1,4,0,Marketing,83.95331225974137
38,18,6.478393848841628,2.2961649617060553,9.577351953458836,7.860133787241441,1.562986480130483,0.8703964354453959,3,39,4,3.0021410383281375,65.33189529851931,6,6,3,Operations,99.84612501910156
43,15,4.983555876908216,2.1104668327541467,8.270787321524498,17.550586616444875,2.5397899598132336,2.1386763480415527,8,12,4,4.392334580828883,61.85324835870354,3,4,1,Marketing,96.22076898897687
41,16,5.764607091466673,2.918448794286056,10.845862186332326,8.130796637219257,1.2257659398774474,0.9910378922274911,4,30,3,4.275433284631498,71.82809734375071,4,6,2,Sales,90.9534393470049
38,15,11.85899720364637,5.489632012891338,16.77226483008018,16.212389652391565,2.7598966516563115,2.6294121080528923,7,13,3,3.5029308895578306,60.95379122036238,9,8,5,Operations,80.93738035186483
27,18,4.767798305209199,2.111977344837263,6.675021725717447,16.54670785690167,2.5763236369974054,1.6892821228824029,6,68,3,3.612241993039023,82.57913504324475,5,7,4,Finance,99.84763825485247
25,16,6.451895577029016,4.83816879137857,16.71924852651601,10.152215131531017,1.6633599182402832,1.1359662968266246,4,92,3,3.678294949222978,38.06088714031738,4,7,2,Sales,99.94567844463667
38,19,3.8713800232299054,1.9301323883521273,4.7261584497998275,17.627336564770594,2.487689329751577,1.7082969273098036,6,48,4,2.577957827150563,43.569806667284745,8,6,2,Marketing,100
41,20,1.794794809788668,1.1048655279252833,3.9472697053680394,16.42099005934013,2.138098618370366,2.25035562450062,6,35,5,2.9102219252054464,33.75004595830218,6,3,2,Technology,99.86162288409231
43,17,4.900463778147382,3.361312919071791,10.478169564216067,11.198689284613238,1.715272020027284,1.7180545836493337,6,53,5,3.1020114244466135,71.73319310829054,2,7,5,Operations,100
37,12,8.19595368464812,4.280455633456793,12.086914919584508,7.815157475353768,1.3483840661472635,1.115307974131631,3,47,2,3.388093911246985,38.746605101382634,4,9,3,Technology,99.82622857018075
32,18,4.056221228724313,2.3052006467525987,6.107004068661833,5.610396291693558,0.9577616350894828,0.5059043247048468,3,34,4,2.7018525261146404,48.61950952869084,3,6,0,Sales,99.98242423045153
39,12,5.364247140016858,2.988147509574589,9.965222745548122,14.117039512272228,2.1138003265808187,2.802715669939602,7,24,4,3.5969730254004144,40.81062418707156,1,6,5,Finance,100
30,15,3.8187210655243193,2.083549140639796,6.707338734144368,9.679080326138735,1.4957842563093435,1.4401966538102065,5,67,3,3.200593702719301,47.05402140574763,2,7,5,HR,99.87379749324097
32,15,7.145369724454359,2.9191787240465024,9.822373975686984,9.627839290678258,1.644674313582187,1.5977060019965128,5,50,5,3.4276143707452493,64.9389322634469,3,7,2,Marketing,100
31,20,6.818615177668459,3.6640792204550032,9.315052599819948,9.499422989064259,1.8283152575591228,1.5383492160108825,5,25,2,4.078097231299602,85.53335977361311,3,6,2,Operations,91.28267393757721
42,12,7.3135493775749785,2.896961789839531,11.113354040921829,16.453875663267223,2.2904210858387533,1.628252289273018,6,15,4,2.810044717255612,67.05087479974189,2,6,5,Sales,95.9769954919267
32,20,3.353394521463521,1.6120326589116503,4.800671028938046,6.027120297482024,1.0082740509400527,0.9536206309557368,3,33,4,2.8926819447918692,52.3794223835709,7,4,4,Operations,90.22607396199967
40,12,4.560302014323106,2.17767877647085,9.737222385452887,9.351350220685125,1.3517788548617924,1.1216171545783749,4,42,2,2.7038994311187947,53.266974510394554,0,4,0,Technology,96.16083518535405
42,15,6.938726265809031,3.8690684673344395,12.479928842343327,10.729685859295273,1.679772883966745,1.2786327741141261,5,10,4,3.98699717851105,62.52382107143847,4,4,5,Marketing,95.66460940498412
33,18,13.007278402625742,5.22713616159503,25.570014232616685,9.79125440608955,1.925603997121901,1.3489962943149119,5,18,3,3.7900336671094768,49.042410430739444,2,9,1,Sales,89.33568353795695
46,15,4.752928373329409,2.4071225280466706,10.609603508632334,17.039863766228002,2.3558025475200486,1.5649968537747658,7,19,5,3.6911574401745595,51.917845867872366,6,7,3,Operations,95.41395779344782
44,13,4.987442952717359,2.5113149145797107,5.204891975302627,11.323010129918833,1.7666015585764594,2.3356525740984155,6,22,3,1.601401623915111,56.461763818172244,4,7,5,Operations,77.47419445510829
46,20,3.544954009812815,1.8198505397616869,7.698083945223703,8.176901459406427,1.3669801467530756,1.2192433921962693,4,17,4,4.5832968312400375,51.50591105105415,5,6,5,Marketing,96.02369912379854
22,16,7.869830365913688,3.4058986216727143,14.842327039392332,7.961606732302315,1.9099076854368562,1.346450344865853,5,63,3,3.795064041521001,52.85798741854881,4,7,3,Finance,100
22,15,4.688800524872963,3.0112369299651927,10.52676579229228,6.981884810756418,1.2639096332178705,1.1870895775769013,4,39,3,3.9009808849902727,88.09930190757824,5,9,0,Sales,99.96001799125179
30,16,5.2355661340463415,2.19126762380854,8.31490425658472,10.364969565333597,1.424792094947212,1.4095096056608796,6,54,4,4.107808618096859,76.38654520341358,3,7,0,Sales,100
46,16,6.490231912574723,3.4139171959528167,9.43074768120236,10.73170480077426,1.7808135163554275,1.332901337207448,6,41,5,3.480520504107218,69.80976282279532,4,11,5,Sales,99.80951635564564
27,12,4.462430103730089,1.625248370997033,5.478850736002996,9.149365749724952,1.4457259689832456,1.7032957022605333,5,46,5,4.534330666782221,53.74009615239413,6,6,2,Sales,99.97139933468402
35,14,3.7813879654101212,2.3162820761975103,7.4965695281725555,12.141286230488443,1.6355045702808126,1.4305402326813335,6,61,2,3.1875185813777813,59.50290950604721,10,8,4,Marketing,99.93649513845244
25,17,3.8092339715375605,2.400315326178667,6.377057066531179,8.682573849556212,1.499095685208515,1.045263268496673,4,16,4,4.730781699196547,44.6104671727067,3,8,3,Finance,100
35,13,7.652372441857843,3.1853234354593094,9.350373564151472,7.969592762488581,1.173799458931752,0.8671998570743362,4,28,4,2.0048912780263044,68.93272065951918,2,7,1,Operations,99.94270042071673
42,17,4.320129654376016,2.5535226211690905,9.826973175053265,8.509270594778984,1.3180795979179065,0.9224871783243314,4,30,3,3.3006503283150175,37.639406243644565,4,6,2,Sales,100
28,19,4.663658682054026,2.403557790682656,6.748325381774687,7.6829452166584264,1.6044819407602915,1.2051464365564932,5,49,5,2.292341580780271,61.54089069681565,3,9,3,Sales,100
47,18,9.06841908903368,3.6400300642217536,12.487167791534642,11.660313337569892,1.8284966533914289,1.432968059843346,5,65,4,4.2115251976381165,66.28492053595384,3,7,4,Finance,99.89432733599563
39,18,4.554407569732045,2.7757627654785018,7.2069108158183095,6.821728646778928,1.2229727919456366,0.8585744816908976,2,50,5,2.5848443471548115,72.08968608795622,1,8,4,Finance,88.47587165700389
48,16,7.006514197916574,3.026660018457957,12.956209882731399,16.271059589452303,2.9205464642723418,2.6477863998762774,7,26,4,3.4141201170200426,60.55527677124432,4,7,0,Sales,99.99300969597883
23,18,7.589070878495002,2.9318586059905787,7.834666494057628,11.435903320426203,1.6433795613016766,1.3070153915678615,6,47,2,4.126232854133041,64.59645179167241,6,9,5,Sales,99.8784958037634
39,14,4.420123933639994,2.8810711471466743,10.27438993541282,16.444083904428176,2.7241259226438324,2.5774831059438483,8,44,3,3.9937320932761065,93.84014788211199,3,8,3,Sales,99.90788902511234
45,16,7.98115071757942,2.71576587604628,16.601518563552958,10.064042391418086,1.9516289375138267,1.7214290651002127,6,25,4,2.9898231858160913,50.01478628146681,5,4,3,HR,92.70809113544306
34,16,11.496286507803577,4.729204116367172,15.76069436643558,13.391471626707645,1.8137310176071522,1.7516535707399192,6,61,4,2.7113305931610454,79.71125269626887,2,8,0,Sales,99.91624412677994
42,17,8.747778647552376,4.090557861866419,16.06668688967788,11.008866871939393,1.9331050936684704,1.877175548835078,7,30,4,3.400190056413469,63.33204598224192,5,8,0,HR,99.96465662092544
38,15,4.66508109719643,1.9138843561837036,8.08249439504637,10.027698760207285,1.7059270394877912,1.3788788653390167,5,52,4,2.298671746652298,37.47599293607448,3,6,3,Marketing,99.95537373280447
33,13,7.22024484429182,3.6280944439614577,17.53733979333356,5.622482441140009,0.9178864532786726,0.7812303690103627,4,59,3,4.414253763333988,81.44392285796361,3,5,1,Finance,100
36,19,4.580431504864958,2.6667510384482753,8.913048794494948,20.94544676282778,3.0665185179120007,2.6088616534062505,8,28,3,3.010263405422212,71.60948947511973,2,7,4,Finance,99.95438369099563
32,16,2.511377236315985,0.9951544280512807,3.86296316429129,7.993925455875917,1.3128844429057662,1.3789790233328303,5,38,4,5,49.31807982853316,3,4,0,Finance,94.47161539077838
31,18,4.783229941374054,2.956638876411011,7.319476637046381,6.641074272283695,1.2369399963766012,0.8402175823683147,4,12,3,4.086199175586762,77.6043080779074,6,4,4,Sales,81.9260204633048
40,18,13.105741448157653,5.877095177912194,19.49258969475891,7.463845140607201,1.4189371418123478,0.9066495686691695,4,14,4,4.390903054490551,55.422354927842214,1,7,3,Finance,100
42,16,3.827309257941188,2.403998034185004,8.683156945329058,6.633365589821466,1.2094307389517613,1.0783874953340045,3,30,3,2.892922935984899,56.611968713642014,2,6,1,Operations,95.43760561830207
36,19,7.0767379960392285,4.533712493616012,13.77649711660206,8.729229905778954,1.4571139243954105,1.5431207908616313,5,51,3,2.8159736688908454,29.227819627505752,0,3,5,Marketing,99.99266944631837
22,17,6.2599870661159915,3.3629662561272022,7.24472443653973,9.379486113498414,1.3592491397020878,0.9816833992796616,5,23,3,3.5248920712868297,57.305969893064194,3,7,1,Marketing,93.36877476388615
48,17,5.4275682025218455,3.6153885260131124,12.90848888967151,8.979536637001171,1.4447560013955214,1.1219387550296358,5,30,3,3.8861065394462555,60.99671613786816,4,5,4,Sales,100
36,16,13.801931579194427,4.8777414919434134,19.162734879000077,12.71558324186286,2.4353979155204803,2.503861368028097,6,43,4,3.498317849174494,63.2875962379177,5,8,1,Sales,99.8848838577533
48,19,6.090329809981904,3.8144495337211164,11.032461878062767,8.355229062061051,1.5252040554178132,0.6694146570999019,4,47,3,2.6849772019360443,55.82524265122633,0,6,0,Technology,99.04276165184997
32,16,9.246206619300372,5.184550967230534,21.614613653858605,7.078157462722458,1.0609188180719475,0.9276310917859596,4,9,5,3.3108454468130373,59.53869099072727,6,9,3,Finance,94.89580816469619
32,18,3.3812662980631942,1.5810589126088814,6.985211676951407,14.646325544432777,2.035592241372388,1.5705525018205713,7,51,3,2.613009828382452,59.14507543837505,4,7,3,Operations,100
53,17,6.556357353047662,3.2621658932991,7.0536608483781595,13.25186732718515,1.878522823458368,1.435699894895503,7,20,3,4.109237246307824,67.70393812975851,3,6,1,Finance,90.92267310456731
35,12,3.9072068646885114,2.3848600100201494,5.524063150831893,15.716198931649112,2.2609470411854597,2.3192230976209056,7,40,4,2.608125438977405,61.95048176172979,2,5,2,Sales,92.24497957977779
35,17,4.013581187570048,1.7994005076750421,6.022504145788807,17.4913220103482,2.3154600745207676,1.9132903004841766,6,49,4,3.3993259624452996,57.518067142630514,4,7,4,Technology,99.89681889153103
47,19,5.2137634528841454,3.3068681143720857,14.988023793857058,12.119743898640614,2.317897935089343,1.5276552080068868,7,31,4,4.3206532626573795,78.46326587881163,6,5,3,Operations,98.2638512691379
32,16,5.977088509128318,2.406429827505145,11.624967321131999,8.019444544349069,0.9560450921686556,0.7056345715741185,4,18,4,3.694626002349608,48.22482188490239,5,5,3,HR,82.37057268422984
40,13,5.275802073623176,3.311491014002009,9.168041645917246,10.591800158795643,1.6038333078679243,1.5791975455502,5,24,2,4.2099163273644296,52.74947687484917,1,5,1,Operations,93.66539771689033
39,17,5.06539389449394,1.7713178338202933,9.577464264373456,8.443978952105644,1.304635816041717,1.0106709766135717,4,77,3,3.5298128417006263,59.5740832300168,4,7,5,Sales,99.98701557399028
37,18,4.710882577396856,2.7821367880901016,8.32439312529305,7.600904478258019,1.3644625033328517,1.0274465817008434,4,38,4,4.097785101228713,71.77613416824711,5,6,4,Sales,99.99476623922888
44,15,3.00100044612568,1.8086833339246084,5.1976903593609505,8.7441767034743,1.4234053746779343,1.1683760326940409,4,49,3,2.2910289963436625,62.768513170186125,3,6,0,Sales,99.84304661878322
36,16,3.4120782571887385,1.9141950896543463,6.190275484935958,13.370987498770834,1.777092956747861,1.7291905437026933,6,33,3,3.935956659539314,58.49095313466233,3,6,0,Operations,100
44,14,8.683460385243514,4.916751689146286,13.907871956721074,10.10674330906158,1.5601929808696728,1.6544869712700498,5,25,5,3.811328731798822,49.88603570724424,5,6,1,Technology,100
41,15,3.5703332948168094,1.7949957741133855,4.495893611228413,9.608405549269449,1.4157713453975653,1.3256944602471379,5,32,4,4.401546409683841,45.464946538130626,5,5,2,Sales,89.70510776999792
37,13,5.797172503367208,2.45972336746354,9.302900678550428,7.928561677997763,1.3245721872332579,1.1092392280784276,4,8,3,2.698310271465598,59.53053919629291,4,5,5,Technology,100
45,13,7.603106660277218,2.6932139897765186,11.782852287441376,7.670975433859082,1.1621298130345434,0.8866000778913828,4,32,3,3.579334365964643,54.848601672054926,6,5,4,Technology,99.86711773934472
38,16,6.566731965423213,3.0190856369545673,12.645511118181538,7.148944676181561,1.3606428387297258,1.116847217578972,4,40,5,4.13348643944792,57.55661587890545,3,7,4,Finance,99.85527586467335
32,15,8.154775972503671,3.501429056249517,14.70867709242823,9.200719948748983,1.5680974458967498,1.3224865728881212,5,39,3,3.7011109138681926,61.52462042833,4,5,3,Finance,97.80889173858161
32,16,6.8903963090062685,3.767944950807789,11.785917854125046,15.820392143709745,2.245509529425626,1.7748956970027532,6,10,4,4.127950622418912,50.68626969737353,8,3,5,Sales,86.41269790536356
28,19,3.496622941687151,2.280621436852246,5.882244585690994,5.5612676391058775,0.961311287873054,0.6665380811838202,3,22,3,4.7052090286476105,64.70481257116442,7,5,5,Technology,92.06173268450233
30,14,4.669990542046545,2.304761067612505,7.976276473956991,10.01231488730611,1.5517681099597236,1.2680074322368147,4,26,3,3.385469442423196,56.582808597937984,6,8,4,Technology,98.2206884182419
36,15,10.179030553095064,5.776546846099078,15.370918251698347,16.46340874907172,2.2280040769705844,2.0748528660114474,7,6,2,3.612549314533752,40.32211597773268,3,6,4,Marketing,99.99100901654474
38,19,4.967269414895897,2.59621678188639,7.661232706005053,8.842173429829641,2.2147009167516476,1.14463786128697,4,24,3,2.3142997086690804,54.668549052579806,2,6,0,Operations,86.60694637872254
31,16,4.657784281340014,2.171182561012063,9.96012755146355,12.251272643758204,2.186690183274728,1.6577358257871062,5,14,3,3.494499913474647,44.4660427973778,3,6,0,Finance,95.14297436782898
39,13,3.89177816999997,2.0102528432331987,8.050206854103411,10.330293461447214,1.9062411471981844,1.5156921953454614,5,24,3,4.181413854872229,72.62154072213809,6,5,4,Operations,99.09384073066668
31,18,5.135911593348089,2.8315484119178826,7.053402641008063,11.396440228801433,1.7431891510414603,1.6111044535263552,6,33,4,2.604654532309679,44.66307157876065,1,7,0,HR,90.25674107271301
38,18,5.785423555720073,2.4029035297195436,8.348065179472627,15.539506986956606,2.499520645993039,2.9094374204656224,7,24,4,4.193792272992719,58.30310231662362,4,7,5,Operations,100
45,20,3.9105632398900165,1.8430967472073512,9.014213160331918,7.775365920950044,1.4348392803795245,0.8582923969294303,4,24,4,2.7806341139066326,38.94378199369842,6,7,1,Operations,100
34,16,3.566174134031622,1.6137728260153013,6.110023102538506,6.6821741497264435,0.8191552506502656,0.7300717836000781,3,78,2,3.500355019515054,41.19932464156862,3,7,3,HR,100
29,17,4.97064702248621,3.6215028076057307,13.383837377037205,6.316909555012471,1.1298920101029788,0.8171625929027362,3,29,4,2.79902638902405,72.31467006521588,2,7,3,HR,87.53882723580725
40,16,7.030290810373978,3.74656132534137,11.95501590628268,10.873600324077154,1.4897962472159365,1.2867863169005096,4,28,4,3.5924705802625163,37.25407966352376,5,6,2,Finance,91.89182260455812
37,14,3.331251043483318,1.8091761156198678,4.939638286383064,12.142188387953201,1.774503001804614,1.5507622718717962,5,32,4,5,45.74748668492466,3,6,2,Technology,95.86842803624045
45,13,5.955225805343545,2.285614702401204,8.3758993617233,7.156929657063273,1.339866589942501,1.0026085519925105,4,27,3,4.29558386697706,47.87971601220841,7,6,4,Technology,95.27744878468131
36,16,3.333693293425465,1.988244956197594,4.7459685643660166,9.271726244749228,1.6080129355054766,1.5140689089946116,5,67,3,3.298417075362143,54.09488553910337,10,5,2,Technology,100
37,14,10.442368178627802,5.599815321953434,14.850237437147502,7.136314753327076,1.3059064770629747,0.7929392071953733,3,36,2,3.5892025760736406,58.310644935522994,2,5,5,Technology,93.25053922208421
42,19,5.487408859810822,2.172419791195543,7.2332253306364835,12.264231036113532,2.2405849870045444,1.475955255506033,6,46,4,4.0930350982896995,78.15836099171396,3,6,2,Technology,100
43,17,6.32157586286901,2.3221220381202397,10.165706714756812,10.629500008451075,1.86602584711438,1.315575377301634,6,31,3,2.290682497727028,71.17022914322281,6,9,1,Marketing,99.97806897652337
32,18,5.962331655792338,2.6298464227074656,6.864202935272749,6.348300471631724,1.4123478625635448,1.0250867724926216,4,26,4,3.0968781816308457,61.0909270233099,4,4,3,Technology,87.3920766215008
50,14,6.957991240566866,2.8842065182498264,13.038189306989517,9.082337432398964,1.5667269554288055,1.3873586268568243,5,35,4,4.709502949997136,60.10825228271141,8,9,2,Marketing,99.86912033652978
42,15,6.337973942487286,2.7108202253845337,8.469238949081774,6.8628895074489815,1.5809024862385919,1.5457376178964966,3,37,4,3.196276891786949,56.32302424725762,2,6,1,Technology,89.96948360792932
44,14,9.890411126710514,3.396710091062549,13.632255274188516,7.835855153447738,1.4962204918744388,1.0621379430201214,4,34,3,3.2009161685687686,76.39155951440502,3,7,0,Operations,99.95599779649984
37,14,9.622982312386046,4.129743084915759,12.475203107584628,6.895139124902456,1.0753778806222778,0.8183600735408734,4,30,4,2.5096357893339634,62.93709917098752,11,6,5,Operations,94.49947627685101
41,12,6.179781843785067,2.7015065883885043,12.515865329570474,16.235695306393822,2.6450453194140193,2.7275587127328977,8,13,4,3.6692172083826127,46.869286915824105,1,7,5,Technology,100
36,15,9.011710555268289,4.348996161871589,12.965925668595107,7.743122144165629,1.4252976631986072,1.0640084711267923,4,23,3,3.4016959923736274,55.97017960046835,3,5,2,Operations,99.8636505027886
24,15,7.941237839109951,4.481613803761805,10.800423353719061,9.51183796555151,1.3058258666173468,1.3082767466516962,5,25,3,2.7835057804258976,64.6390266188329,2,8,0,HR,96.10371692237004
37,19,8.32185440513003,4.191307408312401,19.92334134043839,9.376282988162773,1.946146406746555,1.525242866481059,5,27,4,3.3994355632151163,63.77656212753971,2,5,2,Finance,99.3415179769371
24,19,4.600574833318124,2.2896934868538934,10.016636015209079,19.104847271907122,2.485353054968293,2.3044295725335577,7,46,3,3.405255015619701,83.84752824949003,6,4,5,Sales,99.70058857388032
26,13,6.161100801539872,3.3168136136915867,10.095567095455593,8.201475946702876,1.5553430129597572,1.2419523466501274,4,26,2,3.62957286403093,66.83348270847335,6,7,5,Technology,98.61922648882553
27,17,5.616151405145715,2.3191259531806176,10.495644100321083,7.997295376534918,1.1076331726162445,1.1356341798702276,4,37,4,4.277436746241484,59.44309382905281,5,6,4,Technology,94.64177304303308
48,16,7.884303812853128,3.58221583065075,9.568831933241016,6.807126000340222,1.2638315051673197,0.8927251359527028,4,17,3,4.385071262544213,65.58857929992911,6,6,1,Technology,78.59736356376631
44,15,3.5612003730067636,3.1078123111703047,8.747491814540725,10.71059506150408,1.6084748381666774,1.3850883779557466,4,39,4,3.7935144232116436,58.454889066767244,6,8,3,Operations,92.10889006669639
41,16,4.390255663179859,3.203097499318837,9.471662922758714,9.826974699061324,1.6639380142270648,1.2545891814345977,4,5,3,3.387541568381511,63.56597541338823,4,6,3,Sales,72.33427996821021
40,15,6.909817116640375,3.0945711856632396,11.286627311040641,13.653348037508774,1.9901813509020527,2.0234039783520816,6,39,2,3.1919916041732006,82.4641631906407,4,7,4,Sales,99.97538151286297
35,14,6.262789840288253,3.396899854248176,13.401511619634523,10.295322616949006,2.1866800117294476,1.4714004803522203,6,16,3,3.906374877089453,73.66894209909258,4,4,2,Operations,99.04826949781324
33,18,6.333269655454519,3.697333472536137,10.547167024868298,12.314818822962689,2.2894647635999426,1.4424338864361341,6,22,5,3.9824401923510226,44.086117218750594,6,5,4,Marketing,100
33,19,5.516119747776778,2.5845188677602406,8.456499959256485,10.6598086464544,1.4637992733071314,1.1204815483886879,4,10,4,3.202367453446437,36.99980173460003,9,6,2,Sales,86.97926702389438
33,14,3.3462757739203464,2.463349790284915,6.658859127108342,9.622047983234287,1.6076632526798829,1.264879052624657,5,37,4,3.7005240192950097,85.44855354244011,5,5,2,Sales,98.8743815637314
34,16,5.808701348013494,3.2794264872125636,12.120504512295103,8.705345308454064,1.2959486489993486,1.1741600976820303,5,46,3,4.089696357322373,49.148456283742576,3,8,3,Sales,100
31,15,7.694374559693148,3.113852418685661,9.804240424163927,6.1074364050191825,1.0065361519536964,0.9519053267232661,3,25,5,4.120026181473641,62.9688099072972,4,7,1,Finance,100
23,16,7.508714725610281,3.390953707913623,12.622504789279363,8.76309460646539,1.396674596517919,1.007460392913267,5,40,4,3.79268829952576,56.15057644005136,2,5,4,Technology,99.98134120837922
30,18,2.2806169161868346,1.4478482661355172,5.760927873603141,14.254261431366098,1.971811683746725,2.519821434348573,6,29,3,4.097728597048333,87.61893415384543,3,7,1,HR,92.11654690752444
55,15,4.392423906530797,2.8090128180135103,8.81920780474339,6.880865827230406,1.4406773598127307,1.0170705887242493,3,19,3,3.0177556732422004,65.38021357433283,7,8,2,HR,96.7503389473853
32,17,6.379661377406764,3.9191255831383964,10.153306112907405,15.228147502273512,1.9635677084991021,1.7506494710381633,6,29,4,4.100803857863058,51.412673707645666,3,7,2,Technology,99.9972142459381
41,18,3.7545526375036906,2.202158030651391,8.480888735574613,8.818064516440558,1.4387624944207666,1.340509930408337,5,24,4,3.1265473728899678,58.02203285916433,5,7,4,Finance,84.06252158872893
36,20,6.858322594447567,3.839463382717808,13.020772885942312,11.934550884573277,2.1480593675648696,1.7803219203785567,6,24,2,3.0825005651941937,82.37257565201583,1,9,3,Technology,94.60287747664954
33,12,5.45903794665203,2.2230573816207486,11.797221020138917,7.234909742117275,1.4479034863085927,1.131953695005984,4,18,4,3.2009878413721737,74.5265836335742,7,4,2,Sales,80.92494908246684
33,15,2.328692403638613,1.2784721338378082,2.8019709125785046,13.893512786102974,2.178069112168721,1.8407157412594244,6,22,4,4.813516106045562,46.163289592485114,3,6,1,Finance,97.30738463891235
28,16,6.596300814670553,3.7714820669885722,11.069610086203324,9.47032724393739,1.750997714147556,1.3990484753655428,4,30,3,3.011955673309536,51.18421662181907,6,9,4,Technology,99.9976183807896
29,19,5.153473722605812,2.4163627394033576,6.613538550804835,5.655629164988842,1.069468759238495,0.8851698175390121,4,26,3,3.8184434994549536,62.06297030407232,1,5,3,Technology,94.29181237121779
25,15,5.618818478756757,2.6633317227475595,9.552700742975254,10.722025061722867,1.0971987375791536,1.1894329196553508,5,13,4,3.811992550366498,78.6094198905791,3,5,3,HR,75.23423690086646
44,14,20.409390527910574,9.808523399284093,37.5,9.634567546995449,1.485972193818696,1.4279468174939096,5,39,4,2.8092309425272863,81.5156123298007,4,8,2,Finance,100
39,15,4.947316666724531,2.677540402572092,9.938129279580785,8.293922744682996,1.359671691393107,0.9717762428396124,5,59,4,2.4111246218317186,47.642382236085574,3,6,5,Sales,100
43,18,6.027406070918519,2.90004341128245,7.990531618949871,6.756704688352127,1.237998451791351,0.8905190302238924,3,33,2,3.369963904933903,56.744357715725634,8,9,3,Marketing,98.9952741780067
35,15,6.132381109590102,3.181258224469491,8.200621597884128,6.8092008961934045,1.3835759866092079,0.8418126268383793,4,50,4,3.8052135550910924,70.97986329714801,3,7,3,Finance,100
52,17,3.234798013779234,2.3300037811159444,6.340247222298613,10.546737846477575,2.0308738105525084,1.5323377449227327,6,23,5,3.4022794654609814,56.57922125166192,2,3,4,Finance,86.10328013485284
22,16,5.252786481055901,2.0071923228474007,8.096747179233692,9.667521313971633,1.7158099529846145,1.2469583957430748,6,36,3,4.29944139597211,71.00499146560577,4,4,0,Sales,99.98264789858426
32,13,8.221279261031574,4.497931633833315,11.382676578373147,8.357508054106836,1.2637987961946404,1.1130436974687568,3,54,4,3.513533878554755,35.07020896556541,4,7,2,Sales,100
31,16,5.038633024709327,2.3933326902783634,9.976627159555555,18.88883487034583,2.813331161004121,2.103818451053025,7,38,4,3.4959774127772665,63.08254737780866,5,5,3,Technology,99.95608413962566
53,16,7.217685191193952,3.824804265975338,12.392722222189327,3.4539457773185114,0.6206031643888397,0.4420083006123123,1,31,4,3.8132398777971774,57.48217756677167,1,9,4,Technology,99.77306401154206
44,13,5.11564450164205,3.297260589711475,14.694258729855594,8.770865971704039,1.3806198983331806,1.6811811792352507,4,24,3,3.917450020637695,66.45328244935659,3,6,3,Sales,93.38973422568287
33,18,4.300213880704237,2.2802636673352534,8.96833294169174,9.658432452823725,1.9504146164098817,1.26169145712448,4,25,3,3.7032187608695,53.95831453141534,3,4,4,Operations,98.36508123244748
45,15,3.768678631130365,2.301182357532816,8.818026065296374,7.238192240260367,1.4165253687569934,0.9530814356745985,4,15,3,2.176035820274333,73.67760681388545,4,7,1,Technology,78.42967968818364
44,12,6.567673170805745,2.6260959067444976,8.007215253786171,9.248487199070599,1.8854512818210627,1.6199807567415456,5,39,4,3.729729978258417,88.21905235690463,6,5,1,Technology,100
33,20,6.708710293027094,3.6280487787067757,9.204444756150167,10.479763688818704,1.7998017212452357,1.363183874684897,5,17,4,3.6031567900653645,59.99144591410454,6,5,4,HR,87.30863129538581
26,16,5.481088643104771,4.369007362055528,13.915850834205564,12.382722410582838,2.029247696371575,1.5816203605332009,5,61,2,3.2832343686656533,41.911141531304516,5,7,4,Sales,99.79653805140279
49,17,4.570118970577243,2.3128377625624434,7.215657625925476,14.989707603846266,2.5125820018888234,2.3108131545958366,6,22,4,2.5282081804674306,52.85164568764704,3,6,0,Technology,99.97074687269725
42,18,4.95305987646887,2.380736875130801,8.407826657737953,13.084276644762806,1.732479020438423,1.5673859293766694,6,53,2,4.224411869607735,33.98285601541368,3,10,5,Marketing,100
32,13,11.542500019728728,3.9725631177585567,16.969930603013484,7.852929100186487,1.3443534878416383,1.005197788811813,3,17,4,3.6025698971131304,37.932798158205834,3,5,3,Marketing,95.102338516875065
40,17,6.028354193235043,2.7974323931086458,9.204613226384303,6.936112937498387,1.201138248094171,0.9627063868762836,4,20,3,3.7789624099084707,79.2138207084075,6,5,3,Finance,98.21944016113176
47,12,5.3654564024151234,2.990721969752351,10.27225019157263,8.810096132349562,1.1274164066313754,1.0173909270698835,4,39,3,3.6746674528035963,35.76900399553508,3,7,4,Sales,99.88917736924826
33,18,4.97640229668012,2.808486735810182,11.179347346954447,8.145992291566227,1.211567701463418,1.2383656625092618,4,27,4,3.688268239614945,72.35391857464538,6,9,2,Marketing,98.60439078192002
30,16,7.715178183440965,3.7011542629991494,18.057648784288215,11.139748040025623,2.3363751339344754,1.5557326089205572,6,26,2,2.5823994303466415,89.95767136512048,9,7,5,Technology,89.25315868528658
24,15,6.524217593219428,2.608799663710001,10.96907169979699,8.857291829977765,1.5236003201252606,0.8818752441569345,4,26,4,1.606233279920333,50.30878394843164,2,6,4,Finance,100
30,17,5.024210691976284,3.5307588708449495,11.0638781633132,7.163845897394811,1.2942984857423259,0.9296239178876371,4,10,3,2.4891319963494225,47.80231507216146,5,4,2,Technology,86.87839658774357
45,18,3.578098702949234,1.3146477479093261,5.1825247039328595,6.915184134665447,1.1681806202040081,1.1188170158980737,5,21,3,3.7111976913588505,76.78827740392215,2,7,3,Technology,77.30430393048508
45,16,6.012355223315924,3.8853833450880817,16.692136696111167,7.423122673750766,1.0449403290056767,0.7000117421170511,4,20,4,3.408214739166856,69.30413333380478,4,5,3,Operations,83.38558885527158
25,15,5.713190502444967,2.983253378614443,10.032097677866217,10.520855669667945,1.8326698657086904,1.8277928611350236,6,15,4,5,51.850161374862466,6,6,2,Finance,97.96642188549355
40,16,6.334862306576188,2.852221642534859,13.91153565892284,13.21809620685142,1.9416481388161726,1.7132907561983606,7,35,3,5,43.99799244323769,6,8,5,Marketing,100
34,13,5.233391866438043,2.5977135004898506,6.061750199333122,7.355035092008251,1.2835562552731254,0.8814435272521818,5,20,4,3.6210559230663852,53.82111974374689,3,4,4,Finance,95.5574897249638
36,16,5.949363501373769,2.0791771632152716,8.182238785873876,11.233225331677072,1.4962862592989565,1.2186293264481443,5,5,3,4.800116297105035,64.72013639261665,2,5,5,Technology,99.95765434099762
38,19,8.933089644046207,3.872043334307987,14.054682704974764,10.742755906090277,1.7153403917516536,1.36721535733057,5,29,3,3.6561317315633706,54.89073537703915,6,6,0,Technology,99.99539497310015
40,13,4.343520589331042,2.5090941221436354,5.967924271330077,8.995226050541612,1.5950098875736993,1.1660331375619548,4,49,3,4.283626217093992,56.98489625063815,3,5,2,Marketing,100
27,19,11.468349184622376,4.621918687167062,20.978179400730966,11.161635696735994,1.6104233149492264,1.2007013413402865,5,63,4,4.0217268634569585,70.26401686839206,2,6,4,Technology,99.93327219025201
39,16,9.600369560598356,4.648101764074639,15.890968107957917,10.649849897920967,1.4874817657436163,1.0161618201751683,4,37,4,3.600054301935905,67.44051146318046,7,5,3,Sales,99.87462065730462
34,19,3.419643076473426,1.9874357776885534,5.49952304114288,10.343436745666015,1.388389847420716,1.5172317671373787,5,22,2,2.690753196453044,71.35951495390212,5,6,2,Operations,91.8456179969743
25,15,5.75636747149109,1.8642229860986244,8.735614325733849,8.410203066416003,1.6501062974980971,0.9436091655083322,5,6,3,3.8843335356001027,73.55615885195593,3,7,4,Marketing,100
37,16,4.78906999749364,3.0231299472042696,10.92161231912563,15.677913248422431,2.839534956501633,2.1004966538205285,7,40,4,3.5158226950954306,62.51514953011026,4,7,5,Technology,100
28,15,3.4794961265386153,2.1954562480912676,6.658961256364325,7.964379995538079,1.3826711614787637,0.9206293593520598,4,40,3,4.470396279750607,98.4482968095423,3,6,4,Sales,87.64361527574707
30,15,4.794562890892336,2.621812915560981,10.52777148721005,6.752632512285611,1.2929011979614349,1.118204849613315,3,45,3,4.612699873994013,87.30855456719918,8,6,1,Technology,96.22686466538059
28,13,3.8458778347314935,1.5152659878044434,8.391618686294757,10.545486668139072,1.5459088588385812,1.353845388487694,5,17,1,3.7032211183604504,56.18074077050872,3,4,2,Technology,73.08286575235657
29,15,5.974639516469926,2.4131248697368646,10.751523241442424,7.465927570867535,0.9476389025070546,1.2467816669224117,3,22,2,2.167112404841202,62.575053927546335,6,6,0,Marketing,94.46041395995613
42,12,11.171489969357792,4.292581755009816,14.103321297240273,17.878462422208635,2.866076638749856,2.3980799372031005,7,59,5,2.597019704727048,66.3087856576678,5,8,0,Finance,100
33,19,5.997163576644795,3.0004576018081743,12.707975702202576,18.86638794241173,2.8823473103697306,2.2200687986092738,8,13,4,2.98723324275328,69.23533804006264,10,4,3,Technology,93.96184609965037
30,13,4.702895979428176,3.6290966502189574,8.807720225065015,4.177868535753988,0.8097383226735706,0.5132847376507517,2,42,3,3.5310173997655485,47.72181921220146,7,5,0,Technology,99.92419656188848
32,18,3.9307177798713453,1.9787278339927643,10.06712042009453,9.589867866835721,1.4187584996287776,0.9529804772349262,5,67,3,4.301886156327259,35.94275355322452,2,6,5,Technology,100
35,13,4.50130973451824,2.113674175444051,5.987278772315162,12.598121971686465,2.1868143428886793,1.8564759420248202,7,34,3,3.8075151279101394,46.90925263378645,5,5,3,Operations,99.87322043394136
31,18,4.143582841384418,2.5254651303889504,11.058648219464994,13.637168682425381,2.6164525471101037,1.6038042512238107,6,11,4,3.1215477179467057,64.73368445070491,7,6,3,Technology,94.28057403597877
42,13,8.256135898426743,5.214656111315114,11.627366151582216,15.473986113851083,2.026568126640989,2.315726055886665,5,21,3,3.8844174171349923,50.33746278803624,2,6,4,Technology,97.4790641090694
56,18,4.2403457738681904,2.996949238026973,12.725179173524637,12.560360860222335,2.099207218541908,1.9428973175946966,6,28,4,4.396704210630186,66.60031356159139,8,6,4,Operations,100
28,19,5.586116299667917,3.8935121661092493,12.864152985946971,8.98247949591697,1.3893818918434038,1.1007206436621213,4,10,4,3.6050055415519724,49.158788256088116,6,4,5,Operations,83.49054274862576
32,14,7.43505802687922,3.0869780017248303,10.472172515603193,5.942491683499198,1.0701787787525632,0.921741926669319,3,11,4,4.168853159591022,54.20342596937075,4,7,3,Marketing,90.61663994065667
32,14,3.3178389646398783,1.5581330289850595,4.456867509252296,12.051160368692514,1.7147730431764527,1.4586262850631324,5,15,3,3.6952449781158374,53.55447393696389,6,5,4,Sales,88.437999287792607
33,16,5.847660956354996,2.778820299010597,9.775385111475158,15.46053813307351,2.7374654252314947,2.215581542927555,8,27,3,4.379979884060342,72.3920716830805,5,5,3,Sales,99.91655497892154
26,17,5.00622527010196,1.9784629341363438,5.715153510269988,10.39673368777195,1.5580497997418734,1.4085550062777037,5,30,4,2.4035819661645057,99.7617620068518,4,7,1,Sales,94.7438531663119
26,13,2.614239655668795,1.9930532662766918,6.3108897012025444,10.397359384278694,1.6267199072999423,1.2520656588473815,5,6,3,3.4164025020134456,71.43799065311649,6,3,4,Sales,70.58048025017878
24,15,7.14135477731591,3.609020203408202,7.326426805036427,15.543585510216571,2.898829660994493,2.181853837544027,6,29,4,4.0954966263518635,74.33488360473972,1,6,0,Technology,87.9172533987344
44,18,7.373077804821375,3.2945739995899266,14.629769602902197,9.504046936713396,1.3622542773950919,0.9368337057393556,4,25,4,3.278299348851014,79.86687114793902,6,4,5,Operations,97.24131227756638
31,16,4.744940074223951,2.1090191285060227,9.600285593744937,6.216753125289909,1.2025556053794426,0.9155015699547496,4,19,3,3.504108786488497,68.7752259156377,4,6,3,Operations,82.92121738808234
43,15,4.313034644413236,2.330960999354793,8.105374907299517,11.250642992178953,1.5360649247526752,1.0453416682899743,5,23,5,2.7903305176236577,39.35581268784315,3,6,0,Finance,82.6790089342585
38,14,3.796306377573135,2.2228878261096514,6.928845098846112,14.780664196768663,2.3136161810834324,1.9941473198239206,7,40,4,2.9947673933467853,60.483716575143475,3,4,2,Technology,90.8755007198487
44,14,4.097732456714379,2.3695307014677054,8.55152268271538,16.415047541314088,2.9482709887134426,2.081121477956975,8,25,3,4.1240123879432105,76.95828713618849,5,5,5,Technology,93.37298376968499
36,17,4.437745233474138,4.138333073015521,14.870073167979195,10.627546728158539,1.793941192009542,1.297136987356105,4,35,3,2.9037274302591634,74.4435867602493,7,6,2,Operations,100
22,15,6.01745990767077,2.888363842748087,20.892596006170702,10.310194675103627,1.6309816089738134,1.4963053245968057,5,39,3,4.11436808546085,75.30569459693379,4,6,1,Operations,100
41,16,3.1833237196026043,1.89915693309619,6.042193282667933,5.326294665952446,0.8709390290574618,0.5980067471570814,4,24,2,3.595295736331723,59.66843288660485,2,6,3,Sales,89.26906020083489
35,17,6.231006473066937,4.220702079525528,13.74399810813081,11.419949557304824,2.298247583101371,2.1455261349229895,7,26,4,2.201526787562977,65.53997272886505,4,8,4,Operations,96.79537164701438
35,18,3.506500743500759,1.607066429634799,7.603976327051481,16.391574606160354,2.797885759121454,2.6245328918061324,7,25,2,3.095934410184093,47.64659190361748,3,5,2,Sales,91.26095444673432
54,16,8.126567461494199,3.5728710073042946,12.345274922890722,15.829624764687692,2.913204104340635,2.171922099282496,7,33,4,3.8180820529901656,57.66897588349509,4,5,2,Finance,99.65029941096508
27,16,6.025045332671416,3.283185237529724,9.97659713347492,6.983713094485333,1.1984703564374246,0.8103297702084652,4,42,4,4.386321907663629,44.92812021022733,2,4,5,Finance,100
22,17,11.709491581182828,4.223837867704532,14.555285962572666,7.671941339535261,1.2367936955099261,0.728668585844227,3,26,4,3.66538466217548,41.158693186178525,5,5,3,Sales,97.18715145791116
52,20,7.230392487473678,2.4474428912577646,11.31279578156115,10.596597408518113,1.4626393179799881,1.1647155273425256,4,15,4,3.806937641036865,90.41045719201179,1,5,4,Finance,88.12213488296244
34,12,7.974363639742001,3.4657631629623697,18.683863362796657,6.176786664014361,0.9989303156986256,0.8748625384949004,3,54,3,4.486474986542715,52.90488938151584,3,8,5,Finance,99.98756435791566
36,15,7.691810483079643,4.101740703571079,14.73522215566868,11.913539005973611,1.8568661387408838,1.2474677306286408,6,25,3,3.188702256271526,71.74880570921562,6,5,3,Finance,92.9083922835997
23,15,3.1200485926921826,2.5727689441835624,7.840879407756025,5.869946353128926,1.048915872661373,0.8139903449530056,3,18,4,4.009972410864893,63.75102158071613,2,5,2,Operations,87.58310899416075
25,16,9.099966239055313,4.505571043873803,18.057579836061183,9.539455678372764,1.2144059767609139,0.9771328644405226,4,39,4,3.9195837899116355,73.17311290341345,2,5,5,Sales,99.77395387166406
27,19,6.409162635722076,2.6226402422369426,12.75235771981895,10.231098540899128,1.4063674643172968,1.2044529548633682,5,31,4,3.1910761255190616,66.97298644543325,8,8,4,Technology,99.90734820822674
45,17,6.435804821843087,2.502549045841775,10.164391541247054,7.625563057923162,1.190760943870853,0.8308354274523732,4,28,3,4.1087293197174475,92.92360840521795,5,6,2,Marketing,96.60453210064706
34,18,3.33057112921063,1.4137871794033827,4.8299660725472,13.347578989151913,1.92322125798523,1.4029648963670354,6,16,4,2.8151300552323204,80.72810517458097,4,5,3,Finance,78.83662211053971
39,15,4.355280906753669,2.2883165639893708,7.013464143517207,5.2718588782086435,1.2674549979051346,0.7321671644209439,3,31,4,5,70.0737479960643,1,7,4,Marketing,100
49,17,4.89308983835591,2.416508406157661,5.567064452475948,9.37364359816717,1.581344766964394,1.397599612907197,6,20,3,3.302527123779724,65.19351416444164,5,4,0,Operations,93.10884110999437
49,18,6.559798625781257,4.011539178037014,8.625839031312829,8.140645013027891,1.2337306647417914,1.1272487857492952,4,39,4,2.7766544955854284,95.39789026618146,3,7,4,Operations,100
54,16,5.085530007736062,3.009150743411413,7.888572593941602,6.523255507067214,0.9389296323605666,0.8478135579963274,3,50,4,3.7097778234557888,69.17286407445347,5,9,5,Operations,99.87702226251257
28,17,3.6357091915742807,1.8896306330912143,6.4022829045443626,6.990479231396536,0.921366436827609,0.9680412246100923,3,19,2,4.978228066603415,66.54857220067632,3,5,1,Sales,74.60847820331557
35,13,4.548546476238289,2.8189553915225907,9.165428508919268,13.473792089972743,2.1082491895089577,2.2453711991931495,7,18,3,4.789388055070577,77.21191092020662,3,3,1,Operations,88.62606405170371
36,19,7.557415126319403,3.602220233699192,18.27020179738151,8.250284803184227,1.707543507000299,1.1110416608671285,4,9,4,3.098692862511283,62.32283800888693,5,5,4,Operations,99.23841896063918
37,15,5.146399986545065,2.722898652360164,9.531457799984477,19.68047078066976,2.3745307806838176,2.3116370036022746,6,18,3,3.8302024385170497,46.70062376690753,8,8,1,Technology,99.99896384257475
31,16,5.842377472693962,3.9435741002828597,11.398906754195485,8.822408896085827,1.403060903260301,1.4807782766203645,5,16,4,3.5974015024037036,60.62324946647808,2,6,2,Sales,92.05929573049833
31,18,6.500275498676732,4.609149258881082,15.132989902340572,7.224301390443215,1.2612580513557705,0.823513812335629,3,57,3,3.2011375201850027,36.495109182127386,8,8,2,Sales,100
56,19,5.570379498033472,2.7005026124056175,8.85098581206429,10.476260046067457,1.7564896149103855,1.397628938347201,4,6,4,3.808604902121184,57.954036718855,3,4,1,Sales,75.04284087894621
27,19,6.544594594570457,2.8922944253408733,11.83301342171305,14.403942739353836,2.1258271108342823,2.1484867508151,6,59,4,2.776536501540551,46.47759133309737,7,10,5,Marketing,100
47,15,5.582450952420821,2.7037464426384883,9.323882357119139,8.178498640204815,1.2868246816227276,1.2060760440026226,5,51,4,2.415299438394628,67.70836596569094,4,6,4,Operations,99.93245434623154
32,16,4.408213855377147,1.9087588251712129,6.835865428892229,13.183793962495876,1.8592988635350323,1.8204450045814657,6,41,3,2.9931495814357896,66.71153979323816,5,5,4,Marketing,100
59,19,2.80675156149417,1.7020814800135378,4.61890820797499,9.973208767389396,1.2473969396631053,1.4219863785711355,6,27,3,4.381884101323693,56.76838480353712,2,6,4,HR,98.62123931648762
31,17,4.688822236496597,2.4818307958475545,8.837165888357262,13.147325869362371,1.903012109270793,1.9137345968985013,6,24,3,4.612547680216843,71.18789234224079,4,4,5,Sales,100
41,14,5.767564878617348,3.2891184760972285,11.578503037265591,8.445083231410697,1.0657811054907111,0.86876054128738045,4,65,4,3.4997893955457404,55.403899861688856,4,7,2,Operations,100
29,16,3.299678691636861,2.1937927862284,6.48690478285605,10.509142734137503,1.9694644639743835,1.172217781258771,6,27,4,3.0927242612936476,80.76632548985071,2,6,4,Finance,90.69046547985342
25,20,3.8494616362880776,2.094892104220541,7.4197612102388435,23.04621536171011,3.0170073996448132,2.6094377767374164,9,33,4,3.1121546853226802,90.73158103981761,3,5,3,Marketing,100
37,19,6.992181382845534,4.0136985504894955,10.044977451230002,14.389907753337798,1.8825574735385842,1.547137820972542,6,37,3,2.9034678021097693,77.57060708911975,3,8,2,Technology,96.62118721425347
51,16,7.418588107638873,2.664881417282951,9.386058936517912,13.261333055501371,1.5506632987136626,1.2822784467487294,5,38,4,3.078499352970353,57.49709221353299,3,6,2,Marketing,100
41,19,3.992502574130884,2.6743647039965066,8.463885034104536,8.809081492449895,1.6235490030945183,1.3590220445286194,4,16,4,3.203845415083101,40.568843792322056,4,4,4,Finance,87.82473691842762
41,17,5.954985994896308,3.692325525192847,13.689557174354965,7.346469301909988,1.639768759553478,0.9606260773066521,4,11,4,4.0852342556009384,74.64878684233932,3,9,0,Sales,100
22,16,4.403047781990465,2.198951739809602,7.981601937932278,12.525013970914749,2.113410595873325,1.5365668293978152,6,45,5,2.789517653119578,62.45976799285416,4,6,0,Marketing,99.21588178020406
34,16,5.183327602111775,3.4926001220056286,9.231904960300874,6.783282462979613,0.9539747860214048,0.7143951498487734,3,17,3,3.825033218950816,38.99925831792869,8,4,1,Finance,82.06206742606223
27,19,2.0865947539167644,1.0927268807629698,2.7212464423376233,10.854220980796962,1.9659519496759135,1.60149638456895,6,29,5,3.584917941640017,49.67755556196736,5,9,5,Marketing,99.88313513086389
38,16,3.889998185666935,2.816462803211595,6.905969817894214,10.075983539308833,1.5129263180874466,1.0465425192120652,5,11,3,4.094779846408443,56.34397596693824,4,6,5,Technology,100
26,15,7.1210215374405665,3.3267274146874075,12.815693152993987,8.477232775764513,1.4698601340537154,1.2138059315252974,5,45,4,3.4084155253938686,67.13396823175539,3,6,3,HR,99.9533253401341
39,12,7.699082295064948,5.56059865875296,15.989909012887686,10.792899344861658,1.5390393603008985,1.768738468743232,6,17,2,4.118403276882518,49.8226930149823,3,5,2,Marketing,99.83410107774674
47,19,13.108828094763265,5.849255998170469,21.864609694510758,9.507407098166087,1.6549963542978832,1.283746126298298,4,15,3,3.8793489970146613,50.38246051129265,3,5,3,Sales,99.7212099438509
41,16,5.049755401016129,1.7733143530993152,8.169888812773221,9.696631852663225,1.7679900226260687,1.2299138732951167,5,42,4,4.493144572164434,100,2,9,5,Finance,99.95437071835077
35,13,6.913868492353126,3.907807393216536,16.744728563925406,18.74412158720847,3.480192960257168,2.794236006846901,9,38,5,3.414106116684033,60.00215346147006,1,8,3,Operations,96.60894649616833
33,16,3.9059324711986516,2.3803743468997833,7.5984103103062255,5.651626869033959,1.1505840729454608,0.8189167544008793,3,11,2,4.400802903245539,81.09212721678949,5,6,3,Finance,78.1250177488358
39,15,5.619597686712129,3.5779943368922345,12.246572268916921,5.127189586671273,0.9475029038442548,0.6484726351703018,2,30,2,3.8153772354185613,55.92210295017659,3,2,2,Marketing,93.57002128877338
36,15,3.662980413116402,1.482561421197766,5.59434357285974,3.4,0.7998845255105695,0.543611783816121,2,23,2,2.0979881008436356,40.99542883163413,6,9,5,HR,89.45857749742112
33,13,3.2962448385520093,1.5808906388732367,3.95149608180691,8.52117720229375,2.011752571370912,1.5340340746462646,5,22,3,3.612614996243946,52.389637372655145,7,5,5,Technology,93.2789762519502
31,14,4.966792607817501,2.1086875137645227,6.4107835005807505,7.917949100518498,1.522527380544609,1.3473387777213104,5,22,4,3.777690097670962,54.83617634275464,4,6,5,Operations,99.83971324348447
27,12,3.92332588325302,2.570243913609815,9.158210552539089,8.389973874023596,1.1475100922174586,0.9256255461552152,5,18,5,3.504558828325124,61.02574760143583,3,6,3,Finance,88.64242828454667
32,16,3.2212977416984163,2.2324791101351047,6.763528399145021,6.635413632567146,1.0835343744155133,0.6185468597173993,2,34,3,3.593597024964977,58.06673730348129,4,7,4,Operations,98.5351802596128
27,20,6.060970736583956,2.4651576843243066,10.24873785033238,12.183034535170206,2.372674824329765,1.6999449259570236,6,38,4,3.895182166384512,68.5697978619711,8,5,1,Finance,99.87649510700714
32,19,3.3430258298780595,1.7961220600898025,5.2886551587933175,14.268953300122668,2.4842594757100995,1.5587793164732229,6,21,4,3.4869294349330135,73.91175246027429,7,8,5,Sales,88.12989690640005
43,15,5.3137911624815946,2.3821681434886623,6.885970831684849,7.661268499463414,1.5757375865895322,0.9959680936956631,3,35,4,3.5085311296515336,60.551751674112026,5,9,0,Finance,99.9570484179809
27,12,6.73710377725562,2.6064039318139995,10.819768605091257,7.794261877898775,1.5082832134119715,1.155625601503827,5,48,4,3.4022351095532586,61.104771758774255,3,5,4,Sales,99.8980010608941
28,14,5.000225737635945,2.4898761379602288,6.935933112709874,16.733981737086697,2.9478483009744347,2.4019976525662834,7,43,2,3.577672290558578,80.61948489786388,3,6,0,Finance,99.80930915815995
44,16,5.387435421776807,2.6600949482196374,8.44338974097488,8.178758378377992,1.2409156230054772,1.1527474536640012,4,9,3,3.1573577188891973,60.29730454418543,4,3,3,Operations,86.29974395812438
44,17,3.6472761494979977,1.4805035540227658,11.329815245460924,5.997032231956954,0.8826032436775163,0.5865796532571605,2,32,3,4.101992509778632,42.102456069794506,2,8,3,HR,86.28592091541812
32,15,8.09438396960378,4.276496270859836,13.16852251135027,15.55843320295479,2.4642011627380334,2.4578935538606923,7,26,4,4.192317769742686,82.6443567645524,3,5,4,Sales,99.13608215600024
37,16,7.533294956046118,3.6228760213746454,10.182693579265573,11.19419113881099,1.6232209125853363,1.1717832113115896,5,26,3,3.5910912284324916,87.19807305184634,5,8,5,Sales,93.68942493122016
31,15,5.675459582467333,2.7049457039445763,14.557202008759507,7.415839792767385,1.1452808853715288,0.7330479117908661,3,39,3,4.166264135878887,54.502936303250834,7,2,2,Sales,89.16980893147999
54,13,4.176078302050301,2.9867259845130505,8.410206483571663,16.87774044582808,2.576286739506836,1.9239915126000986,8,20,5,5,51.04391842658042,9,3,5,Sales,99.9896605046944
22,17,3.4864197562794894,2.393241582205786,7.143094024325008,20.083664110504756,2.4028382619281117,2.3552724319715357,6,22,4,3.5193101327480907,70.87138410545106,5,5,2,Sales,91.3321271073908
39,17,6.090175598755066,2.728325360622568,7.2776905031702475,12.001174904331812,1.6637443775055578,1.5619014439595191,7,27,3,3.1993978849397875,52.961583693416756,3,5,3,Technology,100
41,18,6.505481589112785,2.783929587833868,9.516586873354482,13.699114786190039,2.1856196187203434,2.1425007797697977,5,21,3,2.07186059724871,51.51101871301774,3,3,2,Marketing,85.64822138905814
32,16,2.8773662488240235,2.168411872304081,7.367178905069073,6.618299097959464,1.2756290556185204,1.0626516491432063,4,6,2,3.4873083596023466,51.39634841863587,0,3,2,Operations,72.5048148482741
45,12,12.794569023306781,6.364896270082102,20.30167174885904,6.635672378787102,1.2921690881218997,1.2054626580525871,4,65,5,3.882575931362286,57.02656991586265,5,9,3,Marketing,100
41,19,4.826140319300926,2.770933376438232,11.368391080405216,15.97944044046052,2.476115463831998,2.103765434743142,7,22,4,3.883974635955345,80.4736894976293,3,7,5,Finance,93.68633182147438
38,17,4.921504363850406,2.848554673320092,9.339426067787556,12.959653700680338,2.1121023613826617,1.8681813246232346,6,30,3,3.4132325279442206,68.66215438001093,4,5,4,Technology,100
34,13,7.2526027777041415,3.8127434921974563,11.090465488042899,8.531698809731989,1.4199467760321571,0.92592237293821,4,51,4,4.0821811108423764,55.93822782389465,3,5,3,Technology,99.99867832925158
28,15,4.52308791644845,2.933402809649145,8.66006348702543,9.922767481949759,1.6895329499498828,1.6948047546255904,6,66,4,2.595410567540126,72.31575846266672,6,9,2,Operations,99.8646952651002
28,18,4.0164636883625775,2.687538079014543,7.266828537890864,8.043117655682597,1.2718691473761836,0.9027574902394913,4,58,2,3.0115179819997007,56.50236273448946,5,7,3,Sales,100
37,16,4.421856317534821,2.0971487476558757,8.485394152597475,8.732249727584758,1.5061139133952495,1.1486854604032521,4,36,5,3.0863541060203143,82.59122911956058,1,7,2,Sales,100
37,19,2.6021791779906347,2.0148585081205863,4.657577221176729,9.618600369485604,2.0377739655666347,1.3253932008830014,5,34,4,3.5032629724457176,75.60934371967963,3,4,4,Sales,96.94178501156969
22,18,5.384913388142517,2.9282700405923396,10.447097897598592,8.68416584040096,1.571332168109709,1.2044143507878822,4,20,4,4.999640480631976,53.68666067562403,3,6,4,HR,92.0521322343848
32,18,5.211892873825102,1.9045764697965257,9.397726637472715,11.151305760268293,1.8330690928367745,1.2129786311275659,5,5,4,3.2056478264078168,60.32813163059184,1,6,1,Technology,91.53155484570323
39,17,12.702078274763846,5.634622673470885,22.149398094524685,12.559105404243335,1.800365305417641,1.2936403847116489,6,40,4,3.6945147379286145,72.3830115721847,2,9,2,Marketing,100
27,16,6.707358288926217,2.516304938138884,12.118558486161504,11.393883132895825,1.6959804879753329,1.2254159663300077,6,16,4,3.4171933300845945,54.56683285441283,1,5,4,Finance,97.48653698279766
27,17,4.264670460712708,2.535917941714229,9.302266366828555,11.646123473041667,1.5506922564096528,1.7426605840058609,6,51,3,3.8132802982892224,61.67675508768108,1,5,2,Sales,100
33,13,2.2615346552825693,1.5029617826002928,4.060796804333938,16.91786264413276,2.618458499806117,2.2901751379775983,6,36,4,3.203810241990248,45.88824115230936,7,4,5,Sales,99.80235939238845
44,17,10.300144589510735,3.524434243516612,13.385148609119566,9.040506458023774,1.5453675695912183,1.480921648012445,5,38,5,3.3090221265714326,61.46807240929332,3,8,5,Marketing,99.87413598495618
22,17,5.395383484547183,2.3254669577202436,9.993323742857516,15.254180573900076,1.8917660942022565,1.857124186893296,8,23,3,3.0048684757657633,80.83052042677534,2,6,3,Operations,98.71374739348087
28,17,4.60558539390545,2.128325075785174,8.463620492738247,10.647440125630593,1.231101178535654,1.4011207285348006,4,43,3,3.691376496633291,51.64203252018241,2,9,0,Technology,100
35,18,5.005309885661564,3.8788573762636314,11.880655965099422,12.1974894168076,1.895573649805563,1.6280586758101094,5,21,3,2.921452403417682,48.292115731836944,4,6,1,Technology,100
54,15,9.848900074859719,3.8475715425864485,11.406654098888245,11.251844698034315,1.8985971382486648,1.4096469347967715,7,34,3,4.919126323340375,45.707441997417554,2,6,2,Technology,99.98045141649844
28,19,9.208993097782932,3.679108985906518,11.984407999377423,8.498202882259035,1.3203748343671933,1.1194289949230922,4,18,4,3.9116445803371813,45.2916673766929,5,8,0,Finance,100
24,13,7.961855161748954,3.7054430024805605,11.726317929337695,9.500197980651185,1.2311227079060492,1.2375040649264553,5,36,3,4.014183845337113,67.16989265593119,2,6,2,Finance,100
36,17,4.432221621978786,2.5109525292372763,8.057903896139162,6.257055435708176,1.1826542586697792,1.0014526040720075,4,21,4,3.0304392949607584,71.28432575021077,3,9,1,Marketing,77.87660954784022
23,19,8.701056331167566,4.112161389942418,16.759017516753683,7.922129466326841,1.0025866526817133,0.741999748836767,4,45,4,2.9998609093731265,50.80638855223548,6,5,5,HR,99.97931174653063
38,17,5.031844786412151,2.289506183155944,8.807769389780812,6.983575575479244,1.360650697574414,0.8577309504411773,4,16,3,3.893054295806685,59.490813245887594,0,3,4,Operations,93.63655058158481
40,18,7.96805083867505,3.9842259629328836,10.767474548003557,6.380531494968006,0.9225997285863499,1.0861188778958317,4,40,4,3.3059544712245774,51.9540296595499,2,9,5,Operations,100
34,16,5.291705415440775,2.4096095343709645,13.14384076600085,10.799943421957638,1.3583985924230813,1.2141010806454307,5,30,5,2.589842717251601,65.57971124503007,2,5,4,Sales,99.95923835456611
43,12,5.387778954568547,2.7548517018595815,7.534371729529922,4.606448663656044,0.6829104637160124,0.5590369221492212,3,52,4,3.715541396226234,57.61305496991757,6,9,4,Marketing,92.30958965076779
35,16,5.0584724105659795,2.602660281780068,12.085421890990958,6.143699799183885,1.0364537274882921,0.9638291509655105,4,44,3,3.6237042465744507,99.15098518655641,6,5,1,Marketing,99.86162180912376
47,16,3.851314505680076,1.5266180631785367,4.787246671798409,17.098710385340038,2.6508656696369117,2.0186860573328285,7,16,4,3.2664712374340423,87.76227318005937,6,4,4,Sales,71.56847139199277
28,18,5.373411106286616,2.6375152077226987,13.679613103226812,8.902006756765154,1.6645850345401254,0.9956563554150372,4,22,3,4.497459810541814,40.67466703427201,3,5,1,Sales,98.36623288391749
37,17,3.7259886046983075,1.612338769702717,6.761594526636739,9.1833107526910691,1.2647236583192427,1.0390254692408138,5,18,4,3.4967154335886668,74.97765553333434,5,6,2,Marketing,91.15544200402589
30,12,8.701517055644473,3.605400933211467,10.590941809090038,7.586371337392453,1.4078588912219463,1.1483380549219044,5,23,4,3.3833694403861183,62.24195586313736,4,8,2,Sales,87.15530605209983
50,16,3.49083688387372,2.0662496516456286,5.264511383511839,16.463772262237978,1.9356786265075838,2.160556340827867,6,22,5,3.2841235674715574,74.98997856466993,1,9,2,Technology,94.63856237036629
41,17,6.6807688559229295,3.135738121398686,13.856463404796013,6.649283457489462,1.228154967602782,1.1191940829722409,4,68,3,2.903694192846593,29.509894019052524,3,8,0,Sales,99.97052625944661
34,18,5.932734333096313,2.7010879721596748,12.291857737829096,8.970116306982938,1.2078727159451206,1.2652203776282696,5,42,4,2.598579718484338,44.86394876263412,8,8,5,Technology,100
50,16,6.794657768313892,2.3072557749134788,10.824843489266247,9.84729581136888,1.4671718879881561,0.9725464817341363,4,10,4,2.1857118779536115,46.69408977225802,5,9,3,Sales,91.71807997300836
42,18,6.450758147574603,5.477200445701387,20.539285647902627,9.849889538039049,1.9911612147757793,1.761761145431013,7,33,3,4.212132524868834,37.97342884755819,6,7,5,Finance,100
34,17,7.965482333559272,5.018725383909922,14.49604982284208,6.035603295678451,0.8987631415381896,0.6837181020984705,3,30,5,3.9877632102283704,63.81234054462677,5,8,1,HR,100
36,19,7.248968541033705,3.296379669726876,11.885487031785914,7.372214839201031,1.3432542527179552,0.8285759906688895,3,22,5,4.1968266334964754,34.51854021261958,4,8,3,Finance,100
27,20,5.497782357798571,2.3037493423600015,9.653613578171395,9.911880359358076,1.4605291910571814,1.4709040883387734,4,13,5,4.9998986666296545,82.73196442420753,7,4,2,Operations,100
39,18,6.293870349215169,3.2361614412774276,10.517396800396359,11.020898996139747,1.3796585921430822,1.032233651127102,4,34,2,2.697104014375974,51.26528230380089,1,6,1,Sales,87.10840700693883
32,16,8.39258084659625,3.1152434863215674,13.475287068657927,13.145695246480587,1.8061062999333306,1.7257643517192207,5,57,3,4.083950344160473,55.78882427971365,1,8,3,Operations,100
49,20,7.3136419998621705,3.469691442591309,13.000415444985773,10.974606264652644,1.8411487890896667,1.4782947990707305,6,21,5,2.6984479069762752,76.58955805716377,4,5,3,Marketing,100
49,19,5.075277527369657,2.8814754441247685,9.396703632584442,12.472745865958048,1.5773523737380963,1.3228483737302232,6,46,4,2.9756896387636536,20.209953941116844,3,7,3,Technology,99.90983858587076
29,17,2.138056776075831,1.2851911071328617,4.540856256459833,5.8281884153521535,0.8124875335570603,0.8139764308387909,3,30,3,4.691902188418471,75.83856710419303,2,5,0,Operations,91.01214898539048
35,17,6.9076374017568165,4.420158699829032,17.186016994961356,5.467892232507592,0.867847020837793,0.65514329616811,2,59,5,2.536299029853718,75.08681672220865,1,9,0,HR,93.53116759762666
53,16,4.80680788725143,1.9873352944332254,7.065625425124758,9.928673357893366,1.8657382700012635,1.2466878906832437,6,51,4,2.8792634627508584,59.00226084798863,6,8,2,Technology,100
40,16,3.9520586228096697,2.0040466648604824,6.284479733278649,7.726412292639769,1.5204631986963266,1.1567047588738777,4,19,4,4.877412636663462,55.592576689856145,4,7,4,Sales,94.41768042880896
22,15,4.612836449246213,2.6967770070041612,8.553492754914487,10.257732661499302,1.578564237650923,1.5800102623286187,5,10,4,1.3958667240654268,32.189870513643804,2,6,2,HR,100
25,13,4.325875443374449,2.096410617058,8.932163969868835,12.842712399574381,1.7290344976621141,1.3751964245748811,6,68,1,3.489924005182033,49.72108218126049,3,9,3,Operations,100
35,14,2.4672753647275147,1.6269144157463953,4.131170185805073,16.989586162001295,2.6528998491727087,2.422286225068643,7,24,4,3.7834932402248462,69.3804456969887,1,7,3,HR,85.52247580192189
35,15,2.497050551920561,1.690260775721002,5.8517746568972955,9.005190355087093,1.2901075170590606,1.2542541797959565,4,24,4,3.1014171403903763,67.30363222778713,5,6,3,HR,99.93376224088972
30,18,8.894225798112714,5.142291602813069,19.984429787193434,10.0026728926185,1.7082721126961682,1.3422133340361642,5,48,4,4.408860934223155,61.69312900862753,1,5,1,Operations,99.97476454672997
40,17,7.714654378952474,3.0946248066520865,13.42977020815888,12.800950553114003,1.5881005886860873,1.5346778073876537,5,64,3,3.893660369349027,72.14942302173306,6,8,4,Operations,99.85577334620143
47,17,3.404636885236862,2.407249504246703,6.485164563108151,6.78786805226586,1.3720580824322992,1.1164940857877377,4,35,3,3.708660334429449,54.91792498480848,1,7,2,Technology,100
46,16,7.423140270139916,2.4083049873696813,18.471193305762316,15.303347113619566,2.0083653009286078,1.9313596668620636,6,17,4,4.505324904374748,35.54943698382736,2,5,3,Finance,100
50,14,4.094142745655919,2.708247323469064,7.047311055840523,8.107876538371857,1.5416867686349847,0.9258977485029418,5,32,4,3.6059594503155283,60.82177210209133,2,5,2,Operations,96.8661961375738
26,16,7.886980929288294,4.616803440554622,15.177839181869722,9.227830321373,1.6926131757383818,1.3001333048766164,5,55,4,2.3171097251426933,76.4356981991037,2,5,4,Marketing,100
35,16,8.432577600880661,3.8096409142934187,11.457420290431475,9.102654854581706,1.4699511593518901,0.9134926653634928,4,60,3,3.1870362401767967,72.87545922030878,1,9,4,Marketing,100
31,16,14.232188457546139,6.897072184673312,28.10992818669318,5.995463160808492,0.9203552642250036,0.7494749991870736,3,32,4,2.999979603384313,47.59285013389024,3,7,2,Operations,100
27,14,7.431044543555927,4.881237569154233,9.702836505345234,11.358732785613622,1.8440897133190093,1.5945269347665942,6,40,3,3.6044601501003912,54.76505550603718,4,6,5,Technology,99.989598405849
43,19,2.9094815549891675,1.584690582828762,4.626747008853031,11.270110853372783,1.8729154125076661,1.4931159432251953,5,25,4,2.88574198986612,43.21461143944099,6,4,3,Marketing,99.76950957859182
38,15,2.7649942705808526,2.106885614787769,5.951405878109783,11.177400831711449,2.4247287144698455,2.1376233845001225,6,40,3,3.917764428574875,20.28495758217192,1,6,3,Technology,100
31,13,4.633835786662004,1.8646225793015532,4.71440007237488,11.009514964485257,1.7931681167334859,1.1515173317904597,4,45,4,3.208013814839441,27.37277567552868,3,4,2,Marketing,100
40,13,7.193530500464592,3.5119518200743713,11.23575677650804,16.80864190011776,2.541206235154099,2.2620427475990064,7,17,3,3.5897892080849254,85.18823552495451,6,5,5,Marketing,89.55652044274936
31,15,2.4676332701197627,1.4759250454876838,4.331648862930243,6.594192131804401,1.1075387365422673,0.7349792584480056,4,18,3,3.4001871236058925,81.02472213550996,8,5,5,Technology,79.21357346766871
36,20,5.649248195603241,3.2802342986307824,15.34390121015098,18.57447156075185,2.6002995355842864,2.4714299799913144,8,33,3,2.9776841385817434,58.90780043478805,1,4,5,Finance,100
28,16,7.769674784930473,4.494774492661545,12.257862225032573,17.436509204971035,2.5099248333890993,2.158800039270715,8,7,4,4.110384659982847,65.40713336747888,4,4,5,Sales,85.4403718728588
39,14,8.626648364382126,3.3058709896674667,13.644139210087443,8.539525568147686,1.308293349809323,0.8896486177593762,3,22,3,3.6859702449314615,49.814841223448,2,4,3,HR,99.99385348860557
41,16,5.988277775797289,3.5232136258743365,11.075075733757638,12.187138730904188,1.9616277553670003,1.5010426927373484,6,12,3,2.606973344028545,76.83681319870088,3,7,5,Sales,99.70082338643437
32,18,10.19905055535125,2.4718110565526352,12.058556369421792,8.36902833027964,1.2988806422916475,1.1900162482003442,4,27,4,3.6097432545186825,61.7802290183787,3,9,3,Technology,100
27,16,4.054127911440005,2.0821315092649724,7.116933004651905,10.180879114455372,2.1212923996796498,1.898225515773661,5,15,2,3.5141088711363766,63.88392824081983,3,6,3,Technology,88.78492530758761
33,15,6.3930203033500606,2.812980758369372,10.8105995389883,10.35812463716898,1.5453204568480607,1.715061858340847,5,25,3,2.5117113207316395,48.87182822792278,5,6,4,Finance,88.17860470872914
40,15,6.5477144063149195,2.891954046106809,12.631546613166844,8.223234655720338,1.619815401187922,1.3334776067743574,5,21,3,2.708867250529962,35.92635942367764,5,5,3,Technology,99.62161566665365
41,16,8.125839867227377,3.3165782838396463,13.21968991159077,4.6692035437419435,1.1094974298132723,0.6390537853957052,2,70,4,3.0034192624203326,34.97875071092127,7,9,2,Sales,100
42,15,5.448400118248929,4.2055750513092764,11.839185754296198,11.114150230897042,1.5216472087727533,1.3900405301612342,5,34,3,4.533377510341803,58.07315072152426,5,7,0,Marketing,98.04063880627406
22,12,5.732075766542678,3.7792359573512693,13.431493483471975,10.199624678619946,1.7920484987767495,1.5513635492660656,5,26,4,3.82144018039256,19.945537452382396,6,7,3,Sales,95.63217077834466
29,17,8.544918724541144,6.022315885256174,15.932125237341133,12.037472596456716,2.0538143586191304,1.3665449971048889,6,42,4,3.814028475516297,76.80609618910886,3,6,4,Technology,100
37,15,11.446580958972785,4.294377066237995,14.702148394767704,6.998051386241696,0.9535503761760022,0.6702294106795492,3,26,3,3.9984186044457535,25.650504158437467,1,5,1,Technology,97.4898450896167
27,12,4.879082821808283,3.0843397391712255,9.37882499886943,9.282557984861041,1.774941026627384,1.5327649212047263,6,30,4,3.1170768358447183,52.8525791991792,3,3,2,Technology,93.57999757515786
26,16,3.1625252394803725,2.152609546817905,4.915177593322585,14.390178339822908,2.235039641159192,2.232059389783117,7,74,4,4.99569498911812,72.0200597567165,1,8,4,Sales,100
50,17,5.487909213934007,2.882915418008404,9.575144230830384,9.156556925353005,1.3891022606445274,1.219262798460583,4,32,4,3.798675195007635,62.606608844291046,5,8,5,Operations,100
40,20,4.173979089513028,2.2932413313708158,6.2178249934665395,6.838886969719588,0.9898301672571381,0.7321763426495651,3,7,3,4.412785711371539,47.402165323037195,1,5,4,Operations,82.754528470573
37,14,6.5374737197308015,2.7716873840404954,8.879801836372488,6.396440559604916,0.7917678242714006,0.6227103040727312,2,33,4,3.8898859678180235,83.93744112193991,1,8,2,Marketing,97.1071408531734
42,19,4.570386526642314,2.2236599617030324,7.447056965056298,9.451664469806456,1.721496869570721,0.9322119379636213,4,52,4,3.488475187941531,80.9613979734519,2,8,2,Marketing,99.81812002387304
38,18,9.818071391903466,4.016730742015372,15.386971376571104,7.2017859886546205,1.0875401777250233,0.8175926494367414,3,43,4,3.966687821948363,59.85769322629591,3,7,3,Finance,99.95875207194943
48,17,4.192261571061127,1.9905371049178966,8.001589439692703,8.443218638767789,1.439023333661282,0.8452671327788478,4,15,2,4.218751583628954,37.67864772334443,5,7,2,Sales,87.72928366077024
40,17,5.315022185183439,2.8116633428823685,13.375226735886702,12.991309246980997,1.8853872715827127,1.389534925026199,6,36,3,4.004554686252212,32.671110541772855,3,6,3,Finance,88.80332101753604
28,17,4.955139275903831,2.397964878129412,6.7863608434787634,9.592941608131657,1.6409415430327319,1.1995933255685542,6,45,4,3.705645037712419,55.22822465085329,4,6,2,Finance,99.72230909029376
43,16,5.120586102496368,2.6295266386761846,8.77461768164186,12.271615018755007,1.4747197185491978,1.7302920760034306,6,22,4,1.9936529648251706,57.495479711809345,3,6,0,Sales,89.87042693628415
25,14,11.272023280976113,3.4852008428793764,11.272023280976113,11.311216049612478,1.8204874456287157,1.326845532390601,5,39,4,4.6886779666425475,51.81265652842455,5,8,2,Sales,99.97331279793926
59,15,2.4857239901695785,1.3865813548692467,4.02590971119618,9.791996496866284,1.6055461214852238,0.9272606309035089,4,61,4,2.3079765151871285,46.494247834971965,2,7,0,Operations,99.86325058416871
50,14,5.322060011646968,3.225507956026817,10.37726871496876,5.8399310940074605,0.95640279923075,0.7342882649951222,3,14,3,4.680299564576343,55.47450300943548,5,8,3,Finance,90.4683593572448
29,16,4.100834668708107,2.137788864941837,8.20455557335578,7.496232521697526,1.292914163939008,0.8998281606136826,4,32,4,3.6078769021904846,71.22102277068586,3,5,0,Finance,84.29170355734028
27,17,6.4975080523535045,3.8059036571978377,13.309132111560242,15.962195165096935,2.01921218996494,2.0375123457911934,6,27,3,3.092888230961494,73.1435632469545,5,6,3,Sales,84.90853544736294
42,16,3.513536038029945,1.252514879351273,4.927169105378054,12.118309098783463,1.7468053110399093,1.4945758794377477,5,42,3,2.7984807757914907,59.705655573561536,1,8,2,Finance,91.73479442843802
45,14,5.345224882025875,2.8253957637336593,8.228788707548526,10.686615022589184,1.6144106172684973,1.4317801557008296,5,32,3,3.13005379764174,86.12569423784522,7,6,2,Marketing,95.57361040111346
44,15,6.227464472134977,4.092645387693925,16.257082237147134,14.607868969533035,2.24884371969339,2.1928535771479467,6,58,4,3.5062956255884683,21.489401387658326,5,9,3,Finance,99.88851064406123
39,15,5.101717741613831,2.699800226296612,7.275726080436005,12.385880352911514,1.6129066279481181,1.288609376643697,5,24,4,3.6808335586151384,70.32194529906062,2,5,4,Sales,98.20513632887197
39,13,4.442940242294289,2.9278900194461084,8.197651467520297,13.825388462700989,2.056516433673651,2.1724688306568534,7,26,3,2.8911505280897476,50.89686677418528,5,5,2,HR,95.60766101230571
22,18,3.263914801779583,2.2939681341199467,7.274849989437642,5.569631117331769,1.0164145214911933,0.7487386867283737,4,29,4,4.303294701215341,52.06891017213684,2,6,0,Operations,93.38920321965662
31,17,3.904786854586831,2.8274624988084245,7.460221821540743,11.346783289890121,1.7524564290041382,1.3697193863928177,6,13,4,4.71426815046911,79.20508605725261,3,5,4,Technology,89.92315290477931
43,18,2.4103451232441127,1.3907648674679598,4.15031112580836,7.069385451827674,1.4300067030885109,0.8529941139594965,4,59,4,2.9202888920779126,89.21639293155194,5,8,3,Marketing,100
51,16,8.62734747804425,2.775118984861807,11.482714004153772,8.968161843871073,1.1927548253004125,1.1557892919228254,5,58,4,3.7022147206249136,89.76268999730256,3,8,4,Technology,100
38,15,7.396839576580819,3.59115385335681,17.239781098247835,13.533467985025727,1.9317205606188206,1.4974240880395109,6,13,5,4.524242574565783,56.24327947895098,5,7,3,Technology,96.33175468081504
28,17,3.7851991218843453,2.565725429421647,9.648423859331594,10.765186093230081,2.044715086694269,1.1509285645532727,6,51,2,3.1147066189904113,51.123912791894206,3,5,3,Technology,100
36,16,5.521822907262886,2.736971486624628,9.28202759090495,13.248491318854061,1.9268932954900395,1.874819823888139,7,37,4,3.233006613384278,51.07422688198552,4,4,5,Operations,95.87660769973907
32,15,5.2872586712056835,2.827242631507706,9.795122209934124,9.190232773937751,1.3313469078649356,1.360447386255706,6,23,3,2.6835112693039544,44.61518856209058,3,6,3,Operations,89.76876765289468
45,17,10.440993920882688,5.462306036675755,15.070195531263735,8.656361472302859,1.7232999459559801,1.2185369126256829,5,28,4,4.391801551362269,58.750621088941536,3,6,5,HR,100
35,16,2.440706449497264,1.3196604310003437,3.7210653291292752,8.201684974017136,1.662321301582272,1.0550882014864267,5,17,3,4.283937868424053,75.03624817056982,4,5,2,Sales,79.29388885393746
25,17,3.725628364585683,2.1094093271081023,7.3637853630082715,8.67146822397793,1.6994882608657262,1.2279048253544842,4,16,5,2.9911915997619567,49.925330212197125,5,4,1,Technology,95.90291686429177
42,18,5.188140394977019,3.0217064044307866,8.79329917638721,14.735937628178592,2.1420821875754412,1.6456849968439011,5,32,4,4.328838766323692,44.87299800912526,3,9,3,Finance,99.86547636901683
31,14,8.73484355028817,5.00083931377612,18.015987278307826,7.298572800258131,1.1064775417138968,0.8942592562830856,4,40,5,1.921058211036413,61.843875129159606,3,10,4,Technology,100
40,14,4.870726584426601,2.5960953506557063,6.1837770246494,8.496308856328984,1.127029329994593,0.9984619850402772,3,38,3,3.793223850054887,78.31620528912117,5,5,4,Sales,100
31,15,3.838720370700904,1.8083565431459503,4.174054337811305,7.138859736433558,1.1626185317237356,0.8563905336636151,3,17,4,3.718913139921929,40.10043171810477,2,8,5,Sales,90.09779235902637
30,17,2.8156865825595543,1.17889553841811,4.120452449295005,13.222787272651912,1.804541773198027,1.1575996096177874,6,33,4,3.6889676312880937,39.966480041870675,3,8,5,Finance,97.40153853952285
22,18,5.296654552606095,1.8189476829358402,7.4305577282202115,8.5257098035956,1.4906986160777724,1.3637440109198986,5,17,4,3.7191425938349574,96.26549722443549,2,6,2,Technology,90.42008531197561
34,14,8.245586274026373,3.8891062486460664,12.187591544566049,9.567692546996422,1.6874765099443785,1.3945673719054472,5,45,4,4.9967733710384055,38.719640361053614,3,6,0,Operations,99.87682749400376
27,12,11.775882546983931,4.731217037112425,24.53754302154385,8.538367549592815,1.4822457980527675,1.04852169669185,5,37,4,3.3180987203146786,88.29558572470931,4,6,5,HR,99.83627037513504
28,16,4.808139885565589,3.98571452456218,10.131367979696545,9.995014327348885,1.6407184698837936,1.3805120331945133,5,35,4,3.291392909855619,61.812092555764735,2,8,2,HR,91.97074860005517
32,12,8.506011774589458,2.8054279161553826,12.003370897189935,12.168216096512351,2.102468825374555,1.6476385928447173,5,24,4,2.788307832066484,49.91914559957634,5,7,5,Technology,100
36,14,6.852762042698602,4.393479356746876,9.794166389847554,10.413073042254055,1.6323976916907226,1.1772273149682548,4,22,4,3.587232001120656,54.46814884011448,1,5,4,Marketing,100
49,12,6.023419114061715,2.5161396213125693,14.320119147785135,21.54977274922601,3.054039106780085,2.6211947971022074,9,61,3,2.16916097588802,31.71469768448361,3,7,2,Finance,99.86407588492706
32,20,5.816147484719995,3.203427464581609,11.288240698874846,12.082139628344557,1.983768071050443,1.8326485790609273,6,40,3,3.627923882133232,69.43732347933543,7,7,5,Marketing,100
36,20,5.247160799774051,2.6047509980645738,10.175109560670958,10.059785517189331,1.599199789954677,1.2973370037166896,5,19,4,3.7971627137337753,51.57240427989984,4,6,3,Operations,87.35868006296229
47,14,5.888971563789742,2.8053915991818665,10.884608125644093,12.677259945041516,1.7278360879524128,1.7276288703546825,6,7,3,2.864738099947196,62.59543504828865,5,6,3,Sales,90.20505690550982
36,16,6.984781165576131,3.422831255252873,12.066329254079967,6.370780371575569,1.190785632692808,0.9573101579294848,3,28,4,3.2962434990442455,57.48831750323747,2,9,1,Marketing,100
33,15,9.30435073986009,2.841146488261283,10.459810704124246,12.677288030180287,2.1171019666309103,1.6744224940611845,6,23,4,2.580409288341895,83.7732100674808,4,8,0,Finance,92.77213505063223
33,16,5.307734402623978,2.2773157076637927,7.2413248373725425,8.194397094257173,1.6111915105128833,1.1908599173882763,5,21,4,2.721667759326344,66.88747535394958,4,6,4,Operations,94.5530123203112
37,19,5.95810398789664,3.123524949793592,11.615952112332971,11.915560730199088,1.9271295368098527,1.5329098449887413,6,36,3,3.4802038385523986,28.004770370890757,5,5,0,Operations,99.96229979205737
47,19,3.3457548953050718,1.8637287574943926,6.738478755174145,13.654365067750033,2.1429382163804993,2.082462524712295,6,23,4,4.805228428957749,100,1,6,2,Operations,100
30,15,4.993672609396003,2.8879457600354823,7.584062784651675,10.441078711427412,1.454507662290476,1.302641460614501,5,18,3,3.9985361793431276,53.14875508858313,7,8,1,Operations,99.87410595709954
44,16,10.367514258936437,4.990798242213874,14.941589033282058,9.968773587622449,1.4496904943315285,1.053780619046183,4,30,5,4.730618450501465,61.79402492463044,2,3,5,Operations,100
37,20,2.517870961523874,1.4838689926271569,4.844835032067343,15.886875245885193,1.894257984340957,1.8454855764174587,6,18,3,4.800287582266791,52.30438782635592,8,6,3,Marketing,88.41507267766882
40,18,4.053229319023335,2.4516005922318667,7.846130773542041,8.600090593280132,1.2046926966450515,0.8305340122334514,3,31,3,2.892572115877649,39.6542934563958,1,4,0,Finance,100
39,17,6.103082498568429,3.175459244159684,8.36076860075251,4.172609578665135,0.803829741641909,0.6326762224600528,2,21,2,4.17868747334328,50.15531644326167,2,8,3,Sales,100
32,16,6.202959998913683,4.6006266962811075,13.424644568070898,9.848279934309476,1.6606535525315185,1.5018159369846429,5,33,4,3.6925113374664402,83.9862495945512,2,6,1,Operations,100
33,19,4.924845051973329,2.327439764170796,10.148877128769094,7.204663897808913,1.252125476286767,1.0808925654321218,4,15,4,4.685704780786738,51.15177321952052,3,3,2,Finance,97.13209887164008
25,17,4.139700022740263,2.291838014078639,8.100105757850056,9.604299229441748,1.4889919714201263,1.5705071652542888,6,18,4,2.886002831736181,76.125981237758225,2,8,3,HR,73.05610039714705
41,16,8.264035965925531,3.795240113868369,14.655045928068692,9.394760960296539,1.7717384506368894,1.3500390799955777,5,51,3,3.8195933302873066,38.351248123655296,7,6,0,Operations,100
34,17,6.330378917966014,3.22979389971895,12.441504103416186,9.590400621431176,1.554650745407362,1.3495434402714235,4,43,4,2.9670256831128565,55.09439247894457,5,7,5,Operations,100
32,15,4.965239548095129,2.171272140273268,7.9656157294656476,7.1870705465517695,1.4915911404281117,0.9481445962222678,4,38,4,3.591526444100829,79.22221520464961,5,4,0,Sales,100
35,17,5.729073649185629,2.1779348313636024,8.767582797876615,5.880866372824693,0.9024120701129438,0.8371318741415699,4,60,4,3.739085036725321,62.055486359497905,2,6,4,Sales,99.93179415862653
27,14,7.792337331507398,3.92105431107427,11.604477218580776,12.96877609416975,2.0286551520417397,1.666473940552462,7,21,4,4.130687074972053,60.22428491140191,7,7,3,Operations,88.76010736431424
41,12,5.234672319357287,2.7330568410260705,7.3302477166429245,8.791329958989989,1.4345589715397709,1.1428830470379259,5,26,3,3.494838425716306,53.453448243282146,3,10,3,Finance,90.30075405893366
22,16,3.3380627151469393,1.696765655004967,3.7867452209842702,13.803022367011582,2.403129679873418,1.9482117837887172,6,20,4,5,89.96013182066278,7,5,3,Operations,88.82302863574765
29,15,5.937578645383522,2.469817102584417,12.838887016685472,11.956062275649515,2.022668619011389,1.639224358338308,7,15,4,3.0931147716230973,59.40092470918644,3,7,2,Sales,97.02422079100532
40,18,3.2346526709087446,1.4792372243947995,8.23960084046164,3.8860730343139807,0.8369734822233672,0.5529400558587366,2,12,4,4.735541471839016,35.56532609176507,4,5,5,HR,82.24034120727137
26,15,3.93891827873005,1.9334471831613564,7.603207103265411,16.34356691536229,2.4242171809432143,2.412918485798864,8,43,2,3.775075234452309,56.95838664007441,2,4,4,Sales,96.3347095462146
31,18,4.180031663149728,1.721688695724312,6.325388468745122,13.874687525718322,2.746958431967162,2.0174515749992374,6,16,3,3.1723839219879078,69.11824166325952,5,6,2,Sales,94.1734296097136
37,12,7.7379251365528745,4.8895356565655215,22.0128084159689,21.4471573839521,2.5382344603806515,1.9398561562801986,7,9,4,2.782015757637633,63.469658646566835,6,5,5,Technology,88.17610667300734
45,19,9.084438367622875,4.430931374070292,11.666558140447545,11.203976265063602,2.076780416558654,1.4752166785110976,6,29,3,2.6724161703523586,69.31019500994543,5,7,2,Operations,92.54860055085395
35,16,5.861568569985634,3.561813294057757,11.835830836804607,13.906503935893817,2.1807756785283248,1.4542063960556186,5,34,5,2.9096307568056345,80.4364447096833,6,7,0,Operations,99.7772906707226
45,12,4.83658990732857,2.7009558012526544,8.08940419825241,15.846968385666484,1.923185945318412,1.831567713033673,6,31,3,3.785905542813644,50.29078869031197,3,6,2,Marketing,100
27,17,4.515368742071243,3.1779979214958805,9.18338600845961,11.412613829748537,1.663538981292433,1.1492958687033046,5,23,4,2.6981698919393176,71.5928880928062,4,7,4,HR,93.14833528131919
36,17,6.011779625985291,3.5215457832068453,6.011779625985291,9.237334655643211,1.2291888442919225,1.2843882956583164,5,20,3,3.6847136586615554,80.21933665296312,3,7,4,Finance,85.61066332925321
47,17,9.366538878882322,4.325794849288723,20.23009242464828,11.87896505538546,1.5345886062474074,1.6857528179903123,6,28,3,4.26880048460366,87.59037993286854,3,3,2,HR,97.26978114292551
48,16,13.276082955085176,4.904884792501163,13.276082955085176,7.827601026061579,1.3139003349846181,1.0495117234018116,3,11,3,5,52.47377697232788,2,5,1,Technology,99.88955351445767
31,17,3.2057518795890982,1.9788641975263723,4.993474856619754,10.775827343175948,1.8788954316567055,1.6629095049203677,5,31,4,2.8210970578385437,53.298936534177614,3,4,3,HR,94.415911887423
38,17,9.746091037146693,5.017023215128585,13.494421253956459,20.890087584668397,3.475227628046832,2.827732619502539,8,7,4,4.628320368886898,65.25774956694897,4,2,4,Sales,93.57451257302537
22,13,3.1078463467530777,2.2971719472398378,6.401016864461582,14.937860014789395,2.079434179691958,1.7979726831636327,6,66,3,3.997608059164492,59.24738389278596,7,6,4,Sales,100
24,15,5.606836768896359,2.8460853477047734,13.528344604779992,9.482377565259332,1.7876229676262494,1.6626209271496977,6,48,2,3.826110460734871,70.5770669170772,4,8,1,Marketing,100
47,16,6.560000312359153,3.096696936126025,7.306518636399283,12.304500324627085,2.645277011113909,1.9396354258969606,7,17,4,3.917869825736785,44.65386158183751,8,3,3,Marketing,81.11792110764308
42,18,5.587627561201937,1.9776860112518766,8.03035843224598,10.257980032790721,2.034509814087048,1.1433902311669113,6,67,3,4.673792349364851,43.814481681964686,1,9,1,HR,99.75079773851448
45,15,4.999817445619434,2.422793859662884,8.064251416042882,10.415541251349065,1.6603751244232352,2.0427391117253952,5,26,3,4.743821024281767,24.283302010032077,7,6,4,HR,90.63602535048604
43,13,5.045624753708811,2.6186457850506377,9.463113704685183,8.842579665394256,1.2487262383319975,1.0945137973078205,5,32,4,4.197953627641458,61.75599929164895,6,6,0,Technology,99.9225378981967
23,19,7.546298453178998,4.785552564607566,15.133105115070359,11.253808769848899,1.887662594204885,1.4881924737461028,5,13,3,2.496041457562432,67.43308955878577,2,8,0,Sales,100
28,14,11.32100444865973,4.98495711418377,17.53208521976333,9.155734837477308,1.4526705904160035,1.0550488924418797,4,18,4,4.405115979263947,51.97381006390465,4,5,3,Finance,100
29,15,5.8252920714067615,3.2830141281966707,12.284901320657239,11.738631956589836,1.7304824373665437,1.5846618238716,6,11,3,2.8941930115410854,80.15701786013327,1,4,4,Operations,93.55545563990792
24,15,11.155675529435856,3.2930085402351277,13.008797945355282,6.0131841448120396,0.9801373462751941,1.0627881613752486,3,28,3,2.407849681774883,63.02452633256208,3,7,5,Operations,98.84281432316297
34,18,3.967734390061985,2.2898011537476317,7.240795190336179,14.006695380854769,2.3540389923121414,1.8984839855455218,6,40,4,2.923821751997516,80.57981549138384,3,6,2,HR,100
42,17,5.326487557968691,2.7168067527051836,6.467995845585912,11.887942062360393,2.1998966026358984,1.5529564437783407,6,37,3,3.280274495398483,18.563056591479047,2,6,4,Technology,99.92648486653884
34,15,7.792815356596617,3.1869555912633465,17.819144191110016,22.685303208057316,3.5730437259755994,2.493052419018102,8,15,5,3.5037402451070023,56.627240659503094,2,6,4,Marketing,99.68039478764894
30,18,9.75447567481618,3.69878271023418,17.89455441662874,10.080687875485532,1.4570448550088613,1.2125844499932454,5,48,3,3.204382227291254,49.564060373723976,4,8,3,Technology,99.94233877505434
37,18,7.6060042606473335,3.1250534183798786,11.818399090131631,12.305092892308544,1.5707933551590976,1.4834977985365883,5,15,3,2.4901622880643983,73.60842224141216,3,6,3,Sales,100
36,18,5.956031127140215,2.899785225462718,8.130780599592466,8.377112815453668,1.5418315399192595,1.3140207792003584,5,56,4,3.605587291407565,61.05492946822073,2,8,1,Operations,100
37,17,5.487033560447833,2.996637635505146,9.214468356489977,14.61094786077641,2.6032284343557057,1.3388803780071812,6,13,4,2.194349886339991,48.9876750675371,5,4,4,Operations,99.92154779705447
34,19,5.014401491807309,2.7441487716984745,11.173630728289533,7.282553809540105,1.178367584315061,0.9350512621409065,3,56,3,3.3081830046196,50.055900678025665,7,9,3,Operations,100
48,17,8.79817577625174,5.058756430884295,21.891123711490895,15.06584410414441,1.6094495633581167,1.6956534266899632,6,18,4,3.4056078927545106,70.41246766635685,1,7,0,Operations,86.59828894271574
37,15,4.155362342992051,2.9153307369216996,7.753562976720309,9.521442798123902,1.9016821843707632,1.3618946129039387,6,50,3,5,47.09953941814615,5,9,5,Finance,98.15315581972592
51,17,6.4118589781263475,3.2914015197923345,14.209388125408092,10.578111783908158,1.2981152648939267,1.0659524283699244,4,28,4,3.7936078574818883,63.111302595303115,5,7,3,HR,100
36,16,4.47255227334029,1.4808747279157,9.025788378022439,10.685335153238226,1.4954666563223131,1.4965195577936328,5,19,4,4.202845723073021,47.73689641204046,5,4,5,Technology,100
40,14,5.488656205565445,1.9142622524287847,6.77220006875189,5.996989553121252,0.8041998041298548,0.8306952896457606,4,39,4,3.4027112257158385,72.87316769761827,5,6,3,Marketing,100
34,13,6.4757014371627974,2.8766011563188467,12.41858526119852,8.353883752349706,1.2553714957357118,0.8299188814186115,4,66,4,3.4996702079300746,61.99923576957177,1,7,3,Operations,99.95340936524252
39,20,3.8766799865794255,1.632911383815411,5.310028646902768,5.812302286660797,1.1648163532163152,0.7882190758784252,3,41,4,3.5106440950041597,61.72042456486369,2,7,3,Operations,100
32,17,10.541124155690166,4.68202930798087,16.623370501558973,6.619324117657845,0.9943585845585641,0.6754828555146852,2,53,3,4.091614242649767,54.73421817642882,3,5,4,Finance,100
44,12,16.12151138604354,5.071591865333734,17.714474690085453,12.465364722572305,2.2917167536405496,1.7885567416743349,6,22,3,3.6169217452453077,71.58870575908158,6,6,1,Technology,100
47,17,5.983094828917656,2.0952188666837848,7.2718751128425385,14.284455052974023,2.0990535645629547,1.82632626767104,6,40,3,3.900540363071789,55.24363744054096,3,6,1,Finance,100
41,17,2.9719052351849737,1.9077926638566036,6.768281190580842,12.167967735218102,2.048843017366666,1.4587286609543486,6,13,4,3.685157906442749,29.147778649793267,4,7,3,Finance,99.83158031539456
36,15,7.518648664370026,3.42605197660623,12.918229665232918,9.179476857403492,1.2867399250995986,1.2578197756497402,5,44,4,3.2832898763970624,52.98656250434969,3,9,5,Sales,100
43,18,6.397371741161659,3.9084334586330276,10.172428276154937,10.686654491007575,1.8750451978992355,1.8096113625006989,6,27,3,3.691313579901954,77.43646912088893,5,5,3,Finance,100
35,14,3.9099171417288905,2.4125169360133905,6.602235544038258,7.364472118151203,1.0855473816476107,0.7641708872306797,4,16,4,2.204856903180781,66.57622579821945,5,4,3,Operations,84.79417485840779
29,12,7.781958955889326,3.906302842509279,13.033482983449556,11.931012670715992,1.8882460443205944,1.8617046595392128,6,25,2,3.713093435748715,65.70572596533206,5,5,3,Technology,99.38290000979286
30,17,4.17985945580176,2.5133143081879736,6.559984591647018,5.60926357599914,1.007592679841117,0.60494235287688225,2,42,3,3.7045738256783904,51.24507199083306,1,8,1,Technology,97.3640158645218
49,15,5.76197613104149,4.118256012562911,17.11707589443899,5.718866198936317,1.027115831258336,0.7875176031657263,3,41,4,2.8921115036526235,59.50399421647262,6,6,3,Technology,97.37293782147218
26,19,7.541145472734125,3.3177996795181297,11.32893932605433,7.785215279585159,1.2707446611765467,0.8710013936910945,3,38,4,3.1032604811196096,70.98569390107511,7,9,2,Operations,96.19436404426898
30,14,3.993219490367874,1.689389481453006,4.824982599106573,16.16591887592642,1.8660502248796984,1.8859003420759233,6,33,2,4.109079802988635,76.51576260392736,5,9,3,Sales,96.08664540406116
38,15,3.5994498805129527,1.5986700014502193,5.886292353237646,7.164759669485363,1.4800060081572595,1.1862753998054048,4,32,4,4.815836401678382,35.91486434156646,1,2,4,Marketing,91.9724894464152
22,16,3.970521101484221,2.1904986483520466,6.9522280957442835,14.780692263943596,2.232769984826022,2.459102217803161,7,39,4,3.4025799001695516,61.01833216597496,1,8,5,Finance,99.9690202291714
39,20,4.500772358264725,2.8022486908996598,6.905429397159768,9.875475808287916,2.161638344273037,1.2753446950509086,6,45,2,3.690614231224354,84.8715888801913,7,6,5,Technology,99.97669278935751
29,17,4.743951366338868,2.4188660173097727,8.868984874916793,9.11047653111706,1.305191127959301,0.918402515231063,5,27,2,3.3740075200541093,66.57478019287976,9,6,2,Technology,91.67688721666006
39,16,6.163146872054958,2.8230542513281613,12.57857994262889,15.928760168680363,2.482166558440827,2.351945011035166,6,35,4,3.501643482050719,74.02235286678514,1,6,5,Marketing,99.8173810321572
47,15,4.012651714210229,1.5130307210950138,6.580090688083859,13.263881280309269,1.9735426068090596,1.588595843107448,5,32,4,3.4973033410150496,68.0187506102426,1,8,4,Operations,97.73222228684297
46,18,5.715189117607328,1.795209950210065,5.814396040975763,18.931634591098923,3.105059015605385,2.1961436961906844,8,43,2,4.232506447747988,40.21813805231911,3,8,2,Finance,99.9461641636636
38,18,4.526993301449059,2.877370343027831,8.498097309685711,6.747995343517008,1.0877709743559902,0.8402799045737105,2,23,3,2.8896802207859276,80.7880351230542,5,6,5,Technology,96.01539768963099
45,18,4.6142778885507605,2.1735233879000306,6.1752123681002935,5.1269479234573545,0.9250894051701677,0.660077219744544,3,30,2,4.083848768798033,59.13982461742264,2,7,0,Technology,91.2526552623036
41,16,7.022502119047015,2.745011625227482,8.721617487019621,10.731691929313538,1.7775735999793663,1.2490563648617474,5,32,3,4.005382504336647,70.88344025443836,3,7,2,Technology,97.78595090462046
39,17,4.192891525146297,2.400260940222212,6.599307576898218,6.195656992258187,1.1943169794833717,0.8920063235550876,3,25,4,3.90698866760488,66.30776993274888,4,5,1,Finance,93.69756980120353
36,18,5.372529849869646,2.9704060182247805,10.423420162925044,5.335814238885812,0.9101180162664028,0.6731279415988678,2,42,3,3.619968774502539,53.051466740952456,4,7,2,Finance,99.86663625791836
31,17,8.067839365999937,4.105938452085741,11.069373659548178,10.395971329287267,2.033369476741038,1.3452097554611488,6,34,3,3.5294826052762027,55.32398735659248,3,7,3,Operations,99.79336463704443
33,12,4.5897101674698915,2.0913463984009266,7.502863796882579,13.469645403439674,2.06565468744193,2.0095136173458723,6,14,5,3.702858706786966,70.68435625142563,1,3,1,Sales,84.7624031846073
40,20,3.3874633084213683,2.213868009387488,6.963028600345584,4.966012824288773,0.9019957797998517,0.6609785243043559,2,12,2,3.9046710022074094,63.906161746711405,3,3,2,Finance,83.61539441795337
47,15,4.522436963545336,1.9296689913390894,6.173452477453662,14.049912331298419,1.9815084146247595,1.7798685970505208,6,17,4,4.688839655320566,49.56760022550895,3,5,4,Marketing,100
28,12,3.8241821723302563,1.9075790238898653,5.6590198849162086,6.077342766168882,1.004328182955711,0.7601096690904674,3,36,3,3.515970970204209,29.335760043943743,6,6,0,Sales,100
41,16,5.288688900402381,2.6170779524051038,7.575247098942701,13.861126895556783,1.7874587986048915,2.231776483651621,6,10,3,3.683920362431443,84.37757258412466,2,6,5,Sales,94.40250653320518
33,18,4.849048483240291,2.6247420728455255,8.706518375684956,9.118929783403104,1.2675830613605097,0.9532220944985776,4,74,4,4.326972598544012,72.00558628524568,4,6,3,Operations,99.98884769484073
47,18,9.755410003576015,4.095796087190222,19.98493257954441,6.978764558675812,1.2000519115140942,0.8740400391690154,3,16,3,4.001586491502249,60.80026789082685,3,8,4,HR,97.51513878458427
39,15,6.9490615343733175,2.706295455387676,10.561895437299393,7.75696966917586,1.3651090032488407,1.0657185251454124,4,43,3,3.5103636154692888,69.7646078397516,5,8,4,Marketing,99.6566350991377
34,16,4.39067515140491,2.3629832192693225,8.103464984887939,10.235337147672158,1.7541150620312551,0.9753562878110595,4,57,4,2.80807002482124,48.02432471652782,6,6,3,Technology,99.80156181138733
35,16,2.425433495828532,1.1883036208771827,3.392936437019922,6.967729346057576,1.230723441971321,0.9627764312983785,4,58,3,4.379172823542874,57.10752952301744,5,8,4,Marketing,100
48,17,3.1994198776715983,1.403140481674973,4.684055866778399,8.15812014556407,1.8950694915741546,1.2643191042621387,5,43,4,3.511288858252991,73.111549227844435,4,7,1,Technology,99.7820228612257
34,18,3.4400589413012286,1.5875172383804306,4.721238215590112,12.21958273919444,1.668214189692459,1.5840591809184892,6,42,4,4.886325431899171,47.909497918839364,4,6,1,Sales,100
40,15,6.9244222093884105,3.426702794384964,7.010328489374424,11.426926642358143,2.2603704405854526,1.543724202621413,7,20,4,2.8159758825809362,46.010730698512695,5,7,4,Finance,100
33,15,4.617332211135239,2.1160209277044357,7.657912882773289,9.57982507679305,1.6901378200435888,1.281707059038532,6,16,4,3.611177700837442,73.02797267729396,2,7,3,Sales,97.15581052878942
25,13,3.921196875752165,2.32816800155877,7.306325777659856,6.776281386421281,1.1574955552948425,1.011445730223573,4,27,3,4.494600527920407,32.73544063677212,1,3,2,Technology,83.87514058670673
29,19,7.795548540963004,3.0203111054932954,10.366435750247229,19.92811492166742,2.0853676445839793,1.9693514994403296,7,24,3,2.306331771410077,67.93124192633415,7,6,2,Technology,91.58778759761238
32,17,6.438741894755437,4.41026395852059,17.960758147342574,6.725522120424853,1.13019586643377,0.6693348259353747,4,79,3,4.4143728723908096,35.86803246902735,5,4,3,Sales,99.8727276568541
25,12,4.616064713958268,2.6739596097572846,10.71378499946718,17.718067437130422,3.1733126408467522,3.0137877866056044,7,19,4,3.4892019410088606,46.25384342352606,9,5,3,Technology,100
40,16,5.26248660004292,2.3042538929220124,14.51122875976816,8.06070920431765,1.2738935700337561,0.7673154096212537,4,17,5,3.270715864136241,29.4386322294903,6,6,3,Technology,95.9709369911821
48,19,4.228671929805652,2.3821734852749312,7.176781871682264,12.868665814617424,2.135415948825231,1.6619171373719244,7,8,4,3.3096543041104396,40.97184617797367,4,5,4,Operations,95.0733026595727
35,13,6.634887193300463,2.2254536663465436,9.126855876797494,18.930669430484656,2.7530629646180884,2.3956691915259922,7,41,3,3.431917975431157,49.61978917383355,4,5,3,Operations,99.89215896929365
47,17,3.510508937156696,1.3134518607723027,5.870647207923932,15.941608436007257,2.2582527985193916,1.8042879356552597,7,31,4,3.892933280704901,59.122574170177835,1,6,5,Sales,98.15925668135809
39,16,7.196067386475759,3.4916536301527064,14.704381894277223,10.31989096655164,1.7879848475339184,1.3331721057230057,6,32,5,3.5131049307625695,62.855454316233974,1,7,2,Sales,87.20137185674739
43,19,6.048792731087603,2.7275602239300523,9.570107825011364,8.316729539043992,1.2428366758848879,0.8877089592797658,4,11,3,3.208276778976532,59.985024408797806,3,4,0,Marketing,81.87490177783165
49,14,7.572904108675754,3.8118040186639552,15.796199626865892,10.133447596154719,1.4883470340832972,1.0512864861952909,4,16,3,4.291014370886859,60.22736501614921,4,7,5,HR,80.52681666838846
34,15,3.943234775496217,2.5474006248964294,8.503075938245425,14.6069628988301,2.2861305028246677,1.7576548329804078,7,19,4,4.084072524013976,67.25955546994537,5,5,2,Sales,99.81870611860496
43,15,6.845990652973435,3.203284325555431,12.322868247489444,6.992201106245372,1.4601467081532173,1.166695065702848,4,16,3,3.308776682962286,80.88330686269369,6,4,4,Marketing,85.97424319521552
55,16,3.8794092606126425,2.66177290533684,6.481578418276096,8.026012201936274,0.9815113109697196,0.9420580830797763,4,18,4,3.5858636108616,53.27760349853138,4,7,3,Technology,82.51959196762168
46,12,8.556380316983235,3.076508750245824,13.963313053934312,15.391441174753437,2.4718343800991383,2.5303376260520993,7,26,4,3.2030334851424493,60.8807387451818,3,6,4,Operations,99.98189126885396
39,18,3.9295523545854634,1.686658267391158,6.376078264212656,6.415124282519999,0.9587182440485164,0.8672907528077467,3,35,3,3.699704924404306,59.45351169807531,4,8,2,Technology,92.00574717434938
34,17,4.740984427836948,2.888834383058062,10.25571802393001,6.502424252013104,1.3279028854004193,0.8718008519062134,4,41,3,3.678384719408899,46.15523560755169,4,5,2,Sales,100
35,15,2.6159316217377735,2.1025024369866543,4.999568147504039,7.056939716368177,1.290309448549351,1.00459149290646,4,44,4,3.499960593544285,73.43497457478848,5,7,2,Marketing,99.86716559033258
22,16,8.034834209920104,4.660850848101254,16.900586061159952,9.194297273496685,1.6990367330321092,1.2803294615447716,5,25,3,5,70.15484914895737,5,9,5,HR,99.94418901368182
38,12,6.388119705002766,3.619072612411668,13.711759766359174,20.303667101434822,3.5740764581181423,3.1237664176988305,7,34,2,4.991518356912007,42.065773651355485,6,8,5,Operations,100
32,14,14.016553907697796,7.619485517535907,27.299048925579346,5.552442431657646,1.017465374168404,0.7205751334590835,2,24,3,4.284909374248281,64.15467236141235,5,6,3,Technology,90.99237139531762
48,13,8.997180408125825,3.9088071904867947,14.139232284578604,8.619532068068109,1.3507259236351732,1.2696933340095564,4,52,4,3.600135709237565,72.37305829343582,3,7,0,Sales,100
27,17,5.720679270002406,2.6084767349783347,7.943715946005536,7.717823603071981,1.5235613556628196,1.321155894415943,5,17,4,3.1059252263789063,75.34342521519454,4,6,3,Operations,94.57392770485568
30,17,3.9737789945737783,2.588501816561584,7.446175689988368,8.951583832440914,1.7782806259009307,1.4823131494650037,5,31,4,4.192212737727762,84.79696516869024,5,4,5,Sales,99.85863012911366
43,16,4.189262888200169,1.9177428842768491,8.230881220535593,9.574825017499979,1.4359162196090791,1.1699751916948857,4,12,3,3.1093537609456594,66.39918327538005,4,4,2,Finance,76.88279800261739
33,17,3.76247876760909,3.106281235574398,9.375894710159999,7.784111443302497,1.3685727342215663,1.1566128774433422,4,26,4,3.513457869306555,68.08465210668189,10,9,2,Sales,88.02212499912753
38,16,6.684870757450525,2.742111552574422,13.438823163075904,12.652185953201748,1.769185744933535,1.4416160381115901,6,18,4,3.5986881115434826,67.81043635225313,2,6,3,HR,96.06681717372192
52,17,3.876821021663801,2.1149955781078207,6.45805211216227,7.887596790105911,1.2952087904973477,0.9125673530452535,5,30,4,3.0936671081044196,55.21508686483893,7,7,2,Finance,99.95722127352414
28,19,5.759266327467425,3.121894882671801,11.984939499079017,10.597348776741507,1.5857684266478127,1.1909938333207974,5,34,4,4.622901142841888,46.90396504453934,3,4,3,Operations,91.17660880082747
35,18,7.114966505337625,3.8864450292412696,10.949864478220562,9.73407873268601,1.259614914406943,1.2230402967388039,4,47,4,3.1219887932864854,30.56419437398326,4,8,3,Operations,99.92561137683225
36,14,5.573050720051834,2.420010318143744,9.607548702825385,8.589065956970316,1.381462356940465,1.0559205597889583,4,35,5,2.7925240865285894,61.45244822603401,3,5,2,Marketing,95.75691696755668
37,15,6.945127925863558,2.944164378596294,8.968404383948203,11.765616715632277,1.7828859292604498,1.6747715415470141,6,25,3,4.183932314150252,62.14933878667571,7,9,5,Technology,90.13119960625389
39,16,5.74529445389945,3.3119688056567305,10.935255684460481,14.436454986057575,2.434933540402817,1.9942738744452106,6,36,4,4.77747867097238,56.89481454025106,8,6,2,Operations,92.23820264780899
42,18,8.300491968686178,3.686891554792002,9.745767876244903,11.93656235534714,1.8650213148722758,1.859486824767872,6,85,4,3.386587226761284,54.90826916755728,7,6,3,Sales,99.7900897662931
38,14,4.0925925836845485,3.4023769717589856,10.733769580691217,14.839859524189007,2.298979205622712,2.3573783495664724,8,20,4,3.7218011287355206,58.60307734316995,1,6,5,Technology,99.95310412388223
48,17,6.330814981553917,3.2330819271435516,8.272541809573495,9.036501073028086,1.767611418516703,1.1797674764579555,5,46,3,3.5881003133072125,52.08316469586558,3,7,4,Finance,99.9309080528822
29,14,3.1930331245806154,1.7315875865777346,6.6300063517872525,9.260608133239618,1.537550356350853,1.215067381416544,5,15,3,4.014288378476024,48.40892659330491,2,6,3,HR,91.08941274207032
32,16,4.018606353308837,2.1148769455389562,7.506252256540171,22.017301425802216,2.9742540099687838,3.3805342055756356,9,31,4,3.716629391345745,65.78570876445899,3,9,5,Marketing,99.96377430607915
35,18,6.803503815851876,3.12336726441992,13.208581614098232,17.55570305680822,2.7261229868134644,2.2026742840075717,8,24,5,4.028726550795011,64.12077304702767,3,5,4,Technology,96.95227217740745
37,20,7.9288483617329195,4.216772152875407,16.320989702395693,10.987866776694808,1.9914953343465782,1.5293357336797253,7,44,3,3.678082217280414,44.7319525118694,2,8,1,Finance,99.95528203967446
37,18,4.286128670045165,2.9171895369603984,6.842404635383648,8.672100070610275,1.343109230293567,0.9954318572568522,4,27,3,2.6991154939047126,43.273054580501295,3,4,5,HR,96.10246513854533
33,16,3.8057078955521475,1.804459188264552,4.7773639527392655,9.934936240252787,2.013260827404563,1.6400981955065161,5,20,5,4.299084256087834,67.97866488463286,9,7,1,Operations,86.51995499260575
28,14,9.8830859610882,4.111204424364371,14.217799705608723,13.930208218226882,1.9700047874025903,1.6688825303343089,6,36,4,2.3723511354548683,55.644724151598076,4,7,2,Sales,99.96701689584164
44,13,3.454162551157578,2.412103388616317,6.361854130353582,7.811412739477494,1.2302213049663009,0.7693773562364717,5,38,4,3.9948533867551306,86.08209361772722,1,4,2,Sales,95.23773511415202
38,14,4.5351962020130605,1.8950006727541366,6.0432996908713825,8.347445144489814,0.9676797073743677,0.8515144648722792,3,12,3,3.3886518283440887,63.88733755537648,3,5,4,HR,76.0150600985432
32,18,4.376268961852797,2.5188657028178554,10.150824726090704,9.278927356307273,1.2556621192064343,0.936781831082656,3,25,4,3.4201411795688492,53.33900148240358,3,6,3,Marketing,83.81335792962787
43,16,6.809371763090132,2.9679013727596737,12.560212293041022,7.872761169676149,1.370069100349026,0.9276175152432259,4,38,4,3.7833899452606907,52.53802999064784,3,8,3,Sales,99.84239778210384
54,14,2.5326934546431796,1.3076077798526773,3.505879583181258,9.603344899425489,2.0961576784158287,1.1196254444532612,5,32,4,3.972003004354741,64.70447223983055,2,5,0,Operations,82.68764713146604
28,17,2.824911044163695,1.875427046811633,5.53062368357846,9.036786749716939,1.4096378334252766,0.9705099562193473,5,34,4,4.507891733255246,79.05279732561199,4,6,3,Finance,92.72222842520979
33,20,4.579703592991388,2.7076095318044184,7.297137186542035,8.758452153054192,1.3878864705248821,1.0037889283081005,5,53,4,3.0950616960081145,57.81819261539804,9,8,1,Marketing,100
45,15,9.607421749619917,5.789863534989198,16.974028227750324,11.345932491461314,1.637666480534905,1.8504269375267484,7,52,3,3.104367546196628,47.1856910001579,4,6,4,Operations,100
40,15,4.411663775519097,2.2038312538940104,6.328509511541224,7.597080546342045,1.3714040091196766,1.0805391632203667,4,20,2,3.5848349490780986,57.09450267650336,3,5,4,Sales,81.9264065394024
40,12,8.731872125871348,3.755933998984082,9.357447226251018,7.030283036476001,1.5792537660110146,1.0874166625974173,4,45,4,4.909745538652672,73.76808179900104,4,8,0,Marketing,100
48,14,2.6091352361145788,1.3917842238237772,4.773282837655096,6.60799929815337,1.1957139961772876,0.8513068443277694,4,26,5,2.6940659441341506,54.75305792127314,3,7,2,Operations,100
46,18,4.817791519335282,3.2877322377844473,9.326870386445508,19.335438380251993,2.856071668228275,3.9850030055423775,9,27,3,4.098448875563618,55.846758416035954,2,7,2,Marketing,100
39,15,7.243950092791919,3.229706926499903,10.378014877233976,10.862303482282476,1.294239249450483,1.1642993652225033,5,23,3,3.819707211840536,57.30890937442338,4,4,2,Technology,84.00527322485527
34,17,9.331550942659769,5.911644303313106,24.731429129355472,10.680172013555186,1.805525084502559,1.7232824100344133,6,25,3,3.4059123033397865,41.880723074294764,3,6,1,Operations,100
45,17,3.5840096296544655,1.6945805958161075,7.02856732246161,11.649085284600856,1.5384442539219143,1.3776517272637028,5,17,3,4.9992480164328335,66.11176109746445,4,5,5,Marketing,85.32133710126928
26,17,3.7010397283367595,2.3931801354273348,8.997993809337629,13.872711874907354,2.1006653669020423,1.6159108496464218,6,16,3,3.491132721783797,33.14741812679181,4,7,1,Marketing,100
38,17,5.5473051080601445,2.361618176422264,11.474889544335845,4.915383471266228,0.7495269478887668,0.6044113733852746,3,15,3,2.7964719632951756,51.25811814204248,6,7,4,Operations,86.7030281133656
31,14,7.9040079847125995,3.7979756324164518,11.118680754854612,13.612037554862082,1.9764276154798515,1.6760619137680346,6,6,3,2.987420660352458,41.40920362733764,6,7,1,Technology,89.44568152716292
35,15,7.517196747999751,2.4573766329792845,9.906586089690201,7.566385767983785,1.2346694469478985,0.887087928109937,4,7,3,2.485041903785437,59.72699450976981,6,6,4,Marketing,82.21499305835403
43,15,4.690890924154174,2.2001637132103262,5.912724976572144,10.779609606199447,1.466671121064584,1.25034658039352,4,13,4,4.500290981721205,83.781275536751,3,7,3,Sales,85.20410857459346
44,15,5.385491565601628,3.062628743502265,7.806155739138274,9.371169121615372,1.8858874899308153,1.67638428088998,5,33,2,3.895181872325376,39.47097240694836,4,8,2,Operations,99.86885457432159
49,14,5.49522709393258,2.7114708497417634,9.52995207614534,9.154028300506729,1.2573721449191155,1.1897545158599006,5,17,4,3.514058864393104,78.8697949618291,7,5,0,Finance,89.41461556733397
45,19,6.396405147494893,2.1816187332058417,6.396405147494893,8.57524469115061,1.4307900435499534,0.9156081152283411,5,14,4,3.4227353651943173,52.87202070337065,3,7,4,Sales,91.64546154640632
43,17,11.235019724131918,3.8180650384945682,19.054286782165228,18.502312427713775,3.2005552724350643,2.555150687701987,9,56,5,3.5179661166984406,64.40309564141229,6,7,2,Technology,99.8981860524483
45,17,7.059840309378751,2.972441547667319,8.390097210524416,10.803506451961148,2.1951127884025308,1.4850822157183785,5,27,3,3.727040101606938,56.00287325833713,6,8,4,Technology,93.99138628542687
26,16,6.69080943359906,3.102878888032542,10.468177094526437,13.237004759462073,1.9529476612129328,1.6012973031467563,7,22,3,3.0093871602144513,46.364832590064964,3,8,4,Operations,92.61975168762376
48,16,7.633117743238554,4.5945190934423366,14.604827075075086,6.980785680595694,1.5117418469489106,0.9736836662193891,4,45,3,3.8801717990315177,58.90457923935574,6,6,2,Finance,99.8535175397455
23,15,4.4562952381764775,2.9071534647547312,7.787698568543128,15.336705948811147,2.6910363174707337,2.457367073254876,7,35,3,4.3914822386044206,49.751720594052344,4,7,3,Sales,99.90290948044233
30,14,2.7631558806758316,1.806070901756295,4.4791619831060885,5.634456148498015,0.938584060773229,0.805478336245428,3,27,4,3.5077732032334623,68.84429041378102,7,1,1,Technology,93.31127045221176
36,13,4.6636028369643325,2.6946951419864953,9.501721817629369,14.737816350383468,3.0731545418039334,2.2475499866263315,7,15,3,3.603081937871561,41.03409609592868,1,6,1,HR,95.57159716191126
50,16,3.9803072994582993,1.7726625437429988,8.520115601456736,7.9040849030142715,1.4823177397084042,1.1568871299980201,4,56,5,2.6024573336224313,46.97281791121771,8,7,2,Sales,99.88157311700773
30,19,6.376746596983773,2.0349216569749062,7.842761381485814,7.652298220984136,1.4274873957940526,1.0738778884102813,4,52,2,2.422467818506031,67.30172713993193,1,8,4,Technology,100
39,16,9.159874956048665,5.198798278619981,11.820542086913745,7.524578680991175,1.0455820000270446,1.1620160379258775,4,35,3,4.488354465785906,67.56557284726674,4,6,2,Operations,100
39,13,3.450085335349137,1.4988947510776158,5.268229764890588,9.060070784877832,1.430591882177397,1.089737288908516,4,12,4,3.501753017727579,70.3277809042595,7,6,0,Technology,78.56817212347853
34,18,5.2558114863416305,3.5898000908548724,7.353850620909744,11.115818432636278,2.008344339349321,1.5753121729478554,6,31,3,3.482906505614568,75.538365562541685,1,6,0,Technology,99.98910704316746
50,16,3.241802432277588,2.078676400307277,5.481351127907238,6.586850012185457,1.2959101621925784,1.2366579668561846,4,58,3,3.3851764268667495,42.27987223031354,2,5,4,Sales,99.87402730260507
34,17,8.13018679909537,4.3634829789641,12.133531602402844,4.427627250211003,0.8429806079408583,0.7432209145249491,1,21,3,3.79334395791496,55.725121113786784,5,8,3,HR,97.6112970144924
33,17,3.889061419066478,1.4814028373727661,8.574337674612986,10.908622733856477,1.6471687651359121,1.4629313052018291,5,19,3,3.593850534491258,97.48939250403343,3,5,4,Technology,85.37305970926182
40,15,4.0591122312694825,1.9989580633404493,5.924001128271504,6.977585944750989,1.617556341389011,1.112784145934294,4,85,3,2.2209855361800366,56.36378954159679,2,6,3,Finance,99.97564266603506
51,18,8.444553755772667,4.8374732413500565,14.726465944829306,13.149755727741306,2.171187320225566,1.7798480561356458,6,29,4,4.371525588371968,40.543776679783214,4,8,3,Finance,100
33,12,3.919697283192163,1.823170050422706,6.955559097137631,6.66721499821898,0.9021240973049408,0.8183456515798688,3,15,5,2.6467907309101544,66.18717321716001,5,4,3,Technology,89.33481042161598
36,15,10.454370510864203,5.086035293683174,14.776369626329132,10.897202519812144,1.465009399764202,1.3357048029944993,5,33,3,3.113317038401432,52.98171868470107,2,5,4,Finance,100
29,14,5.591827200353656,2.9089922673716653,11.472254638803276,16.24836523921125,2.455555666840596,1.9510946518756518,6,31,3,4.792162067172375,74.60605097068655,3,1,3,Marketing,97.05176837233681
33,14,6.341559327852774,3.816518732423469,9.74401070487888,9.42007971680697,1.4063855967407592,1.0287671846806685,5,93,1,3.6864350308699754,47.76377778136462,7,7,3,Operations,100
32,13,7.6307657935622935,2.5001262194010088,9.362580283639758,23.18828231409267,4.451957060249873,3.4912919365358692,9,24,4,3.285949439784899,21.509377398707446,4,7,4,Marketing,99.86389595822256
38,14,5.501598005927744,3.5062569206029606,7.6876335030778105,12.528252471924343,1.8175137339943621,1.5388590632921348,6,18,4,4.211304429453914,20.852699339306056,2,6,3,Sales,100
22,20,5.720340374167596,4.063382020490451,11.13336257943856,15.586766939901903,2.030774702406703,1.8510653801289831,6,54,4,3.576892633055592,64.40904705097648,2,2,3,Operations,99.95562005070569
33,15,4.774028487276775,2.487507042464675,8.953258938164561,8.540938273485027,1.6944792866816336,1.1660642961898289,4,35,3,3.6776834930992446,66.60679064033326,1,4,1,Marketing,99.24948707425743
31,12,3.098124270259555,1.527309025468854,6.132680123856458,10.976630058494091,1.8391898321728095,1.6200845430686026,6,26,3,4.117390638309255,85.6392407188556,4,6,1,Sales,90.01052302361157
52,17,8.095208294663722,2.723015446641745,11.783044180548755,12.700480387809302,1.851897202298223,1.6339223434862356,6,14,3,4.209370791100457,64.93540166429281,2,4,4,Sales,99.12779673257904
34,19,6.0194090354434575,3.984384396442535,12.072968060400271,12.124903718829593,1.8872318922405655,1.7335666915382597,6,40,4,3.683787066920706,50.259545392852395,1,7,2,Operations,100
27,18,3.961393385089698,2.8230565790962645,6.702121866176537,17.496399764516934,2.0437615957364392,2.0984542660952092,7,22,4,3.987365319821751,37.79949467276198,3,6,3,Sales,100
32,18,6.719204945614282,3.879920482951996,14.625747860426868,8.858392627526976,1.6794836342411918,1.5704052942214308,5,26,4,3.892359509174564,62.25684492027403,2,4,2,Technology,99.8477330233734
22,20,12.262448573151923,5.303057441447185,18.487095735385296,13.663033963348463,2.1354863269255087,1.7321117397300019,6,20,2,2.811562620416943,65.85734259552032,2,9,5,Operations,100
32,17,7.099802671171794,3.1986273583075597,14.202480662998614,11.626806009971297,1.7494494275466337,1.2841834080413232,4,20,4,3.818968127660592,65.86238981701233,4,5,4,Operations,98.01016382366545
43,16,5.268001035957048,2.773886425597009,7.963528499755231,11.131832675974138,2.0785686911090773,1.6344160778406485,6,59,4,3.9842294546872012,39.73681093621831,2,7,3,Operations,100
43,14,4.048793478965047,2.6264657668410605,6.613938767294404,7.229131951209978,1.4565467121245124,1.0315152718015643,4,30,4,4.318222477819635,54.406218342255265,2,3,4,Technology,95.98243678109625
32,15,11.878218159414049,5.364490234481209,18.533287761636313,10.990276086919181,1.5199369348315765,1.2635370850626377,6,18,4,3.211991161882167,85.88768622579127,6,5,3,Marketing,99.954077598645
43,17,7.670453211161293,4.2752056502245415,10.003469576175592,8.906474692858966,1.6382414665617404,1.3354983323288767,4,14,3,4.5006587427661575,16.155151356040754,8,6,2,Technology,100
36,19,11.723794861483366,4.38777485331671,23.811850121746698,10.842855343351337,1.8960275588785989,1.370042872613443,5,13,4,4.394148083848341,64.20842690604766,1,4,2,Finance,75.68596982368219
36,18,5.307020526068436,1.9333124872586045,6.99769471363168,6.559662259258173,1.3618997815241487,0.861057189275309,4,31,2,3.986555888990529,54.35354238710762,9,8,4,Marketing,96.58787529274207
42,18,5.723559678904785,2.371076335896487,7.977711027377879,6.303087544540831,1.0527716196895829,0.838051456523802,4,100,4,3.091882264735873,63.36152313506842,3,9,3,Sales,100
35,17,7.8156695360016295,4.582247208263019,14.74105769886676,10.014635240725571,1.8327831413283928,1.6657423034470467,7,9,3,4.20618233343302,89.01410504875352,3,9,4,Sales,91.77019843851959
27,18,7.333894146032159,2.622075591220854,10.587099361744576,8.132776354561814,1.4578580130242114,1.0288477498304596,4,23,3,3.0059344661771408,63.718820194644934,3,6,0,HR,98.73233381295417
22,16,2.746599535087636,2.7263502937040673,6.52135595553614,9.375262094307848,1.7954508239971678,1.2585133261155514,5,24,4,2.501248721418583,54.07914445194389,4,5,2,Technology,97.75830784274106
36,15,4.5360804610886145,1.8914314884521959,4.76098299064075,8.333620316391496,1.3783320699920063,1.1723546215542386,4,18,5,3.5601567961080165,41.19193194767304,4,5,5,Operations,98.16703342002086
40,14,1.6,1.4080595221849082,3.6801928120463323,13.148334800449957,2.0238605453140903,1.6853310470714038,6,42,2,5,76.36320080050217,5,6,4,Marketing,99.87883629432135
39,18,7.151205859422385,2.8979310196609624,13.521150732227037,7.6493440733784155,1.315792213420246,0.8737993493628611,3,23,4,4.009310445323994,60.126056917534505,5,7,4,Operations,92.24120801352167
39,20,7.836985998728399,3.597379928347482,16.066636117161607,10.119919798259954,2.0657849435705753,1.4038159703787196,6,32,3,2.710029017364626,48.44809544391246,0,7,2,Sales,100
31,17,5.198058096663295,3.3388666277423993,9.632832354502904,18.05531617960755,3.0299634217270786,2.855461194898751,8,26,3,4.306664490324723,68.4691414669263,3,7,0,Finance,99.25573705982032
35,15,4.132490865910705,3.1989165658643652,13.68555272505247,8.619179966018143,1.5891283067984245,1.1727044239238655,5,72,4,4.078617969229132,58.091090895684424,3,9,0,HR,99.84104329037638
32,15,7.914311223985848,4.292312402519281,20.73233912268604,6.781921376521145,1.2987043080186444,1.0650006590681618,4,93,3,3.600878920781438,66.74392893108403,11,11,3,Technology,99.99852108179736
29,15,9.046551264535218,5.109855773163893,14.77679758371269,14.15510062267075,1.7467476059643807,1.7259515044957277,6,21,3,4.50923826410742,61.21751705685442,1,5,3,HR,98.58565377383451
29,16,6.99271518177134,3.9866132815510493,8.750324612779412,16.54710896190048,2.3519207043805994,2.196365806692184,7,46,2,3.980397549901639,67.47585700253202,3,6,3,HR,100
35,19,6.2353743623953966,3.388142658726403,12.692738873529876,8.811237288634926,1.7340004569043959,1.3411460298281708,5,20,4,3.1159987507688207,71.77345518351345,7,6,4,Marketing,91.03104181745073
35,17,8.126856302927592,4.10996094961557,20.29885759344298,11.331374097551757,1.963272395821943,1.7289800229543004,6,22,4,3.888170357957971,58.423972392793445,1,7,2,Operations,100
26,17,12.580422401170997,4.912877696148433,22.34386495051448,8.08664618942522,1.0811299544595758,0.8690215298233542,4,33,4,3.196299666882889,69.92213966650256,6,8,3,Technology,99.70591914944143
26,19,3.507838026932762,1.9957898789407846,6.286083753996808,7.371143291856743,1.278968009935488,0.9895478395688604,3,22,4,3.6949672688823787,47.94781055710781,4,8,0,Marketing,99.41380807283532
32,16,5.925907472979871,1.9800094888146187,9.125425827570517,8.672950193822865,1.4160083897560125,1.1214266835602633,5,71,5,3.1993825310261217,55.31658210987357,2,6,1,Sales,99.99934961158118
34,19,4.7509673855321095,1.7009982945126134,6.175611225332532,5.647777948753073,0.79710010291092,0.6635978797642689,2,33,3,4.412413503403825,26.413951719327656,9,5,5,Operations,97.31526942063486
39,18,4.8004055611182945,2.711471682486381,8.738634788434336,21.864674717598096,2.9249877791241246,3.5168783882081067,8,5,1,3.0909260306710187,51.3626971852696,3,4,3,Finance,72.48023428508131
44,13,5.593811115732754,3.108507606072948,10.897349941127274,8.857643316535793,1.5045230260234093,1.0138750994788872,4,21,4,3.9002138372718456,60.2907695806693,6,6,3,Marketing,79.96028070231887
30,17,6.141730848168921,3.260003885920699,11.397593856323617,8.074976881223431,1.025188160060159,0.778194817007697,4,22,3,3.6003002396386896,45.97985498171658,2,4,5,Finance,64.6434351536512
24,20,6.77783885601217,3.564040235846744,15.094364230667889,4.573292938920648,0.815545360877936,0.6220191166716427,2,22,5,3.6204560716623404,74.89059496982618,7,8,5,Finance,95.88054123005989
51,20,5.641958774467762,4.067139466369677,9.269806040748048,6.84062606543297,1.310458667191202,0.8496977679935624,4,21,5,2.0001326575634923,64.00076824348982,3,5,2,Finance,92.50283862608664
35,18,10.347021732546546,5.56279445635814,14.854022436344593,10.983031661361341,1.7858108836664564,1.3221050916751445,5,7,5,4.097065967100351,61.4072480399996,4,8,3,Finance,99.83554727417554
42,15,7.509289873959318,2.6851595833361763,13.969165581426667,13.51222631922545,2.2468463817054873,1.6077614719610567,7,24,4,4.698745271404822,26.704644481998677,4,6,0,Sales,99.94691047559071
30,18,5.008266410832077,2.2047992444476976,6.412350828958353,14.316569620405932,2.7874042761302302,2.3107214954437327,8,25,4,4.5865212027204745,64.30666104803086,1,8,1,Marketing,99.08944937979555
46,12,5.065752816485052,2.486217786150318,6.3263762848333815,11.19335505487248,2.1711104797015692,1.6889936275287025,6,23,5,4.112823518433122,74.91446452319303,2,6,3,Operations,100
45,17,5.554765758408768,3.2989351377995284,6.403559182365717,6.630758524098652,0.9696316933292977,0.6480398483272178,2,9,5,3.3118905809894517,60.80970453469263,4,7,5,Technology,86.48496140924179
29,15,6.000239673097907,3.187019603926827,11.6178557795006,9.505404300693957,1.3862370959166614,1.0944778093794503,4,54,3,2.729339222525684,51.05677231346266,3,4,4,Marketing,97.38449968577211
49,16,6.265789031770682,3.0297614638851464,10.160019722233807,7.841665045949915,1.5420121969697906,1.1103934687615957,4,5,4,3.708795012195002,65.06980919007324,4,5,0,Marketing,81.52363600599686
39,15,10.766618251239645,5.1061374828782595,17.35406148169516,8.063548454340399,1.2240743632463866,0.9265376468173719,3,17,5,2.6043352005325064,73.5587950706031,2,6,2,Finance,95.41046502013586
46,20,13.927458083108021,5.475805694957004,23.684952422899908,9.730651172289704,1.6665505965921172,1.2211827793214012,5,15,3,4.719127180823205,40.81220426621564,2,8,5,Finance,99.91463040640917
54,17,3.4715235476737427,1.6213143061492234,6.579824804287876,10.880032941700684,1.5981520419405866,1.6459305788383853,5,34,4,3.1859554458887756,61.05306609519925,8,6,0,Finance,99.83952875417097
30,15,7.46816793729142,3.6999090883696417,10.553451095307398,7.805076283373491,1.127804195747164,0.8831194417967705,3,24,5,3.2911985103269616,51.9534310241307,7,5,2,Marketing,100
31,16,11.950915633884133,4.886560023694621,19.684381295250482,7.222189725184305,1.1763229311782726,0.9470446473355664,3,34,5,4.290548382482672,67.83503687102485,1,4,2,Sales,93.24105803981158
35,14,5.881341932227709,2.2870459199839006,8.304205269064076,8.54816723570769,1.3229160635612136,0.990382676922932,5,18,3,3.4939495030672827,45.01542607895492,3,6,0,Sales,96.67162838914992
43,18,4.809263834282381,2.0349829942667528,6.743582131728339,7.771655285066317,1.231592183435983,1.1903509909856291,4,30,3,4.494372923122361,93.343960230737,5,6,1,HR,100
40,17,8.157786520970614,3.984249765892173,16.286139883562182,5.948759120648639,1.0328210643295388,0.8685382722258466,3,36,4,3.5916397161631126,81.12685802861238,3,8,3,Sales,100
23,16,5.761478004894154,3.0546473169551644,7.760107932304665,13.055471351318323,2.149975646230468,1.9737126261164646,6,59,3,4.88854488172006,51.273422486738404,3,6,5,Technology,100
35,20,6.292760392098148,2.7095990285052634,9.600398285996235,7.870430220250583,1.3201481410968934,1.0440683721631643,5,54,4,3.1833849588871725,91.01139527923556,2,10,5,Marketing,100
33,18,6.629211865923297,3.395256182899587,7.163051123978992,12.59136863712862,2.4860967513211607,1.9601268323822674,7,18,3,3.2128402488460686,79.96511237386187,9,5,2,Sales,99.962447294928
22,15,3.050152467495669,1.7378936959200963,5.921795098667526,11.79553122388581,1.7994876226553307,1.4989673947462334,6,25,2,3.80894673243288,44.82570392389262,2,5,4,Sales,100
49,14,4.55498262219829,2.8939886821400425,11.685222707027044,10.523721026814805,1.372267728435981,1.3421429650831491,5,33,2,1.8012287867218981,74.14996028734059,5,6,0,Technology,98.18469658738846
24,19,6.008858386195594,2.802981005059302,10.970427551747397,9.912499750669124,1.3083734373108997,1.2744811581089552,5,17,5,2.9100743091972223,78.84839098053264,2,6,5,Sales,89.20948396098525
41,15,3.608304854964807,2.5182182698985125,5.1475662948751,7.746247936942555,1.4655398769936783,1.1166941828928667,5,53,3,2.5942442778580332,73.09732700392489,4,8,2,Operations,100
45,17,3.515305970585168,1.715062935542774,8.343932628246186,13.422801205543237,2.218423267035168,2.185269474471715,6,21,3,4.808579750262704,47.89338909395162,4,7,2,Marketing,99.95420603754995
52,15,10.52947963966972,5.1459870720844,13.464730945987926,9.569054507153428,1.4983439379023822,1.156468362061051,5,33,4,4.28124458898296,76.71384356290218,4,7,2,Technology,99.97649160435691
35,14,5.746837357706232,2.5798263652376248,9.931108031415562,5.189585019668174,0.8515805644863836,0.7740156280723797,2,23,2,3.9778148973704517,41.72571311069891,7,8,4,Marketing,84.33638076439928
25,17,2.6870090850470754,1.4928999443911692,4.868487653292486,8.792358484522197,1.3004801018455348,1.2505761528637487,4,29,3,3.106063862200005,62.313254938729266,7,7,5,Finance,87.64997909037442
43,18,3.792509271831615,1.9945752800155023,5.35270731115325,16.20488178062632,2.326659736726544,1.950408101260079,7,24,4,4.894870247978606,49.62232022101231,3,7,4,Marketing,99.92061315500558
28,16,3.767815444323564,2.316702341898173,5.81979818017813,9.319949437240059,1.4334144064810905,1.5227659559115112,5,55,3,2.806892873850985,43.53850975646207,5,7,5,Technology,100
41,14,5.245897685077655,3.0638292369831217,9.623711922113298,11.242426771641721,2.21167537026062,1.3615943944572444,6,16,4,4.4046147699182,40.32564038376343,3,6,3,Operations,96.09686170887252
47,16,10.519056891140297,5.719852190279969,17.87027851669863,8.155102269727397,0.9126901531620725,0.7859823946276051,3,22,4,2.823560341677577,70.5503663650741,5,6,2,Finance,87.21045356765636
22,15,6.386834217309969,3.3313227922952335,9.456378245481389,10.338546951646757,1.5465876465199822,1.1221968693278723,5,24,3,4.300449730679538,51.544252769505846,2,8,3,Marketing,84.59971990223751
55,19,6.961193456621531,4.072926057504193,10.099898828806674,14.732074021748906,2.807835899225501,1.9490206589126213,7,21,4,4.504562395586218,69.1587586413526,5,7,1,Technology,100
28,17,6.503587154866777,2.8587015156999027,12.062184799433293,10.82472626843243,1.86445311357356,1.478793232333515,7,21,4,3.897416379529487,54.303033208900324,8,6,1,Operations,93.19449678402937
40,16,6.015970577509815,2.3058218850057446,6.015970577509815,7.013055194954109,1.2303535302439226,0.8420421134701213,3,20,2,4.0044471673950435,57.89253285497956,3,4,4,Marketing,81.69326072558862
31,15,7.357719513046465,3.6848534950557807,12.998277597715997,9.781928434894311,1.2542213414613443,1.2086384346726047,4,37,5,3.627795478914142,54.100343057980226,4,6,3,Marketing,100
22,20,5.330786528717423,2.5868730734879937,8.859875119478797,15.004283069676655,2.6781452873894303,2.474315013362463,8,15,3,4.104423032909842,73.27338091481411,1,3,1,Technology,94.32137888149394
29,15,6.889775509476104,2.9081039640989306,7.952957101006469,9.753712048639738,1.6151840604832541,1.3628954863624287,4,20,2,2.973693651524156,36.97186762583192,2,4,5,Operations,90.3056487147615
45,15,3.2441921953774573,1.8909739917235373,5.667165063825622,8.653218083036604,1.410693882747229,1.2303426654477414,5,22,4,2.467488023748248,43.34495454526205,3,5,2,Operations,89.11245351595636
35,19,8.405869050043263,3.6125779955545068,13.546967444933504,11.993454902577154,1.6887922107978122,1.0614850274767496,4,30,4,2.3972543431396964,58.24498107068642,5,9,0,Marketing,90.09361491132911
34,13,4.487624608764013,2.7756600735017547,12.220260619155239,15.82146464046093,1.8599129196760864,2.36685946297742,7,61,2,4.906398724075815,42.85194960343957,2,8,2,Sales,100
39,15,5.466050822804482,3.277515929497718,9.570533182777403,8.380185741120693,1.631231181334384,0.977463630433159,4,20,4,2.2254077671966144,60.222849422024304,7,6,1,HR,87.04293807642037
28,17,5.026415486633421,2.264643134281335,11.429248231259763,10.812477433286503,1.7009425039158637,1.165509977419101,5,16,3,2.892377905013806,87.58405105494889,2,3,3,Sales,83.20476683910373
34,15,7.1039277239347385,4.316535447140641,18.155933078004068,20.710507338305177,2.8298991444717574,2.472691790501736,8,31,3,4.013279058674508,81.37293211978466,1,7,5,Finance,97.26524000970004
25,18,10.331874147303548,3.478478870463528,11.150896748672631,4.7733850855345175,0.8719319256168065,0.5962768940157088,3,22,4,3.518131293063357,56.439103128366554,9,5,4,Finance,100
41,18,8.789774259018044,4.2733413829561995,13.859701504114355,7.4933046566956225,0.9637770224531004,0.867523260648833,4,28,4,3.0883074961046084,58.40065871911107,2,9,4,Technology,99.9674868925211
34,15,5.645675431994533,2.1095489499984605,8.636207638973962,8.444746259470888,1.4572483945578094,0.9126618662838711,4,15,5,4.195024088835632,52.08246884467643,4,5,0,Finance,100
22,16,5.095669932704174,2.126563289099811,5.808467538284214,7.770744222481682,1.1246402955772759,1.2122059090574548,4,57,4,2.6849810344634193,65.0737998236746,9,7,0,Operations,99.87025798481538
29,12,5.188501974823211,3.081970651602889,11.237640531019126,6.630403211412108,1.277855408723463,1.0309525876174088,4,11,4,3.805954301059241,71.7255578654028,6,6,3,HR,87.63215242120607
40,16,4.16025932009107,3.023353299835463,10.799782122606683,10.959620313506463,1.9806160971957336,1.2254886068208368,6,25,3,3.4889104810269247,80.10150771509646,3,4,2,Technology,80.75316973526412
34,16,4.60944015556541,2.0912975728250696,5.490468911057386,6.769840954083458,1.1102101639265376,0.9184544572913087,4,18,2,2.611772432542999,58.22945847107526,5,6,0,Finance,94.24905698883423
26,16,5.597608140472903,4.705909013815831,14.448420075310137,8.37250751908364,1.3658398741932354,1.2747279829127707,5,30,3,4.509475752230376,47.631382955961236,4,6,4,Sales,96.97404521520518
37,15,8.206978262005753,4.524282989620213,10.428205790570027,11.70053874519068,1.9397712738176305,1.2478397399132917,6,50,4,3.911059356592076,62.51905845666398,1,8,4,Operations,100
24,17,5.903117180471201,2.420774467219095,8.004111050006703,4.968828664083143,0.7930708237117208,0.587220947204308,1,12,4,4.318933532762404,52.541868250838206,7,7,5,Finance,84.45035925315713
33,19,5.8692281404490405,2.9033622752515,13.215384459379282,12.040514031873036,1.6281772300537634,1.4155597992427478,5,39,4,3.197412813209366,69.95091223328599,2,6,1,Operations,100
40,17,3.8812541170740578,1.7869900238531353,5.39695643748475,20.83903158176012,3.070767707145536,2.664845175480809,8,30,3,3.7057143657067657,49.222081034790115,10,6,2,Finance,100
36,18,8.971547738840053,6.388994931239709,20.367422043704025,10.341751353603925,1.5765370988114427,1.0683105667665438,5,31,3,2.600181725595916,41.390607230630515,2,8,4,Finance,99.93486775246063
39,16,7.038778917807325,2.3965581798177564,9.850080500944937,12.201602104685675,1.9447744892578056,1.5063432732912394,6,43,3,4.304361192118463,56.57361534966854,3,6,2,Technology,97.87262191336518
32,17,6.292922260415718,3.4002582228652636,11.212652334766291,10.092933245243849,1.5607391438144507,1.5559948153759262,6,14,3,3.1097461157934934,91.812647683382,3,4,5,Finance,81.12380541212046
39,16,5.301835264703574,3.09173581418495,10.143745100839034,6.452472075221269,1.366692793531883,0.9271482618973126,3,43,4,4.935278225064895,100,4,4,2,Finance,99.94087905401872
48,16,6.286594842777171,2.607380510784053,12.0815877003984,14.09508138070413,1.782962406764629,1.67264599320966,5,5,5,4.908309575137169,53.7388957741374,6,5,4,Marketing,99.85324003101456
22,15,4.5038191919049,2.615716167614025,8.759212083627391,19.835795906393038,3.3856684727994577,2.8338756513230723,8,39,3,3.1073686597305015,56.25212693639326,4,6,1,Finance,100
40,15,1.644012429423393,1.028830912953172,3.364061594722098,12.73935675504559,1.7162078996045163,1.7217115979829072,7,31,3,2.4022620104294754,51.81125235172841,5,6,2,Sales,94.27154343276335
22,16,5.625292423738551,4.266950824726653,10.230726383916176,7.300943745780707,1.2290860015551994,0.9328296122324449,3,22,4,3.0967075588157,59.66139160364742,3,4,5,Sales,98.24628939555936
22,15,6.047727150318957,2.627502843542184,8.437915401391448,10.089956724721564,1.8781349557949634,1.2307609371401373,5,36,4,2.38500098101783,60.53736718815536,2,7,1,HR,100
40,15,5.592109039394851,3.0972344198991966,9.914139290155667,13.879489766205136,2.7711744579200297,2.359796202951443,6,29,5,2.7784593104956747,78.89445312648293,6,7,0,Finance,94.2998065763159
34,17,4.4939235475096515,2.8952820059180047,9.401785082285144,9.504537035466457,1.5622726118049308,0.7969987290888358,4,50,3,4.465242393424006,26.967049030919345,3,8,4,HR,99.97711635277797
40,18,6.114846234362811,2.9025443061716505,11.461817996414775,6.085023788837331,1.1957957786923514,0.7142755579312032,4,25,4,3.2247288186321748,64.35095479052863,5,6,3,Marketing,91.34662205431086
36,13,5.8064646334960655,3.671576273492597,12.54501590514583,13.746641357451447,2.6159043516594416,1.806775723693767,7,38,3,2.4966840869521247,81.34165639251755,4,7,3,Sales,97.41364527285614
42,16,8.252032580145658,2.8838741264287124,11.991288198965652,13.044962838945153,2.63576429510312,1.578556310844124,7,35,4,4.2148485315328195,43.5965494478589,4,5,4,Sales,100
30,17,8.73355324496169,5.408326447538138,16.89064576841151,8.820462546630143,1.3025421814028948,0.959920583014824,5,40,3,4.119739353441284,65.23763054076855,5,9,2,Sales,100
39,12,3.6506110077316634,1.9979323715102253,5.037160656480246,10.717488253359281,1.9015949176520366,1.6709534324693467,5,68,2,3.3233636561018964,44.83889254007933,2,8,3,Operations,100
44,14,4.492242827608477,3.4319494430228747,8.594805285713742,7.735424896405021,1.1096673617939288,0.9121642119639626,4,28,4,3.4997767356457214,51.77839635142419,2,4,4,Finance,99.3385939953698
36,17,3.917161483345611,1.9000966212119776,5.487294915042846,9.333904041702953,1.4497345975544496,0.8044279574729181,4,26,3,3.296815426019465,93.24196733863253,2,4,4,Technology,81.15002041482738
41,15,6.040757526409853,2.908541160167981,10.400948016337406,8.11524256357742,1.3293825337007088,1.1108073992472995,4,17,3,1.6119393709344656,61.92923711469512,6,7,3,Marketing,100
54,17,5.055435848048453,2.197875476658025,6.229978936568554,14.995515830719727,1.9401584450144758,1.7700694531452494,6,43,5,3.311946957518106,59.121511991778696,6,6,0,Technology,99.91158353377544
30,17,4.748510356298329,2.2876469979558474,9.441839789801243,9.662844247128705,1.7352470665302386,1.0883741570588656,5,23,5,3.994129879298584,44.57992825600643,4,9,4,HR,86.83208924161299
60,18,3.099788560686525,1.3939062529005921,6.470449265230414,10.638924098184908,2.0496464386416995,1.6017175223972873,6,16,3,4.297934164161127,48.465838800508635,3,6,0,Technology,82.52583037527083
30,17,2.8742949137762137,1.8120193066117523,4.022693949680204,9.644187981918284,1.5740516319621018,1.1224205723305167,6,35,4,2.8088273942660558,69.81322849895591,3,7,4,Sales,100
29,15,6.6307690167711355,3.593442248248137,13.990143032687524,12.133440152658187,1.3227024738568514,1.269333294954791,5,30,4,4.711418234770022,56.53277120702457,4,6,0,Technology,100
26,14,10.219437251318286,4.789657094001132,13.7167724416857,10.736915550503728,1.7175186463126457,1.4721963035543681,5,30,4,2.2977995282609904,71.06034571820588,2,7,3,Sales,99.90839907002066
52,12,7.0022657505297135,4.125982651038831,14.072078660155391,7.890651314943945,1.4011942958112313,0.9413405184309035,4,17,4,4.520728893170154,98.689868872490507,5,7,4,Finance,90.36861136867506
29,14,4.048807565082188,2.246089737996338,7.253450872572713,16.3047098257863,2.0586278383537913,1.7058152794844472,6,55,4,3.195243281351228,61.665337277513586,3,5,3,Sales,99.93366273554733
32,13,5.429010691192648,1.9800956821492288,5.678244794908456,10.23885500673896,1.5046384417929715,1.0516181336740764,5,42,4,4.895936738868986,62.53635276646459,5,8,3,Technology,100
32,12,6.678929375929323,3.414026315393563,10.014343150612625,5.738415520795324,1.0431577430645715,0.7243021627682248,3,41,3,3.4730628038506017,34.91935567968063,5,7,2,Operations,100
52,18,4.608813809780602,2.807492072215457,11.286791233331993,12.265521867944566,1.9193022312549004,1.3593560843341892,5,35,3,2.79331222820778,64.94555414046044,4,5,5,Operations,99.87786725684306
39,16,8.778240366430087,4.002321688961832,15.431003963863933,11.823309006467204,1.6907314832373568,1.3386633192047515,5,55,3,2.619447697263858,88.86725227352788,3,7,5,Marketing,99.89991322683439
22,19,4.345700580017383,1.5800014848875903,7.633516268559847,5.481205277578379,1.013122430656922,0.651405692799617,3,41,5,4.197398930111701,48.46326487213383,2,6,4,Technology,99.85824157452167
34,17,8.824937595909795,4.53275391495841,13.63152069685697,9.19375039553743,1.8252793865702739,1.0644493825043702,5,22,4,3.8775433436852538,76.74104808178146,2,6,3,Sales,87.05359091035542
37,14,2.0567613992315184,0.9039316850262907,3.6955821088892593,9.448280877879778,1.9681224911057806,1.1801872259182964,4,26,2,4.313656987479115,64.72318999077397,4,7,5,Operations,91.10968671783486
40,14,4.918020486802019,2.8030158828308376,7.533093833689731,12.454072380304403,1.9748214590516742,1.60805609459316,6,46,4,3.986552911452748,59.043126011494,3,5,4,Sales,99.87699203880513
36,14,6.7980960296119735,3.5777023268008037,13.082582631279445,14.916305208625593,1.8269109168945468,1.5195138762524656,6,69,3,4.1838464404228075,52.54532706823923,5,8,1,Technology,99.87576752512467
45,17,5.688690079504693,2.695820297520651,10.81039268962215,17.923434980738442,2.7588870245036485,2.7463615912824206,7,5,3,2.708120772472621,50.28364064406843,0,8,5,Operations,81.07333259104583
38,19,4.121032339628059,2.216816544337808,6.208487711425658,9.165498546936298,1.4109306441976803,1.2643883168874785,5,39,4,4.6996879015510284,51.023239939981025,6,4,1,Technology,92.89261161103273
23,18,6.175446478098954,2.922132303516308,11.94309774239125,5.214993217761029,1.0008212086441612,0.7109506126278127,2,20,3,3.98645650733664,49.15849797071941,7,6,5,Finance,93.61934360082292
35,14,4.532038478159548,4.532038478159548,10.212965582790229,13.701905757075547,2.3625015257550768,2.051459678192536,6,27,3,3.405618100647536,30.1927477040404,4,7,4,Finance,100
29,17,3.270004689429959,1.6119136050774256,4.563064446548029,15.534071833866564,2.014135044325374,1.9064253486934564,8,24,4,3.0019982460266763,78.01145739610095,6,3,5,Technology,87.57351549920081
30,15,5.875013545161959,2.606568180877114,9.524218137618538,19.629426545064216,2.8732597243547287,2.74545555615013,8,41,3,2.2780645170169986,85.5994389624265,4,8,2,Operations,100
38,17,7.290775041593314,3.9943024190328984,16.316733497731686,9.650329953013827,1.6003333760343246,1.516091339550464,6,46,3,4.418863721482176,82.73193954124184,4,7,1,Sales,99.80270939120904
22,16,5.185565666185633,2.453993171661169,8.381153149304552,5.010100572419764,0.9101928678763869,0.6143397099698871,1,53,4,2.4866047340032917,66.28933809001114,3,4,1,Marketing,99.98988261297265
37,17,7.830619007757859,3.7053402148862435,19.445718069585176,14.521247089514452,2.168664780743992,1.9581606495184487,6,20,2,2.8242146012967098,90.11154604901336,5,5,4,Sales,100
45,16,4.473330164600066,2.558759908500306,6.830055669670981,7.616085970085514,1.1787192212686834,0.7282984784383106,4,11,4,4.07814621177109,39.90475484230706,3,5,2,Sales,93.21531972299476
36,16,7.23068838123317,3.7824160953108663,13.786214091875415,11.090329973151222,1.3715415040879275,1.130022595019516,5,37,4,4.208663171648658,100,6,5,4,Marketing,100
44,12,3.734557018433139,1.695760224675105,5.045918904063467,11.464678481782814,1.4413033098761412,1.1692547908349111,4,30,3,4.978650678270089,71.5117753546715,2,6,3,Operations,98.94446429458984
44,17,7.099794691387186,2.9571842399662867,8.065321702984136,7.094761421228569,1.3430451805139354,1.025328641795122,4,14,4,4.918763271101294,56.16573049445456,10,3,4,Marketing,84.07726825267602
31,17,4.433622101294475,2.005941728773095,9.087780826983074,11.166431381822214,1.8838463624524704,0.9389792531232544,5,23,4,4.324478735136918,44.13797857124119,3,7,0,Technology,99.91981865023726
22,14,5.528344575981228,3.0129317185918456,10.891212795116186,6.77791507954967,1.0201726870960353,1.0790492826082227,3,28,5,4.5905259939668905,99.73042564765973,1,10,5,Finance,100
32,17,6.1060733351894685,2.8070999960652077,6.1060733351894685,8.59054626136125,1.3347086421121903,0.8788295375181229,5,23,3,4.10153030636587,48.66632037536522,3,4,4,Sales,95.54324038484046
46,16,3.184299866194371,2.396870885134307,5.615363724498309,12.577978123126172,1.949752977038398,1.3215315490180493,6,35,4,3.6921467930085905,43.35031081386576,3,3,3,Sales,99.98073363612647
48,13,8.285767779145598,4.221583694231713,10.630170394913607,14.135196253566674,2.3090401719532245,2.1785297413123605,8,33,5,3.3065035760125028,73.16206510259305,7,7,3,Technology,99.7781224543613
29,16,6.367832017886611,3.5026750721403883,11.227113835289734,11.300767388519741,2.0745436620035433,1.374910010772219,5,34,3,5,45.63221352168493,6,7,5,Operations,94.79861107172462
31,16,2.483490388236467,2.112596274941748,5.233556203059229,11.020987315826218,1.7616104164384891,1.5007622399169147,5,51,4,2.912900646631577,30.395973526324465,8,7,1,Technology,100
38,16,5.574067526922564,2.682567845093877,10.510769720280644,14.380681070695891,1.7407647412948761,1.626860870461064,6,16,3,3.705474142622806,51.517061467301595,3,8,5,Technology,100
36,19,13.767666773329841,3.911432051978318,22.071416449143147,16.391313297491223,2.0575972932386035,1.5327152906627006,6,22,2,3.509091284330187,75.028124747468,0,3,1,Finance,87.85492018709662
26,16,5.152223646959407,2.796130635141689,10.2218055151583,9.572157506885322,1.524622866521714,1.0764480216823813,5,15,3,4.597561708202363,91.47826491431178,5,6,2,HR,80.16754032387354
47,19,5.0131390499411514,2.217850856947491,6.820851170800914,11.217822364952761,1.6529893627483685,1.4959629139363457,5,27,4,2.219270588870004,61.96898809646621,8,6,2,Operations,87.9290134990486
50,15,8.81225077466869,4.17725945123112,12.729357933520062,11.546809764886751,1.345638072777315,1.4807409947608519,4,82,3,2.9959224708034533,63.51763662979333,1,7,3,Operations,100
45,15,6.640595290824132,4.1169740243967174,10.87437389374807,12.670388334836312,2.398517373457764,1.7165006982251667,7,26,4,4.222996737916883,66.35921676666952,6,6,3,Sales,97.23985697973335
46,20,6.486414432082045,2.7549770769384336,12.622699383456142,6.89586087258562,1.3279877694535471,0.9425871235088445,4,27,3,3.716836309005352,55.56927594577442,4,8,4,HR,97.98517476875253
46,14,6.479608015834948,3.4365302596688068,14.647211731528497,12.7845388235809,1.9240626007191242,1.877825380946889,6,26,4,2.6116055759135106,71.94291935833415,4,7,2,Operations,94.25437739585199
48,13,4.7795734984230975,3.1052253692513885,9.860048472216087,7.938516001816132,1.4732132014495518,1.28592215032379,5,20,4,4.122268487616318,58.49430566486197,4,7,4,Sales,92.94404383045494
49,16,4.044759602127918,2.4791069009956757,8.225565863546949,9.49964682854432,1.4341848249441236,1.1117921947033669,3,19,3,3.413043438246446,33.41013159937917,9,6,4,Marketing,98.3365100407372
33,17,9.749970567165596,3.5732191565388924,15.068617755531914,6.737164463902966,1.0530307478508938,0.9565664021345236,4,17,3,4.092994650633987,44.34977447652842,6,6,4,Operations,99.94392369191868
32,18,3.1281645847015422,1.921631445395473,5.188790763986946,6.122723770476606,0.8905480724757567,0.876581526828374,4,45,3,3.591007461162285,61.13569020878759,3,8,3,Marketing,90.18355818209096
50,18,2.7821670730459367,2.317698112452517,5.845782554049768,16.59275813569141,2.5124145938010445,2.3493887290778073,8,23,4,4.220846360855318,60.08288713584575,5,8,0,Operations,99.83649784599139
33,13,5.26199505919744,1.8806267734998547,7.7898642470172454,9.530107070799586,1.4333082830230124,0.9855538843824481,4,59,5,4.971839312429021,49.89670318263401,2,6,1,Operations,99.9905343393982
22,16,6.231327605593832,3.7802924575958117,14.706556211452673,10.97215675708496,1.9843765721428708,1.1277715397923531,5,45,2,3.2142846107183645,58.68811810635487,3,6,0,Operations,100
25,16,3.8276494141905246,2.270173496191733,6.531184313664258,13.582152641466044,1.9273830652579955,1.42841055192168,6,29,3,3.5103451709175624,57.04889793837278,5,5,2,Finance,94.96909483434861
30,17,4.8462398970745975,2.496024176230711,6.462638788626382,5.67496486522726,0.8262454662481039,0.7517896239699197,3,36,3,3.8038459456090217,78.42481246495659,4,5,5,Technology,97.76343860919208
37,16,3.4616171862725365,2.4127420351541518,7.009411498323532,8.720614272589835,1.736320989357078,1.2973675016198483,4,21,3,2.607026043399511,75.46452660718475,3,8,4,Operations,88.76426989221629
29,14,8.513342096350305,4.081978582085322,12.128284923913691,13.193351483420127,2.6375633984651814,2.0551737791653406,7,35,3,2.896236428346449,57.98202212045203,3,4,5,Finance,99.91717336793654
45,16,3.64890450708738,1.6019077140927338,5.04811064091109,10.078473290622323,2.0497737234617377,1.565538750391854,6,54,5,4.109109678675994,67.1803640005439,4,7,3,Operations,100
37,15,6.110953901147636,2.783500151288821,8.882906880124478,12.412604532693374,1.9827046990690733,2.3223082691522663,6,47,3,2.806604686319176,72.85549967185909,4,6,3,Finance,100
47,20,7.000782995179676,2.5103138830296325,10.022572871689718,9.107534307023379,1.8985477085842675,1.660553582048698,6,32,3,2.8065341813468994,88.20691550650301,6,7,3,Finance,100
22,17,3.745941134280445,1.4174575549187307,5.739307672920623,11.204600618790957,2.521264335008286,2.2791378467727528,5,31,3,4.89823418449098,44.75347315918422,5,8,4,Technology,99.88024019807149
53,15,10.115289455556503,4.7882000330663175,14.930991953342154,9.883990366796477,1.1398936348247883,1.126681244730163,4,38,3,4.867379832656769,78.99616324047088,2,8,3,Technology,99.88047063574078
26,15,5.340269010444636,2.998873369785357,10.140624278829721,7.88457751353631,1.0672722890078021,0.9107523633864355,3,37,3,3.7115329111310222,50.51212345613776,4,6,1,Marketing,99.8479068555925
30,12,5.898208614832259,3.128719451655245,10.528086451861894,10.25741871939178,1.2036574700227514,0.9198474682702088,5,30,5,3.592404989500624,81.8078012789199,5,7,4,Sales,100
33,17,7.4606157626042116,3.5262770601334505,11.779397918122248,8.886495888140963,1.3521229858428787,1.212287506953843,4,13,3,3.105013241739694,62.41033311045678,3,4,1,Technology,81.26416680438476
31,16,4.3454339975062934,2.4758355750848837,6.062523351378193,7.15772508348229,1.324933667160132,1.2938230627970309,3,24,3,3.6121362647693847,69.24428342125975,5,8,1,Operations,94.1330320001654
34,18,5.294012448289793,2.4388858013612835,8.306157647735768,8.476229124988341,1.362559054210169,1.037617039426166,5,27,2,4.707225126233401,77.78148547423359,3,6,5,Finance,96.8684098553807
22,17,2.7025069182621193,2.3912651961677005,6.720636397719532,11.113100086556512,1.6463641045669004,1.3287590456038396,6,54,2,4.0963593017193505,44.77147580346717,3,8,5,Marketing,99.96483031765004
32,16,3.962905851014854,2.301904449272405,7.678825269060562,5.872564168365498,1.3395888594739893,0.7847724261536215,4,11,4,4.6117317174578885,52.515973218658345,2,6,3,Sales,87.86549979599644
32,17,4.7309259003929105,2.494927302092157,6.565448438337754,9.067679228608638,1.526438859084069,1.2977195532207413,4,11,4,3.174970724118765,64.22406420487678,2,6,3,Technology,100
44,20,5.514356864443142,3.298264309136436,5.901460884350398,6.794559883600359,1.5556397827685984,1.0082512092713,3,39,2,3.611171138603346,33.26286314388048,2,3,3,Technology,96.62290574902947
22,19,4.882663613776759,2.9113681482914773,9.098548503156753,11.820406617187459,1.897774530131904,1.5287571845351045,5,22,4,2.686418299675771,52.23203152599844,2,4,4,Technology,91.1008653368797
29,13,3.5625197827674007,1.6935598559609912,5.7566435940081035,6.86104367429872,1.3210764370360928,1.1564447860212932,5,27,3,2.7999538083972526,52.21573515008798,4,5,1,HR,96.96353703947096
35,15,6.51002566518488,2.585947253128498,9.885071510071295,6.288950608231934,1.209180630245775,0.801687791888296,4,25,5,3.514562825466055,65.12920704041157,6,5,3,Sales,100
55,20,7.902192592904941,2.6769594162087493,10.834089653577934,11.579097452812821,2.003796830976866,1.7467484232070163,6,41,4,2.9933663761191975,47.498611048497544,4,5,0,Operations,100
23,18,4.443955523970522,2.2653940255506657,9.200847561219826,12.701945140639593,2.2659325988371144,2.0460306608353487,6,39,5,2.200577244089972,63.85438390118172,1,7,5,Finance,92.60321831717107
32,17,6.86192487865876,2.1829670782214285,8.477342481729613,14.04718363135987,1.8869018318415136,1.4447404918225015,7,25,3,4.546352130117376,59.34527662423883,4,6,3,Operations,85.82328050560213
42,13,8.608058038575027,4.690149766373283,13.442003609327571,8.963256938122168,1.7968467470279168,1.2442605673984815,5,35,4,4.219647262650709,42.96957507919979,2,5,5,Operations,100
24,15,6.889295167314832,2.943635435347594,11.388533413101324,6.466886124978327,0.9472698177901231,0.8802774420523397,4,30,3,2.6923336109346168,81.08840825056981,4,6,3,Operations,99.16697554588707
29,14,4.549770656298888,1.8244892861307982,5.98625566403966,12.089056976998787,1.8668610925296802,1.4396932843771089,6,40,2,3.811333397329206,54.22137713684772,3,5,1,Operations,100
30,16,8.19938949493923,4.851761549297405,16.260469926182967,10.042240328782603,1.6066332196077555,1.210106715076507,5,38,5,2.300018224562466,66.57524960048502,4,7,5,HR,99.88453529578831
46,16,6.621064522536764,3.1739534944857106,11.028897450705454,12.553146668752474,1.9063776513041446,1.5700324718462266,7,31,3,3.2252102321226106,50.51685104328751,4,7,2,Marketing,99.86758035979807
43,20,3.8690327304063783,2.079176786179803,7.253166590791848,11.068251552846107,1.9044982185124086,1.0791676061582303,5,48,5,4.420242109038645,61.73849582882683,2,10,3,Technology,100
31,15,5.756485431016589,2.446518319514544,8.871922870768392,9.481402917906504,1.7310269615767466,1.032477572141386,4,20,3,3.295469594648208,65.48529797870408,4,5,5,Marketing,79.46905253151832
47,15,3.6558403220701488,1.4745090664346139,5.7867544230660926,8.32809142500073,1.410047024935076,1.0448702167881014,4,42,4,3.226012201172344,83.02299065420007,5,5,3,Technology,93.68402050263802
27,17,6.965056430502209,3.5073365256427005,11.874716907182107,10.74968488868719,1.6894326404704147,1.5368741553963992,5,28,5,3.9076351654815373,59.23499384096607,2,5,1,Sales,100
46,17,5.1443575843364595,2.512886560287596,7.443464210441196,9.02221386733126,1.4419087303583888,0.966024872287668,5,26,4,4.499956181075534,45.756935270946904,0,6,0,Operations,97.9051342879963
26,18,8.109738952370884,4.634010438395876,12.93925709139388,5.986146183481001,0.9134832333017971,0.6658648175940444,2,44,3,4.1823558149364946,44.81764380964781,7,9,1,Marketing,100
42,16,8.142192041535221,3.3194379927643705,17.193299738335583,11.80452127160273,1.8848314522094534,1.489898872589385,6,20,5,4.179302519333455,44.83643458716778,3,7,4,Technology,95.7743806149516
28,14,15.897158828338652,6.54279831528378,17.466384480235504,17.535302688472505,2.096246511443584,2.173797857169256,7,14,4,3.6996545765207225,64.41100894224813,3,7,5,Technology,100
37,17,4.811851651368216,1.8579206095897864,8.521830673320595,7.662279323257795,1.2879681147944495,0.9699292479696557,4,28,4,3.672313825966219,70.86375744367952,3,8,2,Technology,91.18227930473371
43,17,8.242148156749426,4.889511028666271,23.83122467835736,9.688573027310028,1.7246441852773806,1.366604251026535,4,38,4,3.880055470138937,65.44765932319106,4,6,4,Operations,85.28132978311986
32,16,3.9935262750894625,2.8823364816506265,8.290874028637596,8.841678232180849,1.887125822344058,1.355272100209722,5,27,4,4.502431412790643,48.50430717016112,1,5,0,Operations,99.97673180761325
43,18,7.011559349369135,4.56721464252223,16.277847947578387,19.450530910143147,2.4666736623931675,2.289354337561359,7,32,3,3.504056023260852,80.33287995721331,4,7,3,Technology,100
45,16,4.453560844176387,2.8919308020164225,9.976715386092183,7.909736708099867,1.1544486244030068,0.898291595085055,4,38,4,4.527849554168998,38.688394440840746,3,5,2,Technology,100
32,16,6.116588387825017,3.234286278988077,9.97241914667701,12.7730858898866,2.3226899878638174,2.218960402293487,6,24,4,3.4100344211970013,78.87248678808464,3,8,2,Finance,96.7071891331245
29,16,4.4882170357642295,1.8639187994359987,6.059754479913279,11.11402756443657,2.012333125446308,2.0492633658488972,7,30,4,4.202350148078356,63.77387320215019,5,7,0,Operations,100
27,13,7.058050421096384,3.373767758443667,15.933565833958241,10.729233464161599,1.784596599336918,1.3072987857787877,6,33,3,3.8813741356497045,85.22769871838062,5,6,4,Marketing,89.90750875401244
35,17,5.653636886733538,4.480839150050613,10.474459591423539,10.26894436315808,1.5924744556411048,1.4214882141099823,6,49,4,4.000941169213074,62.594506829084565,4,7,3,Technology,100
46,16,6.005192517843032,2.9013032980837052,10.725689179001694,8.486193722642879,1.4801939652932496,0.9712614053937495,4,13,3,4.988902948830435,68.45049974580459,5,6,3,Marketing,80.95086385946354
32,18,3.4663081720189592,1.5800762260737027,5.771204848614355,12.000410167165366,1.5427352048016376,1.2698076368485136,5,21,5,3.289813274151965,65.32131950758394,5,3,0,Sales,82.59286696419824
35,15,6.569500024342477,2.961321481988309,11.648705269067667,10.075270240598892,1.7568809172794135,1.5264124118995772,6,59,2,3.888516851208964,70.67583065458442,5,7,3,Technology,100
35,16,4.488979220865712,1.93243568748223,8.025466748997614,10.083709800519362,1.4364844379434296,1.125856863967642,6,36,4,4.0704697630888855,61.07418034237743,4,9,3,HR,99.87979629577737
40,17,5.781509806205734,2.9651407177410096,11.816760128972936,7.251640946443513,0.9376929589848749,0.8246477435827386,3,10,3,4.592889902588265,75.53337210295415,4,5,0,Sales,95.55611651764784
43,17,4.1693943967973865,1.788752028629184,5.274356160836657,12.457493714594461,1.7003515490511287,1.5905197098763855,6,25,5,3.687661452165875,15,3,4,5,Operations,99.91892618525554
46,19,5.473409091952799,3.7136938330346614,11.482210993099846,12.853400318193517,1.875612287498298,1.828649828588816,7,33,3,4.014827163482427,67.89643214968137,3,7,3,Technology,100
39,17,5.8188821977633864,3.0127720684644532,14.000791800704954,14.39325510424108,2.177083530154579,1.8833455231688716,6,34,4,4.198160047123454,57.09581503864144,3,5,4,Sales,98.14889332388994
26,12,2.8557823915628644,2.8557823915628644,5.097728179928632,8.584425937591407,1.7309491553271457,1.1632173710915559,5,28,4,3.71622609923789,66.4279607846195,0,2,0,Marketing,98.00676617812708
34,19,4.391030617346738,2.468558691735844,9.943403437243466,6.704640825544008,1.1203648800334967,0.9505880008402757,4,36,3,3.103627368659399,56.765744459814584,2,6,0,Operations,99.97675478692778
35,17,15.785693073845495,6.719023379428504,30.58743028802769,23.54902227374958,3.79969424736787,3.4216779159406174,9,52,3,3.6205003032820735,49.55832262901633,4,8,1,Finance,100
36,20,8.491685891142605,3.748365405814735,11.612092886404747,8.037567803141245,1.6403135210736095,1.2920341215587383,4,65,3,2.8089389871982124,41.804471076830154,3,9,2,Technology,100
23,19,4.292225243561986,2.817777589801906,7.892507669468627,6.775136854871135,1.0271883786324636,0.7244856955644756,2,39,5,3.197001689087709,54.05674915258461,3,5,0,HR,100
39,18,5.261716263471325,2.6719944984105477,12.10036919448157,11.293706130467095,1.7639361536025486,1.4404880682864423,6,21,4,3.4261041723114616,64.51380848860131,3,10,3,Finance,100
40,17,5.841073938350089,3.4615179217847847,11.064072738291786,6.254593258348983,1.0633039153331716,0.6945205079843976,3,74,2,3.901608931977011,43.176520723091805,1,10,2,Operations,100
42,15,6.232343067421266,3.522376672963781,10.739926359747606,10.164781048876298,1.8668097821202743,1.3962198513342379,5,7,3,4.329459869526918,51.39400923294379,3,6,2,Finance,98.4351325045846
27,17,5.961411857374483,2.496286057645219,8.11525902875171,13.594780228402062,2.3353627415024585,2.013316112220405,6,40,3,3.807404402111404,48.417905329251816,2,7,1,Finance,99.99143847674937
22,13,8.255525164622153,3.3440941242270474,10.306053947109103,11.950441728163689,1.9685832982746307,1.3424436589052293,5,34,4,4.406773440327026,49.91741408757089,4,6,1,Operations,98.54460187593291
36,17,4.260569651543355,1.8743171514958026,5.424517470309006,6.066031989548065,1.1477186675087456,0.6622893305822835,3,27,4,3.420148574699888,37.501325416332215,4,7,2,Technology,94.82362320051813
51,15,1.7308376563956507,1.7308376563956507,3.5404819529657265,4.825396767126605,0.8150979898259466,0.6620690251963547,1,48,4,3.99971285038974,59.68550575959937,2,9,0,Operations,100
52,12,3.492612289228788,2.427489966152905,7.3158138052214,15.546641754005437,2.0150129503196763,2.5337572826288732,7,20,3,4.090539724619718,84.76849266401427,4,6,0,Operations,99.88067014364233
27,17,9.12344699212175,4.181858718230055,21.75607080560193,11.824880593293749,2.1548571835898858,1.5499966879054603,6,13,3,5,42.528848439149826,3,5,4,Marketing,99.91265045442398
38,15,3.2192687691885604,2.537053311795338,9.400532747965826,10.176603051728067,1.394111869080682,1.2467756167185249,5,16,3,4.02158310696458,79.7035860083347,4,9,1,Operations,90.63981760228783
31,16,6.8542871141116635,3.407157889747743,11.350003459012887,14.337462397098124,1.9876619010794827,1.4425814564800412,6,66,4,4.037910299906497,81.72990604970578,4,6,5,Sales,99.87293778027552
46,19,5.167661208320154,3.991377873203453,9.313004553158041,15.292731016527927,2.1807311779526786,2.3173930258863,7,42,4,4.025569897242703,58.04294268966758,5,8,5,Sales,100
39,14,4.321971190282835,1.9055976861039963,8.615987247643263,4.107748442529174,0.9302861127595832,0.500665378177868,2,17,4,4.501798371693441,63.20980695356551,3,5,4,Finance,88.65355035736394
33,16,2.951055898337967,1.8901127781832796,5.0644786408965174,20.133710254599315,2.8055140308969833,2.501064880594134,8,16,4,3.4047093972665023,74.97872142427767,5,6,5,Finance,84.83784504652644
37,17,8.298733951517377,2.791163621850036,15.062793429254786,12.913662443199131,1.945730217146264,1.7921331953763704,5,45,5,4.817810304722373,74.40818992040221,5,8,2,Technology,100
22,16,4.116394993688934,2.0891744520251767,7.870380692273328,8.311612839583756,1.6437837186914415,1.1418707668512211,5,33,3,4.301748570028082,70.213813537611,4,5,0,Operations,99.91431881472938
22,13,6.092505186253056,3.7880935233142186,13.055495351862755,14.278850012923009,2.2250159494251234,1.6684516976591672,7,26,4,3.1833064369344126,40.5139652001323,3,4,4,Operations,99.97517650008618
48,14,6.652767452033206,3.7060560065300576,10.931213553615759,16.62586862290386,2.098125284364254,1.6850029245645108,7,22,3,3.8943334491357544,62.08433251569744,5,9,2,Technology,86.15965807626087
29,15,5.111787626568977,2.7345911688241062,7.837296178168759,10.440340736663815,1.3566126060484944,1.0605831358191868,4,32,2,2.5775935545006026,39.954707571488846,4,8,4,Finance,99.96440999918018
44,12,6.2107808783949405,2.8979606369089943,18.771561323842636,9.492344734596369,1.4084955350071802,1.386459717196016,4,27,3,2.8215980887893712,77.28167959471746,1,6,1,Operations,99.94987876716245
50,16,4.579620099989159,2.3611063925921245,10.501358225703793,13.774943341607921,1.7656317677087672,1.6632462024403913,6,31,4,3.5993296943891258,52.78543895963,5,7,2,Operations,100
49,18,6.9964137913029285,4.532230951666766,11.015383412585296,18.257353030128705,2.535465518676332,2.396297407713618,7,16,5,2.8972909920334096,67.91808389061792,4,7,2,Sales,100
40,15,7.26568888288098,3.905636096839576,14.836694676791845,13.90628038652424,2.1434985358405423,1.566205949407507,6,48,4,2.450715340786145,49.573417183769095,2,9,2,Technology,100
35,20,3.1994325112185797,1.876439494297295,5.254745564960861,9.919175590823324,1.6383388091914595,1.5118528634623236,6,52,3,2.7077408679561135,50.591374411533955,3,5,2,Technology,99.98487787560735
45,15,7.718688303993513,3.634589660261591,11.26729465203303,9.033038282770244,1.6797850698213144,1.38741297791508,5,36,4,4.099010481215286,49.979825699093944,2,8,0,Sales,100
34,15,3.465737351851137,1.5912811495378414,6.460445854469143,10.083795203747323,1.8340560346726056,1.6527303846078871,5,50,3,2.391754364152521,68.47589304957208,4,5,4,Sales,99.96120424362599
26,17,9.64395390769878,4.896276140619239,20.594166137412465,12.61582461904642,1.8446750470416677,1.4933172413231106,6,22,4,3.0298809431793403,49.56622754307643,3,4,2,Technology,97.8780074513585
48,17,7.458013632797156,3.5952728970658545,16.784059196153034,11.89899620934787,1.9640058601056112,1.7765856463688197,6,14,3,3.2016558929804138,67.79467733350432,5,5,5,Technology,87.49937889053962
30,16,12.784403116296199,3.588972687238959,13.967096893786616,14.127888494711536,2.2408881792488757,1.7071265234204491,7,22,3,2.8016793359838745,57.93588045699063,4,7,2,HR,96.06608040122474
33,14,6.18088311140708,2.7909324287424138,11.692286124459919,9.374538542710058,1.4631915129164266,0.9424506434915997,4,63,3,1.6874241863712147,66.39954413046642,6,5,2,Technology,99.87153218341568
30,16,4.266769506004014,3.2935940400018944,10.824098655197227,11.878967168244252,1.9897953067913994,1.4541502367015429,5,26,5,3.7820330755214373,65.82403061380067,4,5,2,Finance,99.95850260991
35,16,9.675439224960792,4.3190420397084335,16.146539437400644,24.39670411283392,2.869953575294271,2.4830066706432,8,16,4,4.229458333476241,28.620110634416655,4,3,2,Technology,99.30897834607187
33,18,7.170179872612811,3.3149440314627863,12.795565651226735,15.857537250909887,2.636221014946746,1.8276729369411475,6,52,4,3.813906674965116,77.77988822182428,4,6,1,Marketing,99.83582524631068
46,16,3.911166989387937,1.8058694452718538,5.8197548498647365,12.809490235991381,1.5173264018496089,1.4173897246289098,5,42,3,3.6032240272750173,63.51401053172385,3,6,3,Sales,99.87874346657736
43,20,8.393091522066642,3.4981974437685115,18.221398086153666,9.099692865918678,1.172212663626645,1.020538081447514,4,63,4,2.8868405362945,64.52225668451067,4,9,4,Technology,99.88384697867798
32,16,3.6430763149569003,2.4074978480296783,8.774746678999794,11.236433033857269,1.5261465856077205,1.5447532894090146,5,39,5,3.7145456671739914,50.60539235084077,9,6,3,HR,94.76112774993324
35,19,4.9484674716226,3.62185707111,10.56750633818307,7.830302670905265,1.3399539284825175,0.7558654925032617,4,21,4,3.4960497003336433,70.3200427671131,9,4,3,Sales,79.70634754547069
24,16,3.948460029024285,2.116211454942388,5.049487979673967,14.612861611562161,2.5473831951502586,1.9014444209344517,7,37,4,3.1768286437597224,62.4386645518701,6,6,0,Technology,99.93203606285263
30,17,3.4433997127188607,2.1123847855278353,6.216042286096605,8.732076871448124,1.2617666330161041,1.0900991838907177,4,37,4,3.6908826074056695,76.2360364098316,3,8,3,Sales,90.21473121690236
31,18,2.86085577758322,2.114068557884494,5.763818496401061,5.711366684510736,1.0459083535713547,0.7395095776203693,3,17,2,3.511266134487935,44.867772550480105,2,3,2,Marketing,67.77138300561083
32,18,4.444876759692678,2.618911831431565,5.615904254527241,7.862865482166778,1.057420701989785,0.708167125752051,3,45,2,2.4009036482915023,45.816322983057745,3,6,4,Operations,98.0982042536589
35,15,8.452342667844551,3.7794611008690295,12.909188590058033,15.912526052938869,2.6226864127926226,2.1618990772511046,6,27,4,3.7177803703025174,75.91762119189326,5,4,1,Sales,100
25,18,7.5913408743099735,4.306275516195147,11.30161880635594,9.038102414149813,1.8237604702669938,1.6049528729095266,6,41,3,4.208007369833779,58.364952228003474,10,6,0,Marketing,100
42,13,7.115148263127742,3.922348169959848,14.047204958802551,10.552199893227629,1.964534026353291,1.3191544848267363,5,36,3,4.682662860739484,51.873356012414575,5,6,4,Technology,99.9973387209125
28,19,5.140964883241142,2.4978282105114777,6.701917876188357,11.614689074314374,2.0015409506555666,1.2587555879935386,6,40,4,2.7933093601090304,64.52834599102155,5,7,2,Marketing,100
40,16,3.8821301867380282,2.4129935899322503,7.135662326315072,10.15384489116554,1.5515416568023208,1.2487433097281073,5,40,4,3.8835401651144985,63.21462631248986,2,8,3,Operations,100
35,16,9.264354382658793,5.088936415040181,15.038120863036353,7.957302669635822,1.3454331704376918,1.0396396348745098,4,38,4,3.31299057197622,65.08595429390435,4,7,3,Technology,100
34,18,5.709389203715103,2.1380691320813554,6.517691306317716,11.025696237328967,1.6048723778140055,1.3717551905921292,6,31,2,3.604138474010523,65.50978916239092,2,9,4,Operations,89.33006215649398
36,16,9.08575590553997,5.716291478901905,21.159123889172307,8.672702818022128,1.6899005993089466,1.318194125935674,5,61,3,3.687826140612967,62.186484585006674,5,7,5,Technology,100
29,17,6.139718809834841,3.3943443353188307,13.967006955270474,9.564003551249098,1.4699109273531825,1.1733782716123113,5,17,4,3.0039510210566482,47.9650693521094,4,5,4,Technology,81.32742260742148
31,20,5.534261307101916,3.136232671830171,6.734928195953487,8.354088689156928,1.5407060325976307,1.281974410832162,4,24,3,4.10229872838098,83.95777742866701,5,3,4,Technology,91.74505710149411
35,16,5.58503460335152,2.5161594485901237,7.157721019177888,4.565887591278507,0.8599081340489859,0.7221401807433664,3,22,3,3.6788396056424406,61.72435075002214,4,5,1,Finance,100
29,17,5.892133719033849,4.986846392485281,12.120265434385999,8.571616571996305,1.3199621732106868,0.992659197599625,4,36,4,3.1780319334082203,64.67285064073472,3,8,3,Technology,99.99440765611305
34,13,5.11383671373205,1.7940031952666107,7.220651282411688,11.075441229743562,1.5899157667527215,1.6526767421644728,5,40,3,4.190462848448377,30.207358260600678,6,5,4,Sales,100
32,12,5.044726131152357,4.557357867171919,12.478291705822448,4.307203555108508,0.8342412821278764,0.5314644389078924,2,25,2,4.199976661385201,55.17418080516732,4,6,5,Operations,88.4450401188893
24,15,7.12279861176191,2.7787056204003395,13.193264666849092,4.331926026700146,0.7723605707355913,0.5805099329009222,2,53,4,3.49925975316527,61.21353541582348,4,9,0,Technology,99.94572962696533
32,18,12.489371041080108,6.7319167867108805,22.614273703888813,7.043276497991335,1.46494116221194,1.1775037366095293,4,36,3,3.6027992230449306,60.848027549397685,6,6,5,HR,100
29,17,5.211441154058515,3.4862424677498436,10.003834191656962,13.186361126553734,2.3488315373358795,2.36955147602993,6,22,3,3.895887145203314,53.16352909348765,4,7,3,Technology,91.54213517095747
30,19,6.282040712209441,2.927068577062043,9.897513181461212,8.025187483713392,1.3207459466354086,1.0993640634279993,5,23,5,3.511567021784714,61.75377455955776,2,6,5,Technology,99.78609291151211
31,18,4.894074498873827,3.4111336981102034,11.429827775771587,16.063757884901896,2.633207662498284,1.9503070634150101,6,29,3,4.410219937151861,67.24324805792978,2,9,3,Technology,100
30,19,8.105878098245535,3.0365813320608828,13.959138190941117,11.979027767397351,1.329578731944812,1.2307941401615194,5,41,4,3.3984765215718373,67.35852191159286,6,7,3,Technology,99.9656640322333
30,15,4.734967073909507,2.683223461768545,10.44483298950122,15.224496776056057,2.4255603773002363,1.6543109078554081,8,64,3,4.301316447449388,64.4002790586244,2,6,2,Marketing,100
38,18,8.49201313730895,2.8818575375979396,12.232370528143019,8.886185346701096,1.471895601025675,1.3104040173806273,5,41,4,2.1925733535103014,48.087569214933474,2,6,3,Sales,99.16418636289227
29,16,3.9181046026268964,2.001226806256816,7.871033347680671,13.111051307680428,1.73704478895154,1.479624019068613,5,18,3,3.599772664041957,41.78747698630523,4,6,1,Operations,97.5035202184823
30,13,9.863439611061754,4.4915129440973445,14.380037198210006,7.070277814694162,1.0655856151149647,0.7577509932608341,4,29,3,3.5239795798241875,57.19570561084496,7,8,5,Marketing,95.61759917870415
33,17,5.0950951420845145,2.1266718482069313,7.852175036422311,9.110509833348527,1.1609388211631164,1.0075218519517757,4,17,4,3.7059775640457717,69.07511809246898,6,6,5,Technology,76.08242223490525
41,17,6.208975294840465,2.7808491431808946,14.276513970640778,14.54890028978128,2.905420439199468,2.0447660216289467,7,18,4,3.012713492694724,89.86494847927422,2,5,3,Finance,86.15751264490277
30,16,4.843221290136044,2.0142436852079073,6.737615313543115,11.89075982615681,1.7639471889132414,1.5291338671179338,6,21,4,3.885468063837734,64.13445407397721,3,7,3,Operations,94.41390525002096
42,15,2.7597102597315177,1.80190849682613,6.498005662294077,8.449779479473811,1.6989886041918418,1.066778682408916,4,99,3,3.497690032971669,71.17684969712687,5,9,3,Marketing,99.97136717949682
22,17,6.072309729970938,2.3853166006074833,10.419413871545261,14.623622853539375,2.532363100137291,1.8673731344911333,6,44,3,2.8843248445148344,51.33855810719385,6,7,5,Sales,99.98282641469731
45,17,6.030855011595166,3.9104547221833608,15.239381245918457,6.919429882990954,1.3684239955806043,0.9448388175651055,4,9,3,4.081101577667414,58.30737531926799,2,8,4,Finance,88.61983739018967
47,12,6.891288084248564,4.20495588537126,11.48619194277919,10.426749982930112,1.7587241233264328,1.3268031671742886,5,69,3,4.099738355411284,53.290206992393706,5,8,5,Finance,100
39,17,5.705747494688599,2.9437269989066945,5.765467481553056,7.989670009066657,1.3021994037635674,1.0540050343158252,4,13,4,4.092536104677946,49.52047604779627,4,4,2,HR,96.52023486996404
30,19,3.998750159793725,1.7995205797789884,6.36981467175948,9.307153082937043,1.6973905744522317,1.381813141808532,6,17,4,3.3489427273982075,64.4085487993087,5,4,5,Sales,99.78164313757327
45,14,2.7747653648653117,1.7929729222762911,5.280452735385215,12.289647296727297,2.014929574480199,1.6071240588970455,5,22,4,4.095648464246593,60.188924615185186,1,5,2,Sales,80.54798118767748
49,18,1.8595031154544317,0.9237736426940178,2.3,10.625152134118446,1.5721606746888575,1.3394110055142505,4,28,2,4.512210828157724,71.81321058243746,4,5,5,Marketing,99.77178085190592
22,17,3.003082124543724,2.0278296450220186,6.749436744018188,11.47675239365272,1.989134270224911,1.6656467377403015,6,37,3,2.8044696487131056,61.9578607440052,6,4,3,Operations,100
42,19,7.045802191326599,3.304098503954005,12.700145204970193,11.052943259245131,1.405262106600536,1.3123163627503178,5,22,2,3.024936454305753,62.31609435944544,2,8,2,Sales,95.28364366482671
26,17,3.789227261257701,2.316548537694345,6.387880822349026,8.421303300477145,1.1648754676105046,1.0091849478543025,5,16,1,3.5960523608761763,95.56795840885445,7,6,3,Technology,85.53387655342475
35,18,3.5007198181611474,2.0769411317462776,6.817700995318489,16.75630863238782,1.84461904424986,1.7919454348473478,6,52,3,4.976599437681196,74.32338325141237,3,6,1,HR,99.84651041330763
31,16,7.149990137495067,3.2142361536317887,10.906703364908065,10.353833401076141,2.0933138604898134,1.708791177491375,5,44,3,3.6747274640057563,65.94392534261333,4,6,1,Finance,99.96681007145578
35,13,7.3041797141155635,2.7314964374297097,11.20065666706088,8.306259535263239,1.5004024199584414,1.0730757241421653,4,71,4,3.5768052709282054,87.03177026445209,3,8,4,Finance,100
37,16,5.289378579481309,3.206381812787841,13.13842625289372,10.457857688382875,1.3260845047287773,1.4685591856104063,5,7,3,4.395081233086821,52.411335284055994,5,5,4,Marketing,99.0123699008457
39,17,5.059123744392283,2.104259388520516,6.068507120365317,5.854315185470394,0.8879925490829877,0.7626378157697933,2,19,4,4.1239624250527855,63.69658927568676,1,5,1,HR,90.37585161307351
35,17,7.255748212129639,3.8068891688175985,10.789497894483365,8.829412863264256,1.2892314519159533,1.3893789965824859,4,26,4,3.3845791830799525,75.12792546598526,2,7,5,Technology,91.85049755381601
30,19,6.660210888131048,3.1006792754441523,10.602958722647823,7.3086748470653005,1.1655348954911497,1.0569296216751494,3,40,2,4.596176813301575,57.59935808986905,5,8,5,Technology,95.52858238811345
45,12,3.410570472261465,1.8325774520595925,8.14495352998337,14.260214300866718,2.013443145213996,1.7026901413440314,5,75,4,2.7768268967852587,53.05612031284166,3,6,4,Finance,100
53,15,5.590593220982518,2.9980224139735907,13.451369794857577,5.221759604780848,0.956350445958364,0.5111072367501693,3,8,2,3.8695986829646407,94.48031770550959,5,5,2,HR,86.9882828767081
37,12,4.359648893817806,2.397000252476828,7.032415109804293,6.887850541530425,0.865531720873296,0.6354347711510947,2,32,4,2.489746543074974,39.71622886960564,3,7,2,Technology,94.98782765947288
43,17,4.3630224004609435,1.8856156406460287,7.588817685000133,15.197996290432155,2.4850381064038083,1.766192248532838,8,30,3,2.4106732703854177,28.971956717089245,1,8,1,Marketing,90.66513676955078
27,17,2.791172815904276,1.781619873200755,5.772168400984391,14.981744588478213,2.161333121375216,1.7029470893189813,7,22,3,3.362229037180706,63.95280506511744,4,7,2,Finance,99.92118828264692
23,19,7.890653936978877,3.8576614682861923,13.036676957728707,7.980525133863502,1.3251085588931881,0.9377310886659327,4,23,4,3.70156781149847,78.32276106737922,2,8,3,Technology,92.11669373387502
46,15,2.6467489487899694,1.2999879464034003,4.053890322269069,17.197877326226482,2.6856981721763336,2.3816885038857167,7,27,4,3.7789965207438594,64.51569951057326,2,6,5,Operations,100
37,14,6.72575238076006,2.8695382671185152,11.4348341947967,9.369968621815262,1.7271410159800236,1.4060206419504457,5,8,4,1.3844272077844566,52.64524971556511,3,6,3,Finance,87.52107215301855
40,12,3.045272776405529,2.3136335482539185,5.900546574396058,10.645854628138238,1.3199974241226067,1.2920555626343653,5,77,2,3.126805623060298,92.94112176382002,4,9,5,Marketing,100
48,17,6.910767374419887,3.630612139949224,11.629436663787972,6.313083269108084,0.9514047870878202,0.942943516799942,3,12,4,3.687569595356993,72.88645177381308,4,9,0,Marketing,99.16467922738235
36,19,3.2907977992324815,1.992917036581982,7.421508409301792,6.500849498047086,1.2105122911934176,0.8578976611211458,3,29,3,3.8454867837729916,55.485279575847116,7,8,5,Technology,99.19728534873346
60,16,7.256421555594337,2.989136497406358,13.73524270530013,9.520657959086195,2.020025859848012,1.7047917628468252,5,32,3,3.2847852190521296,77.16749170894711,5,8,3,Technology,100
45,16,4.649731247145698,2.692734684033929,12.524578178045438,9.029293533345458,1.2425036474532212,1.203817333379259,5,38,4,2.6113289776496056,55.5497480043556,4,4,0,Technology,100
52,13,8.117458326430473,3.886337690235934,20.7202511755074,10.949415424502375,1.6722798005065538,1.7432781076925263,5,25,4,3.921294532602692,60.83542674758964,3,6,2,Finance,86.32530348038762
29,13,4.391095180689059,3.030517380701982,6.006821892457613,11.124489327049044,2.1306285044519813,1.664772348207866,6,25,3,2.696459792391096,58.98187618252703,1,5,2,Finance,99.83070253013197
41,15,4.601171298794854,1.7836034176908442,6.219983631481039,6.439509417079247,1.0200745460574023,0.6734658512288225,3,11,3,3.805328849865325,55.14816632648573,3,5,1,Operations,86.31112776112337
33,12,2.8253444163493002,1.4821575438009993,5.198861123985017,13.22589084050944,2.3156964729701923,1.522984939299818,6,20,4,3.182790164068509,57.71113204312556,3,7,2,Operations,86.59519388296526
32,17,7.519617003098096,3.7578823377345008,11.987261448997986,8.283335162118188,1.3808277498767252,1.2361596888344581,4,35,4,4.290105821203699,70.9268144288523,4,8,0,Sales,100
45,18,5.398770631450471,3.269568552114789,11.051830551606233,5.999704458910806,0.7904139781155283,0.7223732631075236,2,18,4,3.308201142164298,55.745993272296374,2,4,1,Technology,73.19988562521893
45,15,3.8713312634779395,1.8010527055423424,8.214925694887311,6.525710562729776,1.1070971539409242,0.6112004720811995,2,19,3,4.61916718037238,42.84970269227132,7,7,5,Technology,95.94796474677118
35,20,7.480447967403488,2.69503164872548,10.622420613717633,6.993774898653714,1.02864765441474,0.9990895121948811,3,56,5,3.5154120119033014,90.9474374161371,5,9,1,Sales,99.80999684363374
34,17,4.4594350102670415,2.0638637077512585,7.347212275595179,6.533904392193485,1.2604131935361547,0.8164575638105518,3,44,4,3.883731563504159,63.76208504389561,2,7,1,Marketing,100
36,16,5.607612300315736,3.3180574165011896,9.024432669240705,8.59913524464259,1.287970144225011,0.8228598808769315,3,29,3,3.733084667336845,68.261378954592,5,8,4,Sales,91.7293077883419
43,15,4.372408281324274,1.488233930382539,7.823234294945813,7.089412066466182,1.4519774797072063,0.9719671052669528,4,19,4,2.7902556530054627,73.25889207721596,2,6,1,Sales,95.77565396478566
44,15,5.684467169977081,2.3200927176520874,7.449054334004204,8.70696447112161,1.1847770816561036,0.9247005496586768,3,33,4,3.991500481077047,62.73510646850436,1,5,4,Technology,99.89834026162646
45,13,4.639740069243519,2.332721661244298,8.946051693702346,14.13391703694152,1.9728762993401123,1.6068285677653882,6,63,3,3.40809396758379,67.80130048913907,3,9,2,Marketing,100
41,16,7.01160544120978,3.2184625366637145,10.600128603297703,7.263246959951146,1.355363508340292,0.678329964142009,3,33,5,3.022474407596232,42.07282078577577,2,7,1,Sales,99.81890703308726
43,12,4.012873358819174,2.2017707874000734,6.455429757777566,12.306934694310796,1.8778175146172187,1.557651789922013,6,25,3,3.2178908487720843,56.62263727718918,2,7,2,Technology,98.38449929842741
53,19,9.66442963426422,3.3045525885248974,19.04512157197882,13.932882595065609,2.1272278671038825,1.6334535432270585,6,31,4,3.2049414175134507,78.84149155491289,5,5,1,Marketing,100
48,15,6.231623667557733,2.6936289958881576,8.133509374675821,15.710088694382527,2.691626336005292,1.9761239794248617,6,14,4,3.4943761889630442,50.116222742563636,2,7,0,Operations,83.77250213789881
24,13,6.717021114471913,3.1708244775699788,10.745583448956781,6.912692669433816,1.1876341036694018,0.9605492189876923,4,36,3,3.0114882415605293,46.587903932514955,4,5,3,Technology,100
36,15,6.860058276169218,3.794788010763533,14.154343618840107,10.601252680674614,1.4759967308598974,1.201100718600639,5,20,4,2.707557235107477,37.848271129495004,4,4,3,Operations,94.96768480080183
34,18,5.388728532090607,2.099648301411214,7.442501261857462,7.267404569455967,1.401374183460044,1.0372068247349118,5,49,2,3.9768265040851825,70.64151151053521,5,7,4,Operations,99.89362531098031
22,14,2.8152365873126515,2.0940048763257244,4.907056325242272,16.479406013396098,2.4232536420874156,1.7950936228951477,7,66,4,3.181759000211298,62.96616590797463,7,7,3,Sales,99.9147201909297
29,13,3.9165547191823014,2.5129311837368142,5.513043754916659,9.771687969796579,1.8261316712258537,1.3298769875998162,4,16,5,2.79068929954529,77.9139846898734,2,3,3,Operations,99.02990397986548
43,16,4.294287031071935,1.4114185684081484,4.872352594679714,10.171940356131495,1.9595758551999898,1.6729757551248556,6,26,3,3.3183801243600737,58.96797681475315,4,7,3,Operations,93.03185482939844
22,15,4.66285934582483,1.683968636677193,6.171255337581282,10.69736491899592,1.7210678849959842,1.3534248646234364,6,12,4,3.884450421138237,50.7537136779324,3,6,5,Technology,82.06257461492271
34,18,6.22318493726617,2.3123758424935317,10.215104185837475,10.589507245847027,1.7149577273800416,1.4011225454934442,5,27,4,3.5166015139586912,15.071759133537755,1,6,3,Technology,99.80900035945146
33,18,2.8968175646318364,1.9116125190377549,5.996903826496562,13.367397862394077,1.9063345134833516,1.713770245102754,5,33,4,3.316139264556413,75.23536814998933,10,4,4,Sales,88.98867338411338
33,19,5.551619767020764,2.088186749364406,12.668075661799032,9.05580183195181,1.0887654441052463,0.8937601848731014,3,18,3,3.5290018949981676,66.18271897979028,4,6,4,Finance,84.20287639883821
22,15,5.179431024473126,2.817391722464504,10.752590336279985,5.515483592656216,0.8271103101287285,0.6787928934190686,3,20,3,3.609162411476853,52.702006883158695,3,6,0,Marketing,89.05597848665371
41,19,3.1931740925633973,1.6208555233449933,4.809041247535183,13.941526359275958,1.9919956442106144,2.421333528169482,7,69,5,4.289905361856283,57.91515238668668,4,7,2,Marketing,99.85826928851566
29,13,3.7834328600094453,1.816019084954938,5.750505571722776,10.63190217932958,1.4297924225732603,1.2087222552290426,5,30,4,3.4088667324610364,56.502267269719546,5,5,1,Finance,99.11139599395597
22,17,5.395186622110074,2.6852416620671957,7.55224354365801,9.871358244274983,1.1260166194546803,1.2247611945500687,4,31,5,4.581479379367929,75.52324243576388,3,8,1,Operations,100
29,17,3.4827287862677405,1.9854096367074232,6.8814320114928815,6.9473434069843485,1.1885412930105712,1.0315470688702157,3,24,4,4.230479969615352,55.85197622762493,7,7,0,Finance,100
44,12,10.069564227266802,3.8862354254897213,18.235872207677865,6.783767006679543,1.4570689274987134,0.8616397595337457,4,32,3,3.4059503591307583,51.90521186674939,5,4,3,Technology,99.63182924354602
37,16,5.874754935516859,3.6787892014653503,12.348066555234311,23.597909895072657,4.251040808130927,3.5046501927348466,8,28,4,3.695150116432954,47.53039211720026,6,10,3,Marketing,99.9889820391581
49,19,5.031279180443329,2.203517296011536,6.652349757507336,11.594054525033114,2.1182843381887797,1.858923722945792,6,18,5,2.511347586479858,51.87259499490944,6,6,2,Operations,82.61236284729553
29,19,4.3087381799722335,2.392433985259613,6.683823060281785,12.667396701946005,1.5937484929660017,1.6380073139877025,5,32,4,3.2806232063107923,36.35545593917169,0,6,2,Technology,99.97677139016707
45,18,7.926768222402716,3.1861564256178427,9.639495328945303,13.872773743143414,1.8976039306930623,1.6608216986814093,7,62,3,2.691490649315541,51.55468563284947,2,11,2,HR,99.81772598336545
36,16,3.3924971463311446,2.470108080732497,6.943028823360833,7.063915025702982,0.9844523831864276,0.7442007298611069,3,36,2,4.716150443846943,51.99524695573021,3,6,3,Technology,99.90293105814014
29,12,5.655275858957627,2.7114635656687684,11.969352869793907,8.070088906329653,1.2294236727083734,0.9268470827489166,3,50,4,3.294131635845937,41.667113203709064,3,6,5,Sales,99.88976111528714
31,19,5.358547241774226,2.510191575883099,12.051249790135271,12.72772203792868,1.8379358372177843,1.8025346735385528,6,32,4,3.801517205932141,82.48624559802015,6,6,0,Sales,100
33,14,4.3863846655322964,2.783468395813389,8.39258514198525,11.288363631270359,1.8796901822483976,1.5431233429448374,5,43,4,3.8765979369378334,83.48468157803624,4,4,2,Marketing,98.53959819093151
31,17,5.813769870670547,2.824023697550678,7.77294840890709,11.890121046670066,1.6840053220762958,1.3285828193452847,6,55,4,3.6006441684319648,71.45698509004076,3,9,0,Technology,99.99062220941828
41,13,4.97512179970088,2.887106786264543,11.894110929782753,10.306126632193822,1.6123203938536608,1.277008116342751,5,38,4,3.010040801022942,71.60050643801358,7,8,3,Technology,98.69557312616715
37,15,12.59371115189113,3.604942367355248,15.088764528461933,5.421176860784054,0.8763585808552452,0.7187415115361353,2,37,4,3.2754624200043256,63.22162255428037,6,9,1,Marketing,100
27,16,4.0762325422600405,2.406255064849458,7.792038667476754,13.977774120609247,2.350440557483873,2.0712513744792975,6,10,4,2.9195640980032826,61.31302642537428,5,5,0,Technology,79.1423433501742
30,18,3.4814768981648694,2.9001962428629118,8.019410703241535,9.52102392746202,1.3743325973779654,1.200488572915623,4,15,3,3.9886367775749396,78.21317319422604,3,7,4,Operations,83.98783471092867
32,18,6.384514913674239,2.669552339482335,9.237686009906657,7.734207496737966,1.3242268897261655,1.2025551569233168,5,40,2,2.473132067505976,65.44057673997214,4,6,3,Technology,100
22,16,4.167194431752547,2.0782311885032785,6.526220409266501,7.4968780790582805,1.1708286835265431,0.9058096525475527,3,24,5,4.423280549839187,31.441138976056852,8,4,1,Operations,89.46836694422218
33,15,6.829268776317238,4.694276453488772,10.880225013378556,8.900611996740217,1.7256591479839674,1.375021676655174,5,21,4,4.235629805216206,53.33987788250434,5,2,3,Sales,93.03747167956489
28,20,3.4819479613270135,1.6741861260947242,7.3356339490659055,10.30540444545059,1.5643585468606458,1.6259061586217438,6,70,4,2.101875699664343,54.80548423306243,6,5,5,Operations,100
34,16,5.20078721287869,1.7998298032900286,8.420709674028606,8.880607568927621,1.2072445460962842,1.029356854279295,3,12,5,2.9002196896227423,43.997727298751364,3,5,2,Marketing,96.2709238324482
37,20,7.494420603120166,3.5769386353423465,15.014551326045373,8.69595563793758,1.8028522840573808,1.2303304533215156,4,30,3,3.0945634667957345,67.4391223077641,4,2,2,HR,85.41549382596153
43,17,12.415557474859048,5.16788277368997,16.844594396847626,6.8843784774260515,1.1132515306526447,1.0372231227084494,4,41,2,5,72.67990910453909,3,9,3,Technology,98.47264019106389
27,18,5.530166765056016,2.2275407455651055,9.952090026066628,9.347360272876863,1.6576955061774075,1.3788025430742141,5,64,3,4.228892532993409,54.589342414386,5,8,0,Sales,99.7983063891383
43,15,4.477535255856934,2.5916035752139464,6.895874510597331,12.548687564907274,1.666802782799782,1.1871885674446199,5,28,3,3.7064016437995844,54.28753088012527,0,6,5,Sales,100
26,12,5.022170767775956,2.6301017580265493,8.410492694681428,7.508147036823371,1.3154504514018441,0.9171942083153615,4,12,2,3.797312756787548,93.43116771789241,5,6,0,Finance,66.90672623615028
42,18,8.320800196897157,2.5944436612938406,12.209696816606717,10.117280685226497,1.4893616693610665,1.1463790635836444,5,24,3,4.810678079079322,55.27461062851426,3,7,0,Sales,100
28,15,3.4617578313339745,2.003009396777934,7.7186644672991696,3.637564751563198,0.6727931626724898,0.43,1,26,3,3.5972535810593436,73.3886513794134,4,7,2,Operations,90.37816252324497
37,17,3.654251927637266,1.6586101114609844,5.387064043907863,7.932299366885631,1.489775545613459,1.3298822923672164,5,17,5,4.207513716573756,60.95522634533384,5,7,5,Marketing,71.2465157079033
44,16,2.505101831461045,1.5483624369787707,5.102537002743339,15.65335381181148,2.4822982353874865,1.8784493001351343,6,34,3,4.20359945731533,50.96265022725981,1,8,4,HR,100
45,12,5.965105612884012,2.985352096567297,12.578211982800207,15.225315770352598,2.5030508587602953,2.0915321198987376,7,35,3,3.3040341101727977,63.06413275445747,4,8,1,Technology,100
35,16,4.968694502847564,2.9829969807664893,7.975463004557545,9.355575083272075,1.41977187469621,0.8075164123070652,4,25,4,3.3876640171875616,50.95534595327737,3,4,5,Marketing,99.90285129197201
38,12,5.803459736346079,2.4680758014311746,6.513981162776555,10.392939197761491,1.5294876108728386,1.4834431564054957,6,25,4,4.103269641646985,54.01212468756946,3,6,0,HR,100
22,20,5.012843338190106,2.6981595235036133,7.9098545245888845,9.15767394173209,1.4781619975754838,1.1486405365005479,5,50,3,4.689051267956153,66.31603213103914,3,6,4,Finance,100
29,18,4.77078054568299,2.191887583954685,5.899551294133712,10.426442580083064,1.1702786944072914,1.1807633159554531,5,49,3,4.398908693075943,71.66337049484295,3,9,1,Operations,100
40,14,3.123292367058718,1.8650778744439658,7.110116967369749,15.388480870911582,2.2104743858801466,1.8785671580621774,8,17,3,2.9834530983326357,70.1151352754174,7,4,1,Sales,93.59796640045504
42,14,4.347698342147952,1.7893926562505786,5.820179453373927,11.816053567312775,1.7761033724187871,1.6092738064848304,6,25,3,4.099490259503593,60.207819758462826,5,5,5,HR,86.2863193228032
29,18,5.592887717159854,2.307850466604621,10.031992522039506,9.64441532672038,1.2047168611364338,1.2469722672197614,4,15,4,3.1877290016773645,90.24999757891803,5,6,2,Operations,82.80006999232283
38,17,5.058691223964629,2.686247637392493,12.03307394780839,9.43819972398553,1.3452750425538673,1.1282066130177442,3,20,3,3.935951339872646,64.50176885755144,7,4,2,Marketing,99.99591094181854
22,18,3.8338174264831615,1.5122595727409482,5.805783880940237,14.042211805813446,2.0639840458051246,1.629668035091819,7,60,4,5,55.62198299974163,5,9,1,Technology,99.87470046220172
35,14,7.006165418235138,3.7094340409232713,9.747328501974858,9.411017821638977,1.3162448197699081,1.30469079062585,5,32,3,2.7159512242692543,47.5048842763515,3,6,2,Technology,96.26029755850695
45,20,3.5414399586893652,2.6937523227914313,7.578350865577281,14.168763697085545,1.600086998297741,1.6211393452866618,6,41,5,3.265765856139193,57.42734051899998,1,5,4,Technology,100
37,19,4.01299342650116,1.5798167462068078,6.762081790156913,10.204647407077037,1.483606206430266,1.3140303426425786,5,20,3,3.3874027630062833,69.88997883687371,2,2,3,HR,79.92289709322338
51,16,4.117431386014892,1.9917445376148046,7.383352476392499,9.27133904410342,1.725904964413098,1.3156537163567226,5,13,4,4.188986555358912,57.054273826491446,5,7,1,Marketing,90.55550588562464
27,16,4.039514615752955,2.599835446216522,8.0268112646053,6.88188005913381,1.2027502410253883,0.8640590761903206,4,44,4,2.3152467421922727,94.57602166146431,1,6,2,Sales,99.8301664660051
26,16,2.7028720743967787,1.4122901625194157,3.7462341186434336,15.592092147866788,2.064091367363589,1.2757691302842364,7,75,2,2.881016791738018,58.28394114814645,2,7,4,Operations,100
38,13,12.616502100745628,3.8173536261849543,19.059927050064573,10.48822901422038,1.6350504779750246,1.2695878140304289,6,41,4,3.1986001689745143,72.78159285972922,7,7,0,Technology,99.88529931656599
44,15,6.553203754408061,2.7691044918389536,11.253372272138353,6.39430954049397,1.2452034181686473,0.7513320887993036,3,6,4,2.997885022112057,82.02044360975485,5,5,5,Sales,86.18306118523115
34,16,6.378839073077414,3.74047189089088,11.312093649519278,9.896205541348978,1.2775087326939671,1.0498665040436865,5,30,3,4.891168508438092,53.843712770621664,4,7,5,Technology,100
23,12,8.031764194142678,2.801591667469089,12.701002841515416,16.634157109813916,2.7405511667946705,2.6979351481010125,7,56,3,3.606754433132691,35.88079701156027,4,7,1,Technology,100
54,15,3.245735123449956,1.486812166276209,5.8903200612914075,10.280827105401894,1.366896923465027,1.222178138239049,5,40,4,2.9940631862749125,50.46629154046502,2,2,3,Operations,100
35,17,7.207562715996318,4.498298190628778,15.29293255169983,13.030158897112756,1.8799221860293576,1.7437203577129161,6,26,4,3.417553577831099,64.54252838791537,5,5,3,Finance,100
37,14,9.595994719744914,5.703267826336505,19.48714746622626,7.441711745610031,1.3096888762974663,0.9681726797030996,4,21,2,1.8032082655831854,56.96095018808368,5,5,5,Finance,91.49355704341781
33,17,5.983790488656188,2.773706119281378,13.35969327193332,11.12017862524061,1.5420147830024429,1.339764367657713,6,11,3,3.219957627691352,45.828431883698066,6,6,1,Technology,86.88073249937527
36,13,5.418643170767823,2.1794494951198327,7.841590565552622,15.072849688263625,2.197681385324856,1.9249415271806711,6,81,4,4.084857664697575,50.560097229818524,3,10,0,Operations,100
38,18,7.298614555220712,2.698956015017511,14.67156342136776,6.44596541019121,1.422415114635092,0.8639239763037866,4,24,3,3.2991796538073097,54.14096460717635,6,6,3,Marketing,77.11781825030408
52,15,8.337092131138482,5.073309826666091,11.177184965635055,13.808876457418853,2.0737270349403585,1.540604496628988,7,37,2,4.110932552870717,60.960748643246234,4,6,5,Operations,100
26,16,4.106905953200164,2.226524536080681,7.554820258727971,13.340120156805838,2.18119007466576,2.281127236605361,7,23,2,4.300737820658604,57.32068599098284,2,4,5,Operations,83.02666445488379
33,19,5.410265461321302,3.030982993212291,12.34259090206347,12.024301940529405,1.793089208229968,1.5929558652676956,6,26,3,4.9933960449329025,25.963210676578587,4,5,2,Sales,99.87088184857302
31,20,4.744932598363338,2.0837224566315258,6.500823703542172,12.28535284372027,2.0734370468033774,1.5130682180885624,6,57,4,2.864364363032921,75.0850751585616,4,7,2,Finance,99.9496631920792
33,15,4.764149109600155,2.2913174172567725,8.74301120028919,7.640464916515262,1.166116577888614,0.9247891144281127,5,32,3,4.491929322808573,45.03285606075114,3,5,5,Operations,99.8412735519779
35,19,5.920435829856951,2.874345588599432,7.334743911318358,10.930049033880696,1.437758228038007,1.2274542075389991,4,19,2,4.086287780317801,46.69188841412045,7,4,2,Operations,89.27574388040037
33,17,2.578646121767798,1.8391058217767722,6.441086966586004,12.156916882263898,1.994249502922017,1.6575404537490972,5,24,2,3.4077079273319946,55.999314783961424,5,6,3,Sales,89.90891627274713
25,18,5.984333646589412,3.2927070779559293,8.815137234943132,9.189533206149646,1.4567429957195628,1.3268174586689951,5,30,2,2.2960166771405723,60.08961419189045,6,7,5,Sales,88.20391490223263
42,14,4.81838719708938,1.8809797686184837,8.997213009565812,11.678229512698294,1.654567478122912,1.6251324457294707,5,6,4,4.104878475068797,42.73733732588273,2,7,3,Sales,95.33268441817835
35,16,4.0637828163249194,1.943514254764878,4.97667669209692,12.004716572640698,2.011592066500128,1.7528807926453334,7,71,4,3.8837553784633916,45.10472943332693,7,8,5,Finance,100
30,14,3.1602500600971926,2.3090606507230684,5.549259647069956,8.09595603437678,1.6723563682803226,1.4054487896330072,4,33,3,4.996884925601539,62.55928993229911,2,5,0,Marketing,100
42,17,7.474697097630106,3.175328150843407,12.516144511749069,9.609364785212362,1.6514831773850147,1.110882020691718,5,16,4,3.218457094704892,58.28285269680749,2,5,4,HR,90.60201193612416
39,14,8.191573827029135,3.4346602401860378,15.648667735609385,5.987189911125554,1.0137224999382013,0.7805801324523899,2,34,3,3.308006688280518,57.86941360704399,4,5,0,Technology,100
38,16,7.032030762199525,4.066446399612349,14.706057930428297,14.354830963162492,2.281277729429105,2.0468601832124547,5,48,4,3.3859411825584838,73.89657621470188,3,8,5,Operations,99.91606292288517
29,14,3.831981722131318,2.1523641731543908,6.84268924658747,8.243748042483583,1.1510724420193679,1.025502556167807,3,15,3,3.6051845040296557,41.379333855512236,1,7,2,Sales,76.5151249723657
36,15,3.6825045114652863,2.415091948942923,8.969828558818158,11.579202673091544,1.7938956765783054,1.390356487720773,6,30,5,3.084741018072779,39.95165468355451,4,8,4,Sales,100
40,15,3.198692431589857,1.2640166233439472,4.814677389279364,11.456377702941207,1.6417624954758205,1.8523174563482505,6,5,4,3.897761870486178,50.34211299097046,1,6,2,Finance,80.82264682715031
27,15,3.279429892281196,1.6878434360703447,6.720601644109928,14.365859446562045,2.012119788391227,1.543414575961005,5,32,4,3.4010305082273162,51.8606048821247,1,6,4,HR,87.43153287434069
29,20,3.3619264094705636,2.5061301163670784,6.1331210660167885,7.89405013891865,1.2524517192829234,0.7683400788869738,2,100,4,3.6095968174413593,58.04164999247623,3,8,4,Sales,99.97320809404536
49,15,4.220032703663433,2.899174776940617,7.2865557681430335,21.233337410753734,2.6443655572644564,2.7729588212211924,7,24,5,4.097741850072625,58.54179606821606,4,4,5,Sales,100
38,16,9.968697060699647,4.209677393152494,14.125146222855191,10.626683977787918,1.9215597012981558,1.8415359861576426,5,79,3,3.9154950193512854,44.48409716700658,5,8,2,Sales,100
33,15,5.693095304593501,3.408821041752505,8.945720435737218,19.462494633587987,3.3074522753296667,2.7535239564177862,8,24,3,4.4202659430120725,55.46512225408728,6,6,4,Sales,89.67635660303765
47,12,3.18079978628569,1.412972846733576,5.694075912694592,10.677711993301113,1.5014730049241227,1.1812831741873029,4,24,3,3.2946521843299954,47.70578048556795,3,8,3,Sales,94.42166733464033
40,17,4.757796608131035,2.6790379344382758,9.170075706748268,13.047624945029275,1.798875213328911,1.9450136536335811,7,37,3,3.71779654046544,70.65192617439642,4,8,4,Sales,98.5069379692934
44,17,4.988340082227026,2.5022803157366016,9.014688074992474,6.35197302160585,1.2123618323900163,0.7733879266148245,3,38,5,4.023143679140304,74.25921601717008,5,5,4,Operations,96.87598977821284
50,14,8.810614492552075,4.418848257447875,12.05447084124276,13.369211911955645,1.6430169564868582,1.332581955790575,5,62,2,3.01014201624803,40.7340380525129,2,8,2,Technology,99.99337871801362
34,17,9.303772488864539,4.088366466502162,17.601403704858633,15.141017645877206,1.9771285129341052,1.223664091751979,6,53,3,3.7101931033993027,94.99615456284563,7,11,3,Marketing,99.97755419831992
36,15,7.021026163509062,2.719212711734657,10.349891571820807,5.969679304634277,0.9802461832661803,0.7844403460810152,3,8,4,4.022777422471224,85.22100048699376,6,6,5,Technology,94.05527389076197
22,14,7.641689165147751,4.310612219592841,11.56846439636648,9.001016668420837,1.5485705400897969,1.3251567791610572,3,33,5,3.2114651482266234,43.267536173977945,3,6,2,Operations,100
36,16,7.5315612972183414,4.2976420520398015,14.379175815269077,7.356706646094599,0.9531494092345271,0.7664762320674929,3,42,3,3.3298550748957387,47.11328299451715,2,10,2,Finance,99.88674499007561
35,15,4.88273472509933,3.223981958157832,7.776630158104296,10.956719846606651,2.2073773598650464,1.8720720978218683,6,42,4,3.8232185433926893,35.730354652479754,4,10,0,Marketing,99.9161008357785
31,13,7.38644806014824,2.7375197749292894,13.971336251462779,7.559578276876982,1.454251815291597,1.0558174679837842,3,63,4,3.0035393382970463,54.790870856272456,8,8,1,Technology,100
29,19,5.539235169918625,3.5938637938562286,13.209167589627505,14.510250164346182,2.1663309074148067,1.8189253801552032,6,26,4,3.9987301761682827,43.32499643004699,10,7,0,HR,100
22,19,5.786979898576316,2.9792445208108607,9.51372176133239,12.327693336061756,2.1591349194128013,1.6672692758017162,6,27,4,3.311906607025142,71.76421322734295,4,6,5,Technology,100
40,17,6.650089468829093,3.0039916454801827,15.063789797772513,10.690463267279728,1.6056606919873067,1.4360335744157384,5,33,3,3.2760580255322727,51.04744565079258,5,4,3,Marketing,100
22,14,5.562908916007221,2.408949070539069,10.709586137990211,9.558509318519828,1.4352363691842815,0.9196205284406703,6,20,4,3.522082813634828,81.22701978858632,3,7,0,Marketing,86.06070042664513
41,20,14.07682824191849,5.992738706068686,17.345613502355942,17.884874900686032,3.4470789659976777,3.169319891376909,8,39,4,4.197961594877159,53.82308230511189,6,7,5,Operations,100
47,14,7.4541312013245555,4.184372717009892,21.43721816139816,13.050532190676195,1.9011716870502107,1.660097886477795,7,40,2,2.8113554453040654,72.13643446782088,5,6,2,Technology,100
41,19,5.97960615748528,2.113885173945341,7.736547207036198,9.366384696165388,1.6709239948825076,0.9681325543785565,5,54,3,4.584742225935946,68.53281977166803,2,7,3,Technology,99.94961373229675
39,18,8.347918001480064,4.611401969814364,18.067431166969712,8.165323238050007,1.4100906439391794,1.1972139298777205,5,27,3,3.8800003281491477,69.50710809116681,4,7,0,Technology,99.72729761732744
37,17,8.021491436252814,4.276562718026334,19.918467753415076,13.606280568240468,1.7906995634465313,1.6170396007318468,7,49,4,3.394354300607326,78.33608508527996,3,6,1,Sales,100
42,15,1.672868300893068,0.8,3.832912721078177,9.29146093753468,1.5693323694412646,1.4299428090354975,5,33,3,3.824001448084583,56.807758176489806,7,5,2,Finance,100
41,15,6.17691078416586,2.8318112569161515,9.319244534892592,10.584969872467319,1.1561476496427767,1.3993935752439945,4,36,3,2.611594956767202,70.93093707756061,4,4,1,Finance,100
25,18,4.799288049652208,1.581072569831017,4.895940069196368,8.033464612663062,1.8280856138197337,1.2980586672185948,4,38,3,2.9998944008717308,57.85871875864398,6,6,0,Operations,99.99018561539869
36,17,7.440944848454833,4.401133743335829,14.355681413708272,6.042331523867617,1.0150871725030572,0.9388139330023245,3,29,2,2.7975450354938007,64.97727678413753,5,7,2,Finance,93.53531510947079
33,17,3.613115138571391,2.585651574017373,7.717889391353912,14.033109933997613,2.1880337163079515,2.1614959207066766,8,40,3,2.4161872201890886,70.61854025719063,3,7,2,Sales,100
41,18,11.336289440519417,4.788553406499475,14.286641836049656,8.731604940988364,1.6105041880593818,1.2211702884563203,5,24,3,4.787515587002672,70.21670552135438,2,8,5,Finance,99.93464881810914
33,13,3.274440716912782,2.610820067677909,6.563433987668568,4.52441528245665,0.6706796600584355,0.551394083051492,2,14,2,2.9011167103833966,63.32054154702128,2,4,2,Operations,86.82626792951415
38,17,3.3497325575399426,1.5847874230208048,4.21010047077891,6.048687123421586,1.1252316132852742,0.724317800997718,2,34,4,3.500413302336271,36.10818629493662,5,6,2,HR,97.49156928006975
32,14,8.198124119488845,3.416289450690823,12.90385273798031,7.84015300424381,1.2657501587818054,1.2017680778613717,6,33,4,2.2910719514478743,50.44035924923985,4,5,5,Finance,90.33669262736755
47,18,3.813908083604297,2.3897089305277475,7.854472975164899,10.950688872765875,1.4908365906780738,1.58956900443238,4,35,4,3.774161552986756,37.505656425406904,4,5,0,Technology,100
28,19,4.4642049835691155,2.0872596775048375,6.300754842404448,7.834578638188429,1.1647351035110476,0.7919489741479815,3,39,5,4.306054910742735,42.29637026913856,6,7,3,Sales,100
27,18,5.218073751626447,3.774380000046083,11.241349297045188,5.682687147324434,1.0647581779479438,0.6644399653948249,2,8,4,3.8170210091128483,55.65087981724964,0,4,4,Sales,81.58176698350997
34,17,5.985959454823273,3.197594124994932,11.2012078417351,10.124987934140984,1.7668036291396159,1.5560316121930096,5,51,3,4.02338359062691,61.23440753963563,2,7,2,Technology,100
34,16,7.947496815414489,4.202233061398988,14.346331319950071,10.555081424963205,2.096004068524611,1.9215398113642144,5,18,4,3.4149807490504314,77.72529155764849,3,7,0,Finance,96.01594955091358
30,16,4.021624622529187,1.9825525260842825,7.292897753483611,9.407682643552,1.415288791440599,1.1576172504785645,3,25,2,3.3004554853381105,26.57029205391272,2,4,2,HR,74.07589297094914
40,18,11.909798818437197,5.092161347639679,17.193770494179315,6.907392143290289,1.2308360416184043,0.8920340199723065,3,16,4,3.0294243720334473,70.85688453009219,6,8,3,Sales,100
37,19,6.719704105712392,3.7064233648608913,13.164945567174616,11.961050756289438,2.0099425783753437,1.4524361046459842,7,36,3,2.7134970027796483,59.20166764607444,8,7,4,Sales,97.08867877754749
29,14,5.134633672380151,2.090166585251465,7.428979319638365,8.68950840496396,1.8201789374187487,1.2734020937687365,6,30,5,3.488288473920406,72.29410114829165,4,7,2,Technology,100
39,20,7.2605518092255785,2.7066743043814916,12.474624726473081,5.829052099560363,1.087933024189696,0.7574421225043332,3,27,3,4.788372423493398,52.2974803207952,3,6,2,Sales,100
26,16,5.893004529075797,2.9999338048466813,10.821235818446496,7.410848129569388,1.4880257765955174,1.2572958730318995,4,18,4,4.891535816939508,94.88938474432067,3,5,4,Technology,76.5068281797925
35,19,6.297765426746437,3.51077572155083,8.313252456993817,12.23701438074258,1.9504772610073489,1.7888425855699603,6,37,3,3.493514417955801,53.34298757654308,2,9,5,Operations,99.80487896384113
30,12,4.156844487134717,2.422306880410305,10.076735945182744,8.799208705282947,1.366296765790279,1.3705490891358785,4,48,4,2.6003667605204317,62.258315113798425,3,7,2,Sales,100
50,15,2.859191521514565,1.5825161989496788,4.694916213335614,15.38620454759598,2.1710230984946013,2.319266472259369,8,13,4,3.9076523031750083,61.67513498732134,3,5,1,Operations,98.06511035854031
24,18,7.208269563702944,2.8792043955505093,8.141517133129621,8.514640120063872,1.3120042035365507,0.9441656232752323,4,63,4,3.519724210922408,79.01781793503768,5,9,5,Technology,99.92613135511716
52,16,3.2616746410922706,2.1436369378185973,6.2249589008949995,8.641901102497293,1.390132342512788,1.0326944292681657,5,29,3,4.10276266958262,75.30284010600559,3,6,3,Technology,98.2074113930811
25,18,5.401596375800883,2.8802790924867168,13.548123154874467,7.668163665360196,1.449020750383617,1.064061123338322,4,10,4,3.5102697692870066,60.15261823071473,2,5,3,Sales,83.39410194803389
27,14,4.6146223118946805,2.608556725975167,8.488542803349187,13.17533928737639,1.5891971010372958,1.5984489858881508,5,16,5,4.493219962683627,76.7595422878932,3,5,0,Operations,93.89885095326801
43,17,3.5379816832539572,2.0318903358902562,5.941192303606306,7.7428224115566895,1.129626331853495,0.7810063114355689,4,42,5,4.670960729933388,66.7618845920701,3,4,3,Technology,91.84835027209044
31,16,6.775265644389985,2.81939105691211,11.076210036267831,6.893614191200273,1.0388310569384047,0.8752182574394971,4,28,3,4.502925488578251,57.18659074908278,6,5,4,Operations,95.56993777112292
27,16,10.160198863408864,4.399087680590214,15.846486660098076,12.191457783759336,1.8631062702604788,1.515866692474285,5,18,4,3.9089788000923726,53.94714907586007,8,6,4,Marketing,100
37,14,5.684450686152356,3.1059740743409487,12.080940350206866,9.105471573705827,1.3863947883723398,1.5284225947462973,4,43,3,3.0120382322898798,75.72751901107021,4,7,1,Technology,100
43,16,6.446266353066439,3.3193014039000306,10.631578672933488,9.492397254148813,1.6051532562590178,1.0533625579558343,4,40,2,3.7155879477408034,45.988286518052206,5,5,5,Sales,99.73676937417625
41,19,5.544818504532196,2.2046062648397173,11.428637928909657,12.015842906691102,2.167507171234033,1.7647535529987068,7,22,2,3.3202264004494704,85.58430864242737,3,5,0,HR,99.92336810850078
39,16,5.5206553086290615,3.2374378293115176,11.290475935567985,11.446767588694831,1.8821033841494061,1.6882447624461479,6,61,3,4.698900599363329,55.81453760229231,6,8,3,Sales,99.99652274878383
43,17,2.5436054894143285,1.4963983165417678,6.154243778186518,13.849139560036885,1.8549406181354984,1.6653236378240122,6,29,2,2.9091627817945143,71.00303780021649,7,8,1,Technology,99.79282951194149
39,15,9.836851937140402,4.463110449125433,19.206900989040246,9.798667463662978,1.32003913219793,1.0972153410697072,5,49,4,3.6071895746975433,50.757322419791876,4,7,3,Technology,99.91008028767762
43,16,2.353657526782236,1.2916005109548832,4.329817677594427,6.800785353697114,1.3115485256158022,0.8310094568614848,4,34,4,2.4986757327990854,55.23932303447584,5,9,2,Marketing,95.92402802014323
22,14,2.5064367847257203,1.7887466665063023,5.317105252334628,9.146576838112455,1.2099179655524244,1.1305486418395103,5,32,3,3.907570902555515,76.26276233202174,5,8,3,Technology,99.9547322519262
22,16,7.204893242250651,4.321854902172163,21.022310893069026,9.528021276755249,1.9600385072915516,1.3190206535459326,5,15,3,3.098756283191234,51.733636954800424,4,6,0,Technology,99.37975137811074
43,19,4.830535222085868,3.057711303696065,10.029440691339714,10.045576295870424,1.4966105500433287,1.0217832716243573,4,46,3,3.593507922547076,64.22619119913655,4,5,4,Finance,100
28,16,3.9405479900151255,1.4546289350676516,4.038665012705815,8.606881381379985,1.7380413416476757,1.0588951278778183,5,27,4,4.001354650392544,64.13693461633083,5,8,0,HR,90.68582373479228
25,17,4.950711042861614,2.5572261456604184,10.300541764509024,5.113450725943112,0.7863517268839955,0.5306765564810263,1,18,3,4.586263617547447,52.41955552393529,2,7,4,Sales,94.209567561494
33,19,6.656563528522085,2.69933636893478,9.762614807955927,14.222589465147191,2.0867992779450035,2.029519678818148,7,35,4,3.939605549531673,52.337706830247235,2,6,1,Technology,99.99746237897978
45,16,7.277949563297796,3.568337098527052,10.328095291165996,13.353360871730624,2.2516876726535986,1.8065497596532558,6,30,4,2.3036903220239466,73.03201689478772,4,6,1,Finance,99.01311758421859
37,16,4.215940189964972,2.220437730262346,5.100928442973371,8.492609897625508,1.2593359429791462,1.2771001286691697,4,16,3,3.5022665712731915,41.97718834165377,2,5,4,Sales,84.84986150250764
26,17,4.934120704598589,2.905957009739931,8.82897027764402,12.007788051894583,1.6677624114305512,1.254501841576802,5,33,3,3.128646617336551,32.293700944913226,5,7,4,Finance,99.90893928585733
33,18,3.4498435725558703,1.6999590470174437,4.912860442321903,13.507426440438312,2.0641731362239883,2.054791947402237,7,61,3,4.497984958059173,83.08146874969816,2,9,4,Technology,100
38,17,5.22170300809996,2.110645134166527,5.848509414486722,9.211650262306106,1.6464834442501255,1.0775125531336294,5,46,5,3.6155024922720447,62.58514494160989,1,8,2,Marketing,99.97407939838585
39,17,3.2439627412741614,1.8924901484892502,5.999281159613904,11.870486789299278,2.035701952682139,1.4683175479761799,5,17,3,3.8944962972675614,64.92957761650949,4,4,4,Sales,91.6254920569414
43,14,5.459043916862321,2.823184730462548,7.222318692811702,12.096606647768123,1.5665298222008892,1.6265342419309863,5,48,4,3.1846667911661592,63.308600529248636,4,5,5,Operations,100
26,17,3.726470287273376,2.4897525090829933,7.559577225135821,7.048074456699072,0.9766828524146087,0.8168844010166435,3,55,4,4.768538727496303,60.1752817408887,7,8,1,Finance,100
44,16,4.720174787981625,3.283807887229052,14.755959664665339,10.085562353624756,1.6087148968189549,1.59399809264807,5,32,4,4.1958381286943185,46.0668864046343,4,5,3,Finance,97.69338810336146
41,18,4.444828065286906,2.1207743181155467,5.742482952945795,12.284772139570855,1.738907269068979,1.7183354251284204,5,26,4,4.601011277549073,56.28946073345032,2,5,2,Technology,100
40,20,9.90108593513457,5.763987003007832,15.991770221016354,21.624136745747112,3.2245462262147897,2.933209987481095,9,31,4,2.8110279230182362,57.92153293085129,9,7,0,Finance,100
43,18,4.905014377777217,1.7931292101374423,5.974074643327419,11.91359253779487,2.1870400671080126,1.3828917406431342,6,44,3,3.9907751719751587,50.137892797745835,3,6,4,Sales,99.87292607027443
34,20,2.6846420105606486,1.6298715229622518,6.258934925708482,8.291598489209635,1.5281796430116392,1.1624172560790815,6,32,4,2.7037779683955536,57.686973173362816,4,6,5,Sales,99.90513911609011
27,16,6.506984905393959,3.137803397802467,11.098764084130996,10.470279073511799,1.4621874817789358,1.1172202558816995,5,10,2,2.709325962377727,61.13641235351637,3,6,4,Technology,81.49551658408635
46,16,7.195993351767109,2.680872267898918,11.215285355487906,4.57417072114029,0.6156979700872893,0.4925023660605428,1,23,3,3.482257508245925,78.11429009205519,3,5,0,Technology,88.57891301707657
31,15,4.945858406628163,2.2980881709825134,8.000917699520592,14.181341697462916,2.0179876283638647,1.9292991944872169,6,42,5,3.2967616403594477,57.70729412013956,4,7,2,Operations,99.7869475839425
35,13,3.4920813195539306,2.0517765390963083,6.883007262683324,14.536601590688903,2.5390690439625843,1.7346760306603417,7,37,5,4.125364707679629,83.30271991163096,5,7,3,Technology,94.2599843696355
42,18,4.973746977840079,3.3044680328692135,7.398346588444226,9.993365203779835,1.9163095440290152,1.223584921396572,6,16,4,3.725182981815208,44.61881127417541,7,7,0,Sales,99.87240809184479
27,15,4.272756907633866,2.6846680076778404,8.626010231548559,8.438686908064563,1.483979781422109,1.1918738719892814,4,11,4,3.4033232301214213,48.76233488176917,4,6,4,Sales,92.08047653926796
31,18,6.319477470512255,2.5840957695559097,9.132025919613236,6.818820928548211,1.4348749231028053,1.0521565914479363,5,40,4,2.9120416771068847,85.79685451317073,5,6,3,Operations,99.95248075235243
44,16,8.46927497198502,2.8753676968431203,10.476368699285656,8.027157958771994,1.336104732183227,0.9673679463755792,4,21,4,1.8025596289151964,69.80756331217371,4,5,1,Operations,99.88318405024836
34,17,10.955929102681665,3.9134509740733106,20.369617495836795,6.869945162351144,1.0680062982703913,0.8573175426886553,5,17,3,4.291216461428538,53.90989272809577,5,6,4,Finance,86.97843893215874
40,12,7.258344615380352,2.808620193888957,10.137215326684716,6.459770830404106,1.2068863161968213,0.6870743881095902,2,19,4,3.684922482432902,63.108243062599,5,6,4,Finance,92.67116371315089
42,16,8.78578666727334,5.003597864779934,11.504485354324117,11.656756527878846,1.7627977551199312,1.511839093336639,6,20,2,4.033541254574547,65.26292864320594,5,7,1,Operations,76.61289345077876
32,15,6.467151322968434,3.013044829276234,8.07191290629416,5.234475112412781,0.7924491271636369,0.5553003994748257,3,37,4,3.4767256697353,66.876605693074,6,4,0,HR,91.67114581635605
39,18,5.053627401960598,2.270202966050371,7.00988714238127,10.658835808001554,1.8554851467609317,1.7381655761844772,6,28,3,2.479294941951352,65.37818330028823,4,6,0,Finance,94.50083069292747
27,12,9.126182417671854,5.391136830279665,19.363005022094907,11.776628636464551,1.6047479582257071,1.4240895862997593,6,12,3,2.800310028108128,59.47681623239039,6,7,2,Technology,100
35,14,7.573839282699747,4.084621958314644,11.769665062016553,8.55051990615091,1.4711843344780786,1.1458896287748248,4,18,3,3.515620170337419,65.39976966425273,8,7,4,HR,82.44760932547071
35,17,9.754366782252688,5.688887863676773,17.9294781735476,5.169008206673741,0.9564409431822265,0.6951086671768061,3,6,3,4.014878188849258,64.52349705179104,6,7,1,Sales,87.77160346304377
45,19,3.4987402104608742,1.497644737852503,6.252980863465864,6.540591826743388,0.8279045135274894,0.9781243025290395,4,19,3,3.0738389960648123,69.83227519063287,1,4,1,Finance,70.0549408093045
40,19,5.093266531702044,2.894177253264916,10.142111875536756,5.481699643739419,0.8969987937769894,0.8591601525451871,2,13,3,4.897945259578042,43.969550958233285,2,5,5,Technology,95.05170100950012
22,18,4.587393307171242,2.304292150924313,10.662060325879368,12.994060596577118,2.1065125382178547,1.9592943341878446,6,28,3,4.306592405681797,73.73879546661756,5,5,4,Finance,97.74734110193117
22,18,6.933822934674409,2.630083878064514,13.806677752321033,7.650780719332285,1.621658676173752,1.3364515028475459,5,57,4,3.812431715414581,81.62004876266168,5,3,2,Finance,99.84738601650938
30,17,7.268734772054025,4.082369946384354,10.032690247928997,9.63702728286743,1.791690395306308,1.385939775791912,5,52,3,2.9091160752959078,45.57241157067825,3,7,1,Finance,100
22,17,13.886940244159323,5.508971005268543,15.927775670601235,13.07213660419102,2.2285289041896,1.7150551406019092,6,33,3,3.4993658648146213,59.08918759958583,1,6,3,Sales,96.27687163176692
39,15,5.090813948355817,2.312943286968066,6.65390270450165,10.992394020694164,1.6673561589574708,1.7334675493690712,5,10,3,3.9026823192912077,81.39992216565757,2,6,4,HR,93.15992767089561
24,16,4.268622348898667,2.0125328743947883,6.115790154358675,14.265086164997909,2.1384828625475194,1.5983085809984678,7,23,4,3.524528287122484,47.61945721753706,1,4,2,Operations,100
49,12,5.034112885303029,3.105159180655767,8.546732275427429,10.63277269305462,1.9105116646173952,1.6814860271444179,5,29,3,2.7207233098071373,48.59620495067541,1,6,4,Marketing,99.96889294514446
36,17,6.245672050491839,3.48695773928361,9.612760703920513,11.586908925470029,2.2180566624560036,1.2171870313974447,4,26,5,3.082716436524948,60.77002380761824,6,7,4,Sales,97.56841631809507
29,13,8.985284752923945,3.6803915244598375,15.563202172933897,9.042129012876757,1.8799203913417026,1.3724164671242756,5,14,4,4.979048918885812,74.1904524478198,2,7,5,HR,91.57442101758733
40,14,3.880031578909324,2.98983436239787,7.491955622940043,11.02089730885364,2.1933681344233484,1.7144829900493297,6,26,4,3.2192378396746983,34.77939424138578,6,7,2,Marketing,100
26,20,7.920829367889157,2.6151345386901914,14.039872022585344,8.955592343976786,1.1926228929006935,1.0788384724920728,5,16,3,3.3018720756173754,52.10748129817229,2,7,2,Sales,100
30,17,3.9998419269574477,2.8853302685078175,5.464681922365577,7.681675163104838,1.4964888306734199,1.1779096988441726,4,14,3,3.3039012007177466,54.45542224151907,3,7,3,Technology,83.5666140170796
38,15,1.7959577130879032,0.8839618616931092,3.0797324811075217,14.57080774644882,1.8741927859588754,1.687454790075793,6,34,3,3.7867790027915595,45.17619289813065,10,4,4,Sales,82.00659024874656
35,19,4.337248381086026,2.086047966746218,8.032418715345411,10.567948691480977,1.7533730162156203,1.3273266920221118,5,34,4,2.810584795287884,51.956503769535175,2,5,4,Operations,90.86574080279416
33,19,6.15108362406954,2.5163310907986975,12.100543373648764,7.174034593900806,1.0534003255187674,1.2129557315565611,3,51,4,3.897410309564823,48.69086567156188,4,4,5,Operations,99.8523770867112
26,20,6.839026838342732,3.2989323803895028,11.646574651198925,11.953348516495181,1.5309584536928016,1.3563516106492373,5,15,2,3.493574495177863,72.42487350548882,6,5,2,Finance,100
38,15,7.518778186794515,4.895332962621843,12.73931548673852,7.175533270456611,1.1936102783660765,0.8681514731578766,3,21,3,3.5108704145913636,69.48680502524866,6,6,4,Technology,95.2973659978242
25,14,4.954670223846653,2.022820891912099,6.564079632560707,11.454495017367469,1.9114952609034042,1.4018167600495564,5,20,4,2.2966917289849826,53.76697247439728,4,5,4,Technology,100
29,17,8.795795762231954,4.604366229376956,15.141686724704439,8.597467893448322,1.0571718228330615,0.8954585395576493,5,38,3,4.105117119625055,45.98640643005442,5,7,1,Sales,100
45,16,7.864615136149027,4.499521161047002,15.574778186613164,10.836918904320825,1.5463736458159,0.994680216044157,4,19,5,4.3244666508816225,52.82528698436903,5,8,0,Operations,99.79273844493869
46,17,2.5781326679324175,1.2337374888406758,3.8218653408561276,12.49151297763006,2.1619179810334566,1.64182025039516,7,21,3,3.3924909397480363,44.27698496379944,5,7,3,Sales,94.07391329554923
38,16,10.223601129418476,4.514054571412708,23.156469140389305,11.551700257702477,1.9184148929829121,1.4026762228982947,7,32,3,3.3871470567487454,62.34712860676199,1,6,0,Technology,99.83245129310873
27,17,2.9571555806940366,1.1702556393003252,5.256934832525493,10.503018835647296,1.9460353449746595,1.309458195912336,6,42,4,2.8814872479262252,26.781527031099102,6,7,4,Sales,99.95067109786235
30,17,2.529246839969887,1.8854143728713755,4.309264728243156,14.266999466114612,2.5422907911162835,1.9408819151347394,7,14,4,3.300445408706476,51.453248556163985,3,5,5,Operations,98.8673178528987
32,18,3.5767637615219843,2.452055063554544,7.625123739015758,8.87077169058662,1.109220258611929,0.7923211374799747,4,21,4,3.8151828121003293,64.24063664982367,1,6,4,Operations,96.81789858338445
22,16,4.990064452110933,2.77570429730005,17.374512519215397,13.144268708056535,1.8487608393989061,1.9252293394490063,6,42,4,2.389018241810091,68.0201647850562,4,9,3,Sales,100
29,16,8.713301931025674,3.5046965585793632,12.028557176286238,20.14795610401747,2.914477995635857,2.1034731426428643,7,11,3,3.8017127305037914,55.67267528933541,6,4,0,Technology,88.61854002608334
41,15,9.251570162747086,4.897766453468019,15.872370629677322,8.73974831968301,1.3976078379491093,1.2574415057385018,4,35,4,4.202707084059846,63.35665656668656,3,7,1,HR,99.83818335039976
31,18,5.640985559771463,1.739662591124467,8.960029230834259,10.92082656148411,1.517268791279325,1.2010943051525425,6,49,4,4.993043740269017,69.85933271976917,6,7,0,Technology,99.91592403256101
22,16,11.293001443718294,5.392314708428381,23.24313689315742,14.207816254625532,2.480782478558996,2.0909904165775703,6,25,4,3.2949984359634708,50.56301730276896,4,7,5,Finance,95.93017394567585
29,13,6.087077753726874,3.2960705328973647,9.453751992385092,6.935458082675488,1.102702549520633,0.9739154860712816,3,36,4,4.680842731296113,55.05985723960413,7,5,1,Operations,99.98947793035192
31,17,3.5641733927872545,1.2722753270815093,5.220857146893077,8.666264136486197,1.3305781799093712,1.1605992955005096,4,45,3,4.1115627484584225,47.16464212310605,2,7,5,Finance,100
34,13,3.3265921767909905,1.5779366337073897,7.880302401808922,8.69922845319153,1.6331175114232992,1.3380660129881359,5,13,5,3.6055096499303656,57.49935857091823,2,5,3,Marketing,83.59837933062059
38,14,10.229920089992515,5.01038589234544,16.645112604086872,12.20077487187692,2.383496537376378,1.7288423592224607,6,22,4,4.212120938695592,82.6359690361542,5,7,5,Sales,96.61742994923115
37,18,6.015865473505365,2.9446313127980392,12.380195146183427,13.794054660327037,1.9420979499342197,2.1768803064720723,7,61,3,4.983934769295453,45.8305345360028,3,5,2,Sales,100
42,15,2.1913960178622633,1.3635580282073565,4.309812122834968,13.652123863524752,1.5787564696600478,1.9353305376243313,5,42,2,4.470716990781836,62.501538187801586,4,6,5,Technology,99.92559956987205
50,15,5.145682323194379,2.531305350475559,10.414377487006341,10.024161012329225,1.55758313436074,1.171475853663466,4,19,3,3.278756034375677,42.35581822027625,1,6,2,Operations,94.99000232749395
33,17,4.442244653448296,1.8785249213342181,5.023702406775055,8.202107235564116,1.342105922769284,1.2400380099277464,4,48,3,3.4794726054718557,72.3519610018275,4,4,5,Finance,98.16234905713331
39,15,10.41305183510556,5.070729351988262,17.31185106526484,10.972394283050322,2.405629337415212,2.1475131820074114,6,26,3,3.5201837866949357,55.58747500837776,3,6,0,Technology,98.92833137535695
32,17,4.883586758158779,3.2981238441804326,9.533877289956271,8.05140658777656,1.3190578380930285,0.9890854301520181,4,30,2,4.90367494221246,40.36512993782181,7,4,2,Sales,86.29219075142679
46,17,3.009837603857917,1.4889230592386102,6.1056478087896995,10.989109333128942,1.9044610094078342,1.6872380635722053,6,56,5,4.082889503791678,67.61949508994614,5,7,0,Finance,99.96758564263386
25,19,7.028203054088708,3.0183361769254224,12.526685059352914,16.84417224559159,2.2494024472032965,1.774000851587386,7,43,3,3.2971872880542326,69.08009999776904,2,3,2,HR,100
45,14,8.01388057085641,3.782335764831762,13.75585353277253,10.239719917328447,1.6085526691811365,1.1528109382378748,4,6,3,3.878353887092771,67.32581467858817,8,7,4,Finance,99.91753356119719
36,19,5.224647286898671,2.6063469472275336,9.223217864607335,8.97040407962892,1.5648876070053641,1.2161281306020222,5,36,3,3.999587661538297,28.376091562292142,5,7,1,Sales,100
42,16,3.5515486570049415,1.6457656718471148,6.877488703001489,14.295936567370628,2.190279306510205,2.072672445704636,6,37,5,4.599361544667702,33.64155224346987,3,6,3,Marketing,94.59135484868975
44,16,5.04230543642037,2.586547216215261,10.214950737186326,13.052004969226877,2.144250719242066,1.5423530959764036,7,22,1,3.50663151648899,92.5713340348364,1,5,2,Operations,100
27,19,3.5476654520395594,1.9416637020468992,9.41509481768843,12.199903346335104,1.8107597272467626,1.603573201349804,6,51,2,2.6222385182365318,70.60415211220425,4,6,3,Marketing,99.84791555911785
38,17,3.683698687770571,2.024477773573479,9.156172456717862,8.960766701773876,1.468631940782823,1.2347162251842885,4,11,5,3.790395169359709,48.984521949650954,4,6,3,Sales,92.28611255338629
46,17,8.274075827813029,3.1963155776831402,9.795539535762407,10.957704895593064,2.2506764248315347,1.7566797058194903,5,41,4,4.480184134805,47.44434109358209,5,9,2,Finance,100
32,13,4.4984114119576315,2.0298020450600176,8.619286133105087,9.044513833177481,1.5553636540680094,1.0426131725337786,5,40,4,2.499334338393913,53.11111633170395,1,8,0,Finance,94.32421892493107
38,16,9.918312646699574,4.819055680145788,15.924894766594784,8.35321536317145,1.4675882871524866,1.1629199633200584,4,28,3,3.4138362478999924,72.7644141895788,1,6,3,Marketing,99.82783626694538
50,15,8.040861946144073,3.8441230701193527,9.568437297417509,7.541635682870491,1.2902337553030008,0.9515282630880929,3,33,4,3.901788005818093,39.99005084101966,3,5,3,Finance,100
36,20,3.394123438123035,1.601647597972089,5.427887216984282,8.136630073782147,1.1034576063725774,0.9530346257836675,4,21,3,3.791819686212764,79.98747819896452,3,4,0,Finance,98.40651245850572
37,19,4.079174993425802,1.9680333290064083,8.099876320812493,10.819963768424955,1.5804717376207555,1.2982459345015613,5,16,3,2.8117818151206,59.971121584697016,6,6,5,Technology,89.46322851833963
40,18,4.08621947559891,1.5847022600358385,6.008502184818031,7.796827709856742,1.2913571461889697,0.9926638038889505,4,49,3,2.700996370233548,51.228154412453975,2,5,3,Marketing,99.78866154572373
42,17,8.77977745823067,4.772381755222778,15.03668609181694,10.73989590876423,1.2592919981435764,1.0508784960273048,5,22,3,3.5905237797916443,33.314258522388755,5,4,2,Operations,100
27,14,4.268147425537102,3.1184638851265696,9.17439866568271,16.698762438494054,2.6991802233768625,2.748490132198015,6,25,3,4.408883646673107,59.13458558689625,5,5,4,Finance,88.73376109133677
36,15,8.348483921458119,5.018763938968027,15.344607304862826,17.23674752961052,2.5754945702292256,2.049502274229803,6,30,4,2.297224829591698,44.17383805939062,4,7,2,Marketing,98.13512601493113
29,15,4.264540455968302,2.2064035747535087,8.19520432189581,6.875165114716652,0.7783247244400591,0.6992954496797177,3,27,3,4.6771125777692095,84.62625726515576,7,5,2,HR,94.06201247024384
37,17,4.40797038859916,2.4298912963515655,10.082936252709748,9.090388667820223,1.1684355318321087,1.2310050764034217,5,37,3,4.999539994979817,77.47752011507261,7,8,2,HR,100
48,15,9.304951600347609,5.018768635855389,9.754757848233465,16.425141351279173,2.3020870194573875,1.704990728927849,7,16,3,2.2035607495867873,68.0721302678129,4,5,2,Operations,100
33,17,6.446997040724056,4.319527977932799,10.06339742013502,13.81549453691817,2.2822703096539256,1.446059883726564,6,80,3,3.799200191536744,45.011093173936345,5,6,1,HR,100
24,14,4.809200621793555,2.504885656328864,9.189847822063362,11.112330800104571,1.7410745675347747,1.4061948924307814,6,21,4,2.695235947378327,44.894832469980194,1,7,5,HR,90.5902828141292
43,14,3.689865427259686,1.7988566700647295,4.616090598841809,12.090015710562852,1.923823100846436,1.7578677696580784,6,53,3,3.2086594838260143,40.93352930092853,5,10,2,Technology,100
42,15,4.908837597067753,2.070797758117538,7.535610873016672,8.905101878956765,1.0235065397805032,1.292557230241476,5,28,3,3.603707574679621,79.98845351997184,4,5,4,Sales,94.69331981505752
36,13,10.150625247056595,3.9263080379945055,12.210524237334244,18.76796979835752,1.9991241780196065,1.77676143723643,7,67,3,4.503353012280277,55.983161817311746,0,7,1,HR,100
33,18,15.458963824572932,6.178541032528713,15.458963824572932,10.146435899634465,1.8392108938677347,1.3881640933501196,5,33,3,3.5142825598629424,52.84138549887924,5,7,5,Technology,100
41,14,7.449093076475864,3.0715677679616693,10.039848594005262,8.340113471791973,1.2875753713161553,1.1874827263490764,5,57,3,3.0028612729106006,70.48819036443443,5,8,0,Technology,97.64567220160004
37,16,6.029476752615639,3.121034631287727,9.280597018782812,12.086580235264337,1.6302030501495188,1.3692743675243095,4,32,4,2.5003064229045657,48.890387922479164,4,6,1,Technology,100
36,13,5.336279022496337,2.4179582875623704,8.005691452098482,12.897060443998143,1.8337350324638975,1.284787022730512,6,35,4,4.816111307565205,63.091047184036675,7,6,2,Technology,100
37,14,4.558443498543733,3.1109902709715307,8.946634291601715,10.173793807968957,1.5949558457742814,1.4522759303997033,5,44,5,3.000104194448986,62.095431398804074,5,4,4,Operations,100
41,20,4.394581132133097,2.003455548016218,8.236858461693762,9.043130403192729,1.5631549037550942,1.1648532338175883,4,16,2,3.6323313584147066,55.19707346876432,2,7,3,Sales,91.4132597186398
48,18,5.476467933813313,2.9991966693601353,14.658761967596194,14.886650671442304,1.9882331091136003,1.7784198109851563,6,46,3,4.191126042071888,72.47110805103387,6,7,4,Marketing,100
52,18,5.810162282015451,3.1021002255546253,10.08916377128671,15.921604045299304,2.7924888097449774,1.8329556962389484,7,33,4,4.417410293240564,56.53852460637165,5,6,3,Finance,100
32,17,6.297295656893075,2.4074419264315114,7.7360449565390415,11.485246716465133,1.4859120884325956,1.2945965651527995,5,37,5,3.279275366224701,42.72076736441627,6,8,3,HR,99.85444342032213
26,17,2.61263033965952,1.5693232798310786,5.644072974246466,18.872765736117884,2.8835842000067093,2.4429907760179184,8,19,4,3.5277513452947,78.50939864495024,4,6,3,Technology,94.55510189409816
30,17,3.501226576769039,2.150368086989323,5.913800866465635,6.740943304079541,0.9517236097089455,0.6252464931916514,3,10,4,3.5952818161915876,51.738516017822995,8,7,0,Sales,99.79085330102139
43,19,5.172808573027991,4.209936359296153,15.199526394696456,8.235822484616232,1.474263646363486,1.019367227971122,5,40,4,2.478900125434271,65.89651266016206,7,6,2,Sales,95.88516492957739
45,19,4.316442991718416,1.7739329108935562,8.811291518824794,14.528930664535869,1.708654947215921,1.552438568398176,6,25,3,3.5786240379757754,43.595504533394745,2,7,0,Operations,92.19226862639519
48,15,7.562885080265325,3.7261179699030396,12.75309608206929,8.922836907406397,1.3214063125190714,1.0533792902007846,4,41,4,3.8838060590830312,35.84702366871412,4,6,4,Operations,100
42,19,5.788328812656715,3.4104259847130285,11.820188329018201,9.22960490344263,1.3666133737675241,1.0516642689239841,4,27,3,4.0074154373325985,38.16064369090837,6,6,4,Technology,86.16413085981638
