Age,Education_Years,Tenure_Years,Years_Current_Role,Career_Experience,Base_Salary_Lakh,Benefits_Value_Lakh,Annual_Bonus_Lakh,Compensation_Band,Training_Hours,Job_Satisfaction,Manager_Support,Workload_Index,Absenteeism_Days,Projects_Completed,Remote_Work_Days,Department,Performance_Score
40,16,6.145418691130394,3.0827633788045703,11.18366985002934,17.206523179158406,2.3116865619876723,2.405822587593244,6,22,3,3.4116997976799475,54.136864598785344,5,6,1,Sales,100
41,18,8.72796619919731,4.312248871668507,13.791912510889167,7.500633997176201,0.9635785773608763,0.855708710066015,4,28,4,3.1062428158789417,58.37147007156503,2,9,4,Technology,99.78055403780729
31,15,4.0377602880358845,1.8809212950014702,6.839687830086855,10.062707679738674,1.4083159317318592,1.5572104869903585,4,10,5,3.5753056819463405,78.49043912633304,6,5,2,HR,83.64949534519828
33,16,5.419290837061357,2.1368635731461363,8.65795849420069,9.879554893608821,1.8846653322737337,1.345272310899098,5,54,3,2.8852884773225864,66.197692380821607,2,6,4,Finance,82.79826545811635
27,17,5.565736040948786,2.3162077670455634,10.203077489971275,7.981171727294771,1.1055231001073627,1.1237822819559886,4,37,3,4.312134773135557,58.78910457831393,5,6,4,Technology,94.56277098105222
44,17,3.102641292698915,1.2017462407797908,5.6047032288484635,7.780857111147606,1.2758674391186244,1.0429488325917646,4,24,4,3.0113077748391417,83.21545270059889,2,6,4,Marketing,93.57320219923291
44,18,7.387016367001099,3.3545271828034364,14.726022641131928,9.512861296710131,1.354156755206899,0.9363086847865687,4,25,3,3.297503248440681,79.7604009149036,6,4,5,Operations,97.28095158352052
25,16,5.014076925581514,3.204295213982784,11.00632741862158,12.219643914223223,2.287292820759565,1.9813079491255972,6,65,3,3.724815174836909,52.48214694927461,5,9,4,Sales,100
36,15,7.020741040495285,2.7008265655072297,10.433863876061775,5.836093741981142,0.9875726941639362,0.7888498368550352,3,8,4,3.9749692517365296,85.47964939564909,6,6,5,Technology,93.97544793936567
29,16,3.650263321863155,3.2094417804610758,6.309923051319898,9.771985530426509,1.4667058806876292,1.2329031004902606,5,32,4,3.703896018962083,79.0498390120538,5,5,2,Operations,100
30,15,4.801575346589231,2.7228396429561137,10.26537931937642,15.23535952712706,2.418755772932637,1.6364361102277363,8,65,3,4.290080230898411,64.13349687729192,2,6,2,Marketing,99.98973801901053
45,18,5.705805501994328,2.0098043989762955,8.24569593808136,8.995229138110638,1.22842865800248,0.8354913423624316,4,34,3,3.9122077751425595,41.92313554018757,3,9,3,Marketing,99.9928674183529
32,15,11.9457885342632,5.4096619211412955,18.616142478197414,11.052459810274932,1.5317435640245414,1.293520149427654,6,18,4,3.1979521931629407,85.500569086294135,6,5,3,Marketing,99.95963958994489
33,18,4.239477154329411,2.3107779569299725,8.91572490774149,9.605307046822801,1.9394482187278848,1.2313685670060694,4,24,3,3.7066368147401363,53.34841136450111,3,4,4,Operations,98.52084206154325
36,19,7.030477761191072,4.505218370262239,13.635648719988735,8.633561919328724,1.4521851236002496,1.5331787491710307,5,52,3,2.7915357620891226,29.112644946219415,0,3,5,Marketing,99.93262481955621
31,16,12.097603200218723,4.92474833775323,19.595270482375497,7.189813133397364,1.1822753749392332,0.942645424004667,3,34,5,4.299934227168643,67.93224399964001,1,4,2,Sales,93.27255468558533
36,20,3.3374887247935536,1.577339946997382,5.45703839170509,8.190864247920585,1.0848863368601944,0.9639985591164503,4,22,3,3.7865368322913864,80.20790448117235,3,4,0,Finance,98.4563378650701
43,13,4.936780011875884,2.6124643385854163,9.680382172097918,8.826713074272758,1.2431774124600146,1.0980860970655275,5,31,4,4.187640634753597,61.89931091948675,6,6,0,Technology,100
35,14,6.303190650231559,3.442836853387436,13.315606860572478,10.36695301511858,2.2305099903295464,1.4721422110294375,6,16,3,3.906450089846678,73.69698479106391,4,4,2,Operations,98.98701687354385
37,18,4.250411729976721,2.8933720035273565,6.80147432005633,8.645539737933486,1.3533717334995685,0.9987131741779985,4,28,3,2.7153249191798805,42.74345041687541,3,4,5,HR,96.18532224692278
48,13,8.290115433736233,4.1906146633581525,10.68176071251625,14.194906648280776,2.3144503005463144,2.1737436808697255,8,33,5,3.3178689219957693,73.77385320092758,7,7,3,Technology,100
41,18,4.659059365369352,2.511544129225533,6.355713347145913,11.083213145161046,2.0425203327431776,1.5984584089648868,6,16,4,2.999669314878997,65.40297647761503,7,8,3,Sales,98.79764401348315
29,16,4.084442534620255,2.086831211422421,8.25165481066893,7.364657932981628,1.2889866365194744,0.9054966020948878,4,32,3,3.59896897005872,71.37901431725105,3,5,0,Finance,84.5810608740339
42,16,4.507300456114197,1.9089669253778918,7.788846931111183,13.09674515376425,1.8824628991224828,1.4224173387877002,5,46,4,2.402986694077506,72.51673545063544,2,8,2,Operations,98.56149631540158
43,19,2.9576073790179813,1.5728132500975813,4.7662227282079055,11.362561321257433,1.8663377784120014,1.4961344343414977,5,25,4,2.9124602441151617,43.03928009750124,6,4,3,Marketing,99.88699163219027
45,12,5.813949393273743,2.994521820145277,12.48353603168799,15.352657343322251,2.4894354031561114,2.1098569721785707,7,36,3,3.305928564677261,62.70079606797653,4,8,1,Technology,100
39,15,6.922046931929948,2.701929256026476,10.605718031399979,7.816655352247649,1.3539693491830012,1.0510058459076885,4,43,3,3.5016659016800067,70.33712546136836,5,8,4,Marketing,99.94067733034987
29,15,5.986320232953337,2.50987947111245,12.587069536695143,11.973521812624758,2.009654595789928,1.6408449707288346,7,15,4,3.127103193213069,59.31364279290286,3,7,2,Sales,97.27088227513656
40,14,4.913913137233386,2.8063135518962374,7.563987862303221,12.322619155326638,1.9933567955469265,1.6004277356815013,6,45,4,4.0123159090255465,58.532029566087594,3,5,4,Sales,99.96694517065652
46,20,3.499208973129426,1.7955800407795062,7.543700298613349,8.269002333256843,1.3786373813100208,1.235299202284226,4,17,4,4.606287002960359,51.362237177693125,5,6,5,Marketing,95.79463605574104
32,19,9.402174654302605,3.710358405142219,13.294197638863023,16.82883053467115,2.649108033770432,2.1603263726652933,6,80,3,4.7220442134287115,62.83032755040072,7,6,2,Sales,100
44,17,8.640931586127854,4.3116370033067035,16.76385430225831,15.361228238868113,2.3453211552082442,2.081164303660611,6,32,3,3.8851073412895034,63.304936968097195,3,5,3,Technology,100
41,19,5.572188127010346,2.2047307269944336,11.62584833604804,12.037656855616364,2.1913630366922647,1.7684295201142342,7,22,2,3.2901974519627557,85.15705804460639,3,5,0,HR,100
41,13,4.595310602625295,2.7087075668328575,8.809118132834179,12.014025981420943,1.9117739974375858,1.6938925243195555,6,38,3,3.105029301381761,41.04438721523132,5,5,1,Finance,100
38,16,9.89433399746468,4.8342421151511425,16.05543106173277,8.349511600326776,1.4579701938738199,1.1717339015502157,4,29,3,3.3656345398623055,73.0494480537352,1,6,3,Marketing,99.9836488110521
47,19,5.222187215906602,3.288317147538987,14.947100591663629,12.131683104176933,2.301127326049709,1.510393797712631,7,30,4,4.280257888947389,78.64563336440347,6,5,3,Operations,98.24646377996366
36,20,8.539652179150751,3.7160633423393876,11.754071787297622,8.04939151897598,1.6507445437216406,1.3060350587014702,4,65,3,2.807556709486085,40.87927494227012,3,9,2,Technology,99.97891271895222
38,14,7.434942535103992,2.425379145475705,10.428264385774664,11.262963427566444,1.7035073038511994,1.2617181046016854,5,29,4,2.6023670371540257,34.069341615984726,4,6,0,HR,98.21836304825933
34,16,5.355582370693636,2.200029387795422,7.071328946767184,14.293537579474652,2.230800642908958,2.125569695744717,7,31,3,3.8002015960436863,50.545187465274736,3,5,2,Marketing,85.6916097223196
56,16,7.546340716843576,3.086880924767994,12.976226297130234,8.786173171518575,1.489049302053854,1.1651401984449339,5,49,3,4.389535187886175,24.314932875700002,5,8,1,Technology,100
29,17,8.954938512199313,4.6301395700493355,15.042944163755568,8.54628879836987,1.0197740732464537,0.8813432891818486,5,38,3,4.094443557946043,46.46353889670549,5,7,1,Sales,99.88178946795647
37,20,7.495783104624325,3.618329163312597,15.126552347204182,8.757778419808623,1.8014639516938757,1.2391556657645892,4,30,3,3.108107290982832,67.76442720279685,4,2,2,HR,85.43559817101607
33,15,6.373119539470922,2.7949743131552593,11.177253700282364,10.357378590050386,1.5311348101502458,1.7006720590356785,5,26,3,2.510407411574848,48.69263707306075,5,6,4,Finance,88.01106030272362
29,15,6.682823008227944,3.557768846840765,14.339875286912438,12.192972467217976,1.335822448874369,1.287472563332935,5,29,4,4.699732621562486,56.90448419187781,4,6,0,Technology,99.84340498045358
27,14,7.319057602686376,4.921321572737594,9.558003711262801,11.28862860581307,1.8335774000035014,1.6022738804856775,6,40,3,3.601669824113824,54.49138719918167,4,6,5,Technology,99.95870820666231
34,14,8.133161881992399,5.222056074928239,17.82518270650714,19.708150612452716,3.30485976095482,2.3578852344231387,7,39,4,3.092802474908639,58.554577234301874,0,9,5,Sales,99.95768037860337
35,18,6.714640637694467,3.1125881316690407,13.22906744388835,17.417072394716453,2.7303315493260754,2.2049647066673166,8,24,5,4.009246141423264,63.672320904668155,3,5,4,Technology,96.95272502946456
36,18,5.259930839117289,2.965449723068362,10.462386350964957,5.417590967343106,0.9098487831117924,0.6710477200101248,2,42,3,3.619337339452885,52.66396647362316,4,7,2,Finance,100
54,13,4.156738352881284,2.9883818491021437,8.646354965134302,16.84065263192703,2.622749070471225,1.941189869804748,8,21,5,4.985728028280017,50.60729479816092,9,3,5,Sales,100
29,13,4.43216464506371,2.9638452799556236,6.003871168003192,11.27293223903557,2.1041984842579122,1.6642513183449432,6,25,3,2.696577570649981,58.89020636734899,1,5,2,Finance,100
46,12,8.618492393210026,3.095541881108981,13.989460090037978,15.412547162516624,2.473790949824096,2.5352014965975704,7,26,4,3.2092459510338798,60.80604476102888,3,6,4,Operations,99.88986827126047
40,18,11.935738280813947,5.093602437427866,16.960611583680507,7.034061739695761,1.258360068482853,0.9163279513741349,3,16,4,2.9986311417152742,71.10130687225225,6,8,3,Sales,100
29,16,8.637542850829895,3.4877465966024177,11.905679986020878,20.123749622182512,2.912880516460791,2.0882300508120015,7,11,3,3.805332190512548,55.26660837025075,6,4,0,Technology,88.50586294977124
27,12,9.123771108272202,5.379310837865247,19.564823103640915,11.7742393035298,1.5938889646726095,1.4389029064444447,6,12,3,2.8245263938312166,59.197971048190254,6,7,2,Technology,100
26,19,3.531924730170821,2.0092682791660943,6.093793208876606,7.441764821662952,1.2810294705032674,0.9636584021956591,3,23,4,3.7125802896608624,48.27683879754323,4,8,0,Marketing,99.50420616320542
22,16,5.060333296122296,2.7790464263597565,17.205555825294415,13.255348785379855,1.8432086482855374,1.9308364201605792,6,42,4,2.3990019475998587,67.83141276356118,4,9,3,Sales,99.94222635672979
33,17,2.2387704556553154,1.0665488257874673,4.224017197417401,12.72719864546298,2.416225265821657,1.6361015897494517,8,15,4,4.6168019102100155,41.82580072977074,2,2,5,Marketing,75.07904890532228
47,20,6.9110549286798815,2.5209052331104096,10.054849758410132,9.004096829136897,1.9068474329654759,1.6476927459460118,6,32,3,2.815256503682883,88.25786893816192,6,7,3,Finance,100
42,18,5.866089420912578,2.4046814659335385,7.746098470361391,10.816014155745297,1.6209233706695383,1.4859431522398543,5,19,2,3.112663946809343,70.22974729487277,6,5,3,Technology,88.60490768800143
23,19,4.70574293681488,1.9996018469640782,8.748351144911746,4.738235818639179,0.7598931505638555,0.6087537875314182,1,36,4,3.686220287525972,61.574409490346376,3,8,2,Sales,99.94286593767539
51,19,6.241807638980089,3.4867654530870267,8.985299453750265,5.731447803040179,1.0826298781168373,0.8083592076862993,4,37,4,3.965931488384591,78.03417988788594,1,6,0,Operations,89.80494551705002
42,16,3.5603672199282466,1.3224105817290923,5.027806164239083,12.235453500714698,1.736367356922434,1.514568829537396,5,43,3,2.78852504240526,59.936356726539685,1,8,2,Finance,91.6739562931608
33,18,2.3641303192633387,0.9849033614268081,3.370812760419025,10.987802564650014,1.555443532563351,1.3500354980964937,5,5,4,3.6017064214577554,57.204319257859986,0,2,2,HR,90.37727001726371
34,13,5.092285225412968,1.8438663611352122,7.408654176025767,11.028484843015775,1.5836842976763579,1.6526383183518103,5,39,3,4.172361282047961,30.200980987462817,6,5,4,Sales,100
32,16,2.5531789858464036,1.7020277625429638,5.229879628010331,12.126826729756058,2.0871638529399714,1.8309835569686743,6,12,5,5,68.44721013064562,6,6,1,Operations,92.8015508750355
50,16,4.533756723084532,2.4095993485335097,10.537428080782352,13.802611346476205,1.7730569533373586,1.6447508499194656,6,31,4,3.587634335577834,53.155479522488356,5,7,2,Operations,99.92800832807525
30,17,8.083746403442152,3.766164022446388,16.68173618204658,8.051982268135868,1.6239511672229847,0.9059549226683664,5,47,3,4.804231082375584,73.54108763262775,2,7,3,Technology,100
22,16,7.183368150639145,4.332700401926745,20.965452322313777,9.58745155440991,1.971875716615946,1.3233425868460607,5,15,3,3.11078327838421,50.15574470022346,4,6,0,Technology,99.49867732820681
39,17,4.1459021232198925,2.377320901276272,6.645173267788824,6.2557552214475765,1.1769067716514885,0.921056557778762,3,26,4,3.8994786986556904,65.91171742844918,4,5,1,Finance,93.57112750909668
26,17,3.648616230281962,2.418410534500325,8.857070352166666,13.949216890054732,2.11700475248799,1.6365821524750375,6,16,3,3.492821013176477,33.360748311615566,4,7,1,Marketing,100
29,15,5.806323818224477,3.3176149860987962,12.332194941141491,11.861241849932227,1.746792918402031,1.5541103014950801,6,11,3,2.8885163122571336,80.0629341548051,1,4,4,Operations,93.06841595664719
45,14,5.462297382795772,4.900862957441914,12.366918727575335,13.224021015594207,2.0371249529594455,1.7480810860306641,6,53,3,3.6044201911450413,70.27975435039379,5,6,4,Sales,99.94017739745584
29,19,4.3654470147101705,2.4112180691687812,6.702663724460716,12.595080935477917,1.6014558020747844,1.6243026976885688,5,32,4,3.3097970183852867,36.921862938161276,0,6,2,Technology,99.84496950713299
29,16,6.983131502853324,4.001352993335119,8.837267332586901,16.716453566638208,2.357534920004384,2.1808639619334427,7,46,2,3.991404349786197,67.65560353049383,3,6,3,HR,99.86894438613966
32,18,5.917454632384823,2.6137534774845057,7.03727259216297,6.257335035213746,1.4191878846461625,1.0361044914240984,4,26,4,3.106309635842842,60.86075743724099,4,4,3,Technology,87.47161635758354
30,16,3.6242306501295807,2.511760264947423,11.150215078988655,12.30741817751135,1.8637879506394732,1.6621847840692188,6,26,4,3.0839345292952327,80.8480468002776,2,6,4,Operations,94.76943211426698
26,20,7.9078393818756885,2.6342095478211993,13.986688352587874,8.799352998216646,1.2156604271855243,1.0852720626124384,5,16,3,3.298787060735706,51.26124495030963,2,7,2,Sales,99.92783760388285
34,15,3.901294974253821,2.5895586659633616,8.487428563954,14.612717119181239,2.2767854776444847,1.7629065482552246,7,20,4,4.093349276536629,66.27225482628963,5,5,2,Sales,100
36,19,13.80884887986285,3.8973154169158395,22.149593922503588,16.324151706382484,2.048511886496823,1.5488588134501318,6,23,2,3.4769292152533113,75.51455031706163,0,3,1,Finance,87.29785267735491
25,14,4.934816622195407,1.9785675712092472,6.889612166909093,11.638777782969257,1.9199059789986141,1.3896108742528073,5,20,4,2.292771002167091,53.419271681836946,4,5,4,Technology,99.96266391851995
34,17,4.120617742738397,2.585242195459874,10.077228669553586,8.309254331818549,1.3705437768686806,1.231068853746369,4,17,4,4.190394878224704,59.23083415156216,6,4,0,Sales,87.9176665511361
37,18,8.228922637713964,4.826861744553219,17.235285678635012,14.614765429616504,2.1421709274164007,1.5796604696132557,6,26,2,3.285611351621656,76.69092325717143,6,5,2,Operations,86.56123020092475
34,13,4.471227676469574,2.8213154304115196,12.200218711683911,15.611200863571394,1.8559055181246844,2.362738280391129,7,61,2,4.902010645199914,43.40868669753192,2,8,2,Sales,99.88128515291841
35,17,5.729506312346782,2.2116564253848634,8.93116890079095,5.973387026632942,0.9410170158124036,0.8482051117109263,4,59,4,3.6904487854267383,61.97395726258104,2,6,4,Sales,99.90008283041891
41,19,5.877309765083187,4.400756987821201,15.436140476747136,10.405734133723522,1.9163985325037747,1.276039465867917,5,12,3,3.713415676504874,57.93463530939384,4,5,4,Marketing,87.92516632768178
36,17,3.524742484330096,2.0158729611918744,6.942865978480436,16.315321301886332,1.9527532416855378,1.835849290997638,6,21,3,2.912774443731678,49.52020135491344,2,5,5,Technology,96.95661641515106
27,12,3.9342279295913043,2.586317303065532,9.154324788063324,8.456965154781331,1.1304045755747802,0.9267655364470405,5,19,5,3.531772942182535,61.10445525933303,3,6,3,Finance,88.41775648449355
27,16,6.680521910368697,2.516753594924757,11.98537476288277,11.569475875721487,1.6687419080236008,1.218957100179284,6,17,4,3.3959485968302454,54.29568915418601,1,5,4,Finance,97.52587943066698
46,17,13.094708057130473,5.796063241811943,16.745698315279828,8.874439549698327,1.4857184843842055,0.9888932115915529,5,47,5,3.479342716852546,73.5592526685933,4,7,3,Sales,100
36,13,5.369320476542279,2.395717021335116,7.971251448220752,12.832546028483158,1.835004545556419,1.2829635903252146,6,35,4,4.798061794615009,63.18101119557262,7,6,2,Technology,100
32,18,3.8965599904193624,1.9984188377699175,10.095929450379167,9.637958550196906,1.429118547732735,0.9421694462344994,5,67,3,4.2877356817779235,36.06134062676165,2,6,5,Technology,99.84314827187413
38,19,3.8458333751080036,1.9151752831395423,4.45744676392175,17.656091203504047,2.489773343894125,1.716107882288667,6,48,4,2.6242258576970543,44.19843023602311,8,6,2,Marketing,99.9360286481007
44,16,4.826700980224397,3.081120872049759,12.619983129196031,14.354357647269063,1.8421340138445919,1.467375003478783,7,19,3,2.475502186148236,72.6172024635158,7,7,5,Finance,99.757221564047
38,16,6.945102788249311,4.11108439667362,14.768069405048568,14.453948663993094,2.2702141485641785,2.0561452414941543,5,48,4,3.369387779385133,73.44208317006239,3,8,5,Operations,100
38,15,1.7725863507257145,0.9250755336825207,3.154303859483619,14.54843813169985,1.8702126926296396,1.6794357674845521,6,34,3,3.820999898623085,44.63497403354757,10,4,4,Sales,81.6836018676679
29,14,5.5250132472949165,2.8061484381934423,9.52803696834443,14.807733799598068,2.7408833145119678,2.04425948527249,7,38,3,2.9083213529891654,38.47397669413849,6,7,4,Finance,100
28,17,8.35220968405959,3.675225749759053,13.584884505091262,8.802678112007252,1.4229946755409815,1.195826782106352,4,26,4,2.476654100066362,54.79804033318719,3,6,0,HR,99.58530049784437
39,14,8.662483482198828,3.296753557263038,13.618577380544778,8.676393283557957,1.321670719492276,0.9030601105551772,3,23,3,3.6795620121382804,49.67118695711009,2,4,3,HR,99.92243118321973
49,18,6.463156042294588,3.966932966158415,8.622105562911411,8.205896249255977,1.2560103303589654,1.119148343184855,4,39,4,2.7954064765292292,95.33891352097491,3,7,4,Operations,100
33,16,7.3278936546987765,4.363517924162584,13.361854116010795,9.837956817728088,1.626804774526343,1.6161425969631984,5,46,3,3.6930917204111493,89.3840356312653,3,6,3,Finance,99.96251523063894
38,17,3.467825145421425,1.641153721175323,4.066049705604523,5.942800956462742,1.117776597740317,0.7007971883916141,2,34,4,3.4964189451007788,36.159437924100736,5,6,2,HR,97.6417411018872
37,14,4.649647118094122,3.086683142882693,9.054381013686182,10.074554470797832,1.599590090911875,1.4650819731215912,5,44,5,2.998996842213431,62.144540828877695,5,4,4,Operations,100
30,16,10.745005210309031,6.985329396654526,23.855066557008115,11.08052730117909,2.053586615166985,1.6714246575107852,6,33,5,2.7865668012386053,86.58255422401658,6,5,3,Sales,99.8525187769518
40,20,9.914495337829639,5.8196163670944046,15.909155699081614,21.569525507788715,3.2095661433012297,2.93314986884876,9,31,4,2.807201486052466,57.6125439727286,9,7,0,Finance,99.89472406003948
41,15,4.600653695053337,1.8355721750499732,6.252657152071663,6.491016637651292,0.9998011426551685,0.6569271988542635,3,12,3,3.7969036895285386,55.31781489223954,3,5,1,Operations,86.20675647075299
28,16,10.27873607163191,4.700759661841939,20.397460605513984,11.855840850821329,2.2720677306410115,1.3136836735868926,6,30,4,3.512200342312496,73.27803426740431,2,6,5,Technology,94.82664441478713
39,17,3.228252533640155,1.8862509628957727,5.8992207130071606,11.83223375499647,2.0386468435408327,1.4785875324550826,5,17,3,3.9232481308718294,64.97629772823302,4,4,4,Sales,91.55393897001397
36,18,9.680721583151426,3.816461761299452,13.635524328652776,5.601309356382763,1.151947717507607,0.7405037652908284,2,25,3,3.593921272697359,61.00923828531979,2,8,1,Finance,98.16688523184702
45,19,4.239517979679774,1.7910327819884526,8.795751151318782,14.608414817941089,1.7178256030944548,1.5473206856845352,6,26,3,3.5976467477553147,43.81144139465863,2,7,0,Operations,91.99830342808386
33,15,5.703181556676281,3.4122043838081133,8.995535507099186,19.410978236285022,3.2963595338857647,2.767241565162318,8,24,3,4.414989305732532,55.20368499721697,6,6,4,Sales,89.60324608321619
45,20,4.698796667305359,2.7058851668777084,9.424553757713419,15.490216390349074,1.7033277320773403,1.7614936761226043,6,38,3,3.202460922875801,72.36421921846353,7,6,3,Technology,100
30,17,6.058467249077421,3.3180672277217926,11.253324274338715,8.065114623060516,1.0342567044428048,0.7735818457894156,4,22,3,3.591319975275079,45.418811151320696,2,4,5,Finance,64.25
26,17,3.7611187608569163,2.514766373854283,7.4867238052470695,7.118615702898348,0.9781434747539249,0.841742799458148,3,55,4,4.797638635827564,60.178168166371954,7,8,1,Finance,99.90822177125044
38,17,4.8835123412264565,2.8013582205584306,9.074698318544906,13.023401871377024,2.100677955955609,1.8472153094429076,6,29,3,3.4048024107474557,68.57667119044717,4,5,4,Technology,99.76159398665018
38,17,3.7355440382184657,1.6199377684318546,7.042354514605122,17.492155466826063,2.1603141404852337,1.9022577665339309,6,20,4,5,58.501540302463276,2,5,2,Technology,99.95400749417387
39,13,3.4343271617669546,1.5211007916092656,5.171586530923108,9.012759735841358,1.421554681122188,1.096276574223924,4,12,4,3.5095539428741818,70.97378951342681,7,6,0,Technology,78.53794319121877
26,16,5.992114858962062,2.4906256001269993,10.01109158936522,11.341047454035117,1.5470230365293378,1.4441472474987138,5,15,3,3.699585500589777,67.22888190809394,6,4,4,Sales,85.24449626523932
32,17,6.3776857026946985,3.9263100635341535,10.156062675697084,15.406955962571656,1.96299704799101,1.7394491606492763,6,28,4,4.092417141272893,51.340822534225516,3,7,2,Technology,99.85162840657193
22,16,4.084452269662494,2.0973799463705713,6.547447850988975,7.518841019478368,1.1722920385365332,0.8837613957758134,3,24,4,4.380685870381102,32.237564631542604,8,4,1,Operations,89.83326493987352
52,18,4.61844611932907,2.774769362951977,11.312965749293127,12.192977620583756,1.9053367532240937,1.3670842697099483,5,35,3,2.7949264737516706,65.25000232017003,4,5,5,Operations,100
46,17,5.814675849418324,2.97615291246207,8.438386906720554,11.543626040711288,1.861869734737553,1.41547755352463,5,36,5,2.4919676125597974,65.68975446425898,8,7,2,Marketing,99.72087915107097
22,13,8.296288718617728,3.3193613994185034,10.406306969341104,11.884406346462166,1.9580049762110128,1.3371015318237947,5,34,4,4.400442576385939,50.21231699147355,4,6,1,Operations,98.61819062214475
39,18,5.270580354286789,2.689159780863986,11.855360058298501,11.284676798805647,1.7723470230469507,1.4377215861996977,6,21,4,3.3938496014148107,65.59304343378716,3,10,3,Finance,99.8930570502569
37,15,11.527509015855431,4.292280827871148,14.688377871912463,7.001401309055092,0.9558236814506779,0.6698075966313476,3,27,3,3.990791587158154,25.63152481172404,1,5,1,Technology,97.32676397895352
30,17,2.9314008812311907,1.2014329522853895,4.181479076137433,13.288669556944766,1.7978134554820357,1.1433310132441257,6,34,4,3.7258881083480424,40.640851521310715,3,8,5,Finance,97.16898274600231
39,13,4.45625669692798,2.8826127805115798,8.076585246188724,13.82391372312391,2.079034321741476,2.15396629903856,7,27,3,2.9056135680522672,50.214028851442386,5,5,2,HR,95.27974174163631
36,18,5.2225427866495915,3.728746017587457,8.984760461250186,5.473946500125932,1.1183282514394104,0.6102622205845032,1,10,3,3.2078097951528792,62.012230377539446,9,7,0,HR,72.94608703954869
31,17,3.5306926130939216,1.3005694974637003,5.1133583841677765,8.647160288362196,1.3155104105551967,1.1790529682646247,4,45,3,4.09338883270661,46.789782893370756,2,7,5,Finance,100
26,17,2.6566443083133486,1.613150718592833,5.4234971506046,18.72974856110238,2.8920620691727854,2.458341676304691,8,19,4,3.5138221636801465,78.15975534559455,4,6,3,Technology,94.58500375273307
42,15,1.7850450027356934,0.8,3.7801971209641554,9.480508292926295,1.5687797891913782,1.4311267363526878,5,34,3,3.8043275935049428,56.3992173042674,7,5,2,Finance,99.98933758149572
23,19,4.057017281623807,1.7980814347377387,7.477769241965381,12.37574564821204,1.65386916618649,1.765324315311533,6,30,4,3.704295754830239,53.25818967675169,6,8,3,Marketing,94.40376249462828
40,16,6.985693023592972,3.1975294386806694,10.445707080522943,7.148438969440889,1.372658360650847,0.7027537864525353,3,34,5,2.985479212750704,41.84822499323969,2,7,1,Sales,99.85951807372894
22,15,4.5836317617957265,1.726597642512901,6.257735365473162,10.681900714846225,1.6876051216019798,1.3637760988265304,6,13,4,3.894166560746871,50.48983461075332,3,6,5,Technology,81.7609719853323
47,15,3.9320124603408884,1.4738411205095512,6.492709827824307,13.31614401681759,1.963656737202951,1.577204084122384,5,32,4,3.4857044253339886,68.44354877266504,1,8,4,Operations,97.91560036960321
41,17,5.86003886460436,3.6870459971573113,13.638986385203149,7.300956776789315,1.655668214383103,0.9627528208338137,4,11,4,4.102666346255349,74.89679474639838,3,9,0,Sales,99.95876356408903
36,13,10.270016655425682,3.9030410789914516,12.143600838899687,18.730430728352868,2.01393149307791,1.7744382760561723,7,66,3,4.506087508602446,55.16091123983614,0,7,1,HR,100
22,16,11.30668045944817,5.399381173157376,23.111483726499934,14.225359546788189,2.4816671679022133,2.1069042548342947,6,26,4,3.2710767868286594,49.47198916757118,4,7,5,Finance,95.953584554377
22,17,4.742367554031455,3.597991394324025,9.775675265684505,10.295895263937897,1.6002924379153778,1.321448242946913,5,16,4,2.896254629915693,71.28587008900931,0,5,0,Technology,96.44205851574834
28,17,4.620915181086901,2.579693375622954,10.05158330575587,12.950097848836545,2.3730662241614797,1.431903467960518,6,38,2,4.303989359677971,73.47608484766968,5,5,4,Sales,89.13509024430996
23,19,8.780760491219185,4.10826879593292,16.827968733040642,7.813226798158741,0.9991997265241076,0.736640427584188,4,45,4,3.0145157534822706,50.37782676493976,6,5,5,HR,100
52,12,7.04269025846015,4.110079210171157,14.109898843035797,7.921582331305761,1.42363873199389,0.9353381455855475,4,17,4,4.4776844918244185,98.5696238627321,5,7,4,Finance,90.39441787220194
33,16,3.851707191493927,1.7876077441278218,4.766714153578488,9.938943643997504,2.0052299934904205,1.6302530273568063,5,20,5,4.314230617027975,68.04715752513182,9,7,1,Operations,86.3654218309315
30,17,5.0538797552075545,3.500321007774385,11.101022249550137,7.034516808383552,1.310686315892609,0.9269307313377033,4,10,3,2.510304145273875,47.226788390322525,5,4,2,Technology,86.78741368541918
26,18,6.256306045848092,2.9174826757886394,10.522737201061293,7.6902405102610345,1.1589779573733123,0.9378773548137262,3,46,4,2.6743555744702734,65.26118739206727,2,8,2,Operations,96.42567605432721
34,18,11.325088179969015,3.4964146903703495,14.382098997159744,10.455506569963232,1.5030551884834664,1.0480397603456544,5,38,3,4.198015974244317,62.89243085671873,3,6,1,Marketing,100
26,13,6.181110260681861,3.317529856416531,10.167900453134472,8.277186581065115,1.5521276064070575,1.2314285067895885,4,27,2,3.6019662328165345,66.43958999487384,6,7,5,Technology,98.53344832237295
35,16,9.134629891735546,5.078109535522465,15.008146703165794,8.035271581618995,1.3566108274906532,1.0461591866425384,4,38,4,3.32290628770827,64.65104552485222,4,7,3,Technology,100
40,15,4.359038539947793,2.24080357668179,6.2135135353167374,7.6712204399934585,1.3910059553785832,1.0716545690127541,4,20,2,3.60410653240561,57.05342148420344,3,5,4,Sales,81.89802186385424
35,14,3.9042962324419146,2.417920548851931,6.603094549720379,7.446506903109441,1.0940812911489244,0.7613393076391284,4,17,4,2.1760294248745238,66.3773805582497,5,4,3,Operations,84.62552699744151
38,17,10.03164501048876,3.8087765335959873,12.382992224087689,12.774539577432645,2.218285723667561,1.4649077056307056,7,43,4,2.4934678097557734,66.29663444069182,1,8,2,HR,99.97951644077452
49,12,5.017490525711468,3.085798542859438,8.452496605831133,10.594021571720104,1.9244839858150165,1.6959323349403104,5,28,3,2.6833515069397436,47.97574549053269,1,6,4,Marketing,100
36,13,5.457935408345834,2.2014510618578447,7.7576783163094785,14.996800348507433,2.199020893154295,1.9433934637812518,6,81,4,4.110652514771919,49.79844374816691,3,10,0,Operations,99.99133368209263
30,19,6.1911385346869805,2.9130356023017012,9.882100857617596,7.918920712555382,1.3259062567763371,1.104069958991549,5,23,5,3.4987168630785375,62.09962424531983,2,6,5,Technology,99.8644095900192
51,12,8.79866926073576,5.472205933725563,18.41039527325464,8.19100805866495,1.3532093815767876,1.334663741914587,4,19,5,2.404268762585213,75.40513321720252,3,6,5,Sales,91.03020668632269
33,17,7.434474562401429,3.4992974131253765,11.72704981144046,8.676334320265356,1.3599579155363202,1.2003764179740972,4,13,3,3.1122780866805155,62.24147575491076,3,4,1,Technology,81.50360717208933
37,12,6.1595132915101125,3.590518712102078,17.131722312214325,15.317715049904258,2.5824398335123524,2.051971462916704,7,22,5,2.7006959669695827,50.76397026645781,4,4,2,Operations,89.31315901991665
44,16,2.4513898581700557,1.474763453350419,4.964706676222597,15.755912319899107,2.481168992842251,1.8681606362884444,6,35,3,4.210855542318959,50.73942081845018,1,8,4,HR,99.96924585180865
40,16,3.869480160027426,2.3838381871013126,7.259691202800262,10.184620800435678,1.572869334415282,1.2280925888558967,5,40,4,3.881660593101101,62.78758677013711,2,8,3,Operations,100
29,17,9.169815218052307,4.18576723065507,13.68906227922112,6.4586445680008335,1.0872760608765957,0.774048319906619,2,39,3,3.014540215583612,56.39834302826978,6,9,4,Marketing,100
25,17,2.644646004287567,1.5448453307502428,4.65685481336387,8.90797148267735,1.302947419179611,1.2548082902064088,4,28,3,3.1052895019132722,62.41854764007688,7,7,5,Finance,87.83835471556532
25,20,10.217673637040654,3.9999649563850754,13.00809631484302,10.30413308700692,1.9082894438993083,1.057306058800649,5,23,4,3.7891962049270913,71.78550245366438,4,7,1,HR,90.36712284498529
43,13,7.894603402481334,2.69511038628325,12.037738240381978,12.69793547300578,1.798620222625809,1.425605727947361,6,59,4,4.391783211520102,67.57543444856074,10,8,5,Sales,99.93850607291893
34,20,6.325706783455879,3.2165269269603995,8.65344969045958,11.76242657170724,1.5972692149261034,1.3493859037672862,5,48,3,2.28845332683737,41.18765736261335,4,7,2,Operations,99.96151927863691
44,16,8.60549201217464,2.939274241857046,10.567210668766457,8.035007312429,1.3385739068498317,0.9735391748530305,4,22,4,1.8187311838033422,70.16200126836897,4,5,1,Operations,99.9831498079078
37,18,4.649118665410551,2.759607121907185,8.491585494660718,7.744082984174396,1.3817261897391058,1.0047518279653782,4,38,4,4.070331393773234,71.94415773163433,5,6,4,Sales,99.91469068674945
34,18,5.315742443936314,2.377002123623777,8.281179323288375,8.422683108421907,1.358065781153067,1.038983155739753,5,26,2,4.696151553454563,77.83464446451525,3,6,5,Finance,96.807885759249
26,15,7.095305172446891,3.3136597250663815,12.880005288651272,8.488700025459787,1.4814236255448407,1.2240653342251082,5,45,4,3.374505763437355,66.60688579753862,3,6,3,HR,99.68914423352423
37,20,2.55072595936384,1.4841961575128217,4.789929860306433,15.961054290699591,1.8948288818042807,1.85222098843903,6,19,3,4.823805758569237,51.93151164234615,8,6,3,Marketing,88.33368225253248
22,19,5.0321242986716,1.985576089557384,9.041695320450504,9.390407505307705,1.6971397477253842,1.3106295157534946,5,23,5,3.6838900592499213,56.990790401530525,2,5,2,Operations,88.360340512381
39,16,8.866945536435654,3.9602797127041476,15.199566316201604,11.815173660057177,1.698103109422015,1.3422584918962037,5,56,3,2.6028703440284087,88.27970745696275,3,7,5,Marketing,99.87160278256978
45,16,13.674557628001065,6.588310882995902,29.516445202448203,6.747209539442747,1.1010467955839127,0.7793441179373748,3,35,3,3.4978588319582125,68.82535507831149,7,9,3,Marketing,96.97795013040147
27,15,6.802565911615544,3.6290157980274893,7.857247649035353,8.942185536803201,1.5000252516153447,1.188108696543296,4,39,4,3.7239434958062483,56.95618513798393,3,6,3,Sales,95.4680720838267
38,14,4.16999969283095,3.378670133011539,10.8467015432863,14.835534297821946,2.299017914227081,2.383569799078458,8,20,3,3.676078616830918,59.12091963667271,1,6,5,Technology,99.92099805098327
33,17,4.562195006519625,2.12736423343529,6.746862839265406,10.901652945284878,1.7271318565970413,1.5289942200569255,6,10,3,3.1131185707462596,47.2152616582352,6,7,3,Finance,99.40775645013876
29,14,3.7910082799019396,2.102110758683049,6.862745817365812,8.360884638398984,1.1333411502039465,1.0137187790673943,3,16,3,3.606226543776612,40.65658063979294,1,7,2,Sales,76.73922018471575
35,20,3.2817499051920502,1.8838182939170083,5.1832892623642595,9.986314954319335,1.6257786356223778,1.5090917942488733,6,52,3,2.695946401009991,50.934425097746534,3,5,2,Technology,100
34,16,7.692284325098823,5.309192743746652,14.622864416909353,15.277272315042739,2.532338472530779,2.7899896652185974,8,35,4,3.897705348944801,33.456587257995366,8,6,2,Finance,100
36,18,5.161343818947405,2.1242589802815957,11.659485958777028,5.2161521723622215,0.9762195913542883,0.6871650752978572,3,26,3,3.2816114238332728,83.80155941866956,2,4,3,Technology,82.93361479070751
44,17,4.09841763560781,2.28154266975181,8.904407642023429,11.901826507955043,2.31312263499256,1.6228140466711745,6,15,4,3.1811321787820726,36.80806147132655,2,8,0,Finance,100
48,18,9.917790782060369,3.4775024843584625,13.256807601150017,15.563823244331417,2.2404185744253353,1.964597308519925,7,54,3,3.6742313633114234,78.0637707633123,5,8,0,Technology,100
32,12,6.734897448752489,3.378201882282063,10.091860270626848,5.82636918712629,1.0517455640535942,0.7327052545767276,3,41,3,3.5014358941341235,35.14116959548134,5,7,2,Operations,100
30,12,7.444890277127707,3.184474990782678,12.618830873539942,7.255276606255468,1.1997057488278995,1.1016022292496315,4,24,4,3.600226299076464,49.73240500339576,5,5,1,Finance,97.5691952844446
44,17,9.562071758931573,4.409672373320593,20.249037398724138,9.099462149734382,1.690027496683734,1.2875195509452453,4,58,4,2.59749710834094,43.95635539491767,2,5,1,Marketing,100
39,15,5.965930027497676,2.894735839279913,9.81563215356503,17.38886473961763,2.231083890418489,2.4363071975272743,7,24,3,3.397585189390843,60.09982140134466,2,6,5,Finance,100
27,14,5.086674932809158,2.977663820178761,9.942559135888699,7.835267118725265,1.4386619737600805,1.0353893053295766,4,31,4,2.2056786863081483,66.12797575615133,4,6,1,Operations,99.84415176266756
22,18,4.543443855725127,2.6885925661107692,12.560450969474614,10.329580738896633,1.6632432383653326,1.3500445944008457,5,27,5,2.8155998737823853,46.96946447617939,4,8,4,HR,100
37,19,7.128617321973475,3.960266875364801,9.846480729644327,14.34056462854963,1.8825753434533157,1.538909484931753,6,36,3,2.905209388827097,77.4729746981816,3,8,2,Technology,96.75139250156973
45,16,6.054381372835537,3.7896756831989244,11.874678967524153,12.350191471008975,1.9622284813500002,1.4258163526720786,6,16,3,4.082499037380066,58.44664464469304,4,7,3,Operations,89.52470560550577
37,17,3.6389581768268604,1.9197817105962414,9.102992887187703,9.833131022521624,2.146319483173374,1.6481073906338128,6,18,3,4.720404450213977,52.100215907860374,4,5,3,HR,99.80406405946938
31,15,4.5692229645837825,3.00357870573693,8.426341726835348,3.8006578924686876,0.931129057523123,0.7574961198526688,3,77,2,4.084897701529932,43.326876440170935,5,7,1,Finance,99.85573485572857
33,18,6.576933321331429,3.412802861639433,7.184252504251696,12.581468347850526,2.4876098695266617,1.9702845338847714,7,17,3,3.1906376693520326,79.99531930771482,9,5,2,Sales,100
34,12,6.782018996245727,2.9264139981681314,10.519232657474506,12.601464678747735,1.8342014000966977,1.553707478912893,7,82,4,2.4150832455853544,53.63021391299145,1,9,4,Sales,99.95036397746544
37,13,5.880298284010697,2.511991352866687,9.334073693622395,8.00735381382378,1.3319364800277427,1.0839864260614929,4,8,3,2.71201299843232,60.13866525221448,4,5,5,Technology,99.90450471312067
44,17,3.618143119904389,1.4871832084481784,11.16952479438519,5.9919600027399476,0.8811602474344368,0.596089759440662,2,33,3,4.0925313215763355,42.11793912635328,2,8,3,HR,86.29071466625805
25,16,4.923907079272676,2.8087436167901845,9.180866972682667,10.687906349584111,1.4641944718163469,1.376911205650689,5,51,4,2.69676592289995,61.92463498676093,2,6,2,Sales,99.89389935138017
48,18,5.453138572607769,3.0055036421570924,14.466688869187958,15.001232866395533,1.9960558003189475,1.763511517519274,6,46,3,4.199888139560671,72.35154574667794,6,7,4,Marketing,99.88412906619239
28,19,9.260064129976596,3.687110649297862,12.107815370959932,8.371668483826568,1.3258276554935926,1.0989762598966397,4,18,4,3.882401688237535,45.40958235609462,5,8,0,Finance,100
33,20,4.800289701624662,2.2096132749399335,8.168683674786372,9.830070452626456,1.5389824647004504,1.377272992693944,4,50,3,2.5022644780798657,67.86264106566817,4,10,2,Operations,99.89331841740487
45,20,3.9117077072826802,1.8127075815662457,9.015346576423662,7.947122101254314,1.4331290939865202,0.8601784897886408,4,25,4,2.800916659172346,38.726338056095095,6,7,1,Operations,100
22,19,4.468716525312487,1.584609101022083,7.927287764751851,5.314986003777017,1.0085936665082098,0.6499449989023101,3,40,5,4.2200063096114215,48.01864115774037,2,6,4,Technology,99.88940705880792
33,14,6.188934657995765,2.8063065898137696,11.774710392241444,9.266947500766433,1.4552210081223498,0.9445218056029375,4,64,3,1.694747891891315,66.71925640238646,6,5,2,Technology,100
48,16,7.051863458597852,2.9947986215321674,12.925982486774364,16.237416751354154,2.896311938357341,2.6456134774667275,7,26,4,3.406504986061952,60.614920570137656,4,7,0,Sales,100
44,12,6.636673133002173,2.5856735985949673,7.71468862838126,9.3675687398131,1.8810919109036508,1.6267584799607697,5,39,4,3.690220169769003,88.09527218552407,6,5,1,Technology,99.76705274828757
22,17,13.935980590215571,5.4763221441452545,15.962063671083591,13.07343748625455,2.2386560289465494,1.7053054769913771,6,32,3,3.494162101514998,58.927978860704926,1,6,3,Sales,96.43003966294187
22,13,6.149761221542058,3.825736574412435,13.225197466741337,14.193995403283889,2.220892954651431,1.6963922681995651,7,25,4,3.2146584199726522,40.488610956432744,3,4,4,Operations,100
33,16,5.2213954627216115,2.3093976357737342,7.223362689730923,8.112262694635438,1.6070111484599263,1.2071743714457686,5,21,4,2.685809608801617,66.53604691717847,4,6,4,Operations,94.52010292805097
29,13,3.942602303490864,2.5227359181619438,5.458675962343809,9.84476446861875,1.8045034744091204,1.338063969296531,4,16,5,2.8048971161376066,77.9577780668796,2,3,3,Operations,98.91343115187391
40,16,5.16819551204059,2.2695821962060982,14.440684717553935,7.898711519192574,1.2758606050995176,0.7467401546543904,4,17,5,3.3135774477498225,29.543867142987256,6,6,3,Technology,95.75329662721964
47,19,13.099492552105382,5.8168783012781144,21.85045165629286,9.463803650292952,1.654492302751071,1.2719431011154885,4,15,3,3.9097038632392844,50.816358939416,3,5,3,Sales,99.84586333840713
29,15,3.6503447760291166,1.7613297240347836,5.996570117818471,12.593974478797485,1.8851400464202224,1.3568102402969071,7,54,4,3.824638458456117,55.32355355489501,6,7,2,Marketing,100
39,12,3.5543044191572633,1.9910817579403324,4.901324648733348,10.681027328971103,1.8948855934381008,1.6634755719735936,5,68,2,3.307760411525599,44.7976410211605,2,8,3,Operations,99.92444743272495
22,14,4.778910470833382,3.320026587488953,8.613768518991312,6.450536606756593,0.8829357585560293,0.8344611042581487,3,13,3,3.1018246791874007,54.30942505656918,3,8,0,Marketing,90.69676655390857
48,17,6.881168671687427,3.6068777818962223,11.569190328239367,6.258656120505931,0.9429671627876091,0.9519875303436649,3,12,4,3.7043659862073657,72.70531316102473,4,9,0,Marketing,99.32476835628276
40,14,1.6544412303201619,1.4175314082010766,3.728691024302923,12.959407796173739,2.0170338445894513,1.6790049162133744,6,42,2,5,75.89143343450033,5,6,4,Marketing,99.98316400732926
45,14,7.940948490052512,3.829698344743755,13.813324179893849,10.139186424074975,1.6009590169238856,1.169300271200575,4,7,3,3.8830280961133457,67.8474584092447,8,7,4,Finance,100
37,15,3.4072868725867527,1.5822593508326004,4.681688331176376,11.125817536787453,1.4982474099674785,1.191630109569546,4,16,3,3.513194798489339,56.43797899948193,2,5,0,HR,72.77037954922848
35,15,6.451553336288696,2.6367648419288017,9.695306870995825,6.432332986760287,1.19043692623105,0.8099664199050645,4,25,5,3.493904853240385,65.42258966136393,6,5,3,Sales,100
46,17,4.9998235117017416,2.481347424593738,7.456588783399781,8.997724325197673,1.4297398503670002,0.9629110612417828,5,26,4,4.4974662894787505,45.90565310227723,0,6,0,Operations,97.98806706892893
38,14,10.245583677713185,5.00945526940994,16.727508244176153,12.102849489649826,2.38825294679808,1.7311481278941414,6,22,4,4.217766486022954,83.13942341114391,5,7,5,Sales,96.59601706546567
41,16,4.39770626165383,3.2439219192847646,9.567450595346468,9.924600674450037,1.6815615949833755,1.2540108933383443,4,5,3,3.4076350079446223,63.925903692941965,4,6,3,Sales,72.63280872432887
23,19,7.992352175988016,3.8928019686419253,13.178931199410835,8.030027089901226,1.3237122468454356,0.9395767637498922,4,23,4,3.7082601209386623,78.52386228845448,2,8,3,Technology,91.89496498182085
49,17,4.963243272850421,2.410174736810286,5.715624761290317,9.321651559804668,1.5754513289929697,1.4051412472469893,6,20,4,3.3140604656686916,65.64481126075071,5,4,0,Operations,92.81046092188141
22,14,6.10242160491299,4.099117768818083,9.848052789568554,11.817850050548834,1.64282069680391,1.7220739406328514,5,31,4,4.093913172621637,77.12939413300425,5,3,3,Technology,92.69662583280991
45,20,3.6220344399757933,2.7464061326438296,7.632655248496369,14.057796064794433,1.6024612994676466,1.6361174061947628,6,41,5,3.3105401466791475,56.80415419985104,1,5,4,Technology,99.93855085777534
42,18,5.183101977364242,2.974533109614366,8.681852747051595,14.761285310999822,2.1423503480362744,1.6441305544485239,5,32,4,4.296027362991211,44.557537256195495,3,9,3,Finance,99.96194737954164
43,17,3.3323757566880143,1.4838755480386228,7.880315722204425,8.296758019899858,1.2842204602710416,1.0870925110857013,5,42,3,3.2916652900978685,53.43193902078798,8,4,1,Technology,95.89736648482115
29,15,6.928734435356637,2.8702512032217498,8.244155256052919,9.890224720188408,1.6147250907541695,1.3508688896517236,4,20,2,3.000476216371249,37.7328570133731,2,4,5,Operations,90.21002186637186
50,15,2.838083005245759,1.6400586675857511,4.732358111684798,15.286138389158138,2.1602993985684686,2.316294520844815,8,14,4,3.9112559896449324,61.650344546552404,3,5,1,Operations,97.95731461065927
29,14,4.550917176925412,1.7949731148675614,6.0548462780305705,12.142754552784789,1.8754388619063185,1.4400776092884997,6,41,2,3.8060635614607983,54.020646621529316,3,5,1,Operations,99.93606930367316
45,15,6.600553784869958,4.077197189739242,10.734633830762716,12.725426273614683,2.402754820507581,1.7084452921601918,7,26,4,4.2130728621595095,66.07184402549888,6,6,3,Sales,97.22794259809677
45,18,7.8944283864255365,3.224774096889451,9.55707274511149,14.074827315601496,1.900364231415661,1.6520300060204054,7,62,3,2.6846144655168462,52.10017105105529,2,11,2,HR,99.85129322549744
39,20,5.187287473739827,2.9642165376052785,8.804719869217163,9.438447199449394,1.6812467812460186,1.6172459662354195,5,6,4,3.3123463755846445,45.56428054016353,2,5,3,Sales,76.00336050790817
41,20,3.885681847484104,2.6082791151408005,6.555320041858765,15.967779284972364,2.1024495162026327,2.023779565836877,6,31,3,4.112303862306249,62.06510411136489,5,5,2,Sales,100
55,15,4.453556827516222,2.8253251456299404,8.957223214679328,7.027185709134032,1.4260072020255,1.0149331707751719,3,19,3,3.004967475591938,65.43534615233997,7,8,2,HR,96.5462970142187
39,20,7.801919675494076,3.5812901555212373,16.03417924982384,10.201424711953027,2.0641026723715075,1.4023428041201065,6,33,3,2.700376168954472,48.33665483778172,0,7,2,Sales,100
29,14,4.0794323643091905,2.3108221222889864,7.395591414183536,16.383367176131017,2.03388010063544,1.71961566707086,6,55,4,3.2361867774890163,61.45954036676409,3,5,3,Sales,100
22,18,6.847749414093726,2.574668792121219,13.778978656455697,7.495890121104341,1.6436971030947487,1.3249216784559268,5,56,4,3.780381786023955,81.63946707285876,5,3,2,Finance,99.88384782424305
42,18,5.759696150224042,2.389429948524429,7.904944044657506,6.356114452476416,1.0451108327971896,0.8358716685897585,4,100,4,3.0961837174308533,63.769188876974574,3,9,3,Sales,99.95223016863748
30,16,4.888550997389072,2.0371179740561707,7.044569781806335,11.996905772464066,1.7640734240605578,1.5409366025359914,6,21,4,3.8990564846747766,64.38636652702651,3,7,3,Operations,94.44451513408247
32,13,7.425431138356746,2.7072478941537943,14.025602082658478,7.46454954806098,1.4501097703754395,1.0590688880290005,3,63,4,2.9935161617536123,53.946337315575356,8,8,1,Technology,100
45,17,7.893857232538617,3.7137218834476386,13.973645450277097,8.935606716475625,1.3786097402267885,1.0569451482576422,4,29,4,3.602596135968033,70.68678771277054,1,8,5,Technology,100
31,16,4.705592398805967,2.2036918450076897,9.958127146646447,12.196708352042492,2.1801194610214156,1.6517965232383898,5,14,3,3.513011559773073,44.073277993550874,3,6,0,Finance,95.10131870525498
43,18,2.392852468987736,1.43025303779457,4.160710622582476,6.984535666309795,1.4219327928951155,0.8483394700895492,4,59,4,2.8686769448383207,89.02848710242672,5,8,3,Marketing,100
43,19,7.306414793202366,4.087460443496492,13.929019298131758,11.155913310320093,1.6367747317759478,1.392483086517777,6,40,4,2.699383354306876,66.79070276895564,2,8,1,Marketing,100
35,13,6.508339971492495,3.7262363588766196,15.22228849838713,6.410446432510136,1.019472276172387,0.8925787126671837,3,39,4,4.51682612468208,65.00586645125043,3,7,0,Marketing,99.98463757559638
35,19,5.8636842982285495,2.8751407595993874,7.193881076651728,10.929393595007582,1.423897883699215,1.207151968319822,4,19,2,4.0752806052439015,46.9290935825203,7,4,2,Operations,89.20569601732258
29,14,8.465379177097066,4.10690922165546,12.151858154385272,13.156156900568503,2.6509158380094733,2.077552716487566,7,35,3,2.929692751832956,57.68527290394486,3,4,5,Finance,99.97734492597029
23,20,4.946921704736526,2.6912382489312594,9.264182568922955,9.499001011114602,1.4717760904351347,1.0693690428240363,4,22,2,3.124973666102596,47.53207210463689,3,7,4,Technology,80.12834846228267
50,15,8.820280346521416,4.192143956442764,13.016370162790423,11.671543655939415,1.3342060606059085,1.4927165861662313,4,82,3,3.0269011721874017,63.55775442576497,1,7,3,Operations,100
28,17,4.660069945640482,2.3236767080818534,10.045681783871542,20.289085179110298,3.218228345477936,2.743222211712572,9,76,2,4.026009335650767,66.14592433399561,3,11,4,Sales,99.98886159837049
28,17,3.856222825070769,2.583808107822387,9.590312994428833,10.768559668331424,2.0351309560978836,1.1445114097164992,6,51,2,3.118302996664809,51.49296691330048,3,5,3,Technology,99.88119979752614
45,12,12.848778515364284,6.379802905008275,20.37448187962431,6.701476428996609,1.284889775227003,1.1927932457030566,4,65,5,3.9080750155413337,57.43212230360878,5,9,3,Marketing,99.92723010162265
35,16,5.936403370006113,3.574713647174381,11.710024710268671,13.890969565873437,2.1888087364058495,1.4761840982487877,5,34,5,2.916064871156497,79.96846849986332,6,7,0,Operations,100
37,19,6.663843686630737,3.7034682174041937,13.099874937100166,12.184428123262778,2.002194797817451,1.4440137935578876,7,36,3,2.6566470312773744,59.07799401023809,8,7,4,Sales,97.02123610634762
37,14,6.750070630600598,2.88311469030711,11.540966364932299,9.379707701421667,1.7353008450237226,1.4092920354044962,5,8,4,1.395422775161232,53.126209104605984,3,6,3,Finance,87.66163395023048
32,12,5.104433109994244,4.591935628672743,12.48496452377124,4.254589691084883,0.8268111977024193,0.5265220358218989,2,24,2,4.206998743638683,55.00020388229282,4,6,5,Operations,88.21366203584817
49,16,6.252406173011203,3.0267559803503956,10.174906772101027,8.007731338222893,1.5477485757473848,1.122200512333198,4,5,4,3.707039164346333,64.79434298659852,4,5,0,Marketing,81.37649166903456
28,20,3.4784579501210597,1.7206844176905491,7.273779768092852,10.239973463874067,1.5585012867018642,1.615531219802909,6,69,5,2.1051690472043183,54.851286469031365,6,5,5,Operations,100
32,17,6.292108164457324,4.408217443454436,17.97620902177021,6.728980786946024,1.1157341087353934,0.6678705770090061,4,79,3,4.377373278750028,35.964942594697604,5,4,3,Sales,99.9200341376347
47,19,4.9659263907362075,2.1803201829449232,6.70906451322152,11.134619444728383,1.6701778146231405,1.5055564746241292,5,27,4,2.2128522136286226,62.00010696554325,8,6,2,Operations,87.8910746583423
40,18,3.223796683960789,1.5089332536330125,8.253997683228558,4.018646652100559,0.8552824817702235,0.5481889001412342,2,12,4,4.698388657274197,35.83019919566302,4,5,5,HR,82.34649357524775
36,18,6.8071445428350295,2.8783541003750686,8.128735628798637,8.379449232709346,1.4932852116953927,1.0618570222215216,5,37,3,4.974578003115364,61.455289441279156,4,5,0,Finance,96.48895927548199
31,15,3.227638839113964,1.9978197622315153,5.586854308001764,6.193774191318137,1.3255857917597489,0.8098265059709874,4,36,3,3.309654541154778,60.87511538478088,5,6,1,Marketing,99.99553475863546
29,15,3.9616195036128268,2.565508633345458,9.969389865754755,9.962685750831149,1.3808965459588627,1.1120579948133933,4,44,3,3.993044015281195,52.148559816404976,3,9,2,Operations,100
22,16,4.367461250289508,2.227678299682575,7.865948914702387,12.442304783505861,2.1238684619640344,1.5237776168912094,6,45,5,2.824179344572087,62.13178960281444,4,6,0,Marketing,99.52814700703834
42,16,4.730775992195403,2.1328149235730915,6.863535352466739,9.156189266790724,1.4282521271187427,1.296301190468833,5,37,3,2.483439911171417,53.92251842444235,6,7,2,Marketing,94.1332459624288
34,14,8.215810104457363,3.8768972638704158,11.962955401829898,9.525118158233129,1.6883699068185014,1.3799513667985142,5,45,4,5,38.351397118969615,3,6,0,Operations,99.88543039214113
30,19,6.4122782763847805,2.0165880709753257,7.80212475099491,7.55998080191757,1.4242246072238531,1.0501177861299578,4,52,2,2.431687637326453,67.08707159588094,1,8,4,Technology,99.98234957442291
42,18,9.038747390373107,4.5196730758962875,12.794360367141655,7.899512900381978,1.17990628796585,0.945133177133645,4,13,3,3.7799195181145193,69.7195347604612,3,3,4,HR,92.00151550501884
44,15,3.0774829901152905,1.8172264413030754,5.344325888016204,8.686612718455265,1.4328522318055437,1.178458145897158,4,49,3,2.2911539766362186,63.30523002325953,3,6,0,Sales,99.9719347906216
22,14,3.1425604622742154,1.9673628482487262,6.904714104647843,8.86434531032267,0.8793418024869426,1.1845353395939964,4,12,4,4.615001716034556,68.01902391412315,4,3,5,Operations,83.57418907908261
34,15,7.103225606625248,4.307813923004352,18.14301294871313,20.674550125457813,2.8462384697277754,2.481410500450974,8,30,3,3.97997628610571,81.90342772990556,1,7,5,Finance,97.13861453546374
31,16,14.304875410415814,6.932879141193604,28.294617762222863,6.086371676801226,0.9126673332057421,0.7539002152519684,3,32,4,3.007998588650473,48.02887691119743,3,7,2,Operations,99.59607812821042
28,17,10.975714148283773,4.001055509777643,18.281473408722523,8.283184196985484,1.592034933481264,1.3062192279682425,5,21,4,4.078103553970428,38.059859490515585,3,9,3,Technology,99.86634413030673
42,14,5.007214564679778,2.4911835418890296,11.065825472809562,6.468661107217752,1.0286725382592774,0.9322689552487773,3,22,4,4.999730428754816,56.44298714797937,1,7,4,Finance,94.88375754617229
48,17,7.459329399934395,3.6389896200053484,16.803683855294047,12.038712746766313,1.9909906853624226,1.7778454772803418,6,15,3,3.1933699271842557,67.60212749837548,5,5,5,Technology,87.81939656034399
42,16,8.23144971749813,2.912856505448007,12.156894307401501,13.03090167270349,2.6300948727325486,1.5933250390424922,7,35,4,4.223349157849777,43.409952974681204,4,5,4,Sales,100
39,15,4.398218239774536,2.301817810156063,7.156859452544257,5.227267379857396,1.285345130542492,0.7565567086818593,3,32,4,4.984982989896096,70.30918695213956,1,7,4,Marketing,99.9268405347125
45,16,8.131463843960956,4.802618527195727,14.962950978178801,10.159015029243664,1.3849265536303614,1.100573447949469,4,40,5,2.6839613928292105,60.41643116521154,3,8,3,Sales,100
41,14,7.4387534964616195,3.086161679115465,10.132346533765707,8.37808610817574,1.2941332004665922,1.1904170627200235,5,57,3,3.0002597854558855,71.29118413850053,5,8,0,Technology,97.56452222949476
40,18,13.076307006300862,5.908214242837359,19.525556913679623,7.50103468333727,1.4024779960490694,0.9104835047672213,4,14,4,4.385940124342675,55.089206474284204,1,7,3,Finance,99.92504405758545
31,17,4.674821407611804,2.480128666719772,8.540733477220382,13.305050941592151,1.930878443600216,1.9303501550914512,6,23,3,4.586647453381636,70.89111905894764,4,4,5,Sales,100
38,16,9.774936361759988,5.323440135916687,21.25954196367135,13.85531128884979,1.7029808346560025,1.3067472524921546,6,37,4,4.295998039329838,76.36220916425013,3,8,5,Finance,99.93550843527396
39,17,5.42929704863107,3.10542619385496,9.37147405605031,11.915236715655844,2.496839715363029,1.717504222691409,6,34,4,2.793891328179172,64.97967855831146,7,9,5,Finance,98.69441623837893
40,14,7.072704694207866,3.6994524293295172,11.573153154483432,7.491964103342852,1.6112645044988665,1.0700889963831708,4,39,3,2.811517202244907,71.56487205242802,4,6,3,Marketing,92.96130017735673
44,15,6.549010555894566,2.798824352166764,11.38268398465047,6.435602482719227,1.2504759269446015,0.7632085995917256,3,7,4,3.0117508272233535,82.136452637529,5,5,5,Sales,86.26962447278758
22,15,2.998014567103598,1.7153005793381795,5.841109858892975,12.012439144051832,1.777827575982147,1.502027596916793,6,25,2,3.8056565318810915,44.95101611799245,2,5,4,Sales,99.83049979418394
38,17,3.7050130927955376,2.002523815812931,9.068927855313065,8.948082254092439,1.4313558945767284,1.2358136164856688,4,11,5,3.8120686149761926,48.827472652597486,4,6,3,Sales,92.57485245237888
40,18,8.035365815847348,4.080157124518101,13.613023163935269,12.029796918097244,1.7434009600843954,1.9500516384136068,6,70,4,3.100723651289805,56.38738029662195,2,6,5,Finance,100
39,16,5.757993958364232,3.3168836812908307,10.820229850249678,14.519872786873403,2.425880777659389,1.9864188196587254,6,35,4,4.814805683084004,57.096990615598806,8,6,2,Operations,91.86955644689816
34,16,9.436144911821561,4.956705899875947,14.674149331265586,9.6138065164609,1.4061124836692946,1.199643119559009,5,35,4,3.6114306911599954,73.5891938313612,4,4,3,Operations,88.87572628034192
33,15,8.341683896363895,3.620609618632875,11.449666720384277,9.40395589880822,1.5419968559162751,1.1706308779865835,5,29,3,2.6985178563249566,60.50490429793374,5,6,5,Technology,96.78328356571045
35,15,9.190520095998515,4.877212850581771,17.350450710213206,13.200799550896045,2.1471723814646744,1.6836985494045995,7,27,3,3.6041185543312766,62.34360106397686,6,6,2,HR,99.82053518929742
35,17,11.7707280770582,5.728328797157829,20.430226896078914,13.463075268270446,2.352134909259507,2.0654204144432,7,48,4,3.598555368730333,62.52229884142681,6,9,5,Finance,99.71161858560558
25,17,3.8208121581500643,2.4097419087735283,6.592439239688508,8.733554996008381,1.492442899378305,1.0454669974600015,4,16,4,4.727999635710537,45.236075819137426,3,8,3,Finance,99.95355949601533
25,15,5.643413068592544,3.0209986373785767,10.118794085435372,10.639096121637298,1.844307784348561,1.841998440517411,6,14,4,4.994379129214768,51.954909186934955,6,6,2,Finance,98.10790263828845
41,19,4.513692763968545,2.21154969102474,7.036165233460106,8.38588886655842,1.2040757899996732,1.024893247016231,4,15,2,2.209283406125589,50.59876453317519,2,5,1,Sales,81.9052114069416
36,19,7.575963493917665,3.606228857118835,18.07660538437172,8.164007521536698,1.7218030980479269,1.1291171513556328,4,9,4,3.085246956065634,62.10007228225767,5,5,4,Operations,99.05545013434123
32,19,2.016564000972383,1.2134335112011296,2.762781512600842,9.029648990995263,1.4217015758771403,0.8672019918929693,4,13,2,3.4998349161497626,62.55599094211315,1,4,2,Operations,77.96525298704913
22,16,3.7393522418838137,2.5093825867796653,8.824835140929972,7.885916415271051,1.220747848354552,0.89385426768082,4,43,3,3.1951184989027666,61.72487082374471,7,9,3,Technology,99.76177361000381
26,17,12.57268704246844,4.905188693153205,22.169126692381646,8.006742851329648,1.0645851588381958,0.8622535469519806,4,33,4,3.2101530312121014,69.31339187266495,6,8,3,Technology,99.70307489698331
42,17,8.749706512657218,4.075460528681078,15.944515403280368,11.07030896135777,1.9555802371613296,1.8905542897297398,7,30,4,3.3963450402643627,62.8813381651778,5,8,0,HR,100
34,17,9.307869030970839,4.0960099261996925,17.75611056933184,15.252291330442173,1.956211324539595,1.2150548730318724,6,54,3,3.724201509872887,95.19868242203262,7,11,3,Marketing,99.88059341799234
28,17,6.49803048241005,2.8090905209182155,12.068277881941174,10.921902561895143,1.8517935803190204,1.4684113000269088,7,21,4,3.9148747554253376,54.06799352107451,8,6,1,Operations,93.25611465424649
40,16,6.419040902137236,2.935864793231268,13.779623196247947,13.241158312618774,1.9513478506833222,1.7189524862039347,7,36,3,4.997969245815545,43.57656994068066,6,8,5,Marketing,100
38,18,7.284357019834747,2.6983192592811815,14.711646217246377,6.341505296115969,1.415259624371355,0.8855954016936189,4,24,3,3.295449398506665,53.924677689389675,6,6,3,Marketing,77.23449562055319
31,20,7.086732547741402,4.425979976738329,12.507145028271639,10.108029994163857,1.8418624779041894,1.819948854435678,5,28,4,4.612969686740462,59.22196014550085,2,6,1,Marketing,99.79558424422002
45,14,5.677714860205,2.971256292277398,8.570835622358949,7.852354859336046,1.5063727152306992,1.0275472558186394,4,30,4,2.5984037831523725,62.912540636915175,2,8,2,HR,98.27770182167379
38,15,4.922807017058057,2.7282265870299582,10.00106984562766,8.3637052531779,1.3616327377372246,0.9614545530614872,5,60,4,2.4164843351720533,47.05531786069042,3,6,5,Sales,99.99707913765415
37,20,6.7336838903028635,3.232675541140206,8.789875732335886,11.653121074379353,1.9125486265418934,1.4972028092882237,6,17,5,4.400535064456519,47.34038243473141,3,8,3,Operations,94.342324101403
32,19,4.503569832839724,1.7624077104924525,4.67843938819255,9.929720034188337,1.5987076653697176,1.5906697577064381,5,27,4,1.8190067645987436,50.581916460543034,4,6,1,Technology,95.716217177643
27,14,4.6046464810112075,2.60285148025083,8.397989018152165,13.303612057788426,1.5910700688632928,1.5895153057632374,5,17,5,4.4785888443360244,76.24678247849454,3,5,0,Operations,93.94728869351312
29,17,5.264842578362005,3.496717665990462,9.90830229390765,13.146768157540665,2.3494687160408474,2.375660483417379,6,22,3,3.901850144029906,52.74168307048589,4,7,3,Technology,91.38847956141475
26,16,6.723914264114923,3.158306922148964,10.542871923688946,13.241315263414768,1.9351252220709554,1.588215165854716,7,22,3,3.012808491929768,46.60129370710227,3,8,4,Operations,92.3774349792125
27,12,4.906164846818105,3.11645314744027,9.464882386441662,9.223176105237966,1.7743706488513749,1.528627145492694,6,29,4,3.113076153305957,53.15953687927195,3,3,2,Technology,93.62863039475775
40,18,4.171328691021162,1.695874537896553,7.470205195916435,14.800356766626562,1.772419652093351,1.2618874321678677,5,24,3,2.663508427218753,59.351505916830604,6,4,2,Finance,98.15278138575054
34,17,6.002839219100587,3.1914041743277224,11.173240978938306,10.043815732710284,1.7899797596226021,1.565232368784265,5,51,3,3.995361647808046,61.40047655198946,2,7,2,Technology,100
35,17,4.151363525410622,3.1251298320342205,9.471238810940944,8.34650841626621,1.3691705157357352,1.3435161914774314,4,27,4,3.4271414971740555,77.50866232447623,2,5,3,Sales,97.70753517175787
33,19,7.407300041652688,3.1049366885118044,14.696133722795095,6.41496353895991,1.4514317051418457,1.0144944883715517,4,38,4,3.79795548234083,71.31487065623354,3,7,5,Marketing,99.96709415391493
39,14,8.22322497250895,3.438104163097145,15.60285525902849,6.034353775671894,0.9962985619558532,0.7843147374014725,2,34,3,3.3172586464535727,57.74605806158956,4,5,0,Technology,99.91190726893788
27,15,3.029059000037472,1.3783134453247163,4.83471535156818,7.177514591831226,0.92270029546353,0.8562545306771336,3,20,4,3.193683533458289,68.47764264509775,3,6,5,Operations,87.5234182606312
42,18,5.005388150758981,3.308793099135251,7.479686618718616,9.914878145658722,1.9053293117242147,1.2201031643455302,6,15,4,3.705429058444938,45.545811470318625,7,7,0,Sales,100
30,15,4.846631365686184,2.61696173416163,10.448757895644814,6.687771360101178,1.2869354099721786,1.1425977461434789,3,45,3,4.630540582724311,86.80591565851016,8,6,1,Technology,96.06663011081395
33,18,15.461821360937124,6.215794296197431,15.461821360937124,10.281160932610014,1.8414849626868326,1.361783016052535,5,33,3,3.495323158859701,52.97907183322202,5,7,5,Technology,99.89405101935856
22,15,4.540477410716864,2.7064325004463865,8.589751047750722,10.360614088593595,1.5926637350028434,1.574762734178014,5,10,4,1.3899993509543431,31.770919669765686,2,6,2,HR,99.89080429265836
52,12,3.4998793474777776,2.3818793690574034,7.142438460227181,15.573317466247165,2.0315790073932636,2.5379405199156078,7,21,3,4.110578165674848,84.58440294377384,4,6,0,Operations,99.89498997440023
40,14,8.116438346547154,2.4152762124615874,10.535270763339803,7.427694554867688,1.2846074553862037,0.9072597306113541,5,38,2,4.993999730422581,65.29302102505609,4,5,0,Marketing,97.05136526856421
43,20,3.8738235514729635,2.0881627606639617,7.101392351277432,11.068752039878893,1.8940770928017245,1.090575130250264,5,48,5,4.379100181836306,60.5916943840423,2,10,3,Technology,100
22,12,5.711906020458773,3.807720310418083,13.460877493482666,10.21239604689056,1.7699803966038266,1.554755606410584,5,26,4,3.7995561860908964,20.457834194524047,6,7,3,Sales,95.45854495836012
46,14,6.476344812765992,3.4128318267123814,14.46959784020252,12.832373602249882,1.9022657506921954,1.8811396883538198,6,27,4,2.6024053345046574,71.86138701640128,4,7,2,Operations,94.19015613057724
47,16,10.48284362314424,5.722407879845336,17.844749789831308,8.021662741556861,0.9317288620610491,0.7884345408213197,3,22,4,2.795786486610702,70.76417291926629,5,6,2,Finance,87.3659298403085
54,14,2.459766040482017,1.2645656948739692,3.6521010734310853,9.518361454092984,2.076884208285301,1.1495310644999934,5,33,4,3.996698225857999,64.85196119726636,2,5,0,Operations,82.99982904017706
31,17,5.196271292047696,3.293898275316346,9.598779023403573,17.930245361815054,3.0439506688440408,2.8536226793834536,8,26,3,4.302591646845757,68.64042941457188,3,7,0,Finance,99.04146680464709
29,15,4.276280875287467,2.2177146393935905,8.061511360870513,6.8303971107079935,0.7983997897823805,0.6867700282012754,3,27,3,4.7003924356307305,84.91489953420718,7,5,2,HR,94.21918015457582
50,16,6.8484898091685595,2.252360054276373,10.794279783533506,9.911757555460234,1.4527693251894271,0.9721127876753789,4,11,4,2.199797225245118,46.660985862010975,5,9,3,Sales,91.99396074325725
36,15,4.620379470980662,2.005236986756368,7.615945253074905,10.585823367624336,1.2546172877205675,1.0932698457730932,4,17,4,4.1031445584930335,45.683642912158966,3,3,3,Finance,91.80798295115292
48,16,6.315575262002695,2.6020571553141387,12.11827314132504,14.173591148921856,1.7907606628690511,1.6750808707267058,5,5,5,4.887365969426085,53.47427933780373,6,5,4,Marketing,100
31,16,8.315380419234057,3.8204592756363853,16.088738654080803,14.975695096615015,1.7857275692774852,1.7709086711249342,5,38,2,3.3016225932242556,63.02734413195997,3,5,5,HR,99.74281038430325
52,19,3.717255469006078,1.7922822292909797,5.744129294614784,12.009674615825844,1.8806535252651109,1.469400387271,6,51,4,5,51.783559150473096,2,8,1,Technology,100
34,20,2.6867291408462766,1.5860525433478967,6.24687040655924,8.400004522840742,1.5068196619384948,1.1401291020069433,6,32,4,2.685542074911085,57.860422076044394,4,6,5,Sales,100
46,17,2.992618006707886,1.5215366453313186,6.009179310302599,10.871887998869054,1.8997145410074143,1.6773615329725413,6,56,5,4.082099109513908,67.20488033016187,5,7,0,Finance,100
40,20,5.145758232087492,2.567053614967599,9.28225942747917,9.655001282480265,1.8493357698977477,1.6558312633020058,5,32,4,4.473445846850327,58.47711062234785,5,5,2,Operations,99.93008715610988
48,17,6.286174521138806,3.202645418066798,8.421243102140004,9.139293979672399,1.7910139965172662,1.186550654500152,5,46,3,3.568786060645204,53.13119446546322,3,7,4,Finance,100
29,16,6.3570529232231285,3.493598973459102,11.139913498560915,11.255435996412652,2.0703894166151446,1.4164123037184582,5,34,3,5,45.89404336328459,6,7,5,Operations,94.86529994832087
38,14,5.398419930097328,3.4920263524365693,7.684770351612727,12.485769098413513,1.8085879017305653,1.5393494528944085,6,18,4,4.2160941956677584,20.7048301741089,2,6,3,Sales,99.90245399885461
59,15,2.5035073098714196,1.4064217067787899,4.036464829701212,9.767054118420702,1.6074972950583377,0.9097061934469723,4,60,4,2.300354310085163,46.75236602369861,2,7,0,Operations,99.82099674940473
39,17,6.109356786588067,3.196521624034542,8.227514385257084,4.233537680777124,0.8139559654990579,0.6352018864005605,2,21,2,4.182659515096485,50.60162226689277,2,8,3,Sales,100
39,16,4.035199297459641,2.0904785204640053,8.047433079936587,14.520142556474873,2.347138386949639,2.1919751862905197,6,44,4,2.8077372684697566,52.17110112740593,2,5,5,Technology,91.35641412671546
45,19,5.359520185575966,2.797043906192584,11.965868985918242,11.21462574845866,1.7834666017110168,1.4209817764948298,6,32,3,3.110328311702825,61.07127726526872,1,5,3,Technology,84.03758349055408
47,12,6.958112297879644,4.180172398373977,11.287841222082047,10.47483337788129,1.7446652191528849,1.3440770615994513,5,69,3,4.095652982458084,53.96544347504136,5,8,5,Finance,99.97877834197551
41,18,2.6982036349172285,1.3848666159804175,5.015263941492363,9.521018189180413,1.4329760877454283,1.2598292107201876,4,88,4,2.991712059308309,37.85158000188226,7,6,3,Marketing,100
45,20,5.72741655297758,1.7750401217018958,9.26555656177356,10.405125480141464,1.9802722902632774,1.3561754133239399,5,47,3,4.194711175276563,65.97646340836194,6,8,0,Sales,100
27,18,4.802166753714895,2.0794388008304243,6.82724616000506,16.505635720513435,2.5679669403623127,1.6992680973207481,6,68,3,3.6054766941999006,82.37912032840175,5,7,4,Finance,100
42,17,6.02534606525027,3.382422882956019,9.79568243929201,15.386035030769266,2.244703724329574,2.1130312880850965,7,48,4,2.091991519260907,52.96503081048427,5,6,4,Finance,99.90399308908928
35,19,6.229168180164761,3.4238720512533827,12.733025905503156,8.83891539418596,1.7195071152030181,1.348616983446679,5,20,4,3.1180853340271537,71.43092316441603,7,6,4,Marketing,90.84086668214782
40,17,5.9082626938254945,2.984061312798808,11.64745635995839,7.27289916999139,0.9671074594858297,0.8310925439365205,3,11,3,4.60426606435418,75.36748910462887,4,5,0,Sales,95.46087004273032
43,15,4.246517121287449,2.099873931934436,8.135560711909733,8.968417588630656,1.4538450367681826,1.6470739192789543,4,44,5,4.263856972021338,58.06144982569143,1,6,2,Sales,100
45,13,5.721869008908574,2.3212329438769763,8.626032311298408,8.183126377575395,1.6581884779112408,1.0259554765673031,4,20,3,4.004442466522191,58.908660335476384,6,7,1,Technology,90.84729955492702
26,18,8.192073651006078,4.5959561937432625,12.64253628375747,5.999862784878495,0.9023145847691185,0.6557483574579851,2,44,3,4.217711344334414,45.18012881743584,7,9,1,Marketing,100
34,15,7.779458114839776,4.005668933313238,15.807062899591372,10.483737036856564,1.5215988377858527,1.3223501111289866,5,70,3,3.600586580823596,54.649514349417124,3,8,4,Operations,100
46,16,6.754578377870745,3.1797419465275882,11.108365476967217,12.554285075240546,1.9086677443615352,1.5791220977634006,7,31,3,3.1936286776606058,50.35183171167231,4,7,2,Marketing,99.84515240651112
35,13,6.974048847092802,3.8907325977215907,16.62403184412951,18.66404470783131,3.4639538180429335,2.7789740502430473,9,37,5,3.4230819916081763,59.77671177468343,1,8,3,Operations,96.63252039057507
42,14,14.162783043067577,9.102554115192964,23.247700490264858,7.658943996374831,1.3943316152831922,0.9216397725070244,4,22,3,4.397093807498843,57.69423684749301,5,6,1,Finance,99.65986852595604
38,16,5.558974795048178,2.7018026132781516,10.60429318961774,14.31937321650088,1.738263726107626,1.6311073293698644,6,16,3,3.7034179166630623,51.41376788742854,3,8,5,Technology,100
31,12,5.769336926918083,4.7661674502254945,14.209703795455757,9.69026932870615,1.4533736817802374,1.2413022532666882,5,23,4,4.403927964389486,60.89064163473774,3,4,1,Sales,98.39911218623878
35,14,5.0976068086573605,2.1158119451099298,7.594507210366931,9.899944608386244,1.4032924269848595,0.9845580392184841,5,22,4,2.7955760494720185,37.90083407126817,4,7,5,Operations,90.61661841996057
50,16,9.900043736482639,4.089350308900755,18.09270009519109,10.709558455191505,1.6296969331283457,1.2538058415986935,5,50,2,3.5979294705496017,35.93191985630411,3,4,5,Operations,100
34,18,2.556492821014561,0.8,5.19727546258891,7.855486459590079,1.2143254057179325,0.749132807484438,3,82,4,5,70.28336675505466,4,8,2,Marketing,100
43,13,7.12206853825197,3.8102629752967605,11.167058799714273,14.25698161267494,1.9984085788927228,1.9646241995980223,6,22,5,2.3880748726300203,68.59876727021718,2,3,4,Technology,91.47281867835628
22,13,3.1777773881838636,2.2856602148403518,6.452045987188218,15.001423720940743,2.077968218615657,1.7768189552327789,6,66,3,3.9847905181663545,59.560702593818704,7,6,4,Sales,99.9327304687758
33,13,2.1532887221538903,1.5193695655887927,4.103897591557545,16.89576280644991,2.609762165190413,2.303902427258515,6,36,4,3.2076669998460754,45.84328342637325,7,4,5,Sales,100
37,18,8.105885613456303,3.897201381376515,14.901661976876637,6.798273692637883,1.1528175501276923,0.8242746808260397,2,39,4,2.911553727285391,61.42692655479334,1,5,3,Sales,99.88357315013761
30,17,6.390905770939138,4.048999501245917,9.649084353744907,7.415260652129503,1.4106714305268584,1.1268225045052611,5,38,4,3.9194014569359124,93.90201181925221,5,7,4,Operations,94.93183298738059
40,12,4.645626631113899,2.1729411974656485,9.791332619291792,9.249672739965323,1.3561145050314496,1.115788459881775,4,41,2,2.694693955654593,53.34313055824074,0,4,0,Technology,95.9826471110091
25,13,3.874639810908286,2.301638991777967,7.299053059081069,6.801883107497141,1.1478102109539579,1.0326128703016106,4,27,3,4.483584961749945,32.80927733224016,1,3,2,Technology,83.7304404852132
39,13,3.918053603289032,1.974829841545254,8.024735389217991,10.407267745473492,1.9092605038303432,1.5301726382729428,5,24,4,4.223114407013587,72.27111354996099,6,5,4,Operations,98.96619767135627
40,15,7.244293206943654,3.8910647564763163,14.786225421852041,14.006315078301622,2.145609924780502,1.5625593291452469,6,47,4,2.409232961242745,49.63612939517579,2,9,2,Technology,99.91618581885656
41,13,4.9044250591952405,2.8741850439815333,11.923738117316603,10.202399669211326,1.606361155821988,1.2762990395168148,5,38,4,2.991428748102073,70.6808085857763,7,8,3,Technology,98.64862258002336
36,17,5.955970006309228,3.4728868089343066,5.955970006309228,9.175720131708156,1.2316104314422314,1.2926516917950928,5,20,3,3.6840850647024226,79.73744985064285,3,7,4,Finance,85.67864921127764
34,17,11.038097682308596,3.8673423231571276,20.223692181553844,6.827781392350681,1.0778580468908592,0.8566608908569477,5,16,3,4.28337583096507,53.894667249777065,5,6,4,Finance,86.75159023776497
28,16,3.7516871315663973,2.4916865791863723,9.051507248541986,6.976337996211069,1.2115332604424136,0.7442047951762422,3,23,5,2.3847175270572993,77.16040665361827,4,7,3,Technology,91.0582432463385
22,20,6.139783219037586,2.5873825655022724,11.486844849529318,11.463270032022539,1.8928836009473662,1.86752064361709,6,46,4,4.205511413666239,69.76651214224253,0,7,3,Finance,100
36,15,4.831972191948468,2.2832868519943865,12.227796535601744,7.655376914777846,1.2292021298298133,1.2033340566539346,5,13,2,4.9913828575220744,75.2376403487623,2,7,3,Operations,93.09724062608379
27,17,9.124829181181822,4.201311497215332,21.705210211805344,11.960156296897443,2.1655145012905503,1.5392774095731978,6,13,3,5,42.72586517474925,3,5,4,Marketing,99.91762954671877
22,18,3.3026834628991293,2.3200168897282993,7.110659183485886,5.541605791476117,1.003509436660863,0.7604647456165996,4,30,4,4.29303741441678,51.74101176257358,2,6,0,Operations,93.42489608268885
44,14,8.759413143769967,4.893575912473203,14.018769285022358,10.099050896181286,1.5540625592750252,1.6429858508880453,5,24,5,3.796793357271766,49.857979272720094,5,6,1,Technology,100
48,16,7.84824421303039,3.6172942287695182,9.545533852219815,6.8386054431661965,1.2670016954029548,0.8991495885072425,4,17,3,4.406899656470472,65.71274053977253,6,6,1,Technology,78.54134878998649
30,15,3.780194265838337,2.1203042108304815,6.696768322388244,9.815551286033173,1.4876683601357044,1.437846697487972,5,67,3,3.2149587649372195,46.90908805177232,2,7,5,HR,99.86461325691705
35,18,4.30648083260547,3.0122204730351436,8.740723203234145,9.21852587977869,1.6905901967850945,1.355637244355614,5,22,4,2.779090509393357,49.20994401284665,3,6,1,Operations,76.75541972642687
33,12,3.9150588737125696,1.780379863545896,6.771723352834593,6.621005731161755,0.8980211256692239,0.8084442299923408,3,14,5,2.7165800714019768,66.67721102719852,5,4,3,Technology,89.31660171759394
39,18,4.722539066886826,2.7190997728930615,8.657283357030835,21.86848932585539,2.910107574134627,3.500553042498958,8,5,2,3.0880124596712566,51.03903310687619,3,4,3,Finance,72.69886611936221
37,15,4.7262318462982345,2.574415768559619,10.71210719718957,13.238809727357877,2.0029430401802526,1.5744440986223551,6,55,3,4.18831445168847,71.47319354788604,2,6,4,Finance,100
41,15,5.1189024350841965,2.9899177566662933,8.829201446300726,8.06294042862407,1.4935515111955358,1.3870034208722468,5,38,3,2.513731695604508,45.8632020035228,6,10,4,Finance,100
27,17,4.489340320992805,3.171550068980519,9.208239594957947,11.574709463365071,1.6722096134822717,1.1490145321448415,5,23,4,2.711568082625923,71.10732131497474,4,7,4,HR,92.8903634991026
33,19,6.045454306286615,2.9865686534922666,12.712652093194546,18.780839276866654,2.8832423160102048,2.1963267259396027,8,13,4,3.0197556325771338,69.9496060469748,10,4,3,Technology,93.9864014169016
44,17,7.7927830394599855,3.8402619649877057,11.949121927857652,11.137462457122693,1.8710991023495205,1.5857940571894713,5,27,4,2.8826067221455096,60.388857424435706,5,7,4,Operations,94.57032564925728
45,13,5.949351550023826,2.303579825587145,8.370708444252374,7.1937003328202636,1.3437775624664843,0.9914107787539544,4,28,3,4.293276254390189,48.44617609902573,7,6,4,Technology,95.34283197532477
33,13,3.231258578435689,2.6126965729757963,6.3464869308035,4.594470250099349,0.6862129959179627,0.5583985301287372,2,14,2,2.890139367407748,63.17877612405771,2,4,2,Operations,86.6306567042238
45,15,9.669855454809424,5.807449559766493,17.031208004550642,11.307314702039665,1.631607857642734,1.876821517310177,7,52,3,3.1057557978577126,47.73547145241615,4,6,4,Operations,100
42,18,4.83157543086994,2.3935123692701015,8.432680611847106,13.136681904124009,1.7357085282794924,1.5745084949278614,6,52,2,4.230010190178645,34.12009039997641,3,10,5,Marketing,100
31,18,4.936354627871061,3.386830932792519,11.522124294466783,16.170842061800343,2.651847555406899,1.963377711527451,6,29,3,4.385258995744654,66.68295064637293,2,9,3,Technology,99.89214773715761
28,15,3.541953611336263,1.9844809748501175,4.628878148477893,8.13380336603152,1.4956785706299112,1.1516395239563966,4,18,4,3.781942850502247,40.44117004550013,3,5,2,Operations,95.27047164737563
46,16,3.131766280199451,2.4629676157366456,5.661203060662725,12.498281546680731,1.9614544398743183,1.3137482267901301,6,35,4,3.6965453322368083,43.9762752744867,3,3,3,Sales,99.9669275958461
46,16,11.736259349320754,5.091302039310161,21.656679155756798,11.308807253349547,2.1633109383218505,1.3043055018063545,5,33,5,3.6095808766585122,83.99995942486599,7,6,0,Operations,99.90396343966765
32,14,13.981730820512466,7.5999932738533476,27.255381247308556,5.501345257517959,1.0232758668599138,0.6983130794354627,2,24,3,4.314767488802178,63.86449147109435,5,6,3,Technology,90.79436698090267
35,16,8.236610978811823,3.408645912423506,10.790579783127093,7.9513448766830335,1.0777367160619713,1.0720377093345066,5,20,4,2.800343422298862,66.89946559601374,8,7,3,Technology,79.53107954413134
27,17,5.973268659892669,2.5158630868594423,8.027585979767352,13.750622028746223,2.324395756023994,2.0003866904663243,6,40,3,3.784912333818551,48.20948709993795,2,7,1,Finance,100
34,18,5.860553965487664,2.664964229279588,12.363217331994226,8.991983919244745,1.2166917966983821,1.2804426429667006,5,43,4,2.6180844272041024,45.8683945403928,8,8,5,Technology,99.89897305821152
30,12,5.909752874500713,3.0984521975019694,10.543291083095326,10.185644573783792,1.1812067995628253,0.945145945444679,5,30,5,3.594062282094689,81.86151424891635,5,7,4,Sales,100
40,16,4.191072166145167,2.9683760492413347,10.803666198862102,11.043233048032116,1.972731439342828,1.2377377321673904,6,25,3,3.5114816378803,79.67921675847208,3,4,2,Technology,80.88483970398165
32,16,6.892470448479289,3.7813083795615032,11.668912671408425,15.921743292572554,2.2353202587452374,1.7797342936792315,6,10,5,4.106188617193501,51.19695650488959,8,3,5,Sales,86.55339305523174
45,16,7.923975294198434,2.733290038019367,16.862097145611525,10.243046234175893,1.9740237134067438,1.7213564610742225,6,25,4,2.9922649931892296,49.988044332999195,5,4,3,HR,92.74938231130069
38,13,12.632482608130948,3.792114958227081,18.858473491511727,10.465267129702976,1.6474340884395522,1.2864581266463624,6,42,4,3.226202276297525,72.81377476730313,7,7,0,Technology,100
30,16,4.239337872484278,3.284614293281993,11.01989112297054,11.756479557729898,1.9869061837274458,1.4587673631221971,5,26,5,3.801752306365398,65.880443418979,4,5,2,Finance,99.97037583603785
30,18,3.3718391901816442,2.8984025939031595,7.822594764132939,9.430623319936558,1.3468491984933648,1.1803406908098797,4,14,3,3.9966668547420703,78.4069546586136,3,7,4,Operations,84.03214844454422
38,20,5.449433467671338,3.6762239691118235,12.549358577032173,16.875619934819653,2.3734943917766413,2.526420328779495,7,12,5,2.6750674249125312,79.51454117754471,3,5,3,Sales,99.62169742517405
35,15,8.340546460241898,3.788745302037917,12.858756706719765,15.87144010523749,2.612659024169908,2.1701442559210453,6,27,4,3.6864861632246804,75.3850349748276,5,4,1,Sales,100
43,16,10.222898657779867,3.8215591603509877,15.946872785372415,7.124761929875058,1.0338581452897737,0.7892632431226412,3,64,4,4.6088453252450785,87.38834404396472,3,6,2,Sales,100
32,15,7.270160259996406,2.9061175484694424,9.89219516232804,9.54968778756762,1.6533323309350263,1.6090455987129264,5,51,5,3.4010189316577963,65.3680905181674,3,7,2,Marketing,99.9315284279291
39,16,9.226001564554126,5.212775306298717,11.569127811855815,7.4283553789481545,1.0360443038632223,1.160769688280581,4,35,3,4.493016133702674,67.41408811394733,4,6,2,Operations,100
34,16,4.156769560312391,3.511078640831698,8.257137818690278,11.280094705001188,2.076497773443054,1.9209595699428068,6,40,2,4.017193566443528,43.94107796255754,2,7,3,Finance,99.78486774058143
43,14,4.069174737770903,2.5951908626868865,6.536550752298467,7.087282440318839,1.4721737847689609,1.0205380127065098,4,30,4,4.2898393679446025,55.07532826826668,2,3,4,Technology,95.57768469694383
23,16,7.622230661485022,3.391651645566917,12.659640062506902,8.62093457407564,1.3429190197987495,1.014577614927024,5,40,4,3.793906895273903,56.47607927285599,2,5,4,Technology,99.79554469135658
31,18,6.504100084976054,4.580649693812815,15.033420236047354,7.093100591856044,1.2786575114871779,0.8202719374978283,3,57,3,3.1752329552985046,36.837635478809496,8,8,2,Sales,99.75221890894117
22,16,3.8234835537568355,2.5232856263880983,6.1981511289566695,16.4259233270076,2.3260185023201445,2.4659502222792207,7,16,3,3.5973111430045437,84.7121294140285,3,7,4,Marketing,86.38933371217297
42,15,6.238502714527599,3.482888399033908,10.875242705428137,10.28125820214974,1.8603872461713307,1.3921136717105904,5,7,3,4.304196982245017,51.21762955756819,3,6,2,Finance,98.50446667601378
30,16,4.426994214112338,1.9826065872003649,7.983679536776749,11.248889742730839,1.8584415589598906,1.511580198442344,5,25,3,2.7124561829522,27.359761559355363,2,6,5,Operations,99.98320579443475
23,19,7.487870251540768,4.828597445086515,15.22461766689484,11.237374644715796,1.8858875950318137,1.4913661467787007,5,13,3,2.4870376169770183,67.57464256655115,2,8,0,Sales,100
37,18,7.714811816275478,3.1012708328212333,11.908742522384115,12.074383256411398,1.5773238206171372,1.4655230539848823,5,15,3,2.481249280658153,74.12771838105708,3,6,3,Sales,99.72918082395181
44,16,8.51967417114904,4.2280954508260855,14.629251993260732,6.150304984396404,1.2672831298964968,0.90743317902157306,3,26,3,2.892982281214321,39.7661662503509,5,8,2,Technology,99.23662511271478
33,12,5.548339418956276,2.2073463174227284,11.78404094162697,7.294644384136588,1.457160015751313,1.142368005345731,4,17,4,3.221947018581414,75.13379865812247,7,4,2,Sales,81.25858231239572
39,15,9.7253656362134,4.505371785536986,18.95947895938741,9.854249279122337,1.2989643485182532,1.101002112457582,5,50,4,3.586073795144866,50.976207843261925,4,7,3,Technology,99.95502847043998
29,16,3.2452218668875523,2.2132083459397123,6.399294033611337,10.529381857554233,1.987816900102669,1.1769838142710514,6,27,4,3.110713105610559,80.20979738030171,2,6,4,Finance,90.63080445610571
36,17,4.485047616272585,2.520119146564756,8.053311346655528,6.169614854091925,1.1793193675541462,0.9933986787627698,4,22,5,3.011090205456193,72.14627378577804,3,9,1,Marketing,77.89025834835174
32,16,3.1372866170096336,2.205805263875416,6.792731096387554,6.685682130265812,1.0649246219013833,0.6129766484123288,2,35,3,3.5962620009011217,58.73621560612385,4,7,4,Operations,98.58215516344379
30,16,3.5788285168200185,2.66967999420668,8.445634446128217,12.485034879911304,1.6602213231934724,1.3225162528661771,5,12,4,1.600680849175043,68.54102005541043,4,3,4,Sales,80.13259144501536
36,16,7.050873789652738,3.428176710186989,12.096039009492099,6.451959156719156,1.1909623464573733,0.9384761480631345,3,28,4,3.3153834849773047,57.683715080726564,2,9,1,Marketing,100
35,13,6.639998966062432,2.1978270910229325,9.136438989142546,18.818942144806574,2.742993450903144,2.4054008646868703,7,42,3,3.365894057229071,49.71929632440716,4,5,3,Operations,99.93202974908777
44,13,5.684109128416442,2.910764191422794,10.937222138778308,9.761547795973932,1.7325598929126396,1.6193486547615172,6,31,3,4.6135723547042735,80.42306205219211,3,6,3,Technology,92.68078500539457
44,18,5.0470120615749,2.0930224334667833,8.28497166617043,10.14356464200286,1.4664407849522882,1.6509313428938308,5,36,4,3.301835993041579,78.95583952784273,5,8,5,Sales,100
22,18,5.4422458098674715,2.9215936882696885,10.649408697880844,8.624470644498366,1.5716412091121712,1.2164852436548856,4,21,4,4.972919253984001,54.537772503336384,3,6,4,HR,92.04629944351666
34,16,5.168954194218625,1.7904335084384693,8.531859805878948,8.99415743233549,1.2182794826087553,1.0122376227320449,3,13,5,2.8868990918898767,43.31946307925987,3,5,2,Marketing,96.24965092586312
28,19,5.777966005015633,3.0965711713674673,12.01774727545706,10.460999592060869,1.5952756847981702,1.1987946132726646,5,34,4,4.597038854143318,47.054589495843196,3,4,3,Operations,91.07768590512605
34,12,8.095189376128836,3.5364531101209424,18.631245752359487,6.171985057680779,1.0108141702626516,0.8666457916492755,3,55,4,4.515815696622501,52.46219126441507,3,8,5,Finance,99.98804539657175
24,15,11.056952589567324,3.298405980634562,13.171123716460928,6.11922054825286,0.9665824019067122,1.0658921239259453,3,28,3,2.3889508917103495,62.88768118003498,3,7,5,Operations,99.08605111997124
43,19,4.892528083269209,3.1048185941419923,9.895683969294465,9.94801919195608,1.5061377161059304,1.0431043651803538,4,46,3,3.5969355409055543,63.88966212318547,4,5,4,Finance,100
26,16,3.2073835274506015,2.19513804343729,4.949439127517261,14.320539810628514,2.222943250027201,2.2335944597871698,7,74,4,5,72.42779003826377,1,8,4,Sales,99.95403967844528
33,18,7.2436122693516936,3.3386627737996886,12.864602150079321,15.786327750618875,2.6200052531927565,1.8360636644330985,6,52,4,3.786831808254546,77.71752910953647,4,6,1,Marketing,100
25,15,5.60938153839488,2.651544185735739,9.905854703852546,10.781329909701554,1.0925208856865474,1.1796773430112377,5,13,4,3.770683453298508,78.58285102929922,3,5,3,HR,75.31651238554083
45,16,7.880781839765102,4.47606338675337,15.601694531684455,10.744586645108505,1.5337932793426001,0.9788903102023955,4,19,5,4.281396798160159,52.16802014277593,5,8,0,Operations,99.98172745405842
41,18,8.203134054203638,4.919546746950416,14.090506917099646,10.238382081295228,1.8467822154105191,1.751452381709411,5,14,4,3.7880681119529873,93.6151798476544,0,5,1,Technology,89.22255675984638
44,17,4.346072740036122,2.21177028176796,8.056966890739469,9.042219550789314,1.1799094003534154,0.878861405067344,4,16,3,1.800029217440593,68.23819193865963,6,5,0,Technology,83.4304217342223
44,15,5.611833157882709,3.6229317271816828,6.871803957497309,11.87397461436074,2.1723888059680876,1.7503871423240354,5,20,3,2.9039867588712904,64.1325809218672,6,5,5,Sales,85.24788536086096
40,12,7.309661607210849,2.787538065828251,10.251804871010638,6.503876135203148,1.1977377914042802,0.6837149110405981,2,18,4,3.704564815492244,63.50150092974707,5,6,4,Finance,92.23791074744433
22,17,3.4854346640586984,2.4005877272040963,6.856078435180279,19.940272362752182,2.4109598347517753,2.3443018573882926,6,21,4,3.5030504654686916,70.52427988457949,5,5,2,Sales,91.07582823429641
36,16,3.5254904846716197,1.8760078026331568,6.039809052130348,13.36257643891077,1.801961533677561,1.7437684407511609,6,33,3,3.8866552781269466,57.75306398702976,3,6,0,Operations,100
42,17,7.497299403912942,3.207154743381725,12.324087514201295,9.644262063794114,1.6606743220289935,1.1198235064849225,5,16,4,3.190343661446152,58.55104120353109,2,5,4,HR,90.7242852286558
31,18,6.340330313296104,2.614757853539815,9.047708046868324,6.805182402687104,1.4396685173959118,1.0532563044765142,5,40,4,2.924631578411861,85.81793938726223,5,6,3,Operations,100
41,17,5.854706712614231,2.2206756853097076,8.391387294449947,11.250494317319678,1.4704884605978816,1.2313734853336642,5,20,4,3.573463676499987,32.83908804823909,4,8,4,Technology,100
29,17,3.472788475460541,2.005289827988395,6.863333593262412,6.854703256619084,1.1912464338873254,1.0394568172739005,3,24,4,4.1900095587252535,56.03055343649972,7,7,0,Finance,100
41,16,3.1562661379508095,1.8932380494840992,6.008273966257317,5.135881596591856,0.8826503437565985,0.6221985180101709,4,24,2,3.6161050205260183,59.2836503382139,2,6,3,Sales,89.4127587395487
38,17,8.333021401342235,3.694293048950983,17.371038148263906,7.31906849469608,1.2989736112954582,0.9321595400795161,4,29,4,1.7946434022570774,62.22036334037039,5,8,2,Marketing,100
28,16,4.839173408746805,3.9842686881168947,10.145621473610559,10.067955729274123,1.6210198945609247,1.3772133295585731,5,36,4,3.2794839178563815,61.79269668082835,2,8,2,HR,91.78923139916989
27,19,3.490389730591802,1.9305800147860823,9.49758857486299,12.161848950003272,1.8369338451402224,1.5863636280348536,6,51,2,2.59743859677805,71.12799661709649,4,6,3,Marketing,99.98184673706369
41,17,2.968392556081866,1.9249468316701352,6.803571564252579,12.210512387629288,2.0712206561748405,1.460749721558889,6,13,4,3.7088512603097143,30.038947913229293,4,7,3,Finance,100
35,17,8.235690889520058,4.087949131959565,20.404031961937903,11.408479168011679,1.9662962819823586,1.6975348140303348,6,22,4,3.9058545004275365,59.09009305813596,1,7,2,Operations,100
45,14,5.375534845880317,2.78089025042266,8.243142876908884,10.7293911638043,1.6110361557650164,1.4375258270133333,5,32,3,3.1097241950741177,85.56992294752654,7,6,2,Marketing,95.59569699361147
30,17,4.85868453464164,2.507965452730682,6.545677995924803,5.654222905951163,0.8296570013064476,0.728058973740017,3,36,4,3.7980684314047237,78.27552428438584,4,5,5,Technology,97.80189416814186
42,19,7.060519042846126,3.2861251071946778,12.569732330815112,11.064199873759932,1.4190126783804784,1.2912710534987926,5,23,2,2.9917362999356825,62.03320779431243,2,8,2,Sales,95.41120716410241
36,19,7.0080943649741885,3.971171059870829,12.173692094295122,10.629086299371066,1.2929033022204728,1.3129148782670634,5,10,4,4.713365138590562,44.155620678770674,4,6,3,HR,82.14374519302483
50,15,7.981040496619166,3.828468692989485,9.524970068404423,7.410583080705228,1.30397892068229,0.9203798853542714,3,33,4,3.8966575259733447,40.26688365101024,3,5,3,Finance,99.87647482021563
36,17,6.419340458730237,2.806601216913487,7.712403209606003,15.869129117254413,2.1206567332420523,1.89680262193636,7,32,3,3.894082342988264,73.00683596606434,4,7,4,Operations,86.69422635138623
42,18,5.61851248397251,2.009873062674132,7.954709983551228,10.291896732474326,2.0290675208687308,1.127436309827714,6,67,3,4.702926101024438,44.27693440300875,1,9,1,HR,99.97486452746342
42,16,7.63660414283698,3.213194650189024,9.36079402743338,11.325682702024224,1.9362932873855891,1.9775147820641055,7,13,4,3.7886111634214434,71.99400204434575,6,7,0,Marketing,86.17841295007828
38,17,7.366335097238739,3.9801507142211188,16.40892185249127,9.61057964563395,1.5956751615750637,1.482310600789967,6,46,3,4.378694655122846,81.88432153345278,4,7,1,Sales,100
39,17,6.630904831313393,2.716572345032526,6.989351021125181,6.802030118117913,1.1984661172945652,1.0058070542761188,4,75,4,3.508408898994712,50.405188451414396,3,6,3,Sales,99.74862328447091
40,17,5.82627319742456,3.462170809152785,11.013461185950636,6.236119199679721,1.0350768012867542,0.6881342139443234,3,74,2,3.8920411061473024,43.407136552753826,1,10,2,Operations,100
43,15,5.032400566910478,2.8785490261695075,10.763575123642092,10.461068319328286,1.2967784286709232,1.366729104492872,5,40,4,3.4741926251704833,76.2195923384133,7,5,2,Operations,100
37,18,5.987691886665953,2.8974718325871436,12.272352910191252,13.74998276379762,1.941414477214722,2.1662891809431843,7,60,3,4.996180025071433,45.36804488945295,3,5,2,Sales,99.91649141754442
37,12,7.7013525573014405,4.867040935714833,22.043464300405702,21.49533257781738,2.5337778072480397,1.946421222104862,7,9,4,2.7903858173707565,63.77625823936779,6,5,5,Technology,88.24087195441776
23,16,5.540794936037582,3.6815774408926396,8.913801408998998,17.745884097453278,2.2735578683256934,2.2970384919352878,6,6,5,3.7172832677875745,68.17267238628065,6,5,0,Technology,90.35179355647053
41,13,2.918413916421665,1.6598247920677804,8.967893674702527,10.577295964261644,1.1899113110988904,1.4367642074246874,5,43,4,4.996353073386595,45.57162000563011,2,4,3,Marketing,98.60853412967917
46,16,4.610468536862031,2.5942066166671847,8.184288038320858,5.198335597609872,0.9697049023333797,0.7095895304238559,3,26,2,5,39.581277263229815,2,7,4,Operations,90.26071860039198
42,15,4.793373258428008,2.077300113410371,7.450668309743373,8.792957412598282,1.0236942246282386,1.2694351240668573,5,28,3,3.5989984787201306,79.84640677599837,4,5,4,Sales,94.65108934313481
28,17,3.9185434557529755,3.1872625455662456,12.892931406009657,10.952124458367402,1.4950727611764378,1.3610403990108113,5,16,4,3.622022030974091,63.02508561013554,3,6,2,Technology,85.25715082258347
22,18,5.260246914593747,1.7754033344262286,7.4230003499075226,8.661870196223763,1.5088086945229422,1.3635056861417794,5,17,4,3.6938320564274645,95.89558115699832,2,6,2,Technology,90.58253877240274
35,18,7.083408137743079,3.902481201648618,11.18865445776537,9.680398894008132,1.2918193328926433,1.221841566559234,4,48,4,3.1016850436097894,30.451023768226793,4,8,3,Operations,100
39,16,6.227265517896649,2.7775373424446825,12.540934320813108,15.984654433761953,2.495675399927741,2.3431401149283175,6,35,4,3.4603751695010785,73.3859657188865,1,6,5,Marketing,99.92347871429284
22,17,6.119112372921104,3.43720690659016,7.2256110534001525,9.391763245228587,1.3562513072951226,0.9475047721672313,5,23,3,3.5224402822250798,57.095357179683376,3,7,1,Marketing,93.27127860472021
23,16,5.618137571246621,3.0345659400047285,7.91668297713271,13.107776767729026,2.1650665846247925,1.9911500581679298,6,58,3,4.9011207976597815,51.86404479885558,3,6,5,Technology,100
48,12,3.192564713571192,1.4038588034155366,5.297033338225648,10.646085163489095,1.5148299190791232,1.2018113110906994,4,24,3,3.31940723943715,47.97298789801696,3,8,3,Sales,94.18174017225235
22,16,4.275002128622072,2.4037744482827947,8.138843194219506,5.863835805362699,0.979389367307759,0.8798561811976514,3,15,3,4.207197865888029,51.880317456616275,4,2,1,Finance,91.20674092563756
36,17,6.264205990879327,3.501501627953904,9.644816742947095,11.7220040692971,2.2337962883038545,1.2034693639841958,4,27,5,3.093309545455529,60.45663044820613,6,7,4,Sales,97.47239334890776
56,18,4.198997830163314,2.9925404532053834,12.697101075149062,12.703753607672915,2.0964133775275657,1.9598555448697486,6,28,4,4.396542533636583,67.42727874537248,8,6,4,Operations,100
31,18,5.739858153324937,1.7208991408487264,8.815486072096027,10.835875585548893,1.4884862812478232,1.1844017324479381,6,49,4,5,69.34767837163965,6,7,0,Technology,99.96063336402464
34,16,5.097630582886701,3.452958260123667,8.802805817247018,6.627268986937217,0.9659361947715526,0.7115453892083208,3,17,3,3.8004017852409286,39.75045208616705,8,4,1,Finance,82.05336852494094
31,20,6.146625499047767,2.8016073186696446,9.704903871617693,7.640767492899284,1.2563550069112863,1.0568080241183595,3,14,5,4.112217989594721,87.644420731612,3,4,1,Operations,92.50734233699441
42,15,7.458507177197086,3.890756925938078,15.406839026166592,12.664548718541077,1.5241852647539857,1.7493530743535297,7,52,4,3.294203263075775,80.09699577261483,5,6,2,HR,100
34,17,7.9298400013675145,5.034372347605788,14.449950483959746,6.060865257736871,0.8708437073191727,0.6723460236151616,3,30,5,3.980442425754116,63.46038837002468,5,8,1,HR,99.87938754261478
33,16,6.2903836506808695,3.6065013790071117,16.878963903196652,6.641301721613851,0.99205019387169,0.7380564005883501,3,21,4,4.48341073302053,78.04119063773886,4,5,1,Sales,97.53883675499551
22,16,3.2751562492957116,1.6937532680005474,3.70560109072103,13.806904838826291,2.404042112535167,1.961662781871078,6,20,4,4.993331974143401,89.72281646917608,7,5,3,Operations,88.76745537096755
34,18,3.1793576443218203,2.205535396805546,5.6874089129519625,9.009825088646712,2.0216491345284,1.5368092896441519,6,25,3,4.09840580014814,66.62426069915543,4,8,2,Sales,88.11377291400886
22,16,8.05068991432811,4.681949877581804,16.79966214031836,9.143749754701192,1.6909952624054088,1.282044825689448,5,25,3,4.986102483580941,70.78491575343729,5,9,5,HR,99.91972989989311
22,12,9.660627669359588,5.494034516894258,17.415405799225788,8.616728448768006,1.0865753301194132,0.9656135737003854,4,9,3,3.720979503518565,59.881702791333744,6,3,1,Marketing,92.42718657453922
32,17,4.881038340468296,3.2977932022392045,9.688919076581268,8.112157327836297,1.3127730545367529,0.9864909770789266,4,30,2,4.921923395442903,40.045314505065534,7,4,2,Sales,86.3282335160473
26,16,7.892422097316973,4.6502995342274716,15.210188397605313,9.207165791243852,1.7146259072508945,1.3077029801116797,5,55,4,2.345458796523539,76.21097893350134,2,5,4,Marketing,99.88118133467373
49,15,7.633535998594693,3.9176277466647416,12.686879717977176,13.021077581018423,2.3084143763177276,2.263197065805481,7,61,4,4.493495357519783,72.56609926685634,2,8,3,Marketing,100
28,14,9.901012812026226,4.10212209501505,14.112063950764613,13.7505877257135,1.9729060858433518,1.6795717351519734,6,36,4,2.4165878300169763,55.60443442848323,4,7,2,Sales,100
56,16,2.849951689438434,1.2147802909393122,4.3801513958411675,6.539547470287289,1.023896295003325,0.8236043340774508,3,33,4,1.8998219600165371,80.89047607781714,2,7,3,Technology,85.57561053007429
49,14,5.469605361289828,2.721142935276011,9.607646219706227,9.150017614352377,1.272009041322288,1.1680999467448112,5,17,4,3.4963236055923277,79.4112881763281,7,5,0,Finance,89.76843510135684
33,13,6.843642990539576,3.3924842782172955,11.108428779024447,17.12238766824803,2.060012842474478,1.7957634798945374,6,31,3,4.277449935092313,60.74264169642498,8,4,4,Technology,100
30,17,4.7376163505681355,2.3101505648665768,9.406100435226413,9.717764814311169,1.7228981962114163,1.0753099743806962,5,23,5,3.991839361273295,44.518104443241235,4,9,4,HR,86.79404274447789
36,19,4.630912488047639,2.7041726765711607,8.791822074778603,20.79999827673263,3.063482005709278,2.615282532190417,8,28,3,3.0249972801076432,71.32363913550175,2,7,4,Finance,99.88957147212346
30,18,5.104291965592011,2.2191979049747,6.478721554548967,14.246819028257521,2.7693118620243835,2.3116360170997052,8,25,4,4.607942929057982,64.08860671997748,1,8,1,Marketing,99.39076474811941
47,19,3.343574627257816,1.898921588732432,6.854273509394969,13.690911931441262,2.1490712755976373,2.1010937599509627,6,23,4,4.8232624693721595,100,1,6,2,Operations,99.97715355714136
41,20,8.034278181753987,2.7303234510822634,12.95159345199399,20.620057057408818,3.688463241064514,1.9487189206231492,7,18,5,4.2993846244705205,41.97679501356976,5,5,4,Finance,99.90165179468137
35,18,4.966040478770144,3.8522047747105117,11.784768305619904,12.14392020203698,1.8951018601030836,1.626728070173463,5,21,3,2.9004646067596336,48.490327728954995,4,6,1,Technology,99.98128043575295
42,12,7.446378940289641,2.882135584761169,11.042002284970142,16.525079912449538,2.2883758056684496,1.6271654523453356,6,15,4,2.8134821618054855,67.0313505262434,2,6,5,Sales,95.93986052335488
34,18,3.5261608234539623,1.6031634224234048,4.720663655593788,12.054875842780984,1.6669320109828574,1.5764594853741063,6,41,4,4.902386708462502,48.55463360824492,4,6,1,Sales,100
43,15,3.509903093759133,3.5023622519655464,11.292547149156697,12.598348018711471,1.9232710634716794,1.2322388409294691,6,30,3,3.6017733882564955,63.995039696635025,4,5,1,Technology,100
39,14,4.369632668304839,2.7344754069362276,7.018947387591004,4.56461801646266,0.998775710898295,0.7501452884725484,3,34,3,3.368966490669761,48.97537801957407,2,5,3,Operations,89.5129801627846
48,12,4.489036953977365,2.280652749413892,8.583543860767765,13.034605614597258,1.8296027427006236,1.2321002777347794,5,51,3,3.205535124022993,48.01245632071878,5,4,4,Sales,100
42,15,5.380896688445323,4.216796305695209,11.728819884787725,11.06824032754534,1.5194421660818387,1.389176977788668,5,34,3,4.493650520907284,57.89320080491468,5,7,0,Marketing,97.85981749512952
22,15,7.92847564996159,3.598718694411919,13.643982577177681,11.0486352015275,1.4896904999310734,1.652396954873801,5,24,3,3.560387422903606,52.95324140223101,3,5,2,Sales,99.99686023106669
25,14,8.628515515230797,4.901796009638643,16.282269973611093,6.59955696554226,0.8315365657661575,0.5374863959444013,2,43,4,2.7993478281058324,56.49093015597502,5,9,5,Operations,99.93675691396706
38,16,2.962590174785305,1.658868429650714,5.2590455056876815,6.8324143573465195,1.2067336814965821,0.9514152349102225,3,17,4,3.3237544649519988,60.3295390584627,7,7,3,Operations,81.08080937576075
27,16,10.103448697696708,4.424889105240249,15.843587780598716,12.064228408357867,1.8590391771873482,1.5173509266052214,5,18,4,3.9176615163582653,54.08114841795954,8,6,4,Marketing,99.82252764856142
31,15,7.691676769678463,3.1335659281425197,9.865161716063172,6.13424977237181,0.9801830477404231,0.9529812358234078,3,25,5,4.089837335996664,62.10300828046173,4,7,1,Finance,99.97464037094895
39,16,5.433485571148868,2.7081971427718634,9.43792685496362,8.656830434250145,1.3669803624398598,0.9797705627159566,4,70,4,3.3911245630345577,50.046873294643056,4,6,1,Sales,100
48,13,4.8129213949405525,3.1144618048415067,9.61024722177778,7.7786489187375984,1.4668894074207366,1.2865307316783376,5,20,4,4.116200864420621,58.82071649651367,4,7,4,Sales,92.88516591101947
37,20,7.971287729779439,4.194925208146867,16.23433028665519,10.913535465812993,1.9789177000261329,1.527099243784236,7,45,3,3.7098982947105,45.07631299756761,2,8,1,Finance,99.99942874904309
38,14,3.7963288769637313,2.1971496724337127,7.02924233758113,14.709453107818522,2.3019860406349792,1.9891860220982986,7,40,4,3.0013252735873617,60.1235274172862,3,4,2,Technology,91.00945556182201
32,18,12.465046337232357,6.6949817304350985,22.820140593879156,7.21036385275619,1.454480440946537,1.1562727562187158,4,35,3,3.5941449819199,61.09913459412622,6,6,5,HR,99.79765020172457
25,15,5.824980033985048,1.8915296499775351,8.659837470926933,8.373813736974556,1.6400300917695776,0.9376978311432854,5,7,3,3.912600099757981,73.36327687012908,3,7,4,Marketing,100
29,13,8.991350144084917,3.6618879314427297,15.7198530709284,9.029070667755542,1.859584400575647,1.3577845374313853,5,14,4,4.988763721554598,74.4664231265002,2,7,5,HR,91.61376436733178
46,17,2.6033998144526524,1.2061695053877413,3.938069946460399,12.532115552396265,2.1604462033123526,1.648046916325991,7,21,2,3.3638640577901215,44.564155921129995,5,7,3,Sales,93.70832453467521
45,16,4.470693393549498,2.901286979615128,9.975333328750583,7.979489063890325,1.1564040202344519,0.8857723520120453,4,39,4,4.532940742619446,38.307912853339126,3,5,2,Technology,99.8720938644398
25,18,7.6038766838944385,4.3054346104803365,11.401720814558434,9.053895782630422,1.8317492986945223,1.6110926734420865,6,42,3,4.2179743899354225,57.410377632187895,10,6,0,Marketing,99.94455366609091
27,15,3.3333602992935143,1.6869634497845996,6.746122242716283,14.384730276915953,1.9860504321670442,1.5687695722140644,5,32,4,3.3746689550075795,52.84288951622507,1,6,4,HR,87.5654025383603
33,20,6.710760075762889,3.6311384320779223,9.16743868622906,10.489289340160418,1.7937480638987,1.3526377963558942,5,18,4,3.5908963022304445,60.05580235343116,6,5,4,HR,86.87368575155239
36,16,5.919395007005719,2.0888613170150636,8.115865185615863,11.16129596406909,1.5098246976367906,1.2202847315742849,5,5,3,4.795165145562405,64.81711698191961,2,5,5,Technology,99.91126666731283
48,15,7.592743618296664,3.7002648980450314,12.674544191975277,8.814535946752745,1.3286244889143721,1.0393423078151711,4,41,4,3.931267966248359,35.82678309797453,4,6,4,Operations,99.85744538745504
46,16,3.991861930943184,1.7901784926221145,5.867869311262543,12.697667612804516,1.4811155355164316,1.410482857547582,5,43,3,3.600293147624028,64.03684370193746,3,6,3,Sales,100
30,18,9.804603953768952,3.724272448716614,17.726879885485953,9.984157348839222,1.4629939011526865,1.2031103999847081,5,48,3,3.1798338512306095,49.54527772306619,4,8,3,Technology,99.90562317802033
34,20,7.600806793080571,3.4248298107390234,16.94692925778585,10.120232986079234,1.6745634136646372,1.3445247561796494,4,46,4,3.9130242888129594,73.872485151185,5,6,4,Technology,100
33,15,5.411415582863925,2.984018091243568,11.702885600010806,7.614167982065362,0.8794624557838718,0.7433225424474653,4,54,5,3.4936842950341718,64.22778316552244,1,7,4,Sales,100
41,16,4.884688255406805,1.7716469869480598,8.140197645745854,9.682821088180669,1.7637571039314779,1.247605944570707,5,42,4,4.487950696330711,100,2,9,5,Finance,100
36,16,4.524501755895305,1.5183217733717453,8.888255645976166,10.675736061412254,1.4947410987762015,1.46772992790409,5,20,4,4.229197213032538,48.12134538376329,5,4,5,Technology,99.98650842658337
47,18,4.282988242448565,2.794788267120752,9.129537582825602,14.77379232447858,2.324869520690615,1.7694323160377439,7,41,5,4.668856736979129,54.24144331007233,5,7,4,Operations,100
46,19,5.118692970539731,3.980608609286632,9.484409037586133,15.241732263844703,2.1724047802023607,2.325558628726549,7,42,4,3.9958685903959417,57.61486268728644,5,8,5,Sales,100
35,13,7.7054291977277325,3.2004060390887306,9.30701367083838,8.033977391640665,1.1723090872761888,0.8809474545919815,4,29,4,2.020636070416222,68.44086016144996,2,7,1,Operations,100
32,18,4.504799087274152,2.635669974947893,5.585345388940745,7.978446739080935,1.0666516682989742,0.6921921407342503,3,45,2,2.406950839296281,45.82689890743444,3,6,4,Operations,98.2080378390701
32,18,5.284388857516774,1.939832132540567,9.414033964962892,11.189586483339506,1.7990447359014308,1.2292615207397848,5,6,4,3.2211659209134536,60.529458305447044,1,6,1,Technology,91.82602573295182
36,16,3.3524576712755723,2.0079193714150936,4.723695564441808,9.244889543557214,1.6149194102915565,1.4986780484262983,5,66,3,3.3215709483679516,54.37358764091047,10,5,2,Technology,99.92274234970367
23,17,4.429199080857523,2.1992483595858148,8.279604762445754,13.37972135644467,2.383088292216364,1.8811507877802363,7,13,5,3.7965971129724876,20.727734773304864,5,4,3,Operations,100
25,20,5.633445193306893,3.04952912459226,7.979577704218004,12.778853085570624,2.058857277302529,1.3123496042811742,5,15,4,3.5882159683028862,81.34472448350108,2,6,4,HR,87.02313042806183
37,18,8.168424494251546,3.892755554631785,13.615992407524944,4.847591475105262,0.7439384661479853,0.6703659080444119,2,34,3,3.0984397028347757,52.02213865431386,3,5,4,Finance,100
33,17,2.575129658495989,1.8270911650056958,6.414692230014464,12.154975793845718,1.9760510183068047,1.6487330292554312,5,23,2,3.4075705387947717,55.44304870679042,5,6,3,Sales,89.97904653775458
28,19,5.595458462140539,3.9040947121197904,12.8195270397043,8.801595072085494,1.3991516768832124,1.1151437545082128,4,10,4,3.6038884095599677,48.807063152186885,6,4,5,Operations,83.4185607617345
40,18,10.361656502102013,6.217917088935415,24.721480433756653,8.006771240102536,1.190740447510728,1.0272801928105495,4,16,3,3.4002488825079857,70.4482165802227,5,7,2,Operations,99.22488946464625
45,17,6.043463199447737,3.901309336970924,15.343105024954218,6.979484187223985,1.355888158106543,0.926302362637223,4,9,3,4.125127604124733,57.94225793624552,2,8,4,Finance,88.40130173298111
24,17,8.42088206556823,4.079690537456865,14.075837845433272,12.950326519507522,1.7623830892911048,1.4695454458496837,6,56,4,4.518270450031362,81.00882598712758,2,7,2,HR,100
51,16,4.025948132560037,2.0206004564309943,7.142427502264512,9.184005618887742,1.7120065391356274,1.3025496847996196,5,13,5,4.198494409961932,57.17185052039506,5,7,1,Marketing,90.59052756243754
43,19,5.019905325767448,4.205020381904417,15.304842340506625,8.239577203242762,1.47214135319019,1.01208339846132,5,41,4,2.4928685372434427,65.69095728607645,7,6,2,Sales,96.0324988230519
47,18,3.832603330451883,2.425894416398756,7.676013014818556,11.032962426293071,1.5166577294471069,1.5651106969233293,4,34,4,3.771955931963029,37.63279253915497,4,5,0,Technology,99.87880918238045
36,20,5.757022458680534,3.3266824078926893,15.246922315632979,18.602003151131473,2.6027242429288693,2.476307420634395,8,33,3,3.0077837108621344,59.738608183150184,1,4,5,Finance,99.95919729385142
54,16,5.108790495041712,3.0195006495141237,7.783672342323658,6.466725709805716,0.9517557970259083,0.8331821776249202,3,49,4,3.7123457474623733,69.72749116731535,5,9,5,Operations,99.8641143471418
36,16,3.4031991851876393,2.39198353376771,6.823583952331893,6.91828858373138,1.0172461451101458,0.7564711795969877,3,36,2,4.678797618034258,52.17356126726446,3,6,3,Technology,99.75066590110472
30,13,4.749503562564569,3.579781048476934,8.844531768298825,4.242037124196452,0.7947709733691086,0.5211525858842097,2,42,3,3.4957588085259164,46.90344234078741,7,5,0,Technology,100
38,16,6.745282879721784,2.7103521975806646,13.355970054780425,12.678108975433066,1.7593106011271855,1.4287561807402307,6,17,4,3.5882450343598764,67.76674869368178,2,6,3,HR,96.22005259104613
36,18,3.3233680055019987,2.0941628250699473,5.1053216320803365,5.986356513690464,0.998771525744499,0.846479277054498,3,32,5,3.194031765501235,23.447642923322512,7,3,2,Sales,79.43739905341043
37,17,6.613087396150263,2.4925719595808413,13.338811212390342,17.7581074752431,2.24324194839622,2.1703776994806394,7,27,4,3.966760262852928,67.01968289250374,4,5,5,Marketing,99.97649967904839
27,12,11.81106428561534,4.709667947252969,24.250983029017927,8.521549397481941,1.4781104952673059,1.0466312000146805,5,37,4,3.30367191448849,87.83810282725689,4,6,5,HR,100
25,17,4.116256862183457,2.328651802896305,7.692050846130273,9.676482498952776,1.4673295868630791,1.5724666724171468,6,18,4,2.9141113611882856,75.96930266280081,2,8,3,HR,73.1742319494849
45,15,7.297226449706398,3.190045345584671,9.977648888877926,8.436849104412211,0.9430223196028884,0.8393973919498039,3,57,3,4.301402701262186,58.91004920545901,9,10,3,Sales,99.84307973441442
27,13,5.0428912496556935,2.0936127612099744,8.730967183617755,15.690537485542144,2.1022545643423003,1.5601383082632656,6,22,4,2.30317841123412,69.23496924393994,2,6,2,Technology,100
28,16,6.668844843351311,3.777620244632682,11.145176971996092,9.472161182295112,1.7277758493490298,1.3951176403284853,4,30,3,3.0067667672445304,51.35461988503088,6,9,4,Technology,100
29,14,5.029746933077276,2.1528852149714997,7.333793911928908,8.841249506982022,1.8131248544028555,1.2666214940735936,6,30,5,3.493077236230635,72.20310442044249,4,7,2,Technology,100
27,18,5.594547293070595,2.2039972798901712,9.742350396868034,9.464973042571327,1.6587947341042764,1.3807627650339875,5,64,3,4.160479326581204,54.25736450508897,5,8,0,Sales,99.7582095741143
35,18,6.76599306484742,2.6964299253423527,8.498921692878696,8.191941912623697,1.0955118288960481,0.8968146680473802,4,31,5,3.201630439855629,86.51762945334977,3,6,3,Marketing,99.76967634770455
30,16,12.810408206201373,3.5769230710561493,13.887351987377103,14.175572263814407,2.2322378263437748,1.7097753652480343,7,22,3,2.7934471284308215,57.891818057697755,4,7,2,HR,96.23831003411661
44,20,5.483436450124148,3.2541407104706153,5.788944022926319,6.8053129287712215,1.5662154630613179,0.9982757670533262,3,38,2,3.5992769720368094,32.75213818187323,2,3,3,Technology,96.72723761291701
28,16,3.7979807925606197,2.270623664232013,5.966292409418727,9.2694262351055,1.421826900766874,1.5195795449628944,5,55,3,2.7994739754768,43.59353386530736,5,7,5,Technology,100
34,18,3.4137528031417568,1.4298825618092037,4.862837452128424,13.399230205526479,1.9359405544283201,1.397290974074252,6,17,3,2.798486537086794,80.32642742175032,4,5,3,Finance,78.75837494846265
38,16,6.205541844878098,2.7765274559206663,14.083499184974983,8.032619180142738,1.4728988563990244,1.0037674165598747,3,16,4,2.014151874533655,73.41152089712998,5,7,1,Technology,93.49544166305192
45,15,6.409794710577043,2.5048987531143774,9.138212519074441,10.054543189309555,1.5211519729158498,1.446858563578864,5,30,3,3.378415760978954,59.41087069945723,4,9,5,Technology,99.86135470176235
35,16,2.469136045581301,1.289820468415225,3.6780766126859206,8.310930143752033,1.6791625587780432,1.060258835472264,5,18,3,4.304916653643701,75.5037318470602,4,5,2,Sales,79.50436160489797
33,19,3.3394336886806797,2.3898760224361824,4.315023293739582,8.77995826621448,1.6101091593450993,1.252047153913069,5,32,2,4.704437231941584,77.85606905447789,1,7,5,Operations,89.17437249879953
45,19,9.090668774139125,4.409770342411748,11.630315424111838,11.276376761722434,2.038205985555664,1.4593885603629912,6,29,3,2.6974001905529534,69.22537766617079,5,7,2,Operations,92.52144649448536
37,19,6.038318265846626,3.0750116327704307,11.729383535158313,11.94885214323024,1.9199688131525483,1.5297138263616263,6,37,3,3.5147462269425707,27.65448497228109,5,5,0,Operations,100
32,16,6.863857424947452,3.4274565228382388,7.931027049467529,10.786124270324956,1.718080400451399,1.2593741646339782,6,10,3,4.588105131439489,80.135534328175,10,7,2,Sales,94.99223431554802
34,15,7.818567057813628,3.186372429680659,17.963663995163138,22.652645554488767,3.584596142450389,2.491767166906558,8,16,5,3.500671879860365,56.94137023666139,2,6,4,Marketing,99.74313334846813
47,17,4.250242151099311,2.6222008043922482,7.112707581474861,8.453471792813309,1.408260502532921,0.8697806563163061,3,11,4,2.6061981474023224,58.35771604868709,7,4,4,Operations,87.21290928461973
35,15,2.4176545565195813,1.7017480263386504,5.88927754541174,8.927898706818171,1.277561185152435,1.2678783851905164,4,24,4,3.0838740239354037,66.78965304863443,5,6,3,HR,99.96467853258729
33,15,4.868898880135087,2.3119680919180117,8.794650141212172,7.592298875316991,1.1435933892748242,0.935409090105625,5,32,3,4.531509149804888,45.13474895188511,3,5,5,Operations,100
31,16,6.813979382461958,2.7793588027255165,11.09777855209436,7.074631787670482,1.025330287919937,0.8676817785623128,4,28,3,4.498866804581189,56.93098349129291,6,5,4,Operations,95.6556584210852
33,12,2.810681667497381,1.5066520623477249,5.147593034795772,13.144423873688812,2.312336376402066,1.5002956398012939,6,20,4,3.218219971160189,57.739429458153566,3,7,2,Operations,86.76895523742739
27,19,6.515050878840235,2.9176874349416537,11.864254350922042,14.393278555865914,2.1101550874345674,2.148587236502745,6,59,4,2.7996112839055014,46.78601508310036,7,10,5,Marketing,99.87915208195237
38,16,6.644950184473911,4.1762949103419595,10.841262644504132,9.423648483852483,1.5972088471580954,1.3819436045315028,5,27,2,4.790374306457071,58.92602450244489,2,6,3,Operations,98.97063744649094
51,17,6.32242430807707,3.3014717544696843,14.239926952678763,10.47514539196528,1.307546407277894,1.0721654107355472,4,27,4,3.792363158428061,62.714708952349774,5,7,3,HR,99.87922616414541
28,16,5.199658450506237,2.4857095600312915,8.822570759375205,10.802185922024945,1.563218062817369,1.2604879864812844,4,16,2,4.694496416855775,60.76992864530081,1,4,4,Operations,80.43095009766509
31,17,5.690412347573449,2.8893206701193326,9.18260473012151,11.77049484371811,1.9806761033985985,1.7096871719198201,6,90,3,4.280504771558567,34.091825028889396,8,7,2,Operations,100
41,16,5.5830652777599425,2.8966812385681764,8.842084726123286,9.413844754002012,1.3744639348992997,1.062320260940817,4,27,3,4.102800563419148,60.61293550734389,3,7,5,Marketing,99.41805671540611
35,13,4.586276694065035,2.8123522379619925,9.200134715694729,13.380202759026092,2.110161664735967,2.2318611945017635,7,18,3,4.788075758595779,77.6296052250168,3,3,1,Operations,88.63017423964128
30,17,3.27552199239963,2.600546975904129,9.525592607808255,10.945231021011512,1.659199940242615,1.19935872023446,4,82,4,3.176495252464244,73.9142434860717,5,10,1,Sales,99.93892376825205
39,16,5.308588606065204,3.1302958409421757,9.920694508638444,6.314190724911658,1.3641154026447848,0.9163876139036327,3,44,4,4.890641942607811,99.48470945737468,4,4,2,Finance,100
34,14,5.847711845938413,2.643403944691695,12.186953595374117,12.70019973769279,1.7539089168422561,1.2906721155246175,6,34,3,4.078094666364873,53.12667658453676,5,7,5,HR,100
30,17,3.5647074857440804,2.251321247290584,5.98069117947139,6.786210592458622,0.9491182238173707,0.6191628188413937,3,10,4,3.6055917341143497,51.81408760640853,8,7,0,Sales,99.81874757446222
38,15,7.412204776452445,3.597256676409889,17.18581905270362,13.504952710911429,1.9424349874371214,1.4965494377696822,6,13,5,4.5209585851699305,56.240196201795406,5,7,3,Technology,96.36027004951758
43,17,4.238353050697291,1.9007685306705286,7.550897335247443,15.134794753785611,2.478528370959343,1.7710387361971638,8,29,3,2.4262594252355223,29.681720277771305,1,8,1,Marketing,90.5389175881167
29,12,5.216745707460865,3.114082257012933,11.2533123893946,6.707404726630444,1.2857456142179933,1.023630669397038,4,10,4,3.796052704045355,71.3380191244779,6,6,3,HR,87.51260418638614
27,16,4.269225709463583,2.6193186478766224,8.000603230509022,6.053530573467444,0.9046220936804711,0.6582713782138333,2,8,3,4.007037887661615,70.6925261753766,3,7,5,Marketing,88.41487910924016
40,16,3.8971206914687233,2.01097076825686,6.297051521691438,7.8026404422621924,1.5147795739928613,1.1717639044054997,4,19,4,4.921895516999029,55.221546012788906,4,7,4,Sales,94.289022904934
38,15,11.954157009995031,5.508077423206043,16.62989749791327,16.246822160180805,2.768265606399232,2.650106179078769,7,13,3,3.4861590310731114,60.45727228464505,9,8,5,Operations,81.06157110419619
44,15,5.272319401928592,3.08598670906411,7.784159840217855,9.31986158004265,1.8666994480287777,1.6551631329270693,5,33,2,3.89253311110495,39.41448580047942,4,8,2,Operations,100
30,15,4.266007546310909,2.892161415507469,7.244800793595967,12.76776240118895,1.316532938489731,1.3123025454993054,5,58,3,2.8266631233943196,73.820580184318,6,8,3,Marketing,100
26,12,4.987919005847258,2.6060568705901512,8.39912339441339,7.352421609386432,1.3065210452793121,0.8957065391955588,4,12,2,3.80611624611932,92.68359525406225,5,6,0,Finance,67.08593138788206
35,16,5.080129205421609,2.5994602112492986,12.07326360443785,6.034867979108295,1.0132717846531767,0.956847244272522,4,44,3,3.6171977036758984,98.89575569870698,6,5,1,Marketing,100
39,19,9.104712979381711,4.450205637613518,18.15088929626704,7.8975139219694,1.5609807629485506,0.9249434813309834,3,5,5,2.7787280946526574,24.703082942806606,6,4,4,Finance,79.50870669094846
42,17,7.2458346142784364,3.876426354607705,11.757901291627222,11.57654485055077,1.6117922399173665,1.382318453211329,5,23,4,3.175926780309927,82.24746733374296,6,4,3,Technology,98.2014839486302
49,17,7.573124695596078,4.187946509091141,9.401895757519862,10.520213058333002,1.6377100115959493,1.3485901546666905,6,36,2,3.8872530625909696,59.368954679800304,6,9,3,Finance,99.7912622881359
35,17,5.1085578692026585,2.8936541950047743,12.53796754292338,7.868664500785767,1.3536028876977577,0.8570625282455807,3,34,3,2.68475889621225,41.56822923839111,8,7,5,Marketing,100
29,12,7.805290800497822,3.8583138065948357,13.050948577584304,11.998061794481504,1.8758882730930428,1.8530326568274518,6,26,2,3.698887361019723,65.96079323137822,5,5,3,Technology,99.3852807734896
25,19,4.373504972533668,2.0909600515646876,10.889325359872489,10.075800923056205,1.239887593074654,1.4177721115060775,4,27,3,4.617112768245548,61.29651527873379,5,7,3,Sales,100
36,15,10.470636872401878,5.104794102870094,14.798407916321224,10.880059835559415,1.48284578153225,1.3467263615929046,5,32,3,3.1021808980299435,53.42855115005473,2,5,4,Finance,99.72752183924572
33,18,12.945619387079688,5.226228876776751,25.77049982684786,9.905154698522933,1.946971400577845,1.3888683263172326,5,17,3,3.779717731974749,49.47122458668231,2,9,1,Sales,88.98827412253955
41,15,6.168783268667939,2.8317574288655214,9.475324850465363,10.748852706685913,1.1617822537333413,1.411774299002874,4,36,3,2.6119079155398133,70.99482448919511,4,4,1,Finance,99.91590675689616
34,17,10.930962334942757,4.369012716402232,13.788087737921197,8.135688756056052,1.2515733661160386,1.6085793943101236,4,38,3,4.507735838577254,46.94694615384864,7,8,1,HR,100
44,16,5.6922876273292795,3.193695969822291,12.71636361243483,12.045705658203307,1.8184693554731288,1.7693169198992185,6,38,3,2.3976419549614905,42.632116165740044,2,7,2,Marketing,100
41,17,6.693666521367541,3.122136074191464,13.760885403804107,6.727015230279752,1.2304395281872649,1.1132870982364296,4,68,3,2.9203812809845284,30.272909274029104,3,8,0,Sales,99.87737366949767
43,18,6.298146638593482,3.860473597074325,10.165937441157217,10.687233706217167,1.8596441304444773,1.7930331479042225,6,28,3,3.6745566081301866,77.5805081300055,5,5,3,Finance,99.93796172828225
41,15,4.287434001274274,1.7951994454410498,4.7658375039240095,10.643679566845012,1.3698435215510023,1.0915298843148218,4,32,3,3.6108425854427617,58.68657802202663,4,7,2,Marketing,99.79247940513015
42,16,3.555768498390679,1.607856483814251,6.653254799637441,14.450206543202148,2.176456992681108,2.0681269734006613,6,37,5,4.6057047362563495,34.154393929810766,3,6,3,Marketing,94.55690307408189
29,19,5.586157171603505,3.5936817133663186,13.147909503897381,14.509028122046626,2.1382126971541484,1.8047795568254381,6,26,4,3.99884823754113,44.16841710442468,10,7,0,HR,100
39,17,5.656398391531323,2.909505233699672,5.826232712142591,7.959423924984991,1.3090684979761642,1.0620310347444566,4,13,4,4.071826067503882,50.0549157743663,4,4,2,HR,96.56632542051862
39,16,6.991289816174764,2.4228727393248835,9.696623160167999,12.119439210178895,1.9749249593079523,1.5161411962763582,6,43,3,4.3190249973747585,56.62173178588402,3,6,2,Technology,97.79953545810538
22,16,8.213733878434537,3.5155705655170246,16.663035823194807,10.100043407159806,1.8216033470294615,1.3484092174322642,6,16,3,4.205341664324846,49.130451522822845,2,8,5,Marketing,96.70175099014607
29,19,7.819236388506052,3.0116435037261415,10.179390870912682,19.814365606154407,2.083524675446522,1.9757929078573226,7,24,3,2.2816251869849227,68.73220942885244,7,6,2,Technology,91.71375682886963
37,14,1.960101972260643,0.8660595271258498,3.5135404659962615,9.345927063205535,1.9609623486266647,1.197236170142613,4,26,2,4.3175447909106675,65.59690591502164,4,7,5,Operations,91.2076794162692
56,19,5.511565165544516,2.6975715332204935,8.921722271610898,10.540086910655905,1.7354107989806065,1.3783606366385368,4,6,4,3.7951652533659117,57.67951232075325,3,4,1,Sales,74.89062083860647
44,12,3.717494855906645,1.7044147845913444,5.002995000224204,11.456552882930618,1.43160617411378,1.16404881775642,4,30,3,4.980151630023158,70.86809736005436,2,6,3,Operations,98.93944558402399
39,20,7.202967938119313,2.6857106730546354,12.478313612600395,5.884555188031287,1.0921522300740094,0.7586486243055331,3,26,3,4.789014908220985,52.36422490885556,3,6,2,Sales,99.83672876470776
26,17,3.6159771542168007,1.590879167925383,5.070436822354236,10.123934010846455,1.0263782982664624,1.3035241500615191,4,47,2,3.8992072985320174,66.72100341526676,2,6,4,HR,93.21405341351593
43,17,2.4833255611651914,1.4730905822489202,6.05708365114972,14.056639041431922,1.8463378123459133,1.666755987337163,6,29,2,2.8973899318312313,70.92027984231075,7,8,1,Technology,100
36,16,4.418367744581471,2.288797511707246,9.682375710253234,11.267736275739903,1.684174469114254,1.5502837003380778,5,51,3,3.1881660495993702,63.510162257151464,5,6,2,Technology,100
32,17,8.753207272813924,4.234101965406931,13.433027914096238,7.46780984655526,1.4546547190040646,1.0085938875096139,4,14,2,4.401827423341738,59.16024366400872,3,5,2,Operations,91.28510325612257
31,19,9.221083976802356,4.587462696150998,15.358418604447758,8.569147620313544,1.5077790031677925,1.009940934119272,4,13,5,4.401022722809515,71.38801600595161,3,6,3,Technology,100
24,12,4.237549598602384,3.186589183236237,8.31632217086087,15.093381951748091,2.1296259795038717,1.767902598413587,6,24,3,2.684909244444097,87.22938056693852,1,6,3,Finance,99.99464825777827
32,16,3.9809377284236347,2.90245559656189,8.29463636199931,8.731249402709286,1.870916092668087,1.3760903940752283,5,28,4,4.506822937526162,48.63108298741413,1,5,0,Operations,100
30,19,8.118801739995488,3.033702524752264,13.853599763724981,12.122934598961828,1.350367676534148,1.2181663125828674,5,41,4,3.413594024574332,67.69737191310229,6,7,3,Technology,99.91910403640259
35,17,3.935860861929618,2.573712114756484,4.882010943993312,9.677468992424432,1.3174901542535418,1.0916146968086466,4,57,4,4.485861565272438,31.570659406891412,7,6,2,Marketing,100
40,18,6.1319117966036965,2.9256051485138452,11.377365812984959,6.026900087223493,1.179456444426078,0.7121425404511527,4,24,4,3.1919298972858323,63.86630782435403,5,6,3,Marketing,91.4033128147751
35,13,7.350716473699452,2.6841441552717584,11.277315360163236,8.271456876524166,1.5230190129263073,1.1016373925134868,4,71,4,3.604519198665697,86.7839588043169,3,8,4,Finance,100
40,17,6.625988310051369,2.9974667109392454,15.223137762123534,10.683518237825586,1.6219304391256217,1.4468011484968832,5,34,3,3.3144442877458657,50.95511656535694,5,4,3,Marketing,100
34,17,6.298957025939777,3.215468520946757,12.24467997321492,9.563465006699174,1.5531296341521073,1.3558687766801314,4,43,4,2.984343592970963,54.63091791839107,5,7,5,Operations,100
22,13,4.390754802935769,3.1672297162682628,11.23317409182636,13.450445526291137,1.8591765141694039,1.8560958321750798,6,30,4,2.803711236225468,48.75034526739001,6,7,5,Finance,99.9480737362937
34,12,8.499052270099122,4.28462813846709,12.610090566531344,9.241114483409257,1.5123436701674975,1.3051878621895368,4,54,3,4.617150810012379,62.68247265400927,1,4,5,Technology,100
37,16,3.4386291439244556,2.4205166521684265,6.984960680171326,8.811898507065862,1.7329523033197656,1.2934979287638386,4,21,3,2.5956908865067088,75.49923701988531,3,8,4,Operations,88.55218610326766
39,14,6.607033106466978,2.981472985495769,12.84283083767037,9.556310311970401,1.5377314787368876,0.9624756159961806,5,22,3,4.292609288712996,53.73975697353927,3,8,0,Marketing,100
24,19,6.008602966113781,2.8220239185771367,11.187144940256214,9.932825030182038,1.2868496316065388,1.2802028802131922,5,16,5,2.9116668858514725,79.26683143673256,2,6,5,Sales,89.34057951309347
34,18,3.4223540159920143,2.3165446251503776,6.33925581391269,5.680556822647136,0.9844962293744676,0.7132984009846032,1,43,3,3.0847577705676406,48.95406371024353,6,5,0,Sales,97.34997238186722
37,17,4.913618172239212,1.810236048053812,8.509735650051537,7.7217887275101695,1.3067528954720957,0.9858393041962323,4,29,4,3.708678014665959,70.98837724733897,3,8,2,Technology,91.16308384728055
26,16,2.7569280770937863,1.3978130992977702,3.7646012738944576,15.545198314233124,2.0883630458555125,1.28148467449035,7,76,3,2.898988311705468,58.262468546516885,2,7,4,Operations,100
37,19,8.365842665974931,4.1771571903594085,19.827669946823136,9.369740651901136,1.96555917606181,1.520602578019969,5,28,4,3.4254781691628065,63.998506291704594,2,5,2,Finance,99.58397849196517
31,18,6.570219743999051,4.781258699269483,12.542618462585233,6.905627944114496,1.4266099552834117,1.3188397008031412,4,21,4,3.0926925731883386,77.79580209058437,1,3,1,Marketing,94.25323117302659
46,17,6.732613425690674,2.758046013700494,8.668000299183326,11.018976177997969,1.8097157327596,1.554684019726288,5,22,3,2.684513748716013,36.273873151599744,2,3,4,Sales,91.66718615870577
30,17,5.253809042749789,2.360313802504345,9.10361048026756,7.4930287895648595,1.237043904483012,1.0766594297655154,3,22,3,3.889877950128081,46.2392835077684,5,9,5,Marketing,100
46,18,5.2686045569156175,3.4044060285011164,11.138302534354622,5.918866965653677,1.096736530328281,0.7120276156873022,3,22,2,3.411288496745267,58.14584819717131,3,7,1,Marketing,96.56476098124867
34,17,7.903239232211476,3.286221687215993,11.604989008346006,13.415092824330019,2.3370976502602145,2.021588363230029,6,37,5,2.7906057807586118,37.99655614422404,2,7,3,HR,100
22,17,2.950540527234883,1.9817206951589066,6.891357361309248,11.389941114098113,1.9836445917875118,1.680649842002648,6,37,3,2.79138153493686,62.16075879076621,6,4,3,Operations,100
39,15,5.027991696495034,2.3062722741884496,6.707599168125541,10.85195624176217,1.6578419577452992,1.7349079288284892,5,9,3,3.9117643061845047,81.22156364542634,2,6,4,HR,93.09551781510459
30,15,7.373127770259463,3.70829941618792,10.582419755796616,7.841377792576687,1.133155988734518,0.8695923242384817,3,24,5,3.29485128264731,51.4792934200286,7,5,2,Marketing,99.9255862797062
42,18,8.177567131163666,3.7051374182821304,9.898031619805963,11.903088609561093,1.8538140930337634,1.8671571124485686,6,85,4,3.4205548007140325,55.00192555666601,7,6,3,Sales,99.98294200568095
55,16,3.912126655356656,2.702583149329771,6.518895506646639,8.086289917691376,0.9812661246773722,0.9222757436218885,4,18,4,3.5894747805289864,53.60103753990872,4,7,3,Technology,82.6592359052572
47,15,4.957775584160467,2.4114444492899727,5.496836215483835,8.812527113622584,1.494736732440944,1.3554841875535437,6,17,5,4.411595749405134,37.655032093304506,4,9,4,Finance,100
39,13,4.095515058361703,1.5091229199166345,4.508756315906159,6.183953549436901,1.1744251305546882,0.9299794921730857,3,37,4,4.120529445026095,66.79071369585562,3,7,4,Marketing,99.98018605839867
28,17,4.492980732261858,2.0830489920638136,8.548528913776726,10.764969150768662,1.2462002698500152,1.3874591315693725,4,43,3,3.7129449332738953,51.07891507775353,2,9,0,Technology,99.80014544202123
38,18,4.027978047352358,1.7081717403285026,8.543050981537187,11.152138947081475,1.9034298847820712,1.389893387369616,5,28,4,2.898468657541592,49.31170199938377,4,3,0,Operations,85.07690320401274
24,16,4.329530058535071,2.0158291334636194,6.149232759964367,14.287619495812477,2.1423652313047823,1.593874910657823,7,23,4,3.4973617050062624,47.73452530723107,1,4,2,Operations,99.95279778066315
35,20,7.465805062269771,2.6876369304496666,10.660049796986481,6.9170203787047555,1.020345765393938,1.001970960746374,3,56,5,3.4944148078384574,91.18556866277557,5,9,1,Sales,99.95035557700876
22,16,5.2069281897665265,1.9957530982895846,8.165323269743173,9.741164473967853,1.762371876042146,1.236574037651419,6,36,3,4.286873819897095,71.89082158864328,4,4,0,Sales,99.96333717849322
47,17,3.4679753721937536,2.399662542329492,6.643896732199617,6.939202893893099,1.4078850708411799,1.0969732919023858,4,34,3,3.7088952810688056,54.09245172801556,1,7,2,Technology,100
35,20,6.271897129804327,2.663155187852943,9.471572351778276,7.839197197766122,1.3458058104583865,1.0276654235711273,5,54,4,3.194058391742375,92.11874180376222,2,10,5,Marketing,99.91461899405064
43,15,4.449259855274954,1.5073180666385098,7.8252579869127095,6.946883726003356,1.4288681182879461,0.9445689653513177,4,18,4,2.8128408774393403,73.17287514014667,2,6,1,Sales,95.6229405854105
33,18,4.849356294707463,2.603585377361997,8.661323838804263,8.882892097234105,1.2787618830135365,0.9247728671056316,4,74,4,4.316067091033177,72.15714268622091,4,6,3,Operations,99.80468417524538
38,17,6.981186393392054,3.278052277331397,11.047609171413548,13.42217541854875,2.027480724044379,1.5718682853633426,6,54,4,3.103411040482567,53.8250769570303,4,6,2,Finance,99.7948221937183
35,17,5.904219470403439,4.495255284856554,13.931570037682073,7.7866094942217705,1.3835538838751509,1.1127039195542212,5,28,4,3.083122319131378,26.149813375168467,4,7,0,Operations,100
31,15,7.4490007375014855,3.670440851545668,12.903809312171157,9.81622919162241,1.2564987706428214,1.2084752134980867,4,36,5,3.591327527476582,53.97401588328415,4,6,3,Marketing,100
31,18,5.048686214199218,2.810501673520755,7.20439607432537,11.421256969272234,1.7386516808202277,1.6227933872150777,6,33,4,2.5946363600396203,45.24054536071673,1,7,0,HR,89.79162715009572
44,14,20.452071327857993,9.802765494458747,37.5,9.668454072969816,1.4776673412611658,1.4169418290572833,5,39,4,2.815826167246521,82.20464411679988,4,8,2,Finance,99.97109123610893
45,16,3.6505800498761722,1.5421927787505743,5.1093079879088465,10.160996022051362,2.0619676538614296,1.5566091235516104,6,55,5,4.091533499982688,67.18750223085404,4,7,3,Operations,99.9247000784173
22,20,5.640920077725726,4.104312090767919,11.267613668710242,15.542283280162938,2.0395808621979294,1.863725857907234,6,53,4,3.597408784946161,65.06964001613773,2,2,3,Operations,99.94002206541187
34,13,3.31634748647284,1.6086221295736276,7.878067546872239,8.635836046023204,1.6295046941558673,1.3461899498354126,5,13,5,3.601163553737565,57.27049504617578,2,5,3,Marketing,83.84652498563158
42,16,3.79639388960778,2.41307947677965,8.655229001530229,6.564911577632978,1.2376872916189803,1.0820487981199052,3,30,3,2.9129361059256698,56.57766755221711,2,6,1,Operations,95.38526909732683
27,19,2.1352260675973316,1.0945338849794182,2.719202378238522,10.807576352909015,1.9815693869814046,1.59194638662274,6,29,5,3.5941234807291016,50.41803011620008,5,9,5,Marketing,100
31,20,5.634616897648812,3.0981649082973624,6.586718703389245,8.334558586242292,1.556823864138798,1.2719119794172014,4,24,3,4.102735671512425,83.792972947454615,5,3,4,Technology,91.82336550096251
36,14,5.586247265298225,2.410526216326825,9.520403050063942,8.573880314107749,1.4061645414580708,1.048231163980882,4,35,5,2.802136636904338,62.02357901729119,3,5,2,Marketing,96.18868642334698
42,15,7.5205867220336495,2.704882237213665,13.932163314447665,13.442582510260356,2.2532573333051156,1.5995267961122088,7,24,4,4.679778660098758,25.85262120858335,4,6,0,Sales,99.76895718933615
40,16,5.341478245567698,3.907721974819998,11.782966946497488,13.13542886046574,2.0134251258191855,1.5563123489662436,7,31,2,3.0068382588114773,54.905889922347534,1,8,3,Operations,82.07745632298837
39,15,11.025344018308433,5.585174015056051,20.531391616624283,9.736200274744665,1.3626587100825516,1.349965429932672,5,35,3,4.000537193285569,30.494752174874865,1,7,3,Operations,99.96698460585232
41,18,6.497367587921883,2.8010205381942743,9.262996529021322,13.76414796068438,2.17544713055551,2.127731393865035,5,21,4,2.1259732517350574,51.07248850558812,3,3,2,Marketing,85.44812273845315
33,17,4.4118399062600835,1.8885189390069823,4.914731641615029,8.299699970506847,1.3384002085843627,1.240218646756854,4,48,3,3.4862521748704394,72.49637540859291,4,4,5,Finance,98.1551331752863
30,19,6.703082186487182,3.107581898868911,10.62674908953972,7.356531024841497,1.168839722187214,1.0640176637568886,3,41,2,4.59841075813357,57.795825491298984,5,8,5,Technology,95.48931708606032
41,15,3.5930318060304978,1.8016124908834183,4.519615507600973,9.57282418021549,1.4259640536972986,1.3281719969510264,5,31,4,4.435204910611473,45.429797831205015,5,5,2,Sales,89.71329410451551
46,14,7.08706590545304,4.700566217734598,10.150694786038091,7.359469632823646,0.9653555541312926,0.8613576871263522,4,38,5,3.4750031590119677,42.2940706146109,1,5,4,HR,99.9575058675857
26,15,5.337716914808175,3.0230415973464857,10.20482457803192,8.027973058132188,1.061295512649785,0.9114377561742023,3,37,3,3.688180950217154,50.50911263190864,4,6,1,Marketing,99.80294301880228
25,16,9.067539249299264,4.459779197675968,17.996926339634406,9.465027428838491,1.2329050702817155,0.977253151052675,4,39,4,3.9229039921563453,73.41579510580901,2,5,5,Sales,99.97619617774512
26,17,3.7574134283255014,2.2969420218326086,6.367740098383452,8.33259638359156,1.1652466752861237,1.0039794052676072,5,16,1,3.582674412170815,95.4313569929697,7,6,3,Technology,85.469911239429
39,15,2.2743915783872755,1.1215840741873282,3.8647659161538095,5.6812730292685565,1.0592765206579247,0.8114715647364729,3,32,4,4.580844063735562,71.80726085078824,5,7,4,Operations,100
43,13,3.992523127061269,2.275309562010094,7.637258903624034,10.975538397031015,1.7727972344106786,1.5329707923453102,5,30,3,4.101734664920367,76.0107718507521,5,4,1,Technology,100
31,20,6.942361010964991,3.322002751966224,13.23423089887761,11.978392357006983,1.6727732980047871,1.557526175927099,6,21,4,3.9202764977462032,77.8294214598495,1,5,0,HR,95.20138543400172
45,18,4.463559880048703,2.190762035366261,6.332324406129589,5.092659900201185,0.9207413488343333,0.6559825841185996,3,30,2,4.090203941620654,59.40722247684714,2,7,0,Technology,91.19622046860444
23,15,3.362944979853234,2.1060196889626694,5.083490186797622,14.71538882387283,2.390029053420444,2.1636439750731147,6,63,3,3.197090844158876,57.33461365368159,1,7,0,Technology,99.94272123149221
38,19,9.050850693165593,3.85438562117497,13.904339819368927,10.779333486745255,1.7260334055794737,1.355052756076588,5,29,3,3.7225639753568345,54.15129633848897,6,6,0,Technology,99.93566094025192
45,14,7.673648537906389,3.823103719087571,9.353531038928807,9.485209771677088,1.8353464159759707,1.079928256137779,4,19,3,2.7058363218440338,42.91465894432032,4,4,2,Technology,100
32,15,4.183683309949533,2.822156773108406,7.744383016541504,7.944679645024063,1.4076013577148159,1.1848909282306275,4,47,4,3.8046449086609653,55.24699599448194,2,4,3,Technology,100
36,18,8.944983331081351,6.413568550851725,20.41034856955252,10.408330209969751,1.569957387329775,1.0635716813315452,5,31,3,2.597477438969172,41.53247654870155,2,8,4,Finance,100
47,15,4.47486104353861,1.8939708609702448,6.046783792309979,14.104369670817144,1.9955337250563665,1.784793904078802,6,17,4,4.67758659777933,50.12533214737981,3,5,4,Marketing,99.96215739481082
26,14,10.16470858196885,4.83653260017037,13.815195674252335,10.834392750494214,1.733708118680709,1.4687786479712772,5,29,4,2.2922395313950354,71.57828500078016,2,7,3,Sales,99.96489896363491
29,16,3.9807016787491136,1.9743836043553902,7.947965795098424,13.148278437869417,1.7386950068466047,1.4645033233893243,5,18,3,3.592260217099875,42.018483974552325,4,6,1,Operations,97.32747445658542
29,18,19.206278541515392,8.099754498817466,33.10275043393483,10.926684009652266,2.229097914405905,1.6576945952319622,6,30,3,3.122455214292668,45.479991603033994,3,8,5,Finance,99.5985843469218
34,16,5.263697909717169,2.3738888088773322,13.3367416889317,10.937966704094597,1.3689679698615072,1.2129942850125484,5,30,5,2.5880665776437684,65.91748353692198,2,5,4,Sales,100
38,16,10.00168519360348,4.185579668276612,14.046612474525013,10.424171631247214,1.9075851540833337,1.842225117338107,5,79,3,3.898267584062919,43.748577366167055,5,8,2,Sales,99.93336593467136
42,16,7.926254140515588,3.661534713711491,12.466317647975714,8.189740908055287,1.2004687144990287,1.0551221604797174,4,23,4,1.9903864181569275,66.46039189761973,8,6,4,Technology,94.71815711924712
45,17,7.122051323962686,3.7893545076365225,15.169292726153364,10.970066280228231,1.7520240783090262,1.4794727810295267,6,29,4,3.917386906907012,49.96645563391316,4,7,0,Marketing,99.9532061594953
48,16,7.598185809626492,4.5987279375298735,14.506143691217025,6.913042602686009,1.511039975478411,0.9578780209726901,4,46,3,3.920771489638866,59.05069553442264,6,6,2,Finance,100
40,20,3.3300270551146367,2.1883590821460492,7.117850877975253,5.017971376398184,0.9079231416932625,0.667881894807593,2,11,2,3.8977411049568067,64.06931463792517,3,3,2,Finance,83.88927202603618
35,13,4.372312741654954,2.0954541415750327,5.8790032935656384,12.507901058921526,2.1919001321434424,1.8536223714290418,7,34,4,3.7705763314377103,47.170231420230174,5,5,3,Operations,100
27,14,7.776335381054223,3.9060584103859526,11.730807116091068,12.965180210266922,2.0248730413080795,1.6508768868938524,7,21,4,4.089052739824461,59.60597216684902,7,7,3,Operations,88.62359618980547
45,15,3.3288814761304906,1.918576852594924,5.617607444306551,8.668884574726123,1.394446562904078,1.234293786588136,5,22,4,2.5086996820504277,43.83419756600654,3,5,2,Operations,89.47166113288755
30,14,3.693996746491802,2.113074670635856,11.103103552983654,4.985754968574028,1.0471365914049786,0.6620249052267179,2,48,4,3.3996272681266686,82.99500458942396,4,7,5,HR,99.89562280541469
31,14,8.714322873347811,4.9837870921965655,18.09365852491352,7.2714299846268196,1.109897652238306,0.880546175759144,4,40,5,1.8800234219378327,61.59353062200516,3,10,4,Technology,99.987666579996
43,14,3.7992043800098405,2.831786723919486,9.584752506232764,11.382090988862243,1.9494622824033798,1.7278060039227734,6,41,4,3.123839667615653,76.62338357813206,3,4,4,Sales,100
49,12,6.044557559977722,2.503486285240255,14.306518373840117,21.612748343563066,3.0472260327002787,2.6023336081439714,9,61,4,2.187132687279975,31.33509928007908,3,7,2,Finance,100
28,17,3.586755711529758,1.8897531928584246,6.431963733034348,6.920680811890593,0.923481816442782,0.9380784609340463,3,18,2,5,66.64893655515135,3,5,1,Sales,74.71156913591516
32,18,5.1015865835512315,2.616731000583314,12.106749714945932,7.880408266207904,1.387695730110595,0.9793503393133182,4,17,4,2.726030117963471,75.9305403184886,2,6,5,HR,86.8407079643472
31,17,3.2157115795871647,1.9841141132593414,5.06131167076501,10.870793575522127,1.8916770671091614,1.6723119921200815,5,31,4,2.790992622550095,53.33708451141998,3,4,3,HR,94.50911015727884
40,17,4.816924880035997,2.7322867333314074,9.152432627933372,13.13903194393019,1.7947029510049526,1.9681294079014389,7,37,3,3.6913011385439307,71.052914023432,4,8,4,Sales,98.59635825353564
52,13,8.076895174989476,3.888180355638231,20.66118083936774,10.86893978545878,1.6884458811454675,1.7166967076925321,5,25,4,3.9194170552779384,60.118890489791426,3,6,2,Finance,86.10296746514324
49,16,6.161413450679723,3.4019501451673158,8.318311497597433,6.590861672635311,1.1366111928175593,0.8140358211451951,4,39,3,2.1912309864685873,54.259889305071276,1,7,0,Operations,94.10030641535376
41,15,9.345844895663669,4.919123769508144,15.861372975660203,8.681300067914872,1.3870750210099285,1.2492143268435196,4,35,4,4.209137887600303,63.39588693269015,3,7,1,HR,99.93403827132362
39,20,3.9332663354686215,1.599659227259235,5.075516494492535,5.929597077301219,1.1851775003025937,0.8022990544431792,3,41,4,3.5271743952367047,61.281218640381645,2,7,3,Operations,99.98424553178208
45,18,5.288137971214746,3.2911160195962594,11.278791766838651,6.097623127684316,0.7987173877587088,0.7127445376941892,2,18,4,3.2957854264509883,55.85889882307105,2,4,1,Technology,73.60890319498627
36,13,1.936305788174902,1.434055716948148,3.537131328562426,9.118192605902994,1.3286833470664048,1.3087026030458224,5,12,4,3.315641203171082,83.01780071797259,5,5,3,HR,80.48988088843036
22,17,5.185036917053525,2.118160171656819,9.709746244353234,18.34678438608953,2.9757986958747704,2.1172587016835926,7,23,3,3.8187506992946285,53.80859408503485,7,5,1,Finance,97.43855815584742
44,16,10.346362625421921,4.986436827910896,15.029431579525449,10.068162030608278,1.4543626010857438,1.0493555947879984,4,30,5,4.686355779505006,61.672114890982535,2,3,5,Operations,99.93628442391109
50,15,5.277156139392247,2.488211876026807,10.469014449635011,9.980217549332842,1.5515715074093905,1.1791341950186345,4,19,3,3.291137728997906,42.039102204402816,1,6,2,Operations,94.61488795379961
38,16,10.194244063413642,4.501673614301689,23.33948431885443,11.599164163407606,1.9401204087297719,1.403222979757578,7,33,3,3.3888727117496447,62.92115874085829,1,6,0,Technology,99.84510938314997
22,17,6.2115396367011995,2.3023209595097014,10.758526865741407,15.272778677899916,2.303914207707293,2.152424700936987,7,16,4,3.388102610653932,41.09871989471326,4,4,3,Sales,95.7070035342997
26,16,5.838396173185892,3.0007471826232996,10.989244155782602,7.2373787649487085,1.4565759359026287,1.268395908608975,4,18,4,4.934183566171201,94.23951682325246,3,5,4,Technology,76.44888629177885
44,16,3.85685753336307,2.0188221615815274,7.665434254717279,9.788319523290433,1.5696110327922732,1.436450468150831,5,46,2,2.2791200830660396,61.43147406989203,2,7,3,Marketing,91.32099705148944
50,16,3.4747416799965953,2.1004988416966763,5.203217193701793,16.570303746530854,1.9298141716069415,2.1614802610480477,6,21,5,3.304474557308793,75.23265650972223,1,9,2,Technology,94.26993169017929
34,12,6.6022407951560655,3.3583185963427753,14.058635895631374,14.522904183546535,2.2668768213704427,1.6989286420538985,7,45,5,2.490357309072562,76.1749695152737,5,6,3,Marketing,90.42928572673979
22,15,5.196864301267584,2.81092016584075,10.734288070833456,5.454681326844655,0.805342901843069,0.6812032285384358,3,20,3,3.58130687012313,52.811336776716814,3,6,0,Marketing,88.69341248009884
35,14,5.816410508034056,2.6040228016269498,9.65249151816945,5.178156614351994,0.8562732209471531,0.7481487208285995,2,22,2,3.997913206046945,41.846171514863926,7,8,4,Marketing,84.46393356043302
36,16,5.1249768365488295,2.8123803226889392,11.462423160478865,10.482757954461334,1.6591975582180571,1.2852164604229508,6,22,4,3.801646379303399,64.89143369612911,7,5,1,Technology,100
32,16,3.238529371847152,1.3856925722430853,5.570375110542098,7.352336350828756,1.3704868916891308,0.9171580226179691,4,12,5,2.8219930627841383,44.47747560764017,3,2,4,Sales,76.53198841308858
22,16,3.8644051596232485,2.215008780498409,6.885552295029767,14.899394765107164,2.2333739575525327,2.439149383105584,7,39,4,3.4277820768484872,61.12705813349331,1,8,5,Finance,99.95093919039485
54,16,8.226227393388115,3.577537060497293,12.302204036701664,15.647772532343039,2.942863745794682,2.174908658190242,7,33,3,3.806286557984976,58.238899132287855,4,5,2,Finance,99.5611187075646
43,16,5.071570249288335,2.5863291317833492,8.770844908362653,12.200521554916017,1.4671896019063015,1.7142856471273555,6,22,4,1.9856759546417913,57.104810849566945,3,6,0,Sales,90.02717711065074
32,15,2.9494164338364497,1.4834275365118565,4.274795129783779,10.671059273649954,1.5368002181887408,1.3018160946635646,4,17,3,2.411989560397247,70.04247793431557,3,5,1,Technology,87.94588475891297
50,19,4.412920873458196,2.71602989441099,8.681279017916564,13.932824013063303,1.60857600868047,1.7190576153144697,7,22,2,3.812389069152842,74.56108980724731,8,6,2,Sales,88.21780369610916
37,20,5.803849731636496,2.5797954723355727,10.748886430754336,11.453641240893393,1.6020054162177533,1.535558579418489,5,10,3,4.1962790143981135,52.47528850684669,6,6,5,HR,89.11491301229978
44,19,7.570599416869194,2.337594634569989,7.570599416869194,9.275144293083219,1.6986537500914534,1.2785458060666879,5,52,3,3.6890239748985216,46.694109435022916,3,6,4,Sales,99.91616069943083
44,18,3.489300247351954,2.285528497301242,5.87118768227842,8.164453132735852,1.3469912799623927,0.9467773201142496,4,62,4,3.229420937928773,52.82224637714487,3,7,5,Operations,99.9794457343843
40,20,4.179633744627632,2.3008751905809577,6.143654876820978,6.819051778706668,1.004406462758154,0.7234291341171363,3,7,3,4.384002118899254,46.88793508222673,1,5,4,Operations,83.02197576694759
29,17,8.945274777096222,5.276115286321895,17.336346548644478,19.129679114752182,3.2339321156699294,2.42894643478571,8,82,3,4.040353824041303,59.8713042169103,3,10,3,Sales,100
27,16,10.800786300282589,6.593970825929375,27.31631970028865,9.918888060181935,1.7064141028180466,1.3815838043129016,5,39,2,3.788689786956949,64.41269640499685,4,8,3,Technology,100
33,17,7.252076653059896,4.366937425607297,12.968597045162882,11.307783323619283,1.8033462499464161,1.2273242762990018,5,49,3,4.893855129408689,74.17137479848653,9,8,5,Technology,99.76658589416053
22,20,5.29153779625133,2.6221639060752673,8.910328832522088,15.150260057848447,2.685312486666397,2.4756873096047896,8,14,3,4.111293081241107,72.9253333535158,1,3,1,Technology,94.48863388064426
40,18,8.117500166674754,3.9966146939082585,10.749916058857162,6.436142818750019,0.9232859950121476,1.0938261869313641,4,39,4,3.273878457315022,51.577669147990036,2,9,5,Operations,100
50,18,2.7973237998350493,2.3334617548071614,5.618289782899978,16.509208601507638,2.4826964654336363,2.3392956711507025,8,22,4,4.231554954297005,60.69390834666403,5,8,0,Operations,99.93125433866838
29,17,5.653175015374858,2.1519270253693885,5.809304374637961,12.37493120022775,1.7253074783275835,1.3791881626772429,5,27,4,2.903844836543065,63.57166254290152,5,2,0,Finance,99.87147003645642
39,17,3.956960259149107,2.4029603120748377,9.95659015679377,8.728217947077734,1.5090318047461775,1.1371459824569035,5,73,3,4.5062884445144995,38.82377888430681,1,6,1,Operations,99.94506758912284
42,17,4.266277002209496,2.6169293842496812,9.898354957859826,8.55345082560454,1.2937501288908217,0.919412947459162,4,30,3,3.2985976018179546,37.08318832509223,4,6,2,Sales,100
30,15,5.003007457326785,2.908893388129459,7.6841321408680665,10.422881549694694,1.420805735374723,1.3222551395784645,5,18,3,3.9963031960699174,52.44441282270547,7,8,1,Operations,100
28,14,5.034881180463093,2.494115090669292,7.113597000086698,16.671097891438357,2.955427887631651,2.381956687437598,7,43,2,3.596385398118516,80.06268229311357,3,6,0,Finance,99.80854305166687
40,13,4.405738361535064,2.4865567473672767,6.08237348784549,8.838166268515685,1.5872000833155695,1.1762089952075503,4,48,3,4.328608896890261,56.92399501845262,3,5,2,Marketing,99.97138668965596
35,14,6.984998799940009,3.67949974529946,9.55453071151098,9.418371765769916,1.2765003112806548,1.312954910360471,5,32,3,2.6870394281319596,47.50440440092841,3,6,2,Technology,96.37660349144099
33,14,6.424460462751589,3.814124171575828,9.703859314041845,9.42556190180455,1.437700385586982,1.0358068265330378,5,93,1,3.7032008028245955,47.137839111154534,7,7,3,Operations,99.90011922240618
29,14,5.552024897683161,2.901719659819357,11.394079309041249,16.174942399022907,2.4556853171077306,1.931169463882966,6,30,3,4.815048521388939,75.19490446979322,3,1,3,Marketing,97.06932929653108
32,15,7.069506601373207,2.5848020607521502,9.798806220022676,8.818697687333259,1.235241329220862,0.8815042784353547,4,11,3,3.2784352164670754,72.12618127557097,3,6,0,Operations,86.40850306343731
45,16,5.088721952704308,3.1122766137557183,12.951340058223874,13.930013299291277,2.5162146044145755,2.129612284970076,7,23,5,3.8241620392272933,20.10834293316981,5,5,4,Finance,100
34,14,4.457648413389547,2.624817348063725,6.247526223353157,13.410298441440403,2.1201266423502214,1.4725534571568921,6,16,3,4.4040420147748875,59.27582071886334,7,6,4,Finance,84.48907576489908
42,16,8.78832467642836,5.020626715361653,11.464956840592494,11.722245597455048,1.7974160007459739,1.519007051603752,6,21,2,4.009602082750889,64.83564569646859,5,7,1,Operations,76.40913406592985
28,12,3.926790618511809,1.9089003443249615,5.832642674993055,6.077841306729067,0.9931514774019796,0.775095415064002,3,36,3,3.4934442109237556,29.39027468764049,6,6,0,Sales,100
42,20,5.128630809822489,1.8897905159979407,8.26129493649609,9.708582024244663,1.4969349934201537,0.9349700606086193,4,10,4,4.11339185888629,40.283751523236994,4,8,3,Marketing,99.93040680016381
41,15,3.0452484833484204,2.4106123347226247,5.787730887487182,9.332422182365216,1.7900765368088674,1.3973211872935267,5,100,4,3.9931180006460605,87.68457939610022,5,9,3,Operations,100
41,17,4.327875822948587,1.608277711298652,6.779395548911469,8.842369981142944,1.47196624766184,1.1268629020684358,3,18,3,2.9868369351568633,68.78936255482759,3,7,3,Operations,94.52052996332984
26,16,4.172099229132431,2.1960644177325226,7.794053305245291,13.326248142525841,2.196847073658743,2.2842387485838596,7,23,2,4.286368243878143,58.11472623297663,2,4,5,Operations,83.16970405749699
27,16,6.209282943269623,3.6208525385349346,13.577834431431697,7.403461899224568,1.2305712993680598,0.9607700796797098,4,23,2,4.482143151979117,54.4095661818012,3,2,0,HR,88.15819631777251
33,15,6.290805462780571,2.701101188159993,11.720000899706562,8.74362822390027,1.4519533824937523,1.2439294435779507,5,50,5,4.190604654494214,71.34989789583999,4,6,4,Operations,99.95940414130354
29,18,4.787563825872692,2.236821127122234,5.97504183584771,10.426520750846178,1.1810505622375091,1.1999943333025909,5,49,3,4.389806676492416,72.20060126902808,3,9,1,Operations,100
46,16,5.96775244935906,2.903415390862922,10.853719196981102,8.485921810061516,1.5038432569725824,0.9812110569424592,4,12,3,5,68.15871536354919,5,6,3,Marketing,80.83832741356889
34,16,11.44626953881279,4.664728303964406,15.778701204513798,13.400995675150556,1.8330542211592442,1.7664455510639783,6,61,3,2.69774747134276,79.61905782457278,2,8,0,Sales,100
42,16,4.3887744967639435,2.2004889319138177,6.076796752299811,7.275467100194231,1.1350211679888744,0.8732381757558395,4,11,5,3.6832766951771156,58.54093481330389,3,6,5,Technology,98.67276411506613
34,15,8.48803696208208,4.3484927608903865,17.448382985654042,9.623282554368172,1.6727334496189918,1.6425820269195937,5,23,4,3.2905370691238995,44.455443160068185,5,7,4,Finance,97.38314954090737
42,13,4.672052162461613,3.3087230925938487,11.197697811536182,8.561133621148098,1.3041541554710374,1.0611484355068175,4,43,4,3.3098313322655426,85.16325903697478,6,7,3,HR,99.95823451600282
29,17,4.988473302898361,3.5962201869374333,13.270638812038374,6.214516293810606,1.1438614737131292,0.8026197750076247,3,29,4,2.7973288686091693,72.51628018658047,2,7,3,HR,87.6257355963134
37,14,5.719492232178815,3.113510604114937,12.101284512820792,8.999776902017146,1.3818803346244435,1.543422367392948,4,43,3,2.983404413507495,75.67844224328849,4,7,1,Technology,99.88974050369477
34,19,4.992723659037952,2.6932188744370893,11.149847157372953,7.205386195556954,1.1742112883828435,0.9712964745268432,3,55,3,3.2883925553353297,50.58287843574794,7,9,3,Operations,99.91469621984405
46,20,6.439124491369958,3.6264137532609837,16.586698476627404,17.207124474794405,2.3236924458363504,2.616453749367835,8,72,4,2.878869594212835,46.02339281100244,5,9,3,Finance,100
41,14,5.534994826130911,2.126255949311442,7.897236599365648,9.256172958991371,1.449293134589284,1.0738467816059643,3,20,3,4.1889255438728785,85.91283874171872,5,6,2,Technology,87.50305945411019
32,17,6.1102178046439946,2.7758053070091,6.125169456858922,8.486303339481776,1.3307834208587166,0.8652044420980688,5,23,3,4.116629874210356,49.13924034785833,3,4,4,Sales,95.6456649529664
49,17,3.497809042954176,2.0167735359643046,7.286986425670359,15.368105199574014,2.136960396598429,1.6425246001381875,6,60,4,3.48688620620891,52.57218923610382,3,5,3,Operations,100
23,18,7.53568029532857,2.881386918242723,7.831408865269361,11.410753383036303,1.6241395424044995,1.3051277854385002,6,46,2,4.072568324755196,64.87245866978851,6,9,5,Sales,99.88532439697589
42,20,7.18888743323608,3.8699659413459404,18.428860845013048,7.622441404039983,1.024207130861743,0.8313124678179008,3,32,5,3.3047225266567803,49.02825662569802,7,9,2,Technology,99.93741231177356
37,17,4.385957026518056,2.388050862037616,9.691988889699452,8.981837891801447,1.170671204219959,1.2442913890218512,5,36,3,4.986618134396255,76.8967667725882,7,8,2,HR,100
40,17,7.678722932915372,3.103387153080859,13.361296830135378,12.959659230685762,1.559079957041884,1.5287231111386734,5,64,3,3.913642313845383,72.3388894659489,6,8,4,Operations,99.74689236179768
33,20,4.558761196808514,2.713455058806571,7.358273416834751,8.736847552562567,1.4082801184996399,0.9803999439136392,5,53,4,3.103236597171499,57.91561869058931,9,8,1,Marketing,99.89495970097913
28,16,3.8346856239386513,1.488895464096419,4.065210150115931,8.731913111701786,1.7471502211478571,1.0492894268266775,5,26,4,3.9886521226619536,64.01266597621243,5,8,0,HR,91.0070354023509
29,17,8.525035753850922,5.976984052750358,15.972104237701094,12.068767599971023,2.0420524191662657,1.3704399555819486,6,42,3,3.8343217112437356,76.526622931062,3,6,4,Technology,99.98504297362784
52,17,8.10658546616309,2.6761152181175984,11.859019455083102,12.724146106365188,1.8739600079975363,1.6268712908222327,6,14,3,4.1926350064130995,65.23803482430682,2,4,4,Sales,99.17287329085873
40,18,4.147456280046402,2.5424861109944032,7.87543863227743,8.678742105671216,1.21099816141747,0.8143067096283486,3,31,3,2.895005567225273,39.92010342138764,1,4,0,Finance,99.80851328875832
48,14,2.6514901808581346,1.4143757005400304,4.894301467165563,6.574816382434353,1.1813230494871159,0.8406929125662151,4,27,5,2.7035160320157523,54.561549899929574,3,7,2,Operations,99.83163300983085
37,16,6.104819969848051,3.0994067044134574,9.14640055079181,11.953651182802151,1.6224095605215587,1.3582912096794508,4,32,4,2.482102498304874,48.88398788843892,4,6,1,Technology,99.9398991345547
55,16,6.683070622051317,3.7528565253751784,9.85946895198168,5.815288864994546,1.0211080249132058,0.8706167389221802,3,19,4,2.375872828163696,60.69520137912202,1,8,2,Sales,94.50127876359554
42,18,3.8378946076555,3.186013378858604,9.42241176678405,10.65651527587119,1.655401806396251,1.3098195471314513,4,38,3,3.4881860742803643,64.954634604118,4,8,1,Finance,100
35,17,5.637629607760687,4.522666165628139,10.486977757056385,10.117286503966533,1.5871801252065236,1.4039228373773647,6,50,4,4.036955507128014,62.74177779489137,4,7,3,Technology,100
36,16,7.1879359205387665,3.779886479298345,13.787096698093103,11.0115721454224,1.34787554827764,1.127701759906611,5,38,4,4.171561204494676,100,6,5,4,Marketing,100
44,16,6.38098963644081,2.9213414139961036,12.952148081478029,11.80596875918829,1.379448050562594,1.099042295720219,5,34,3,4.498218896473471,60.0761506261215,4,7,3,HR,86.61405202327099
45,17,10.52209384895766,5.511078859337359,14.87693357398474,8.65383512797289,1.7079214391997195,1.2125338704916022,5,29,4,4.391011107457091,58.043800696280215,3,6,5,HR,100
34,17,7.454533513183661,3.4810322346391396,15.708854247158955,7.765396830315889,1.452315040556324,0.753690935821123,3,31,3,3.3915836679567297,48.16274972653468,3,5,4,Sales,90.92069612433615
32,14,8.187939088605429,3.3821666657535254,12.983731322830248,7.774187669966217,1.2604188066018085,1.1896792627888,6,33,4,2.29419100077284,49.97385011174136,4,5,5,Finance,90.52994541458266
49,14,7.619013869774545,3.8174463092463964,15.543131027456353,10.302242509583786,1.4919724199877613,1.072940094345599,4,16,3,4.298908405799637,60.354745065113804,4,7,5,HR,80.84513734437292
31,19,3.083712821744528,1.5154798100922031,7.226785125870181,6.633991409446137,1.464703689111374,1.1899116507473255,4,17,3,2.2678311020383988,35.69236930387118,4,2,5,Sales,83.8064160828309
29,13,2.5812074872810364,1.0211949520246557,3.358737945427205,13.084464849903652,1.8736210795703676,1.809024353969242,6,30,3,3.2030584561130135,48.37474266435241,3,6,2,Technology,89.16412651137294
38,17,7.532022798416774,3.4852836924515174,11.628592946277886,15.696195819511114,2.295206157970578,2.2637822871267996,6,21,3,1.3007881863971036,46.22242327933321,6,6,0,Sales,87.71650602833611
28,18,3.0830565678334767,1.3698261194907744,4.564424881139994,17.400766196147345,2.031347351810612,1.942414509980662,8,50,3,2.8005159196404548,42.94162203539755,4,8,1,Sales,99.80598439319083
29,13,5.9124341286007835,3.316635539834712,9.654591769682302,6.9932400365800245,1.1114825680355902,0.980785529839879,3,36,4,4.683956744781165,55.491972051353315,7,5,1,Operations,100
45,15,5.246145476675175,3.089451163129247,8.886396070156662,7.0520010850827015,1.1759543894504445,1.1224833136063104,4,25,3,4.079895484912594,59.58025451481902,6,6,0,Sales,84.41242054769396
50,16,11.155367458020823,4.022428123660289,15.157286207247878,6.245286256823055,0.8494615908164705,0.7327925417990114,3,16,2,3.7783511868056423,61.6954820803774,2,6,5,Marketing,99.79627491627612
27,16,6.582198336868146,4.18911947056224,11.022319423329884,10.927263451650852,1.609596588902719,1.4829214618973137,6,26,4,3.785516725014861,41.5776792215803,2,5,3,Sales,100
55,20,9.242370417720993,4.380596958509456,19.212827897519873,11.958105627192968,1.7647653495725617,1.22382191965614,4,46,3,3.509897582511145,80.58813769098268,5,9,5,Sales,99.77517155344471
44,16,4.699365681229382,3.286127601473845,14.83486334895663,10.11574997657469,1.6231540346971423,1.6001000385985082,5,32,4,4.2093355762542775,45.5152977908315,4,5,3,Finance,97.67265648806631
34,17,3.5306074313254925,1.733451273572374,5.795571427322157,8.079106945277687,1.4006050171575555,1.3501596454784863,5,33,3,4.612824221819073,35.25156073105184,3,6,3,Sales,97.4390923330019
38,19,7.1964770508696345,3.806545373810541,11.396187884761867,7.916027275216834,1.675904308955026,1.0704151569982965,5,65,4,2.976041950961893,67.55489063118834,0,6,3,Finance,100
27,19,6.47060694695141,2.572983858104206,12.700634643896233,10.33405772606497,1.4126074638018575,1.18742125511409,5,31,4,3.215912917317852,67.00775618531186,8,8,4,Technology,99.90933687233152
39,15,10.679258909531635,5.094031457620448,17.425108850896265,7.988111805975825,1.214693220198186,0.9342949811486284,3,17,4,2.596344363622891,73.31962708190126,2,6,2,Finance,95.21059943469116
28,17,4.933092853168632,2.4242832744753664,7.577464020847736,14.400631088266032,2.8927378505863475,2.484894089273243,7,37,4,3.4840049921576814,64.99450947063616,4,6,4,Finance,99.97495599615904
38,15,12.019658415475057,5.109151367341194,20.013839392667453,15.15471804595552,2.1707779819847577,2.5500801451354373,7,33,4,2.900753102945763,41.27001267303104,6,7,3,Technology,100
41,20,14.023338360749056,6.040768323561459,17.3496436669124,17.932854808729548,3.4507080174787323,3.179171309946636,8,38,4,4.19002971892651,53.6217098329647,6,7,5,Operations,99.81882703092069
44,12,16.097654353136768,5.089572708709944,17.753090443838516,12.435071600549438,2.275495479375392,1.79618654249816,6,21,3,3.5695324064400933,71.2975812045828,6,6,1,Technology,100
24,18,7.198766758697034,2.9042033207737945,7.925477331098331,8.504073240469035,1.3149832672225574,0.954022751511201,4,63,4,3.502996120304992,79.50395829212654,5,9,5,Technology,99.94031882457085
25,12,4.637492167499594,2.697332485882873,10.669945620905539,17.59957831520357,3.1567881054135105,3.020675939189401,7,19,4,3.5042491702334297,46.13140827335606,9,5,3,Technology,100
24,15,7.1358598441949965,2.8086483783340417,13.051303882901324,4.308683489076613,0.7771086617688165,0.5937203952423963,2,53,4,3.4691306550253285,60.92787347454387,4,9,0,Technology,99.96422648490542
33,19,4.900729964943712,2.558655691387574,8.74945790050161,10.026493889800353,1.5422865392242777,1.3412999134520014,5,24,3,3.3102496130435703,86.76441435216995,4,6,2,Sales,91.40139255638593
29,14,3.21068973229313,1.7211580676801639,6.573533038591298,9.123943961399158,1.5483491461320207,1.2124182041816178,5,15,3,3.980836927218243,48.889453467026236,2,6,3,HR,91.12485344620994
35,18,7.046659888514245,3.788556492758489,10.676107904352953,17.52392176320611,2.755975701732095,1.9703028372466365,8,26,4,2.801434531175829,62.189084132183254,4,5,3,Sales,93.22622847744472
29,17,4.747231743945131,2.3851383088158884,8.741860476028787,9.278206061859963,1.2870126177361085,0.9263127729438774,5,27,2,3.347219779597714,66.28295856575,9,6,2,Technology,91.96604099195581
43,18,7.043832216894904,4.621490989039468,16.148462141573518,19.496631610972912,2.4718901872675305,2.2942257841311506,7,31,3,3.501868933108257,80.8191575090638,4,7,3,Technology,99.90096059791097
44,18,5.54984713712456,1.902486918448936,7.406630658509491,12.30478429456146,1.7906660874627427,1.900075635232774,6,25,4,3.715198983665459,51.314763078579595,3,5,4,Finance,90.27088169895988
22,16,5.0332218021764605,2.0823948242431887,5.781408918062036,7.749224434412441,1.0955264777436102,1.2039584033652229,4,57,4,2.7258107503660804,65.34685104189897,9,7,0,Operations,100
23,18,4.327885767568399,2.286602140548506,9.156466666906281,12.723606207401108,2.2647541362273533,2.05633741390494,6,39,5,2.2116657156452324,63.892759911287875,1,7,5,Finance,92.47557165385085
42,13,8.194663841645417,5.158819837263672,11.566274154100899,15.551315402899693,2.0242733955670045,2.3173628557781027,5,21,3,3.9123535913361693,51.239684544796305,2,6,4,Technology,97.44868865023646
41,19,3.2339618124842633,1.587884835384694,4.586282780566815,13.889837559620938,1.9722307947081914,2.418824265251057,7,69,5,4.269998253361903,57.94124762657399,4,7,2,Marketing,99.76228646956633
39,17,12.724843700564904,5.590650650978811,21.942238359013196,12.6487521357983,1.8147617723579947,1.2962693837515835,6,40,4,3.697926247525454,72.4663041846251,2,9,2,Marketing,100
28,19,3.47610569572581,2.2951384035821594,5.802721760714311,5.5318626595724405,0.9534091985898356,0.6689937306584806,3,21,3,4.709360657738708,64.33790186066842,7,5,5,Technology,92.63268449535646
32,19,9.290326580263859,3.331024716423744,14.38651584597989,9.3462423510231,1.5151984783045849,1.2101113047685421,4,33,4,4.304110053417621,46.00409245080831,7,9,4,Marketing,99.94897494884671
39,16,7.209058670618186,3.499020793043752,14.6802319036111,10.525241821672008,1.8011278856449502,1.2991654044283343,6,32,5,3.532199977152637,62.821367776631575,1,7,2,Sales,87.286882262662
44,18,7.892542774204994,2.1804195713994106,7.892542774204994,8.754709729872948,1.4815799496742652,1.612461657582953,5,7,4,3.983033232858984,77.0271232979961,3,6,3,Sales,92.35524344845219
35,14,7.596726681969484,4.081502888960666,11.842597769541767,8.585089324894694,1.4687836585598941,1.1604071321875546,4,19,3,3.4991249729564236,64.93175492761705,8,7,4,HR,82.331693054223
34,16,4.172645570074913,3.4026138152604606,10.412966215091712,10.940862616167822,1.8906178640565479,1.5636987513761431,6,34,3,4.694937850275563,59.93280289850599,8,5,4,Operations,98.3193768231035
46,19,5.4768788421794055,3.6948731944182143,11.520090904547898,12.880085327845045,1.8696626461168475,1.8410740543802682,7,32,3,4.011487709811928,68.0702579166748,3,7,3,Technology,100
31,16,5.181577266135622,2.479953795190922,8.119499440420126,7.494917287151339,1.2464037225676543,0.9630341288861708,5,24,4,3.507007989845654,33.5986265785277,3,7,3,Sales,99.22470372949063
46,15,3.8698325425584637,1.8952171758076461,7.283993123161089,10.11918094483326,1.5708709815168116,1.545098242009639,5,19,5,2.2193614139236635,19.38734917676886,6,5,5,Marketing,96.91322277097821
40,15,5.617440429182969,3.1032771961046737,9.85770043242184,13.730591449027909,2.7884494978266816,2.3494023974000373,6,30,5,2.815364247931731,78.78436649985932,6,7,0,Finance,94.23882700785757
35,16,4.048670694879826,1.9077542023463971,5.122574844480869,12.019267154726666,2.02143198693209,1.7590099164396358,7,71,4,3.9171077430868397,44.80983081533822,7,8,5,Finance,100
31,19,8.265579687142182,3.8234279603239356,14.058167488998352,10.439726945860183,1.6040163777270555,1.5871660409192387,5,50,4,3.0042488484401026,80.57568144453894,5,6,0,Technology,99.98385892643367
49,18,1.7475236228799413,0.9089147673265044,2.3,10.71021047878774,1.5663024228025961,1.3400417050454259,4,27,2,4.508199285975131,71.90516924974787,4,5,5,Marketing,100
49,15,6.911804327995697,2.5015933096822454,9.709567158674949,10.433921627225088,1.9315989103520224,1.221323788742439,5,14,4,3.3808496584367633,62.44602591473586,6,6,4,Technology,86.17043156180844
35,14,4.789756322170872,2.455698580727792,8.168142490765858,10.324534169592066,1.0500999952366548,1.1100378668038973,4,44,3,3.250477210302235,88.80647811471236,5,7,1,Operations,97.8605821384888
45,18,2.9188944007625515,1.8177049921664934,7.33154466598682,10.687520579547764,2.2423581879044017,1.740741966477015,6,25,5,3.2176983525555887,39.089895017436454,4,5,3,Finance,85.11263851260033
37,17,7.9456176762612145,4.345056901318358,20.026393446910333,13.611478665930642,1.7960894441654862,1.641245299756487,7,49,4,3.4313229207415388,78.06150710134247,3,6,1,Sales,100
32,13,11.608247507518485,4.063011206134974,16.888481939364194,7.799709551651808,1.351247600615102,0.9902140430549136,3,16,4,3.5924018808258515,38.39032592666234,3,5,3,Marketing,95.25052211196538
40,12,8.704872787543517,3.814912535447968,9.507541952998023,7.049299092218527,1.58139298175685,1.0864298164103237,4,45,4,4.909529158585121,73.45777580807858,4,8,0,Marketing,99.82103338090887
44,16,8.545170720871276,5.373732116637881,15.288717051917198,9.579432638246741,1.3979510274434903,0.9164724459779727,5,25,3,4.293753169100593,56.601188050744256,6,5,4,Marketing,100
35,15,4.1743662822896646,3.227110512505638,13.671117258401733,8.57664728591608,1.589848739794151,1.1761435296798164,5,71,4,4.093436662085252,58.09853524980382,3,9,0,HR,99.89359374187492
38,17,5.595747163617481,2.4102390089380417,11.436812175686667,4.962069105123863,0.7350835983165249,0.6001001874628216,3,15,3,2.792123580698856,50.6288675687885,6,7,4,Operations,86.6500785826348
34,19,9.02273079101869,3.0753207933345643,15.73777862385763,8.314811777431869,1.4418746632053245,1.3812495409254868,6,45,4,4.616237280242624,40.710748214714485,3,8,1,Operations,99.9752210603612
35,16,4.918721259456655,2.981476511594469,7.84413712897482,9.461352538223155,1.4283634148889723,0.8173687047328427,4,26,4,3.4029878601408745,51.01080205743853,3,4,5,Marketing,100
35,12,3.613118817707744,1.9217363493620268,4.6556587810414936,8.747228216282725,1.3242684981380008,1.3164127602113473,5,47,4,2.7958942814063668,65.64174953388546,5,9,3,HR,100
53,17,4.596768089429931,2.297093564458688,8.758687123935943,8.985987130416822,1.5180354339479043,1.0674369465038769,3,28,2,3.4873688614485263,58.87568787786666,4,6,3,Technology,82.43775099300446
37,17,7.807353685828052,3.6928473474154107,19.651039988588966,14.645689416944032,2.147243901669721,1.9651440268586893,6,19,2,2.788385141946855,90.42027359176258,5,5,4,Sales,100
42,17,5.2733158353025065,2.700862140908838,6.729270277976446,11.802618226432768,2.192870424332569,1.5238856156296838,6,37,3,3.286411540434255,19.156793187478385,2,6,4,Technology,100
34,15,6.774451298475768,4.693294636246546,10.984117134231363,8.8967385791308,1.704395315530379,1.3628075936932993,5,21,4,4.1811783077560944,53.17765811982713,5,2,3,Sales,93.09365082520294
53,15,5.559398090872736,3.0007282313657915,13.48991751907745,5.32085707727846,0.975481150779314,0.4972267543203023,3,8,2,3.9019775042178146,94.64628436241136,5,5,2,HR,87.23876550680887
43,17,3.6030359878534544,1.9625456997579194,5.895449118024631,7.788388895634567,1.1371730216136648,0.7723003242472164,4,42,5,4.697400955371473,67.01363271984393,3,4,3,Technology,91.80361470259781
46,16,7.385264529649828,2.4055459999002173,18.461044797281165,15.436022648797156,1.9949097932562951,1.932994818597398,6,17,4,4.495418232813306,35.77315522844783,2,5,3,Finance,99.9391062114886
42,14,3.527368275985931,2.1837045248720743,7.090619841934835,5.322382114811577,0.7834555614783604,0.5787189326243009,3,29,2,4.401213682819964,79.98699873828872,2,6,3,Sales,96.7039681696357
42,14,9.369337806125888,4.513387051948066,17.569695739907488,11.280151833453058,1.5317339528991707,1.4998536031150171,5,27,2,3.896822738760635,56.278550945428705,5,6,5,Marketing,100
35,19,8.259501929602909,3.781391273974659,16.641334831685956,14.45441270393562,2.836245392668816,2.239275405207067,7,51,4,2.3712495146124413,90.17577661998287,8,7,2,Finance,99.87448700892418
34,16,4.468704189219088,3.1076424431037695,8.470528188497692,10.737413661627956,1.7049324824269876,1.4403217195706741,5,38,3,3.4727298612387174,67.4941644308275,3,6,2,Finance,99.95121053724546
27,18,5.258136831615622,3.8118237866740192,11.192317858241829,5.694565357480906,1.0753395465475168,0.6818947266763965,2,8,4,3.8062138774063086,55.21366182273684,0,4,4,Sales,81.87856024501131
31,14,4.967673202482089,2.128315161391577,6.284961164597251,7.980869681166729,1.5421758152136338,1.355691595562719,5,21,4,3.798010309203872,54.92148076135181,4,6,5,Operations,99.99706592325397
28,19,5.194739476081989,2.4955448553328154,6.837162052838929,11.50620881276433,2.0297258399156495,1.2483772976465504,6,39,4,2.801552782815595,65.10720302369909,5,7,2,Marketing,100
36,16,5.516920016199083,2.7060383106788573,9.196981681496029,13.336719384397124,1.938122352027507,1.856517379788331,7,37,4,3.222365625559476,50.51334511554263,4,4,5,Operations,96.11738732941895
41,20,1.777685912860741,1.0942027694394356,3.8516408286453108,16.34834352493822,2.1231160062165526,2.256681991848823,6,35,5,2.8776978846591845,33.81312632674719,6,3,2,Technology,100
35,16,6.46325052861,2.7863697750580045,12.935347766351677,8.539874753715376,1.248658377140425,1.071822955940003,4,58,4,3.8006298820592677,71.40271847079237,4,8,5,Technology,100
36,17,4.0305632777872775,3.7025645152457183,9.83778907543105,14.13444248083246,2.296422572822851,1.9262733047780654,7,30,3,4.49651612846224,66.64026477447123,3,4,0,Sales,100
25,14,11.248418433337253,3.5149411539470496,11.248418433337253,11.260507901487298,1.833486752762857,1.34772301489026,5,39,4,4.702244921709876,51.728056209955724,5,8,2,Sales,99.81997088417289
33,15,9.37114782585656,2.922369693831211,10.484042173552933,12.580949477105044,2.152147552788192,1.702399639751876,6,24,4,2.5969098771153343,84.15993290673026,4,8,0,Finance,92.91017581039331
35,18,3.4630666730212893,2.0996142639569646,6.714806661703942,16.698313662680867,1.86293161733596,1.7874825868678879,6,51,3,4.999335660506219,74.2434757264713,3,6,1,HR,100
39,14,4.279181235519369,1.9115129779555704,8.55366109444095,4.242861703831608,0.9244748440216422,0.5133776054614888,2,18,4,4.4994343055215165,62.854464069922045,3,5,4,Finance,88.77657305207072
42,16,4.507311797455614,2.680984002900381,11.372247384369999,10.993746335612279,1.6063983159213069,1.303958040865017,6,18,5,3.8082626265392676,63.8207080858729,2,8,2,Marketing,99.89178782724805
45,15,5.0445304829533235,2.434628113143266,7.9222744772442315,10.400845024728557,1.6522424706518908,2.0564828248229974,5,26,3,4.732184011644234,23.923196594783104,7,6,4,HR,90.51642342308737
43,18,4.934211421310098,1.797849930933829,5.968737812597257,12.098832839999098,2.197998033924007,1.372642310179209,6,44,3,3.984621703804355,50.14492152122781,3,6,4,Sales,100
33,17,9.712250676478892,3.6467127405099253,15.03825227017993,6.91621067506093,1.0687705515831076,0.9578567614112757,4,17,4,4.113566280901175,44.89732404311092,6,6,4,Operations,99.79790012620194
51,16,7.388360877262021,2.703285092658701,9.494751672681849,13.22537972576396,1.5468215609286011,1.2917472857419463,5,38,4,3.0745584022196693,56.89956705032219,3,6,2,Marketing,99.9355070765245
44,13,5.157033609656546,3.2902235473538703,14.66574782473713,8.683842295344341,1.4078594512578793,1.683457658160262,4,24,3,3.9157249848419564,67.0914078866368,3,6,3,Sales,93.25613829735349
27,17,5.6748635527652365,2.5966545496604714,7.996763235088333,7.600194998265247,1.5497821347763663,1.3199700168986264,5,17,4,3.1128422571853793,74.54832198350758,4,6,3,Operations,94.49994473693471
38,15,7.462808476174355,3.6139149784001265,10.707281721189911,10.693477487860466,1.5215759747689024,1.3593142257207682,5,34,4,4.99298571583259,47.94223425438343,6,6,0,Technology,100
45,17,3.4270331525540216,1.7351794350607188,6.8940211897945245,11.596518131335076,1.5488175106433417,1.3904249141395626,5,18,3,5,66.00451923292574,4,5,5,Marketing,85.34980889341945
51,20,5.696604260490168,4.097836219631403,9.158410134020942,6.9834983830937185,1.3256738858398243,0.8363679621776855,4,21,5,2.003995290838791,64.67345138615946,3,5,2,Finance,92.23973338236715
48,14,3.3671543810375235,1.7159761195934748,6.662019564791515,8.68760539297814,1.34407706898817,0.9913220611830219,4,21,4,3.6146900298592706,78.49424258680875,6,6,3,Sales,89.95668321565155
22,16,3.534345053320965,2.2058344534383187,5.961997849075048,8.686206173320343,1.2709412647362066,0.8906549344664113,4,48,4,3.5837687850332225,51.22274471620023,5,8,2,Operations,99.92317911123669
38,15,8.557477229417302,4.585440860610794,11.000470504486614,9.824294100608357,1.5906240609861102,1.2865588390733442,5,48,4,2.515476649792961,41.51670682198453,3,4,1,Operations,99.99895734160786
39,16,8.455490443369857,3.575047422044679,14.312044731297185,16.837155286215186,2.286495016474733,1.9434962372646334,6,42,2,4.8729761742065385,50.9301447631459,4,6,4,HR,100
43,16,6.806412121362755,3.0025381884036446,12.59086108788687,7.762883262449016,1.3733734646918496,0.9133012696330332,4,39,4,3.77338523677995,53.46880620086587,3,8,3,Sales,100
34,18,5.6441695575175626,2.1048990165121695,6.478696960337938,11.058929194405595,1.5980974445317344,1.3755319777979254,6,31,2,3.595941573294003,65.34976673484546,2,9,4,Operations,89.19329701259699
27,16,6.571674130282553,3.085583668554996,11.00093881186051,10.398258124964155,1.467541024175559,1.1081391421720421,5,10,2,2.705035191665086,60.763571593220554,3,6,4,Technology,81.64656054290448
43,16,4.315663649142518,1.3877993463135696,4.937168495595165,10.265056693835234,1.93803223890549,1.6813945329828102,6,26,3,3.2832241499992114,59.09554931139858,4,7,3,Operations,93.36926011434916
26,20,6.917397782264732,3.2944169928258464,11.786876566700535,11.899285410065325,1.5214454631045327,1.372535683135411,5,15,2,3.4982560416446282,71.83864659656298,6,5,2,Finance,99.87633426113655
40,14,3.901557262961832,2.9950729754156327,7.505236653484577,11.013131104975566,2.192161678317083,1.7306398160072503,6,26,4,3.2053340183495815,34.38604967745025,6,7,2,Marketing,99.93088712771232
27,15,4.265052961524603,2.6860458719842026,8.634747962540532,8.313714790248111,1.4762303911291375,1.1925174509518914,4,11,4,3.4006467362355104,48.362959980627785,4,6,4,Sales,92.05309433011277
35,19,6.292668514753423,3.5422033636893335,8.466224398417934,12.299040789454256,1.9353874231759767,1.7849737831483188,6,37,3,3.500937632071509,53.31049488070275,2,9,5,Operations,99.89865195430102
24,15,5.683842564658748,2.8245648045163647,13.623781327737916,9.455067944539286,1.8227386292851926,1.6477119319358333,6,48,2,3.8105647219380647,70.51652570449066,4,8,1,Marketing,100
38,17,8.64044324308143,3.7176141845365143,18.08909082559269,6.642582348410465,0.9531392499326897,0.8685049868777311,4,29,3,4.091509473180859,51.33421871148478,5,6,3,Finance,100
33,17,5.12418158685807,2.138778368587139,7.816134015164026,8.993162368137872,1.148005268739294,1.0149887473958579,4,17,4,3.6802457693574464,69.54818937116153,6,6,5,Technology,75.72190688087164
43,12,3.9965723052703095,2.2261180829208027,6.455994559646925,12.407153959467907,1.8861946640829768,1.563298962776666,6,25,3,3.187791089824593,56.74676304212478,2,7,2,Technology,98.61990652517778
24,12,9.656607169963088,3.7975733697283554,13.620394506781023,4.644140216910083,0.7070622478767741,0.4836246754523506,1,27,4,3.8940778513972965,56.8951443928212,1,4,2,Operations,94.07010148378114
42,19,5.521128593216686,2.2108492343028865,7.235187941143126,12.351601268900671,2.2164574773185004,1.4493464287833746,6,46,4,4.091239788613144,77.94393129702719,3,6,2,Technology,99.88605160039725
46,15,4.773811071016998,2.398735811986319,10.658816607429621,17.077724531967984,2.3462838318382158,1.5537824815655998,7,18,5,3.7099862423567203,51.41106947589016,6,7,3,Operations,95.51705852436311
23,17,4.247610990536984,2.21400237333437,6.2536506078361676,7.047340012268015,1.220443605817841,1.1182677238242988,4,15,2,1.979348109300881,49.656812394100136,3,4,4,Technology,80.96418266774853
40,17,8.106449000985771,4.0015266134455905,16.28196430388547,5.950053491041933,1.0543784371523264,0.8538606072132329,3,36,4,3.6024918561099004,81.17007447093518,3,8,3,Sales,100
23,12,7.945859376407118,2.791826606947462,12.702852911633528,16.611384565020764,2.730813293702227,2.7118625517473895,7,56,3,3.5971639021135697,36.28465999212124,4,7,1,Technology,100
24,13,7.934079005620203,3.7293692506203935,11.705549138795096,9.482439262998831,1.2708763225287123,1.2687142984353683,5,36,3,4.002095160920523,67.40975986594577,2,6,2,Finance,100
29,20,3.3767384990477662,2.5266228547478415,6.058556875538018,7.744139798398664,1.2618758797019944,0.7296098241202489,2,100,4,3.5835983860487217,58.6408989880464,3,8,4,Sales,99.87967850200953
49,20,7.249844687671734,3.517265205911124,12.891999892509075,10.984992991839276,1.8346969080411253,1.474239343546107,6,21,5,2.7002602615160636,76.25811969302936,4,5,3,Marketing,99.85145137905857
38,17,5.039036337115087,2.305005167682315,8.699730355363927,7.086805010265625,1.3609269471872891,0.8537547572366372,4,16,3,3.907236105559975,59.66805771895251,0,3,4,Operations,93.65062620747062
30,17,2.551938891388783,1.9646643403206647,4.335242028958688,14.257247976240562,2.570257007133492,1.9567173075650657,7,14,4,3.326057210885846,51.39668201912962,3,5,5,Operations,98.9271965558487
33,19,5.480164771890731,2.096115785495716,12.738929280583006,9.194898149812174,1.078740077085231,0.892054961332699,3,19,3,3.4486258244684698,66.6898529000929,4,6,4,Finance,84.16527725547752
30,17,3.432670984876562,2.0659636237724732,6.463293228322081,8.710493395740054,1.25274950119861,1.0946981190672265,4,37,4,3.6927766765261087,76.14893548924951,3,8,3,Sales,90.10746278866922
37,16,5.235269073179874,3.1952193774770596,13.081104668424764,10.594866107728945,1.3212311431160373,1.4728010484609266,5,6,3,4.42598337375966,52.44142807812697,5,5,4,Marketing,99.00135441043022
32,16,9.311364274212359,5.179173775262278,21.543585291316077,7.068021745244782,1.0571986397557271,0.9352235779376591,4,9,5,3.3074731708806033,59.77177142418047,6,9,3,Finance,94.95153412274499
50,17,5.396249273337956,2.8888789215072292,9.511579318561727,8.984612196419107,1.3785985464228272,1.2030609840695081,4,32,4,3.8100622754097166,62.42704829184927,5,8,5,Operations,100
22,16,6.323162393471474,3.803690208877963,14.756533111782149,10.92878931023218,1.9682721237506111,1.1327103117108703,5,45,2,3.192076803472592,58.70214078337322,3,6,0,Operations,100
28,15,3.349145656378853,1.9986304489451123,7.442398076911634,3.6998460205215555,0.6891648001220547,0.44335983906664705,1,26,3,3.6021209851178213,72.6745573871905,4,7,2,Operations,90.2764783580859
23,14,8.905903616228011,3.9867465098040076,14.154899426602322,10.11494223755387,1.4550899446603485,1.3020098596169054,5,18,3,5,70.11451436107001,4,7,1,Operations,98.28475857797685
36,18,5.868733148384879,3.7374806150103774,12.46914562019738,6.255612647518879,1.072829398648239,0.7367685494821008,3,33,3,4.81419383545158,77.25977549684727,4,6,1,Operations,100
44,20,4.254400077309332,2.09654100264673,6.598623994189837,9.220177299805895,1.799919417260428,1.441884999833922,5,11,4,3.92565081855954,64.99821058440058,7,6,3,Sales,89.51650431390712
53,12,5.6420256648482265,2.190513984942022,10.202050870444133,12.81056236323752,2.274597529217792,2.135342109776658,7,43,3,3.409331455940656,75.11744137540111,3,8,2,Finance,98.7794755387882
29,14,5.396708764648598,1.8140340854454462,6.210143868875456,9.499269937916226,1.384146003485044,1.0714464719268104,5,29,3,4.512818974840617,78.4268483620945,4,5,0,Operations,73.05577662705066
45,19,6.528678232204988,2.1671141610763893,6.528678232204988,8.608410653468656,1.4209520901409187,0.910699940892046,5,13,4,3.419551793523373,52.20440697475794,3,7,4,Sales,91.58632905034733
36,15,7.676775131913211,4.110114787711708,14.694113825619308,11.812286597429495,1.843265184434148,1.2640388630238768,6,25,3,3.2017939358917333,71.35226890821173,6,5,3,Finance,93.25422672781549
41,18,3.9800716625598977,2.2953511488562603,6.585472137200499,12.440113874332086,1.6997233064331612,1.2780978831874865,5,19,3,3.48453015001407,55.49068296501952,7,5,2,HR,91.38624516863176
42,15,3.4454934928647143,2.7721984851814963,7.794348843087221,7.177540650138549,1.3921615019260525,1.0859086762740902,5,31,3,4.803056796132347,58.485075091261564,2,6,1,Sales,92.99693290005605
48,17,6.062370313865593,3.5944332356079096,9.848838718574452,8.015055941054644,1.4805807328056695,1.2369968798930473,5,53,2,3.5117165337087357,82.94156571218014,4,7,3,Technology,99.82908717301288
35,13,4.349465603861886,3.110469849476417,6.054878192451485,7.29942979001538,1.165079231985934,0.7095287771131584,3,32,2,3.089290513574477,58.7719952448894,3,6,0,Technology,93.26791552299274
38,17,9.799950032193927,4.969492435019387,13.512339965424644,20.951738611269743,3.4584315802922694,2.839496048625452,8,7,4,4.586270584930283,65.3452134063344,4,2,4,Sales,93.73757188685589
33,17,4.764410499509559,2.3367914364545417,9.583769987654726,10.911082829750365,2.1618041548507057,1.471166426735147,6,22,4,3.685547118328215,62.9271867803828,4,7,3,Technology,99.49691236036124
36,12,4.743724106945662,2.5994041020696206,9.986358767562672,9.631401454926834,1.4396718566040858,1.0327313062703836,4,66,4,2.8017284198641614,60.52033747238308,1,8,3,Technology,100
42,13,8.59637659107239,4.703592728029774,13.341133911468551,9.070334365818008,1.8003070314659009,1.2356250482814708,5,35,3,4.215014933925248,42.55392682546408,2,5,5,Operations,100
52,17,3.252176210926979,2.330370620827463,6.271394658259417,10.51405144465568,2.0289660963097527,1.5448666724157576,6,23,5,3.4148181967340867,57.149143273438995,2,3,4,Finance,86.01972609104807
32,13,4.98629849056387,2.9111943811907044,10.38608033405469,9.370387360440688,1.1951378880318733,0.9050156854130184,3,36,4,2.8206826919038903,71.86932186650773,5,8,4,Marketing,100
28,12,4.704943404790105,2.3140073520652313,8.073120393588233,8.124947311198136,0.9776507330331248,1.1024402966422089,4,16,3,4.405105868336903,74.14478561461351,4,5,2,Technology,72.79475021956803
40,14,5.4762151765491165,1.9469035862036657,6.745145425195952,6.1275559656295675,0.8125605814244266,0.8255682545466428,4,40,4,3.3694836063355136,72.68084022783367,5,6,3,Marketing,100
36,15,11.247995914396402,4.081157114451323,14.55061921903779,10.373914515236859,1.6318081125907633,1.2851900682874318,5,35,4,3.387329255003189,43.52581917252639,6,8,2,Technology,100
33,18,3.440932587001883,1.68763915574753,4.848138139411307,13.481945575076194,2.0816867962434524,2.0931268371628997,7,61,3,4.532629734106984,82.70262308357549,2,9,4,Technology,100
38,20,3.4509343709901334,2.3079740840360197,7.179322001286301,14.202180933377637,2.0257854221576697,1.693326149408981,6,14,4,3.4850133651710484,26.320576009847898,2,6,2,Operations,90.60945325821183
39,16,6.516885583986121,3.6914758593286714,13.787610372375479,9.202152312806547,1.2220611138637205,0.8478092676748415,5,28,3,4.684796046695433,50.254325564490834,2,5,4,Marketing,83.94617402692603
26,13,2.5907326607213186,1.9811845581292313,6.2572120256758765,10.57783974553909,1.6336616828271584,1.2407176773468545,5,6,3,3.3806906278183577,70.75960422995475,6,3,4,Sales,70.54338087772277
44,17,7.640028536536761,2.217311976146394,10.02502909004387,10.920867559871986,1.5664099272414833,1.1518524232737846,5,40,4,4.0800559155020215,28.957088444082885,1,6,2,Finance,100
22,14,5.663890117268415,2.377425820086487,10.635695516258465,9.53168042503316,1.427618467130903,0.9363445629013768,6,20,4,3.513430870889726,81.63131067811392,3,7,0,Marketing,86.12089900038737
36,14,6.7393831820646675,4.3862712221124855,9.609592796314086,10.424112368499294,1.648058652452837,1.1644442185899855,4,22,4,3.6220251948809414,54.234765358834274,1,5,4,Marketing,100
41,15,3.643278947709784,2.487204904217832,5.14848533684169,7.795979119664799,1.4660140493516862,1.0979791985462573,5,53,3,2.6115339167111005,73.54086796041562,4,8,2,Operations,100
60,16,7.108549280639178,3.012592962206986,13.752531001282877,9.548398692179607,2.047848584664178,1.7249185357774355,5,32,3,3.3058855639357545,77.26927606855386,5,8,3,Technology,100
43,17,8.189117975764882,4.9121650558961285,23.643316808209015,9.562011280465,1.7165111932427142,1.3603751452146082,4,37,4,3.9073297166236007,65.54530512739751,4,6,4,Operations,85.30765398867865
32,18,3.9407795597876887,2.2988226391046234,5.978278182889505,5.493806312356263,0.9527565451739302,0.5170766469754042,3,34,4,2.7193045559986873,48.676861891330496,3,6,0,Sales,100
36,16,9.529333937889728,3.102450620628788,15.301212218761208,9.626571040414184,1.6937116826062275,1.153477139773213,5,44,4,4.124559986903375,72.1295779497608,1,7,4,Sales,99.9296791647676
43,12,5.504602749391595,2.7714499864205897,7.462639552886256,4.672503747528295,0.6888355172449175,0.5395982785728551,3,52,4,3.693768870250023,57.032996552737806,6,9,4,Marketing,92.3858288163413
35,14,4.493281682480356,4.493281682480356,10.111228748365296,13.65666234695222,2.3645172280706017,2.0638341173648445,6,28,3,3.393837775647253,30.023263289467366,4,7,4,Finance,100
47,18,8.958722694980661,3.5876306657034602,12.458156309145933,11.656843008455423,1.8105587031449224,1.4320411584800696,5,65,5,4.194340476786773,65.58388103981426,3,7,4,Finance,100
39,12,7.661282086116233,5.486323988112155,16.039467079243305,10.708968348112741,1.550333616810383,1.7895589221079462,6,17,2,4.106576953664373,49.31191188815532,3,5,2,Marketing,99.89781333640545
31,17,9.291104291737065,4.189421342959069,14.172780052936078,16.694510891161016,2.503270742637277,2.071781873980635,7,41,3,3.4943901452425465,41.623754357381145,6,5,5,HR,99.90781916632119
47,15,5.609033817627277,2.6565127305487395,9.246682619677262,8.104105087173792,1.2751379416756892,1.1867319997405041,5,51,5,2.4199276019806115,67.07792057177171,4,6,4,Operations,99.90585104821707
51,16,8.589318417612454,2.817241237694932,11.618835401745706,9.014894380065996,1.1858492810154881,1.1418981920701818,5,58,4,3.6946447290786257,90.06781287202985,3,8,4,Technology,100
36,16,7.4641056594455,4.288118240063295,14.294964862664035,7.378859351052131,0.9624253480207402,0.7901771625116295,3,42,3,3.2898916687720687,47.26758788091561,2,10,2,Finance,99.92666623621605
26,16,5.457458035978795,4.385609230895456,13.897070968295777,12.287811897623964,1.9942820706691364,1.5501439619238433,5,61,2,3.313999358001022,41.47381398578464,5,7,4,Sales,99.86597205645474
48,17,5.453816405739445,3.6183161416873366,12.830986604831153,8.957413137650953,1.4617564057556849,1.1238490627661872,5,29,4,3.8942403089888455,60.55648365340383,4,5,4,Sales,100
39,17,5.735937195577276,3.0322805470948557,14.26189355512186,14.33949861520322,2.183656460747,1.8783309045007759,6,34,4,4.166912165835506,56.665790967255255,3,5,4,Sales,98.02186798399352
42,16,8.20569866120898,3.2515330691880284,17.201255047633115,11.855247180850764,1.8995264390812194,1.4841858181339165,6,20,5,4.183442182474557,44.825896151866885,3,7,4,Technology,95.85889313814087
38,16,3.901143241725611,1.8072320639511488,5.539203070010655,9.839539862735379,1.203417023499705,1.1988261278231067,4,24,5,5,42.460601421981345,5,8,2,Finance,97.34321945593479
30,17,2.9132569179538197,1.8059077615060524,3.9442320246198546,9.670132622638622,1.5849153003828018,1.1506319913207481,6,35,5,2.813014639819876,69.58930609682454,3,7,4,Sales,100
35,15,6.087182603129437,3.1782043360742747,8.14737654568878,6.76917569376328,1.3889609175042863,0.8353408502361551,4,50,4,3.804528510846804,71.250816351244,3,7,3,Finance,100
49,15,5.746492539043927,4.137093442567776,17.099676453828014,5.7063299259519775,1.0516698661250108,0.7801863906951367,3,41,4,2.9300731347180626,59.75293063404353,6,6,3,Technology,97.32281986536698
37,14,6.606857323653524,2.8031471699637835,8.909251564996268,6.232697841549145,0.7694938335511475,0.6173577510101127,2,33,4,3.90130692592308,83.56975143500746,1,8,2,Marketing,97.09809424538868
45,15,3.66159974693214,2.3124954767190102,8.69511474285994,7.352565865673951,1.4041030651945265,0.9671246958333867,4,14,3,2.2093916861941523,72.89607518263183,4,7,1,Technology,78.32132912964909
49,15,4.261934467230841,2.8807882855607865,7.405729904349908,21.223293741751437,2.6385366654568054,2.7745060079982387,7,24,5,4.109529922392222,58.50362265041843,4,4,5,Sales,99.9867779267124
22,16,4.372206626638072,1.1671703837837104,5.14766820159207,13.62703501685011,2.0060568564553867,1.6693902571783787,6,49,4,4.021609268347446,58.099614964652964,5,6,2,Marketing,99.93759034309842
24,15,6.4845619609388745,2.5815049802816192,11.129287488684394,9.036070263561905,1.5120183096698048,0.8935171263564369,4,27,4,1.5988103336443742,50.579269824174446,2,6,4,Finance,100
42,18,6.493889970824609,4.088180615766456,16.593457676660776,11.353906006900196,1.6232933026960308,1.6687717216179208,6,11,4,2.9083147382677503,68.92045112990404,7,9,3,Marketing,99.98045325121166
28,17,6.092597565935452,3.4775086663730486,9.815044482845613,6.808839361449706,1.1652850357170614,0.7025353990231087,3,42,4,3.6883312632531835,82.05858727126798,2,5,5,Technology,99.99483261864667
25,13,4.361665225142306,2.067746303525082,8.715265655608114,13.056051429883205,1.7357618743469851,1.365197974647716,6,68,2,3.5083714039680776,49.696883285581066,3,9,3,Operations,99.83432812486414
47,15,3.6415361469120215,1.4966240816246992,5.884378505810688,8.385891185170504,1.4171904753769597,1.0271351538749187,4,41,4,3.2090518806969786,82.54433354791983,5,5,3,Technology,93.81957512460541
34,16,5.077718641396252,3.0628979786952146,13.395247053751802,7.127520165836173,1.1903400573514713,0.8393194100086584,3,23,4,3.4097008498491252,55.44757320404665,2,5,5,Finance,88.31482216869652
43,18,3.042459325265619,1.8229287334877349,6.397439589072719,11.888506545258064,1.4146321304594793,1.756796314752974,6,14,4,3.906294812650206,39.951273537724035,4,5,2,Sales,96.94872149639905
30,14,11.911304939753755,6.493216216346217,14.74137585768365,13.619487877153018,2.501105854642152,1.6288239963044322,6,32,4,4.113938864741941,56.69264760140294,4,7,3,Technology,99.88658293678243
22,15,5.887559110694238,2.9232073517054133,20.952414080437812,10.328424863398688,1.6296437302465268,1.4887680019985934,5,39,3,4.0978516098342865,75.46286377463971,4,6,1,Operations,99.90318322022334
32,15,5.829218071428594,3.110161146580471,10.148862382772808,7.797315683259616,1.2706401228980708,1.0403214523752613,3,40,4,3.6896860583949223,26.77724229480635,2,6,3,Sales,100
43,18,4.268002968669895,1.8653648243459304,8.411442049088576,8.375782315713767,1.5208017219486056,1.22387198520193,5,27,4,3.9825074404876593,47.243663540690676,6,4,3,Sales,89.66254705480974
32,17,6.242494183879433,2.3974512567182176,8.128322403736945,11.4653917867934,1.4874343693313936,1.2915262052016747,5,38,5,3.2809363351409067,42.659404549744274,6,8,3,HR,100
33,17,6.139284270274947,2.8544110498945976,13.306110659004396,10.97442542788948,1.5594077039832244,1.3312738630288237,6,10,3,3.218135748674263,46.18747145649971,6,6,1,Technology,86.79831541269552
39,15,3.7262207834920438,2.374761519692005,6.900447477012501,14.622578060871268,2.619147025866178,2.299241084456166,7,31,3,2.3905283994383613,63.562662818570175,4,7,2,Marketing,88.90232261350259
39,15,5.562371415257387,3.6069584736804146,12.124804820634001,5.103998021061405,0.9454172935839816,0.6470566648695443,2,30,2,3.777042874431796,56.58598184766722,3,2,2,Marketing,93.49643794323295
48,17,3.2088208232525095,1.395388641016873,4.607849829510791,8.217623998841189,1.8850352265114727,1.2589750794254557,5,43,4,3.5016608162398457,72.79024329861649,4,7,1,Technology,99.98812161231595
32,12,8.358002147246532,2.815634176361357,12.075655289248425,12.13453793906483,2.0804560726950903,1.644104158309854,5,24,4,2.813657384254804,50.02976901126731,5,7,5,Technology,100
38,12,5.761411272347647,2.50341626733273,6.495282792186457,10.512815285555845,1.521328469849567,1.4831811057703348,6,25,4,4.093113388551344,53.60333705690484,3,6,0,HR,99.67998848881341
27,18,7.303211160909861,2.604808061695181,10.623191364830308,8.20953327862209,1.4745397243840708,1.0203030328791862,4,22,3,3.0066806424626513,64.59657793143339,3,6,0,HR,98.59723151909941
54,15,9.859552708972982,3.814838259185477,11.620680297725313,11.323857359913626,1.920613133529549,1.408388468214353,7,34,3,4.872319171640894,45.435970219637134,2,6,2,Technology,100
38,19,4.938033847110374,2.6178741759622213,7.633547337088367,8.872228212288592,2.2096876319742225,1.1473522042285742,4,24,3,2.287192777286426,54.9902855443116,2,6,0,Operations,86.66246879398417
39,17,4.909538234797824,3.01097770074747,7.614689811027713,12.418543465511933,2.08217678301552,2.096341855493685,7,50,3,4.609390680140943,55.126904790218596,5,6,2,Technology,99.95774799156335
44,13,4.984079226035664,2.4825025339415157,5.371853061659406,11.28496783078912,1.7472233593645166,2.345781664539609,6,22,3,1.587097194924982,56.51532818124442,4,7,5,Operations,77.30318279688352
44,14,4.476387460636453,3.4013898942485103,8.51491492796244,7.662245836904213,1.0972955325878975,0.9152146178476979,4,28,4,3.493644427244534,51.25993299322639,2,4,4,Finance,99.54378408187942
47,16,3.7730673200220433,1.504771644988981,4.7835722283860065,17.011838194082145,2.6453558653082396,2.040100447308408,7,17,4,3.3287908401166604,88.2029330489003,6,4,4,Sales,71.87040829364742
43,16,4.146936098440657,1.8977440582541816,8.037962523496393,9.627050022845538,1.4248097288429546,1.1612478286474779,4,12,3,3.0871736147112876,66.51483583854504,4,4,2,Finance,77.02246315960032
26,17,5.713065558459106,3.3620539871627866,9.309549832625711,10.753196064963488,1.8187171562721571,1.2087818266581292,6,20,3,3.38759942928877,36.037844211105096,3,6,0,Technology,93.45763674523931
55,20,7.926133004686652,2.6897396661831112,10.725243379378206,11.60483905214037,1.9985663544427832,1.7628675748238392,6,42,4,3.013616621088954,47.54415806381142,4,5,0,Operations,99.99243494433269
39,15,5.504350577561274,3.2996016444464358,9.407866412893009,8.163180344374103,1.6366669098586526,0.9833855024240181,4,21,4,2.2183508744727902,59.54242328124555,7,6,1,HR,87.19317478238546
42,13,4.584527146075914,2.2711347834587943,8.814376468804344,16.61248333455099,1.9924765108074745,1.8581420136451208,6,37,4,4.092582491945231,58.83753340896551,2,3,4,Operations,96.70466741293134
30,16,7.64714104760049,3.717795111963465,17.9900019942908,11.091972114091643,2.3374716152141315,1.567568678586337,6,26,2,2.579964709858118,89.04698402973459,9,7,5,Technology,89.51842078055115
23,15,4.720492614645642,2.476445914387489,12.317242071446486,6.01673948747084,0.8210076494506895,0.6494970223257471,2,59,4,4.980995030724839,85.18834932073213,4,10,1,Marketing,100
31,15,4.9739609045187825,2.3113194624076274,7.909632678570314,14.15339619281624,2.0172485757560867,1.929967658360338,6,42,5,3.3034882915376462,57.3128826299565,4,7,2,Operations,100
37,17,3.6523585195337454,1.575930458113526,7.025035093398209,9.239646912739198,1.2659754916264478,1.0736855865853314,5,18,4,3.4931774250357126,74.91190433690443,5,6,2,Marketing,91.35093688156637
41,19,3.9073380608289963,2.692233383877688,8.353538038964107,8.835882591436247,1.6145613818853237,1.3720204077852134,4,16,4,3.200951004856963,40.098855488620465,4,4,4,Finance,87.59696050552303
22,16,2.6938001954920945,2.6860899706243595,6.670755132989273,9.449696512143879,1.7896445714048188,1.2428251725911907,5,24,4,2.504576968236937,53.99481903097941,4,5,2,Technology,97.8654330855685
36,12,4.7944015746854305,2.6901797718767293,11.959598858198527,13.160651074565143,1.824022735893123,1.6102951147442777,6,56,4,3.720279132444657,43.96568773803041,2,7,0,Marketing,99.85493164874217
35,13,2.7641874771615407,1.3152211036757968,5.323182291715749,14.892169219761811,2.271259937236657,1.7294944643470354,6,45,4,3.9961615507134876,60.32370435477099,4,9,3,Finance,100
32,16,4.437217944806508,1.8996756955831346,6.835033135335918,13.111930569025457,1.8631764964458808,1.8424879744902931,6,41,3,3.0081740357169857,67.09290872967921,5,5,4,Marketing,99.88255921031701
27,16,4.121148267113237,2.1317642119035995,7.05217495475194,10.127574049760796,2.1167456127665525,1.909136375369174,5,14,2,3.5128079274111226,64.59963659522599,3,6,3,Technology,88.87560158374069
44,17,4.554247059321823,3.2287492843455516,7.001334267465362,11.767438267673171,1.6848659567257784,1.6197723388838534,5,60,2,4.5168493394509905,78.73243548605505,4,6,1,Marketing,100
39,18,5.0244457713377,2.3053466417422652,6.979117860070544,10.676625679294311,1.861824017876873,1.7155272486744975,6,28,3,2.4951838038331764,65.24182426703906,4,6,0,Finance,94.8374373621764
28,17,7.214633556617463,4.279097692440038,10.121791758792213,9.484882643011916,1.1845952190786313,0.856734778934315,5,16,3,4.3334774485326335,68.29265623971884,1,4,0,Marketing,84.18295589033306
49,16,4.013015455607672,1.4409694641119322,4.013015455607672,6.4610312242889485,1.1573036942183434,0.72712097700157,3,55,2,2.3958783494627474,78.18975989891496,3,7,0,Sales,100
35,17,9.641667689600933,5.678484200429945,18.061079132288597,5.2187448013757525,0.96037793604125,0.7138752005143778,3,6,3,4.008711846864625,65.37753350164594,6,7,1,Sales,87.84796953494457
43,14,3.718085516975171,1.7854051032398153,4.579187551815007,12.067478254089547,1.9095431924001676,1.7601318422529306,6,53,3,3.2013244860491774,40.56076132206994,5,10,2,Technology,100
24,20,6.782672272469648,3.6219740535511593,15.201275361148966,4.534006522770435,0.8218302183852381,0.6299539137074179,2,23,5,3.6032506098894825,74.74213912672782,7,8,5,Finance,95.84502437226003
35,15,2.5804115120967293,2.08110261698118,5.047756973929684,7.06819576174573,1.3008859682145093,1.0048740157491491,4,45,4,3.5341426199177155,73.61854570828655,5,7,2,Marketing,99.72727163035358
24,14,4.794904321302408,2.511224356508382,9.074666241521507,11.027582610479417,1.7451775734515862,1.3955510992729623,6,22,4,2.723203703769709,45.46330258648479,1,7,5,HR,90.54078307628669
46,17,8.288582021078339,3.193506960230807,9.752639713466559,11.065201038465672,2.2584809333389635,1.7410146813697733,5,41,4,4.483444251845248,47.39780232755618,5,9,2,Finance,100
27,16,6.184739625458496,3.287582836207858,10.067621049997422,7.004492197056609,1.1848387876920736,0.8044373232564601,4,41,4,4.3949813328897545,45.48035015344606,2,4,5,Finance,100
43,18,6.016085273935414,2.9116627686524614,7.926015673529831,6.579459603257475,1.2369299855098672,0.895095520317042,3,34,3,3.4294154938627113,56.97250121576864,8,9,3,Marketing,99.08200939726291
47,19,3.6736277980787357,3.4928654913342223,8.736635170136067,14.738734505926791,2.581348202087429,1.668290408486259,7,44,3,3.383711294924923,66.88595649803385,5,6,4,Marketing,99.8075126063777
40,15,4.022836999052912,2.017454259601969,5.83659892070412,7.043299653480656,1.6060257223794334,1.1017382677008598,4,85,3,2.1740633354793104,56.58823563141035,2,6,3,Finance,99.77396306338606
31,16,7.039801926348634,3.233140397130574,10.964461091097657,10.244410248854807,2.0713218962032247,1.711002004335907,5,44,3,3.686451119901404,66.07068395715781,4,6,1,Finance,99.73443815258123
37,16,4.830501498920426,3.0139209870851884,10.692559770492345,15.562644993952125,2.8428820605270353,2.095907345620581,7,40,4,3.4939624524316235,61.82303760870871,4,7,5,Technology,99.90417173209475
33,13,5.291778778984316,1.909171330796058,7.879098709539035,9.584035704056147,1.432219013818983,0.9640540196450996,4,59,5,4.98846788546592,50.53243666473652,2,6,1,Operations,99.85933833739155
44,16,4.227749917209517,2.4192271950182618,7.172978537501734,11.277931522055281,2.0480836107526312,1.4469340723432587,6,34,3,3.1921989632908283,40.75339143070683,3,7,2,Finance,99.86589643964825
24,15,7.033335043927077,3.6165719620718626,7.347691267309365,15.492857904411139,2.90432863880304,2.1881697207517776,6,29,4,4.088056249668281,73.83394763515575,1,6,0,Technology,87.88274463089788
31,18,2.2769286845430456,1.359819422096561,4.447261285936939,16.461765647889063,1.9823775448937213,2.2815359015900305,6,8,4,3.8818985785805964,50.296148259501344,6,5,4,Technology,76.41236872847715
30,13,10.471633863938285,3.4981134618396594,14.329217491158156,10.360486338508911,1.7175111075159792,1.334938236458598,5,18,4,1.6940163979523022,48.716462855614864,5,6,5,Marketing,99.88449323245351
38,18,3.7401999195580973,2.3249710432331643,6.019230543635575,14.617763442585735,2.516006731400885,1.9811545520853937,6,20,2,3.7957469092139955,55.50707299727489,4,7,0,Marketing,99.89809560823436
30,17,8.953566295805093,5.392121009753344,17.01778168735833,8.789167206736886,1.3242165614705612,0.9511419143203984,5,40,3,4.116322057944823,65.91427613439143,5,9,2,Sales,99.8994191958763
28,14,15.932514938567433,6.463887034020368,17.372256295310823,17.62258909869488,2.0781565588885984,2.1754398727392292,7,14,4,3.6712561434035584,64.20795622207359,3,7,5,Technology,99.8870827547743
42,14,4.907125533570199,1.8960890348737305,9.046585930420358,11.600433105886482,1.6422870545553174,1.6191684004233442,5,6,4,4.089349170693681,42.749909441128644,2,7,3,Sales,95.62236155170831
60,18,3.09643052778913,1.3958047382848258,6.26424234494398,10.799757246044555,2.0440326210153397,1.5981377466804405,6,15,3,4.307726937062946,48.88393494850319,3,6,0,Technology,82.60398395512611
35,14,3.818698538429553,2.309167362473879,7.590851227463657,12.197380650106282,1.6383038324581658,1.4414708041291746,6,61,2,3.190714774847448,60.08381440129272,10,8,4,Marketing,100
27,20,5.534966409074958,2.3133822073114905,9.539302294801983,9.848473080636323,1.4711117281991322,1.4674098850698896,4,14,5,4.9921913307849985,82.79779073068171,7,4,2,Operations,100
48,14,4.67832807213064,2.823875710012803,6.754201450095609,12.228911333268067,1.734350526112307,1.4175542662891925,6,40,3,4.106311902983584,38.91885423679902,4,8,2,Operations,99.31717005793686
40,15,6.987424529990859,3.3910347997272745,6.987424529990859,11.247855217327619,2.2684296954623457,1.5497863816564812,7,20,5,2.7978530347196515,46.06775480439213,5,7,4,Finance,100
33,15,2.425159251591155,1.3151647795145656,2.81725098727086,13.91395863797852,2.179151048309694,1.8656573106140233,6,22,4,4.810891284480339,45.43886365970768,3,6,1,Finance,97.35656239218619
33,16,4.2333195323646,2.8088629100549785,7.201895420835232,9.744537143287745,1.5694461400046558,1.5115762553449736,5,32,4,4.020441507220614,77.79258489511543,8,7,3,Sales,99.96469684330005
38,14,7.740449830828188,3.2831641879632922,8.336656221409868,6.701207844242947,1.2669029061644361,0.9108803118220216,4,15,4,3.6940507163046976,86.02283533521924,2,6,5,Marketing,86.0711072888732
43,19,4.671114799202713,2.602973093576394,9.799899139776334,10.353412149445806,1.519693677322951,1.1215986670178864,5,30,3,3.287081621537654,42.409601325918004,1,8,0,Operations,91.96021758324034
22,17,6.355531491330369,2.697773215482857,12.227899845108546,5.078732448537724,0.8062720720193055,0.6782415271429846,2,15,3,3.0003181358152933,80.2878551151663,4,5,3,Sales,93.54899226304364
37,14,6.842144729646584,3.2068220246869688,8.078772241120634,11.364635260078856,1.7318428148571594,1.48391022595119,6,43,3,4.200636157848631,66.72625312850968,3,9,0,Technology,99.93862729987738
32,17,4.645133556680644,2.504988553578932,6.612016943387286,9.161191326381495,1.5260076248050733,1.324562504251698,4,11,4,3.189205824366188,63.966181914026116,2,6,3,Technology,99.96098209673238
41,18,3.9285125172203568,2.306682023625008,6.925873196275413,6.042682471813287,1.1552010238845651,0.8001281092766386,3,30,3,3.608593718682027,72.52501425034369,2,4,5,Marketing,76.16789707153812
48,16,5.300729364709117,2.3502350773206118,8.67922963135702,6.81875382097047,1.1550060584274748,0.9902604040786468,4,40,4,3.7088361998138732,43.33165389529795,3,6,5,Operations,90.60503664083478
37,16,12.142971831367344,6.070661069009154,19.378772138790172,16.437817620978652,2.2900831632843603,1.9741321221780361,7,18,4,3.4784449938600384,64.10313509653463,3,6,0,Operations,100
41,18,6.414249662137458,4.074839021150434,10.339216700969313,11.379816953184879,1.9437316840827188,1.5297951793467492,5,16,3,4.687480861406631,45.86467931775054,6,8,3,Technology,99.97863782583227
34,15,8.450393525119967,3.291632118033797,12.731497433568931,7.807712593555247,0.8492716262842526,0.8064970909560613,4,22,3,3.485423355840547,66.34650107055434,1,7,4,Operations,89.02443148261455
43,15,4.4095302702138,2.583541096054708,6.83597702347537,12.534215099724028,1.6349342210350117,1.1580301486136393,5,29,3,3.709677805529326,54.14995550804385,0,6,5,Sales,99.90602293130462
34,18,5.310179372604578,3.6198609983805734,7.37482723185699,11.11783351368335,1.9896083306810015,1.5796833830739818,6,32,3,3.4982443630745013,75.1411629728151,1,6,0,Technology,99.94936797708571
53,16,7.239585816775423,3.8411482446295917,12.39219090293155,3.4391774056808964,0.61,0.43693300522429784,1,31,4,3.7937193001349425,56.672094654708204,1,9,4,Technology,100
22,17,11.682249361648534,4.228342102550018,14.445329813136244,7.714241054352075,1.2394658255910425,0.7383172015270193,3,26,4,3.7114038408057213,41.015554035546586,5,5,3,Sales,97.3383608230274
32,16,4.0040898481300005,2.099962612428925,7.6631121593090805,22.137603533057295,2.9870038505249714,3.366671759957464,9,31,4,3.707834199213891,65.71678009673055,3,9,5,Marketing,100
31,17,3.801798689407175,2.7927593191863034,7.5003860327648315,11.252022891328588,1.7602184342985716,1.3637590739968932,6,12,4,4.669858789410947,79.04628240722477,3,5,4,Technology,89.77290591362647
35,15,7.5148706354632075,2.527221980904013,9.892610858337754,7.4915937381385085,1.2300818082478489,0.8929733097823033,4,7,3,2.4802032832315417,59.39629670998396,6,6,4,Marketing,82.3668831365968
34,19,5.259354477558609,2.4791598493885516,7.5323741905471095,10.22166983052166,2.201309873717575,1.607638009213409,6,100,2,4.212778846884082,78.98518025296588,3,13,4,Sales,99.92966648943641
39,16,7.088010957110529,2.799638407651847,14.421687401836781,5.748154419627941,1.0066506725268558,0.7813839263557356,3,11,4,2.314647927286264,41.27644005434292,4,6,2,Sales,91.98432104395768
35,17,6.974968276082749,4.378733165755916,17.208648447503506,5.443223577806774,0.8737599591029154,0.655291755118018,2,59,5,2.472197643922363,74.80117044572275,1,9,0,HR,93.48831912596219
30,12,8.73347957407507,3.5935390498729283,10.645034638214442,7.687012765069225,1.4221098035166173,1.1427004562265417,5,24,4,3.3978362977848455,62.113209768387215,4,8,2,Sales,87.2081064327986
43,15,5.338651138814221,2.3952980145306704,6.82610058190682,7.740925160027403,1.5774771882433773,1.0011413191500158,3,35,4,3.5127399821915324,61.294346576898015,5,9,0,Finance,100
34,18,3.9015915554089404,2.3451986195443704,7.205603801804815,14.11111091577067,2.3716349824894722,1.9041721973936656,6,40,4,2.913100405365067,80.6562138146286,3,6,2,HR,99.8480887143211
43,14,4.485393830925234,2.6898319577132104,7.965945501460267,11.436198259328725,1.6502734387835836,1.5340138302218649,5,49,2,4.113279184178147,71.8277013851905,5,6,5,Sales,99.87720354819501
22,16,5.620778523025705,4.307476820588789,10.140015270912755,7.346463153818164,1.2173473544150748,0.9222002313660983,3,22,4,3.0944378604943505,59.353827603974324,3,4,5,Sales,98.49383943437873
41,20,2.4026239237607676,1.5126211945471568,6.191560906351352,8.904779516921982,1.3563167670394354,0.9609092905597585,3,28,3,3.3110038558828165,25.359226737357215,3,7,4,Operations,97.30762872095997
36,15,3.6638759041070372,1.5168831840855603,5.600580366142548,3.4,0.782543812667967,0.5472481793613853,2,23,2,2.1171928421163115,41.18772887513935,6,9,5,HR,89.63789348533055
47,14,7.535786060987908,4.211863227593864,21.345424387064483,13.102918486398622,1.9103888252439878,1.6644800490225675,7,40,2,2.7865779710386227,71.38618363841911,5,6,2,Technology,100
27,17,6.14493262911295,3.8989816800121377,16.294329792572483,10.228417170026045,1.4831554355589276,1.4932723101136351,6,38,3,3.2871191139050877,78.18200981261943,8,5,3,Finance,100
37,14,10.497013924804422,5.602992274889681,14.95073760963311,7.2818493311904575,1.3027332290413793,0.7992771686302079,3,35,2,3.58809152015976,57.876006458220225,2,5,5,Technology,93.29151699972518
33,13,3.2640979911484806,1.6285720284656982,3.7184556037033385,8.476133833599196,1.9909555347321217,1.5113093775915918,5,21,3,3.598048722850293,52.54179921877512,7,5,5,Technology,93.50102527207332
34,19,6.014044562559453,3.988305511076105,11.982334225593199,12.293301254941278,1.8853660469433249,1.717094606678922,6,40,4,3.7195503399409815,49.92963989963872,1,7,2,Operations,99.93337453960652
45,17,5.579334763653813,3.2979805801316875,6.60306379353001,6.556220146370849,0.97421122062463,0.6586604431002386,2,9,5,3.3205959318411615,60.951289136892626,4,7,5,Technology,86.58395616776092
36,19,3.341125087974348,1.9906705187702096,7.35256740216566,6.600339543955557,1.2026595703130947,0.867508945472452,3,29,3,3.8164566350893465,55.13489492087305,7,8,5,Technology,99.13064463649259
41,18,4.449154310573936,2.098610857784011,5.6361616928284946,12.383404842842339,1.720525042186902,1.712904861333277,5,26,4,4.599290794658719,56.58655307602352,2,5,2,Technology,99.97881884555729
32,18,6.6700744523065385,3.8684958202001223,14.706737358124377,8.973685808299269,1.6910087418645559,1.5928115515189516,5,26,4,3.873255222234216,61.72729074478887,2,4,2,Technology,99.8741902943847
40,15,6.916291839372209,3.111001264017103,11.343645900440974,13.761907572709056,1.9642628732297671,2.013499652809348,6,39,2,3.185670515790732,82.91935434601109,4,7,4,Sales,99.95910020706779
39,16,5.538197379368656,3.197576241925188,11.487785185220114,11.484867083777127,1.8692688310613492,1.6940446851879503,6,61,2,4.692318820793605,55.734241145799835,6,8,3,Sales,99.89542836649616
41,19,3.741894672116998,2.007432762118705,6.471494303870732,15.74844387322386,2.5800158034124787,2.3503870695275753,7,19,3,3.18990397964925,42.76981557331467,6,6,4,Sales,74.69535093764948
28,15,3.5289611829536236,2.1889080671440038,6.749015253993114,7.968337101719592,1.387243984626275,0.8991839696606128,4,40,3,4.493115761688288,98.21483784520088,3,6,4,Sales,87.64262863542534
36,17,8.3599327165309,3.392295207772654,12.809822482376301,9.665483042517435,1.6045557011332725,0.994987020523704,4,27,4,3.5944335884566545,42.57617216565751,6,5,4,Marketing,96.25269617667891
25,17,3.776382103251095,2.1054340691869804,7.441816913137296,8.810313258723623,1.691379211144006,1.2152177291603912,4,17,5,3.0147040292721448,50.038447068679716,5,4,1,Technology,95.93453791031364
40,14,3.099152763510746,1.9164364360687123,7.14411743540307,15.454240118205178,2.1920932483526503,1.8815124388361946,8,15,3,2.973945087022577,70.09499456166853,7,4,1,Sales,93.56558532929078
28,18,4.506352510191448,3.0851591201327424,9.358972616131059,8.634612333531338,1.368708969289999,1.0616519404242595,4,35,4,4.174614823443282,74.49255570730462,5,6,2,HR,99.9742323529244
28,17,2.4260863154876113,1.0981381806524233,3.751946255155543,7.286584353282825,0.9869466177534667,1.1035705588322429,4,34,4,2.6921797436778814,51.92708241672705,2,8,5,Technology,99.99585248092508
40,16,6.00506638482661,2.294869698182761,6.00506638482661,6.828712415612602,1.2529281640348688,0.856819488693299,3,18,2,4.019972079236909,58.157934332979444,3,4,4,Marketing,81.76098775503645
30,13,9.957397768199927,4.497122429818211,14.352188301807695,7.0352008887061235,1.078957669165498,0.7630663596817212,4,29,3,3.493498100441906,56.93338325768443,7,8,5,Marketing,95.4866657664756
30,16,15.362587287009529,10.289061384953369,22.142547214094012,12.788991098201826,2.210980824954324,1.7018125231550285,6,23,3,4.212267142718545,36.246274653095426,8,7,5,Marketing,99.90787048460292
32,18,6.343267045875428,2.684375858421481,9.160660673053757,7.678368638504113,1.3144791580895057,1.2111460582356035,5,41,2,2.528851718870785,65.55823192469936,4,6,3,Technology,100
35,16,7.440032650334603,3.2094898253524193,13.2141712020999,10.866251081284016,1.7592233771492172,1.3360684300397232,6,15,4,3.0996404941371307,63.10422106832171,3,7,2,Marketing,88.22680139283688
32,16,6.324177644719922,4.616271487366429,13.360892662360559,9.863320279878034,1.648550849672108,1.5141734576951693,5,33,4,3.6995662295671754,84.17258792557678,2,6,1,Operations,100
24,16,6.4442690283036965,2.700753760354049,10.026933663798994,11.958267864346828,1.5134319592807968,1.5200967625912742,5,44,4,3.591991385953782,68.04943379152078,7,9,0,Technology,100
48,18,9.51819727496911,2.9968537020153994,13.502499923711497,11.60830434067247,1.5629966051216293,1.457542269186907,6,45,3,3.9122541455560222,46.83638869616363,5,10,4,Marketing,100
29,15,4.780332299637032,2.5610799395207713,11.20602601992652,11.216705259875837,1.9802103572899787,1.5973428176184703,6,42,4,2.8067275033796824,42.42509524563737,5,5,3,Sales,99.96305536717901
44,15,16.485948062669692,7.276345007122086,23.987278948277016,15.378903515495521,2.024486106822297,1.8290118248980385,6,67,4,4.382783199995685,70.07960330511905,3,8,4,Finance,100
34,16,4.610958606847992,2.1212740106891177,5.391813735358666,6.866629664564108,1.097961903834123,0.9255414168271281,4,18,2,2.5933631335891913,57.87973212757536,5,6,0,Finance,94.39530322479729
39,18,3.912067693298158,1.6849230709173495,6.243290613195124,6.433124120546901,0.9498909269823327,0.8799222081647184,3,36,3,3.692098574745736,58.79309212908346,4,8,2,Technology,91.94814114677429
35,13,3.6390043504969207,2.1001696659001645,6.950979996958785,14.380799784222425,2.5353205897298494,1.7397394735221194,7,36,5,4.078326110846712,83.42258765581562,5,7,3,Technology,94.14388769440612
36,16,5.563246207628069,3.287309473308301,8.959309610902082,8.502361346005282,1.2958042840793835,0.7852756323621899,3,29,3,3.7115299805662616,68.06782077048489,5,8,4,Sales,91.62475282089056
37,19,3.9880868344664235,1.5860274237032108,6.726798993796672,10.262821191978853,1.4800893757632394,1.322072124288088,5,20,3,3.3904519166620464,69.98659361866689,2,2,3,HR,79.90084934780089
38,17,7.544891420595513,2.2864436332914653,9.079958904834017,10.586713062686762,1.4666467157428056,1.366140578396873,5,34,4,3.627567607579547,68.38894500526494,4,5,1,Operations,96.07285561283142
51,15,1.9173940480661145,1.8787830234245844,3.5430559885549178,4.950774564132574,0.8287640748257857,0.6564417752279101,1,48,4,4.017908702214252,59.60364581188438,2,9,0,Operations,99.85885761644408
48,16,13.333412997556247,4.880882494283375,13.333412997556247,7.873298414033266,1.308038914611304,1.0647482808921167,3,10,3,5,52.231336711687035,2,5,1,Technology,99.96279414862958
29,12,5.8313523636253946,2.7057461867138652,11.882631550499218,8.103470664206691,1.244966942356015,0.9188025807391057,3,49,4,3.292014377348202,42.414011874899394,3,6,5,Sales,100
39,20,4.522684136355504,2.80043566870825,7.085255829116312,9.924870309349682,2.1378286169952174,1.2891599043041313,6,44,2,3.6938763947360096,84.35661403011459,7,6,5,Technology,99.8870460280393
29,17,4.2186979297659715,2.12159410656493,6.879549339053694,10.040747100489462,1.370551174995969,1.090915734153491,5,37,4,4.499932242336436,71.93502403043661,4,8,3,Sales,100
31,18,8.055716140652741,5.093199453259625,13.347763486925961,8.123070537742649,1.247744885713205,1.1253659936625013,4,12,4,4.997827939370371,63.4688923419493,4,6,0,Sales,74.5877573872949
48,12,6.972803983877113,2.3993203730869195,8.371840240248451,16.59914985699381,2.266233301254612,2.137568066248973,7,43,3,3.3002756034133776,85.43577206634576,2,5,5,Operations,100
44,17,5.050130824137584,2.5397768438613317,9.000451274203181,6.413472803712399,1.2182415803791968,0.762556750889324,3,38,5,4.014537571548719,73.7227343227969,5,5,4,Operations,96.77755770178423
29,13,14.330340850302825,7.801597890273031,29.51601894489444,11.553749833348327,1.446381067750105,1.4308295926377856,6,16,4,3.5838986547096248,71.717973147858,3,10,3,Technology,88.75590627582106
49,17,4.584120423343817,2.30447685429943,7.3013683002950005,14.938159331353841,2.5286468908746964,2.2784920453643043,6,22,4,2.4823982067223476,52.24951012341774,3,6,0,Technology,99.88925801348562
41,15,5.9730779641493825,2.867040780137024,10.43683827554008,8.281062364220174,1.31561834091031,1.1213085179874511,4,16,4,1.588817762765932,62.48734172726801,6,7,3,Marketing,100
41,16,8.299646056026058,3.7782010387030467,14.666999552393925,9.330960906100195,1.754299057379734,1.3476201829958403,5,52,3,3.785648262879231,38.37701787411944,7,6,0,Operations,100
29,15,6.080120483351182,3.2155406079673767,11.575980341381289,9.571203477315903,1.3587261223215723,1.111411246891234,4,54,3,2.7073978007826756,51.08057721136242,3,4,4,Marketing,97.52818213579324
43,19,6.073577319957195,2.6829884052502453,9.578373635912914,8.425661212659469,1.240603133485938,0.8936852150708942,4,11,3,3.1737160398681903,60.06134056739996,3,4,0,Marketing,81.99794786707811
26,14,8.160870702924235,3.318771632990124,15.4784991934482,14.595519307711696,2.6055472261699775,1.8852108681882926,6,56,4,4.3946920258645585,68.8892654244426,6,7,0,Marketing,100
31,15,3.8263809181801047,1.8363397661033445,4.294172081260961,7.157234955901897,1.145690238699523,0.858661442333901,3,17,4,3.6775246654869593,39.810356352941305,2,8,5,Sales,90.09795990967936
29,17,2.219955971429203,1.3296457725033985,4.392233597332701,5.81534877550069,0.8508531457865869,0.7984183119197781,3,30,3,4.708231336955388,75.74014844613654,2,5,0,Operations,90.99345787722521
42,18,4.938387962170952,2.6342117611830504,6.38422340011122,7.426693916628228,1.029355236677805,0.8251963933313431,4,29,2,2.6928898146028666,55.93382345754624,5,9,0,Marketing,96.57258015493699
27,20,5.9975798551413675,2.5136768156981995,10.39746519536939,12.108188818221869,2.393900126319761,1.7149052685391477,6,38,4,3.88294013073186,68.39329051145036,8,5,1,Finance,100
46,12,5.143352325226574,2.50783389873817,6.440487488404695,11.3665868109626,2.1876439920626765,1.6848032545646998,6,23,5,4.109310050081363,74.97172106824044,2,6,3,Operations,99.90231613350554
41,15,4.176740588767954,3.5883122887649814,9.873592253872825,8.651491122000467,1.6578437519612088,1.3310178956676868,5,37,4,3.8046034543276575,56.51040710469547,2,7,5,Sales,100
36,18,5.85216163586526,2.926594353153102,8.150220268291847,8.305781885799382,1.5230856427759945,1.3175108121660546,5,56,4,3.6094802052991537,61.23118279427117,2,8,1,Operations,100
31,19,5.4804910852790005,2.520290988432283,12.137912144846393,12.808425274692333,1.8400240033589428,1.7904534340446192,6,32,4,3.790156542342499,82.71560995521251,6,6,0,Sales,99.77213802102403
36,13,4.638778996796479,2.736006186674813,9.517151540607747,14.751680120097003,3.0637263674683752,2.2578456767361055,7,15,3,3.620303088424751,40.43444572109145,1,6,1,HR,95.47637298669768
41,19,5.902713678947735,2.134351554935429,7.628508753441024,9.347644390818543,1.68527022213633,0.9504976864082898,5,54,3,4.6024662602987725,68.03462743962353,2,7,3,Technology,99.84401849072724
38,16,5.831316112040662,4.145593976965643,11.124325745242974,7.485133455668881,1.4423312029588435,0.9151581565301607,3,56,3,2.6117114083414283,87.18718284391278,1,6,5,Sales,100
35,18,2.28966548264291,1.1879016675350476,4.670692201593277,10.256726245791429,2.116328299525785,1.417651279428037,6,63,3,3.5932761634667,60.11854155809752,5,7,3,Finance,100
48,14,6.866447447918144,3.6806092788258185,11.004080874375198,16.47757203592375,2.107213472719028,1.675366962722709,7,22,3,3.9081020242498696,62.426961359513406,5,9,2,Technology,86.17713538136645
35,17,3.9365708186066604,1.7791208260766982,6.165302722042336,17.520148334988637,2.330651481459623,1.9265192886802645,6,49,4,3.374528568900885,57.629662213311164,4,7,4,Technology,100
29,16,8.349586901848932,4.9724024538399005,13.436028820443992,5.916900390276232,0.7895420043012256,0.866902639066849,2,17,5,1.7986261866653566,59.671679569775115,4,7,0,Sales,88.89428612769493
24,20,4.899992062551665,2.306245734750453,5.798966333090675,7.213572464479301,1.269432928161336,0.8010284985167084,5,35,4,2.400092913517865,54.47914951136281,6,6,5,Technology,88.88729120996028
40,16,6.998458067480768,3.6681471210564105,11.968836912008491,10.79267482827108,1.4820104307351334,1.3135571239375916,4,28,4,3.602868251177313,36.99369216870747,5,6,2,Finance,91.66453199155939
43,17,4.187547642850016,1.7941270268623835,5.426230725096356,12.481990333546882,1.7125167381551014,1.6149347922805963,6,25,5,3.7018315331547775,15,3,4,5,Operations,99.87200342592921
40,18,20.667764857491346,8.280868284538665,27.760381211121874,14.86825161159811,2.540586159413208,2.203803768073258,7,30,4,3.1006242837838585,77.75977657516029,5,7,3,Operations,100
40,14,4.7843670773320355,2.5938013681073926,6.199938462008833,8.46302463237807,1.1094754979274255,0.987464016554498,3,38,3,3.798172081308754,78.24479933410274,5,5,4,Sales,99.83764800376237
35,19,10.265493673975342,5.833642773424506,16.93873751450403,9.048869707041403,1.2049113403150593,1.0938054485727324,4,73,3,2.6223539315815954,56.364879877529525,3,8,3,Marketing,100
32,15,7.92350203090382,4.304328170661404,20.789465242922827,6.749938613398189,1.2963695794046368,1.0616047258954542,4,93,3,3.5955170082554826,66.62751504576453,11,11,3,Technology,99.88698294168582
36,20,5.161268982667064,2.588378117169983,10.35273420300251,9.995374417273927,1.5917708421857946,1.285200614411644,5,19,3,3.802066124888046,51.680067138419396,4,6,3,Operations,87.398732414159
25,18,5.375587830457536,2.8842529166021422,13.463502074283232,7.650293655369684,1.466766110369858,1.058181307089492,4,10,4,3.5164885477455696,59.487779970189884,2,5,3,Sales,83.2932911000058
48,13,8.950675894563432,3.883373411578716,14.107122196302363,8.63094913678886,1.3688051398026357,1.265403020450796,4,52,4,3.563570272924217,72.1248902171617,3,7,0,Sales,99.91800284573402
31,12,3.056405238842044,1.4937890322186391,6.229825290726148,10.969619720245165,1.840562217800929,1.614684549982005,6,27,3,4.109482852577031,85.24510290490964,4,6,1,Sales,89.88904498429322
43,15,6.063870702945882,2.9987473837121357,12.755481353851799,8.06739555048748,1.4038242160974048,1.354777386403894,5,21,4,3.391857663249364,69.91393862504643,5,2,1,Marketing,98.54546772485233
44,17,5.2447294796016495,2.85782463138499,11.574069773316678,9.28476035810667,1.5933741188280588,1.0325402509855754,5,25,4,2.699609892502479,59.550247559283854,8,5,3,Sales,98.44467561413728
22,15,6.159093394525381,2.6134428821382745,8.647968847823018,10.002425387615878,1.8941166199764976,1.2522755779230021,5,35,4,2.395131902476474,61.11106596869058,2,7,1,HR,100
43,14,5.463834218105794,2.7876492315195476,7.1046616775805385,12.018656327402901,1.5882597081858951,1.6252161355576245,5,48,4,3.172124451733013,64.14824693892336,4,5,5,Operations,100
28,18,5.097545405019271,2.4130339060133084,7.287406237644819,11.021124505822893,1.877695958838153,1.5340898955738596,6,28,4,3.2238370110130203,39.61604652313183,4,8,4,Finance,100
32,18,4.437000914726895,2.5094908305125445,10.006784592298189,9.214780504691976,1.2475051855375523,0.9289143720417876,3,26,4,3.3926345864902814,53.03868101341074,3,6,3,Marketing,83.94099216993824
42,15,6.888815058097639,3.907631790815874,12.536578510347926,10.78714279051751,1.674589606651394,1.2814564109556759,5,9,4,4.001092905844848,62.000906319641345,4,4,5,Marketing,95.67322400159321
23,19,9.801582832995214,4.868885524288957,17.218588163760117,6.256860965209317,0.9723474567386812,0.7666646469988829,3,62,5,4.904467371410426,75.62142249293434,6,4,0,Operations,100
36,17,7.439050319223404,4.3844913481503935,14.519164928054465,5.92603773378465,1.0191022828965621,0.9183198942202412,3,28,2,2.7925942371576413,64.55076962967932,5,7,2,Finance,93.57540698430212
41,16,5.281027348599787,2.601879771163143,7.63275188098014,13.811569294548901,1.799636654165592,2.2350165216173434,6,10,3,3.6935404281377022,83.92699175813173,2,6,5,Sales,94.2813843197162
31,18,2.9206126161277624,2.096354881467781,5.825831357278571,5.662114543638193,1.0500571904108695,0.7481389872452449,3,17,2,3.4922093947349064,44.69611919682474,2,3,2,Marketing,67.81281793605223
48,15,9.361400386977756,4.992843787370234,9.585013168461685,16.495243587277287,2.304837577850669,1.693899155517838,7,16,3,2.2095248381257995,68.44207396270517,4,5,2,Operations,100
32,18,3.0951154875474023,1.921621404813816,5.1722454138013525,6.039551081351965,0.9000712234535042,0.8543429720566909,4,45,3,3.593067979050819,60.854855677584396,3,8,3,Marketing,90.15899376866352
28,13,6.075423253339506,2.0853241497751625,10.352798165746561,16.13851082297096,2.2572519460727847,2.1425946601588013,7,44,4,4.703862985782728,93.77048410436262,3,8,3,Finance,99.7891096704306
41,16,10.65366933967266,4.723825783791645,14.760342562457904,15.490213953830398,1.964325782578194,2.009545284944258,7,34,4,4.093030275480828,51.663448670797465,2,7,1,Technology,99.91487501029988
32,18,7.07419200759258,3.1956214851927878,8.925812658083709,9.541663030230827,1.526014970378255,1.0185677182127388,4,44,4,3.4738207922135365,92.79617539931407,7,6,0,Operations,99.78169126004934
53,17,6.542727693761111,3.262943452567145,6.970537281885083,13.313519334805676,1.8633274969750788,1.4173130010114132,7,20,3,4.093416894714854,67.43794342428545,3,6,1,Finance,90.88078996112691
39,17,6.119397961877216,2.7298645577574443,7.170196082215167,11.999128019148413,1.6711164872889022,1.5609521230038221,7,26,3,3.1939828979487146,53.364269829358136,3,5,3,Technology,99.9999956593327
34,17,4.507098596011851,1.9806632721931505,7.572974086333029,6.4750530793227234,1.2432789039504202,0.8325078788498166,3,44,4,3.91307755892961,64.03677794426999,2,7,1,Marketing,99.90333095981858
24,15,7.85043145756939,4.491283749764107,10.995899656079429,9.596264007786873,1.2946180146265671,1.3093501752949814,5,25,3,2.810868173207684,63.75440378151944,2,8,0,HR,95.78857620935639
26,12,2.9481490661833503,2.907131150664329,5.050383804457024,8.558181851260512,1.7412401988468933,1.171986664037596,5,27,4,3.6984783869537274,67.01844478305755,0,2,0,Marketing,98.18682772238299
45,19,3.378832173535083,1.497187776974509,6.157739815220314,6.71734241263435,0.8326557241940923,0.9595436375646932,4,19,3,3.1243004222545725,69.55224405922442,1,4,1,Finance,70.0920011927799
33,17,6.3100806942069285,3.2368641028204035,10.425935169251273,15.120554383701649,2.366964496170788,1.9135598792990067,6,17,4,3.9988578296860084,67.99081989613711,3,6,5,Sales,87.88334587900084
32,15,6.420366862874092,3.0065752889427686,8.029397316024562,5.183989264210301,0.8327595305054062,0.5567188065289431,3,37,4,3.472630527998682,67.1087515160711,6,4,0,HR,91.85627851332367
34,16,3.060970739168884,1.5298791347179308,4.020548857378473,8.08708083949577,1.1810008037000188,0.915779110800561,4,30,2,3.1983620646931987,53.07961526101231,4,5,3,Sales,77.96627721771381
38,14,8.697381331653496,3.8064219808070496,15.51205444082885,7.90256430619852,1.2123409228157396,1.0852379113288853,4,62,3,3.0831836094910887,58.89854120753276,1,5,4,HR,100
42,15,2.7493563988319862,1.808740292464148,6.474824574167878,8.434339414584867,1.6935044038947153,1.069477443615542,4,100,3,3.48166670056275,71.6888069842162,5,9,3,Marketing,100
36,15,4.659615996673048,1.8759158962175861,4.659615996673048,8.28941908975155,1.3550668709184992,1.167753518478696,4,18,5,3.597950373465086,41.452306613212805,4,5,5,Operations,98.28649887209315
44,12,10.038131127947857,3.8996168578595123,18.44775572020363,6.8834101078841305,1.4487577838564047,0.8692265230517788,4,32,3,3.4022922613003472,52.44940005351622,5,4,3,Technology,99.66123559583718
49,14,6.024658753174595,2.23353474779588,8.252751261464933,7.924035632374246,1.5293291200656047,1.2544169781912733,4,24,4,4.1180202044609775,74.27280028918364,3,8,3,Marketing,88.08617044271686
29,14,4.385249380534629,2.2285710210537153,8.553369499649918,13.516477859586779,2.327128982088466,2.180841662153373,7,22,4,2.6008983896425555,65.46000217519955,4,2,3,Technology,92.24644403826554
36,17,4.449615868085912,4.079092894264171,15.090319400219784,10.67004020333355,1.8020782460658098,1.3035720114600122,4,35,3,2.89077195550144,74.27004399088324,7,6,2,Operations,99.99547192000166
35,17,7.3298018415231665,3.8596650983717744,10.961190432779732,8.801422293624608,1.312608561394378,1.3941896356520291,4,27,4,3.3963074946110097,75.18382955497101,2,7,5,Technology,91.92223118651654
27,17,3.054357928689652,1.1700021344138938,5.265515810608234,10.530264658047505,1.9196634606306846,1.3109438737132348,6,41,4,2.8995558593494763,26.25125496167855,6,7,4,Sales,100
40,18,4.083329626800465,1.6123312419363152,6.25826339068324,7.7757697834496415,1.281331266326521,0.9901719663057179,4,49,3,2.6982028067305523,50.829765553932006,2,5,3,Marketing,99.95608432146972
50,16,3.1042726531950144,2.081948401775601,5.594346966500074,6.6835509302849765,1.3155958806263457,1.2240445448663093,4,58,3,3.3911971929801346,42.24173140903919,2,5,4,Sales,100
36,17,5.426136060445507,3.2318143664054655,10.5219722931324,16.8749550900419,1.827146889724411,1.7312228122336506,6,33,3,3.2964770279175797,28.44138618621225,4,6,0,Operations,99.9352822537316
34,16,7.974890534017661,4.190839281403219,14.26738458735624,10.571831081811053,2.0832222221221186,1.9272102045621686,5,17,4,3.404915671191651,77.567537470281,3,7,0,Finance,95.78944509012398
43,20,8.380627823358916,3.523366292565744,18.2762998773217,9.023731106716813,1.1799698321365464,0.9882220312567255,4,63,4,2.9301340663745843,65.04907576687104,4,9,4,Technology,100
27,18,3.3330667481196974,1.7613388123935285,6.605480617876356,26.27282144134338,4.2703502670288795,3.2941997884921608,9,30,5,3.2747886415551317,44.78041507234728,4,7,2,Sales,100
31,17,3.527740883533112,1.6751140719853843,5.388225492003533,9.586470788538751,1.8515527109417984,1.5937346988445882,6,27,3,3.2153720196267592,63.62292325196036,4,7,1,Operations,99.37164662396664
45,18,3.484939854941071,1.3025636858652407,5.193012266371253,6.9611234695181485,1.1636920368376702,1.1055813729001644,5,21,3,3.7222367634099505,76.11529298214252,2,7,3,Technology,77.31211455827204
34,17,8.786830673006559,4.515787568395941,13.55206420363966,9.118498241071652,1.8360615685173443,1.0703883054392973,5,22,4,3.8683796903435694,76.78319469170943,2,6,3,Sales,87.2976187530993
40,15,4.416362523996556,1.7186500860783134,4.999978652077245,5.5306021465735915,0.8962915681466899,0.6891176449417049,3,33,3,4.5776331470628335,48.675589241425214,7,8,4,Operations,100
30,12,4.0856299834707714,2.3965275286720544,10.126114970804776,8.811655410176494,1.357457311174441,1.347908504260613,4,48,4,2.607449381329746,62.62684738447509,3,7,2,Sales,99.94027518350306
36,16,5.415585799303121,2.722368276786316,10.30821864718169,8.561988616527954,1.5263201620163103,0.9719886294797688,4,32,3,3.386551239577818,54.651827471943704,4,10,2,Sales,90.4569905462537
32,13,4.448909177850173,1.966454378586316,8.518508094720833,8.944469670707903,1.5475397154631976,1.0380517120490145,5,39,4,2.486337616830263,52.19759185694912,1,8,0,Finance,94.24402554282692
33,15,4.538252578113462,2.0887029637284242,7.7183461353228004,9.54425750324044,1.6857125441460055,1.2815389132605692,6,16,4,3.6036867831667427,73.48051830032976,2,7,3,Sales,97.09982929638231
43,17,7.776686573498492,4.290283370266812,10.060789022585165,8.865853484596364,1.599677702261206,1.3380652180584818,4,14,3,4.504750559326688,16.758766351123555,8,6,2,Technology,99.93963576044767
47,17,9.368254474436336,4.303039102135032,20.339518956927346,11.80412989004656,1.526827043075981,1.6693835252645883,6,28,3,4.31744951789393,87.35995071852233,3,3,2,HR,97.11811467909375
24,16,8.027793179594466,3.8741730267472834,14.647891416438704,9.841435175215024,1.7239957862393767,1.463696654190197,5,34,3,4.1868691740540385,83.67134429021219,3,10,3,Operations,99.93002921389588
30,16,8.120798293224832,4.813732835094197,16.1947386515075,9.987911513972339,1.5977286029377653,1.2278264305326392,5,38,5,2.314408637206657,66.522344784964,4,7,5,HR,100
50,14,8.786606483183363,4.407356189881168,12.017712412724826,13.343554013458247,1.6336802849638554,1.3288520116828397,5,62,2,2.987712918795629,42.01315976147884,2,8,2,Technology,100
43,15,4.955562733064463,2.116465845933197,8.294242505442634,17.521545982332853,2.5282881969614874,2.1392586777815885,8,12,4,4.408680684187089,61.87886545927349,3,4,1,Marketing,96.30487022336978
45,16,4.600263566095806,2.721898303611444,12.69463060438804,9.103041905592614,1.2504749188205992,1.2016414612211326,5,38,4,2.5795518044391668,55.26417214190224,4,4,0,Technology,99.78848787036605
35,15,3.6568929593526986,2.001360612042196,4.877995215247041,18.55339243124795,2.640583172873485,1.967201233313899,8,30,4,3.5054012135435215,61.874458389834096,5,4,4,Sales,98.69390688824522
30,14,6.152124219311332,3.5279309111982293,11.009720660959582,14.899962971632348,2.7273687196062117,2.130387951295134,7,51,3,2.604591002061106,64.8010234847011,4,8,2,HR,100
41,17,3.496653920142317,1.7835693740640153,6.668092976183924,9.186504914681516,1.8249514309514892,1.3175945326968785,4,32,3,3.691541193086985,65.14396867909733,1,4,4,Operations,84.59440542752667
37,17,8.208392136529442,2.7600175255726542,14.93763923479787,12.8286822323014,1.9502845292252584,1.7862810707481813,5,44,5,4.805467715159356,74.53720866262665,5,8,2,Technology,99.84034121600735
34,19,4.76931318483816,1.695444908602246,6.025713728063437,5.566324336329554,0.814205895495774,0.6757020398446468,2,32,3,4.419957711183493,26.550604467101977,9,5,5,Operations,97.20884538095645
24,19,5.803125007999691,3.00260560340819,7.9074054298927985,11.747509568485379,2.1382890515234134,1.360592510098774,6,41,5,3.995256136368303,48.587935070291834,5,5,3,Technology,100
29,15,5.042442722922384,2.6929942754819503,8.042643999623106,10.335066536701323,1.3826590521056008,1.0580109618520008,4,33,2,2.5985091475806796,40.39382082687977,4,8,4,Finance,99.78684002865447
31,15,2.4988679137752103,1.50960282910042,4.345457015367197,6.517294169376627,1.1009271501852558,0.7482299486915687,4,18,3,3.391002386692898,81.30338751188856,8,5,5,Technology,79.31290286067195
40,13,7.152146439993267,3.473430575507086,11.352505257276091,16.92970209304593,2.5212559981946754,2.2278516522737313,7,16,3,3.589433453985571,85.13155176168999,6,5,5,Marketing,89.53541884608144
44,17,6.982046962060497,3.016111080542992,8.090767596390993,6.889179326551292,1.319406372910075,1.0401595827349224,4,14,4,4.861488945103499,55.8256029818163,10,3,4,Marketing,83.85755275855863
36,15,8.311692580015155,5.0026475455045984,15.385112973493781,17.367376039888963,2.598943462850895,2.030266966152714,6,31,4,2.2826677815636547,43.998774767462656,4,7,2,Marketing,98.09571274962694
40,14,5.6817839887347485,2.6104676928898627,9.334022001427947,5.7624352121649585,0.863311937188421,0.87407806021412,2,23,4,4.202228126936955,41.51287215249829,5,6,4,Technology,95.77859770526773
49,16,7.904235442785914,4.187829429199232,14.033089329207483,15.726348027177588,2.154589923568593,2.1821224468588656,6,36,4,4.106998973342217,54.64880899143612,5,7,0,Operations,99.86736817055855
41,18,3.851462639591378,2.171567776377606,8.30885211226183,8.837787921645614,1.4400890166791944,1.3534548207526078,5,25,5,3.081497135875624,58.534485675282774,5,7,4,Finance,83.96274497529109
52,17,3.8690526958809017,2.0557488100616976,6.4873433431827845,7.879190216366781,1.2830508044406586,0.9176346967819476,5,31,4,3.109133386190189,55.43485313259029,7,7,2,Finance,100
33,20,4.763843607599656,2.4053764073237716,11.816681515747144,16.740397839516685,3.0781587542414752,2.1878944111975445,8,22,4,2.42148215877025,56.62813457102544,12,3,5,Finance,96.0081555377845
34,15,5.465636577569993,2.409961062620917,9.245335472671723,9.806762170271623,1.2973290039090475,1.2224824325606147,4,32,3,2.6131646978479495,47.066586004644094,1,6,4,Technology,88.61142025897504
41,14,9.020131090989167,5.6952279483926285,13.900787431699856,12.58223078364702,2.097112483682958,1.2776003933379843,4,19,4,3.3832088306404025,74.63835824597867,5,8,5,HR,96.42302687891008
38,18,6.5464864131782345,2.2835188104479327,9.45182054630981,7.871132866968702,1.5724310197522458,0.866683057962691,3,39,4,2.9893445592925807,65.55757669257585,6,6,3,Operations,100
22,15,4.502144746043298,2.559078535622774,8.805467042910776,19.948887572713843,3.370345623254081,2.8713075496887903,8,38,3,3.1027316868128523,55.67368169961612,4,6,1,Finance,100
35,13,5.9514842360186515,2.3283825443346102,9.883486741940711,7.538489109029754,1.1450471178531059,0.712085395674748,4,15,4,3.3133556015369208,69.37966164456049,7,8,4,Sales,85.13967498911221
29,13,3.8058746107553727,1.8376373227454212,5.7985688705387926,10.508481260231571,1.4235259141928587,1.2044946925889901,5,30,5,3.3852375669428802,56.80370665715015,5,5,1,Finance,99.15486014853747
40,17,3.8800532575515434,2.6775930595484327,7.176951894316463,8.282357075617078,1.3239609212714127,1.140959868899507,5,31,3,3.4362970602882386,75.63475972252236,4,3,3,Sales,99.93349777641133
27,16,4.127783171529776,2.411417309886966,7.770629670933841,13.885598391530145,2.3520628407156927,2.0824976902134114,6,11,4,2.894370170803299,61.58299050338515,5,5,0,Technology,79.12857789640937
35,16,4.491169850990987,1.6007913556518276,6.239157087526432,14.92996776043426,1.979999480426532,2.0696774666308824,6,19,2,3.8051507689632134,69.38511378988053,3,6,5,Sales,98.6307261452043
36,20,4.864612920641442,2.4525702352775545,9.910546642548628,12.53884206783617,1.8303053805566685,1.7036179285083335,6,38,2,3.335199594941936,39.45270707622837,4,6,2,HR,98.89180883494373
37,16,4.215294855430587,2.2267614950964107,5.22356075767091,8.739861073101508,1.2508605918888345,1.3001153540932886,4,16,3,3.517252661302662,41.99960025531871,2,5,4,Sales,84.84494324184935
22,20,4.972326183161864,2.7310042415657967,7.778387183461966,9.190632208643827,1.4920973604351124,1.1190549706252158,5,51,3,4.70219646694208,66.26256506691816,3,6,4,Finance,99.95421155140747
35,16,5.64657804838426,2.5002540869713434,7.3776219451900475,4.704806390156521,0.8817977775775868,0.7172241322219508,3,22,3,3.714799081453342,62.00649138630316,4,5,1,Finance,99.83731289259647
29,18,2.5624243442719794,1.496340523968812,7.148425160995779,14.340487229388048,1.8750506866568493,1.7349900809431462,5,44,4,3.321737129501926,52.070964088325695,6,6,3,Technology,99.852070499165407
34,15,5.760101948746559,2.057121652947322,8.67725263714524,8.526057226419114,1.4650125530269116,0.9172855699669235,4,15,4,4.196482695837738,52.192058176717566,4,5,0,Finance,100
36,19,7.114413672271148,3.318808963801199,11.889616777202567,7.373315681966461,1.3645883941901613,0.828108826039823,3,22,5,4.186397319766121,33.9001499451725,4,8,3,Finance,100
27,19,11.47008754750093,4.564076740645078,21.041135675311892,11.181493996698642,1.5953417951972941,1.2034076003940748,5,63,4,3.9912595795442094,70.73289366830566,2,6,4,Technology,99.92713412695821
47,16,6.8087825795092645,3.3641229149943976,11.90910736332715,10.631088316749352,1.8934958606275225,1.2456131076375105,4,24,4,2.690078433394839,66.46685282820333,3,7,1,Technology,100
46,18,2.70868330235556,2.0162148131988142,5.767065615606894,6.411732368685094,0.9921990165019644,0.8481781357735676,3,39,1,4.883964409791995,51.31031251817612,4,8,3,Sales,99.98554216721952
31,16,4.804720800851504,2.111299119068177,9.591201929724798,6.17726067024236,1.2138430704606866,0.9278173552051622,4,19,3,3.482973420907997,69.47733336602829,4,6,3,Operations,83.22533301903275
49,18,7.091615699799044,4.4727605718350505,10.86257258290723,18.356353015176488,2.5261241284140263,2.4137483093734047,7,16,5,2.907218705669609,67.82380566861619,4,7,2,Sales,99.7991900009108
44,14,4.01346511616724,2.4401505738889027,8.831248560539887,16.52526432912924,2.9689833072412926,2.1187520003563143,8,25,3,4.107196017222105,76.94973484177613,5,5,5,Technology,92.96917205225745
25,16,6.370297741004575,4.806526542658175,16.700850550344168,10.02860863207726,1.6544507044413679,1.1393522819589939,4,92,3,3.7059618711125286,37.830245165518924,4,7,2,Sales,99.8903973090216
32,15,4.597072554023793,2.7426719887576243,10.165981461351429,16.066942618007804,1.8615238546456658,1.8632700172891028,6,34,3,3.8899532596229114,66.22131225870501,2,3,0,Sales,99.79285499306458
35,14,3.677291885881282,2.004513022412882,6.974661800520924,7.784465448034762,1.5174468556519642,1.1042931082741052,4,61,3,4.695994642175594,66.62484846490591,3,4,4,Operations,100
38,15,3.234583178896958,2.5420345747413204,9.432937810992938,10.037226432870357,1.386866638334713,1.2669749977974625,5,16,3,4.020050445370555,79.48223574487407,4,9,1,Operations,90.4455240958773
33,18,6.358234042432349,3.7276826941057357,10.530511897139895,12.376547076302625,2.2923341064117446,1.4445124812433865,6,22,5,3.9995948918902524,43.83956203982906,6,5,4,Marketing,100
36,18,5.266107105617296,1.8996426919958664,7.015727405718377,6.523275590414624,1.3554884625097625,0.8550044260894853,4,31,2,4.007039975277666,53.06719480222141,9,8,4,Marketing,96.48774679259444
40,16,3.636631297556378,2.367636228807699,6.766236985137807,8.486430599450417,1.318553241058273,0.9828984161978688,4,44,4,5,49.1942901410287,7,6,5,Technology,100
32,18,3.3496030437366713,1.6502837328402247,7.008045162639465,14.457732234300265,2.05012565828219,1.5625961022305839,7,51,3,2.600568232772936,59.4375752109986,4,7,3,Operations,99.93199832056082
31,13,4.562828381611714,1.8823132005422807,4.737034711763304,11.0263913486527,1.8145142379227033,1.1541636354459361,4,45,4,3.2065909986827683,27.049059673394076,3,4,2,Marketing,100
33,17,3.494528485389742,2.6010412839134527,7.883529051491824,14.052488587932109,2.1846778244880602,2.177361758373059,8,41,3,2.4006259098364646,70.6772160847301,3,7,2,Sales,99.89789508937898
52,15,8.422920984914139,5.122187833745154,11.220069406822228,13.76393744691272,2.078905216160674,1.5499910097770786,7,37,2,4.10096797458351,60.69415026762488,4,6,5,Operations,100
54,17,3.486442621962401,1.5861062958659997,6.6506818969678605,11.002819352113354,1.6177534644121538,1.6482288577488466,5,34,3,3.2139066339478135,60.96636669829293,8,6,0,Finance,99.97855211893335
35,19,4.391340226235724,2.085004569683806,7.834492207665433,10.54832054204316,1.7552639525223335,1.3319681531548055,5,35,4,2.8047272399576055,51.77921266313329,2,5,4,Operations,90.95937871672
44,15,6.150735000842996,4.133351310678876,16.13883887264296,14.553551125685047,2.2364810681725027,2.1582218754694726,6,58,4,3.4846632936121273,21.686579626149513,5,9,3,Finance,99.74060776216587
34,12,6.507873007598042,4.199448861057109,13.807062843836466,11.065819091133989,1.6873662558029794,1.232616513677421,5,33,3,2.6024811279321955,67.97430437524835,9,5,2,Sales,92.80969762314837
35,17,7.167196555013685,4.52652977166651,15.18067644619307,12.887425527911365,1.8777346852277805,1.7409023277516322,6,26,4,3.416888800699622,64.68820596872563,5,5,3,Finance,99.90996891640806
49,19,5.052311056021177,2.884534233766375,9.361574123366003,12.48480834902075,1.563306968867598,1.3160768037043211,6,46,4,2.9952576671709217,19.972697301837492,3,7,3,Technology,100
60,18,5.2874629895125755,4.0013404166965065,8.211594662381142,6.177261869507611,1.0891279108519782,0.9694056990674502,3,41,4,4.113304687489394,46.85652312088991,4,6,0,Technology,87.53301851345039
27,17,6.495012629884739,3.8297030028217898,13.280084994109801,15.972695506058361,2.020867091515585,2.0329739979156125,6,26,3,3.1153186370444614,72.98928272833578,5,6,3,Sales,85.00560614392182
32,17,6.299593192249158,3.41597635472072,11.195794451942817,10.075489331816055,1.5635219832959426,1.5426502595343625,6,14,3,3.084088024909592,91.55176529790117,3,4,5,Finance,80.99451509735546
49,15,5.746459226193406,2.879223050483724,10.682774800172076,7.992895298500843,1.1297652445139377,0.8189343020730377,4,50,3,3.123875473519235,56.95544731073247,3,6,5,HR,100
33,14,3.3914245095475555,2.4922587311542035,6.739025763575271,9.629162371920824,1.597335739676972,1.2742462408929782,5,38,4,3.716062550873133,85.52263888705471,5,5,2,Sales,98.97872884830758
28,16,5.489179026247027,3.4228869968451314,15.608426052938801,9.821093744834478,1.82746932448596,1.9034637173691071,6,54,2,2.486957043027703,67.65908730540973,9,8,1,Marketing,99.96066944366119
30,18,7.338210403413256,2.88894458484984,15.227871694565192,18.334568122335995,2.7484912595233606,2.682098008749266,8,36,4,3.8836239613230052,44.72515408554853,6,6,2,Sales,99.80503213736354
39,15,4.545641858442718,2.2081831027817076,7.195869133139187,10.227313309813626,1.593600347616393,1.269636590333581,4,14,4,3.689727181274965,75.37274013339447,6,6,4,Operations,85.9240862851386
23,12,7.135332608244223,4.58310347718214,16.060281334476667,7.439704897879404,1.0356340144634106,0.8785897038472896,4,48,3,3.21071796879571,73.43986902637856,4,9,4,Operations,99.79383218743284
45,16,7.228179418980267,3.6012718308014935,10.25749041433065,13.278782930834492,2.264708923358076,1.8257980727360283,6,30,4,2.290094001853603,73.39340269392422,4,6,1,Finance,98.9276674134886
27,12,6.739836556596035,2.6100995322026392,10.682530399194166,7.842736142416234,1.5013707857967167,1.1664795945672854,5,48,4,3.4107065752455425,61.407523310423294,3,5,4,Sales,100
27,17,4.2286757231591166,2.4689665939737653,9.420135012161316,11.702957097989632,1.5502971695086656,1.7498544414354675,6,51,3,3.8207664568990842,61.114523951526984,1,5,2,Sales,99.9734049265377
45,13,7.417541662380282,2.683458516295205,11.844365528043939,7.419187850484447,1.166341462275601,0.8767871244161815,4,31,3,3.5846881311389307,54.80814343526796,6,5,4,Technology,100
30,16,5.17025385812157,2.2266126098815935,8.225696812159056,10.412036472219276,1.418547462487981,1.397577011565758,6,54,4,4.099375717852456,75.82587201468799,3,7,0,Sales,99.91486029955412
40,15,1.6658173213247125,0.9692917264498225,3.2106433946208788,12.803008128869804,1.7328257271870788,1.730968550073978,7,31,3,2.4056435967839276,52.398860260585025,5,6,2,Sales,94.07654632910437
37,16,5.019827835412097,3.3730649317567893,8.864796611238381,10.94942579105193,1.8024392605028083,1.2307752342594436,6,27,4,3.2044211753357197,57.427812058190895,3,5,2,Marketing,93.14701965694705
44,16,5.350333627726913,2.660390382518451,8.550340743560184,8.310653578119531,1.2739229217691246,1.1403658436300947,4,9,3,3.2152500785542024,60.56669603925558,4,3,3,Operations,86.24156369714098
35,17,8.637209319058215,5.927452388995655,17.119918111174037,9.443785155229918,1.5285417866609337,1.3984738892202924,5,18,3,3.4857576204227385,52.726124294642865,2,7,3,Marketing,99.98531987130133
42,19,5.873489492340054,3.398019843094614,11.665840502981881,9.27132950954603,1.3592993688618278,1.0692406869792024,4,27,3,3.9778443201797264,38.721178555664785,6,6,4,Technology,86.40481611119348
36,16,6.045979318619834,2.4973683693574746,12.745114173792008,11.159614442510833,1.7069118643195635,1.4053794685844017,5,36,4,4.186170594551215,47.913533496066094,5,4,3,Technology,99.84931689287747
35,17,7.933664966336875,4.604418107063424,14.682483468988728,9.878229461668415,1.83389497037631,1.6841381979506298,7,9,3,4.221531830761283,89.06481667186408,3,9,4,Sales,91.81784221510738
41,16,3.4072003890466394,1.8527208062398266,5.470897842040267,7.624944832836845,1.1008042200835952,1.1545148742693465,5,33,4,3.499694112229312,54.91798347558479,2,4,5,Sales,79.02763752757156
44,14,9.888289922300247,3.38608642119785,13.46987085590123,7.885136687624169,1.5269026811056579,1.0587615114649944,4,34,3,3.1783086698197973,76.01727312450588,3,7,0,Operations,99.82995238550778
33,16,5.915669918411247,2.786458760881827,9.688068303558422,15.347362760235011,2.709863308540563,2.1893667880855543,8,27,3,4.400635339738377,72.41751148479715,5,5,3,Sales,100
33,15,5.493948721449625,2.3109568884001135,10.018862241366131,10.955675338107433,1.6454134134535838,1.2737984262329942,6,40,2,3.564978608621907,85.95954800593485,4,5,5,Sales,100
45,14,2.7703209090302803,1.7995915623337375,5.444315845912051,12.17942235614488,2.0265403110520577,1.6063209344028442,5,22,4,4.102015963142106,60.72649203837133,1,5,2,Sales,80.59367691178457
29,15,5.138828708733201,3.5056306874212386,10.236401181333823,8.774264775909753,1.2700153941093297,0.8016655891863996,4,70,4,4.502524863159425,62.21819872254455,3,8,4,Operations,100
38,18,2.876366852129419,1.9973490743927336,5.126222605806271,14.599194634243464,2.2492755444689525,1.9306926791311605,7,22,3,4.011966333345494,83.98366349739949,5,7,1,Marketing,96.8244900621994
40,13,9.768553471737006,4.013051366317348,19.05040908275717,8.540561702378273,1.3625668583371058,0.9393980008048116,5,56,3,3.4145653057357763,52.38518169513187,2,7,1,Operations,99.91323010056435
22,15,4.6905730797539835,3.0430030208502266,10.565275861360297,6.966585619969219,1.2644144523161882,1.1598404807573113,4,40,3,3.9074510889621017,87.92328840636729,5,9,0,Sales,100
47,16,6.546282534038367,3.0871028709047152,7.206887480791728,12.190994757381006,2.6378684400468195,1.974588018851058,7,17,4,3.9117438448259954,44.74392762773176,8,3,3,Marketing,81.18134606938291
45,15,7.670165074061626,3.6072387568538584,11.351891582525843,9.157338479362572,1.6841627179499734,1.3922006222948362,5,37,4,4.102856466219502,50.607230878136306,2,8,0,Sales,100
40,16,6.323289006422631,2.4393897535510596,11.15834298149041,15.180602669217413,2.5475663819160737,2.130939099917179,8,22,3,3.8707021527825094,66.38767400557653,5,3,0,Sales,90.85589372992565
41,15,5.419532381870435,2.915078919712632,7.586610161392368,11.58555349746642,1.9310876107859594,1.8135918492656082,6,65,3,4.274176409388864,74.8812607425116,4,8,3,Finance,99.98771590947518
37,17,3.8183279726176975,1.6843050521008749,4.589027578113969,6.873351805144496,1.1458348500475521,0.7880169453091359,3,26,3,2.900489495321964,42.52788183897378,4,6,4,HR,85.11168763614782
47,16,6.134217309082008,2.1866215511708775,8.578994575465586,13.68623367458151,2.354093386266829,1.6863143750598677,6,37,3,4.293810819584063,80.94622695997117,6,6,3,HR,100
33,18,5.096541558776541,2.815944025485089,11.089204056203041,8.06265727458847,1.1995888845602027,1.2218550549865999,4,26,4,3.707213750586057,71.57258296146756,6,9,2,Marketing,98.58724553612727
43,15,4.35071271749085,2.28715539331423,8.302547810045969,11.222722575248152,1.5000990335279596,1.0475273727592718,5,23,5,2.809471166773249,39.81616988330404,3,6,0,Finance,82.59565125535575
37,17,5.560737560959974,2.9790662213220043,9.160646518915481,14.67749936385815,2.576774273649423,1.3538427869080012,6,14,4,2.212315767120485,48.54388169963899,5,4,4,Operations,100
27,19,3.8802965610408067,1.8958087415119875,5.581825702529199,16.4620733314258,2.5129369739059992,2.12522754362382,8,23,3,4.286897253838166,71.77406424382609,4,3,1,Operations,94.91082512131489
46,18,4.70763127340338,3.321776989236617,9.150655710999926,19.26173821964849,2.8691553680457758,3.99,9,27,3,4.095573529836793,56.02028654323127,2,7,2,Marketing,99.86405460312297
37,16,4.394022522150964,2.0838140343266223,8.80143764585448,8.890565760374992,1.5042794097145376,1.162022386023716,4,36,5,3.0952655953338417,82.60448708461543,1,7,2,Sales,100
39,20,3.3222086102938437,2.3007963471879096,7.155327994912171,5.030057810699539,0.9201881427041243,0.630385448632627,4,47,3,3.298745087263129,49.43906199150563,3,6,1,Operations,99.99747527980004
41,19,4.772438168022698,2.7596253690271246,11.35289285308658,15.995890652213408,2.4802975302894503,2.121950821343421,7,21,4,3.913956019354396,80.25306467248281,3,7,5,Finance,93.89815092951228
25,17,4.96786531016401,2.593391282024508,10.309321028817589,5.03604531884313,0.7896038630261056,0.5322364178477701,1,18,3,4.618047949191126,52.55827585753001,2,7,4,Sales,94.21343284248162
35,16,7.5237801061964,3.837152182068692,10.585317981100124,13.486065229938173,2.1647603204475097,1.9025358711883822,6,76,3,3.209826532596866,68.07204568046043,7,7,1,Marketing,99.74230265610642
45,16,4.514360488657538,2.625656260926873,6.770192683080944,7.498203351422311,1.1723746098891572,0.7204391432106028,4,11,4,4.1249098481466024,40.46141519162906,3,5,2,Sales,93.31298687105286
38,17,5.211802847558357,2.0768127006094668,5.7900907965216994,9.214952104372893,1.6689116967700663,1.0895672070140159,5,47,5,3.6184161750476855,61.52785589650761,1,8,2,Marketing,100
44,14,2.2647136809813584,1.3116792913651203,3.1108538463815916,9.687711397731498,1.7492973195761985,1.3698977349978092,5,37,3,3.7739107143965165,48.977628015439315,5,7,2,Technology,100
35,16,3.6237210633831585,2.0338792184070806,7.692062002739637,6.7876982309595695,1.4017639339861672,0.898190576854131,3,51,3,3.815465053759983,46.50348004890778,6,6,2,Operations,99.97486027270259
30,14,4.03879711114916,1.6575401804403922,4.896382629695389,16.033834931590444,1.852184562399952,1.8835140149351364,6,34,2,4.120226877967721,75.77959634783726,5,9,3,Sales,95.79040350244821
38,19,4.0806159989865245,2.181085733780408,6.104251638926972,8.988703574076027,1.4206580506079427,1.2443380713711902,5,39,4,4.7072121087703165,51.299589646216006,6,4,1,Technology,93.23578033566957
50,14,4.178005903244148,2.7297354177198008,6.935987481393879,8.102478865675602,1.5334727154979833,0.9005268471226262,5,32,4,3.572583764867945,60.97150333606988,2,5,2,Operations,96.79204298624367
47,16,7.199929459641444,2.6733162225910765,11.20263550003872,4.457414514291681,0.61,0.5053285808144541,1,24,3,3.5337877534761715,79.08523681481118,3,5,0,Technology,88.32488125927573
59,19,2.754948238990745,1.667274222261102,4.614662371917787,10.050326066460807,1.235904558490205,1.4422498650549338,6,27,3,4.405909347192589,57.29578083907531,2,6,4,HR,98.81540581527676
38,15,7.584473306845232,4.858225145351568,12.692310513473643,7.34509187814881,1.202755836448056,0.8608414740249247,3,21,3,3.532789949685604,69.4677732857734,6,6,4,Technology,95.21489189038645
27,17,2.831534392150124,1.8022687545259386,5.864299923857956,14.95800289889409,2.154405414079963,1.6917039475385862,7,22,3,3.4074913392904276,63.66570691525191,4,7,2,Finance,100
28,13,7.592589280848221,3.1944305065465235,11.78688154442923,8.364300735952906,1.260330272903929,1.0141147126633485,4,48,3,3.7943415576232744,60.88575860975245,2,8,1,Operations,100
33,15,7.127414292129368,4.411105571560152,10.609505780501408,8.843093835449102,1.444657431207729,1.1782887756270346,5,35,3,3.1871270490884624,69.75968097581763,5,8,1,Sales,100
40,12,3.055310597923437,2.2992200686985673,5.822877534500618,10.754358220819165,1.306005066078234,1.2801472339470665,5,77,2,3.0920827961858777,92.06390133222199,4,9,5,Marketing,100
32,13,5.423577693621798,1.9973825458497079,5.59790126530339,10.449672132716662,1.511268456345921,1.040430048810993,5,42,4,4.910984630395472,62.716839538436304,5,8,3,Technology,100
34,19,4.342148178983498,2.499486126865971,9.842285820800134,6.739027796342631,1.1216478680728268,0.9368743609491879,4,36,4,3.1026288405509477,56.172411207964814,2,6,0,Operations,99.83693978945018
30,19,6.514178656339833,5.205286716574879,11.071778337018774,10.67960228302179,1.6081114560385035,1.1984687660291309,5,48,4,3.4952884254225918,51.54092679730217,6,7,0,Technology,99.97721233937989
39,14,4.412724035556748,2.8673126011904535,10.294313257980896,16.41751383073747,2.7004856163913553,2.567795773446717,8,44,3,3.992440502856124,94.48464251188166,3,8,3,Sales,100
27,19,5.9609523030181695,3.717687284842654,9.227680145524735,11.164869883014282,1.5328853526331778,1.176319084937103,5,26,2,2.885230117205734,65.03496383597893,6,6,0,Sales,99.8527842890509
46,20,6.492340878824567,2.7479080118553885,12.580030998306146,7.059906966987968,1.3501220844604078,0.9433910009589136,4,26,3,3.6910779546793724,55.94453742055474,4,8,4,HR,97.84072063739674
48,14,10.436697995483609,5.905241950229207,18.030809853827602,11.83370108001072,2.2221551027540163,1.651914388800846,5,52,3,2.9160115873285504,58.32440981784601,2,8,2,Technology,99.99808363503114
45,12,4.779253722253994,2.684890243321372,8.134315037067884,15.733542590968506,1.9138124415919238,1.8231505459874071,6,31,3,3.8161824066915493,49.31240711084278,3,6,2,Marketing,100
33,12,7.148592319091562,3.908116659259596,16.292767222456625,6.477249099302956,1.3291609930377628,0.7067822037793254,3,37,3,3.0778644239099022,86.38171804530354,4,5,3,Finance,99.54830778428118
38,15,2.761809605062388,2.073683836247865,5.970961088383998,11.171255623130008,2.4064029414835617,2.1526070229024,6,41,3,3.9063374633195784,20.17939303599016,1,6,3,Technology,99.93038250385547
27,20,5.585110424610567,3.3875273865030917,12.319859856663449,10.293272685633863,1.774537665115089,1.425764969789317,6,26,4,3.009653774001654,74.44504512861849,3,6,4,Operations,99.86860838999239
46,18,5.761414193785302,1.822252035725811,5.761414193785302,18.956166009349516,3.101278065073226,2.1868489515050524,8,43,2,4.1968183561100885,40.23376764429724,3,8,2,Finance,100
38,18,5.940437248108266,2.391270738856614,8.442020566681025,15.648689382776462,2.5036109428562994,2.899929911605905,7,24,4,4.2030725099410615,58.542686115289406,4,7,5,Operations,99.89346641731075
46,16,6.512138829094416,3.4334317867329833,9.463394826159247,10.70879911315183,1.7843997918733252,1.3473841114628928,6,41,5,3.5087073464788463,69.35859161906974,4,11,5,Sales,99.9844544945162
24,16,4.0116100855501,2.118021843466472,5.056556600232461,14.663731202090318,2.559040754799619,1.8833541239886034,7,37,4,3.196947114170968,63.218865142555074,6,6,0,Technology,99.80165199964505
41,16,5.969119504878819,3.4961778896132727,11.109299200597368,12.009876795845544,1.9924512316566396,1.5189192501622262,6,12,3,2.621324605768063,77.35447626738791,3,7,5,Sales,99.7653437863655
52,13,4.563438807852284,2.0885454140829274,4.655574411617935,11.609424353883284,2.0954077585586814,1.7561526322489946,5,15,4,4.401758909973816,53.502207202162786,2,7,4,Sales,95.00932029803641
23,15,3.1246012848414444,2.605916949818878,7.741103581010004,5.855290539572636,1.0557510418576246,0.7969146086970023,3,19,4,3.9942637625866175,63.3487350555189,2,5,2,Operations,87.5567496504294
32,13,8.229150144863533,4.4827358701655395,11.536023510703727,8.401325566772528,1.2534443100692039,1.121112125680379,3,54,4,3.513661194236706,34.99302311735261,4,7,2,Sales,100
35,16,2.4758812444889173,1.2029399438431685,3.427407432215716,6.931040220228097,1.2344126564662308,0.9797789483203684,4,58,3,4.396854989718883,56.78408382250059,5,8,4,Marketing,99.97601590415447
27,18,4.095681514339676,2.790663767197236,6.771819695617355,17.63015246709763,2.0632232333236242,2.111938367455459,7,22,4,3.9878548457902108,37.7128588078756,3,6,3,Sales,100
30,17,4.1916261633015965,2.4801931560807042,6.5939515778572995,5.647818712069793,0.9949337406237606,0.6301778272676035,2,42,3,3.702567427297859,51.237157827625815,1,8,1,Technology,97.51413947179294
39,17,6.304291278007944,4.4832183084462,14.146291293789231,11.187381416062612,1.8263543375613551,1.3691969902261787,5,58,5,3.8852406534134207,66.29319617220328,1,10,4,Finance,99.92386401877177
23,19,4.333308963461548,2.7717348038621346,7.873496332106648,6.956232260676036,1.0434022223320993,0.7236906609067595,2,40,5,3.195470793106195,54.34649718408998,3,5,0,HR,100
32,14,7.445674359680142,3.118766261100446,10.491046423011007,5.905971410417902,1.0633376543348994,0.9123501868279112,3,12,4,4.194067624453304,53.92143548342536,4,7,3,Marketing,90.3434496736671
41,16,7.028018970934704,2.6939753122715593,8.719676102764835,10.734160753068982,1.7781322667976707,1.2616902950816058,5,32,3,4.021046263291924,70.93436298532093,3,7,2,Technology,97.97835520558968
34,16,4.381268869336463,2.3809194317907734,8.19679929421558,10.092268982087493,1.769506602856919,0.9584861745252492,4,57,4,2.7815533872742213,47.13298189709805,6,6,3,Technology,99.87675591364457
32,15,9.029118463116562,3.825719406838162,16.075019182971733,12.443033051015716,2.0552621546122043,1.8409153689543938,7,50,3,3.6923901787310247,54.812354669622124,5,8,2,Operations,99.95363758173642
47,16,3.74450519287252,1.791572399581673,5.952473631461963,8.37386064853897,1.368153543768439,1.151661769735008,5,44,4,1.58406707842389,52.61530836895552,5,6,5,Finance,100
22,14,5.582453621995832,3.042419780078017,10.820971258577506,6.824907392461619,1.0204865869578326,1.0837895831915363,3,29,5,4.585849631099288,99.99338054187041,1,10,5,Finance,100
31,20,4.723853488506145,2.108925453204702,6.519575805700709,12.266754901771817,2.065047003537048,1.5141198339497484,6,57,4,2.888599009351158,74.77587261994704,4,7,2,Finance,99.8523270760993
32,16,3.6220303482176375,2.391234599997754,8.915117375590407,11.313824489408411,1.531070813395442,1.5485347425891676,5,39,5,3.6958981565748963,50.63674349834287,9,6,3,HR,94.995120647077
31,20,6.769211311552028,3.6571313151580425,9.284417195791189,9.572546532724505,1.8182226071688554,1.5377205241173997,5,24,2,4.088228122205547,85.20782952844257,3,6,2,Operations,91.5508922692122
26,17,5.699108863972397,2.4800024822616242,8.123021611587045,14.604922003197373,1.9886775696345995,1.8923713681519123,6,40,4,4.0728476976512065,54.31125216637466,7,7,1,Operations,99.96515341064591
25,18,4.800507431197866,1.6099730540023864,4.857980572487127,8.019783412458034,1.82373478489092,1.3168423935788127,4,38,3,3.0254518506298953,56.73670060060112,6,6,0,Operations,99.94182737826442
45,19,6.354597264504637,4.341288135873654,17.156311885962857,14.103948390301555,1.6072179803118998,1.7724336797219975,5,5,5,3.3356837477033405,55.795154369454785,4,5,5,Technology,86.64620028166995
29,16,4.457875855745768,1.9503414878797167,6.084811789645361,11.104020987975636,2.008366477583136,2.0552609127225847,7,30,4,4.197470385185977,63.55851270363262,5,7,0,Operations,99.88413274786082
37,12,8.249777805206607,4.310497904039647,12.100461213535272,7.815565825965944,1.3402977082026972,1.0966683969540776,3,47,2,3.3835906604582755,38.00459731065426,4,9,3,Technology,100
31,17,6.352835261361366,3.30234117951672,12.508935038310932,6.992137796347735,1.0835654240435901,0.6985888741304647,3,68,4,3.3887384654375516,46.10885865883612,0,9,1,Sales,99.9584651288066
45,17,5.708900574014915,2.6902643573733833,10.72824980166464,17.909954873748735,2.7455990763736238,2.7435432639490367,7,5,3,2.714364971861047,50.14777195937985,0,8,5,Operations,81.06253874637338
30,18,8.873706831638712,5.202778530739368,20.0118165409869,9.889193083190566,1.7034466060502058,1.3412000339097745,5,48,4,4.3844199965996,61.76729536259408,1,5,1,Operations,99.8566475869961
24,13,6.703483023871625,3.179551650862308,10.623690124291157,7.0316589061722885,1.185758166812112,0.9743664110243782,4,35,3,3.027987241417005,47.08824105283027,4,5,3,Technology,100
31,16,2.4382228542542044,2.12694287557218,5.1971546667198245,11.175327734987233,1.7859770578300522,1.5025034946877487,5,51,4,2.8852619639481034,30.606397437902697,8,7,1,Technology,99.77993515655362
40,15,3.2322406368820427,1.2964062629588862,4.672506773025969,11.490282446711173,1.6511216609911346,1.8533193126062586,6,6,4,3.9253747290402567,50.74771209402469,1,6,2,Finance,80.9229078082806
38,16,7.747115124252726,3.799522646706008,14.394648349281862,5.375912275333449,0.897128923683375,0.9001337847781993,3,44,4,1.997686269335969,66.0335921113828,7,6,3,Technology,99.76518051971449
35,16,8.43227638249729,3.826490339867816,11.414776377398551,9.003076121543938,1.4729122115228015,0.9222705383381753,4,60,3,3.2121813204498464,73.36127315745465,1,9,4,Marketing,100
34,18,5.379532106833555,2.10738306913526,7.331496588851468,7.2653535618250995,1.396955293026664,1.036777292065252,5,49,2,3.9992769515152427,71.02281753611314,5,7,4,Operations,99.80496117294042
32,15,4.116599103698823,2.3059868765602762,8.140615879527642,9.97058503792788,1.4429966609637637,1.2470899037073169,5,14,4,4.8180781196748885,65.06960089864255,3,4,4,Sales,95.36417934514492
37,12,4.331219539365949,2.392355180792803,7.001222761635866,6.7460852346767854,0.8875873240309882,0.6079932898282101,2,32,4,2.4926206075011894,40.16860836256487,3,7,2,Technology,94.98313673777169
45,16,5.982372089259936,3.9229968688835104,16.364978873873536,7.326649605852996,1.0516348156538724,0.7015789951281629,4,20,4,3.406738724056461,69.67072253953316,4,5,3,Operations,83.47364819223881
39,12,5.340136951167993,2.9911802784059365,9.89193134228294,14.09727324693598,2.1294901595000386,2.8278697093539735,7,23,4,3.592282390493924,41.549098389045426,1,6,5,Finance,99.89758530122201
30,20,3.30509492017576,1.7168958256535858,4.424202498319608,7.4358486371282275,1.0854584029406986,1.1951172139816295,3,32,4,3.2885950259599217,66.26874922121951,4,4,1,Finance,91.09715300080708
36,15,6.85507088856883,3.816924441004483,14.27598464216166,10.739133737517404,1.485370316266767,1.2023421788261697,5,19,4,2.7299196782904116,38.53625591063118,4,4,3,Operations,95.19412491676279
35,16,9.591825617400424,4.334962783210298,16.1926175883055,24.512623642644584,2.858850168913615,2.480674390249073,8,16,4,4.18324971382492,28.173881827376658,4,3,2,Technology,99.22079390986103
38,17,4.955351509039789,2.756000695433163,11.967901759601698,9.234118708722336,1.3549757965418543,1.11859511234104,3,20,3,3.907565832098081,64.62016582912617,7,4,2,Marketing,100
29,15,5.980776269041845,2.3908589841123504,10.828409736521012,7.465494965657781,0.9490173072051354,1.2521018966490678,3,23,3,2.2304720548916546,62.1375586745702,6,6,0,Marketing,94.80747884286173
41,14,5.883108274274559,3.346091437902907,11.38647598081877,8.441223647023136,1.0948063191345072,0.8576398702432396,4,65,4,3.5021327985102255,55.417898030879414,4,7,2,Operations,99.98052141627358
44,13,5.683339320991152,3.116944398381088,10.86571902318723,8.882601651065368,1.5170179938306871,1.0209295643429621,4,21,4,3.8891178944866773,60.249296506749076,6,6,3,Marketing,79.95450658906988
52,15,10.579566327421142,5.08776841698026,13.280325276185106,9.706892788040903,1.4995183439225022,1.1559075330581865,5,33,4,4.301617227809588,76.25641972222479,4,7,2,Technology,100
22,17,2.6864950272921013,2.4189354689277995,6.6233369162290385,11.065847253108519,1.6297002375937522,1.3269584380540114,6,53,2,4.121632854147702,44.20047702602842,3,8,5,Marketing,99.9641597982234
47,18,9.664469463586885,4.093220397037198,20.055579605256348,6.944691331572624,1.1692917760487944,0.8766023344214425,3,16,3,3.998612242915797,61.419697168045005,3,8,4,HR,97.4927351759864
41,16,5.843017985192623,2.9031872980407814,10.8672728357222,8.081029513327541,1.2322111306549584,0.999382598085564,4,31,3,4.2932612007210205,71.6479175498779,4,6,2,Sales,91.04431518040472
28,16,5.094540077914926,2.587495184030031,8.826884772327912,9.534160369139734,1.649115445476842,1.2323440377196975,4,27,4,3.4025641197942154,33.208906567757154,5,7,3,Marketing,99.96069307239254
35,12,3.8313655281072485,2.415489761818312,5.488719149027221,15.712273683858207,2.2494139136134867,2.301656630503819,7,40,4,2.60334038250998,61.559552112762425,2,5,2,Sales,91.96590869749754
42,14,7.516780956326745,3.512311330835508,10.318917674490564,20.35930761176104,2.2522515642448306,2.2560646300059553,8,45,3,3.792073393432871,50.217856603650965,7,8,3,Operations,100
45,15,3.9178299394855904,1.7416911074798438,8.208442792233782,6.65131129358663,1.115479250354675,0.6290862896571631,2,19,3,4.596234760481687,43.099880546268416,7,7,5,Technology,96.15733994727064
24,19,4.515950117299726,2.315121667642595,10.130660709760427,19.294789698438365,2.4919921673286853,2.3006873073277188,7,46,3,3.3792392766586405,83.74168135934002,6,4,5,Sales,99.98202072854878
33,16,4.078245935972562,2.4612021896895304,7.133696856424549,13.66639585176063,1.7182964207721672,1.5196772499597988,6,25,3,4.012509455229276,49.50333910742989,2,6,3,Marketing,95.09531303441253
33,17,3.767415340469994,1.4795031851752458,8.369490795273792,10.903696266699725,1.6561611974914106,1.4854974378684953,5,19,3,3.625004534541554,97.62612007299236,3,5,4,Technology,85.38809929966584
40,15,6.49145658896435,2.8754064620495274,12.606447502001316,8.279985975003076,1.6021088812445452,1.330418103353668,5,22,3,2.7106603700073983,35.69300026714243,5,5,3,Technology,99.65407341629906
31,16,9.917517113340491,6.295137630166501,18.914405921079886,10.446110226009628,1.764260468035287,1.375804222562817,6,49,4,3.0122095261530326,55.181079983278245,2,7,1,Finance,99.97585747265092
55,19,7.04544009966791,4.122297073809762,10.188826897262262,14.687131074805562,2.829440301047697,1.9475198267956342,7,22,4,4.492345977334958,69.42718002883201,5,7,1,Technology,99.78787376589818
47,17,8.728830310511272,5.103671737666523,21.841964340474238,15.122926566252827,1.602466287985561,1.669971022173585,6,17,4,3.401091337086613,70.89507234799571,1,7,0,Operations,86.41716919586813
53,19,9.655587728505566,3.3517879021290993,19.063208862634113,13.951585265288582,2.1408735178330005,1.6382172947228706,6,31,4,3.1931886493942847,78.96171057767826,5,5,1,Marketing,99.97673179505394
36,16,5.028538834109934,2.884740346911559,9.632359190555334,11.750759380341798,2.234731645923511,2.1504871867303765,7,42,3,3.9276399090758707,76.42629210920114,5,7,3,HR,99.9440831976442
32,16,8.042887242347078,3.480038837378946,15.524247318299896,13.685895438960804,1.7476666364425137,2.5092386716519854,7,39,2,3.9720633251958986,52.20246082072667,4,4,2,Technology,99.87659860983003
27,13,7.061857364189402,3.3825852575455073,15.857947709571752,10.719903940844521,1.787398156371691,1.295391905522193,6,33,3,3.9013343230331947,84.54185472837409,5,6,4,Marketing,89.86858045917256
39,19,9.196260730236084,3.9091265774845447,19.412674853358606,9.997587454481964,1.4977974141823713,0.9401200872624526,5,20,3,3.4958647178325117,67.84700118041238,4,5,0,Operations,92.51696568269202
25,19,6.970252490096509,3.0019159673705023,12.666143860285851,16.81812901578112,2.2490577879046465,1.7815433331440795,7,44,3,3.2806926503863605,68.42132830410844,2,3,2,HR,99.92912371401422
43,17,6.3493231458749175,2.28333380521721,10.228811658664295,10.409900669086445,1.8403989889147823,1.3087709230183675,6,31,3,2.2895471307980944,71.21984564999111,6,9,1,Marketing,99.99825805030935
38,19,5.3463466631876555,2.8200002977746648,10.267717189353448,10.912432471365504,2.0247622393635893,1.4949006188253486,6,21,4,2.9989391188833614,52.06387962138053,4,6,3,Sales,96.45303060889275
52,20,7.176017334115797,2.3972425122374585,11.380912710442876,10.494894373821946,1.4574416661096392,1.1584713051006177,4,15,4,3.7914956243954605,90.92399284227969,1,5,4,Finance,88.04387483222322
42,13,7.048385503826993,3.9086437635498497,14.094974420098337,10.505332229049163,1.965140190704116,1.309920580268218,5,35,3,4.696388769336497,51.86323215128209,5,6,4,Technology,99.91254158709334
52,16,6.629785836353658,3.606519002478099,14.970110591811695,8.627870967853523,1.4202616111634745,1.404807197778517,5,65,3,2.991139439371156,63.2097310744826,4,7,2,Technology,99.99864166118455
49,14,4.59932965036435,2.9089351539331876,11.69616081908356,10.421784417754518,1.3684477440334317,1.330110182608727,5,33,3,1.8083702762445268,73.9123083635801,5,6,0,Technology,98.02034179739131
36,19,5.2352079187755,2.610842945506429,9.24944001640868,8.949347549588616,1.5388617830682436,1.1985571080263444,5,35,3,3.982324002657574,28.971930939390624,5,7,1,Sales,100
34,17,4.633515875185302,1.9650435757681102,7.422733280169699,14.867882336474032,1.699785369481617,1.6105064931398902,6,46,4,3.828187793893889,67.73180022378618,4,9,5,Sales,98.59993707944676
43,15,6.7763609052176905,3.224186206813027,12.315430186957917,7.047120617260401,1.4518538461241879,1.1536734505532642,4,16,3,3.2905071673782795,80.97041778794434,6,4,4,Marketing,85.67404468721531
42,16,5.719880954068422,4.6953967420022105,12.752889885061698,9.882374812031804,1.7702058540652297,1.2248208363889417,5,33,3,3.2952829667516172,60.26818021089689,6,7,5,Technology,92.02454696162417
39,18,8.439480769657434,4.580976562385384,18.11547094496136,8.005667682192712,1.440508135170196,1.1751060670849545,5,27,3,3.9030271473302003,69.72204669266823,4,7,0,Technology,100
38,16,3.7819585973098326,1.8093626635284097,6.536558315492517,9.60390218789245,1.4129401298414026,1.0583683719030559,5,27,3,2.5014577574083185,81.89838031704137,5,7,5,Marketing,90.68676382211001
37,14,9.668498745158816,4.061646998796408,12.662330193934787,6.9490690686831025,1.0908535229209715,0.8203121943076958,4,31,5,2.5084050107950255,63.50913415113855,11,6,5,Operations,94.36562941822321
39,17,5.088019720939396,1.8032567765607928,9.584208000536139,8.527240313076433,1.3071137165818343,1.009751582189768,4,77,3,3.5004919962561005,60.298737649943895,4,7,5,Sales,99.94921956208657
29,17,3.459061943407295,2.102739927276837,6.1417224866373274,8.140728971529775,1.053467002135998,0.9077243818348916,4,39,4,3.209356072804361,66.06163501926976,8,4,5,Finance,96.81436219667548
50,16,3.9913049950302715,1.745732345519217,8.642858819379352,7.729393809059715,1.4916540161880425,1.1410854688507255,4,56,4,2.635877648215235,46.61201993739229,8,7,2,Sales,99.79884987469126
26,17,7.720128352863991,4.091741671360724,17.826006991228518,9.949460659803915,1.7251034121218984,1.412899529685027,6,22,2,3.3070840777199275,60.41289069335919,0,4,3,HR,93.92046332523894
41,13,15.893327821682858,5.587510198572654,23.69763156858376,7.848412783211582,1.2848382533927363,0.9580669008450945,3,70,3,3.5051309513689626,57.10947260787751,2,8,5,Operations,100
38,15,4.616659934215137,1.8902581476994582,8.070573498561293,9.950974911549256,1.6963510494842298,1.3937943745388979,5,52,3,2.3144329176151204,37.35556863865034,3,6,3,Marketing,99.88216656149683
39,16,9.639686281836166,4.611099071782209,15.882602490567981,10.597740550689293,1.507599398461962,1.0136013715645844,4,37,4,3.5937461073285,67.86078035627929,7,5,3,Sales,99.99209493348468
30,14,2.6273289683767374,1.7749155497037499,4.426797442523209,5.67652525616408,0.9116344456322929,0.8059541190448622,3,27,4,3.4917465755299326,69.02678180625908,7,1,1,Technology,93.09115961767016
29,12,3.912172095159734,2.1090861437696917,6.730045995256799,8.406997838371494,1.401324020029547,1.0299016688049696,5,16,4,4.012313611927859,31.05880906299351,2,2,5,Operations,83.16888804161272
32,18,3.649414873692328,2.3785659718206493,7.492021640959247,8.93216957101501,1.1303375349744802,0.7839856352487671,4,22,4,3.7834494314904252,64.31541670492152,1,6,4,Operations,96.85854698917484
38,17,4.667922616052197,4.667922616052197,11.480121197195668,9.27542792568799,1.5724134395906868,1.0022578860779097,4,34,2,3.5715355541818115,60.810600846537056,3,6,1,Technology,100
43,15,3.953102178030355,2.3584277232226976,8.990378383362597,13.842722890219093,1.301521263806412,1.1693973799505173,5,37,2,3.9237649409226654,67.66001194188951,3,5,3,Operations,94.65361269074256
22,17,3.7013797809442717,1.4098671730105592,5.733102428826567,11.12661621379301,2.5358074730834024,2.283173827115598,5,31,3,4.905857787866191,44.61999851811589,5,8,4,Technology,99.76252617907038
44,17,10.249538233477478,3.482318125033241,13.383409435942491,9.138826693208763,1.5674403646717643,1.4621993785344596,5,37,5,3.3014557398768285,62.26811098050047,3,8,5,Marketing,99.93702875461368
49,16,3.95812215905826,2.10745988870779,6.047569664115205,10.073266891556568,1.2569175732958393,1.3551311606801515,5,53,3,2.6164037281083097,33.36113254688026,11,10,0,Operations,100
25,16,3.837168080001007,2.222821711518931,6.697431944781962,13.66096041063777,1.9382099477170442,1.4273712926542852,6,29,3,3.487051909798793,57.5925174810978,5,5,2,Finance,94.76131828999863
37,16,5.917714169708554,3.3990666687439077,8.213410183246525,11.505480594953204,1.9652362567275399,1.5554133685636982,6,21,5,4.991977767401311,48.263832255895615,5,7,3,Sales,99.98918833108175
41,15,8.300205844943402,6.782796277852285,25.112328430676275,12.233957397451094,2.087568107621441,1.3535172540401204,6,15,4,2.682349285747245,48.99226146446303,4,8,2,Sales,90.90850035832018
22,16,7.903438779840335,3.417023969499088,14.89605604587397,7.954325861944087,1.921074633784875,1.3321718025253737,5,64,3,3.7772535645550023,53.11033307371546,4,7,3,Finance,99.80223310626612
54,17,4.985104069625965,2.1999100069068995,6.25395506654233,14.920331613793826,1.9464154104439575,1.7669176373540825,6,43,5,3.279928329174998,58.79413487904838,6,6,0,Technology,99.92508180041746
32,15,5.210757261705211,2.82070082044413,9.645386622672381,9.393572851372472,1.3229668196642026,1.3481664888134195,6,23,3,2.7048496438173206,44.75851641400579,3,6,3,Operations,89.72442978868914
36,14,6.805261843163569,3.5779459443070754,13.221681231562666,14.949607049008538,1.8391857678644565,1.5147397499117883,6,69,3,4.20520916607043,52.39763258648048,5,8,1,Technology,99.97552192992563
54,15,3.3126082297303334,1.464885250213331,5.915404645078797,10.274995265066341,1.3773783484494337,1.2115414247385603,5,41,4,2.9808400968869035,50.42548079299256,2,2,3,Operations,100
38,18,8.335135922216837,2.9058742840684753,12.41546836646297,8.907038640491812,1.47022064643062,1.3047272111125232,5,40,4,2.1960911003107677,48.39127923664196,2,6,3,Sales,99.14209450766363
22,17,5.4001116770501945,2.259428686875212,9.93675729297825,15.268907204250397,1.886183199100379,1.8347221400144158,8,23,3,3.001954307947551,79.91537507531794,2,6,3,Operations,98.59956966626359
28,15,5.089602453056028,3.3228262872121115,10.368868483278424,9.940545999973152,1.9932519518336584,1.5346934157209728,5,47,2,3.773148221686524,65.9797151462326,3,7,1,Technology,99.73418625167915
42,19,4.551094836165349,2.1997510599835284,7.2933707113689135,9.504755783661073,1.716049783981656,0.936026573686456,4,52,4,3.5197128378748928,80.97214386326789,2,8,2,Marketing,100
41,16,8.194118954204198,3.3065848317530824,13.426520279495064,4.734989376929013,1.0942998616353343,0.6361688724055412,2,70,4,2.987280671409415,34.774030655855576,7,9,2,Sales,99.96245418804652
33,19,4.888834403718648,2.278512576773663,10.251695926904514,7.201749554784044,1.2392453747215073,1.0946579632412037,4,15,4,4.679480772767996,51.126591346844734,3,3,2,Finance,97.13755931400392
28,18,4.029311995628629,2.6909498595165533,7.318592635913898,8.054294136014997,1.258674160900517,0.9157846377905897,4,58,2,2.988849698094408,57.375189034239035,5,7,3,Sales,100
36,13,5.83497739027833,3.6843682329709133,12.292892273845556,13.822851014229983,2.620615208888274,1.8397895516496776,7,38,3,2.48792372955582,81.56470698660578,4,7,3,Sales,97.57075474491349
31,15,5.716602188387929,2.367251139179304,8.812588858437202,9.480512551063915,1.7512011331390354,1.0782862500960135,4,20,3,3.2846054112601712,65.60785445119205,4,5,5,Marketing,79.50044959264144
33,19,5.356410298278525,3.0095858632491512,12.306128207738688,12.011838641465024,1.8125055420685718,1.5854858874146163,6,26,3,5,26.31553433419705,4,5,2,Sales,99.93362294759227
39,15,5.0921404593363055,2.7113248827535146,7.094103118626295,12.297952172150401,1.626427535058221,1.2979802285704871,5,24,4,3.7083825571615003,70.3035335553396,2,5,4,Sales,97.97925053984997
37,19,2.6307315746503406,1.9752279256954743,4.7054120409187306,9.522553762174038,2.0175994750361825,1.3489776586095419,5,34,4,3.4844082805739056,76.43619248448488,3,4,4,Sales,96.91886422531033
36,16,13.805510092123036,4.894009697568147,19.095399944471342,12.729066476779309,2.432939251910207,2.501547738277677,6,43,4,3.5092885086497208,63.93120271798225,5,8,1,Sales,100
45,18,1.8415301289125525,0.8946885474509255,2.681498751161799,7.953005716746099,1.9101962453400092,1.47466993128064,5,15,3,4.36873583426281,90.10157730084518,4,5,2,Finance,89.96655594414867
22,16,4.189892100098209,2.0968108592104877,7.943811815966688,8.309648040277839,1.645666911386937,1.1312566971619566,5,33,3,4.278318149670112,70.06709921434232,4,5,0,Operations,99.92226580880386
31,16,5.037424975952588,2.40901252969662,9.995694909778367,18.87747867140495,2.82535865264492,2.1214823910514657,7,37,4,3.505164018715758,63.42369742727606,5,5,3,Technology,99.92252163699357
35,16,4.391502534078753,1.9059298703641143,7.947372203271568,10.199699267096086,1.4206545420682157,1.1366356064498424,6,36,4,4.104630442822946,61.107670989113785,4,9,3,HR,99.9273432451217
30,17,3.9802567067429933,2.8615397275285033,5.593945577307168,7.564094732964851,1.4868859395222158,1.1744735135610116,4,14,3,3.3167948989828386,54.406884259499456,3,7,3,Technology,83.36131798639202
35,12,9.769029084137566,4.992192630245609,17.532969116442807,10.681998143289299,1.4603580189770238,1.2818283544515856,6,35,5,3.7218641931012866,66.64334788033443,4,9,0,Sales,100
26,16,5.169450388549465,2.7663188914414256,10.123561294444418,9.517302582196475,1.5330045954131137,1.0664819664408334,5,14,3,4.582171624280615,91.40415459888271,5,6,2,HR,80.05215626583677
42,12,11.241981692354255,4.307667846740148,14.147441660559407,18.017678241108502,2.877848832495124,2.379778169556717,7,59,5,2.610105411027127,65.60875673177851,5,8,0,Finance,99.97365845550232
34,13,7.431746461255146,3.8307886563747497,11.070071316758389,8.428728718615858,1.4390099020536378,0.9112259423015214,4,51,4,4.131677458520794,55.55798852382924,3,5,3,Technology,100
34,16,5.8258959531317425,3.298029875453833,12.23181383840716,8.660251609847661,1.2953635815833655,1.1926800258317984,5,46,3,4.09184323311883,48.97658142294685,3,8,3,Sales,100
41,18,11.346930193162935,4.816870863421455,14.35012289717732,8.751177196494048,1.6064720125345122,1.220062403942818,5,24,3,4.816277045166798,70.00867448023135,2,8,5,Finance,100
31,16,4.281853926158171,2.5272555452033587,5.901332356536503,7.242565113603789,1.3222996105841693,1.2797454001796322,3,24,3,3.5926263191973393,69.62535904414659,5,8,1,Operations,93.94723463632145
33,18,2.889820817906604,1.8587193357068623,5.932696452715263,13.238630807424885,1.9253872277023785,1.7160070991548482,5,33,4,3.318426046569336,75.50687472663486,10,4,4,Sales,89.22738552140467
36,12,4.5552702424898515,2.4243766454133433,6.989980336561558,9.541319991872804,1.4816861285243017,1.1843197761442845,4,41,4,3.4117734198561425,54.66790902886859,5,8,1,Operations,99.90009422609879
43,20,2.927628554862181,1.916961954831415,4.339448071162483,9.907354366127247,2.150464238483468,1.3512399522425258,5,39,3,3.186433609191412,46.437499020577356,6,5,0,Sales,99.98217716992563
38,18,9.801322913098364,3.9879760216433033,15.277978252987426,7.179696114343222,1.1035864670945599,0.8510214732172121,3,43,4,4.00402231766998,60.549012355318524,3,7,3,Finance,99.83382226968556
49,16,7.994821450895143,3.5411013520658723,12.025788189685313,12.189072300704153,1.5571206039546044,1.2464373920824885,5,16,4,2.6171039792390136,41.40514262440046,2,6,2,Technology,85.24695656253182
34,16,3.426660212575081,1.5874291458803578,6.017706684303015,6.747851178999736,0.8112338689173463,0.7322273826123824,3,79,2,3.489089643979727,41.21617234631664,3,7,3,HR,99.94715070274381
35,14,2.4458466089654887,1.5948727861952665,4.200401552814036,16.895436573910946,2.6868654857005843,2.4374500763050233,7,24,4,3.8006124855342813,69.17656505486613,1,7,3,HR,85.50273305453855
36,15,3.669838619748361,2.411357439460569,8.961403341881208,11.58731518683449,1.8078952723081476,1.3970650081365685,6,30,5,3.095030431234537,39.967079949060455,4,8,4,Sales,99.9756149936205
36,16,9.079525673121749,5.710759913769544,21.041762002341304,8.68230481011173,1.696065494648108,1.3428441801371378,5,61,3,3.6715731965068756,62.24617844163414,5,7,5,Technology,99.82448561887367
44,17,5.39526010914269,2.0189601383803097,8.95869701083803,6.538207157448812,0.86262220958745806,0.7701904586467246,3,22,3,4.495901269673992,54.02285526242176,4,5,1,Operations,84.76448465909412
33,19,2.2496548084090957,1.6882661934784458,6.7769172322314395,4.589336356452798,0.8989757975033524,0.5089061364792246,2,24,4,3.302823522099679,33.69326265438875,5,4,4,Marketing,95.47540345366527
42,14,4.440468932588983,1.8187805342959389,5.982064990501967,11.745787351092707,1.760667152873527,1.6159388250503832,6,25,3,4.111273924263893,59.90922913879116,5,5,5,HR,86.30472448499654
28,17,2.744764676703212,1.862176468855699,5.48199950687902,9.069540146698825,1.4007791456852114,0.9679861947383515,5,34,4,4.539857891885592,78.77418321471266,4,6,3,Finance,92.61417396059235
32,16,8.370280688030041,3.1288589594027783,13.505919829679112,13.222568287304965,1.815218537695844,1.7281610969098966,5,57,3,4.094285990686699,55.49463998755509,1,8,3,Operations,99.89308635860081
26,17,9.685433369213513,4.941400305579123,20.658888191851904,12.582439762492793,1.846074865506505,1.4907141744308605,6,22,4,2.9805741789019478,48.61527244137168,3,4,2,Technology,97.89803243866645
22,19,5.712075450876411,2.9879948805384773,9.585200967537268,12.234224514787735,2.16046802710253,1.6587072612933051,6,27,4,3.3035939829625702,72.1793369495083,4,6,5,Technology,100
33,20,6.645664646306522,5.5959077306527885,11.714013410464005,9.463931111853093,1.4716186563700584,0.9018802214342169,5,30,4,5,60.18465929280609,3,3,4,HR,95.78286183227453
39,15,10.372083067805312,5.078430124970915,17.346678502852075,10.941331597360746,2.3885875525743567,2.132103176294738,6,26,3,3.4837709498681675,55.84615197523264,3,6,0,Technology,98.91029387893255
26,17,4.868593234196314,2.8964772722236676,8.732233531492573,12.006231938190165,1.6722474135538952,1.2740231199478214,5,33,3,3.0941401085260614,31.973528017366718,5,7,4,Finance,99.94500682846467
22,17,6.0970167896125735,2.3966810393035796,10.462267766519798,14.633866418506457,2.5256802949519446,1.8676347166887628,6,44,3,2.9084930305068863,51.744899558478394,6,7,5,Sales,99.98029255988547
44,13,3.659810514568366,2.1802383351990575,7.092104685761263,14.35380101955766,2.1287923456667617,2.0319091258567563,7,20,3,4.319206073101623,57.12055316402171,2,4,0,Sales,94.71052125466109
34,16,11.14846705416817,4.178401690407945,21.54514069705394,10.156359684355056,1.8187805486189565,1.7264559368196575,6,16,4,2.3962577046578146,52.44232083844951,1,4,1,Operations,93.8340311539506
32,20,5.797927711779515,3.1724842052363185,11.319029194537832,11.95814171818529,1.9778614240325934,1.8197806650083779,6,40,3,3.5751645701565336,69.39769054620574,7,7,5,Marketing,100
34,16,6.302364385009656,3.70260314797041,11.390815659272134,9.889387950947441,1.272914483808742,1.032907906472658,5,30,3,4.907915494372276,53.59360733168214,4,7,5,Technology,100
48,19,4.262667703734705,2.4299309806726868,7.274778400305077,12.823593254431271,2.138306590055076,1.6459109769673361,7,8,4,3.317114506542661,40.932234300631954,4,5,4,Operations,94.96149107289548
27,14,4.327519913320412,3.062632614147074,8.986090453248295,16.855603022655814,2.7030926509301914,2.7195523648459914,6,25,3,4.414081651558711,58.98712673773998,5,5,4,Finance,88.83949780440426
35,15,4.910130430167147,3.1984268667188847,7.708326187781307,11.085294422719624,2.2334421786831684,1.8772827976658566,6,42,4,3.795485881454703,35.956748648412514,4,10,0,Marketing,99.89665019441095
32,17,7.115069184838319,3.2163386395070948,14.168874053785562,11.753244638419337,1.7602550007696003,1.2788167744180048,4,19,4,3.8083124873363867,65.90074495665137,4,5,4,Operations,97.66439206985403
41,18,3.604269106062403,1.7345013926635484,4.882139780330734,14.051724536422046,1.636338454798328,1.5131657396576004,5,73,4,4.308316296224141,65.97161352346093,3,9,2,Finance,99.98998152421062
39,17,5.076401745431607,2.5995904009116866,12.378895144497053,9.658432988905442,1.3002789774400096,1.0014229772315408,4,72,3,3.1081125346652865,54.514033643776614,5,7,0,Technology,100
30,17,7.308868840986813,4.103382916818528,9.868702161054241,9.608228088373911,1.7824624131989395,1.3940534155818778,5,51,3,2.909781040805381,45.15075281791319,3,7,1,Finance,99.87837250585325
52,18,5.761455193807483,3.0973118132284934,10.131162223110787,15.973478469384677,2.7959161744865186,1.8420560918875053,7,33,5,4.410381285132316,56.826379384716525,5,6,3,Finance,100
22,18,4.616512616847579,2.2780604014795607,10.851704743234,12.997310984651486,2.101020725708918,1.955224204336688,6,29,3,4.273127428539401,73.40025974541766,5,5,4,Finance,97.58114538109163
30,17,2.397199994989095,1.2225680772883396,2.4601773913056353,5.7483496202027045,0.9945564532336529,0.7648820527620439,3,26,3,3.90298965501514,77.15043903083861,4,5,2,Operations,81.67661829657824
22,20,12.207452546773304,5.291688795918458,18.376868578639357,13.689720157864375,2.147603799432142,1.7196877906217318,6,20,2,2.8357296275689965,66.02938392207861,2,9,5,Operations,99.88885939948521
25,18,10.279930664468417,3.515711157377505,11.037236526366359,4.745081101048769,0.8839137055629692,0.6158661237408127,3,22,4,3.492799376835919,56.180716743884105,9,5,4,Finance,99.99159303229045
34,13,5.234467723271653,2.5809113127959264,5.97559051317469,7.420648980719727,1.3056971750667636,0.8632379496634457,5,20,4,3.594368016727498,54.071673212443265,3,4,4,Finance,95.36848231337511
22,16,5.369238318929126,2.288940589479848,7.331513740061752,7.728084063875623,1.1917312542762293,0.8486784241815676,4,32,4,2.4842170109700703,72.73395796909477,7,6,1,Operations,100
40,17,3.8987703509597385,1.7987406935476646,5.534001503361583,20.875207300945036,3.0996233170985246,2.6405568598047573,8,30,3,3.729874250471368,49.625638589632615,10,6,2,Finance,100
39,15,7.193497044025078,3.1999454369204257,10.362324040053812,10.771636500823329,1.3021807998830432,1.169549787345217,5,23,3,3.8398814738894087,56.79293188721021,4,4,2,Technology,84.15142822516452
22,14,7.7014937677148385,4.265291905177293,11.639861746230597,8.965554265145391,1.5357170864463954,1.303458329812613,3,33,5,3.1880813364715626,43.18121489422514,3,6,2,Operations,100
30,13,4.61440605789488,2.365698398646499,7.2425163348968375,12.198215898074775,1.9334667533972225,1.4687980185571403,6,99,3,3.6117507102202366,72.4551059738756,5,9,1,Sales,99.90723293445946
32,12,8.865780440446262,5.79207370513921,14.577822636576043,9.228566485230271,1.558287794430439,1.2012180209754644,5,15,4,4.168263992431758,58.878496225319715,7,9,3,Finance,99.20280039952515
31,12,2.8438435791263967,1.190434969281209,5.154064638187384,5.47389673553897,1.2188331770517975,0.6490257433486039,3,20,4,3.475917037633288,58.47910497373963,3,7,3,Marketing,79.71663075738337
37,16,5.897872421437962,3.6985866558382896,12.460194252690213,23.572140101173325,4.248588552896447,3.514771539901509,8,28,4,3.6899095901295644,47.50426936067814,6,10,3,Marketing,100
37,19,4.026163585646468,2.0182658210781286,7.967503931117625,10.58543817821539,1.5818510625137199,1.301268693722128,5,16,3,2.8080072541427357,59.917458256048185,6,6,5,Technology,89.54906549526531
22,14,2.5030617332809877,1.8031152515553364,5.373462271511544,9.153957535153369,1.2212427507108508,1.1337677726249376,5,32,3,3.9033361860058986,76.38149957570045,5,8,3,Technology,99.9337655333885
34,16,5.950882324290989,3.797411811783905,7.995114822979006,17.695382513152556,2.3447857114243504,1.613857498697686,6,52,3,4.996014828680536,66.37676625002983,1,5,1,Finance,100
37,15,12.503362477635822,3.631709702567638,15.335206830570915,5.308034739578804,0.8583307105838537,0.721936789553247,2,37,4,3.286270697369615,63.47510468004175,6,9,1,Marketing,100
50,14,5.246091513381131,3.1669329993790405,10.197052932365176,5.885100125530927,0.9482885416691145,0.7253907956770185,3,14,3,4.705167991404148,55.446086197370185,5,8,3,Finance,90.59505067804768
27,17,6.973771612687719,3.477089014765488,11.833435040053384,10.681380127410408,1.6813543835827471,1.5272150435850889,5,28,5,3.920055633791208,58.676483801238426,2,5,1,Sales,99.93977184084419
52,15,2.596918853542671,1.087086354047226,4.385795341731614,12.581503198451014,1.4719117336569487,1.3811740677422515,5,21,3,3.908541235596407,61.969185195053946,3,5,0,Operations,87.64779096964205
35,15,5.637964451641487,3.556531830774108,12.257833822450051,8.841789173796862,1.5104574362836716,0.9840254491411787,5,21,3,4.114457505058012,56.98114312347021,7,5,2,Operations,99.7985529521206
42,15,2.180419280063887,1.3892116484973185,4.367897635191992,13.449336602433673,1.5993795584442096,1.9477534439411939,5,42,2,4.507359060572478,62.59880115818074,4,6,5,Technology,99.98883204251287
33,19,5.885375349702112,2.9063602137082474,13.308520797206018,11.969216051786363,1.6490351129638159,1.4233349705091032,5,39,4,3.218350217832619,70.50486166786676,2,6,1,Operations,100
32,13,7.600846103279901,2.509475615043966,9.480753236884606,23.11062411579734,4.458553285939632,3.4793115588090795,9,25,4,3.2992314433286922,21.4529416300531,4,7,4,Marketing,99.9170552739624
43,16,6.353615648113391,3.2858009012542304,10.764819132419387,9.633154926120843,1.5978370206295665,1.06041040053964,4,41,2,3.719132312804856,45.95317362430607,5,5,5,Sales,99.32046191907958
47,12,5.366828537034399,3.001377238346215,10.436043889390396,8.744689711922103,1.110156046441048,1.0177312421599976,4,39,3,3.696685149445866,35.806016913635766,3,7,4,Sales,100
39,17,7.705766761845627,3.0867972576170795,11.142117641713558,12.785106056624832,1.9628118981394036,1.8419209812668451,6,21,5,3.8922981145286166,31.562197921330572,6,7,3,Finance,93.38420435904206
37,18,4.410753132181974,2.3113086990643477,8.538587250305476,8.363675344239125,1.3740279452591364,1.0359680165410077,5,6,3,3.382088009677311,44.40593056118766,5,4,4,Operations,87.75572054277053
37,15,6.916315274732092,3.002540894623115,8.893098272108418,11.82489165741586,1.787936070273494,1.6786185942021283,6,24,3,4.205125463039636,62.16791667492106,7,9,5,Technology,90.11438675974912
43,17,3.4471876321286468,1.9741544037053174,5.611631038597261,11.02621311816277,2.1723044229804485,1.6676465384188166,5,49,4,3.8136325630286283,64.47820667522322,4,6,4,Technology,99.8926155668103
32,20,3.454155782782057,1.6075776380337674,4.8372321999846175,5.9291920113381344,1.0034552977337339,0.938706144094851,3,33,4,2.888669358917557,52.95950987771683,7,4,4,Operations,90.16185662156843
23,18,9.564695687366049,4.91009726858923,17.977226482597036,16.829700905091915,2.5769655084404044,2.2411091866101724,8,57,3,2.098914498710796,77.95913596263694,4,4,4,HR,99.91082091611162
44,15,5.655144019815226,2.265429624664175,7.534502781929213,8.67060181616481,1.1871943022564038,0.9244400118493166,3,34,4,4.017293030973743,62.55219249933715,1,5,4,Technology,99.92838750558369
26,19,7.540998498153387,3.3195425153229206,11.378618148725193,7.7437563973812384,1.256771588083309,0.8879256542609453,3,38,4,3.11457507858906,71.29071007493258,7,9,2,Operations,96.18194778150122
39,18,5.882176842943494,3.5058005413478437,8.944955527231588,13.398678970936798,1.9754178958603419,1.5916897582828275,7,23,4,2.310596047059911,51.214908283025025,2,6,5,Finance,99.9788080684073
22,19,4.873498143738576,2.9050271275088817,9.41748303999985,11.900448806532774,1.9019483405692035,1.5297077657962495,5,22,4,2.7108587865065634,51.23616217162248,2,4,4,Technology,91.29535680657504
44,15,3.5801169607075543,3.093876527740535,8.74370987369627,10.690739621733872,1.6104570812699168,1.3599306809252538,4,39,4,3.7946539684166063,57.430750641589086,6,8,3,Operations,92.24851335778746
33,17,6.358789396684689,4.258073648542756,9.887535012707474,13.875801399749045,2.289334165767932,1.4480888727062642,6,80,3,3.7854970097666807,45.375629508903856,5,6,1,HR,100
31,16,7.810121332828167,3.514358794915539,13.998147641861902,14.727600238129385,2.2250061476356224,2.041470187813356,7,29,3,4.68929156386002,47.992822585660136,0,10,1,Technology,100
33,17,8.171970767281787,4.076316241755938,13.49359954583299,10.812213700048257,1.6917679238719172,1.5376950574326942,6,81,4,3.9164968195795105,67.05212709472512,5,7,4,Marketing,100
39,17,3.126074489919425,1.8297504077805216,6.727418953952192,9.295184116444869,1.5829036030638088,1.2975425600128498,5,41,3,3.370963321898751,72.85562534851499,9,8,4,Marketing,90.58017777387404
35,16,2.8790982923902337,1.408499881123048,3.8714444737912905,11.391913486115845,2.3831192905645993,2.0106377233358543,7,82,3,3.689409880440832,65.09552234514061,2,8,2,Marketing,99.9033977491997
52,13,7.368327137264607,3.4918892760358564,11.955926368886773,15.978703397239961,3.0878694803682216,2.232273328296884,7,15,3,3.011028340727154,52.387899204590134,6,4,1,Marketing,80.31557737249122
36,17,3.898073550804492,1.8926365251760258,5.436680682046067,9.367586295870865,1.4473543858309887,0.816820774667898,4,27,3,3.2989431270272878,92.77540945327398,2,4,4,Technology,81.06366617125738
30,14,4.7237764593655855,2.2631899656047123,8.13845963272233,10.076719315208074,1.549459433765117,1.2677588477808786,4,26,3,3.395964202386096,56.68642604487821,6,8,4,Technology,98.24024779041191
38,12,6.401150815021641,3.6080734577256237,13.82619454259147,20.363367686645795,3.572320548111176,3.109284540280425,7,34,2,4.985519590502592,42.90678079286091,6,8,5,Operations,100
32,16,6.1990591869033365,3.226859902260883,9.825288202596921,12.938030243497309,2.3250522091207726,2.2198966238889186,6,24,4,3.385871260500494,79.42721950820888,3,8,2,Finance,96.39515522775423
53,15,10.111796275376452,4.8294991575156345,14.821113399529283,9.835473979029723,1.133809666884184,1.136490044774232,4,38,3,4.901679845270566,78.72934828796573,2,8,3,Technology,100
30,16,4.546341739933344,2.400765444395575,5.854251914157899,4.977831850966867,0.9249815440634057,0.5496685755811533,2,64,3,4.411023496372182,75.52205183600988,7,5,5,Technology,100
39,18,6.349638189936598,3.186690903585803,10.745962506802112,10.981023815755837,1.3571151349742858,1.036957983180967,4,34,2,2.706354863312875,50.61583774689241,1,6,1,Sales,86.78421310418005
32,17,6.860007219962166,2.224644880277679,8.299249780661588,14.061152911630993,1.8841099969491575,1.4361834523613672,7,25,3,4.528706999516349,58.6880921379856,4,6,3,Operations,85.5441475253979
33,18,5.778698395718152,2.198714121210277,7.464124956750918,12.738968802951932,1.6603171598084776,1.5450309846728354,6,40,3,3.4419962820466683,55.80818250643585,9,7,5,Finance,93.1313326138689
38,15,3.589816388163529,1.5795420607762287,5.842145493342403,7.059851835130924,1.4861696439383887,1.1897292908443995,4,32,4,4.804843462957731,36.3719519099902,1,2,4,Marketing,91.89818654972973
34,18,6.207060814358435,2.2962388857898763,10.343497059513155,10.54817274800328,1.71183661277389,1.3907217931521876,5,27,4,3.501992555632816,15,1,6,3,Technology,99.97578168649905
32,17,7.617541075741178,3.80374754398705,11.703880204260134,8.506581031501556,1.3888152158232827,1.2301169197981519,4,36,4,4.307193443976027,70.38017729313746,4,8,0,Sales,100
28,19,4.413417184826319,2.0857358122540806,6.47141571929576,7.7128237479468424,1.1715412045092197,0.7938907109264287,3,40,5,4.303004652768098,42.15096563136395,6,7,3,Sales,100
32,17,10.400049287712134,4.667750402436684,16.467302810165155,6.345497688325128,0.9992520727095846,0.6921851500439713,2,53,3,4.087500114700658,54.9431020511561,3,5,4,Finance,99.78786968437915
51,18,8.337074854945037,4.802610203877839,14.84468960337506,13.188295496052508,2.154334563402643,1.7849830124918322,6,29,4,4.44491317887377,40.22293652874626,4,8,3,Finance,100
53,14,7.388861791923616,2.8985546240643214,15.467847520227238,12.21901152719171,1.872676247162727,1.1490175932696538,6,59,4,3.986505526638776,64.62956947569438,3,7,4,Operations,99.923969983347
33,14,4.395895750669421,2.806433659433026,8.53740696640517,11.370916069532786,1.8647749836560794,1.5587523065459794,5,44,4,3.9148030829837928,84.33826941284694,4,4,2,Marketing,98.57870453683017
35,17,15.866560182951316,6.725597326055852,30.750360141071035,23.475204648405757,3.808301835553674,3.431344899489892,9,51,3,3.581465989815464,49.607718951834975,4,8,1,Finance,100
37,15,4.105276766883847,2.89885081501346,7.8190377099096535,9.619379712232455,1.906431850832667,1.3758386900894506,6,50,3,4.9908369259734355,47.26919099119655,5,9,5,Finance,98.3484035332989
29,14,5.583602760653831,2.5082710414185136,7.379400160291526,13.898264857844337,2.011831671119456,1.8920525711223035,6,25,2,3.2039434860103855,72.89001034289282,1,7,5,Technology,99.92103488405482
36,20,5.011918987215021,2.2260822612410593,8.022452155441357,11.00836689713201,2.156226423127017,1.597364079671202,5,14,4,2.9681148589329127,36.4086049409422,3,6,0,Marketing,81.8228573575891
34,17,5.278607460192093,1.9191152141322876,8.249619716755612,11.165288794392971,1.7469290277274236,1.5746050008873242,7,38,4,3.897729294311997,38.84545899669818,3,3,1,HR,91.05680278270673
50,18,5.212107491510736,2.1851486623753527,8.388230179361654,8.216330125842717,1.4930610922317877,1.2764484340818363,3,12,3,4.698859678875173,73.10004880820364,2,3,1,Sales,79.4581737212522
30,19,3.916714723213042,1.754896532550663,6.298878182292831,9.282145890891687,1.7094399318450972,1.3729591657369256,6,18,4,3.3058777186181008,63.8864570273272,5,4,5,Sales,100
34,17,4.4770718803768785,2.899627671764231,9.439304156947777,9.599029365707489,1.5670502894353053,0.7940851370888442,4,50,3,4.495214700062025,27.68051077830985,3,8,4,HR,100
23,18,6.138067566142044,2.876251408787866,11.839333549608865,5.258812274809099,1.0142792732409753,0.7281081196197795,2,20,3,4.003358033054395,48.73038199763239,7,6,5,Finance,93.93069335533777
48,17,4.161779305578997,2.0154145546360938,7.928192180879246,8.460353791107323,1.4363768427633714,0.850589739271566,4,15,2,4.198115248578786,37.72077876657345,5,7,2,Sales,87.89554932607926
34,17,6.749870059772503,2.991152419976961,10.48472460921299,10.36418554991529,1.4711344721621622,1.2770951091952814,5,44,3,2.605673781052247,31.45762724946088,8,8,0,Technology,100
24,16,7.121276198482538,3.534335620547959,9.92714851995841,10.836798116134997,1.5764184602642766,1.314910886849711,6,33,4,3.0708563000270677,83.33081528616958,4,6,2,Technology,100
22,17,14.735440755848899,4.87140532941007,16.82250030227367,13.166100537849214,2.4060042783763382,1.811051751387488,7,22,3,2.9177933493431345,54.449277372401845,4,6,1,Finance,100
45,17,3.47699715822629,1.6929012073964251,8.395090683743632,13.372741904788294,2.2125299685060513,2.1784452275282526,6,21,3,4.818220819625847,48.30334973449055,4,7,2,Marketing,99.97687659900714
33,19,6.730110067040405,2.7243260028978273,9.541784486323715,14.376266681150154,2.0809361205646617,2.0749981001447355,7,35,4,3.895016818611427,52.72648440518421,2,6,1,Technology,99.81491315324286
34,19,3.397652605247758,2.0158128729591223,5.388259915794218,10.327343723488967,1.3943452769897104,1.5212090253912403,5,22,2,2.6775592630245137,70.8440549377378,5,6,2,Operations,91.66500704665928
43,16,5.2586766172458805,2.836024045215513,8.0915646739313,11.153308213534299,2.096561953839471,1.6356451769730058,6,60,4,3.9719952668347815,39.8300069015339,2,7,3,Operations,100
44,12,6.139566043639897,2.9119436393381326,18.8979708511852,9.500208359658926,1.4151949511232278,1.3898046651099265,4,27,3,2.8005228037873544,77.9634517039247,1,6,1,Operations,99.91661467000938
29,17,3.3475479345443473,1.5973879462424956,4.5577205075255485,15.607769802787768,2.0060958758208645,1.9272265994545676,8,25,4,2.9555828580274337,77.93566226783435,6,3,5,Technology,87.53564798955814
37,17,8.009993592043354,4.352557317858729,11.649345172115423,9.438575837044096,1.3211669049600596,1.1246456891210606,4,64,4,4.816200256339063,48.19827327043184,4,8,3,Operations,99.94022785584626
36,19,11.749037707905412,4.38570053455955,23.83352560145301,10.808412707456297,1.9124977000163197,1.3815463130477625,5,13,4,4.442737802156007,64.28428882517699,1,4,2,Finance,75.7808666117268
46,15,2.5835637130740685,1.3234502333894012,4.1971455724418405,17.308011893279435,2.675289548391115,2.3802488258272634,7,27,4,3.803377028461524,63.84201054269132,2,6,5,Operations,100
24,15,6.754962600330863,2.8942359334855357,11.437719242513179,6.470551694855139,0.9406643620142602,0.8912562226277354,4,30,3,2.706686539402909,81.28011480844796,4,6,3,Operations,99.27805521329398
33,13,7.278488554231383,3.601383719412816,17.63062194152932,5.692707634382016,0.9352440137827905,0.775430975206932,4,60,3,4.386213573431964,81.69802447014705,3,5,1,Finance,100
41,14,5.5777902375675525,2.9880529063147496,9.09148171071713,16.25592484430417,1.749773171203289,1.4571536652505248,6,47,4,3.4853269911123372,53.57994280035407,4,7,4,Sales,100
22,18,3.8395621422132766,1.485791755603428,5.637559695143748,14.061054861814304,2.066984832470035,1.652231863447476,7,59,4,4.978257493656639,55.87419059275585,5,9,1,Technology,100
34,20,4.434409518311869,2.994047463095453,8.543708198625035,9.785323469567512,1.3534184568952456,1.3312814018699355,5,23,3,2.6002443590038684,67.33835765513945,2,5,4,Technology,99.84519753958547
40,13,5.289413100574863,3.320464077930549,9.214752882999937,10.594259986816423,1.6080783973577544,1.5804712855740914,5,24,2,4.195441351059981,52.571424432550664,1,5,1,Operations,93.47097843200767
39,18,7.321347836444474,2.897415070816311,13.369976385386401,7.6635671340899325,1.3281355145449174,0.8683678284489423,3,22,4,4.001941602087961,60.264191411066676,5,7,4,Operations,92.05570597081982
26,16,5.6577571212893965,4.74363867587547,14.384649926496913,8.43554836860755,1.3609712980169275,1.2750794805707057,5,29,3,4.486776777317201,47.96710680953802,4,6,4,Sales,96.95993833571723
23,15,4.441122533679454,2.9219766513018643,7.639611894859534,15.16521643617185,2.7008286384223665,2.4708147618436924,7,36,3,4.402065072492247,50.1135004516418,4,7,3,Sales,99.97639205234199
39,16,6.739933180686763,4.091041446589534,15.711042882760825,11.430801341237723,2.37153329901556,1.8194570236153027,6,14,4,2.7878302206682894,37.18254127841081,4,5,5,Marketing,85.35177042517293
42,18,8.301263105285056,2.6315225434419878,12.191426638456585,10.250122187360269,1.500674537173928,1.1451696632052535,5,24,3,4.822255063079037,54.904032864305115,3,7,0,Sales,99.86324791915688
48,19,6.11055026846666,3.769965830545764,10.983065823958563,8.472350519303893,1.4989070703811582,0.6621387543702282,4,47,3,2.7282299861157733,56.29421204124976,0,6,0,Technology,98.87862038484765
28,14,11.322772936171868,5.004655338949076,17.43096767421782,9.035621611854875,1.4641378079962533,1.0528763369753666,4,18,4,4.415373328478006,52.00140759158542,4,5,3,Finance,99.75329703224045
33,15,4.811789628133256,2.46301019568926,8.762811737243661,8.598453099891552,1.7227354540972513,1.1830374781623332,4,35,3,3.689430166573142,66.47442496258087,1,4,1,Marketing,99.24002060481735
43,17,4.921212701448387,3.376406232030866,10.49154291884742,11.17718061943264,1.713006412701001,1.7118009005387644,6,53,5,3.104147990402565,71.62233564395856,2,7,5,Operations,100
31,15,6.697090103818673,2.517202010129468,10.762205751209828,9.522022548955915,1.4829355068204209,1.1928245255195586,4,21,5,3.9069657651456757,59.388397546892236,2,6,4,Sales,97.75094354929709
41,14,5.189693486734447,3.119292233123162,9.470158894375434,11.194633827176759,2.223269306747385,1.3717391062825062,6,15,4,4.393962053534004,40.265849205904985,3,6,3,Operations,96.28150615099524
36,15,10.26959760002123,5.837290316977679,15.492406758153159,16.17255016818332,2.2452183587153773,2.076759658076102,7,6,2,3.5988353934654125,40.03147081312441,3,6,4,Marketing,100
45,17,7.1403842370999735,3.0196059997546283,8.222032688541233,10.730554001875067,2.202835890184168,1.5024554440524298,5,27,3,3.698461264629997,56.70878306845203,6,8,4,Technology,94.20284179091533
38,17,5.121343484908173,2.2245240918167606,8.665556350972146,5.73239605066215,1.3289011863467735,0.9214755617516677,3,31,3,2.5741593364687985,68.57342851857628,2,9,3,Sales,90.81637811517604
32,12,4.883010825471117,3.4177462199936737,10.50138859097906,10.71711551997371,1.9708993437037294,1.3961546966608813,4,19,5,3.013185013396042,62.03224949316005,5,7,3,Technology,99.88339941967524
40,17,5.246096138502883,2.764392415754561,13.696726040399183,13.091863794254792,1.8966009940373119,1.377046550730134,6,36,3,4.037169043287335,32.38644775678207,3,6,3,Finance,88.50933446647514
34,15,3.5554754847980656,1.5792942671875223,6.506704286935623,10.090109066999037,1.8352339926485721,1.666310597161797,5,50,3,2.410094765104703,68.04582507754944,4,5,4,Sales,99.95866396366623
43,18,4.825221120803894,2.0202997810971963,6.767906851102165,7.845477102129669,1.2408763978097335,1.1959033239483194,4,30,2,4.468730845282206,93.72364988067797,5,6,1,HR,100
31,16,6.8983634360541854,3.4285923088979735,11.296103073891036,14.301194709414592,1.9653856858733125,1.439443753411153,6,66,4,4.003171204968134,81.32619429632496,4,6,5,Sales,100
27,17,5.974599174337681,3.062682417190511,9.602042901015084,9.123181326167673,1.276011693101744,0.8822476854431874,3,32,2,4.591003486605892,46.21733592913041,4,7,4,Operations,100
35,18,10.344571952707785,5.5676681856728685,14.790889514244213,11.162137868409546,1.8088385579718842,1.3209464054077373,5,6,5,4.093714781121605,62.17609832561606,4,8,3,Finance,99.95990272062119
39,17,5.063332235416435,2.057244842049492,6.176937105188279,5.9450989001175945,0.8880648157093801,0.7546498876919194,2,19,4,4.1047329277869915,63.311629252175585,1,5,1,HR,90.23692462233075
22,14,2.776168605756378,2.1385787065267245,5.1197697798573145,16.390950431923724,2.436391818527286,1.7951953765315485,7,66,4,3.2178325062715922,62.10075035337967,7,7,3,Sales,99.96312884205109
43,17,3.9486733505024056,2.7730381784987825,8.505051333704262,9.186856143059488,1.6278933857285323,1.208661206454523,5,47,3,4.582402937654563,39.406251747456224,7,6,3,Technology,100
22,16,5.073685447325944,2.8413887668591675,11.377282970972727,10.993072548429279,1.8904378631989829,1.5998986414734129,6,35,4,3.524399609856182,49.461049761805526,3,4,3,Technology,99.94212634758476
34,17,4.754556562333155,2.8722333018363657,10.48216643786115,6.479647216951449,1.3179533302498365,0.8762853308559188,4,40,3,3.688986965094553,46.348602204794446,4,5,2,Sales,99.86803976600412
37,18,8.08369013139774,3.7259122900884565,15.247430102556505,9.125231765539748,1.1804879056107107,0.9138744938688907,5,29,3,3.0056104524180105,61.99331079709722,6,6,4,Sales,85.14864178746507
37,15,6.024389412350235,2.7953778404745426,8.908149608963319,12.38573941446015,1.9920004542624203,2.315970639826166,6,47,3,2.811319917651284,72.76440079851471,4,6,3,Finance,100
35,17,6.154873019870665,4.192226191489103,13.713741746140716,11.515291189468396,2.2959809408917033,2.1435809652119597,7,26,4,2.1855027210572917,65.92426253294813,4,8,4,Operations,96.86145065144306
43,17,12.43196500407101,5.215311060857235,16.693410170145135,6.953935095909551,1.1062873572313952,1.0289944431270848,4,41,2,5,72.46565972432879,3,9,3,Technology,98.49444409298484
27,19,7.7875649000204845,4.831845725690496,16.370933031002135,10.55321172567573,1.8283547221746739,1.333736321510022,5,25,5,3.676357456053859,74.660746924257,11,7,3,Marketing,99.94113066156197
38,18,4.486963300117886,2.908828597989448,8.472295077581547,6.851950773262875,1.099877862746207,0.8421106627359487,2,23,4,2.9155854713733755,80.21100629554749,5,6,5,Technology,95.86817664751536
36,12,7.85681056529272,4.088518359748442,9.093491746721726,15.788769223268483,2.355959132591448,1.6716604431157642,7,22,4,4.197057723264978,96.88463045248987,5,6,5,Sales,100
28,16,7.846168197328238,4.5157143207294546,12.246616950370887,17.316911058517224,2.5109963980688854,2.1451511971038277,8,7,4,4.095871450315105,64.522574640591,4,4,5,Sales,85.41957366273918
35,18,4.920267617046409,2.441979182054677,8.25458668061737,7.131484514833986,0.9523827980565331,0.8149852410249385,3,29,3,4.777555023541946,48.88747894466167,5,7,5,HR,90.90305237129054
24,14,5.136145209301193,2.0864129295630423,7.786123023050052,9.270752002343615,1.6491136241424464,1.0720455176464552,4,71,4,4.275563419838263,62.442702640482274,4,6,1,Operations,100
35,12,6.750879678494871,3.59398295896332,16.31607958571174,9.098063046307963,1.9015836940450797,1.2783669146682095,5,41,3,2.598263273646008,51.55828567073605,2,6,4,Sales,93.53030850878022
35,14,7.654946511509088,3.7112503809030666,10.379852292679852,8.004545985473369,1.379001493711382,0.9603255322781858,4,15,3,3.2088644056748437,50.83517426183303,3,7,2,Technology,87.85830354301974
28,14,4.274070239839442,2.2029016221270465,7.462468111465504,10.402049104447293,1.5071297743599028,1.13758869226917,4,63,3,3.5867493536128334,66.49084828921147,2,8,4,Operations,99.96936726263338
29,17,6.236082521208821,3.4009577828822546,13.994007626170845,9.588754809906638,1.4533265824010133,1.1727371822259849,5,18,4,2.9860733852201036,48.036794000953066,4,5,4,Technology,81.156781533645
45,12,3.3269596114719495,1.7545585485175084,8.116779192026387,14.391151328711087,1.9947434643855826,1.6976176413510295,5,75,4,2.813750838298008,52.71049575596068,3,6,4,Finance,99.8728586874786
26,15,4.014006297259728,1.8826151907535982,7.823243390368434,16.393396374399472,2.4152870969940032,2.44044496834428,8,43,2,3.7810785459989043,56.79532400677586,2,4,4,Sales,96.22485595871464
42,17,8.787621715404535,4.815330352541252,14.977831503332379,10.78460579249073,1.2484842885523992,1.0587099687658361,5,21,3,3.596752991430618,33.41826712799458,5,4,2,Operations,99.74698810804878
42,12,5.706084952656913,2.8298022553155815,12.93334017606774,7.950546662123869,1.2032069033572959,1.2305698747005496,5,67,3,3.1858466739016618,61.734353198051814,6,12,5,Marketing,100
35,14,5.939030027644055,2.3095226357610437,8.115148521411323,8.622396748477215,1.3374558217450299,0.9971930510498686,5,18,3,3.4960050837975687,45.0192731538658,3,6,0,Sales,96.75961541099868
35,15,6.677839813143107,3.008541642260565,11.781346713150851,9.920190600163046,1.7531777197375562,1.5399332800966665,6,60,2,3.897650623375027,70.66181949938975,5,7,3,Technology,100
52,16,5.197302407635348,2.5482028073454397,9.586755852963291,8.230094357720306,1.263925438554178,1.08487273176786,3,23,3,4.085052492797111,55.379326729800226,5,6,4,Operations,98.1685591006061
31,14,7.919100076201243,3.7785999116774285,11.160540166968612,13.5176172338447,1.9638278928213382,1.6789366101462593,6,6,3,2.985496061044222,40.98894037361008,6,7,1,Technology,89.35146564308828
41,15,5.580046443082714,2.891123139395273,7.056963850438151,7.57871088977228,1.3607809247811675,0.9169447905037437,4,51,4,3.4991254930232163,41.37407747832759,4,7,1,Operations,100
22,17,5.3380526142415,2.7133577952826573,7.581933709911317,9.89551898521494,1.1258483484114687,1.2301950737624094,4,31,5,4.621430204080038,76.01753574658188,3,8,1,Operations,99.91119401688614
39,18,6.1843720368834205,3.012171994250445,8.666661555259932,6.850868551257272,1.2277725581321062,0.7753433485951524,3,26,3,2.8860646448005918,62.303105437558905,3,6,1,Sales,79.70199945598469
45,13,4.702837398967446,2.312164629859969,8.947260756086726,14.005112424561384,1.9666504972877081,1.6284462848458738,6,62,3,3.415263366664875,67.86545775053013,3,9,2,Marketing,99.78546077649352
32,16,2.9196739637937257,2.182929330094991,7.40997677040961,6.476817539027482,1.270307333258626,1.0632697686848278,4,7,2,3.508558613778823,51.710808216077915,0,3,2,Operations,72.52179770569789
40,15,4.072295631815859,2.7206651147472094,6.586322319637565,16.961540463437778,2.4646692994615957,1.8621689052860542,7,66,4,3.687998464588363,77.39167196402325,4,8,2,Technology,89.49744584182802
27,16,4.016389567913886,2.6002708312846794,8.071647551859497,6.671059067266545,1.2059865543684396,0.8794915780319885,4,44,3,2.2997676011658057,94.51922565038838,1,6,2,Sales,99.92566964776896
36,17,4.330541423106534,1.8923017549934957,5.5228404106898275,6.064798001553486,1.1451791326857856,0.6683729297236719,3,28,4,3.396482122358925,37.58083778718613,4,7,2,Technology,94.91824267802426
30,15,5.772143729073939,2.5454416003976155,9.598907870650077,19.67163326106604,2.871826098351221,2.7446950481674364,8,41,3,2.3096054230695,85.6932188458051,4,8,2,Operations,100
47,17,5.745334417741293,2.790036972340528,10.410291179811807,10.231055352305837,1.551630826419077,1.4974362818077962,5,34,4,4.608623641999294,64.91117121518964,3,4,2,Operations,99.87551300200735
28,19,4.7026273494080355,2.389882331249441,6.842004756424165,7.622183470532936,1.5972519472959494,1.206081128454737,5,49,5,2.303719574852068,62.2402591060121,3,9,3,Sales,99.86153077046865
37,14,3.3102088625916433,1.7507604853878198,4.9641481800771405,11.983337920026948,1.7744898354972063,1.561817596526945,5,32,4,4.973790759528673,45.80640021911085,3,6,2,Technology,95.94792140931474
33,17,3.720513382735614,3.088459494417156,9.139761724774413,7.676891506754246,1.3744249041343466,1.1542908467503912,4,27,4,3.4929459020253666,68.33236858373748,10,9,2,Sales,88.22934884065562
31,18,4.844632638745265,3.015192833822079,7.2120355362424675,6.633988313184287,1.2363748890849198,0.8422121436256945,4,12,3,4.132340202426031,77.91240809075477,6,4,4,Sales,81.90352809427765
40,16,7.008054954779544,3.926986794890646,14.219900915889813,6.962025060830284,1.3341860394718013,1.1128699134317324,3,15,5,3.99728195778504,60.07623540105671,2,7,5,Operations,93.86540651782504
33,17,3.949848281702561,3.19221062144768,8.990642025702003,9.621047423752772,1.7120434648252059,1.092689891146775,6,47,3,3.70480840399898,59.225208576708035,4,7,2,Marketing,99.89144841246465
34,17,9.238250990727673,5.879920605236907,24.81913280275658,10.542303907672396,1.8014071566645389,1.714907732702116,6,25,3,3.403009668806791,41.447455142843616,3,6,1,Operations,100
23,18,7.92055498655882,4.097385111913389,13.7053834592513,6.52138938732105,0.9426920212441148,0.6458466990338331,2,73,5,2.975272495545176,66.427594543204,0,9,2,Operations,100
43,16,2.3549096918397123,1.3229291300160306,4.27364518942937,6.732241455253902,1.2866843159892585,0.8072032994476602,4,34,4,2.5054198947223294,55.31805860883528,5,9,2,Marketing,96.19243083643296
25,20,3.954429592037676,2.113254810844731,7.484775478654435,23.221150807111663,3.0265746889971856,2.6093112340724818,9,33,4,3.0750103739792243,91.51033288541137,3,5,3,Marketing,99.849309484347
45,17,6.497589026849812,2.501059198778944,10.226484289519723,7.69708250585126,1.190355849256674,0.8198064769473393,4,28,3,4.096638026378711,92.3583069394543,5,6,2,Marketing,96.41720906599274
40,17,5.97360136728163,2.842392592257845,8.978217448969646,6.925647778896864,1.183288118771171,0.9603627051576628,4,20,3,3.7930324197640677,78.63501064966907,6,5,3,Finance,98.25265295760204
29,13,3.485860825437799,1.6897994393970635,5.740848774403031,6.933472351538975,1.321880993926989,1.144097983940815,5,27,3,2.7911866582287996,52.24056966981194,4,5,1,HR,96.97051151829446
45,18,4.609254018809321,2.4525263398617896,11.718916842642903,7.823677597126034,1.1423653702287349,0.9537715339952557,5,27,4,3.594806837093082,55.05502920969169,8,7,3,Operations,84.1929100948002
29,17,5.874270263364526,4.986329318750281,12.092388255323009,8.509365289331221,1.3116357512517605,0.9770487809232941,4,37,4,3.188827400131554,65.65855085376691,3,8,3,Technology,100
44,18,8.573547840173928,3.820035796002549,15.988949948632094,11.869540581607257,1.9906640199217256,1.560498114001183,5,58,3,3.890051009152254,65.89164260682286,5,9,1,Finance,100
32,15,8.086690481531225,3.4933310156866986,14.591227902388757,9.336239706992522,1.5560762970729605,1.3380180104222397,5,39,3,3.7038693729522807,61.608493979595146,4,5,3,Finance,97.76856684553715
38,14,4.599703651374567,1.9170365045202409,5.960038752077486,8.28972803301805,0.9734595122108475,0.8391987022063293,3,12,3,3.4074810784351888,63.22338465075434,3,5,4,HR,76.01924315747014
36,14,8.245488052372199,5.889938908558938,13.974665015962765,12.843512418593436,1.976625899405239,1.5567317093299964,6,25,3,3.0217952347836814,69.77071722191539,3,7,2,Sales,94.87089540550386
29,16,5.497766528113426,2.6903144766378735,11.600275755444123,7.98661758484423,1.4190717358270415,0.9478460073362956,4,57,4,3.796669757942078,66.65451115192043,4,5,3,Technology,99.92705252882152
43,14,3.5850972544202127,2.2025578865147915,7.575541037945209,10.833625122072144,1.6397734469790415,1.488578841025614,6,52,3,3.2886028425817475,39.74063951499256,4,5,0,Operations,100
36,15,8.955054889372224,4.40953234332444,13.148354563471234,7.652753491547429,1.4131024456425603,1.0605413001751665,4,23,3,3.3841064740589837,55.759510251492905,3,5,2,Operations,100
32,13,2.741896624199184,2.102519631275643,5.52507730509257,7.616461662041762,1.4988392578495455,0.8927118862762804,4,38,4,4.001814878039934,73.92443813501582,3,5,1,Technology,99.98530105372284
28,15,4.455464077854137,2.912007249694751,8.721068364001999,9.992663246647396,1.6959860355616945,1.702960942562692,6,67,4,2.5983440437179177,73.1096894641989,6,9,2,Operations,99.96539295227015
33,19,6.188619093824398,2.4702778385655377,12.018742528390625,7.215547334061126,1.0467282460382499,1.2153698726293782,3,51,4,3.9136569761333497,48.12938552085639,4,4,5,Operations,100
32,16,2.483103799372061,1.0276683694559376,3.744401592381234,7.791496029076544,1.3038917391719573,1.3818202799407089,5,39,4,5,50.5181926195738,3,4,0,Finance,94.5293565356883
29,18,5.677895051012435,2.3176146048223574,9.91769555705086,9.599956020829005,1.2083738971131734,1.2471619019429412,4,15,4,3.1898756605388114,90.45426928398727,5,6,2,Operations,82.74394470095062
53,16,4.880737548566207,2.0307295611040246,6.928516494711672,9.926125222083638,1.8797026436569293,1.2571740279076375,6,51,4,2.908102006918665,59.422656918492684,6,8,2,Technology,99.87127690451425
34,17,8.03847908204885,4.404937760824538,12.12603599488816,4.51311621966689,0.8470706221470979,0.7298605206784016,1,21,3,3.7942765353298404,55.869075009439456,5,8,3,HR,97.89700866300879
28,13,3.748008062711128,1.5032549490679588,8.508893653776802,10.375307070034445,1.5430683553695561,1.3437727344674328,5,18,1,3.715132264142597,56.26261797619902,3,4,2,Technology,73.10518405066806
22,20,3.6024763636034254,1.9932132089113448,7.775180992348949,8.72664214491166,1.5520062762734037,1.1933633207451908,5,41,3,4.2186000506162795,43.12591491936284,7,7,2,Marketing,100
31,17,5.830758382972851,2.7720998669788792,7.801234566623336,11.870251353206763,1.6963761248173823,1.327758090405377,6,55,4,3.5877007189192063,71.3726533487836,3,9,0,Technology,99.96569568257576
36,16,5.010755810724771,2.4877980671417443,7.306505131923301,7.609955557759669,1.485149945653982,1.1967965910328446,4,33,4,4.106405559195602,48.673345785582406,2,6,4,HR,100
40,19,6.0222961769403,2.7955233310512115,10.117052794612064,4.7375884308661425,0.7135659719357281,0.5925126824158502,1,25,4,4.116135826384517,76.80963452472226,1,6,3,Operations,92.20825696144132
29,19,5.214311084995808,2.3857037753162444,6.545817296487962,5.618280289601645,1.0541446691921708,0.904967085022083,4,25,3,3.8116849816167604,62.383436111152264,1,5,3,Technology,94.02182016283427
47,17,5.9388907715312,2.0943290666371275,7.259348777403656,14.352541191610193,2.109705149353845,1.8262530308946718,6,40,3,3.900485514415868,54.657816665045104,3,6,1,Finance,99.96602481433197
37,15,8.33455266768945,4.4879128361167515,10.60961157459659,11.496092874723013,1.9321884805991159,1.2373256145723144,6,49,3,3.9063123374883464,62.56793265990358,1,8,4,Operations,99.9315484143369
38,16,6.630417557660988,3.016917666813041,12.763378800889125,7.324786221165275,1.3697527964934864,1.138216422081534,4,40,4,4.097080915004472,57.532998779707064,3,7,4,Finance,99.9341485963651
36,20,6.877923082352213,3.829625290437431,12.865796176178184,11.742691135215832,2.1377834392292723,1.7624067503527703,6,24,2,3.059088457130305,82.7324142066196,1,9,3,Technology,94.35811767151912
31,18,4.172735759712343,1.702862282374064,6.072604679402754,13.897532565486706,2.7447622111904013,1.9972991363839465,6,17,3,3.2046703105975904,69.10733002469102,5,6,2,Sales,94.11570650318967
38,14,8.059948154656825,3.9782145649812226,8.059948154656825,8.672578787473613,1.3850204185993584,0.877646559311037,5,21,4,2.8092926339945725,52.75740104384294,6,7,2,Sales,99.94773324408257
41,12,6.187921456810608,2.6876364682616862,12.652231084298508,16.156985924365774,2.630355829319314,2.7196053056387997,8,13,3,3.705729601715331,46.79762716746053,1,7,5,Technology,99.73605591576478
31,15,5.665159301136404,2.7290413743471156,14.934003548353378,7.263680898872512,1.122647092280997,0.7375346245732711,3,38,3,4.18674677291251,54.59472796414755,7,2,2,Sales,88.9018436321718
29,18,6.273374712239079,2.787663219094621,13.300736572399515,6.977089366931475,1.2087552729179951,0.7371726969528455,4,42,5,2.6911837032066734,73.30116347627984,2,4,3,Operations,99.99137541512422
48,16,5.044905578156351,1.716490060300168,6.222271360525391,8.484907363401131,1.2293801206815587,1.0475734077277712,4,33,3,4.173761417917451,37.815158702027944,8,9,1,HR,86.83819388005939
35,19,5.066282282447446,3.5874632559260426,10.508550670618252,7.691578477591569,1.3290238363471403,0.7366627361316551,4,22,4,3.4816316505509617,70.22436226298247,9,4,3,Sales,79.6600286791399
29,18,2.536895435236133,1.4472547441260348,4.349761208745321,17.34180092769929,1.8240144703083443,2.55858509418792,7,40,3,4.008604826596516,47.77299619674899,2,8,0,Technology,99.83023234745556
37,14,6.284205016116822,3.4666141581631646,14.979802492122031,9.22120909392849,1.6706129528020137,1.273137033815141,5,26,4,3.2958528642416494,68.98442048816338,2,4,2,Sales,100
22,14,4.801823199732701,1.8936119878796562,5.959987169856819,8.18182905442112,1.2112127275597966,0.9565956758577927,3,34,3,3.804635492772927,47.65749732831256,4,4,3,Technology,90.43902143772412
41,17,6.204844580067561,2.8251291785032904,14.394256837867836,14.58469288597675,2.886360396452342,2.0501398743349624,7,18,4,3.0042211849241003,90.35454447943198,2,5,3,Finance,85.9482142746406
35,17,4.852502315731669,2.9073316003815606,7.848339502816414,9.33691722762301,1.468893615507569,1.2030660415763144,4,46,4,2.5930279126939393,45.277232214769214,5,6,2,Technology,100
24,17,5.985411598199553,2.3998606140115983,7.760535975040579,4.904577957293223,0.8062417120558881,0.5858791712199698,1,13,4,4.277486465016877,53.36251700586641,7,7,5,Finance,84.67547301198049
25,19,2.6206283220245994,1.4098256424127282,3.2224214019246817,7.143339025609711,1.482636459397356,1.0214556146231921,4,18,3,2.789678862458022,59.72804976963439,5,7,5,Marketing,78.41977375468824
43,15,4.712853202121166,2.268193910302171,5.8665081255506415,10.827597615239643,1.4750136591070613,1.2262858287008058,4,14,4,4.4786173513984195,83.53283865854044,3,7,3,Sales,85.00021748729519
41,20,4.438985724545102,2.0054346827191956,8.332675220642058,9.058307348431759,1.5778124970099014,1.1593209446513064,4,16,2,3.591330320603062,54.71334764992231,2,7,3,Sales,91.45272039519759
33,12,4.627718280193035,2.102863017232814,7.549108781937488,13.489141185122133,2.071798400056324,1.9875316568059738,6,14,5,3.681539144636127,70.48333658289863,1,3,1,Sales,84.31173532299381
32,15,8.114370796539482,4.305353109204184,13.3566079366685,15.701748233831445,2.474732887015215,2.463630198810438,7,26,4,4.182623172236062,83.05578219336168,3,5,4,Sales,98.94750944070007
38,16,3.873605296883818,2.813711395061622,6.8537182947996085,10.00976171785934,1.5135799325885904,1.0608220319597101,5,12,3,4.09256372465539,56.164351269718026,4,6,5,Technology,99.9772865897004
40,17,12.279694395065158,4.08583121645982,16.285117752373658,4.7680160985184905,0.8005788678545666,0.46089155117036107,2,32,3,2.9242657697797423,72.38108902168915,4,5,1,Sales,99.72690159709808
33,19,5.4619027243436715,2.581176826498209,8.312297866138339,10.467185769756261,1.4631173063266094,1.1322586047817047,4,9,4,3.19687515300961,36.62539495366112,9,6,2,Sales,87.03199965010488
43,15,5.3958126133074495,2.2821035664423373,10.299962737173539,14.400531131322625,2.2263739793748143,2.005072048389007,7,24,3,2.8120890246192936,57.578249731896875,5,6,2,Technology,99.91408428352723
42,15,6.44091153280637,2.6654550957937126,8.5584052179402,6.960343128163368,1.565784353662171,1.5207356470038607,3,37,4,3.2033401338471994,56.01779839818845,2,6,1,Technology,90.05625990530156
25,14,11.561346334137376,5.900514343260384,17.62174218336853,14.0048699684979,1.8331552997883322,1.7069834395470083,7,21,4,3.99306425586117,45.87174322902788,4,5,3,Marketing,99.08782183754631
32,15,5.058399580247795,2.888764025723468,12.592033227802885,6.786680879229402,0.9902509462858713,1.012797932737727,4,10,4,3.8940796874283663,41.584523724446576,3,7,0,HR,86.8567220769637
44,16,2.772667972271106,1.5664297437083383,6.701924572213185,11.90080603966771,2.2324303850975586,1.6225988010240482,6,16,2,3.3104537332228254,59.92379646899164,4,3,1,Operations,89.81047054102471
43,15,3.7911044486708416,3.136923705106427,10.322759530951028,13.6358151683071,2.411270216918464,2.4506281219318202,7,15,3,3.181447413117439,69.3331538241242,6,7,2,Operations,92.12018705803673
28,17,5.02789353723194,2.3851796754253822,6.783902363119788,9.471769264111751,1.665656454611931,1.2064885816042745,6,45,4,3.69532956765814,55.445103111931765,4,6,2,Finance,100
36,15,7.483320033526783,3.4125565992431204,12.87017848738759,9.276810492177537,1.3232440108744292,1.2491052863471723,5,43,4,3.292638080016921,52.545576256173696,3,9,5,Sales,100
43,18,3.8426882500935973,1.979487070618704,5.395624338815186,16.165696167365674,2.3190949663134166,1.951907207161678,7,24,4,4.914048709378647,49.87370516979336,3,7,4,Marketing,100
33,16,2.983460406775962,1.8542483716347598,5.136793709755305,20.35398097944059,2.8138316043293483,2.5035070139441515,8,17,4,3.4232570533769784,74.82702537837802,5,6,5,Finance,84.80907880956894
31,17,8.09554500684248,4.08762729900166,11.111207228007858,10.44667996389924,2.0454213240724566,1.3163299472302261,6,33,4,3.4925155077105345,54.939589988600424,3,7,3,Operations,100
34,20,8.37306105428898,4.509195537792414,13.305752332131911,12.910054603608895,1.904222697683564,1.5140888702363917,7,36,3,2.689499853429878,79.1454352596271,4,10,1,Sales,99.92051862096282
28,17,4.95621112287104,2.3065716467176918,11.526813543560632,10.803458247293236,1.72073577385071,1.173376506783982,5,16,3,2.926219305295159,88.01448421870454,2,3,3,Sales,83.38087699964898
37,14,9.615574174541326,5.659168194071185,19.4553700042282,7.4261166889683565,1.3102947753581147,0.9858721642136952,4,21,2,1.7976470290290922,57.48792959713244,5,5,5,Finance,91.61334721951032
38,17,6.747222678674065,2.801157104422892,12.860319700069832,6.2418530845768405,0.9976766770742492,0.8339682937901814,2,47,4,3.5297773220128383,48.02156817935514,3,6,3,Marketing,100
32,17,8.300626968556333,2.6772264872363163,8.809472748077855,7.431281485201886,1.4255293939489349,1.1127763885889297,5,32,3,2.0085537606023687,83.71467072021149,1,3,2,Operations,99.71695667465798
37,13,5.711692532440988,2.6157473972146246,8.117727619916954,5.162653365748008,0.8345364228976289,0.6400715592494423,2,41,3,4.390954108037337,72.69823310814776,4,10,1,Marketing,100
36,19,7.847342298365373,3.379668286052687,13.1996614477887,5.089782465483087,0.7563281144844821,0.6074320844372161,2,69,4,3.203383648677533,50.49562186251112,2,9,4,Sales,100
35,18,3.5270958908844867,1.6237731630179197,7.808483021478559,16.31705228293234,2.7939085350154964,2.608602679903563,7,26,2,3.1082774123985115,48.22522183898316,3,5,2,Sales,91.09475406604706
44,16,5.051075144879157,2.6152718621957254,10.289988260380003,12.88905923429322,2.145543915372284,1.5211004024748649,7,22,2,3.4831517348520658,92.5767038269938,1,5,2,Operations,100
47,17,3.55694524459578,1.2917442465301765,5.855697549388068,15.97353054560751,2.2676476633338063,1.794617496035691,7,30,4,3.877222870443985,58.78379053825448,1,6,5,Sales,98.1013486522595
41,15,7.958900722843224,3.977950066818886,13.824723096470438,15.432967974700029,2.0333920874764813,2.1463560556290497,7,31,3,3.402531521921649,51.81543410023002,4,7,4,Technology,99.22561901256846
22,15,6.3258483152893845,3.281095513848701,9.487271621763007,10.15907203173107,1.5411861061886345,1.1314541459825815,5,24,3,4.32263375181825,51.8206400067125,2,8,3,Marketing,84.48296433102706
44,15,6.578054554492548,3.452805862017736,11.815306739331568,9.79670024978707,1.313068123223452,1.2964127755850747,5,27,4,3.5095570403423553,72.56952402976353,5,4,1,Marketing,96.19254205137594
29,17,5.228002876716872,3.8026333164982753,8.709583920022043,7.019079103837688,1.0934420962277835,1.158444320166799,4,59,4,3.4910282619742343,65.75643177414545,4,6,4,Finance,99.82896797506011
49,19,4.910798021636281,2.2197938523383676,6.8354135915479395,11.608240213309685,2.136260295182589,1.855940450454746,6,19,4,2.5062857595991215,52.20869011405543,6,6,2,Operations,82.7075979546729
43,17,11.157843880380334,3.775382949660113,18.820237458299385,18.571455635297674,3.1971766904412497,2.570372577846982,9,55,5,3.4781684393020313,63.806751810457484,6,7,2,Technology,99.99261652438385
29,15,9.096069190130423,5.1018598481776785,14.757977968253062,14.217559261019822,1.7460771375866493,1.7213042594707932,6,22,3,4.528563261832855,60.6599706168948,1,5,3,HR,98.66855015745531
32,16,5.874356405609697,2.383163098230282,11.420670725121147,7.916278405105873,0.9491841567901826,0.7014566892644424,4,18,4,3.705224052674737,49.069907051221314,5,5,3,HR,81.93593867135044
37,16,7.5605187231816595,3.640905003066643,10.29108236317797,11.274701603449923,1.6037478138957235,1.177740795298724,5,26,3,3.624096893528454,87.35655421231743,5,8,5,Sales,93.78013125313836
31,17,4.444967474062157,1.9626283492633512,9.074373923077374,11.174205772196334,1.877067121318641,0.9457200268345161,5,23,4,4.282939833875851,44.80458559907061,3,7,0,Technology,99.88503417015143
52,16,3.1269875272731054,2.1178820672427707,6.307498016308172,8.591472510606192,1.3867223175153172,1.0486346237250455,5,30,3,4.105541847843498,75.67476079867444,3,6,3,Technology,98.08672897289516
38,16,6.0803754047677625,3.8804889881500335,9.440441551171991,10.013328646135951,1.5571273991998205,1.3560405906932613,5,17,4,3.39326534238993,53.32429350273713,3,9,0,Sales,99.89260261539353
35,19,8.39314716696284,3.6275708799539688,13.735435510267259,12.033757952425363,1.7073820356413114,1.054162917165536,4,30,3,2.3861279143261513,58.1265726190731,5,9,0,Marketing,89.90959843133582
30,16,3.9902269490889086,1.979516122684839,7.349359019565695,9.336796485430098,1.410446262354709,1.1452774899925249,3,26,2,3.3105967779936036,26.273803714963286,2,4,2,HR,74.35351497184084
24,17,7.293492183302248,2.328801967275576,7.793254438782166,12.729858830620854,1.595531422214813,1.66767053242996,6,55,3,3.97358297308537,70.49744247091726,3,6,4,Operations,99.97005127662807
28,13,3.62633744012092,3.2764205444289614,6.109925411932999,11.287789239165127,1.5626376494928798,1.4269446279916462,4,52,5,3.3016209853445297,66.99611090922772,2,5,2,Sales,100
37,17,9.11580236374957,4.596466437259814,24.48255478085581,9.589076724202563,1.5253229130161015,1.157846696506368,5,31,4,3.9638724767768845,59.31706173495887,4,8,1,Finance,99.9757396576135
45,15,9.735994062184396,3.3438392938336063,13.257394276076042,6.992170770694819,1.3266933072232405,0.9409482393066617,4,49,3,4.608046241221377,77.14723066254894,6,5,5,Operations,99.95408977358407
42,15,6.60461510952003,2.9208110008043566,10.100716369874455,9.166467518785986,1.671714520035485,1.2661711848797768,5,55,4,4.40420798081592,68.90110931083844,2,9,3,Sales,99.98798882480334
47,14,6.004222632242488,2.7986465485646446,10.948455485505372,12.788312256713539,1.7193985019791764,1.7260817554768013,6,6,3,2.9186641567133425,63.11099863733505,5,6,3,Sales,90.06484266224669
33,16,3.85985265428122,2.431524521556851,7.73608489629882,5.660824124730386,1.1600089366868838,0.8180528261035924,3,11,2,4.416203428786421,81.6895220666482,5,6,3,Finance,78.18740453360985
27,12,4.473481218369475,1.5841247163590184,5.502976339286145,9.099787540523854,1.435291304970602,1.6904739047052866,5,46,5,4.507253587300933,53.89624603085848,6,6,2,Sales,100
50,14,7.009290740057883,2.8617048083643506,13.131240036360026,8.920911084223272,1.5776121721182488,1.3876412431987475,5,36,4,4.693100037998871,59.60992542997639,8,9,2,Marketing,99.8448962166545
22,16,5.221700991786581,2.4997884986212218,8.477950259446407,5.011973168936072,0.8826757685586208,0.633683496272963,1,53,4,2.4918785943692736,66.24437889891037,3,4,1,Marketing,100
25,18,6.05986036191931,3.2756492422538264,8.857001096950373,9.155186988573416,1.457357264299018,1.3157876236404542,5,30,2,2.320425572625292,59.926786995281695,6,7,5,Sales,88.22853703361197
30,17,3.9723665814107054,2.5959713673076097,7.376178477902989,9.079330379020357,1.7958643651697626,1.478980451323582,5,31,4,4.187528947890668,84.47847896947941,5,4,5,Sales,100
30,14,3.1259597836262487,2.3068458093221125,5.6460735413232435,7.984224135493501,1.6746659034807805,1.411508109713441,4,32,3,4.997580079970864,62.61224525882509,2,5,0,Marketing,100
22,16,9.805055253573139,6.193543692273987,18.10121370180071,4.948585119187951,0.9807539339839153,0.8117651463509936,4,29,2,3.728444120687849,59.01992376761866,1,6,5,HR,98.14883449709133
44,13,3.3802598151324434,2.3885619297507703,6.230140625494615,7.854020994918311,1.225628377174341,0.780575601335395,5,37,3,4.0242596718668455,86.42586606805045,1,4,2,Sales,95.45350838211193
42,18,6.522850060356533,5.4885823967831895,20.457512637243187,9.987253633974117,1.9881208250218365,1.7740039797545446,7,33,3,4.210049438509123,37.62105137329642,6,7,5,Finance,100
46,20,13.890666222650893,5.495326288749962,23.675427315955535,9.6418786908565,1.6917279087465131,1.218635223361943,5,14,3,4.675014092482908,40.621717561912384,2,8,5,Finance,100
26,17,4.972729436143748,1.9991387096626139,5.632010053521287,10.353985830830636,1.5365343121922455,1.4100471370941727,5,30,4,2.4224683933690128,100,4,7,1,Sales,94.96777838386707
30,18,2.317997341128009,1.3752457272664462,5.756813356503769,14.124376331956825,1.970770992458633,2.488352639269666,6,30,3,4.091611246800651,87.37438609194459,3,7,1,HR,92.19387826529967
50,13,8.350887104151425,5.004895476923469,14.840204868543767,7.510355982848246,1.391473685044251,0.9662201532473593,3,48,3,4.096859314731167,67.05390872867446,2,7,2,Technology,100
40,19,5.184761836934378,2.9154864187123253,10.183725247311818,5.610180645445774,0.8973604105601455,0.872759435966077,2,13,3,4.907012595476257,44.400720556046416,2,5,5,Technology,95.29085271973558
34,12,4.795932747359299,2.5061483225043912,9.303246064106386,13.283776358285607,2.3339714588825076,1.4280125490541584,7,31,4,3.9913839706477403,36.667691857074914,4,7,2,Finance,99.8217686925268
27,15,9.816415256073114,4.302713868823739,17.575162425407605,8.49872371818473,1.2306705454207958,1.0835138187030013,4,12,3,3.604625410256165,61.36433459864464,5,8,0,Finance,92.24514114222187
28,18,5.390677057817069,2.601257243681333,13.797336662697061,8.805021841598652,1.6359359016185517,0.9754399071848007,4,22,3,4.493555347973962,40.21581581594632,3,5,1,Sales,98.26080354142701
31,16,3.94862656522489,2.311770506733954,7.782415577480546,5.953731538447345,1.3521135724645779,0.7964846060522479,4,11,4,4.6085745682723465,51.56124489049964,2,6,3,Sales,87.94086084370898
30,15,4.781749854932752,2.692755211572653,6.708254687486185,7.048048463797756,1.0081944906917009,0.8171369351765141,3,18,4,3.709107109970854,60.08517426662414,1,4,3,Marketing,93.98035446869872
32,16,5.9431272273565865,2.0651893902195826,9.158250864881143,8.540459811370908,1.4045752878444848,1.124908580916606,5,71,5,3.211113219577863,55.34310168100613,2,6,1,Sales,99.89880075743017
32,19,3.2989002433302224,1.7867515022950962,5.15761425134156,14.399774511096568,2.495558813642392,1.5515280351632703,6,21,4,3.499519852913612,74.19499711655983,7,8,5,Sales,88.16894739652165
32,15,4.97227943085646,2.2065823547255086,7.969164491105956,7.158787519192791,1.4904160658151802,0.9436638969454484,4,38,4,3.630681950126441,78.97013197877587,5,4,0,Sales,100
37,15,5.131557995435636,2.6823076677082853,9.364142154438655,19.53926421558722,2.3922619478353315,2.330177479261789,6,18,3,3.7828907131327867,46.5580969320878,8,8,1,Technology,99.96134903598622
41,12,5.267390317337189,2.698462590067984,7.203478961072585,8.881850376339145,1.417248160990311,1.1172255020047084,5,26,3,3.5272627771925738,53.66921697163749,3,10,3,Finance,90.46693447375156
31,16,5.782874373589711,4.02742082540909,11.395714161298233,8.718098665406952,1.4071603420139047,1.5016388703250656,5,16,4,3.5766457444570103,60.940029106849835,2,6,2,Sales,92.18230419988365
32,18,10.190081368015134,2.5019352318965975,12.04838149359624,8.285985455757903,1.283683475211686,1.1776325576624573,4,28,4,3.6312528932516788,61.89291486142865,3,9,3,Technology,99.97184312740961
34,13,6.380477775838948,2.8727772628005304,12.394969534115528,8.32357428926049,1.2333731718896124,0.8494871024935641,4,66,4,3.512650700336072,61.15732582028164,1,7,3,Operations,99.96947106842602
32,18,4.192949557279636,2.49249044427017,11.154619481157562,13.51752329302835,2.6405236982701177,1.6050569615843318,6,12,4,3.1026579457877195,64.80484287537844,7,6,3,Technology,94.2230856125121
48,15,6.2175575603962905,2.6961600974180606,7.929133817557618,15.59638546037568,2.6794483639765567,1.9789792349474085,6,15,4,3.4897914516391353,50.23764139939471,2,7,0,Operations,83.63279630286978
32,14,3.2589495872550476,1.5944084262611482,4.2449406974437,12.124349091159251,1.714728305276778,1.4428857634649903,5,15,3,3.6925194661924365,54.28549197003117,6,5,4,Sales,88.30145436040556
37,17,3.7068477693033004,1.7081141835320484,5.351393875642965,7.8997935457770065,1.5127617396074773,1.3121310197257998,5,17,5,4.200587747816617,61.04952298195467,5,7,5,Marketing,71.22086537747356
32,18,3.449738431543664,1.602059448804284,5.8880198041545775,11.933354749249215,1.5364709498593137,1.2873719651055682,5,21,5,3.285337798971153,65.77829420411143,5,3,0,Sales,82.57375629606607
49,16,4.0906127740812614,2.517047609562863,8.120107820756935,9.58487419118095,1.4410199442920382,1.1059005448224928,3,18,3,3.3756259114780702,34.022544025432495,9,6,4,Marketing,98.25508624363563
39,18,4.430431001758782,2.7869353535139303,7.26933477136621,6.918906358477847,1.2302927581212724,0.8614079620193008,2,49,5,2.6037436769805264,72.30693581498643,1,8,4,Finance,88.1842975937609
26,16,10.514739094441218,4.914462334186489,15.921768635508819,8.929881005374385,1.2851394188074856,1.0875509607132843,5,53,4,4.093032893489708,46.37424949197948,2,7,4,Sales,99.95135971233535
39,15,14.290618616681606,5.106334858222846,18.539000094649953,12.490896547257575,1.803952113441286,1.3131075722318115,5,41,3,3.9959530663656833,68.57408028484436,3,9,4,Marketing,98.3065366587388
